transaction_id,location_id,item_sku,item_name,qty,unit_price,discount,payment_type,employee_id,created_at_local,customer_phone
SQ-9001,STORE-01,MUG-CER,Ceramic Mug,1,12.0,0.0,card,EMP-01,2026-06-08T16:55:00,
SQ-9001,STORE-01,GM-8OZ,Ground Medium 8oz,1,6.5,0.0,card,EMP-01,2026-06-08T16:55:00,
SQ-9001,STORE-01,DR-8OZ,Dark Roast 8oz,1,11.0,0.0,cash,EMP-01,2026-06-08T16:55:00,
SQ-9002,STORE-01,GRINDER-01,Burr Grinder,2,42.0,0.0,cash,EMP-07,2026-06-08T11:03:00,
SQ-9002,STORE-01,GM-8OZ,Ground Medium 8oz,2,6.5,0.0,card,EMP-07,2026-06-08T11:03:00,
SQ-9003,STORE-01,MR-12OZ,Medium Roast 12oz,1,15.5,1.55,cash,EMP-11,2026-06-08T08:16:00,
SQ-9003,STORE-01,MUG-CER,Ceramic Mug,1,12.0,0.0,card,EMP-11,2026-06-08T08:16:00,
SQ-9004,STORE-01,MR-12OZ,Medium Roast 12oz,1,15.5,0.0,card,EMP-07,2026-06-08T13:50:00,555-1754
SQ-9004,STORE-01,DR-8OZ,Dark Roast 8oz,1,11.0,0.0,card,EMP-07,2026-06-08T13:50:00,555-1754
SQ-9004,STORE-01,LR-12OZ,Light Roast 12oz,1,15.0,0.0,card,EMP-07,2026-06-08T13:50:00,555-1754
SQ-9005,STORE-03,GM-8OZ,Ground Medium 8oz,1,6.5,0.0,cash,EMP-11,2026-06-08T11:48:00,
SQ-9006,STORE-01,DRIPPER-01,Pour-Over Dripper,2,22.0,0.0,card,EMP-09,2026-06-08T17:28:00,555-2174
SQ-9006,STORE-01,DR-8OZ,Dark Roast 8oz,2,11.0,0.0,card,EMP-09,2026-06-08T17:28:00,555-2174
SQ-9006,STORE-01,DR-12OZ,Dark Roast 12oz,1,16.0,0.0,cash,EMP-09,2026-06-08T17:28:00,555-2174
SQ-9007,STORE-03,MR-12OZ,Medium Roast 12oz,1,15.5,1.55,card,EMP-08,2026-06-08T09:56:00,
SQ-9007,STORE-03,GM-8OZ,Ground Medium 8oz,1,6.5,0.0,cash,EMP-08,2026-06-08T09:56:00,
SQ-9008,STORE-03,GM-8OZ,Ground Medium 8oz,2,6.5,0.0,card,EMP-05,2026-06-08T13:26:00,555-1870
SQ-9008,STORE-03,LR-12OZ,Light Roast 12oz,2,15.0,1.5,card,EMP-05,2026-06-08T13:26:00,555-1870
SQ-9008,STORE-03,MUG-CER,Ceramic Mug,2,12.0,0.0,cash,EMP-05,2026-06-08T13:26:00,555-1870
SQ-9009,STORE-01,DRIPPER-01,Pour-Over Dripper,2,22.0,0.0,cash,EMP-02,2026-06-08T16:27:00,
SQ-9009,STORE-01,GM-8OZ,Ground Medium 8oz,1,6.5,0.0,card,EMP-02,2026-06-08T16:27:00,
SQ-9009,STORE-01,GRINDER-01,Burr Grinder,1,42.0,0.0,card,EMP-02,2026-06-08T16:27:00,
SQ-9010,STORE-02,GRINDER-01,Burr Grinder,1,42.0,0.0,cash,EMP-10,2026-06-08T16:43:00,
SQ-9010,STORE-02,MUG-CER,Ceramic Mug,2,12.0,0.0,card,EMP-10,2026-06-08T16:43:00,
SQ-9011,STORE-02,MR-12OZ,Medium Roast 12oz,1,15.5,1.55,card,EMP-11,2026-06-08T17:47:00,
SQ-9012,STORE-01,DRIPPER-01,Pour-Over Dripper,2,22.0,0.0,card,EMP-01,2026-06-08T11:58:00,
SQ-9012,STORE-01,GRINDER-01,Burr Grinder,2,42.0,0.0,card,EMP-01,2026-06-08T11:58:00,
SQ-9012,STORE-01,LR-12OZ,Light Roast 12oz,2,15.0,0.0,card,EMP-01,2026-06-08T11:58:00,
SQ-9013,STORE-02,MR-12OZ,Medium Roast 12oz,2,15.5,0.0,card,EMP-05,2026-06-08T14:44:00,
SQ-9014,STORE-01,MR-12OZ,Medium Roast 12oz,1,15.5,0.0,card,EMP-10,2026-06-08T14:54:00,555-2145
SQ-9014,STORE-01,LR-12OZ,Light Roast 12oz,2,15.0,0.0,cash,EMP-10,2026-06-08T14:54:00,555-2145
SQ-9014,STORE-01,GRINDER-01,Burr Grinder,1,42.0,0.0,card,EMP-10,2026-06-08T14:54:00,555-2145
SQ-9015,STORE-02,LR-12OZ,Light Roast 12oz,2,15.0,1.5,card,EMP-08,2026-06-08T18:31:00,
SQ-9015,STORE-02,DR-8OZ,Dark Roast 8oz,2,11.0,0.0,card,EMP-08,2026-06-08T18:31:00,
SQ-9016,STORE-03,MR-12OZ,Medium Roast 12oz,1,15.5,1.55,cash,EMP-12,2026-06-08T15:11:00,
SQ-9017,STORE-02,LR-12OZ,Light Roast 12oz,1,15.0,0.0,card,EMP-06,2026-06-08T09:45:00,
SQ-9017,STORE-02,MR-12OZ,Medium Roast 12oz,1,15.5,0.0,card,EMP-06,2026-06-08T09:45:00,
SQ-9018,STORE-02,DR-12OZ,Dark Roast 12oz,1,16.0,0.0,card,EMP-11,2026-06-08T07:15:00,
SQ-9018,STORE-02,MR-12OZ,Medium Roast 12oz,1,15.5,0.0,cash,EMP-11,2026-06-08T07:15:00,
SQ-9019,STORE-03,DRIPPER-01,Pour-Over Dripper,2,22.0,0.0,card,EMP-01,2026-06-08T10:09:00,555-7482
SQ-9019,STORE-03,GRINDER-01,Burr Grinder,2,42.0,0.0,cash,EMP-01,2026-06-08T10:09:00,555-7482
SQ-9019,STORE-03,MR-12OZ,Medium Roast 12oz,2,15.5,0.0,card,EMP-01,2026-06-08T10:09:00,555-7482
SQ-9020,STORE-02,MUG-CER,Ceramic Mug,1,12.0,0.0,card,EMP-04,2026-06-08T13:23:00,
SQ-9020,STORE-02,DR-12OZ,Dark Roast 12oz,1,16.0,1.6,cash,EMP-04,2026-06-08T13:23:00,
SQ-9021,STORE-03,MUG-CER,Ceramic Mug,1,12.0,0.0,card,EMP-10,2026-06-08T12:06:00,
SQ-9022,STORE-02,LR-12OZ,Light Roast 12oz,1,15.0,0.0,card,EMP-07,2026-06-08T16:28:00,
SQ-9023,STORE-02,MUG-CER,Ceramic Mug,2,12.0,0.0,card,EMP-02,2026-06-08T14:55:00,
SQ-9023,STORE-02,DR-12OZ,Dark Roast 12oz,2,16.0,0.0,card,EMP-02,2026-06-08T14:55:00,
SQ-9023,STORE-02,DRIPPER-01,Pour-Over Dripper,2,22.0,0.0,cash,EMP-02,2026-06-08T14:55:00,
SQ-9024,STORE-02,GRINDER-01,Burr Grinder,1,42.0,0.0,card,EMP-06,2026-06-08T15:44:00,
SQ-9025,STORE-03,DR-8OZ,Dark Roast 8oz,1,11.0,0.0,card,EMP-10,2026-06-09T07:45:00,
SQ-9026,STORE-03,DR-12OZ,Dark Roast 12oz,2,16.0,0.0,card,EMP-03,2026-06-09T10:15:00,
SQ-9027,STORE-01,GRINDER-01,Burr Grinder,2,42.0,0.0,card,EMP-11,2026-06-09T08:25:00,
SQ-9027,STORE-01,MR-12OZ,Medium Roast 12oz,1,15.5,1.55,card,EMP-11,2026-06-09T08:25:00,
SQ-9028,STORE-01,LR-12OZ,Light Roast 12oz,2,15.0,0.0,card,EMP-08,2026-06-09T18:27:00,
SQ-9029,STORE-02,GM-8OZ,Ground Medium 8oz,1,6.5,0.0,card,EMP-02,2026-06-09T17:40:00,555-9317
SQ-9029,STORE-02,DR-12OZ,Dark Roast 12oz,2,16.0,1.6,card,EMP-02,2026-06-09T17:40:00,555-9317
SQ-9029,STORE-02,DRIPPER-01,Pour-Over Dripper,1,22.0,2.2,cash,EMP-02,2026-06-09T17:40:00,555-9317
SQ-9030,STORE-02,DR-8OZ,Dark Roast 8oz,1,11.0,0.0,cash,EMP-10,2026-06-09T07:51:00,
SQ-9030,STORE-02,DRIPPER-01,Pour-Over Dripper,1,22.0,0.0,card,EMP-10,2026-06-09T07:51:00,
SQ-9031,STORE-01,DRIPPER-01,Pour-Over Dripper,1,22.0,0.0,cash,EMP-10,2026-06-09T17:58:00,555-8588
SQ-9032,STORE-01,GM-8OZ,Ground Medium 8oz,2,6.5,0.0,card,EMP-02,2026-06-09T16:02:00,
SQ-9032,STORE-01,DR-12OZ,Dark Roast 12oz,1,16.0,0.0,card,EMP-02,2026-06-09T16:02:00,
SQ-9033,STORE-03,DRIPPER-01,Pour-Over Dripper,1,22.0,0.0,card,EMP-09,2026-06-09T12:29:00,
SQ-9033,STORE-03,DR-12OZ,Dark Roast 12oz,1,16.0,0.0,cash,EMP-09,2026-06-09T12:29:00,
SQ-9034,STORE-01,DR-8OZ,Dark Roast 8oz,1,11.0,0.0,card,EMP-08,2026-06-09T13:02:00,
SQ-9034,STORE-01,GRINDER-01,Burr Grinder,2,42.0,0.0,card,EMP-08,2026-06-09T13:02:00,
SQ-9034,STORE-01,GM-8OZ,Ground Medium 8oz,2,6.5,0.0,cash,EMP-08,2026-06-09T13:02:00,
SQ-9035,STORE-01,DR-8OZ,Dark Roast 8oz,1,11.0,0.0,card,EMP-07,2026-06-09T11:40:00,
SQ-9035,STORE-01,MR-12OZ,Medium Roast 12oz,2,15.5,0.0,card,EMP-07,2026-06-09T11:40:00,
SQ-9036,STORE-02,DR-12OZ,Dark Roast 12oz,2,16.0,0.0,card,EMP-01,2026-06-09T11:49:00,
SQ-9036,STORE-02,DR-8OZ,Dark Roast 8oz,2,11.0,0.0,card,EMP-01,2026-06-09T11:49:00,
SQ-9036,STORE-02,DRIPPER-01,Pour-Over Dripper,1,22.0,0.0,cash,EMP-01,2026-06-09T11:49:00,
SQ-9037,STORE-01,LR-12OZ,Light Roast 12oz,1,15.0,0.0,card,EMP-12,2026-06-09T12:34:00,555-1370
SQ-9037,STORE-01,GM-8OZ,Ground Medium 8oz,2,6.5,0.0,card,EMP-12,2026-06-09T12:34:00,555-1370
SQ-9037,STORE-01,DRIPPER-01,Pour-Over Dripper,2,22.0,2.2,card,EMP-12,2026-06-09T12:34:00,555-1370
SQ-9038,STORE-02,GRINDER-01,Burr Grinder,1,42.0,0.0,card,EMP-01,2026-06-09T10:36:00,
SQ-9039,STORE-02,MR-12OZ,Medium Roast 12oz,2,15.5,1.55,card,EMP-03,2026-06-09T07:57:00,555-2104
SQ-9039,STORE-02,LR-12OZ,Light Roast 12oz,1,15.0,0.0,card,EMP-03,2026-06-09T07:57:00,555-2104
SQ-9040,STORE-03,MR-12OZ,Medium Roast 12oz,2,15.5,0.0,card,EMP-11,2026-06-10T16:45:00,
SQ-9040,STORE-03,MUG-CER,Ceramic Mug,2,12.0,0.0,cash,EMP-11,2026-06-10T16:45:00,
SQ-9041,STORE-02,DR-12OZ,Dark Roast 12oz,2,16.0,1.6,cash,EMP-05,2026-06-10T10:52:00,
SQ-9041,STORE-02,MUG-CER,Ceramic Mug,1,12.0,0.0,card,EMP-05,2026-06-10T10:52:00,
SQ-9041,STORE-02,GRINDER-01,Burr Grinder,1,42.0,0.0,card,EMP-05,2026-06-10T10:52:00,
SQ-9042,STORE-01,GM-8OZ,Ground Medium 8oz,2,6.5,0.0,card,EMP-03,2026-06-10T14:04:00,555-3394
SQ-9042,STORE-01,MUG-CER,Ceramic Mug,2,12.0,0.0,card,EMP-03,2026-06-10T14:04:00,555-3394
SQ-9042,STORE-01,GRINDER-01,Burr Grinder,1,42.0,0.0,cash,EMP-03,2026-06-10T14:04:00,555-3394
SQ-9043,STORE-01,DR-12OZ,Dark Roast 12oz,2,16.0,0.0,card,EMP-04,2026-06-10T08:35:00,
SQ-9044,STORE-01,DR-8OZ,Dark Roast 8oz,2,11.0,0.0,card,EMP-02,2026-06-10T07:53:00,
SQ-9044,STORE-01,DRIPPER-01,Pour-Over Dripper,2,22.0,0.0,card,EMP-02,2026-06-10T07:53:00,
SQ-9044,STORE-01,MR-12OZ,Medium Roast 12oz,1,15.5,0.0,card,EMP-02,2026-06-10T07:53:00,
SQ-9045,STORE-01,LR-12OZ,Light Roast 12oz,2,15.0,0.0,card,EMP-06,2026-06-10T16:00:00,
SQ-9045,STORE-01,DRIPPER-01,Pour-Over Dripper,2,22.0,0.0,card,EMP-06,2026-06-10T16:00:00,
SQ-9046,STORE-03,DRIPPER-01,Pour-Over Dripper,1,22.0,0.0,card,EMP-06,2026-06-10T08:14:00,555-6238
SQ-9046,STORE-03,DR-12OZ,Dark Roast 12oz,1,16.0,0.0,card,EMP-06,2026-06-10T08:14:00,555-6238
SQ-9046,STORE-03,MR-12OZ,Medium Roast 12oz,1,15.5,0.0,card,EMP-06,2026-06-10T08:14:00,555-6238
SQ-9047,STORE-02,MUG-CER,Ceramic Mug,1,12.0,0.0,card,EMP-12,2026-06-10T15:34:00,555-3161
SQ-9047,STORE-02,DR-12OZ,Dark Roast 12oz,1,16.0,0.0,card,EMP-12,2026-06-10T15:34:00,555-3161
SQ-9048,STORE-02,DR-8OZ,Dark Roast 8oz,1,11.0,0.0,cash,EMP-11,2026-06-10T16:07:00,
SQ-9049,STORE-03,MR-12OZ,Medium Roast 12oz,2,15.5,0.0,card,EMP-07,2026-06-10T17:24:00,555-6811
SQ-9049,STORE-03,MUG-CER,Ceramic Mug,2,12.0,0.0,card,EMP-07,2026-06-10T17:24:00,555-6811
SQ-9050,STORE-02,LR-12OZ,Light Roast 12oz,2,15.0,0.0,card,EMP-03,2026-06-10T15:56:00,
SQ-9050,STORE-02,MR-12OZ,Medium Roast 12oz,1,15.5,0.0,card,EMP-03,2026-06-10T15:56:00,
SQ-9051,STORE-01,GRINDER-01,Burr Grinder,1,42.0,0.0,card,EMP-09,2026-06-10T07:29:00,
SQ-9052,STORE-01,DRIPPER-01,Pour-Over Dripper,2,22.0,0.0,card,EMP-08,2026-06-10T13:26:00,
SQ-9052,STORE-01,MR-12OZ,Medium Roast 12oz,2,15.5,0.0,card,EMP-08,2026-06-10T13:26:00,
SQ-9052,STORE-01,GRINDER-01,Burr Grinder,1,42.0,0.0,card,EMP-08,2026-06-10T13:26:00,
SQ-9053,STORE-03,DRIPPER-01,Pour-Over Dripper,2,22.0,0.0,card,EMP-10,2026-06-10T10:55:00,
SQ-9053,STORE-03,GM-8OZ,Ground Medium 8oz,1,6.5,0.0,cash,EMP-10,2026-06-10T10:55:00,
SQ-9054,STORE-01,DR-12OZ,Dark Roast 12oz,1,16.0,0.0,card,EMP-10,2026-06-10T15:41:00,
SQ-9054,STORE-01,DR-8OZ,Dark Roast 8oz,2,11.0,0.0,cash,EMP-10,2026-06-10T15:41:00,
SQ-9055,STORE-01,LR-12OZ,Light Roast 12oz,1,15.0,0.0,card,EMP-07,2026-06-10T14:01:00,
SQ-9055,STORE-01,DRIPPER-01,Pour-Over Dripper,1,22.0,0.0,cash,EMP-07,2026-06-10T14:01:00,
SQ-9055,STORE-01,MUG-CER,Ceramic Mug,1,12.0,0.0,card,EMP-07,2026-06-10T14:01:00,
SQ-9056,STORE-02,DR-12OZ,Dark Roast 12oz,1,16.0,1.6,card,EMP-10,2026-06-10T12:39:00,
SQ-9056,STORE-02,MUG-CER,Ceramic Mug,1,12.0,0.0,card,EMP-10,2026-06-10T12:39:00,
SQ-9056,STORE-02,DRIPPER-01,Pour-Over Dripper,2,22.0,0.0,card,EMP-10,2026-06-10T12:39:00,
SQ-9057,STORE-01,MUG-CER,Ceramic Mug,2,12.0,0.0,cash,EMP-05,2026-06-10T18:09:00,
SQ-9058,STORE-02,LR-12OZ,Light Roast 12oz,2,15.0,0.0,cash,EMP-02,2026-06-10T12:45:00,555-0974
SQ-9058,STORE-02,DR-8OZ,Dark Roast 8oz,1,11.0,0.0,cash,EMP-02,2026-06-10T12:45:00,555-0974
SQ-9058,STORE-02,GRINDER-01,Burr Grinder,2,42.0,0.0,card,EMP-02,2026-06-10T12:45:00,555-0974
SQ-9059,STORE-01,LR-12OZ,Light Roast 12oz,2,15.0,0.0,cash,EMP-02,2026-06-10T17:09:00,
SQ-9060,STORE-01,LR-12OZ,Light Roast 12oz,1,15.0,0.0,card,EMP-06,2026-06-10T07:37:00,
SQ-9060,STORE-01,MR-12OZ,Medium Roast 12oz,2,15.5,0.0,card,EMP-06,2026-06-10T07:37:00,
SQ-9061,STORE-01,DR-8OZ,Dark Roast 8oz,1,11.0,0.0,card,EMP-07,2026-06-11T09:39:00,
SQ-9062,STORE-02,DRIPPER-01,Pour-Over Dripper,2,22.0,0.0,card,EMP-02,2026-06-11T18:50:00,
SQ-9062,STORE-02,DR-12OZ,Dark Roast 12oz,2,16.0,0.0,card,EMP-02,2026-06-11T18:50:00,
SQ-9063,STORE-03,MR-12OZ,Medium Roast 12oz,2,15.5,0.0,cash,EMP-03,2026-06-11T07:31:00,
SQ-9064,STORE-02,DR-8OZ,Dark Roast 8oz,1,11.0,0.0,card,EMP-11,2026-06-11T07:17:00,
SQ-9064,STORE-02,LR-12OZ,Light Roast 12oz,1,15.0,0.0,card,EMP-11,2026-06-11T07:17:00,
SQ-9065,STORE-02,MUG-CER,Ceramic Mug,2,12.0,0.0,card,EMP-12,2026-06-11T13:24:00,555-7136
SQ-9065,STORE-02,LR-12OZ,Light Roast 12oz,1,15.0,0.0,card,EMP-12,2026-06-11T13:24:00,555-7136
SQ-9066,STORE-03,DR-8OZ,Dark Roast 8oz,2,11.0,0.0,card,EMP-08,2026-06-11T10:31:00,555-0289
SQ-9066,STORE-03,GRINDER-01,Burr Grinder,1,42.0,0.0,card,EMP-08,2026-06-11T10:31:00,555-0289
SQ-9066,STORE-03,MUG-CER,Ceramic Mug,1,12.0,1.2,card,EMP-08,2026-06-11T10:31:00,555-0289
SQ-9067,STORE-01,DR-12OZ,Dark Roast 12oz,1,16.0,0.0,card,EMP-02,2026-06-11T09:36:00,
SQ-9068,STORE-03,MUG-CER,Ceramic Mug,1,12.0,0.0,card,EMP-08,2026-06-11T08:09:00,
SQ-9068,STORE-03,GRINDER-01,Burr Grinder,1,42.0,0.0,card,EMP-08,2026-06-11T08:09:00,
SQ-9068,STORE-03,DRIPPER-01,Pour-Over Dripper,1,22.0,2.2,card,EMP-08,2026-06-11T08:09:00,
SQ-9069,STORE-01,DR-8OZ,Dark Roast 8oz,2,11.0,0.0,card,EMP-04,2026-06-11T13:50:00,
SQ-9070,STORE-02,LR-12OZ,Light Roast 12oz,1,15.0,0.0,card,EMP-10,2026-06-11T10:45:00,
SQ-9070,STORE-02,MR-12OZ,Medium Roast 12oz,1,15.5,0.0,card,EMP-10,2026-06-11T10:45:00,
SQ-9070,STORE-02,DRIPPER-01,Pour-Over Dripper,2,22.0,0.0,card,EMP-10,2026-06-11T10:45:00,
SQ-9071,STORE-03,MUG-CER,Ceramic Mug,1,12.0,0.0,card,EMP-04,2026-06-11T08:44:00,
SQ-9072,STORE-03,GM-8OZ,Ground Medium 8oz,2,6.5,0.0,card,EMP-04,2026-06-11T13:32:00,
SQ-9072,STORE-03,GRINDER-01,Burr Grinder,2,42.0,0.0,card,EMP-04,2026-06-11T13:32:00,
SQ-9073,STORE-01,GRINDER-01,Burr Grinder,1,42.0,0.0,cash,EMP-12,2026-06-11T07:04:00,
SQ-9074,STORE-01,DR-8OZ,Dark Roast 8oz,2,11.0,0.0,cash,EMP-06,2026-06-11T18:43:00,555-2842
SQ-9074,STORE-01,GM-8OZ,Ground Medium 8oz,2,6.5,0.0,cash,EMP-06,2026-06-11T18:43:00,555-2842
SQ-9074,STORE-01,LR-12OZ,Light Roast 12oz,2,15.0,0.0,card,EMP-06,2026-06-11T18:43:00,555-2842
SQ-9075,STORE-01,DRIPPER-01,Pour-Over Dripper,2,22.0,0.0,cash,EMP-07,2026-06-11T16:10:00,555-2145
SQ-9075,STORE-01,LR-12OZ,Light Roast 12oz,2,15.0,0.0,cash,EMP-07,2026-06-11T16:10:00,555-2145
SQ-9076,STORE-02,LR-12OZ,Light Roast 12oz,1,15.0,0.0,card,EMP-07,2026-06-11T07:55:00,555-3394
SQ-9076,STORE-02,MR-12OZ,Medium Roast 12oz,1,15.5,0.0,card,EMP-07,2026-06-11T07:55:00,555-3394
SQ-9076,STORE-02,DRIPPER-01,Pour-Over Dripper,1,22.0,2.2,cash,EMP-07,2026-06-11T07:55:00,555-3394
SQ-9077,STORE-01,GM-8OZ,Ground Medium 8oz,2,6.5,0.0,cash,EMP-07,2026-06-12T11:21:00,555-6179
SQ-9078,STORE-03,DR-12OZ,Dark Roast 12oz,1,16.0,1.6,card,EMP-03,2026-06-12T18:31:00,
SQ-9078,STORE-03,LR-12OZ,Light Roast 12oz,2,15.0,0.0,card,EMP-03,2026-06-12T18:31:00,
SQ-9079,STORE-01,DR-12OZ,Dark Roast 12oz,1,16.0,0.0,card,EMP-07,2026-06-12T15:31:00,
SQ-9079,STORE-01,LR-12OZ,Light Roast 12oz,2,15.0,0.0,card,EMP-07,2026-06-12T15:31:00,
SQ-9080,STORE-03,MUG-CER,Ceramic Mug,2,12.0,1.2,cash,EMP-12,2026-06-12T11:21:00,
SQ-9081,STORE-02,MUG-CER,Ceramic Mug,2,12.0,0.0,card,EMP-12,2026-06-12T13:15:00,555-3394
SQ-9082,STORE-03,MR-12OZ,Medium Roast 12oz,1,15.5,0.0,card,EMP-06,2026-06-12T12:44:00,555-5865
SQ-9082,STORE-03,MUG-CER,Ceramic Mug,2,12.0,0.0,card,EMP-06,2026-06-12T12:44:00,555-5865
SQ-9082,STORE-03,GM-8OZ,Ground Medium 8oz,2,6.5,0.0,card,EMP-06,2026-06-12T12:44:00,555-5865
SQ-9083,STORE-02,DRIPPER-01,Pour-Over Dripper,2,22.0,2.2,cash,EMP-09,2026-06-12T09:39:00,
SQ-9083,STORE-02,GM-8OZ,Ground Medium 8oz,1,6.5,0.0,card,EMP-09,2026-06-12T09:39:00,
SQ-9084,STORE-03,MR-12OZ,Medium Roast 12oz,1,15.5,0.0,cash,EMP-01,2026-06-12T09:23:00,
SQ-9084,STORE-03,DR-8OZ,Dark Roast 8oz,1,11.0,0.0,card,EMP-01,2026-06-12T09:23:00,
SQ-9085,STORE-02,MR-12OZ,Medium Roast 12oz,1,15.5,0.0,card,EMP-04,2026-06-12T12:38:00,
SQ-9085,STORE-02,GM-8OZ,Ground Medium 8oz,1,6.5,0.0,card,EMP-04,2026-06-12T12:38:00,
SQ-9085,STORE-02,GRINDER-01,Burr Grinder,1,42.0,0.0,cash,EMP-04,2026-06-12T12:38:00,
SQ-9086,STORE-03,DR-12OZ,Dark Roast 12oz,2,16.0,1.6,cash,EMP-05,2026-06-12T07:19:00,555-8091
SQ-9087,STORE-01,DRIPPER-01,Pour-Over Dripper,1,22.0,0.0,cash,EMP-03,2026-06-12T14:40:00,
SQ-9087,STORE-01,GRINDER-01,Burr Grinder,2,42.0,0.0,cash,EMP-03,2026-06-12T14:40:00,
SQ-9087,STORE-01,LR-12OZ,Light Roast 12oz,2,15.0,0.0,card,EMP-03,2026-06-12T14:40:00,
SQ-9088,STORE-02,MUG-CER,Ceramic Mug,2,12.0,0.0,cash,EMP-09,2026-06-12T07:07:00,555-3394
SQ-9088,STORE-02,DR-8OZ,Dark Roast 8oz,1,11.0,0.0,card,EMP-09,2026-06-12T07:07:00,555-3394
SQ-9089,STORE-02,GM-8OZ,Ground Medium 8oz,1,6.5,0.0,card,EMP-01,2026-06-12T09:20:00,
SQ-9089,STORE-02,LR-12OZ,Light Roast 12oz,1,15.0,0.0,card,EMP-01,2026-06-12T09:20:00,
SQ-9089,STORE-02,DRIPPER-01,Pour-Over Dripper,1,22.0,0.0,card,EMP-01,2026-06-12T09:20:00,
SQ-9090,STORE-03,DR-8OZ,Dark Roast 8oz,2,11.0,0.0,cash,EMP-06,2026-06-12T10:05:00,
SQ-9090,STORE-03,MR-12OZ,Medium Roast 12oz,2,15.5,0.0,cash,EMP-06,2026-06-12T10:05:00,
SQ-9091,STORE-03,LR-12OZ,Light Roast 12oz,2,15.0,0.0,card,EMP-04,2026-06-12T13:44:00,555-0289
SQ-9091,STORE-03,DR-12OZ,Dark Roast 12oz,1,16.0,1.6,card,EMP-04,2026-06-12T13:44:00,555-0289
SQ-9092,STORE-02,MUG-CER,Ceramic Mug,2,12.0,0.0,cash,EMP-03,2026-06-12T07:02:00,555-2374
SQ-9093,STORE-01,GRINDER-01,Burr Grinder,1,42.0,0.0,card,EMP-11,2026-06-12T15:48:00,555-0449
SQ-9093,STORE-01,GM-8OZ,Ground Medium 8oz,1,6.5,0.0,cash,EMP-11,2026-06-12T15:48:00,555-0449
SQ-9093,STORE-01,DR-12OZ,Dark Roast 12oz,1,16.0,0.0,card,EMP-11,2026-06-12T15:48:00,555-0449
SQ-9094,STORE-03,MR-12OZ,Medium Roast 12oz,1,15.5,0.0,card,EMP-03,2026-06-12T12:32:00,
SQ-9094,STORE-03,DR-8OZ,Dark Roast 8oz,2,11.0,0.0,cash,EMP-03,2026-06-12T12:32:00,
SQ-9095,STORE-01,MUG-CER,Ceramic Mug,2,12.0,0.0,card,EMP-06,2026-06-12T10:48:00,
SQ-9096,STORE-02,GRINDER-01,Burr Grinder,1,42.0,4.2,card,EMP-11,2026-06-12T07:28:00,
SQ-9096,STORE-02,DR-8OZ,Dark Roast 8oz,1,11.0,0.0,card,EMP-11,2026-06-12T07:28:00,
SQ-9096,STORE-02,DRIPPER-01,Pour-Over Dripper,1,22.0,0.0,card,EMP-11,2026-06-12T07:28:00,
SQ-9097,STORE-02,GM-8OZ,Ground Medium 8oz,1,6.5,0.0,card,EMP-04,2026-06-12T14:03:00,
SQ-9097,STORE-02,DR-8OZ,Dark Roast 8oz,1,11.0,0.0,card,EMP-04,2026-06-12T14:03:00,
SQ-9097,STORE-02,DRIPPER-01,Pour-Over Dripper,2,22.0,0.0,cash,EMP-04,2026-06-12T14:03:00,
SQ-9098,STORE-03,DRIPPER-01,Pour-Over Dripper,2,22.0,0.0,card,EMP-10,2026-06-12T12:29:00,
SQ-9099,STORE-01,DR-12OZ,Dark Roast 12oz,2,16.0,0.0,card,EMP-01,2026-06-13T08:39:00,555-2146
SQ-9099,STORE-01,GRINDER-01,Burr Grinder,2,42.0,0.0,card,EMP-01,2026-06-13T08:39:00,555-2146
SQ-9099,STORE-01,DRIPPER-01,Pour-Over Dripper,1,22.0,2.2,card,EMP-01,2026-06-13T08:39:00,555-2146
SQ-9100,STORE-03,GM-8OZ,Ground Medium 8oz,2,6.5,0.0,card,EMP-06,2026-06-13T10:27:00,
SQ-9101,STORE-01,DR-12OZ,Dark Roast 12oz,2,16.0,0.0,card,EMP-04,2026-06-13T08:19:00,555-2004
SQ-9102,STORE-01,GM-8OZ,Ground Medium 8oz,2,6.5,0.65,card,EMP-10,2026-06-13T18:15:00,
SQ-9102,STORE-01,LR-12OZ,Light Roast 12oz,1,15.0,1.5,cash,EMP-10,2026-06-13T18:15:00,
SQ-9102,STORE-01,DR-12OZ,Dark Roast 12oz,1,16.0,1.6,cash,EMP-10,2026-06-13T18:15:00,
SQ-9103,STORE-02,DR-8OZ,Dark Roast 8oz,2,11.0,0.0,cash,EMP-10,2026-06-13T13:11:00,
SQ-9104,STORE-01,DRIPPER-01,Pour-Over Dripper,1,22.0,0.0,card,EMP-04,2026-06-13T11:01:00,
SQ-9105,STORE-03,DR-12OZ,Dark Roast 12oz,2,16.0,0.0,card,EMP-08,2026-06-13T13:35:00,
SQ-9106,STORE-02,LR-12OZ,Light Roast 12oz,2,15.0,0.0,cash,EMP-12,2026-06-13T14:34:00,555-8588
SQ-9106,STORE-02,DRIPPER-01,Pour-Over Dripper,2,22.0,0.0,card,EMP-12,2026-06-13T14:34:00,555-8588
SQ-9106,STORE-02,MUG-CER,Ceramic Mug,2,12.0,0.0,cash,EMP-12,2026-06-13T14:34:00,555-8588
SQ-9107,STORE-03,GM-8OZ,Ground Medium 8oz,1,6.5,0.0,card,EMP-07,2026-06-13T15:26:00,
SQ-9108,STORE-03,DR-12OZ,Dark Roast 12oz,2,16.0,0.0,card,EMP-11,2026-06-13T14:28:00,
SQ-9109,STORE-03,LR-12OZ,Light Roast 12oz,1,15.0,0.0,cash,EMP-12,2026-06-13T12:34:00,
SQ-9110,STORE-01,DR-8OZ,Dark Roast 8oz,1,11.0,0.0,card,EMP-09,2026-06-13T13:56:00,555-5377
SQ-9111,STORE-03,DR-8OZ,Dark Roast 8oz,2,11.0,0.0,cash,EMP-06,2026-06-13T10:43:00,
SQ-9111,STORE-03,LR-12OZ,Light Roast 12oz,2,15.0,0.0,card,EMP-06,2026-06-13T10:43:00,
SQ-9112,STORE-03,DRIPPER-01,Pour-Over Dripper,1,22.0,0.0,card,EMP-02,2026-06-13T13:44:00,
SQ-9113,STORE-03,DRIPPER-01,Pour-Over Dripper,1,22.0,0.0,card,EMP-09,2026-06-13T07:57:00,
SQ-9114,STORE-01,DR-8OZ,Dark Roast 8oz,1,11.0,1.1,card,EMP-09,2026-06-13T13:19:00,
SQ-9114,STORE-01,GRINDER-01,Burr Grinder,1,42.0,0.0,card,EMP-09,2026-06-13T13:19:00,
SQ-9114,STORE-01,DRIPPER-01,Pour-Over Dripper,1,22.0,0.0,card,EMP-09,2026-06-13T13:19:00,
SQ-9115,STORE-02,GM-8OZ,Ground Medium 8oz,2,6.5,0.0,cash,EMP-12,2026-06-13T12:42:00,
SQ-9115,STORE-02,LR-12OZ,Light Roast 12oz,2,15.0,0.0,card,EMP-12,2026-06-13T12:42:00,
SQ-9115,STORE-02,MR-12OZ,Medium Roast 12oz,2,15.5,0.0,cash,EMP-12,2026-06-13T12:42:00,
SQ-9116,STORE-02,DR-8OZ,Dark Roast 8oz,2,11.0,0.0,cash,EMP-07,2026-06-13T12:01:00,555-6758
SQ-9116,STORE-02,MR-12OZ,Medium Roast 12oz,1,15.5,0.0,cash,EMP-07,2026-06-13T12:01:00,555-6758
SQ-9116,STORE-02,MUG-CER,Ceramic Mug,1,12.0,0.0,card,EMP-07,2026-06-13T12:01:00,555-6758
SQ-9117,STORE-01,DRIPPER-01,Pour-Over Dripper,2,22.0,0.0,card,EMP-11,2026-06-13T10:46:00,
SQ-9118,STORE-03,DRIPPER-01,Pour-Over Dripper,2,22.0,2.2,card,EMP-09,2026-06-13T14:02:00,
SQ-9118,STORE-03,DR-8OZ,Dark Roast 8oz,1,11.0,0.0,cash,EMP-09,2026-06-13T14:02:00,
SQ-9118,STORE-03,GM-8OZ,Ground Medium 8oz,1,6.5,0.0,cash,EMP-09,2026-06-13T14:02:00,
SQ-9119,STORE-02,DR-12OZ,Dark Roast 12oz,1,16.0,0.0,cash,EMP-09,2026-06-13T18:36:00,
SQ-9119,STORE-02,LR-12OZ,Light Roast 12oz,1,15.0,0.0,card,EMP-09,2026-06-13T18:36:00,
SQ-9119,STORE-02,GM-8OZ,Ground Medium 8oz,1,6.5,0.65,card,EMP-09,2026-06-13T18:36:00,
SQ-9120,STORE-02,DRIPPER-01,Pour-Over Dripper,1,22.0,0.0,card,EMP-04,2026-06-13T08:43:00,555-5766
SQ-9120,STORE-02,DR-8OZ,Dark Roast 8oz,2,11.0,1.1,card,EMP-04,2026-06-13T08:43:00,555-5766
SQ-9121,STORE-01,DRIPPER-01,Pour-Over Dripper,1,22.0,0.0,card,EMP-08,2026-06-13T12:55:00,
SQ-9122,STORE-01,MUG-CER,Ceramic Mug,2,12.0,1.2,card,EMP-08,2026-06-13T18:38:00,
SQ-9122,STORE-01,GRINDER-01,Burr Grinder,1,42.0,0.0,card,EMP-08,2026-06-13T18:38:00,
SQ-9123,STORE-02,DR-8OZ,Dark Roast 8oz,2,11.0,0.0,card,EMP-02,2026-06-13T13:35:00,
SQ-9124,STORE-02,LR-12OZ,Light Roast 12oz,1,15.0,0.0,card,EMP-02,2026-06-14T15:58:00,555-5865
SQ-9125,STORE-02,DR-8OZ,Dark Roast 8oz,1,11.0,0.0,card,EMP-05,2026-06-14T17:34:00,
SQ-9125,STORE-02,GRINDER-01,Burr Grinder,1,42.0,0.0,card,EMP-05,2026-06-14T17:34:00,
SQ-9126,STORE-02,DR-12OZ,Dark Roast 12oz,1,16.0,0.0,card,EMP-01,2026-06-14T09:47:00,
SQ-9126,STORE-02,GM-8OZ,Ground Medium 8oz,1,6.5,0.0,card,EMP-01,2026-06-14T09:47:00,
SQ-9127,STORE-02,DRIPPER-01,Pour-Over Dripper,2,22.0,0.0,card,EMP-04,2026-06-14T10:55:00,
SQ-9128,STORE-01,LR-12OZ,Light Roast 12oz,1,15.0,0.0,card,EMP-09,2026-06-14T13:35:00,
SQ-9129,STORE-01,LR-12OZ,Light Roast 12oz,2,15.0,0.0,card,EMP-02,2026-06-14T14:32:00,
SQ-9129,STORE-01,DR-8OZ,Dark Roast 8oz,1,11.0,0.0,cash,EMP-02,2026-06-14T14:32:00,
SQ-9129,STORE-01,MUG-CER,Ceramic Mug,1,12.0,0.0,card,EMP-02,2026-06-14T14:32:00,
SQ-9130,STORE-02,MR-12OZ,Medium Roast 12oz,1,15.5,0.0,cash,EMP-07,2026-06-14T13:01:00,555-8588
SQ-9130,STORE-02,MUG-CER,Ceramic Mug,1,12.0,0.0,card,EMP-07,2026-06-14T13:01:00,555-8588
SQ-9131,STORE-02,DR-8OZ,Dark Roast 8oz,1,11.0,0.0,card,EMP-07,2026-06-14T08:27:00,
SQ-9132,STORE-02,MUG-CER,Ceramic Mug,2,12.0,0.0,card,EMP-05,2026-06-14T11:25:00,555-2104
SQ-9132,STORE-02,LR-12OZ,Light Roast 12oz,2,15.0,0.0,cash,EMP-05,2026-06-14T11:25:00,555-2104
SQ-9132,STORE-02,MR-12OZ,Medium Roast 12oz,2,15.5,0.0,card,EMP-05,2026-06-14T11:25:00,555-2104
SQ-9133,STORE-02,MR-12OZ,Medium Roast 12oz,1,15.5,0.0,card,EMP-05,2026-06-14T17:17:00,
SQ-9133,STORE-02,LR-12OZ,Light Roast 12oz,2,15.0,0.0,card,EMP-05,2026-06-14T17:17:00,
SQ-9133,STORE-02,GRINDER-01,Burr Grinder,2,42.0,0.0,cash,EMP-05,2026-06-14T17:17:00,
SQ-9134,STORE-03,GM-8OZ,Ground Medium 8oz,2,6.5,0.0,card,EMP-03,2026-06-14T17:12:00,
SQ-9134,STORE-03,DR-8OZ,Dark Roast 8oz,1,11.0,0.0,card,EMP-03,2026-06-14T17:12:00,
SQ-9134,STORE-03,MUG-CER,Ceramic Mug,1,12.0,0.0,card,EMP-03,2026-06-14T17:12:00,
SQ-9135,STORE-03,LR-12OZ,Light Roast 12oz,2,15.0,0.0,cash,EMP-11,2026-06-14T10:13:00,
SQ-9135,STORE-03,MUG-CER,Ceramic Mug,2,12.0,0.0,cash,EMP-11,2026-06-14T10:13:00,
SQ-9136,STORE-03,GRINDER-01,Burr Grinder,2,42.0,4.2,card,EMP-05,2026-06-14T12:09:00,555-5766
SQ-9137,STORE-02,GM-8OZ,Ground Medium 8oz,2,6.5,0.0,card,EMP-09,2026-06-14T14:29:00,
SQ-9137,STORE-02,DRIPPER-01,Pour-Over Dripper,2,22.0,0.0,cash,EMP-09,2026-06-14T14:29:00,
SQ-9137,STORE-02,GRINDER-01,Burr Grinder,1,42.0,0.0,cash,EMP-09,2026-06-14T14:29:00,
SQ-9138,STORE-02,DR-8OZ,Dark Roast 8oz,2,11.0,0.0,card,EMP-01,2026-06-14T08:08:00,555-8588
SQ-9139,STORE-01,DR-12OZ,Dark Roast 12oz,1,16.0,1.6,card,EMP-07,2026-06-14T08:59:00,
SQ-9140,STORE-03,GM-8OZ,Ground Medium 8oz,2,6.5,0.0,card,EMP-04,2026-06-14T18:17:00,555-7482
SQ-9141,STORE-01,GRINDER-01,Burr Grinder,1,42.0,0.0,card,EMP-04,2026-06-14T15:37:00,
SQ-9142,STORE-01,DR-8OZ,Dark Roast 8oz,1,11.0,0.0,card,EMP-05,2026-06-14T08:36:00,
SQ-9142,STORE-01,DR-12OZ,Dark Roast 12oz,1,16.0,0.0,card,EMP-05,2026-06-14T08:36:00,
SQ-9143,STORE-01,GRINDER-01,Burr Grinder,2,42.0,0.0,card,EMP-11,2026-06-14T10:17:00,555-7482
SQ-9143,STORE-01,GM-8OZ,Ground Medium 8oz,1,6.5,0.0,cash,EMP-11,2026-06-14T10:17:00,555-7482
SQ-9144,STORE-03,DR-12OZ,Dark Roast 12oz,2,16.0,0.0,cash,EMP-10,2026-06-14T14:28:00,555-7451
SQ-9144,STORE-03,GM-8OZ,Ground Medium 8oz,2,6.5,0.0,card,EMP-10,2026-06-14T14:28:00,555-7451
SQ-9145,STORE-02,MR-12OZ,Medium Roast 12oz,1,15.5,0.0,cash,EMP-07,2026-06-14T07:31:00,
SQ-9145,STORE-02,LR-12OZ,Light Roast 12oz,1,15.0,0.0,card,EMP-07,2026-06-14T07:31:00,
SQ-9146,STORE-02,DRIPPER-01,Pour-Over Dripper,1,22.0,0.0,card,EMP-04,2026-06-15T12:25:00,555-4064
SQ-9146,STORE-02,DR-12OZ,Dark Roast 12oz,2,16.0,0.0,card,EMP-04,2026-06-15T12:25:00,555-4064
SQ-9147,STORE-02,GRINDER-01,Burr Grinder,2,42.0,0.0,card,EMP-01,2026-06-15T16:22:00,
SQ-9147,STORE-02,MUG-CER,Ceramic Mug,2,12.0,0.0,card,EMP-01,2026-06-15T16:22:00,
SQ-9148,STORE-02,LR-12OZ,Light Roast 12oz,1,15.0,0.0,card,EMP-08,2026-06-15T12:58:00,
SQ-9149,STORE-01,LR-12OZ,Light Roast 12oz,1,15.0,0.0,card,EMP-02,2026-06-15T13:23:00,555-2374
SQ-9149,STORE-01,DR-12OZ,Dark Roast 12oz,2,16.0,0.0,card,EMP-02,2026-06-15T13:23:00,555-2374
SQ-9149,STORE-01,GM-8OZ,Ground Medium 8oz,2,6.5,0.0,card,EMP-02,2026-06-15T13:23:00,555-2374
SQ-9150,STORE-01,DR-12OZ,Dark Roast 12oz,1,16.0,0.0,cash,EMP-04,2026-06-15T13:19:00,555-5766
SQ-9151,STORE-02,DR-8OZ,Dark Roast 8oz,2,11.0,0.0,card,EMP-10,2026-06-15T09:15:00,555-6238
SQ-9151,STORE-02,DR-12OZ,Dark Roast 12oz,1,16.0,0.0,card,EMP-10,2026-06-15T09:15:00,555-6238
SQ-9151,STORE-02,GRINDER-01,Burr Grinder,1,42.0,0.0,card,EMP-10,2026-06-15T09:15:00,555-6238
SQ-9152,STORE-01,DR-12OZ,Dark Roast 12oz,1,16.0,0.0,card,EMP-05,2026-06-15T07:20:00,
SQ-9152,STORE-01,GM-8OZ,Ground Medium 8oz,1,6.5,0.0,card,EMP-05,2026-06-15T07:20:00,
SQ-9152,STORE-01,GRINDER-01,Burr Grinder,1,42.0,0.0,card,EMP-05,2026-06-15T07:20:00,
SQ-9153,STORE-03,MR-12OZ,Medium Roast 12oz,1,15.5,0.0,card,EMP-12,2026-06-15T11:29:00,555-2400
SQ-9154,STORE-01,GRINDER-01,Burr Grinder,2,42.0,0.0,cash,EMP-09,2026-06-15T13:08:00,555-2004
SQ-9154,STORE-01,GM-8OZ,Ground Medium 8oz,2,6.5,0.0,cash,EMP-09,2026-06-15T13:08:00,555-2004
SQ-9155,STORE-02,LR-12OZ,Light Roast 12oz,1,15.0,0.0,card,EMP-09,2026-06-15T15:59:00,
SQ-9155,STORE-02,GRINDER-01,Burr Grinder,2,42.0,0.0,cash,EMP-09,2026-06-15T15:59:00,
SQ-9156,STORE-02,MR-12OZ,Medium Roast 12oz,1,15.5,0.0,card,EMP-06,2026-06-15T13:19:00,
SQ-9156,STORE-02,GRINDER-01,Burr Grinder,2,42.0,0.0,card,EMP-06,2026-06-15T13:19:00,
SQ-9157,STORE-03,GM-8OZ,Ground Medium 8oz,2,6.5,0.0,cash,EMP-04,2026-06-15T11:25:00,555-0449
SQ-9157,STORE-03,MR-12OZ,Medium Roast 12oz,2,15.5,0.0,cash,EMP-04,2026-06-15T11:25:00,555-0449
SQ-9158,STORE-01,GM-8OZ,Ground Medium 8oz,2,6.5,0.65,cash,EMP-11,2026-06-15T13:03:00,555-8091
SQ-9159,STORE-02,MUG-CER,Ceramic Mug,2,12.0,1.2,cash,EMP-10,2026-06-15T17:55:00,
SQ-9159,STORE-02,GRINDER-01,Burr Grinder,1,42.0,0.0,card,EMP-10,2026-06-15T17:55:00,
SQ-9160,STORE-02,GM-8OZ,Ground Medium 8oz,1,6.5,0.0,card,EMP-03,2026-06-15T15:10:00,555-1870
SQ-9160,STORE-02,DR-12OZ,Dark Roast 12oz,1,16.0,0.0,card,EMP-03,2026-06-15T15:10:00,555-1870
SQ-9160,STORE-02,GRINDER-01,Burr Grinder,2,42.0,0.0,card,EMP-03,2026-06-15T15:10:00,555-1870
SQ-9161,STORE-02,DRIPPER-01,Pour-Over Dripper,2,22.0,0.0,card,EMP-10,2026-06-15T12:03:00,
SQ-9162,STORE-03,LR-12OZ,Light Roast 12oz,2,15.0,0.0,cash,EMP-09,2026-06-15T15:46:00,
SQ-9163,STORE-03,GRINDER-01,Burr Grinder,2,42.0,0.0,card,EMP-04,2026-06-15T18:40:00,555-8091
SQ-9164,STORE-02,LR-12OZ,Light Roast 12oz,2,15.0,0.0,card,EMP-04,2026-06-16T07:08:00,555-3529
SQ-9164,STORE-02,MR-12OZ,Medium Roast 12oz,1,15.5,0.0,card,EMP-04,2026-06-16T07:08:00,555-3529
SQ-9165,STORE-01,DRIPPER-01,Pour-Over Dripper,1,22.0,0.0,cash,EMP-02,2026-06-16T11:46:00,
SQ-9166,STORE-01,MUG-CER,Ceramic Mug,2,12.0,0.0,card,EMP-06,2026-06-16T08:42:00,
SQ-9166,STORE-01,GRINDER-01,Burr Grinder,2,42.0,0.0,card,EMP-06,2026-06-16T08:42:00,
SQ-9166,STORE-01,MR-12OZ,Medium Roast 12oz,1,15.5,0.0,card,EMP-06,2026-06-16T08:42:00,
SQ-9167,STORE-02,DRIPPER-01,Pour-Over Dripper,2,22.0,2.2,card,EMP-09,2026-06-16T14:17:00,
SQ-9167,STORE-02,MUG-CER,Ceramic Mug,2,12.0,0.0,card,EMP-09,2026-06-16T14:17:00,
SQ-9168,STORE-03,LR-12OZ,Light Roast 12oz,2,15.0,0.0,cash,EMP-04,2026-06-16T10:54:00,
SQ-9168,STORE-03,DR-12OZ,Dark Roast 12oz,2,16.0,0.0,card,EMP-04,2026-06-16T10:54:00,
SQ-9169,STORE-01,MUG-CER,Ceramic Mug,1,12.0,0.0,cash,EMP-11,2026-06-16T10:10:00,
SQ-9170,STORE-01,DR-8OZ,Dark Roast 8oz,1,11.0,0.0,cash,EMP-06,2026-06-16T13:30:00,
SQ-9170,STORE-01,LR-12OZ,Light Roast 12oz,2,15.0,0.0,cash,EMP-06,2026-06-16T13:30:00,
SQ-9171,STORE-02,MUG-CER,Ceramic Mug,2,12.0,0.0,card,EMP-06,2026-06-16T10:18:00,555-3161
SQ-9172,STORE-01,GRINDER-01,Burr Grinder,1,42.0,0.0,card,EMP-03,2026-06-16T08:50:00,
SQ-9172,STORE-01,MR-12OZ,Medium Roast 12oz,2,15.5,0.0,card,EMP-03,2026-06-16T08:50:00,
SQ-9172,STORE-01,DR-12OZ,Dark Roast 12oz,2,16.0,0.0,card,EMP-03,2026-06-16T08:50:00,
SQ-9173,STORE-03,DR-8OZ,Dark Roast 8oz,2,11.0,0.0,card,EMP-06,2026-06-16T17:58:00,
SQ-9173,STORE-03,DR-12OZ,Dark Roast 12oz,1,16.0,0.0,card,EMP-06,2026-06-16T17:58:00,
SQ-9173,STORE-03,DRIPPER-01,Pour-Over Dripper,1,22.0,0.0,cash,EMP-06,2026-06-16T17:58:00,
SQ-9174,STORE-02,DR-8OZ,Dark Roast 8oz,2,11.0,0.0,cash,EMP-10,2026-06-16T08:17:00,
SQ-9174,STORE-02,GRINDER-01,Burr Grinder,2,42.0,0.0,card,EMP-10,2026-06-16T08:17:00,
SQ-9174,STORE-02,GM-8OZ,Ground Medium 8oz,2,6.5,0.0,card,EMP-10,2026-06-16T08:17:00,
SQ-9175,STORE-01,DRIPPER-01,Pour-Over Dripper,2,22.0,0.0,card,EMP-03,2026-06-16T13:54:00,
SQ-9175,STORE-01,GRINDER-01,Burr Grinder,2,42.0,0.0,cash,EMP-03,2026-06-16T13:54:00,
SQ-9175,STORE-01,MR-12OZ,Medium Roast 12oz,2,15.5,0.0,card,EMP-03,2026-06-16T13:54:00,
SQ-9176,STORE-02,LR-12OZ,Light Roast 12oz,1,15.0,0.0,card,EMP-03,2026-06-16T17:20:00,555-2004
SQ-9176,STORE-02,DR-12OZ,Dark Roast 12oz,1,16.0,0.0,cash,EMP-03,2026-06-16T17:20:00,555-2004
SQ-9176,STORE-02,GRINDER-01,Burr Grinder,1,42.0,0.0,card,EMP-03,2026-06-16T17:20:00,555-2004
SQ-9177,STORE-02,DRIPPER-01,Pour-Over Dripper,1,22.0,0.0,card,EMP-04,2026-06-16T12:44:00,
SQ-9177,STORE-02,MR-12OZ,Medium Roast 12oz,1,15.5,0.0,card,EMP-04,2026-06-16T12:44:00,
SQ-9177,STORE-02,GRINDER-01,Burr Grinder,2,42.0,0.0,card,EMP-04,2026-06-16T12:44:00,
SQ-9178,STORE-02,DRIPPER-01,Pour-Over Dripper,2,22.0,0.0,cash,EMP-07,2026-06-16T08:03:00,555-4647
SQ-9179,STORE-02,MUG-CER,Ceramic Mug,1,12.0,1.2,card,EMP-12,2026-06-17T09:52:00,
SQ-9179,STORE-02,GRINDER-01,Burr Grinder,2,42.0,0.0,cash,EMP-12,2026-06-17T09:52:00,
SQ-9180,STORE-02,DRIPPER-01,Pour-Over Dripper,1,22.0,0.0,card,EMP-04,2026-06-17T09:02:00,
SQ-9180,STORE-02,LR-12OZ,Light Roast 12oz,2,15.0,0.0,card,EMP-04,2026-06-17T09:02:00,
SQ-9180,STORE-02,DR-8OZ,Dark Roast 8oz,2,11.0,1.1,cash,EMP-04,2026-06-17T09:02:00,
SQ-9181,STORE-03,GRINDER-01,Burr Grinder,1,42.0,0.0,card,EMP-05,2026-06-17T10:13:00,555-5377
SQ-9181,STORE-03,GM-8OZ,Ground Medium 8oz,2,6.5,0.0,card,EMP-05,2026-06-17T10:13:00,555-5377
SQ-9181,STORE-03,DRIPPER-01,Pour-Over Dripper,2,22.0,2.2,card,EMP-05,2026-06-17T10:13:00,555-5377
SQ-9182,STORE-01,GRINDER-01,Burr Grinder,1,42.0,0.0,card,EMP-02,2026-06-17T13:37:00,
SQ-9182,STORE-01,MR-12OZ,Medium Roast 12oz,2,15.5,0.0,card,EMP-02,2026-06-17T13:37:00,
SQ-9183,STORE-01,DR-12OZ,Dark Roast 12oz,1,16.0,1.6,cash,EMP-07,2026-06-17T17:57:00,
SQ-9183,STORE-01,GM-8OZ,Ground Medium 8oz,1,6.5,0.0,cash,EMP-07,2026-06-17T17:57:00,
SQ-9184,STORE-01,GRINDER-01,Burr Grinder,2,42.0,0.0,card,EMP-09,2026-06-17T08:51:00,
SQ-9184,STORE-01,DR-12OZ,Dark Roast 12oz,2,16.0,0.0,card,EMP-09,2026-06-17T08:51:00,
SQ-9184,STORE-01,GM-8OZ,Ground Medium 8oz,2,6.5,0.0,card,EMP-09,2026-06-17T08:51:00,
SQ-9185,STORE-02,MR-12OZ,Medium Roast 12oz,2,15.5,1.55,card,EMP-09,2026-06-17T15:46:00,
SQ-9185,STORE-02,DR-12OZ,Dark Roast 12oz,2,16.0,1.6,card,EMP-09,2026-06-17T15:46:00,
SQ-9185,STORE-02,MUG-CER,Ceramic Mug,2,12.0,0.0,card,EMP-09,2026-06-17T15:46:00,
SQ-9186,STORE-03,LR-12OZ,Light Roast 12oz,2,15.0,0.0,card,EMP-04,2026-06-17T11:26:00,555-1370
SQ-9186,STORE-03,DRIPPER-01,Pour-Over Dripper,1,22.0,0.0,card,EMP-04,2026-06-17T11:26:00,555-1370
SQ-9186,STORE-03,DR-12OZ,Dark Roast 12oz,1,16.0,0.0,card,EMP-04,2026-06-17T11:26:00,555-1370
SQ-9187,STORE-02,DRIPPER-01,Pour-Over Dripper,1,22.0,0.0,card,EMP-06,2026-06-17T09:07:00,
SQ-9188,STORE-01,GM-8OZ,Ground Medium 8oz,1,6.5,0.0,card,EMP-07,2026-06-17T12:50:00,555-2400
SQ-9189,STORE-01,MR-12OZ,Medium Roast 12oz,2,15.5,1.55,cash,EMP-09,2026-06-17T09:09:00,
SQ-9189,STORE-01,DRIPPER-01,Pour-Over Dripper,2,22.0,0.0,cash,EMP-09,2026-06-17T09:09:00,
SQ-9189,STORE-01,MUG-CER,Ceramic Mug,1,12.0,0.0,cash,EMP-09,2026-06-17T09:09:00,
SQ-9190,STORE-03,DRIPPER-01,Pour-Over Dripper,2,22.0,0.0,card,EMP-11,2026-06-17T18:44:00,555-2374
SQ-9190,STORE-03,MR-12OZ,Medium Roast 12oz,1,15.5,1.55,card,EMP-11,2026-06-17T18:44:00,555-2374
SQ-9191,STORE-01,GRINDER-01,Burr Grinder,1,42.0,0.0,cash,EMP-11,2026-06-17T16:22:00,555-8588
SQ-9191,STORE-01,MUG-CER,Ceramic Mug,1,12.0,0.0,card,EMP-11,2026-06-17T16:22:00,555-8588
SQ-9192,STORE-03,DRIPPER-01,Pour-Over Dripper,2,22.0,0.0,card,EMP-10,2026-06-17T15:35:00,
SQ-9193,STORE-01,GRINDER-01,Burr Grinder,1,42.0,0.0,card,EMP-04,2026-06-17T16:51:00,555-3394
SQ-9193,STORE-01,LR-12OZ,Light Roast 12oz,2,15.0,0.0,card,EMP-04,2026-06-17T16:51:00,555-3394
SQ-9194,STORE-03,MUG-CER,Ceramic Mug,2,12.0,0.0,card,EMP-03,2026-06-17T11:52:00,
SQ-9194,STORE-03,GRINDER-01,Burr Grinder,1,42.0,0.0,card,EMP-03,2026-06-17T11:52:00,
SQ-9195,STORE-02,DR-8OZ,Dark Roast 8oz,1,11.0,0.0,card,EMP-06,2026-06-17T07:01:00,
SQ-9196,STORE-02,DR-8OZ,Dark Roast 8oz,1,11.0,0.0,card,EMP-06,2026-06-17T08:06:00,
SQ-9196,STORE-02,DRIPPER-01,Pour-Over Dripper,1,22.0,2.2,card,EMP-06,2026-06-17T08:06:00,
SQ-9197,STORE-03,GM-8OZ,Ground Medium 8oz,2,6.5,0.0,cash,EMP-12,2026-06-17T15:58:00,
SQ-9197,STORE-03,DRIPPER-01,Pour-Over Dripper,1,22.0,0.0,cash,EMP-12,2026-06-17T15:58:00,
SQ-9197,STORE-03,MUG-CER,Ceramic Mug,1,12.0,0.0,card,EMP-12,2026-06-17T15:58:00,
SQ-9198,STORE-03,DRIPPER-01,Pour-Over Dripper,1,22.0,0.0,card,EMP-01,2026-06-17T07:08:00,555-2842
SQ-9199,STORE-03,MUG-CER,Ceramic Mug,1,12.0,0.0,card,EMP-04,2026-06-18T08:16:00,555-2931
SQ-9200,STORE-03,MR-12OZ,Medium Roast 12oz,2,15.5,0.0,card,EMP-03,2026-06-18T07:30:00,555-5865
SQ-9200,STORE-03,DRIPPER-01,Pour-Over Dripper,2,22.0,0.0,card,EMP-03,2026-06-18T07:30:00,555-5865
SQ-9200,STORE-03,DR-12OZ,Dark Roast 12oz,2,16.0,0.0,cash,EMP-03,2026-06-18T07:30:00,555-5865
SQ-9201,STORE-01,GRINDER-01,Burr Grinder,2,42.0,0.0,card,EMP-07,2026-06-18T15:18:00,
SQ-9201,STORE-01,GM-8OZ,Ground Medium 8oz,2,6.5,0.0,cash,EMP-07,2026-06-18T15:18:00,
SQ-9201,STORE-01,LR-12OZ,Light Roast 12oz,1,15.0,0.0,cash,EMP-07,2026-06-18T15:18:00,
SQ-9202,STORE-03,DR-8OZ,Dark Roast 8oz,1,11.0,0.0,card,EMP-10,2026-06-18T10:47:00,555-5865
SQ-9203,STORE-01,LR-12OZ,Light Roast 12oz,2,15.0,0.0,card,EMP-11,2026-06-18T10:47:00,555-5766
SQ-9203,STORE-01,DR-8OZ,Dark Roast 8oz,1,11.0,0.0,card,EMP-11,2026-06-18T10:47:00,555-5766
SQ-9204,STORE-02,DR-8OZ,Dark Roast 8oz,2,11.0,0.0,cash,EMP-03,2026-06-18T08:21:00,555-8091
SQ-9204,STORE-02,GRINDER-01,Burr Grinder,2,42.0,0.0,card,EMP-03,2026-06-18T08:21:00,555-8091
SQ-9204,STORE-02,LR-12OZ,Light Roast 12oz,1,15.0,0.0,card,EMP-03,2026-06-18T08:21:00,555-8091
SQ-9205,STORE-01,DRIPPER-01,Pour-Over Dripper,2,22.0,2.2,card,EMP-04,2026-06-18T17:54:00,
SQ-9205,STORE-01,LR-12OZ,Light Roast 12oz,2,15.0,0.0,card,EMP-04,2026-06-18T17:54:00,
SQ-9206,STORE-01,DR-8OZ,Dark Roast 8oz,1,11.0,0.0,card,EMP-04,2026-06-18T18:29:00,
SQ-9206,STORE-01,LR-12OZ,Light Roast 12oz,2,15.0,0.0,cash,EMP-04,2026-06-18T18:29:00,
SQ-9207,STORE-03,MR-12OZ,Medium Roast 12oz,2,15.5,0.0,cash,EMP-05,2026-06-18T08:37:00,
SQ-9207,STORE-03,DRIPPER-01,Pour-Over Dripper,2,22.0,0.0,card,EMP-05,2026-06-18T08:37:00,
SQ-9207,STORE-03,DR-8OZ,Dark Roast 8oz,2,11.0,0.0,card,EMP-05,2026-06-18T08:37:00,
SQ-9208,STORE-01,LR-12OZ,Light Roast 12oz,2,15.0,0.0,card,EMP-09,2026-06-18T17:31:00,
SQ-9208,STORE-01,DR-12OZ,Dark Roast 12oz,2,16.0,0.0,card,EMP-09,2026-06-18T17:31:00,
SQ-9208,STORE-01,DRIPPER-01,Pour-Over Dripper,2,22.0,2.2,card,EMP-09,2026-06-18T17:31:00,
SQ-9209,STORE-01,LR-12OZ,Light Roast 12oz,1,15.0,0.0,card,EMP-11,2026-06-18T11:16:00,
SQ-9209,STORE-01,MUG-CER,Ceramic Mug,2,12.0,0.0,cash,EMP-11,2026-06-18T11:16:00,
SQ-9209,STORE-01,MR-12OZ,Medium Roast 12oz,2,15.5,1.55,card,EMP-11,2026-06-18T11:16:00,
SQ-9210,STORE-01,GM-8OZ,Ground Medium 8oz,1,6.5,0.0,card,EMP-07,2026-06-18T08:46:00,
SQ-9210,STORE-01,DRIPPER-01,Pour-Over Dripper,1,22.0,0.0,card,EMP-07,2026-06-18T08:46:00,
SQ-9211,STORE-01,MR-12OZ,Medium Roast 12oz,2,15.5,0.0,cash,EMP-06,2026-06-18T12:02:00,
SQ-9211,STORE-01,GM-8OZ,Ground Medium 8oz,1,6.5,0.0,card,EMP-06,2026-06-18T12:02:00,
SQ-9212,STORE-03,DRIPPER-01,Pour-Over Dripper,2,22.0,0.0,card,EMP-01,2026-06-18T09:14:00,
SQ-9213,STORE-01,MR-12OZ,Medium Roast 12oz,1,15.5,0.0,card,EMP-03,2026-06-18T17:35:00,
SQ-9214,STORE-02,DRIPPER-01,Pour-Over Dripper,1,22.0,0.0,card,EMP-02,2026-06-18T07:58:00,
SQ-9214,STORE-02,DR-8OZ,Dark Roast 8oz,1,11.0,1.1,card,EMP-02,2026-06-18T07:58:00,
SQ-9215,STORE-03,DRIPPER-01,Pour-Over Dripper,2,22.0,0.0,card,EMP-04,2026-06-18T15:47:00,
SQ-9216,STORE-02,DR-8OZ,Dark Roast 8oz,1,11.0,0.0,card,EMP-06,2026-06-18T10:50:00,
SQ-9217,STORE-01,LR-12OZ,Light Roast 12oz,1,15.0,0.0,card,EMP-06,2026-06-18T13:44:00,
SQ-9217,STORE-01,DR-12OZ,Dark Roast 12oz,2,16.0,0.0,card,EMP-06,2026-06-18T13:44:00,
SQ-9218,STORE-01,MR-12OZ,Medium Roast 12oz,1,15.5,0.0,card,EMP-04,2026-06-18T18:02:00,
SQ-9219,STORE-03,MR-12OZ,Medium Roast 12oz,2,15.5,0.0,card,EMP-01,2026-06-18T14:14:00,
SQ-9220,STORE-02,DR-12OZ,Dark Roast 12oz,2,16.0,1.6,card,EMP-08,2026-06-19T09:44:00,555-3161
SQ-9220,STORE-02,DR-8OZ,Dark Roast 8oz,2,11.0,0.0,card,EMP-08,2026-06-19T09:44:00,555-3161
SQ-9221,STORE-01,LR-12OZ,Light Roast 12oz,2,15.0,0.0,card,EMP-07,2026-06-19T08:09:00,
SQ-9222,STORE-02,MR-12OZ,Medium Roast 12oz,1,15.5,0.0,cash,EMP-09,2026-06-19T09:53:00,
SQ-9222,STORE-02,DRIPPER-01,Pour-Over Dripper,2,22.0,0.0,card,EMP-09,2026-06-19T09:53:00,
SQ-9222,STORE-02,GRINDER-01,Burr Grinder,1,42.0,0.0,card,EMP-09,2026-06-19T09:53:00,
SQ-9223,STORE-02,LR-12OZ,Light Roast 12oz,1,15.0,0.0,card,EMP-10,2026-06-19T15:29:00,
SQ-9224,STORE-03,LR-12OZ,Light Roast 12oz,1,15.0,0.0,card,EMP-10,2026-06-19T14:25:00,
SQ-9224,STORE-03,DR-12OZ,Dark Roast 12oz,1,16.0,0.0,card,EMP-10,2026-06-19T14:25:00,
SQ-9224,STORE-03,GM-8OZ,Ground Medium 8oz,1,6.5,0.0,card,EMP-10,2026-06-19T14:25:00,
SQ-9225,STORE-02,LR-12OZ,Light Roast 12oz,1,15.0,0.0,card,EMP-06,2026-06-19T15:34:00,555-4647
SQ-9225,STORE-02,GRINDER-01,Burr Grinder,1,42.0,0.0,card,EMP-06,2026-06-19T15:34:00,555-4647
SQ-9225,STORE-02,DR-8OZ,Dark Roast 8oz,1,11.0,0.0,cash,EMP-06,2026-06-19T15:34:00,555-4647
SQ-9226,STORE-01,MUG-CER,Ceramic Mug,2,12.0,0.0,card,EMP-02,2026-06-19T13:46:00,
SQ-9226,STORE-01,MR-12OZ,Medium Roast 12oz,1,15.5,1.55,card,EMP-02,2026-06-19T13:46:00,
SQ-9226,STORE-01,DR-8OZ,Dark Roast 8oz,1,11.0,0.0,card,EMP-02,2026-06-19T13:46:00,
SQ-9227,STORE-03,DR-8OZ,Dark Roast 8oz,1,11.0,0.0,card,EMP-12,2026-06-19T07:05:00,
SQ-9227,STORE-03,DR-12OZ,Dark Roast 12oz,2,16.0,0.0,card,EMP-12,2026-06-19T07:05:00,
SQ-9227,STORE-03,MUG-CER,Ceramic Mug,1,12.0,0.0,card,EMP-12,2026-06-19T07:05:00,
SQ-9228,STORE-03,GM-8OZ,Ground Medium 8oz,2,6.5,0.0,card,EMP-11,2026-06-19T09:22:00,
SQ-9229,STORE-03,GM-8OZ,Ground Medium 8oz,1,6.5,0.0,card,EMP-09,2026-06-19T09:38:00,
SQ-9229,STORE-03,MR-12OZ,Medium Roast 12oz,1,15.5,0.0,cash,EMP-09,2026-06-19T09:38:00,
SQ-9230,STORE-01,DR-12OZ,Dark Roast 12oz,2,16.0,0.0,cash,EMP-01,2026-06-19T15:27:00,
SQ-9230,STORE-01,DRIPPER-01,Pour-Over Dripper,2,22.0,0.0,card,EMP-01,2026-06-19T15:27:00,
SQ-9230,STORE-01,MUG-CER,Ceramic Mug,2,12.0,0.0,card,EMP-01,2026-06-19T15:27:00,
SQ-9231,STORE-03,GRINDER-01,Burr Grinder,1,42.0,0.0,card,EMP-02,2026-06-19T09:25:00,
SQ-9232,STORE-02,GRINDER-01,Burr Grinder,1,42.0,0.0,card,EMP-03,2026-06-19T12:42:00,555-0974
SQ-9232,STORE-02,MUG-CER,Ceramic Mug,2,12.0,0.0,cash,EMP-03,2026-06-19T12:42:00,555-0974
SQ-9232,STORE-02,DR-12OZ,Dark Roast 12oz,2,16.0,0.0,card,EMP-03,2026-06-19T12:42:00,555-0974
SQ-9233,STORE-03,DR-8OZ,Dark Roast 8oz,1,11.0,0.0,card,EMP-03,2026-06-19T17:54:00,
SQ-9234,STORE-01,DR-12OZ,Dark Roast 12oz,2,16.0,0.0,card,EMP-02,2026-06-19T13:16:00,
SQ-9234,STORE-01,LR-12OZ,Light Roast 12oz,2,15.0,0.0,card,EMP-02,2026-06-19T13:16:00,
SQ-9234,STORE-01,MUG-CER,Ceramic Mug,1,12.0,0.0,card,EMP-02,2026-06-19T13:16:00,
SQ-9235,STORE-03,DR-8OZ,Dark Roast 8oz,1,11.0,0.0,card,EMP-04,2026-06-19T17:04:00,
SQ-9236,STORE-03,GM-8OZ,Ground Medium 8oz,1,6.5,0.65,cash,EMP-11,2026-06-19T09:33:00,
SQ-9236,STORE-03,MR-12OZ,Medium Roast 12oz,1,15.5,0.0,cash,EMP-11,2026-06-19T09:33:00,
SQ-9236,STORE-03,LR-12OZ,Light Roast 12oz,1,15.0,0.0,card,EMP-11,2026-06-19T09:33:00,
SQ-9237,STORE-01,GRINDER-01,Burr Grinder,2,42.0,0.0,card,EMP-05,2026-06-19T14:55:00,555-7451
SQ-9237,STORE-01,DR-8OZ,Dark Roast 8oz,1,11.0,0.0,card,EMP-05,2026-06-19T14:55:00,555-7451
SQ-9237,STORE-01,LR-12OZ,Light Roast 12oz,2,15.0,0.0,card,EMP-05,2026-06-19T14:55:00,555-7451
SQ-9238,STORE-02,DR-8OZ,Dark Roast 8oz,2,11.0,0.0,card,EMP-01,2026-06-19T10:55:00,
SQ-9238,STORE-02,MR-12OZ,Medium Roast 12oz,2,15.5,0.0,card,EMP-01,2026-06-19T10:55:00,
SQ-9238,STORE-02,GRINDER-01,Burr Grinder,1,42.0,0.0,card,EMP-01,2026-06-19T10:55:00,
SQ-9239,STORE-01,MUG-CER,Ceramic Mug,1,12.0,0.0,card,EMP-03,2026-06-19T15:44:00,
SQ-9239,STORE-01,DRIPPER-01,Pour-Over Dripper,2,22.0,2.2,card,EMP-03,2026-06-19T15:44:00,
SQ-9240,STORE-02,MR-12OZ,Medium Roast 12oz,2,15.5,0.0,card,EMP-04,2026-06-19T10:13:00,
SQ-9240,STORE-02,GRINDER-01,Burr Grinder,2,42.0,0.0,card,EMP-04,2026-06-19T10:13:00,
SQ-9241,STORE-01,DRIPPER-01,Pour-Over Dripper,1,22.0,0.0,card,EMP-08,2026-06-19T08:06:00,
SQ-9241,STORE-01,MUG-CER,Ceramic Mug,1,12.0,0.0,card,EMP-08,2026-06-19T08:06:00,
SQ-9241,STORE-01,DR-12OZ,Dark Roast 12oz,2,16.0,0.0,cash,EMP-08,2026-06-19T08:06:00,
SQ-9242,STORE-03,DR-8OZ,Dark Roast 8oz,2,11.0,0.0,card,EMP-01,2026-06-19T12:14:00,555-1754
SQ-9242,STORE-03,DR-12OZ,Dark Roast 12oz,2,16.0,1.6,cash,EMP-01,2026-06-19T12:14:00,555-1754
SQ-9242,STORE-03,GM-8OZ,Ground Medium 8oz,1,6.5,0.65,card,EMP-01,2026-06-19T12:14:00,555-1754
SQ-9243,STORE-01,DR-8OZ,Dark Roast 8oz,1,11.0,0.0,card,EMP-06,2026-06-19T07:51:00,555-1870
SQ-9243,STORE-01,GM-8OZ,Ground Medium 8oz,1,6.5,0.0,card,EMP-06,2026-06-19T07:51:00,555-1870
SQ-9244,STORE-02,DR-8OZ,Dark Roast 8oz,2,11.0,0.0,card,EMP-12,2026-06-19T17:44:00,
SQ-9244,STORE-02,MUG-CER,Ceramic Mug,2,12.0,0.0,card,EMP-12,2026-06-19T17:44:00,
SQ-9245,STORE-01,GM-8OZ,Ground Medium 8oz,2,6.5,0.0,cash,EMP-02,2026-06-20T08:19:00,
SQ-9245,STORE-01,DR-12OZ,Dark Roast 12oz,2,16.0,0.0,card,EMP-02,2026-06-20T08:19:00,
SQ-9245,STORE-01,DRIPPER-01,Pour-Over Dripper,1,22.0,0.0,cash,EMP-02,2026-06-20T08:19:00,
SQ-9246,STORE-01,LR-12OZ,Light Roast 12oz,2,15.0,0.0,card,EMP-04,2026-06-20T09:52:00,
SQ-9246,STORE-01,DR-12OZ,Dark Roast 12oz,2,16.0,1.6,card,EMP-04,2026-06-20T09:52:00,
SQ-9246,STORE-01,DR-8OZ,Dark Roast 8oz,1,11.0,0.0,card,EMP-04,2026-06-20T09:52:00,
SQ-9247,STORE-01,MUG-CER,Ceramic Mug,1,12.0,0.0,card,EMP-12,2026-06-20T15:34:00,
SQ-9248,STORE-01,DR-12OZ,Dark Roast 12oz,1,16.0,0.0,card,EMP-07,2026-06-20T14:59:00,
SQ-9248,STORE-01,GM-8OZ,Ground Medium 8oz,2,6.5,0.0,card,EMP-07,2026-06-20T14:59:00,
SQ-9248,STORE-01,MUG-CER,Ceramic Mug,1,12.0,0.0,card,EMP-07,2026-06-20T14:59:00,
SQ-9249,STORE-03,DR-12OZ,Dark Roast 12oz,2,16.0,0.0,cash,EMP-10,2026-06-20T10:23:00,
SQ-9250,STORE-01,MUG-CER,Ceramic Mug,1,12.0,0.0,card,EMP-04,2026-06-20T12:47:00,555-2400
SQ-9250,STORE-01,LR-12OZ,Light Roast 12oz,2,15.0,0.0,cash,EMP-04,2026-06-20T12:47:00,555-2400
SQ-9251,STORE-03,MR-12OZ,Medium Roast 12oz,2,15.5,0.0,card,EMP-11,2026-06-20T14:27:00,
SQ-9252,STORE-01,DRIPPER-01,Pour-Over Dripper,2,22.0,0.0,cash,EMP-01,2026-06-20T10:19:00,
SQ-9252,STORE-01,GRINDER-01,Burr Grinder,1,42.0,0.0,card,EMP-01,2026-06-20T10:19:00,
SQ-9252,STORE-01,DR-8OZ,Dark Roast 8oz,1,11.0,0.0,card,EMP-01,2026-06-20T10:19:00,
SQ-9253,STORE-01,DR-12OZ,Dark Roast 12oz,2,16.0,0.0,card,EMP-12,2026-06-20T08:42:00,
SQ-9253,STORE-01,GM-8OZ,Ground Medium 8oz,2,6.5,0.0,card,EMP-12,2026-06-20T08:42:00,
SQ-9253,STORE-01,DRIPPER-01,Pour-Over Dripper,1,22.0,0.0,cash,EMP-12,2026-06-20T08:42:00,
SQ-9254,STORE-02,GRINDER-01,Burr Grinder,2,42.0,0.0,card,EMP-12,2026-06-20T16:51:00,555-5395
SQ-9254,STORE-02,DRIPPER-01,Pour-Over Dripper,2,22.0,2.2,card,EMP-12,2026-06-20T16:51:00,555-5395
SQ-9254,STORE-02,GM-8OZ,Ground Medium 8oz,1,6.5,0.0,card,EMP-12,2026-06-20T16:51:00,555-5395
SQ-9255,STORE-03,MUG-CER,Ceramic Mug,1,12.0,0.0,card,EMP-04,2026-06-20T13:40:00,
SQ-9256,STORE-03,MR-12OZ,Medium Roast 12oz,1,15.5,0.0,card,EMP-04,2026-06-20T16:50:00,
SQ-9257,STORE-02,DR-12OZ,Dark Roast 12oz,1,16.0,0.0,cash,EMP-07,2026-06-20T09:49:00,
SQ-9257,STORE-02,MR-12OZ,Medium Roast 12oz,1,15.5,0.0,card,EMP-07,2026-06-20T09:49:00,
SQ-9257,STORE-02,GM-8OZ,Ground Medium 8oz,2,6.5,0.0,card,EMP-07,2026-06-20T09:49:00,
SQ-9258,STORE-03,MR-12OZ,Medium Roast 12oz,1,15.5,0.0,card,EMP-05,2026-06-20T14:11:00,
SQ-9258,STORE-03,GM-8OZ,Ground Medium 8oz,1,6.5,0.0,card,EMP-05,2026-06-20T14:11:00,
SQ-9258,STORE-03,GRINDER-01,Burr Grinder,1,42.0,0.0,card,EMP-05,2026-06-20T14:11:00,
SQ-9259,STORE-01,GRINDER-01,Burr Grinder,2,42.0,4.2,card,EMP-02,2026-06-20T12:26:00,
SQ-9260,STORE-02,GRINDER-01,Burr Grinder,2,42.0,4.2,cash,EMP-11,2026-06-20T16:48:00,
SQ-9261,STORE-03,DR-12OZ,Dark Roast 12oz,2,16.0,0.0,card,EMP-02,2026-06-20T13:22:00,
SQ-9262,STORE-03,MUG-CER,Ceramic Mug,2,12.0,0.0,card,EMP-06,2026-06-21T09:49:00,555-5850
SQ-9262,STORE-03,GRINDER-01,Burr Grinder,2,42.0,0.0,card,EMP-06,2026-06-21T09:49:00,555-5850
SQ-9262,STORE-03,DR-12OZ,Dark Roast 12oz,2,16.0,0.0,card,EMP-06,2026-06-21T09:49:00,555-5850
SQ-9263,STORE-03,DR-12OZ,Dark Roast 12oz,1,16.0,0.0,cash,EMP-08,2026-06-21T07:54:00,555-3161
SQ-9264,STORE-03,DR-8OZ,Dark Roast 8oz,2,11.0,0.0,card,EMP-02,2026-06-21T13:58:00,
SQ-9265,STORE-01,DR-12OZ,Dark Roast 12oz,1,16.0,0.0,card,EMP-06,2026-06-21T17:12:00,
SQ-9266,STORE-03,MUG-CER,Ceramic Mug,2,12.0,0.0,card,EMP-02,2026-06-21T17:17:00,555-5395
SQ-9266,STORE-03,DR-12OZ,Dark Roast 12oz,2,16.0,0.0,card,EMP-02,2026-06-21T17:17:00,555-5395
SQ-9266,STORE-03,MR-12OZ,Medium Roast 12oz,1,15.5,0.0,card,EMP-02,2026-06-21T17:17:00,555-5395
SQ-9267,STORE-03,GM-8OZ,Ground Medium 8oz,1,6.5,0.65,cash,EMP-08,2026-06-21T11:17:00,555-6179
SQ-9267,STORE-03,MR-12OZ,Medium Roast 12oz,1,15.5,0.0,cash,EMP-08,2026-06-21T11:17:00,555-6179
SQ-9268,STORE-03,DRIPPER-01,Pour-Over Dripper,2,22.0,0.0,card,EMP-09,2026-06-21T09:38:00,555-0449
SQ-9269,STORE-01,DR-12OZ,Dark Roast 12oz,2,16.0,1.6,card,EMP-02,2026-06-21T16:44:00,
SQ-9269,STORE-01,MR-12OZ,Medium Roast 12oz,1,15.5,0.0,card,EMP-02,2026-06-21T16:44:00,
SQ-9270,STORE-01,MR-12OZ,Medium Roast 12oz,2,15.5,0.0,cash,EMP-12,2026-06-21T09:59:00,
SQ-9271,STORE-01,MR-12OZ,Medium Roast 12oz,1,15.5,0.0,card,EMP-08,2026-06-21T14:34:00,
SQ-9272,STORE-03,MR-12OZ,Medium Roast 12oz,2,15.5,0.0,cash,EMP-04,2026-06-21T09:00:00,
SQ-9272,STORE-03,GRINDER-01,Burr Grinder,2,42.0,0.0,card,EMP-04,2026-06-21T09:00:00,
SQ-9273,STORE-01,GM-8OZ,Ground Medium 8oz,1,6.5,0.0,card,EMP-09,2026-06-21T14:04:00,
SQ-9273,STORE-01,LR-12OZ,Light Roast 12oz,2,15.0,1.5,cash,EMP-09,2026-06-21T14:04:00,
SQ-9274,STORE-02,GM-8OZ,Ground Medium 8oz,1,6.5,0.0,card,EMP-02,2026-06-21T15:02:00,
SQ-9274,STORE-02,LR-12OZ,Light Roast 12oz,2,15.0,0.0,cash,EMP-02,2026-06-21T15:02:00,
SQ-9275,STORE-02,DRIPPER-01,Pour-Over Dripper,1,22.0,0.0,card,EMP-08,2026-06-21T15:06:00,
SQ-9275,STORE-02,MUG-CER,Ceramic Mug,1,12.0,0.0,card,EMP-08,2026-06-21T15:06:00,
SQ-9275,STORE-02,GM-8OZ,Ground Medium 8oz,2,6.5,0.0,card,EMP-08,2026-06-21T15:06:00,
SQ-9276,STORE-01,MUG-CER,Ceramic Mug,2,12.0,0.0,cash,EMP-03,2026-06-21T17:12:00,555-1754
SQ-9276,STORE-01,DRIPPER-01,Pour-Over Dripper,1,22.0,0.0,card,EMP-03,2026-06-21T17:12:00,555-1754
SQ-9276,STORE-01,MR-12OZ,Medium Roast 12oz,1,15.5,0.0,card,EMP-03,2026-06-21T17:12:00,555-1754
SQ-9277,STORE-03,DRIPPER-01,Pour-Over Dripper,1,22.0,0.0,cash,EMP-06,2026-06-21T17:20:00,
SQ-9278,STORE-02,DR-12OZ,Dark Roast 12oz,2,16.0,0.0,cash,EMP-08,2026-06-21T17:59:00,
SQ-9278,STORE-02,MR-12OZ,Medium Roast 12oz,1,15.5,0.0,card,EMP-08,2026-06-21T17:59:00,
SQ-9279,STORE-02,LR-12OZ,Light Roast 12oz,2,15.0,0.0,card,EMP-02,2026-06-21T07:24:00,
SQ-9279,STORE-02,DR-8OZ,Dark Roast 8oz,1,11.0,0.0,card,EMP-02,2026-06-21T07:24:00,
SQ-9279,STORE-02,GRINDER-01,Burr Grinder,1,42.0,0.0,cash,EMP-02,2026-06-21T07:24:00,
SQ-9280,STORE-01,DR-8OZ,Dark Roast 8oz,1,11.0,1.1,card,EMP-03,2026-06-21T17:16:00,
SQ-9280,STORE-01,GM-8OZ,Ground Medium 8oz,2,6.5,0.0,cash,EMP-03,2026-06-21T17:16:00,
SQ-9280,STORE-01,MUG-CER,Ceramic Mug,1,12.0,0.0,card,EMP-03,2026-06-21T17:16:00,
SQ-9281,STORE-01,DR-12OZ,Dark Roast 12oz,1,16.0,0.0,card,EMP-05,2026-06-21T13:39:00,
SQ-9281,STORE-01,DR-8OZ,Dark Roast 8oz,1,11.0,0.0,cash,EMP-05,2026-06-21T13:39:00,
SQ-9281,STORE-01,GRINDER-01,Burr Grinder,2,42.0,0.0,card,EMP-05,2026-06-21T13:39:00,
SQ-9282,STORE-03,DR-8OZ,Dark Roast 8oz,2,11.0,0.0,cash,EMP-06,2026-06-21T09:19:00,
SQ-9282,STORE-03,MUG-CER,Ceramic Mug,1,12.0,0.0,cash,EMP-06,2026-06-21T09:19:00,
SQ-9282,STORE-03,DR-12OZ,Dark Roast 12oz,1,16.0,0.0,card,EMP-06,2026-06-21T09:19:00,
SQ-9283,STORE-01,LR-12OZ,Light Roast 12oz,1,15.0,0.0,cash,EMP-08,2026-06-21T15:25:00,
SQ-9284,STORE-02,DRIPPER-01,Pour-Over Dripper,2,22.0,0.0,card,EMP-02,2026-06-21T13:49:00,555-6811
SQ-9284,STORE-02,MR-12OZ,Medium Roast 12oz,2,15.5,0.0,card,EMP-02,2026-06-21T13:49:00,555-6811
SQ-9284,STORE-02,GM-8OZ,Ground Medium 8oz,1,6.5,0.0,card,EMP-02,2026-06-21T13:49:00,555-6811
SQ-9285,STORE-02,DR-12OZ,Dark Roast 12oz,1,16.0,0.0,card,EMP-09,2026-06-21T18:02:00,
SQ-9285,STORE-02,MR-12OZ,Medium Roast 12oz,2,15.5,1.55,card,EMP-09,2026-06-21T18:02:00,
SQ-9286,STORE-01,MUG-CER,Ceramic Mug,2,12.0,0.0,card,EMP-07,2026-06-21T17:57:00,
SQ-9286,STORE-01,DRIPPER-01,Pour-Over Dripper,1,22.0,0.0,card,EMP-07,2026-06-21T17:57:00,
SQ-9287,STORE-02,GRINDER-01,Burr Grinder,1,42.0,0.0,card,EMP-07,2026-06-22T11:16:00,555-5850
SQ-9287,STORE-02,DR-8OZ,Dark Roast 8oz,1,11.0,0.0,card,EMP-07,2026-06-22T11:16:00,555-5850
SQ-9288,STORE-03,MR-12OZ,Medium Roast 12oz,1,15.5,0.0,card,EMP-05,2026-06-22T15:47:00,
SQ-9288,STORE-03,GRINDER-01,Burr Grinder,2,42.0,0.0,card,EMP-05,2026-06-22T15:47:00,
SQ-9289,STORE-01,MUG-CER,Ceramic Mug,1,12.0,0.0,card,EMP-03,2026-06-22T17:43:00,
SQ-9289,STORE-01,DRIPPER-01,Pour-Over Dripper,2,22.0,0.0,card,EMP-03,2026-06-22T17:43:00,
SQ-9289,STORE-01,MR-12OZ,Medium Roast 12oz,2,15.5,0.0,card,EMP-03,2026-06-22T17:43:00,
SQ-9290,STORE-03,DR-8OZ,Dark Roast 8oz,1,11.0,0.0,cash,EMP-11,2026-06-22T10:21:00,
SQ-9290,STORE-03,DRIPPER-01,Pour-Over Dripper,2,22.0,0.0,cash,EMP-11,2026-06-22T10:21:00,
SQ-9291,STORE-03,DR-12OZ,Dark Roast 12oz,2,16.0,0.0,card,EMP-09,2026-06-22T11:24:00,
SQ-9291,STORE-03,GM-8OZ,Ground Medium 8oz,2,6.5,0.0,card,EMP-09,2026-06-22T11:24:00,
SQ-9292,STORE-02,DR-8OZ,Dark Roast 8oz,2,11.0,0.0,card,EMP-10,2026-06-22T17:39:00,555-5377
SQ-9293,STORE-01,MR-12OZ,Medium Roast 12oz,1,15.5,0.0,card,EMP-06,2026-06-22T10:33:00,
SQ-9293,STORE-01,LR-12OZ,Light Roast 12oz,2,15.0,0.0,card,EMP-06,2026-06-22T10:33:00,
SQ-9293,STORE-01,DR-12OZ,Dark Roast 12oz,2,16.0,0.0,card,EMP-06,2026-06-22T10:33:00,
SQ-9294,STORE-02,MR-12OZ,Medium Roast 12oz,2,15.5,0.0,card,EMP-06,2026-06-22T10:06:00,555-2400
SQ-9294,STORE-02,GRINDER-01,Burr Grinder,1,42.0,0.0,cash,EMP-06,2026-06-22T10:06:00,555-2400
SQ-9294,STORE-02,DRIPPER-01,Pour-Over Dripper,2,22.0,2.2,card,EMP-06,2026-06-22T10:06:00,555-2400
SQ-9295,STORE-01,DR-8OZ,Dark Roast 8oz,2,11.0,0.0,cash,EMP-02,2026-06-22T18:55:00,
SQ-9295,STORE-01,DR-12OZ,Dark Roast 12oz,1,16.0,0.0,cash,EMP-02,2026-06-22T18:55:00,
SQ-9296,STORE-03,DR-12OZ,Dark Roast 12oz,2,16.0,0.0,card,EMP-03,2026-06-22T07:38:00,
SQ-9296,STORE-03,LR-12OZ,Light Roast 12oz,2,15.0,0.0,card,EMP-03,2026-06-22T07:38:00,
SQ-9297,STORE-02,DR-12OZ,Dark Roast 12oz,2,16.0,0.0,cash,EMP-07,2026-06-22T15:51:00,
SQ-9297,STORE-02,LR-12OZ,Light Roast 12oz,2,15.0,0.0,card,EMP-07,2026-06-22T15:51:00,
SQ-9298,STORE-01,GM-8OZ,Ground Medium 8oz,2,6.5,0.0,cash,EMP-06,2026-06-22T14:45:00,
SQ-9298,STORE-01,DRIPPER-01,Pour-Over Dripper,2,22.0,0.0,card,EMP-06,2026-06-22T14:45:00,
SQ-9298,STORE-01,MUG-CER,Ceramic Mug,2,12.0,0.0,card,EMP-06,2026-06-22T14:45:00,
SQ-9299,STORE-02,MUG-CER,Ceramic Mug,1,12.0,0.0,card,EMP-12,2026-06-22T16:58:00,555-0289
SQ-9299,STORE-02,DR-12OZ,Dark Roast 12oz,1,16.0,1.6,card,EMP-12,2026-06-22T16:58:00,555-0289
SQ-9300,STORE-02,MR-12OZ,Medium Roast 12oz,1,15.5,0.0,card,EMP-04,2026-06-22T17:14:00,
SQ-9301,STORE-02,DR-12OZ,Dark Roast 12oz,1,16.0,0.0,cash,EMP-06,2026-06-22T12:04:00,555-3394
SQ-9301,STORE-02,GM-8OZ,Ground Medium 8oz,1,6.5,0.0,card,EMP-06,2026-06-22T12:04:00,555-3394
SQ-9302,STORE-02,GRINDER-01,Burr Grinder,2,42.0,0.0,card,EMP-10,2026-06-22T11:54:00,
SQ-9302,STORE-02,GM-8OZ,Ground Medium 8oz,2,6.5,0.0,cash,EMP-10,2026-06-22T11:54:00,
SQ-9303,STORE-03,LR-12OZ,Light Roast 12oz,2,15.0,0.0,card,EMP-12,2026-06-22T11:41:00,
SQ-9304,STORE-02,MR-12OZ,Medium Roast 12oz,1,15.5,0.0,card,EMP-02,2026-06-22T11:13:00,
SQ-9304,STORE-02,GRINDER-01,Burr Grinder,1,42.0,0.0,card,EMP-02,2026-06-22T11:13:00,
SQ-9304,STORE-02,DR-8OZ,Dark Roast 8oz,1,11.0,0.0,card,EMP-02,2026-06-22T11:13:00,
SQ-9305,STORE-01,GRINDER-01,Burr Grinder,2,42.0,0.0,card,EMP-09,2026-06-22T13:47:00,555-0289
SQ-9306,STORE-03,DRIPPER-01,Pour-Over Dripper,2,22.0,0.0,card,EMP-09,2026-06-22T15:29:00,
SQ-9307,STORE-02,MUG-CER,Ceramic Mug,2,12.0,0.0,card,EMP-08,2026-06-23T09:50:00,555-2145
SQ-9307,STORE-02,LR-12OZ,Light Roast 12oz,2,15.0,0.0,card,EMP-08,2026-06-23T09:50:00,555-2145
SQ-9308,STORE-03,DRIPPER-01,Pour-Over Dripper,1,22.0,0.0,cash,EMP-09,2026-06-23T07:20:00,555-0289
SQ-9308,STORE-03,MR-12OZ,Medium Roast 12oz,1,15.5,0.0,card,EMP-09,2026-06-23T07:20:00,555-0289
SQ-9308,STORE-03,MUG-CER,Ceramic Mug,2,12.0,0.0,cash,EMP-09,2026-06-23T07:20:00,555-0289
SQ-9309,STORE-01,MR-12OZ,Medium Roast 12oz,1,15.5,0.0,card,EMP-04,2026-06-23T08:29:00,
SQ-9309,STORE-01,GM-8OZ,Ground Medium 8oz,2,6.5,0.0,card,EMP-04,2026-06-23T08:29:00,
SQ-9310,STORE-03,LR-12OZ,Light Roast 12oz,2,15.0,0.0,card,EMP-12,2026-06-23T16:58:00,
SQ-9310,STORE-03,DR-12OZ,Dark Roast 12oz,2,16.0,0.0,card,EMP-12,2026-06-23T16:58:00,
SQ-9311,STORE-01,MR-12OZ,Medium Roast 12oz,2,15.5,0.0,card,EMP-12,2026-06-23T09:20:00,
SQ-9312,STORE-02,DRIPPER-01,Pour-Over Dripper,1,22.0,0.0,card,EMP-11,2026-06-23T13:07:00,
SQ-9312,STORE-02,DR-8OZ,Dark Roast 8oz,1,11.0,0.0,card,EMP-11,2026-06-23T13:07:00,
SQ-9313,STORE-02,DR-8OZ,Dark Roast 8oz,2,11.0,1.1,card,EMP-08,2026-06-23T11:36:00,
SQ-9313,STORE-02,DRIPPER-01,Pour-Over Dripper,2,22.0,2.2,card,EMP-08,2026-06-23T11:36:00,
SQ-9313,STORE-02,MR-12OZ,Medium Roast 12oz,2,15.5,0.0,cash,EMP-08,2026-06-23T11:36:00,
SQ-9314,STORE-03,LR-12OZ,Light Roast 12oz,1,15.0,0.0,card,EMP-12,2026-06-23T14:46:00,555-6179
SQ-9314,STORE-03,GM-8OZ,Ground Medium 8oz,1,6.5,0.0,card,EMP-12,2026-06-23T14:46:00,555-6179
SQ-9315,STORE-02,MR-12OZ,Medium Roast 12oz,1,15.5,0.0,cash,EMP-01,2026-06-23T18:50:00,
SQ-9315,STORE-02,DR-8OZ,Dark Roast 8oz,2,11.0,0.0,cash,EMP-01,2026-06-23T18:50:00,
SQ-9315,STORE-02,DR-12OZ,Dark Roast 12oz,2,16.0,0.0,card,EMP-01,2026-06-23T18:50:00,
SQ-9316,STORE-03,DR-12OZ,Dark Roast 12oz,1,16.0,1.6,card,EMP-07,2026-06-23T15:22:00,555-7139
SQ-9317,STORE-01,DR-8OZ,Dark Roast 8oz,1,11.0,0.0,card,EMP-10,2026-06-23T13:41:00,555-3529
SQ-9317,STORE-01,MR-12OZ,Medium Roast 12oz,1,15.5,0.0,card,EMP-10,2026-06-23T13:41:00,555-3529
SQ-9318,STORE-01,MUG-CER,Ceramic Mug,1,12.0,0.0,cash,EMP-12,2026-06-23T09:41:00,
SQ-9318,STORE-01,DRIPPER-01,Pour-Over Dripper,2,22.0,0.0,card,EMP-12,2026-06-23T09:41:00,
SQ-9318,STORE-01,DR-12OZ,Dark Roast 12oz,1,16.0,0.0,card,EMP-12,2026-06-23T09:41:00,
SQ-9319,STORE-01,DRIPPER-01,Pour-Over Dripper,1,22.0,0.0,card,EMP-02,2026-06-23T16:26:00,
SQ-9320,STORE-01,DR-8OZ,Dark Roast 8oz,1,11.0,0.0,cash,EMP-12,2026-06-23T13:03:00,
SQ-9321,STORE-02,DR-8OZ,Dark Roast 8oz,1,11.0,0.0,cash,EMP-01,2026-06-23T14:48:00,
SQ-9322,STORE-01,DR-12OZ,Dark Roast 12oz,2,16.0,0.0,cash,EMP-10,2026-06-23T09:58:00,555-2174
SQ-9322,STORE-01,MR-12OZ,Medium Roast 12oz,1,15.5,0.0,card,EMP-10,2026-06-23T09:58:00,555-2174
SQ-9322,STORE-01,DR-8OZ,Dark Roast 8oz,1,11.0,0.0,card,EMP-10,2026-06-23T09:58:00,555-2174
SQ-9323,STORE-02,DRIPPER-01,Pour-Over Dripper,2,22.0,0.0,card,EMP-11,2026-06-23T13:21:00,555-2146
SQ-9324,STORE-01,GRINDER-01,Burr Grinder,1,42.0,0.0,card,EMP-01,2026-06-23T11:11:00,555-4064
SQ-9324,STORE-01,MUG-CER,Ceramic Mug,2,12.0,0.0,card,EMP-01,2026-06-23T11:11:00,555-4064
SQ-9324,STORE-01,GM-8OZ,Ground Medium 8oz,2,6.5,0.0,card,EMP-01,2026-06-23T11:11:00,555-4064
SQ-9325,STORE-03,GRINDER-01,Burr Grinder,1,42.0,0.0,card,EMP-06,2026-06-23T10:44:00,
SQ-9325,STORE-03,DRIPPER-01,Pour-Over Dripper,2,22.0,0.0,cash,EMP-06,2026-06-23T10:44:00,
SQ-9325,STORE-03,DR-12OZ,Dark Roast 12oz,1,16.0,0.0,card,EMP-06,2026-06-23T10:44:00,
SQ-9326,STORE-02,MUG-CER,Ceramic Mug,2,12.0,0.0,card,EMP-06,2026-06-23T08:09:00,555-1370
SQ-9326,STORE-02,GM-8OZ,Ground Medium 8oz,1,6.5,0.0,card,EMP-06,2026-06-23T08:09:00,555-1370
SQ-9326,STORE-02,LR-12OZ,Light Roast 12oz,1,15.0,0.0,card,EMP-06,2026-06-23T08:09:00,555-1370
SQ-9327,STORE-01,MUG-CER,Ceramic Mug,1,12.0,0.0,cash,EMP-07,2026-06-23T09:30:00,
SQ-9328,STORE-02,DR-8OZ,Dark Roast 8oz,2,11.0,0.0,card,EMP-01,2026-06-23T07:10:00,
SQ-9328,STORE-02,MR-12OZ,Medium Roast 12oz,2,15.5,0.0,card,EMP-01,2026-06-23T07:10:00,
SQ-9329,STORE-02,MUG-CER,Ceramic Mug,1,12.0,0.0,card,EMP-02,2026-06-23T15:41:00,
SQ-9329,STORE-02,LR-12OZ,Light Roast 12oz,1,15.0,0.0,card,EMP-02,2026-06-23T15:41:00,
SQ-9330,STORE-01,DRIPPER-01,Pour-Over Dripper,2,22.0,0.0,card,EMP-06,2026-06-23T10:03:00,555-6811
SQ-9330,STORE-01,GM-8OZ,Ground Medium 8oz,1,6.5,0.0,card,EMP-06,2026-06-23T10:03:00,555-6811
SQ-9331,STORE-02,DRIPPER-01,Pour-Over Dripper,1,22.0,0.0,card,EMP-04,2026-06-23T11:27:00,
SQ-9331,STORE-02,GRINDER-01,Burr Grinder,2,42.0,0.0,card,EMP-04,2026-06-23T11:27:00,
SQ-9332,STORE-03,MR-12OZ,Medium Roast 12oz,1,15.5,0.0,cash,EMP-02,2026-06-24T07:49:00,555-5377
SQ-9333,STORE-03,DRIPPER-01,Pour-Over Dripper,1,22.0,0.0,card,EMP-05,2026-06-24T10:06:00,
SQ-9334,STORE-03,LR-12OZ,Light Roast 12oz,1,15.0,0.0,card,EMP-08,2026-06-24T07:33:00,555-8588
SQ-9335,STORE-02,DR-12OZ,Dark Roast 12oz,1,16.0,0.0,cash,EMP-04,2026-06-24T18:03:00,
SQ-9335,STORE-02,MR-12OZ,Medium Roast 12oz,1,15.5,0.0,card,EMP-04,2026-06-24T18:03:00,
SQ-9335,STORE-02,GRINDER-01,Burr Grinder,2,42.0,0.0,card,EMP-04,2026-06-24T18:03:00,
SQ-9336,STORE-02,MR-12OZ,Medium Roast 12oz,1,15.5,1.55,cash,EMP-03,2026-06-24T11:12:00,
SQ-9337,STORE-01,DRIPPER-01,Pour-Over Dripper,2,22.0,0.0,cash,EMP-11,2026-06-24T12:34:00,
SQ-9337,STORE-01,MR-12OZ,Medium Roast 12oz,1,15.5,0.0,card,EMP-11,2026-06-24T12:34:00,
SQ-9338,STORE-02,GRINDER-01,Burr Grinder,2,42.0,0.0,cash,EMP-04,2026-06-24T10:42:00,
SQ-9338,STORE-02,DR-8OZ,Dark Roast 8oz,2,11.0,0.0,card,EMP-04,2026-06-24T10:42:00,
SQ-9338,STORE-02,MR-12OZ,Medium Roast 12oz,2,15.5,0.0,card,EMP-04,2026-06-24T10:42:00,
SQ-9339,STORE-01,GM-8OZ,Ground Medium 8oz,2,6.5,0.0,card,EMP-01,2026-06-24T18:54:00,
SQ-9340,STORE-02,DR-12OZ,Dark Roast 12oz,2,16.0,0.0,cash,EMP-02,2026-06-24T12:40:00,
SQ-9341,STORE-01,DR-8OZ,Dark Roast 8oz,2,11.0,0.0,card,EMP-10,2026-06-24T11:02:00,555-4647
SQ-9342,STORE-01,DR-12OZ,Dark Roast 12oz,2,16.0,0.0,cash,EMP-01,2026-06-24T17:45:00,555-2400
SQ-9342,STORE-01,GRINDER-01,Burr Grinder,2,42.0,0.0,cash,EMP-01,2026-06-24T17:45:00,555-2400
SQ-9343,STORE-03,DR-8OZ,Dark Roast 8oz,2,11.0,0.0,card,EMP-10,2026-06-24T10:41:00,555-2004
SQ-9343,STORE-03,GRINDER-01,Burr Grinder,1,42.0,0.0,cash,EMP-10,2026-06-24T10:41:00,555-2004
SQ-9344,STORE-01,DRIPPER-01,Pour-Over Dripper,2,22.0,0.0,card,EMP-01,2026-06-24T09:13:00,
SQ-9344,STORE-01,GM-8OZ,Ground Medium 8oz,2,6.5,0.0,card,EMP-01,2026-06-24T09:13:00,
SQ-9345,STORE-03,DR-8OZ,Dark Roast 8oz,2,11.0,0.0,card,EMP-10,2026-06-24T18:32:00,
SQ-9345,STORE-03,GM-8OZ,Ground Medium 8oz,2,6.5,0.0,cash,EMP-10,2026-06-24T18:32:00,
SQ-9346,STORE-03,LR-12OZ,Light Roast 12oz,1,15.0,0.0,card,EMP-09,2026-06-24T09:01:00,555-5339
SQ-9346,STORE-03,DR-12OZ,Dark Roast 12oz,1,16.0,0.0,card,EMP-09,2026-06-24T09:01:00,555-5339
SQ-9347,STORE-03,DRIPPER-01,Pour-Over Dripper,1,22.0,0.0,card,EMP-12,2026-06-25T08:15:00,
SQ-9347,STORE-03,DR-8OZ,Dark Roast 8oz,2,11.0,0.0,card,EMP-12,2026-06-25T08:15:00,
SQ-9347,STORE-03,DR-12OZ,Dark Roast 12oz,1,16.0,0.0,cash,EMP-12,2026-06-25T08:15:00,
SQ-9348,STORE-02,MR-12OZ,Medium Roast 12oz,2,15.5,0.0,card,EMP-08,2026-06-25T11:34:00,555-2174
SQ-9348,STORE-02,GM-8OZ,Ground Medium 8oz,2,6.5,0.0,card,EMP-08,2026-06-25T11:34:00,555-2174
SQ-9349,STORE-01,MUG-CER,Ceramic Mug,1,12.0,0.0,card,EMP-07,2026-06-25T07:16:00,
SQ-9349,STORE-01,MR-12OZ,Medium Roast 12oz,1,15.5,0.0,card,EMP-07,2026-06-25T07:16:00,
SQ-9350,STORE-02,DRIPPER-01,Pour-Over Dripper,2,22.0,0.0,cash,EMP-03,2026-06-25T16:25:00,555-0289
SQ-9350,STORE-02,MUG-CER,Ceramic Mug,1,12.0,0.0,cash,EMP-03,2026-06-25T16:25:00,555-0289
SQ-9350,STORE-02,GM-8OZ,Ground Medium 8oz,2,6.5,0.0,card,EMP-03,2026-06-25T16:25:00,555-0289
SQ-9351,STORE-02,GM-8OZ,Ground Medium 8oz,1,6.5,0.0,cash,EMP-12,2026-06-25T07:37:00,
SQ-9352,STORE-01,LR-12OZ,Light Roast 12oz,2,15.0,0.0,card,EMP-11,2026-06-25T12:27:00,555-2931
SQ-9353,STORE-02,GRINDER-01,Burr Grinder,1,42.0,0.0,cash,EMP-08,2026-06-25T18:24:00,
SQ-9353,STORE-02,DR-8OZ,Dark Roast 8oz,2,11.0,0.0,cash,EMP-08,2026-06-25T18:24:00,
SQ-9353,STORE-02,LR-12OZ,Light Roast 12oz,2,15.0,0.0,card,EMP-08,2026-06-25T18:24:00,
SQ-9354,STORE-03,DR-8OZ,Dark Roast 8oz,2,11.0,1.1,card,EMP-05,2026-06-25T13:01:00,555-5377
SQ-9355,STORE-01,GRINDER-01,Burr Grinder,2,42.0,0.0,card,EMP-10,2026-06-25T13:09:00,555-2145
SQ-9356,STORE-01,GRINDER-01,Burr Grinder,1,42.0,0.0,cash,EMP-04,2026-06-25T15:36:00,
SQ-9356,STORE-01,GM-8OZ,Ground Medium 8oz,1,6.5,0.0,cash,EMP-04,2026-06-25T15:36:00,
SQ-9357,STORE-02,DR-8OZ,Dark Roast 8oz,1,11.0,1.1,card,EMP-10,2026-06-25T09:48:00,
SQ-9357,STORE-02,MR-12OZ,Medium Roast 12oz,1,15.5,0.0,card,EMP-10,2026-06-25T09:48:00,
SQ-9357,STORE-02,DR-12OZ,Dark Roast 12oz,1,16.0,0.0,card,EMP-10,2026-06-25T09:48:00,
SQ-9358,STORE-01,GRINDER-01,Burr Grinder,1,42.0,0.0,card,EMP-08,2026-06-25T18:26:00,555-2196
SQ-9358,STORE-01,DR-12OZ,Dark Roast 12oz,2,16.0,0.0,card,EMP-08,2026-06-25T18:26:00,555-2196
SQ-9358,STORE-01,LR-12OZ,Light Roast 12oz,2,15.0,0.0,card,EMP-08,2026-06-25T18:26:00,555-2196
SQ-9359,STORE-01,LR-12OZ,Light Roast 12oz,1,15.0,0.0,cash,EMP-05,2026-06-25T12:58:00,
SQ-9359,STORE-01,DRIPPER-01,Pour-Over Dripper,2,22.0,0.0,card,EMP-05,2026-06-25T12:58:00,
SQ-9360,STORE-03,DR-8OZ,Dark Roast 8oz,2,11.0,0.0,card,EMP-07,2026-06-25T11:17:00,555-3529
SQ-9360,STORE-03,MR-12OZ,Medium Roast 12oz,1,15.5,0.0,card,EMP-07,2026-06-25T11:17:00,555-3529
SQ-9361,STORE-03,LR-12OZ,Light Roast 12oz,2,15.0,1.5,card,EMP-07,2026-06-25T15:58:00,
SQ-9361,STORE-03,DR-12OZ,Dark Roast 12oz,2,16.0,0.0,card,EMP-07,2026-06-25T15:58:00,
SQ-9362,STORE-01,GM-8OZ,Ground Medium 8oz,2,6.5,0.0,card,EMP-11,2026-06-25T12:39:00,555-3685
SQ-9362,STORE-01,DRIPPER-01,Pour-Over Dripper,2,22.0,0.0,cash,EMP-11,2026-06-25T12:39:00,555-3685
SQ-9363,STORE-03,MUG-CER,Ceramic Mug,2,12.0,0.0,card,EMP-02,2026-06-26T13:36:00,
SQ-9363,STORE-03,GM-8OZ,Ground Medium 8oz,1,6.5,0.0,card,EMP-02,2026-06-26T13:36:00,
SQ-9364,STORE-03,GRINDER-01,Burr Grinder,1,42.0,0.0,card,EMP-06,2026-06-26T16:43:00,555-6758
SQ-9365,STORE-02,GRINDER-01,Burr Grinder,1,42.0,0.0,card,EMP-01,2026-06-26T08:27:00,
SQ-9366,STORE-02,MUG-CER,Ceramic Mug,1,12.0,0.0,card,EMP-10,2026-06-26T18:41:00,555-5377
SQ-9366,STORE-02,LR-12OZ,Light Roast 12oz,1,15.0,1.5,card,EMP-10,2026-06-26T18:41:00,555-5377
SQ-9367,STORE-01,DR-12OZ,Dark Roast 12oz,2,16.0,0.0,cash,EMP-05,2026-06-26T11:33:00,
SQ-9368,STORE-03,GRINDER-01,Burr Grinder,2,42.0,4.2,cash,EMP-09,2026-06-26T11:50:00,
SQ-9368,STORE-03,MR-12OZ,Medium Roast 12oz,2,15.5,0.0,card,EMP-09,2026-06-26T11:50:00,
SQ-9368,STORE-03,DRIPPER-01,Pour-Over Dripper,2,22.0,0.0,card,EMP-09,2026-06-26T11:50:00,
SQ-9369,STORE-02,DRIPPER-01,Pour-Over Dripper,2,22.0,0.0,card,EMP-01,2026-06-26T14:21:00,
SQ-9369,STORE-02,GRINDER-01,Burr Grinder,1,42.0,0.0,card,EMP-01,2026-06-26T14:21:00,
SQ-9369,STORE-02,LR-12OZ,Light Roast 12oz,2,15.0,0.0,cash,EMP-01,2026-06-26T14:21:00,
SQ-9370,STORE-02,GM-8OZ,Ground Medium 8oz,1,6.5,0.0,card,EMP-07,2026-06-26T09:54:00,
SQ-9370,STORE-02,DR-12OZ,Dark Roast 12oz,2,16.0,0.0,card,EMP-07,2026-06-26T09:54:00,
SQ-9371,STORE-01,DR-8OZ,Dark Roast 8oz,1,11.0,0.0,card,EMP-03,2026-06-26T18:59:00,
SQ-9372,STORE-02,GM-8OZ,Ground Medium 8oz,1,6.5,0.0,card,EMP-11,2026-06-26T13:56:00,
SQ-9372,STORE-02,MR-12OZ,Medium Roast 12oz,2,15.5,1.55,card,EMP-11,2026-06-26T13:56:00,
SQ-9373,STORE-01,GM-8OZ,Ground Medium 8oz,2,6.5,0.0,card,EMP-02,2026-06-26T11:45:00,
SQ-9373,STORE-01,DRIPPER-01,Pour-Over Dripper,1,22.0,0.0,cash,EMP-02,2026-06-26T11:45:00,
SQ-9374,STORE-02,DR-8OZ,Dark Roast 8oz,1,11.0,0.0,card,EMP-03,2026-06-26T18:31:00,
SQ-9375,STORE-02,GRINDER-01,Burr Grinder,2,42.0,0.0,cash,EMP-08,2026-06-26T07:59:00,
SQ-9376,STORE-01,GM-8OZ,Ground Medium 8oz,1,6.5,0.0,cash,EMP-01,2026-06-26T09:46:00,555-3161
SQ-9377,STORE-02,GRINDER-01,Burr Grinder,1,42.0,0.0,card,EMP-10,2026-06-26T10:27:00,
SQ-9377,STORE-02,DRIPPER-01,Pour-Over Dripper,1,22.0,0.0,card,EMP-10,2026-06-26T10:27:00,
SQ-9377,STORE-02,GM-8OZ,Ground Medium 8oz,1,6.5,0.0,card,EMP-10,2026-06-26T10:27:00,
SQ-9378,STORE-03,GM-8OZ,Ground Medium 8oz,2,6.5,0.65,cash,EMP-09,2026-06-26T15:44:00,
SQ-9378,STORE-03,LR-12OZ,Light Roast 12oz,2,15.0,0.0,card,EMP-09,2026-06-26T15:44:00,
SQ-9379,STORE-02,DR-8OZ,Dark Roast 8oz,1,11.0,0.0,card,EMP-03,2026-06-26T17:29:00,
SQ-9380,STORE-01,DRIPPER-01,Pour-Over Dripper,1,22.0,0.0,cash,EMP-10,2026-06-26T18:28:00,555-7139
SQ-9380,STORE-01,MUG-CER,Ceramic Mug,1,12.0,0.0,card,EMP-10,2026-06-26T18:28:00,555-7139
SQ-9380,STORE-01,GM-8OZ,Ground Medium 8oz,1,6.5,0.0,card,EMP-10,2026-06-26T18:28:00,555-7139
SQ-9381,STORE-01,DRIPPER-01,Pour-Over Dripper,2,22.0,0.0,card,EMP-03,2026-06-26T15:34:00,
SQ-9382,STORE-03,MR-12OZ,Medium Roast 12oz,2,15.5,0.0,card,EMP-05,2026-06-27T13:15:00,
SQ-9382,STORE-03,DR-12OZ,Dark Roast 12oz,2,16.0,0.0,card,EMP-05,2026-06-27T13:15:00,
SQ-9383,STORE-02,DR-12OZ,Dark Roast 12oz,1,16.0,0.0,cash,EMP-05,2026-06-27T16:57:00,555-2374
SQ-9384,STORE-02,LR-12OZ,Light Roast 12oz,2,15.0,0.0,card,EMP-07,2026-06-27T14:32:00,555-5766
SQ-9384,STORE-02,DRIPPER-01,Pour-Over Dripper,2,22.0,0.0,card,EMP-07,2026-06-27T14:32:00,555-5766
SQ-9385,STORE-03,DR-8OZ,Dark Roast 8oz,1,11.0,0.0,card,EMP-06,2026-06-27T10:52:00,
SQ-9385,STORE-03,MR-12OZ,Medium Roast 12oz,1,15.5,0.0,card,EMP-06,2026-06-27T10:52:00,
SQ-9385,STORE-03,GM-8OZ,Ground Medium 8oz,1,6.5,0.0,card,EMP-06,2026-06-27T10:52:00,
SQ-9386,STORE-01,GM-8OZ,Ground Medium 8oz,2,6.5,0.0,cash,EMP-09,2026-06-27T15:29:00,
SQ-9386,STORE-01,GRINDER-01,Burr Grinder,1,42.0,0.0,card,EMP-09,2026-06-27T15:29:00,
SQ-9386,STORE-01,DRIPPER-01,Pour-Over Dripper,2,22.0,0.0,card,EMP-09,2026-06-27T15:29:00,
SQ-9387,STORE-02,DRIPPER-01,Pour-Over Dripper,1,22.0,0.0,card,EMP-02,2026-06-27T16:44:00,555-6758
SQ-9387,STORE-02,MUG-CER,Ceramic Mug,1,12.0,0.0,cash,EMP-02,2026-06-27T16:44:00,555-6758
SQ-9388,STORE-03,MR-12OZ,Medium Roast 12oz,1,15.5,0.0,card,EMP-09,2026-06-27T11:11:00,555-2196
SQ-9388,STORE-03,GM-8OZ,Ground Medium 8oz,1,6.5,0.0,card,EMP-09,2026-06-27T11:11:00,555-2196
SQ-9388,STORE-03,DRIPPER-01,Pour-Over Dripper,2,22.0,2.2,card,EMP-09,2026-06-27T11:11:00,555-2196
SQ-9389,STORE-03,MR-12OZ,Medium Roast 12oz,1,15.5,0.0,card,EMP-09,2026-06-27T10:11:00,
SQ-9390,STORE-01,GRINDER-01,Burr Grinder,2,42.0,0.0,card,EMP-01,2026-06-27T07:11:00,555-2146
SQ-9391,STORE-01,DRIPPER-01,Pour-Over Dripper,1,22.0,2.2,card,EMP-10,2026-06-27T07:32:00,
SQ-9391,STORE-01,MUG-CER,Ceramic Mug,2,12.0,0.0,cash,EMP-10,2026-06-27T07:32:00,
SQ-9391,STORE-01,MR-12OZ,Medium Roast 12oz,1,15.5,0.0,card,EMP-10,2026-06-27T07:32:00,
SQ-9392,STORE-03,DR-8OZ,Dark Roast 8oz,1,11.0,0.0,card,EMP-04,2026-06-27T11:59:00,
SQ-9392,STORE-03,GM-8OZ,Ground Medium 8oz,2,6.5,0.0,card,EMP-04,2026-06-27T11:59:00,
SQ-9392,STORE-03,GRINDER-01,Burr Grinder,1,42.0,0.0,cash,EMP-04,2026-06-27T11:59:00,
SQ-9393,STORE-03,DR-12OZ,Dark Roast 12oz,1,16.0,0.0,card,EMP-02,2026-06-27T12:53:00,
SQ-9394,STORE-02,GRINDER-01,Burr Grinder,1,42.0,0.0,card,EMP-05,2026-06-27T13:58:00,555-8588
SQ-9394,STORE-02,MR-12OZ,Medium Roast 12oz,2,15.5,0.0,cash,EMP-05,2026-06-27T13:58:00,555-8588
SQ-9395,STORE-02,DR-8OZ,Dark Roast 8oz,1,11.0,0.0,card,EMP-06,2026-06-27T11:05:00,555-3685
SQ-9395,STORE-02,MUG-CER,Ceramic Mug,2,12.0,1.2,cash,EMP-06,2026-06-27T11:05:00,555-3685
SQ-9396,STORE-03,DRIPPER-01,Pour-Over Dripper,1,22.0,0.0,card,EMP-10,2026-06-27T12:06:00,
SQ-9396,STORE-03,DR-12OZ,Dark Roast 12oz,2,16.0,0.0,card,EMP-10,2026-06-27T12:06:00,
SQ-9397,STORE-02,GRINDER-01,Burr Grinder,2,42.0,0.0,card,EMP-12,2026-06-27T15:09:00,
SQ-9397,STORE-02,DR-8OZ,Dark Roast 8oz,2,11.0,0.0,card,EMP-12,2026-06-27T15:09:00,
SQ-9397,STORE-02,MR-12OZ,Medium Roast 12oz,2,15.5,0.0,cash,EMP-12,2026-06-27T15:09:00,
SQ-9398,STORE-01,LR-12OZ,Light Roast 12oz,2,15.0,0.0,cash,EMP-10,2026-06-28T12:01:00,
SQ-9398,STORE-01,DRIPPER-01,Pour-Over Dripper,2,22.0,2.2,card,EMP-10,2026-06-28T12:01:00,
SQ-9399,STORE-01,LR-12OZ,Light Roast 12oz,2,15.0,0.0,card,EMP-08,2026-06-28T07:05:00,555-2145
SQ-9399,STORE-01,MR-12OZ,Medium Roast 12oz,2,15.5,0.0,card,EMP-08,2026-06-28T07:05:00,555-2145
SQ-9399,STORE-01,DR-12OZ,Dark Roast 12oz,2,16.0,0.0,card,EMP-08,2026-06-28T07:05:00,555-2145
SQ-9400,STORE-01,LR-12OZ,Light Roast 12oz,2,15.0,0.0,card,EMP-12,2026-06-28T14:31:00,
SQ-9401,STORE-01,LR-12OZ,Light Roast 12oz,2,15.0,0.0,cash,EMP-11,2026-06-28T08:34:00,
SQ-9401,STORE-01,DRIPPER-01,Pour-Over Dripper,2,22.0,0.0,card,EMP-11,2026-06-28T08:34:00,
SQ-9401,STORE-01,DR-12OZ,Dark Roast 12oz,2,16.0,0.0,card,EMP-11,2026-06-28T08:34:00,
SQ-9402,STORE-02,MUG-CER,Ceramic Mug,1,12.0,0.0,card,EMP-05,2026-06-28T07:51:00,
SQ-9402,STORE-02,LR-12OZ,Light Roast 12oz,2,15.0,0.0,card,EMP-05,2026-06-28T07:51:00,
SQ-9402,STORE-02,DR-8OZ,Dark Roast 8oz,2,11.0,0.0,card,EMP-05,2026-06-28T07:51:00,
SQ-9403,STORE-01,DR-12OZ,Dark Roast 12oz,1,16.0,1.6,cash,EMP-08,2026-06-28T16:09:00,555-8588
SQ-9404,STORE-01,DRIPPER-01,Pour-Over Dripper,1,22.0,0.0,card,EMP-05,2026-06-28T18:57:00,
SQ-9405,STORE-02,MUG-CER,Ceramic Mug,1,12.0,1.2,cash,EMP-09,2026-06-28T14:11:00,
SQ-9405,STORE-02,DRIPPER-01,Pour-Over Dripper,1,22.0,0.0,card,EMP-09,2026-06-28T14:11:00,
SQ-9405,STORE-02,LR-12OZ,Light Roast 12oz,2,15.0,0.0,card,EMP-09,2026-06-28T14:11:00,
SQ-9406,STORE-02,DR-12OZ,Dark Roast 12oz,1,16.0,1.6,card,EMP-09,2026-06-28T08:24:00,
SQ-9406,STORE-02,MR-12OZ,Medium Roast 12oz,1,15.5,1.55,card,EMP-09,2026-06-28T08:24:00,
SQ-9407,STORE-01,DR-8OZ,Dark Roast 8oz,2,11.0,1.1,card,EMP-02,2026-06-28T16:11:00,
SQ-9407,STORE-01,LR-12OZ,Light Roast 12oz,2,15.0,0.0,cash,EMP-02,2026-06-28T16:11:00,
SQ-9407,STORE-01,DRIPPER-01,Pour-Over Dripper,1,22.0,0.0,card,EMP-02,2026-06-28T16:11:00,
SQ-9408,STORE-01,MUG-CER,Ceramic Mug,1,12.0,0.0,card,EMP-07,2026-06-28T07:02:00,
SQ-9408,STORE-01,DRIPPER-01,Pour-Over Dripper,1,22.0,0.0,card,EMP-07,2026-06-28T07:02:00,
SQ-9408,STORE-01,DR-12OZ,Dark Roast 12oz,2,16.0,0.0,card,EMP-07,2026-06-28T07:02:00,
SQ-9409,STORE-03,MR-12OZ,Medium Roast 12oz,2,15.5,0.0,card,EMP-08,2026-06-28T09:51:00,
SQ-9409,STORE-03,GRINDER-01,Burr Grinder,2,42.0,0.0,card,EMP-08,2026-06-28T09:51:00,
SQ-9410,STORE-02,LR-12OZ,Light Roast 12oz,2,15.0,0.0,card,EMP-12,2026-06-28T18:05:00,
SQ-9410,STORE-02,MR-12OZ,Medium Roast 12oz,1,15.5,0.0,card,EMP-12,2026-06-28T18:05:00,
SQ-9410,STORE-02,DR-8OZ,Dark Roast 8oz,1,11.0,0.0,card,EMP-12,2026-06-28T18:05:00,
SQ-9411,STORE-01,MR-12OZ,Medium Roast 12oz,1,15.5,1.55,card,EMP-10,2026-06-28T12:49:00,
SQ-9411,STORE-01,MUG-CER,Ceramic Mug,1,12.0,0.0,card,EMP-10,2026-06-28T12:49:00,
SQ-9412,STORE-02,LR-12OZ,Light Roast 12oz,1,15.0,0.0,card,EMP-04,2026-06-28T11:33:00,
SQ-9412,STORE-02,MR-12OZ,Medium Roast 12oz,2,15.5,1.55,cash,EMP-04,2026-06-28T11:33:00,
SQ-9413,STORE-02,GM-8OZ,Ground Medium 8oz,1,6.5,0.0,card,EMP-12,2026-06-28T10:37:00,
SQ-9413,STORE-02,DRIPPER-01,Pour-Over Dripper,2,22.0,0.0,cash,EMP-12,2026-06-28T10:37:00,
SQ-9414,STORE-03,MUG-CER,Ceramic Mug,2,12.0,1.2,cash,EMP-09,2026-06-28T11:25:00,
SQ-9415,STORE-02,MUG-CER,Ceramic Mug,2,12.0,0.0,card,EMP-08,2026-06-28T18:03:00,
SQ-9415,STORE-02,LR-12OZ,Light Roast 12oz,1,15.0,0.0,card,EMP-08,2026-06-28T18:03:00,
SQ-9415,STORE-02,DR-12OZ,Dark Roast 12oz,1,16.0,0.0,card,EMP-08,2026-06-28T18:03:00,
SQ-9416,STORE-02,DR-12OZ,Dark Roast 12oz,1,16.0,0.0,card,EMP-12,2026-06-28T08:02:00,
SQ-9416,STORE-02,MUG-CER,Ceramic Mug,1,12.0,0.0,cash,EMP-12,2026-06-28T08:02:00,
SQ-9417,STORE-03,LR-12OZ,Light Roast 12oz,2,15.0,0.0,cash,EMP-11,2026-06-28T13:06:00,
SQ-9418,STORE-03,DR-12OZ,Dark Roast 12oz,2,16.0,0.0,card,EMP-03,2026-06-28T13:03:00,
SQ-9419,STORE-01,DR-8OZ,Dark Roast 8oz,1,11.0,0.0,card,EMP-05,2026-06-28T12:52:00,
SQ-9419,STORE-01,MUG-CER,Ceramic Mug,1,12.0,0.0,card,EMP-05,2026-06-28T12:52:00,
SQ-9419,STORE-01,DRIPPER-01,Pour-Over Dripper,2,22.0,0.0,card,EMP-05,2026-06-28T12:52:00,
SQ-9420,STORE-01,DR-8OZ,Dark Roast 8oz,2,11.0,0.0,card,EMP-12,2026-06-28T09:55:00,
SQ-9421,STORE-03,GM-8OZ,Ground Medium 8oz,2,6.5,0.65,card,EMP-11,2026-06-28T09:58:00,
SQ-9421,STORE-03,MR-12OZ,Medium Roast 12oz,1,15.5,0.0,cash,EMP-11,2026-06-28T09:58:00,
SQ-9421,STORE-03,MUG-CER,Ceramic Mug,1,12.0,0.0,card,EMP-11,2026-06-28T09:58:00,
SQ-9422,STORE-02,MUG-CER,Ceramic Mug,1,12.0,0.0,card,EMP-12,2026-06-29T16:35:00,555-2145
SQ-9422,STORE-02,DRIPPER-01,Pour-Over Dripper,1,22.0,2.2,cash,EMP-12,2026-06-29T16:35:00,555-2145
SQ-9422,STORE-02,DR-12OZ,Dark Roast 12oz,2,16.0,0.0,card,EMP-12,2026-06-29T16:35:00,555-2145
SQ-9423,STORE-02,GM-8OZ,Ground Medium 8oz,2,6.5,0.0,card,EMP-02,2026-06-29T18:00:00,555-2842
SQ-9424,STORE-01,DR-8OZ,Dark Roast 8oz,2,11.0,0.0,card,EMP-12,2026-06-29T13:02:00,
SQ-9424,STORE-01,DR-12OZ,Dark Roast 12oz,1,16.0,0.0,card,EMP-12,2026-06-29T13:02:00,
SQ-9425,STORE-03,MR-12OZ,Medium Roast 12oz,2,15.5,0.0,card,EMP-06,2026-06-29T16:57:00,555-7139
SQ-9425,STORE-03,LR-12OZ,Light Roast 12oz,2,15.0,1.5,card,EMP-06,2026-06-29T16:57:00,555-7139
SQ-9426,STORE-02,DR-12OZ,Dark Roast 12oz,2,16.0,0.0,card,EMP-01,2026-06-29T14:36:00,
SQ-9426,STORE-02,MR-12OZ,Medium Roast 12oz,1,15.5,0.0,cash,EMP-01,2026-06-29T14:36:00,
SQ-9426,STORE-02,GM-8OZ,Ground Medium 8oz,2,6.5,0.0,card,EMP-01,2026-06-29T14:36:00,
SQ-9427,STORE-02,MR-12OZ,Medium Roast 12oz,2,15.5,0.0,card,EMP-03,2026-06-29T15:17:00,
SQ-9427,STORE-02,MUG-CER,Ceramic Mug,1,12.0,1.2,cash,EMP-03,2026-06-29T15:17:00,
SQ-9427,STORE-02,DR-8OZ,Dark Roast 8oz,2,11.0,0.0,card,EMP-03,2026-06-29T15:17:00,
SQ-9428,STORE-02,DRIPPER-01,Pour-Over Dripper,1,22.0,0.0,card,EMP-01,2026-06-29T12:00:00,555-2145
SQ-9429,STORE-02,DRIPPER-01,Pour-Over Dripper,2,22.0,0.0,card,EMP-05,2026-06-29T09:57:00,
SQ-9430,STORE-03,MR-12OZ,Medium Roast 12oz,1,15.5,0.0,card,EMP-12,2026-06-29T09:42:00,
SQ-9431,STORE-01,GRINDER-01,Burr Grinder,1,42.0,0.0,card,EMP-10,2026-06-29T07:47:00,
SQ-9432,STORE-03,MR-12OZ,Medium Roast 12oz,1,15.5,0.0,card,EMP-09,2026-06-29T15:35:00,
SQ-9432,STORE-03,DR-12OZ,Dark Roast 12oz,1,16.0,0.0,cash,EMP-09,2026-06-29T15:35:00,
SQ-9433,STORE-01,MUG-CER,Ceramic Mug,2,12.0,0.0,card,EMP-05,2026-06-29T09:39:00,
SQ-9433,STORE-01,MR-12OZ,Medium Roast 12oz,1,15.5,0.0,cash,EMP-05,2026-06-29T09:39:00,
SQ-9433,STORE-01,LR-12OZ,Light Roast 12oz,2,15.0,0.0,card,EMP-05,2026-06-29T09:39:00,
SQ-9434,STORE-01,LR-12OZ,Light Roast 12oz,2,15.0,0.0,card,EMP-03,2026-06-29T10:26:00,
SQ-9435,STORE-01,LR-12OZ,Light Roast 12oz,1,15.0,1.5,card,EMP-01,2026-06-29T11:29:00,
SQ-9435,STORE-01,DR-12OZ,Dark Roast 12oz,1,16.0,0.0,card,EMP-01,2026-06-29T11:29:00,
SQ-9435,STORE-01,MR-12OZ,Medium Roast 12oz,1,15.5,0.0,card,EMP-01,2026-06-29T11:29:00,
SQ-9436,STORE-01,DR-8OZ,Dark Roast 8oz,2,11.0,0.0,card,EMP-11,2026-06-29T17:50:00,
SQ-9437,STORE-03,MUG-CER,Ceramic Mug,2,12.0,0.0,card,EMP-01,2026-06-29T16:58:00,
SQ-9437,STORE-03,GM-8OZ,Ground Medium 8oz,2,6.5,0.0,card,EMP-01,2026-06-29T16:58:00,
SQ-9437,STORE-03,DR-12OZ,Dark Roast 12oz,2,16.0,0.0,card,EMP-01,2026-06-29T16:58:00,
SQ-9438,STORE-03,DRIPPER-01,Pour-Over Dripper,1,22.0,0.0,card,EMP-12,2026-06-29T16:56:00,
SQ-9438,STORE-03,DR-8OZ,Dark Roast 8oz,1,11.0,0.0,card,EMP-12,2026-06-29T16:56:00,
SQ-9439,STORE-02,DR-8OZ,Dark Roast 8oz,2,11.0,0.0,card,EMP-10,2026-06-30T15:48:00,
SQ-9440,STORE-03,MUG-CER,Ceramic Mug,1,12.0,0.0,card,EMP-09,2026-06-30T16:30:00,
SQ-9440,STORE-03,LR-12OZ,Light Roast 12oz,1,15.0,0.0,cash,EMP-09,2026-06-30T16:30:00,
SQ-9441,STORE-01,LR-12OZ,Light Roast 12oz,1,15.0,0.0,card,EMP-10,2026-06-30T07:03:00,555-2196
SQ-9441,STORE-01,MUG-CER,Ceramic Mug,1,12.0,0.0,card,EMP-10,2026-06-30T07:03:00,555-2196
SQ-9442,STORE-02,DR-8OZ,Dark Roast 8oz,1,11.0,0.0,card,EMP-12,2026-06-30T14:17:00,
SQ-9443,STORE-03,DR-12OZ,Dark Roast 12oz,1,16.0,1.6,card,EMP-11,2026-06-30T16:45:00,555-2146
SQ-9444,STORE-01,LR-12OZ,Light Roast 12oz,1,15.0,0.0,cash,EMP-03,2026-06-30T11:59:00,
SQ-9445,STORE-02,MR-12OZ,Medium Roast 12oz,1,15.5,0.0,cash,EMP-04,2026-06-30T09:44:00,
SQ-9445,STORE-02,DR-12OZ,Dark Roast 12oz,2,16.0,0.0,cash,EMP-04,2026-06-30T09:44:00,
SQ-9446,STORE-02,MR-12OZ,Medium Roast 12oz,2,15.5,0.0,cash,EMP-06,2026-06-30T13:12:00,555-5339
SQ-9446,STORE-02,GRINDER-01,Burr Grinder,1,42.0,0.0,card,EMP-06,2026-06-30T13:12:00,555-5339
SQ-9446,STORE-02,DRIPPER-01,Pour-Over Dripper,1,22.0,0.0,card,EMP-06,2026-06-30T13:12:00,555-5339
SQ-9447,STORE-03,GRINDER-01,Burr Grinder,1,42.0,0.0,card,EMP-08,2026-06-30T09:38:00,555-5766
SQ-9447,STORE-03,DRIPPER-01,Pour-Over Dripper,1,22.0,0.0,card,EMP-08,2026-06-30T09:38:00,555-5766
SQ-9448,STORE-02,DR-8OZ,Dark Roast 8oz,2,11.0,0.0,card,EMP-09,2026-06-30T10:53:00,
SQ-9448,STORE-02,GM-8OZ,Ground Medium 8oz,1,6.5,0.0,card,EMP-09,2026-06-30T10:53:00,
SQ-9449,STORE-01,MUG-CER,Ceramic Mug,2,12.0,0.0,cash,EMP-06,2026-06-30T13:31:00,555-5339
SQ-9449,STORE-01,GRINDER-01,Burr Grinder,2,42.0,0.0,card,EMP-06,2026-06-30T13:31:00,555-5339
SQ-9450,STORE-02,GRINDER-01,Burr Grinder,2,42.0,0.0,card,EMP-03,2026-06-30T10:44:00,
SQ-9451,STORE-03,DR-12OZ,Dark Roast 12oz,2,16.0,0.0,card,EMP-05,2026-06-30T11:49:00,
SQ-9451,STORE-03,MR-12OZ,Medium Roast 12oz,2,15.5,0.0,card,EMP-05,2026-06-30T11:49:00,
SQ-9452,STORE-03,GRINDER-01,Burr Grinder,2,42.0,0.0,card,EMP-01,2026-06-30T10:36:00,
SQ-9452,STORE-03,DR-8OZ,Dark Roast 8oz,2,11.0,0.0,card,EMP-01,2026-06-30T10:36:00,
SQ-9453,STORE-01,MUG-CER,Ceramic Mug,2,12.0,0.0,card,EMP-11,2026-06-30T11:09:00,555-1754
SQ-9454,STORE-01,DRIPPER-01,Pour-Over Dripper,1,22.0,0.0,cash,EMP-11,2026-06-30T17:32:00,
SQ-9455,STORE-01,GRINDER-01,Burr Grinder,2,42.0,0.0,card,EMP-12,2026-06-30T17:15:00,
SQ-9456,STORE-01,LR-12OZ,Light Roast 12oz,1,15.0,0.0,card,EMP-05,2026-06-30T09:46:00,
SQ-9456,STORE-01,DRIPPER-01,Pour-Over Dripper,1,22.0,0.0,card,EMP-05,2026-06-30T09:46:00,
SQ-9457,STORE-03,DRIPPER-01,Pour-Over Dripper,2,22.0,0.0,card,EMP-11,2026-07-01T10:04:00,555-8588
SQ-9457,STORE-03,MR-12OZ,Medium Roast 12oz,2,15.5,0.0,cash,EMP-11,2026-07-01T10:04:00,555-8588
SQ-9457,STORE-03,DR-12OZ,Dark Roast 12oz,2,16.0,0.0,cash,EMP-11,2026-07-01T10:04:00,555-8588
SQ-9458,STORE-02,MUG-CER,Ceramic Mug,1,12.0,0.0,cash,EMP-05,2026-07-01T16:45:00,
SQ-9458,STORE-02,DR-8OZ,Dark Roast 8oz,2,11.0,0.0,cash,EMP-05,2026-07-01T16:45:00,
SQ-9458,STORE-02,LR-12OZ,Light Roast 12oz,1,15.0,0.0,card,EMP-05,2026-07-01T16:45:00,
SQ-9459,STORE-01,DR-12OZ,Dark Roast 12oz,2,16.0,0.0,card,EMP-06,2026-07-01T08:11:00,
SQ-9460,STORE-03,LR-12OZ,Light Roast 12oz,2,15.0,0.0,cash,EMP-07,2026-07-01T08:52:00,
SQ-9460,STORE-03,DRIPPER-01,Pour-Over Dripper,1,22.0,0.0,card,EMP-07,2026-07-01T08:52:00,
SQ-9460,STORE-03,GRINDER-01,Burr Grinder,1,42.0,0.0,card,EMP-07,2026-07-01T08:52:00,
SQ-9461,STORE-01,GM-8OZ,Ground Medium 8oz,1,6.5,0.0,card,EMP-10,2026-07-01T10:23:00,
SQ-9462,STORE-01,MR-12OZ,Medium Roast 12oz,1,15.5,0.0,card,EMP-10,2026-07-01T17:16:00,
SQ-9463,STORE-02,DRIPPER-01,Pour-Over Dripper,2,22.0,0.0,cash,EMP-12,2026-07-01T12:56:00,
SQ-9464,STORE-01,DR-8OZ,Dark Roast 8oz,2,11.0,0.0,card,EMP-01,2026-07-01T08:58:00,
SQ-9465,STORE-01,DRIPPER-01,Pour-Over Dripper,2,22.0,0.0,card,EMP-12,2026-07-01T09:59:00,555-8588
SQ-9465,STORE-01,DR-12OZ,Dark Roast 12oz,2,16.0,0.0,card,EMP-12,2026-07-01T09:59:00,555-8588
SQ-9465,STORE-01,GM-8OZ,Ground Medium 8oz,1,6.5,0.0,cash,EMP-12,2026-07-01T09:59:00,555-8588
SQ-9466,STORE-02,DR-12OZ,Dark Roast 12oz,2,16.0,0.0,card,EMP-11,2026-07-01T11:54:00,
SQ-9466,STORE-02,DRIPPER-01,Pour-Over Dripper,1,22.0,0.0,cash,EMP-11,2026-07-01T11:54:00,
SQ-9467,STORE-02,LR-12OZ,Light Roast 12oz,2,15.0,0.0,card,EMP-08,2026-07-01T18:52:00,555-9317
SQ-9467,STORE-02,GM-8OZ,Ground Medium 8oz,2,6.5,0.0,cash,EMP-08,2026-07-01T18:52:00,555-9317
SQ-9468,STORE-01,MUG-CER,Ceramic Mug,1,12.0,0.0,card,EMP-11,2026-07-01T08:17:00,
SQ-9469,STORE-01,DR-12OZ,Dark Roast 12oz,1,16.0,0.0,cash,EMP-11,2026-07-01T12:20:00,
SQ-9470,STORE-03,DRIPPER-01,Pour-Over Dripper,1,22.0,0.0,card,EMP-03,2026-07-01T09:46:00,555-0974
SQ-9470,STORE-03,MUG-CER,Ceramic Mug,2,12.0,0.0,card,EMP-03,2026-07-01T09:46:00,555-0974
SQ-9471,STORE-01,DRIPPER-01,Pour-Over Dripper,1,22.0,0.0,card,EMP-12,2026-07-01T13:33:00,
SQ-9472,STORE-01,GRINDER-01,Burr Grinder,1,42.0,0.0,card,EMP-12,2026-07-02T13:39:00,
SQ-9473,STORE-03,MR-12OZ,Medium Roast 12oz,1,15.5,0.0,card,EMP-11,2026-07-02T17:11:00,
SQ-9473,STORE-03,LR-12OZ,Light Roast 12oz,1,15.0,0.0,card,EMP-11,2026-07-02T17:11:00,
SQ-9474,STORE-01,MR-12OZ,Medium Roast 12oz,1,15.5,1.55,card,EMP-08,2026-07-02T09:40:00,
SQ-9475,STORE-02,MR-12OZ,Medium Roast 12oz,1,15.5,0.0,card,EMP-04,2026-07-02T18:44:00,
SQ-9475,STORE-02,DR-8OZ,Dark Roast 8oz,2,11.0,0.0,cash,EMP-04,2026-07-02T18:44:00,
SQ-9476,STORE-02,LR-12OZ,Light Roast 12oz,2,15.0,0.0,card,EMP-01,2026-07-02T08:58:00,555-2004
SQ-9476,STORE-02,MR-12OZ,Medium Roast 12oz,1,15.5,0.0,card,EMP-01,2026-07-02T08:58:00,555-2004
SQ-9476,STORE-02,GM-8OZ,Ground Medium 8oz,2,6.5,0.65,card,EMP-01,2026-07-02T08:58:00,555-2004
SQ-9477,STORE-02,MR-12OZ,Medium Roast 12oz,1,15.5,0.0,cash,EMP-06,2026-07-02T08:09:00,
SQ-9477,STORE-02,GM-8OZ,Ground Medium 8oz,2,6.5,0.0,card,EMP-06,2026-07-02T08:09:00,
SQ-9477,STORE-02,MUG-CER,Ceramic Mug,2,12.0,0.0,cash,EMP-06,2026-07-02T08:09:00,
SQ-9478,STORE-01,MR-12OZ,Medium Roast 12oz,1,15.5,0.0,card,EMP-03,2026-07-02T12:28:00,
SQ-9479,STORE-01,DR-8OZ,Dark Roast 8oz,2,11.0,0.0,card,EMP-01,2026-07-02T09:58:00,
SQ-9479,STORE-01,GRINDER-01,Burr Grinder,2,42.0,0.0,card,EMP-01,2026-07-02T09:58:00,
SQ-9479,STORE-01,GM-8OZ,Ground Medium 8oz,1,6.5,0.0,card,EMP-01,2026-07-02T09:58:00,
SQ-9480,STORE-02,MUG-CER,Ceramic Mug,1,12.0,0.0,card,EMP-06,2026-07-02T07:24:00,555-6811
SQ-9481,STORE-03,DR-8OZ,Dark Roast 8oz,1,11.0,0.0,cash,EMP-04,2026-07-02T18:30:00,
SQ-9482,STORE-02,MR-12OZ,Medium Roast 12oz,2,15.5,0.0,card,EMP-11,2026-07-02T08:52:00,555-6179
SQ-9482,STORE-02,GRINDER-01,Burr Grinder,1,42.0,4.2,card,EMP-11,2026-07-02T08:52:00,555-6179
SQ-9483,STORE-01,GM-8OZ,Ground Medium 8oz,1,6.5,0.0,cash,EMP-01,2026-07-02T13:11:00,
SQ-9483,STORE-01,MUG-CER,Ceramic Mug,2,12.0,0.0,card,EMP-01,2026-07-02T13:11:00,
SQ-9483,STORE-01,MR-12OZ,Medium Roast 12oz,2,15.5,0.0,card,EMP-01,2026-07-02T13:11:00,
SQ-9484,STORE-02,DR-8OZ,Dark Roast 8oz,2,11.0,0.0,card,EMP-03,2026-07-02T12:16:00,
SQ-9484,STORE-02,LR-12OZ,Light Roast 12oz,1,15.0,1.5,card,EMP-03,2026-07-02T12:16:00,
SQ-9484,STORE-02,DR-12OZ,Dark Roast 12oz,2,16.0,0.0,card,EMP-03,2026-07-02T12:16:00,
SQ-9485,STORE-03,MR-12OZ,Medium Roast 12oz,2,15.5,0.0,card,EMP-07,2026-07-02T17:05:00,
SQ-9485,STORE-03,GM-8OZ,Ground Medium 8oz,1,6.5,0.65,card,EMP-07,2026-07-02T17:05:00,
SQ-9485,STORE-03,LR-12OZ,Light Roast 12oz,1,15.0,1.5,card,EMP-07,2026-07-02T17:05:00,
SQ-9486,STORE-02,DR-8OZ,Dark Roast 8oz,1,11.0,0.0,card,EMP-11,2026-07-02T09:42:00,555-6811
SQ-9486,STORE-02,DRIPPER-01,Pour-Over Dripper,1,22.0,0.0,cash,EMP-11,2026-07-02T09:42:00,555-6811
SQ-9487,STORE-03,GRINDER-01,Burr Grinder,2,42.0,0.0,card,EMP-11,2026-07-02T13:29:00,
SQ-9487,STORE-03,DR-12OZ,Dark Roast 12oz,2,16.0,0.0,cash,EMP-11,2026-07-02T13:29:00,
SQ-9488,STORE-01,DR-12OZ,Dark Roast 12oz,2,16.0,0.0,cash,EMP-11,2026-07-03T16:49:00,555-9317
SQ-9488,STORE-01,MR-12OZ,Medium Roast 12oz,2,15.5,0.0,card,EMP-11,2026-07-03T16:49:00,555-9317
SQ-9489,STORE-03,GM-8OZ,Ground Medium 8oz,1,6.5,0.0,cash,EMP-12,2026-07-03T17:36:00,
SQ-9489,STORE-03,DR-8OZ,Dark Roast 8oz,2,11.0,0.0,card,EMP-12,2026-07-03T17:36:00,
SQ-9489,STORE-03,DR-12OZ,Dark Roast 12oz,2,16.0,0.0,card,EMP-12,2026-07-03T17:36:00,
SQ-9490,STORE-01,MUG-CER,Ceramic Mug,2,12.0,0.0,card,EMP-06,2026-07-03T07:10:00,555-5766
SQ-9491,STORE-02,DR-12OZ,Dark Roast 12oz,1,16.0,1.6,cash,EMP-05,2026-07-03T16:40:00,
SQ-9491,STORE-02,MUG-CER,Ceramic Mug,2,12.0,0.0,card,EMP-05,2026-07-03T16:40:00,
SQ-9492,STORE-03,DRIPPER-01,Pour-Over Dripper,2,22.0,0.0,card,EMP-07,2026-07-03T17:48:00,
SQ-9492,STORE-03,GM-8OZ,Ground Medium 8oz,2,6.5,0.0,cash,EMP-07,2026-07-03T17:48:00,
SQ-9493,STORE-02,DR-12OZ,Dark Roast 12oz,2,16.0,0.0,card,EMP-05,2026-07-03T13:44:00,
SQ-9493,STORE-02,DRIPPER-01,Pour-Over Dripper,1,22.0,0.0,card,EMP-05,2026-07-03T13:44:00,
SQ-9494,STORE-03,LR-12OZ,Light Roast 12oz,2,15.0,1.5,card,EMP-10,2026-07-03T18:24:00,
SQ-9494,STORE-03,MR-12OZ,Medium Roast 12oz,1,15.5,0.0,cash,EMP-10,2026-07-03T18:24:00,
SQ-9495,STORE-01,DR-12OZ,Dark Roast 12oz,2,16.0,0.0,card,EMP-10,2026-07-03T12:13:00,555-8588
SQ-9495,STORE-01,DR-8OZ,Dark Roast 8oz,1,11.0,0.0,card,EMP-10,2026-07-03T12:13:00,555-8588
SQ-9496,STORE-02,GM-8OZ,Ground Medium 8oz,2,6.5,0.0,card,EMP-06,2026-07-03T11:15:00,
SQ-9496,STORE-02,DRIPPER-01,Pour-Over Dripper,2,22.0,0.0,cash,EMP-06,2026-07-03T11:15:00,
SQ-9496,STORE-02,GRINDER-01,Burr Grinder,1,42.0,0.0,card,EMP-06,2026-07-03T11:15:00,
SQ-9497,STORE-02,DR-8OZ,Dark Roast 8oz,1,11.0,0.0,card,EMP-02,2026-07-03T11:47:00,555-4647
SQ-9497,STORE-02,MR-12OZ,Medium Roast 12oz,2,15.5,0.0,cash,EMP-02,2026-07-03T11:47:00,555-4647
SQ-9498,STORE-02,DR-12OZ,Dark Roast 12oz,1,16.0,0.0,card,EMP-07,2026-07-03T10:36:00,
SQ-9498,STORE-02,GM-8OZ,Ground Medium 8oz,2,6.5,0.0,card,EMP-07,2026-07-03T10:36:00,
SQ-9499,STORE-03,GM-8OZ,Ground Medium 8oz,1,6.5,0.0,card,EMP-04,2026-07-03T18:30:00,
SQ-9499,STORE-03,DR-12OZ,Dark Roast 12oz,2,16.0,0.0,card,EMP-04,2026-07-03T18:30:00,
SQ-9499,STORE-03,DR-8OZ,Dark Roast 8oz,1,11.0,0.0,card,EMP-04,2026-07-03T18:30:00,
SQ-9500,STORE-02,MR-12OZ,Medium Roast 12oz,2,15.5,0.0,cash,EMP-09,2026-07-03T12:19:00,
SQ-9500,STORE-02,LR-12OZ,Light Roast 12oz,1,15.0,0.0,card,EMP-09,2026-07-03T12:19:00,
SQ-9501,STORE-01,GM-8OZ,Ground Medium 8oz,1,6.5,0.0,card,EMP-10,2026-07-03T10:00:00,555-7136
SQ-9501,STORE-01,MR-12OZ,Medium Roast 12oz,1,15.5,0.0,card,EMP-10,2026-07-03T10:00:00,555-7136
SQ-9502,STORE-03,DRIPPER-01,Pour-Over Dripper,2,22.0,0.0,cash,EMP-04,2026-07-03T12:06:00,555-2174
SQ-9502,STORE-03,LR-12OZ,Light Roast 12oz,1,15.0,0.0,card,EMP-04,2026-07-03T12:06:00,555-2174
SQ-9502,STORE-03,MR-12OZ,Medium Roast 12oz,2,15.5,0.0,cash,EMP-04,2026-07-03T12:06:00,555-2174
SQ-9503,STORE-01,MUG-CER,Ceramic Mug,1,12.0,0.0,card,EMP-05,2026-07-03T16:39:00,555-5766
SQ-9503,STORE-01,GM-8OZ,Ground Medium 8oz,2,6.5,0.0,card,EMP-05,2026-07-03T16:39:00,555-5766
SQ-9503,STORE-01,LR-12OZ,Light Roast 12oz,1,15.0,0.0,card,EMP-05,2026-07-03T16:39:00,555-5766
SQ-9504,STORE-01,LR-12OZ,Light Roast 12oz,1,15.0,1.5,card,EMP-04,2026-07-03T10:18:00,
SQ-9504,STORE-01,MUG-CER,Ceramic Mug,1,12.0,0.0,card,EMP-04,2026-07-03T10:18:00,
SQ-9505,STORE-01,MR-12OZ,Medium Roast 12oz,2,15.5,0.0,cash,EMP-01,2026-07-03T11:26:00,555-1870
SQ-9505,STORE-01,MUG-CER,Ceramic Mug,2,12.0,0.0,card,EMP-01,2026-07-03T11:26:00,555-1870
SQ-9506,STORE-03,GM-8OZ,Ground Medium 8oz,1,6.5,0.0,card,EMP-03,2026-07-04T17:20:00,
SQ-9506,STORE-03,MR-12OZ,Medium Roast 12oz,2,15.5,0.0,card,EMP-03,2026-07-04T17:20:00,
SQ-9506,STORE-03,DRIPPER-01,Pour-Over Dripper,1,22.0,0.0,card,EMP-03,2026-07-04T17:20:00,
SQ-9507,STORE-01,MR-12OZ,Medium Roast 12oz,2,15.5,0.0,card,EMP-01,2026-07-04T11:13:00,
SQ-9508,STORE-01,MUG-CER,Ceramic Mug,2,12.0,0.0,card,EMP-07,2026-07-04T15:39:00,
SQ-9508,STORE-01,DR-8OZ,Dark Roast 8oz,1,11.0,0.0,card,EMP-07,2026-07-04T15:39:00,
SQ-9509,STORE-03,DR-8OZ,Dark Roast 8oz,1,11.0,0.0,card,EMP-06,2026-07-04T10:00:00,555-5865
SQ-9509,STORE-03,DRIPPER-01,Pour-Over Dripper,1,22.0,0.0,card,EMP-06,2026-07-04T10:00:00,555-5865
SQ-9510,STORE-02,DRIPPER-01,Pour-Over Dripper,1,22.0,0.0,cash,EMP-11,2026-07-04T14:28:00,555-2174
SQ-9510,STORE-02,LR-12OZ,Light Roast 12oz,1,15.0,0.0,card,EMP-11,2026-07-04T14:28:00,555-2174
SQ-9511,STORE-02,MUG-CER,Ceramic Mug,1,12.0,1.2,card,EMP-03,2026-07-04T10:57:00,
SQ-9511,STORE-02,DR-8OZ,Dark Roast 8oz,1,11.0,0.0,card,EMP-03,2026-07-04T10:57:00,
SQ-9512,STORE-02,DR-12OZ,Dark Roast 12oz,1,16.0,0.0,cash,EMP-12,2026-07-04T09:15:00,555-7136
SQ-9513,STORE-01,DRIPPER-01,Pour-Over Dripper,1,22.0,0.0,card,EMP-01,2026-07-04T16:51:00,
SQ-9514,STORE-02,GRINDER-01,Burr Grinder,2,42.0,0.0,card,EMP-08,2026-07-04T07:56:00,
SQ-9514,STORE-02,DRIPPER-01,Pour-Over Dripper,2,22.0,0.0,cash,EMP-08,2026-07-04T07:56:00,
SQ-9514,STORE-02,LR-12OZ,Light Roast 12oz,2,15.0,0.0,cash,EMP-08,2026-07-04T07:56:00,
SQ-9515,STORE-01,DR-12OZ,Dark Roast 12oz,2,16.0,0.0,card,EMP-03,2026-07-04T16:50:00,
SQ-9515,STORE-01,MR-12OZ,Medium Roast 12oz,2,15.5,0.0,cash,EMP-03,2026-07-04T16:50:00,
SQ-9516,STORE-03,LR-12OZ,Light Roast 12oz,2,15.0,0.0,card,EMP-02,2026-07-04T09:21:00,
SQ-9517,STORE-02,LR-12OZ,Light Roast 12oz,2,15.0,0.0,card,EMP-12,2026-07-04T13:48:00,
SQ-9517,STORE-02,DR-8OZ,Dark Roast 8oz,2,11.0,0.0,card,EMP-12,2026-07-04T13:48:00,
SQ-9518,STORE-01,DRIPPER-01,Pour-Over Dripper,1,22.0,0.0,cash,EMP-02,2026-07-04T08:08:00,555-5339
SQ-9518,STORE-01,GM-8OZ,Ground Medium 8oz,1,6.5,0.0,card,EMP-02,2026-07-04T08:08:00,555-5339
SQ-9518,STORE-01,DR-12OZ,Dark Roast 12oz,2,16.0,0.0,cash,EMP-02,2026-07-04T08:08:00,555-5339
SQ-9519,STORE-02,LR-12OZ,Light Roast 12oz,2,15.0,0.0,card,EMP-04,2026-07-04T18:02:00,
SQ-9519,STORE-02,DRIPPER-01,Pour-Over Dripper,2,22.0,0.0,card,EMP-04,2026-07-04T18:02:00,
SQ-9519,STORE-02,DR-12OZ,Dark Roast 12oz,2,16.0,0.0,card,EMP-04,2026-07-04T18:02:00,
SQ-9520,STORE-01,DRIPPER-01,Pour-Over Dripper,1,22.0,0.0,card,EMP-04,2026-07-04T14:24:00,
SQ-9521,STORE-01,MUG-CER,Ceramic Mug,2,12.0,0.0,card,EMP-07,2026-07-05T09:07:00,
SQ-9521,STORE-01,DRIPPER-01,Pour-Over Dripper,1,22.0,0.0,card,EMP-07,2026-07-05T09:07:00,
SQ-9521,STORE-01,LR-12OZ,Light Roast 12oz,1,15.0,0.0,card,EMP-07,2026-07-05T09:07:00,
SQ-9522,STORE-02,DRIPPER-01,Pour-Over Dripper,2,22.0,2.2,cash,EMP-01,2026-07-05T11:28:00,
SQ-9522,STORE-02,GM-8OZ,Ground Medium 8oz,1,6.5,0.0,card,EMP-01,2026-07-05T11:28:00,
SQ-9523,STORE-02,MUG-CER,Ceramic Mug,2,12.0,0.0,cash,EMP-09,2026-07-05T16:43:00,
SQ-9523,STORE-02,DR-12OZ,Dark Roast 12oz,2,16.0,0.0,card,EMP-09,2026-07-05T16:43:00,
SQ-9523,STORE-02,GM-8OZ,Ground Medium 8oz,2,6.5,0.0,card,EMP-09,2026-07-05T16:43:00,
SQ-9524,STORE-01,LR-12OZ,Light Roast 12oz,2,15.0,0.0,card,EMP-04,2026-07-05T16:47:00,
SQ-9524,STORE-01,MR-12OZ,Medium Roast 12oz,1,15.5,0.0,card,EMP-04,2026-07-05T16:47:00,
SQ-9525,STORE-01,DR-8OZ,Dark Roast 8oz,1,11.0,1.1,card,EMP-06,2026-07-05T13:05:00,
SQ-9525,STORE-01,DRIPPER-01,Pour-Over Dripper,1,22.0,0.0,card,EMP-06,2026-07-05T13:05:00,
SQ-9525,STORE-01,GM-8OZ,Ground Medium 8oz,1,6.5,0.65,cash,EMP-06,2026-07-05T13:05:00,
SQ-9526,STORE-01,GRINDER-01,Burr Grinder,1,42.0,0.0,card,EMP-06,2026-07-05T07:09:00,
SQ-9526,STORE-01,DR-8OZ,Dark Roast 8oz,2,11.0,0.0,card,EMP-06,2026-07-05T07:09:00,
SQ-9526,STORE-01,MR-12OZ,Medium Roast 12oz,1,15.5,1.55,cash,EMP-06,2026-07-05T07:09:00,
SQ-9527,STORE-01,MUG-CER,Ceramic Mug,1,12.0,0.0,card,EMP-01,2026-07-05T12:42:00,555-5377
SQ-9527,STORE-01,DR-12OZ,Dark Roast 12oz,1,16.0,1.6,card,EMP-01,2026-07-05T12:42:00,555-5377
SQ-9527,STORE-01,DR-8OZ,Dark Roast 8oz,1,11.0,1.1,card,EMP-01,2026-07-05T12:42:00,555-5377
SQ-9528,STORE-01,MUG-CER,Ceramic Mug,2,12.0,0.0,card,EMP-03,2026-07-05T09:06:00,
SQ-9529,STORE-03,DRIPPER-01,Pour-Over Dripper,2,22.0,0.0,card,EMP-09,2026-07-05T12:34:00,555-1370
SQ-9529,STORE-03,MR-12OZ,Medium Roast 12oz,1,15.5,0.0,card,EMP-09,2026-07-05T12:34:00,555-1370
SQ-9530,STORE-03,DR-12OZ,Dark Roast 12oz,1,16.0,0.0,card,EMP-05,2026-07-05T15:03:00,
SQ-9531,STORE-03,DRIPPER-01,Pour-Over Dripper,2,22.0,0.0,cash,EMP-08,2026-07-05T15:58:00,
SQ-9531,STORE-03,DR-8OZ,Dark Roast 8oz,2,11.0,0.0,cash,EMP-08,2026-07-05T15:58:00,
SQ-9531,STORE-03,LR-12OZ,Light Roast 12oz,2,15.0,0.0,card,EMP-08,2026-07-05T15:58:00,
SQ-9532,STORE-03,DR-8OZ,Dark Roast 8oz,1,11.0,0.0,cash,EMP-11,2026-07-05T13:46:00,555-4064
SQ-9533,STORE-01,DR-8OZ,Dark Roast 8oz,1,11.0,0.0,card,EMP-05,2026-07-05T09:04:00,555-0449
SQ-9533,STORE-01,DR-12OZ,Dark Roast 12oz,1,16.0,0.0,cash,EMP-05,2026-07-05T09:04:00,555-0449
SQ-9533,STORE-01,LR-12OZ,Light Roast 12oz,1,15.0,1.5,cash,EMP-05,2026-07-05T09:04:00,555-0449
SQ-9534,STORE-01,DR-8OZ,Dark Roast 8oz,1,11.0,0.0,card,EMP-10,2026-07-05T13:37:00,
SQ-9534,STORE-01,MUG-CER,Ceramic Mug,1,12.0,0.0,card,EMP-10,2026-07-05T13:37:00,
SQ-9535,STORE-01,LR-12OZ,Light Roast 12oz,1,15.0,1.5,card,EMP-07,2026-07-05T10:56:00,
SQ-9536,STORE-01,GRINDER-01,Burr Grinder,1,42.0,0.0,card,EMP-04,2026-07-05T18:10:00,
SQ-9536,STORE-01,DR-8OZ,Dark Roast 8oz,2,11.0,0.0,card,EMP-04,2026-07-05T18:10:00,
SQ-9536,STORE-01,DR-12OZ,Dark Roast 12oz,1,16.0,0.0,card,EMP-04,2026-07-05T18:10:00,
SQ-9537,STORE-03,LR-12OZ,Light Roast 12oz,1,15.0,0.0,card,EMP-09,2026-07-05T18:00:00,
SQ-9537,STORE-03,MR-12OZ,Medium Roast 12oz,1,15.5,0.0,cash,EMP-09,2026-07-05T18:00:00,
SQ-9537,STORE-03,GM-8OZ,Ground Medium 8oz,1,6.5,0.0,cash,EMP-09,2026-07-05T18:00:00,
SQ-9538,STORE-01,GRINDER-01,Burr Grinder,1,42.0,0.0,cash,EMP-04,2026-07-05T10:11:00,
SQ-9538,STORE-01,MUG-CER,Ceramic Mug,1,12.0,0.0,card,EMP-04,2026-07-05T10:11:00,
SQ-9538,STORE-01,DR-8OZ,Dark Roast 8oz,2,11.0,0.0,cash,EMP-04,2026-07-05T10:11:00,
SQ-9539,STORE-01,DR-8OZ,Dark Roast 8oz,1,11.0,0.0,card,EMP-02,2026-07-05T10:27:00,
SQ-9540,STORE-01,MR-12OZ,Medium Roast 12oz,2,15.5,0.0,card,EMP-09,2026-07-06T18:38:00,555-7139
SQ-9540,STORE-01,LR-12OZ,Light Roast 12oz,2,15.0,0.0,card,EMP-09,2026-07-06T18:38:00,555-7139
SQ-9540,STORE-01,DR-8OZ,Dark Roast 8oz,2,11.0,0.0,cash,EMP-09,2026-07-06T18:38:00,555-7139
SQ-9541,STORE-02,MUG-CER,Ceramic Mug,1,12.0,1.2,card,EMP-07,2026-07-06T13:06:00,
SQ-9541,STORE-02,GRINDER-01,Burr Grinder,2,42.0,0.0,card,EMP-07,2026-07-06T13:06:00,
SQ-9541,STORE-02,GM-8OZ,Ground Medium 8oz,1,6.5,0.0,cash,EMP-07,2026-07-06T13:06:00,
SQ-9542,STORE-02,MUG-CER,Ceramic Mug,2,12.0,0.0,card,EMP-12,2026-07-06T08:29:00,
SQ-9543,STORE-03,DR-12OZ,Dark Roast 12oz,1,16.0,0.0,cash,EMP-08,2026-07-06T18:19:00,
SQ-9544,STORE-02,MUG-CER,Ceramic Mug,1,12.0,0.0,cash,EMP-07,2026-07-06T18:52:00,
SQ-9545,STORE-01,MUG-CER,Ceramic Mug,2,12.0,0.0,card,EMP-10,2026-07-06T11:39:00,
SQ-9546,STORE-03,GM-8OZ,Ground Medium 8oz,1,6.5,0.0,cash,EMP-08,2026-07-06T13:40:00,
SQ-9546,STORE-03,DR-8OZ,Dark Roast 8oz,1,11.0,0.0,cash,EMP-08,2026-07-06T13:40:00,
SQ-9546,STORE-03,DRIPPER-01,Pour-Over Dripper,2,22.0,0.0,card,EMP-08,2026-07-06T13:40:00,
SQ-9547,STORE-01,DR-12OZ,Dark Roast 12oz,2,16.0,0.0,cash,EMP-08,2026-07-06T14:36:00,
SQ-9548,STORE-02,GRINDER-01,Burr Grinder,1,42.0,0.0,card,EMP-10,2026-07-06T15:22:00,
SQ-9548,STORE-02,LR-12OZ,Light Roast 12oz,2,15.0,0.0,cash,EMP-10,2026-07-06T15:22:00,
SQ-9549,STORE-01,MR-12OZ,Medium Roast 12oz,1,15.5,0.0,card,EMP-11,2026-07-06T11:53:00,
SQ-9549,STORE-01,DRIPPER-01,Pour-Over Dripper,1,22.0,0.0,card,EMP-11,2026-07-06T11:53:00,
SQ-9550,STORE-01,DR-12OZ,Dark Roast 12oz,1,16.0,0.0,card,EMP-09,2026-07-06T16:10:00,
SQ-9550,STORE-01,LR-12OZ,Light Roast 12oz,1,15.0,0.0,cash,EMP-09,2026-07-06T16:10:00,
SQ-9551,STORE-01,LR-12OZ,Light Roast 12oz,2,15.0,0.0,card,EMP-01,2026-07-06T13:25:00,555-5395
SQ-9552,STORE-02,MR-12OZ,Medium Roast 12oz,1,15.5,0.0,card,EMP-01,2026-07-06T15:06:00,
SQ-9552,STORE-02,GRINDER-01,Burr Grinder,1,42.0,0.0,cash,EMP-01,2026-07-06T15:06:00,
SQ-9552,STORE-02,MUG-CER,Ceramic Mug,2,12.0,0.0,card,EMP-01,2026-07-06T15:06:00,
SQ-9553,STORE-03,LR-12OZ,Light Roast 12oz,2,15.0,0.0,card,EMP-04,2026-07-06T12:26:00,
SQ-9554,STORE-01,GRINDER-01,Burr Grinder,2,42.0,0.0,card,EMP-12,2026-07-06T07:13:00,555-2145
SQ-9554,STORE-01,DR-12OZ,Dark Roast 12oz,2,16.0,0.0,card,EMP-12,2026-07-06T07:13:00,555-2145
SQ-9555,STORE-03,GM-8OZ,Ground Medium 8oz,1,6.5,0.0,cash,EMP-08,2026-07-06T11:49:00,
SQ-9555,STORE-03,MR-12OZ,Medium Roast 12oz,1,15.5,0.0,cash,EMP-08,2026-07-06T11:49:00,
SQ-9555,STORE-03,GRINDER-01,Burr Grinder,1,42.0,0.0,card,EMP-08,2026-07-06T11:49:00,
SQ-9556,STORE-01,DR-8OZ,Dark Roast 8oz,1,11.0,0.0,card,EMP-07,2026-07-06T08:40:00,
SQ-9556,STORE-01,DR-12OZ,Dark Roast 12oz,2,16.0,0.0,card,EMP-07,2026-07-06T08:40:00,
SQ-9557,STORE-01,GM-8OZ,Ground Medium 8oz,2,6.5,0.0,cash,EMP-07,2026-07-06T16:38:00,
SQ-9557,STORE-01,MUG-CER,Ceramic Mug,2,12.0,0.0,card,EMP-07,2026-07-06T16:38:00,
SQ-9558,STORE-01,GRINDER-01,Burr Grinder,1,42.0,0.0,cash,EMP-06,2026-07-07T09:07:00,
SQ-9558,STORE-01,DRIPPER-01,Pour-Over Dripper,1,22.0,0.0,card,EMP-06,2026-07-07T09:07:00,
SQ-9558,STORE-01,MR-12OZ,Medium Roast 12oz,1,15.5,0.0,card,EMP-06,2026-07-07T09:07:00,
SQ-9559,STORE-01,DRIPPER-01,Pour-Over Dripper,1,22.0,0.0,card,EMP-11,2026-07-07T10:59:00,
SQ-9559,STORE-01,GRINDER-01,Burr Grinder,2,42.0,0.0,card,EMP-11,2026-07-07T10:59:00,
SQ-9560,STORE-03,MR-12OZ,Medium Roast 12oz,2,15.5,0.0,card,EMP-06,2026-07-07T11:43:00,
SQ-9560,STORE-03,GM-8OZ,Ground Medium 8oz,1,6.5,0.0,cash,EMP-06,2026-07-07T11:43:00,
SQ-9560,STORE-03,DRIPPER-01,Pour-Over Dripper,1,22.0,0.0,card,EMP-06,2026-07-07T11:43:00,
SQ-9561,STORE-02,DR-12OZ,Dark Roast 12oz,1,16.0,0.0,card,EMP-12,2026-07-07T18:22:00,555-3161
SQ-9561,STORE-02,DRIPPER-01,Pour-Over Dripper,1,22.0,0.0,card,EMP-12,2026-07-07T18:22:00,555-3161
SQ-9561,STORE-02,MUG-CER,Ceramic Mug,2,12.0,0.0,card,EMP-12,2026-07-07T18:22:00,555-3161
SQ-9562,STORE-03,MR-12OZ,Medium Roast 12oz,2,15.5,0.0,card,EMP-09,2026-07-07T14:31:00,555-7136
SQ-9562,STORE-03,GM-8OZ,Ground Medium 8oz,2,6.5,0.0,card,EMP-09,2026-07-07T14:31:00,555-7136
SQ-9562,STORE-03,LR-12OZ,Light Roast 12oz,1,15.0,0.0,card,EMP-09,2026-07-07T14:31:00,555-7136
SQ-9563,STORE-01,MUG-CER,Ceramic Mug,2,12.0,0.0,card,EMP-07,2026-07-07T18:54:00,
SQ-9564,STORE-02,DR-12OZ,Dark Roast 12oz,1,16.0,0.0,cash,EMP-01,2026-07-07T08:03:00,
SQ-9564,STORE-02,LR-12OZ,Light Roast 12oz,2,15.0,0.0,card,EMP-01,2026-07-07T08:03:00,
SQ-9564,STORE-02,GRINDER-01,Burr Grinder,2,42.0,0.0,card,EMP-01,2026-07-07T08:03:00,
SQ-9565,STORE-01,GM-8OZ,Ground Medium 8oz,1,6.5,0.0,card,EMP-12,2026-07-07T11:28:00,
SQ-9565,STORE-01,DR-12OZ,Dark Roast 12oz,2,16.0,0.0,card,EMP-12,2026-07-07T11:28:00,
SQ-9565,STORE-01,MR-12OZ,Medium Roast 12oz,1,15.5,1.55,card,EMP-12,2026-07-07T11:28:00,
SQ-9566,STORE-02,MR-12OZ,Medium Roast 12oz,1,15.5,0.0,card,EMP-02,2026-07-07T15:34:00,555-6238
SQ-9566,STORE-02,DRIPPER-01,Pour-Over Dripper,1,22.0,0.0,card,EMP-02,2026-07-07T15:34:00,555-6238
SQ-9566,STORE-02,DR-12OZ,Dark Roast 12oz,2,16.0,0.0,card,EMP-02,2026-07-07T15:34:00,555-6238
SQ-9567,STORE-03,DRIPPER-01,Pour-Over Dripper,2,22.0,0.0,cash,EMP-08,2026-07-07T08:22:00,
SQ-9567,STORE-03,DR-8OZ,Dark Roast 8oz,1,11.0,0.0,card,EMP-08,2026-07-07T08:22:00,
SQ-9567,STORE-03,DR-12OZ,Dark Roast 12oz,2,16.0,0.0,cash,EMP-08,2026-07-07T08:22:00,
SQ-9568,STORE-03,MUG-CER,Ceramic Mug,1,12.0,0.0,card,EMP-11,2026-07-07T11:26:00,
SQ-9569,STORE-01,DRIPPER-01,Pour-Over Dripper,2,22.0,0.0,cash,EMP-06,2026-07-07T15:36:00,
SQ-9569,STORE-01,DR-8OZ,Dark Roast 8oz,2,11.0,1.1,cash,EMP-06,2026-07-07T15:36:00,
SQ-9570,STORE-02,DR-8OZ,Dark Roast 8oz,1,11.0,0.0,cash,EMP-10,2026-07-07T18:24:00,
SQ-9570,STORE-02,LR-12OZ,Light Roast 12oz,1,15.0,0.0,card,EMP-10,2026-07-07T18:24:00,
SQ-9571,STORE-02,DR-12OZ,Dark Roast 12oz,1,16.0,0.0,card,EMP-06,2026-07-07T17:50:00,
SQ-9572,STORE-02,MUG-CER,Ceramic Mug,1,12.0,0.0,cash,EMP-11,2026-07-07T10:36:00,555-2374
SQ-9572,STORE-02,DR-8OZ,Dark Roast 8oz,2,11.0,0.0,card,EMP-11,2026-07-07T10:36:00,555-2374
SQ-9572,STORE-02,DR-12OZ,Dark Roast 12oz,2,16.0,0.0,card,EMP-11,2026-07-07T10:36:00,555-2374
SQ-9573,STORE-03,DRIPPER-01,Pour-Over Dripper,2,22.0,0.0,cash,EMP-10,2026-07-07T17:39:00,
SQ-9573,STORE-03,DR-8OZ,Dark Roast 8oz,2,11.0,0.0,card,EMP-10,2026-07-07T17:39:00,
SQ-9574,STORE-03,LR-12OZ,Light Roast 12oz,1,15.0,1.5,cash,EMP-10,2026-07-07T09:33:00,
SQ-9575,STORE-03,DR-8OZ,Dark Roast 8oz,2,11.0,0.0,card,EMP-11,2026-07-07T15:38:00,
SQ-9575,STORE-03,GRINDER-01,Burr Grinder,2,42.0,0.0,cash,EMP-11,2026-07-07T15:38:00,
SQ-9575,STORE-03,DRIPPER-01,Pour-Over Dripper,1,22.0,0.0,card,EMP-11,2026-07-07T15:38:00,
SQ-9576,STORE-02,DRIPPER-01,Pour-Over Dripper,1,22.0,0.0,cash,EMP-04,2026-07-07T12:51:00,555-7136
SQ-9576,STORE-02,GRINDER-01,Burr Grinder,1,42.0,4.2,card,EMP-04,2026-07-07T12:51:00,555-7136
SQ-9577,STORE-03,DR-8OZ,Dark Roast 8oz,1,11.0,0.0,cash,EMP-06,2026-07-07T07:13:00,
SQ-9577,STORE-03,GRINDER-01,Burr Grinder,1,42.0,0.0,card,EMP-06,2026-07-07T07:13:00,
SQ-9578,STORE-03,LR-12OZ,Light Roast 12oz,2,15.0,0.0,card,EMP-12,2026-07-07T07:56:00,
SQ-9578,STORE-03,GRINDER-01,Burr Grinder,2,42.0,0.0,cash,EMP-12,2026-07-07T07:56:00,
SQ-9578,STORE-03,DR-12OZ,Dark Roast 12oz,2,16.0,0.0,card,EMP-12,2026-07-07T07:56:00,
