[2026-07-22T00:07:50.060+0000] {processor.py:186} INFO - Started process (PID=102) to work on /home/airflow/.local/lib/python3.12/site-packages/airflow/example_dags/example_outlet_event_extra.py
[2026-07-22T00:07:50.061+0000] {processor.py:914} INFO - Processing file /home/airflow/.local/lib/python3.12/site-packages/airflow/example_dags/example_outlet_event_extra.py for tasks to queue
[2026-07-22T00:07:50.065+0000] {logging_mixin.py:190} INFO - [2026-07-22T00:07:50.064+0000] {dagbag.py:588} INFO - Filling up the DagBag from /home/airflow/.local/lib/python3.12/site-packages/airflow/example_dags/example_outlet_event_extra.py
[2026-07-22T00:07:51.421+0000] {processor.py:925} INFO - DAG(s) 'dataset_with_extra_by_context', 'dataset_with_extra_by_yield', 'dataset_with_extra_from_classic_operator' retrieved from /home/airflow/.local/lib/python3.12/site-packages/airflow/example_dags/example_outlet_event_extra.py
[2026-07-22T00:07:51.480+0000] {logging_mixin.py:190} INFO - [2026-07-22T00:07:51.480+0000] {dag.py:3239} INFO - Sync 3 DAGs
[2026-07-22T00:07:51.531+0000] {logging_mixin.py:190} INFO - [2026-07-22T00:07:51.530+0000] {dag.py:4180} INFO - Setting next_dagrun for dataset_with_extra_by_context to 2026-07-21 00:00:00+00:00, run_after=2026-07-22 00:00:00+00:00
[2026-07-22T00:07:51.540+0000] {logging_mixin.py:190} INFO - [2026-07-22T00:07:51.540+0000] {dag.py:4180} INFO - Setting next_dagrun for dataset_with_extra_by_yield to 2026-07-21 00:00:00+00:00, run_after=2026-07-22 00:00:00+00:00
[2026-07-22T00:07:51.545+0000] {logging_mixin.py:190} INFO - [2026-07-22T00:07:51.545+0000] {dag.py:4180} INFO - Setting next_dagrun for dataset_with_extra_from_classic_operator to 2026-07-21 00:00:00+00:00, run_after=2026-07-22 00:00:00+00:00
[2026-07-22T00:07:51.583+0000] {processor.py:208} INFO - Processing /home/airflow/.local/lib/python3.12/site-packages/airflow/example_dags/example_outlet_event_extra.py took 1.531 seconds
[2026-07-22T00:08:22.428+0000] {processor.py:186} INFO - Started process (PID=170) to work on /home/airflow/.local/lib/python3.12/site-packages/airflow/example_dags/example_outlet_event_extra.py
[2026-07-22T00:08:22.431+0000] {processor.py:914} INFO - Processing file /home/airflow/.local/lib/python3.12/site-packages/airflow/example_dags/example_outlet_event_extra.py for tasks to queue
[2026-07-22T00:08:22.436+0000] {logging_mixin.py:190} INFO - [2026-07-22T00:08:22.435+0000] {dagbag.py:588} INFO - Filling up the DagBag from /home/airflow/.local/lib/python3.12/site-packages/airflow/example_dags/example_outlet_event_extra.py
[2026-07-22T00:08:23.809+0000] {processor.py:925} INFO - DAG(s) 'dataset_with_extra_by_context', 'dataset_with_extra_by_yield', 'dataset_with_extra_from_classic_operator' retrieved from /home/airflow/.local/lib/python3.12/site-packages/airflow/example_dags/example_outlet_event_extra.py
[2026-07-22T00:08:23.854+0000] {logging_mixin.py:190} INFO - [2026-07-22T00:08:23.853+0000] {dag.py:3239} INFO - Sync 3 DAGs
[2026-07-22T00:08:23.907+0000] {logging_mixin.py:190} INFO - [2026-07-22T00:08:23.907+0000] {dag.py:4180} INFO - Setting next_dagrun for dataset_with_extra_by_context to 2026-07-21 00:00:00+00:00, run_after=2026-07-22 00:00:00+00:00
[2026-07-22T00:08:23.918+0000] {logging_mixin.py:190} INFO - [2026-07-22T00:08:23.918+0000] {dag.py:4180} INFO - Setting next_dagrun for dataset_with_extra_by_yield to 2026-07-21 00:00:00+00:00, run_after=2026-07-22 00:00:00+00:00
[2026-07-22T00:08:23.925+0000] {logging_mixin.py:190} INFO - [2026-07-22T00:08:23.924+0000] {dag.py:4180} INFO - Setting next_dagrun for dataset_with_extra_from_classic_operator to 2026-07-21 00:00:00+00:00, run_after=2026-07-22 00:00:00+00:00
[2026-07-22T00:08:23.964+0000] {processor.py:208} INFO - Processing /home/airflow/.local/lib/python3.12/site-packages/airflow/example_dags/example_outlet_event_extra.py took 1.547 seconds
[2026-07-22T00:08:54.388+0000] {processor.py:186} INFO - Started process (PID=234) to work on /home/airflow/.local/lib/python3.12/site-packages/airflow/example_dags/example_outlet_event_extra.py
[2026-07-22T00:08:54.390+0000] {processor.py:914} INFO - Processing file /home/airflow/.local/lib/python3.12/site-packages/airflow/example_dags/example_outlet_event_extra.py for tasks to queue
[2026-07-22T00:08:54.395+0000] {logging_mixin.py:190} INFO - [2026-07-22T00:08:54.395+0000] {dagbag.py:588} INFO - Filling up the DagBag from /home/airflow/.local/lib/python3.12/site-packages/airflow/example_dags/example_outlet_event_extra.py
[2026-07-22T00:08:55.269+0000] {processor.py:925} INFO - DAG(s) 'dataset_with_extra_by_context', 'dataset_with_extra_from_classic_operator', 'dataset_with_extra_by_yield' retrieved from /home/airflow/.local/lib/python3.12/site-packages/airflow/example_dags/example_outlet_event_extra.py
[2026-07-22T00:08:55.302+0000] {logging_mixin.py:190} INFO - [2026-07-22T00:08:55.301+0000] {dag.py:3239} INFO - Sync 3 DAGs
[2026-07-22T00:08:55.335+0000] {logging_mixin.py:190} INFO - [2026-07-22T00:08:55.335+0000] {dag.py:4180} INFO - Setting next_dagrun for dataset_with_extra_by_context to 2026-07-21 00:00:00+00:00, run_after=2026-07-22 00:00:00+00:00
[2026-07-22T00:08:55.343+0000] {logging_mixin.py:190} INFO - [2026-07-22T00:08:55.342+0000] {dag.py:4180} INFO - Setting next_dagrun for dataset_with_extra_by_yield to 2026-07-21 00:00:00+00:00, run_after=2026-07-22 00:00:00+00:00
[2026-07-22T00:08:55.346+0000] {logging_mixin.py:190} INFO - [2026-07-22T00:08:55.346+0000] {dag.py:4180} INFO - Setting next_dagrun for dataset_with_extra_from_classic_operator to 2026-07-21 00:00:00+00:00, run_after=2026-07-22 00:00:00+00:00
[2026-07-22T00:08:55.377+0000] {processor.py:208} INFO - Processing /home/airflow/.local/lib/python3.12/site-packages/airflow/example_dags/example_outlet_event_extra.py took 1.000 seconds
[2026-07-22T00:09:26.317+0000] {processor.py:186} INFO - Started process (PID=298) to work on /home/airflow/.local/lib/python3.12/site-packages/airflow/example_dags/example_outlet_event_extra.py
[2026-07-22T00:09:26.318+0000] {processor.py:914} INFO - Processing file /home/airflow/.local/lib/python3.12/site-packages/airflow/example_dags/example_outlet_event_extra.py for tasks to queue
[2026-07-22T00:09:26.322+0000] {logging_mixin.py:190} INFO - [2026-07-22T00:09:26.322+0000] {dagbag.py:588} INFO - Filling up the DagBag from /home/airflow/.local/lib/python3.12/site-packages/airflow/example_dags/example_outlet_event_extra.py
[2026-07-22T00:09:27.158+0000] {processor.py:925} INFO - DAG(s) 'dataset_with_extra_from_classic_operator', 'dataset_with_extra_by_context', 'dataset_with_extra_by_yield' retrieved from /home/airflow/.local/lib/python3.12/site-packages/airflow/example_dags/example_outlet_event_extra.py
[2026-07-22T00:09:27.194+0000] {logging_mixin.py:190} INFO - [2026-07-22T00:09:27.193+0000] {dag.py:3239} INFO - Sync 3 DAGs
[2026-07-22T00:09:27.233+0000] {logging_mixin.py:190} INFO - [2026-07-22T00:09:27.233+0000] {dag.py:4180} INFO - Setting next_dagrun for dataset_with_extra_by_context to 2026-07-21 00:00:00+00:00, run_after=2026-07-22 00:00:00+00:00
[2026-07-22T00:09:27.240+0000] {logging_mixin.py:190} INFO - [2026-07-22T00:09:27.240+0000] {dag.py:4180} INFO - Setting next_dagrun for dataset_with_extra_by_yield to 2026-07-21 00:00:00+00:00, run_after=2026-07-22 00:00:00+00:00
[2026-07-22T00:09:27.244+0000] {logging_mixin.py:190} INFO - [2026-07-22T00:09:27.244+0000] {dag.py:4180} INFO - Setting next_dagrun for dataset_with_extra_from_classic_operator to 2026-07-21 00:00:00+00:00, run_after=2026-07-22 00:00:00+00:00
[2026-07-22T00:09:27.275+0000] {processor.py:208} INFO - Processing /home/airflow/.local/lib/python3.12/site-packages/airflow/example_dags/example_outlet_event_extra.py took 0.966 seconds
[2026-07-22T00:09:57.772+0000] {processor.py:186} INFO - Started process (PID=368) to work on /home/airflow/.local/lib/python3.12/site-packages/airflow/example_dags/example_outlet_event_extra.py
[2026-07-22T00:09:57.775+0000] {processor.py:914} INFO - Processing file /home/airflow/.local/lib/python3.12/site-packages/airflow/example_dags/example_outlet_event_extra.py for tasks to queue
[2026-07-22T00:09:57.780+0000] {logging_mixin.py:190} INFO - [2026-07-22T00:09:57.780+0000] {dagbag.py:588} INFO - Filling up the DagBag from /home/airflow/.local/lib/python3.12/site-packages/airflow/example_dags/example_outlet_event_extra.py
[2026-07-22T00:09:58.517+0000] {processor.py:925} INFO - DAG(s) 'dataset_with_extra_by_yield', 'dataset_with_extra_by_context', 'dataset_with_extra_from_classic_operator' retrieved from /home/airflow/.local/lib/python3.12/site-packages/airflow/example_dags/example_outlet_event_extra.py
[2026-07-22T00:09:58.544+0000] {logging_mixin.py:190} INFO - [2026-07-22T00:09:58.544+0000] {dag.py:3239} INFO - Sync 3 DAGs
[2026-07-22T00:09:58.576+0000] {logging_mixin.py:190} INFO - [2026-07-22T00:09:58.575+0000] {dag.py:4180} INFO - Setting next_dagrun for dataset_with_extra_by_context to 2026-07-21 00:00:00+00:00, run_after=2026-07-22 00:00:00+00:00
[2026-07-22T00:09:58.586+0000] {logging_mixin.py:190} INFO - [2026-07-22T00:09:58.585+0000] {dag.py:4180} INFO - Setting next_dagrun for dataset_with_extra_by_yield to 2026-07-21 00:00:00+00:00, run_after=2026-07-22 00:00:00+00:00
[2026-07-22T00:09:58.590+0000] {logging_mixin.py:190} INFO - [2026-07-22T00:09:58.590+0000] {dag.py:4180} INFO - Setting next_dagrun for dataset_with_extra_from_classic_operator to 2026-07-21 00:00:00+00:00, run_after=2026-07-22 00:00:00+00:00
[2026-07-22T00:09:58.624+0000] {processor.py:208} INFO - Processing /home/airflow/.local/lib/python3.12/site-packages/airflow/example_dags/example_outlet_event_extra.py took 0.864 seconds
[2026-07-22T00:10:29.598+0000] {processor.py:186} INFO - Started process (PID=432) to work on /home/airflow/.local/lib/python3.12/site-packages/airflow/example_dags/example_outlet_event_extra.py
[2026-07-22T00:10:29.600+0000] {processor.py:914} INFO - Processing file /home/airflow/.local/lib/python3.12/site-packages/airflow/example_dags/example_outlet_event_extra.py for tasks to queue
[2026-07-22T00:10:29.604+0000] {logging_mixin.py:190} INFO - [2026-07-22T00:10:29.603+0000] {dagbag.py:588} INFO - Filling up the DagBag from /home/airflow/.local/lib/python3.12/site-packages/airflow/example_dags/example_outlet_event_extra.py
[2026-07-22T00:10:30.321+0000] {processor.py:925} INFO - DAG(s) 'dataset_with_extra_by_context', 'dataset_with_extra_from_classic_operator', 'dataset_with_extra_by_yield' retrieved from /home/airflow/.local/lib/python3.12/site-packages/airflow/example_dags/example_outlet_event_extra.py
[2026-07-22T00:10:30.352+0000] {logging_mixin.py:190} INFO - [2026-07-22T00:10:30.352+0000] {dag.py:3239} INFO - Sync 3 DAGs
[2026-07-22T00:10:30.387+0000] {logging_mixin.py:190} INFO - [2026-07-22T00:10:30.387+0000] {dag.py:4180} INFO - Setting next_dagrun for dataset_with_extra_by_context to 2026-07-21 00:00:00+00:00, run_after=2026-07-22 00:00:00+00:00
[2026-07-22T00:10:30.393+0000] {logging_mixin.py:190} INFO - [2026-07-22T00:10:30.393+0000] {dag.py:4180} INFO - Setting next_dagrun for dataset_with_extra_by_yield to 2026-07-21 00:00:00+00:00, run_after=2026-07-22 00:00:00+00:00
[2026-07-22T00:10:30.397+0000] {logging_mixin.py:190} INFO - [2026-07-22T00:10:30.397+0000] {dag.py:4180} INFO - Setting next_dagrun for dataset_with_extra_from_classic_operator to 2026-07-21 00:00:00+00:00, run_after=2026-07-22 00:00:00+00:00
[2026-07-22T00:10:30.431+0000] {processor.py:208} INFO - Processing /home/airflow/.local/lib/python3.12/site-packages/airflow/example_dags/example_outlet_event_extra.py took 0.841 seconds
[2026-07-22T00:11:00.880+0000] {processor.py:186} INFO - Started process (PID=496) to work on /home/airflow/.local/lib/python3.12/site-packages/airflow/example_dags/example_outlet_event_extra.py
[2026-07-22T00:11:00.881+0000] {processor.py:914} INFO - Processing file /home/airflow/.local/lib/python3.12/site-packages/airflow/example_dags/example_outlet_event_extra.py for tasks to queue
[2026-07-22T00:11:00.885+0000] {logging_mixin.py:190} INFO - [2026-07-22T00:11:00.885+0000] {dagbag.py:588} INFO - Filling up the DagBag from /home/airflow/.local/lib/python3.12/site-packages/airflow/example_dags/example_outlet_event_extra.py
[2026-07-22T00:11:01.537+0000] {processor.py:925} INFO - DAG(s) 'dataset_with_extra_by_yield', 'dataset_with_extra_by_context', 'dataset_with_extra_from_classic_operator' retrieved from /home/airflow/.local/lib/python3.12/site-packages/airflow/example_dags/example_outlet_event_extra.py
[2026-07-22T00:11:01.564+0000] {logging_mixin.py:190} INFO - [2026-07-22T00:11:01.564+0000] {dag.py:3239} INFO - Sync 3 DAGs
[2026-07-22T00:11:01.595+0000] {logging_mixin.py:190} INFO - [2026-07-22T00:11:01.595+0000] {dag.py:4180} INFO - Setting next_dagrun for dataset_with_extra_by_context to 2026-07-21 00:00:00+00:00, run_after=2026-07-22 00:00:00+00:00
[2026-07-22T00:11:01.602+0000] {logging_mixin.py:190} INFO - [2026-07-22T00:11:01.602+0000] {dag.py:4180} INFO - Setting next_dagrun for dataset_with_extra_by_yield to 2026-07-21 00:00:00+00:00, run_after=2026-07-22 00:00:00+00:00
[2026-07-22T00:11:01.607+0000] {logging_mixin.py:190} INFO - [2026-07-22T00:11:01.607+0000] {dag.py:4180} INFO - Setting next_dagrun for dataset_with_extra_from_classic_operator to 2026-07-21 00:00:00+00:00, run_after=2026-07-22 00:00:00+00:00
[2026-07-22T00:11:01.633+0000] {processor.py:208} INFO - Processing /home/airflow/.local/lib/python3.12/site-packages/airflow/example_dags/example_outlet_event_extra.py took 0.761 seconds
[2026-07-22T00:11:32.429+0000] {processor.py:186} INFO - Started process (PID=560) to work on /home/airflow/.local/lib/python3.12/site-packages/airflow/example_dags/example_outlet_event_extra.py
[2026-07-22T00:11:32.465+0000] {processor.py:914} INFO - Processing file /home/airflow/.local/lib/python3.12/site-packages/airflow/example_dags/example_outlet_event_extra.py for tasks to queue
[2026-07-22T00:11:32.477+0000] {logging_mixin.py:190} INFO - [2026-07-22T00:11:32.476+0000] {dagbag.py:588} INFO - Filling up the DagBag from /home/airflow/.local/lib/python3.12/site-packages/airflow/example_dags/example_outlet_event_extra.py
[2026-07-22T00:11:33.411+0000] {processor.py:925} INFO - DAG(s) 'dataset_with_extra_from_classic_operator', 'dataset_with_extra_by_yield', 'dataset_with_extra_by_context' retrieved from /home/airflow/.local/lib/python3.12/site-packages/airflow/example_dags/example_outlet_event_extra.py
[2026-07-22T00:11:33.454+0000] {logging_mixin.py:190} INFO - [2026-07-22T00:11:33.454+0000] {dag.py:3239} INFO - Sync 3 DAGs
[2026-07-22T00:11:33.488+0000] {logging_mixin.py:190} INFO - [2026-07-22T00:11:33.488+0000] {dag.py:4180} INFO - Setting next_dagrun for dataset_with_extra_by_context to 2026-07-21 00:00:00+00:00, run_after=2026-07-22 00:00:00+00:00
[2026-07-22T00:11:33.498+0000] {logging_mixin.py:190} INFO - [2026-07-22T00:11:33.497+0000] {dag.py:4180} INFO - Setting next_dagrun for dataset_with_extra_by_yield to 2026-07-21 00:00:00+00:00, run_after=2026-07-22 00:00:00+00:00
[2026-07-22T00:11:33.503+0000] {logging_mixin.py:190} INFO - [2026-07-22T00:11:33.502+0000] {dag.py:4180} INFO - Setting next_dagrun for dataset_with_extra_from_classic_operator to 2026-07-21 00:00:00+00:00, run_after=2026-07-22 00:00:00+00:00
[2026-07-22T00:11:33.538+0000] {processor.py:208} INFO - Processing /home/airflow/.local/lib/python3.12/site-packages/airflow/example_dags/example_outlet_event_extra.py took 1.130 seconds
[2026-07-22T00:12:03.725+0000] {processor.py:186} INFO - Started process (PID=625) to work on /home/airflow/.local/lib/python3.12/site-packages/airflow/example_dags/example_outlet_event_extra.py
[2026-07-22T00:12:03.727+0000] {processor.py:914} INFO - Processing file /home/airflow/.local/lib/python3.12/site-packages/airflow/example_dags/example_outlet_event_extra.py for tasks to queue
[2026-07-22T00:12:03.731+0000] {logging_mixin.py:190} INFO - [2026-07-22T00:12:03.730+0000] {dagbag.py:588} INFO - Filling up the DagBag from /home/airflow/.local/lib/python3.12/site-packages/airflow/example_dags/example_outlet_event_extra.py
[2026-07-22T00:12:04.682+0000] {processor.py:925} INFO - DAG(s) 'dataset_with_extra_by_yield', 'dataset_with_extra_from_classic_operator', 'dataset_with_extra_by_context' retrieved from /home/airflow/.local/lib/python3.12/site-packages/airflow/example_dags/example_outlet_event_extra.py
[2026-07-22T00:12:04.717+0000] {logging_mixin.py:190} INFO - [2026-07-22T00:12:04.717+0000] {dag.py:3239} INFO - Sync 3 DAGs
[2026-07-22T00:12:04.757+0000] {logging_mixin.py:190} INFO - [2026-07-22T00:12:04.757+0000] {dag.py:4180} INFO - Setting next_dagrun for dataset_with_extra_by_context to 2026-07-21 00:00:00+00:00, run_after=2026-07-22 00:00:00+00:00
[2026-07-22T00:12:04.765+0000] {logging_mixin.py:190} INFO - [2026-07-22T00:12:04.764+0000] {dag.py:4180} INFO - Setting next_dagrun for dataset_with_extra_by_yield to 2026-07-21 00:00:00+00:00, run_after=2026-07-22 00:00:00+00:00
[2026-07-22T00:12:04.769+0000] {logging_mixin.py:190} INFO - [2026-07-22T00:12:04.769+0000] {dag.py:4180} INFO - Setting next_dagrun for dataset_with_extra_from_classic_operator to 2026-07-21 00:00:00+00:00, run_after=2026-07-22 00:00:00+00:00
[2026-07-22T00:12:04.799+0000] {processor.py:208} INFO - Processing /home/airflow/.local/lib/python3.12/site-packages/airflow/example_dags/example_outlet_event_extra.py took 1.083 seconds
[2026-07-22T00:12:35.120+0000] {processor.py:186} INFO - Started process (PID=690) to work on /home/airflow/.local/lib/python3.12/site-packages/airflow/example_dags/example_outlet_event_extra.py
[2026-07-22T00:12:35.121+0000] {processor.py:914} INFO - Processing file /home/airflow/.local/lib/python3.12/site-packages/airflow/example_dags/example_outlet_event_extra.py for tasks to queue
[2026-07-22T00:12:35.125+0000] {logging_mixin.py:190} INFO - [2026-07-22T00:12:35.125+0000] {dagbag.py:588} INFO - Filling up the DagBag from /home/airflow/.local/lib/python3.12/site-packages/airflow/example_dags/example_outlet_event_extra.py
[2026-07-22T00:12:35.962+0000] {processor.py:925} INFO - DAG(s) 'dataset_with_extra_by_yield', 'dataset_with_extra_from_classic_operator', 'dataset_with_extra_by_context' retrieved from /home/airflow/.local/lib/python3.12/site-packages/airflow/example_dags/example_outlet_event_extra.py
[2026-07-22T00:12:35.997+0000] {logging_mixin.py:190} INFO - [2026-07-22T00:12:35.996+0000] {dag.py:3239} INFO - Sync 3 DAGs
[2026-07-22T00:12:36.031+0000] {logging_mixin.py:190} INFO - [2026-07-22T00:12:36.031+0000] {dag.py:4180} INFO - Setting next_dagrun for dataset_with_extra_by_context to 2026-07-21 00:00:00+00:00, run_after=2026-07-22 00:00:00+00:00
[2026-07-22T00:12:36.041+0000] {logging_mixin.py:190} INFO - [2026-07-22T00:12:36.040+0000] {dag.py:4180} INFO - Setting next_dagrun for dataset_with_extra_by_yield to 2026-07-21 00:00:00+00:00, run_after=2026-07-22 00:00:00+00:00
[2026-07-22T00:12:36.046+0000] {logging_mixin.py:190} INFO - [2026-07-22T00:12:36.045+0000] {dag.py:4180} INFO - Setting next_dagrun for dataset_with_extra_from_classic_operator to 2026-07-21 00:00:00+00:00, run_after=2026-07-22 00:00:00+00:00
[2026-07-22T00:12:36.075+0000] {processor.py:208} INFO - Processing /home/airflow/.local/lib/python3.12/site-packages/airflow/example_dags/example_outlet_event_extra.py took 0.966 seconds
[2026-07-22T00:13:06.152+0000] {processor.py:186} INFO - Started process (PID=754) to work on /home/airflow/.local/lib/python3.12/site-packages/airflow/example_dags/example_outlet_event_extra.py
[2026-07-22T00:13:06.153+0000] {processor.py:914} INFO - Processing file /home/airflow/.local/lib/python3.12/site-packages/airflow/example_dags/example_outlet_event_extra.py for tasks to queue
[2026-07-22T00:13:06.157+0000] {logging_mixin.py:190} INFO - [2026-07-22T00:13:06.156+0000] {dagbag.py:588} INFO - Filling up the DagBag from /home/airflow/.local/lib/python3.12/site-packages/airflow/example_dags/example_outlet_event_extra.py
[2026-07-22T00:13:06.807+0000] {processor.py:925} INFO - DAG(s) 'dataset_with_extra_by_context', 'dataset_with_extra_from_classic_operator', 'dataset_with_extra_by_yield' retrieved from /home/airflow/.local/lib/python3.12/site-packages/airflow/example_dags/example_outlet_event_extra.py
[2026-07-22T00:13:06.833+0000] {logging_mixin.py:190} INFO - [2026-07-22T00:13:06.833+0000] {dag.py:3239} INFO - Sync 3 DAGs
[2026-07-22T00:13:06.861+0000] {logging_mixin.py:190} INFO - [2026-07-22T00:13:06.861+0000] {dag.py:4180} INFO - Setting next_dagrun for dataset_with_extra_by_context to 2026-07-21 00:00:00+00:00, run_after=2026-07-22 00:00:00+00:00
[2026-07-22T00:13:06.868+0000] {logging_mixin.py:190} INFO - [2026-07-22T00:13:06.868+0000] {dag.py:4180} INFO - Setting next_dagrun for dataset_with_extra_by_yield to 2026-07-21 00:00:00+00:00, run_after=2026-07-22 00:00:00+00:00
[2026-07-22T00:13:06.872+0000] {logging_mixin.py:190} INFO - [2026-07-22T00:13:06.872+0000] {dag.py:4180} INFO - Setting next_dagrun for dataset_with_extra_from_classic_operator to 2026-07-21 00:00:00+00:00, run_after=2026-07-22 00:00:00+00:00
[2026-07-22T00:13:06.898+0000] {processor.py:208} INFO - Processing /home/airflow/.local/lib/python3.12/site-packages/airflow/example_dags/example_outlet_event_extra.py took 0.754 seconds
[2026-07-22T00:13:37.514+0000] {processor.py:186} INFO - Started process (PID=817) to work on /home/airflow/.local/lib/python3.12/site-packages/airflow/example_dags/example_outlet_event_extra.py
[2026-07-22T00:13:37.516+0000] {processor.py:914} INFO - Processing file /home/airflow/.local/lib/python3.12/site-packages/airflow/example_dags/example_outlet_event_extra.py for tasks to queue
[2026-07-22T00:13:37.521+0000] {logging_mixin.py:190} INFO - [2026-07-22T00:13:37.520+0000] {dagbag.py:588} INFO - Filling up the DagBag from /home/airflow/.local/lib/python3.12/site-packages/airflow/example_dags/example_outlet_event_extra.py
[2026-07-22T00:13:38.237+0000] {processor.py:925} INFO - DAG(s) 'dataset_with_extra_by_yield', 'dataset_with_extra_from_classic_operator', 'dataset_with_extra_by_context' retrieved from /home/airflow/.local/lib/python3.12/site-packages/airflow/example_dags/example_outlet_event_extra.py
[2026-07-22T00:13:38.272+0000] {logging_mixin.py:190} INFO - [2026-07-22T00:13:38.272+0000] {dag.py:3239} INFO - Sync 3 DAGs
[2026-07-22T00:13:38.308+0000] {logging_mixin.py:190} INFO - [2026-07-22T00:13:38.308+0000] {dag.py:4180} INFO - Setting next_dagrun for dataset_with_extra_by_context to 2026-07-21 00:00:00+00:00, run_after=2026-07-22 00:00:00+00:00
[2026-07-22T00:13:38.316+0000] {logging_mixin.py:190} INFO - [2026-07-22T00:13:38.315+0000] {dag.py:4180} INFO - Setting next_dagrun for dataset_with_extra_by_yield to 2026-07-21 00:00:00+00:00, run_after=2026-07-22 00:00:00+00:00
[2026-07-22T00:13:38.320+0000] {logging_mixin.py:190} INFO - [2026-07-22T00:13:38.320+0000] {dag.py:4180} INFO - Setting next_dagrun for dataset_with_extra_from_classic_operator to 2026-07-21 00:00:00+00:00, run_after=2026-07-22 00:00:00+00:00
[2026-07-22T00:13:38.350+0000] {processor.py:208} INFO - Processing /home/airflow/.local/lib/python3.12/site-packages/airflow/example_dags/example_outlet_event_extra.py took 0.846 seconds
[2026-07-22T00:14:08.452+0000] {processor.py:186} INFO - Started process (PID=881) to work on /home/airflow/.local/lib/python3.12/site-packages/airflow/example_dags/example_outlet_event_extra.py
[2026-07-22T00:14:08.453+0000] {processor.py:914} INFO - Processing file /home/airflow/.local/lib/python3.12/site-packages/airflow/example_dags/example_outlet_event_extra.py for tasks to queue
[2026-07-22T00:14:08.457+0000] {logging_mixin.py:190} INFO - [2026-07-22T00:14:08.456+0000] {dagbag.py:588} INFO - Filling up the DagBag from /home/airflow/.local/lib/python3.12/site-packages/airflow/example_dags/example_outlet_event_extra.py
[2026-07-22T00:14:09.183+0000] {processor.py:925} INFO - DAG(s) 'dataset_with_extra_by_context', 'dataset_with_extra_from_classic_operator', 'dataset_with_extra_by_yield' retrieved from /home/airflow/.local/lib/python3.12/site-packages/airflow/example_dags/example_outlet_event_extra.py
[2026-07-22T00:14:09.217+0000] {logging_mixin.py:190} INFO - [2026-07-22T00:14:09.216+0000] {dag.py:3239} INFO - Sync 3 DAGs
[2026-07-22T00:14:09.259+0000] {logging_mixin.py:190} INFO - [2026-07-22T00:14:09.258+0000] {dag.py:4180} INFO - Setting next_dagrun for dataset_with_extra_by_context to 2026-07-21 00:00:00+00:00, run_after=2026-07-22 00:00:00+00:00
[2026-07-22T00:14:09.270+0000] {logging_mixin.py:190} INFO - [2026-07-22T00:14:09.270+0000] {dag.py:4180} INFO - Setting next_dagrun for dataset_with_extra_by_yield to 2026-07-21 00:00:00+00:00, run_after=2026-07-22 00:00:00+00:00
[2026-07-22T00:14:09.275+0000] {logging_mixin.py:190} INFO - [2026-07-22T00:14:09.275+0000] {dag.py:4180} INFO - Setting next_dagrun for dataset_with_extra_from_classic_operator to 2026-07-21 00:00:00+00:00, run_after=2026-07-22 00:00:00+00:00
[2026-07-22T00:14:09.309+0000] {processor.py:208} INFO - Processing /home/airflow/.local/lib/python3.12/site-packages/airflow/example_dags/example_outlet_event_extra.py took 0.868 seconds
[2026-07-22T00:14:39.421+0000] {processor.py:186} INFO - Started process (PID=948) to work on /home/airflow/.local/lib/python3.12/site-packages/airflow/example_dags/example_outlet_event_extra.py
[2026-07-22T00:14:39.423+0000] {processor.py:914} INFO - Processing file /home/airflow/.local/lib/python3.12/site-packages/airflow/example_dags/example_outlet_event_extra.py for tasks to queue
[2026-07-22T00:14:39.425+0000] {logging_mixin.py:190} INFO - [2026-07-22T00:14:39.425+0000] {dagbag.py:588} INFO - Filling up the DagBag from /home/airflow/.local/lib/python3.12/site-packages/airflow/example_dags/example_outlet_event_extra.py
[2026-07-22T00:14:40.028+0000] {processor.py:925} INFO - DAG(s) 'dataset_with_extra_by_yield', 'dataset_with_extra_from_classic_operator', 'dataset_with_extra_by_context' retrieved from /home/airflow/.local/lib/python3.12/site-packages/airflow/example_dags/example_outlet_event_extra.py
[2026-07-22T00:14:40.053+0000] {logging_mixin.py:190} INFO - [2026-07-22T00:14:40.053+0000] {dag.py:3239} INFO - Sync 3 DAGs
[2026-07-22T00:14:40.078+0000] {logging_mixin.py:190} INFO - [2026-07-22T00:14:40.078+0000] {dag.py:4180} INFO - Setting next_dagrun for dataset_with_extra_by_context to 2026-07-21 00:00:00+00:00, run_after=2026-07-22 00:00:00+00:00
[2026-07-22T00:14:40.086+0000] {logging_mixin.py:190} INFO - [2026-07-22T00:14:40.086+0000] {dag.py:4180} INFO - Setting next_dagrun for dataset_with_extra_by_yield to 2026-07-21 00:00:00+00:00, run_after=2026-07-22 00:00:00+00:00
[2026-07-22T00:14:40.090+0000] {logging_mixin.py:190} INFO - [2026-07-22T00:14:40.090+0000] {dag.py:4180} INFO - Setting next_dagrun for dataset_with_extra_from_classic_operator to 2026-07-21 00:00:00+00:00, run_after=2026-07-22 00:00:00+00:00
[2026-07-22T00:14:40.114+0000] {processor.py:208} INFO - Processing /home/airflow/.local/lib/python3.12/site-packages/airflow/example_dags/example_outlet_event_extra.py took 0.699 seconds
[2026-07-22T00:15:10.220+0000] {processor.py:186} INFO - Started process (PID=1011) to work on /home/airflow/.local/lib/python3.12/site-packages/airflow/example_dags/example_outlet_event_extra.py
[2026-07-22T00:15:10.221+0000] {processor.py:914} INFO - Processing file /home/airflow/.local/lib/python3.12/site-packages/airflow/example_dags/example_outlet_event_extra.py for tasks to queue
[2026-07-22T00:15:10.223+0000] {logging_mixin.py:190} INFO - [2026-07-22T00:15:10.223+0000] {dagbag.py:588} INFO - Filling up the DagBag from /home/airflow/.local/lib/python3.12/site-packages/airflow/example_dags/example_outlet_event_extra.py
[2026-07-22T00:15:10.731+0000] {processor.py:925} INFO - DAG(s) 'dataset_with_extra_by_yield', 'dataset_with_extra_by_context', 'dataset_with_extra_from_classic_operator' retrieved from /home/airflow/.local/lib/python3.12/site-packages/airflow/example_dags/example_outlet_event_extra.py
[2026-07-22T00:15:10.762+0000] {logging_mixin.py:190} INFO - [2026-07-22T00:15:10.762+0000] {dag.py:3239} INFO - Sync 3 DAGs
[2026-07-22T00:15:10.785+0000] {logging_mixin.py:190} INFO - [2026-07-22T00:15:10.785+0000] {dag.py:4180} INFO - Setting next_dagrun for dataset_with_extra_by_context to 2026-07-21 00:00:00+00:00, run_after=2026-07-22 00:00:00+00:00
[2026-07-22T00:15:10.791+0000] {logging_mixin.py:190} INFO - [2026-07-22T00:15:10.791+0000] {dag.py:4180} INFO - Setting next_dagrun for dataset_with_extra_by_yield to 2026-07-21 00:00:00+00:00, run_after=2026-07-22 00:00:00+00:00
[2026-07-22T00:15:10.795+0000] {logging_mixin.py:190} INFO - [2026-07-22T00:15:10.794+0000] {dag.py:4180} INFO - Setting next_dagrun for dataset_with_extra_from_classic_operator to 2026-07-21 00:00:00+00:00, run_after=2026-07-22 00:00:00+00:00
[2026-07-22T00:15:10.873+0000] {processor.py:208} INFO - Processing /home/airflow/.local/lib/python3.12/site-packages/airflow/example_dags/example_outlet_event_extra.py took 0.659 seconds
[2026-07-22T00:15:41.008+0000] {processor.py:186} INFO - Started process (PID=1072) to work on /home/airflow/.local/lib/python3.12/site-packages/airflow/example_dags/example_outlet_event_extra.py
[2026-07-22T00:15:41.010+0000] {processor.py:914} INFO - Processing file /home/airflow/.local/lib/python3.12/site-packages/airflow/example_dags/example_outlet_event_extra.py for tasks to queue
[2026-07-22T00:15:41.013+0000] {logging_mixin.py:190} INFO - [2026-07-22T00:15:41.013+0000] {dagbag.py:588} INFO - Filling up the DagBag from /home/airflow/.local/lib/python3.12/site-packages/airflow/example_dags/example_outlet_event_extra.py
[2026-07-22T00:15:41.814+0000] {processor.py:925} INFO - DAG(s) 'dataset_with_extra_by_yield', 'dataset_with_extra_by_context', 'dataset_with_extra_from_classic_operator' retrieved from /home/airflow/.local/lib/python3.12/site-packages/airflow/example_dags/example_outlet_event_extra.py
[2026-07-22T00:15:41.847+0000] {logging_mixin.py:190} INFO - [2026-07-22T00:15:41.847+0000] {dag.py:3239} INFO - Sync 3 DAGs
[2026-07-22T00:15:41.876+0000] {logging_mixin.py:190} INFO - [2026-07-22T00:15:41.875+0000] {dag.py:4180} INFO - Setting next_dagrun for dataset_with_extra_by_context to 2026-07-21 00:00:00+00:00, run_after=2026-07-22 00:00:00+00:00
[2026-07-22T00:15:41.883+0000] {logging_mixin.py:190} INFO - [2026-07-22T00:15:41.883+0000] {dag.py:4180} INFO - Setting next_dagrun for dataset_with_extra_by_yield to 2026-07-21 00:00:00+00:00, run_after=2026-07-22 00:00:00+00:00
[2026-07-22T00:15:41.888+0000] {logging_mixin.py:190} INFO - [2026-07-22T00:15:41.888+0000] {dag.py:4180} INFO - Setting next_dagrun for dataset_with_extra_from_classic_operator to 2026-07-21 00:00:00+00:00, run_after=2026-07-22 00:00:00+00:00
[2026-07-22T00:15:41.916+0000] {processor.py:208} INFO - Processing /home/airflow/.local/lib/python3.12/site-packages/airflow/example_dags/example_outlet_event_extra.py took 0.917 seconds
[2026-07-22T00:16:12.079+0000] {processor.py:186} INFO - Started process (PID=1142) to work on /home/airflow/.local/lib/python3.12/site-packages/airflow/example_dags/example_outlet_event_extra.py
[2026-07-22T00:16:12.080+0000] {processor.py:914} INFO - Processing file /home/airflow/.local/lib/python3.12/site-packages/airflow/example_dags/example_outlet_event_extra.py for tasks to queue
[2026-07-22T00:16:12.083+0000] {logging_mixin.py:190} INFO - [2026-07-22T00:16:12.083+0000] {dagbag.py:588} INFO - Filling up the DagBag from /home/airflow/.local/lib/python3.12/site-packages/airflow/example_dags/example_outlet_event_extra.py
[2026-07-22T00:16:12.741+0000] {processor.py:925} INFO - DAG(s) 'dataset_with_extra_from_classic_operator', 'dataset_with_extra_by_context', 'dataset_with_extra_by_yield' retrieved from /home/airflow/.local/lib/python3.12/site-packages/airflow/example_dags/example_outlet_event_extra.py
[2026-07-22T00:16:12.771+0000] {logging_mixin.py:190} INFO - [2026-07-22T00:16:12.771+0000] {dag.py:3239} INFO - Sync 3 DAGs
[2026-07-22T00:16:12.805+0000] {logging_mixin.py:190} INFO - [2026-07-22T00:16:12.805+0000] {dag.py:4180} INFO - Setting next_dagrun for dataset_with_extra_by_context to 2026-07-21 00:00:00+00:00, run_after=2026-07-22 00:00:00+00:00
[2026-07-22T00:16:12.814+0000] {logging_mixin.py:190} INFO - [2026-07-22T00:16:12.813+0000] {dag.py:4180} INFO - Setting next_dagrun for dataset_with_extra_by_yield to 2026-07-21 00:00:00+00:00, run_after=2026-07-22 00:00:00+00:00
[2026-07-22T00:16:12.818+0000] {logging_mixin.py:190} INFO - [2026-07-22T00:16:12.817+0000] {dag.py:4180} INFO - Setting next_dagrun for dataset_with_extra_from_classic_operator to 2026-07-21 00:00:00+00:00, run_after=2026-07-22 00:00:00+00:00
[2026-07-22T00:16:12.850+0000] {processor.py:208} INFO - Processing /home/airflow/.local/lib/python3.12/site-packages/airflow/example_dags/example_outlet_event_extra.py took 0.778 seconds
[2026-07-22T00:16:43.592+0000] {processor.py:186} INFO - Started process (PID=1209) to work on /home/airflow/.local/lib/python3.12/site-packages/airflow/example_dags/example_outlet_event_extra.py
[2026-07-22T00:16:43.593+0000] {processor.py:914} INFO - Processing file /home/airflow/.local/lib/python3.12/site-packages/airflow/example_dags/example_outlet_event_extra.py for tasks to queue
[2026-07-22T00:16:43.596+0000] {logging_mixin.py:190} INFO - [2026-07-22T00:16:43.596+0000] {dagbag.py:588} INFO - Filling up the DagBag from /home/airflow/.local/lib/python3.12/site-packages/airflow/example_dags/example_outlet_event_extra.py
[2026-07-22T00:16:44.255+0000] {processor.py:925} INFO - DAG(s) 'dataset_with_extra_by_context', 'dataset_with_extra_by_yield', 'dataset_with_extra_from_classic_operator' retrieved from /home/airflow/.local/lib/python3.12/site-packages/airflow/example_dags/example_outlet_event_extra.py
[2026-07-22T00:16:44.290+0000] {logging_mixin.py:190} INFO - [2026-07-22T00:16:44.290+0000] {dag.py:3239} INFO - Sync 3 DAGs
[2026-07-22T00:16:44.334+0000] {logging_mixin.py:190} INFO - [2026-07-22T00:16:44.334+0000] {dag.py:4180} INFO - Setting next_dagrun for dataset_with_extra_by_context to 2026-07-21 00:00:00+00:00, run_after=2026-07-22 00:00:00+00:00
[2026-07-22T00:16:44.344+0000] {logging_mixin.py:190} INFO - [2026-07-22T00:16:44.343+0000] {dag.py:4180} INFO - Setting next_dagrun for dataset_with_extra_by_yield to 2026-07-21 00:00:00+00:00, run_after=2026-07-22 00:00:00+00:00
[2026-07-22T00:16:44.349+0000] {logging_mixin.py:190} INFO - [2026-07-22T00:16:44.349+0000] {dag.py:4180} INFO - Setting next_dagrun for dataset_with_extra_from_classic_operator to 2026-07-21 00:00:00+00:00, run_after=2026-07-22 00:00:00+00:00
[2026-07-22T00:16:44.384+0000] {processor.py:208} INFO - Processing /home/airflow/.local/lib/python3.12/site-packages/airflow/example_dags/example_outlet_event_extra.py took 0.800 seconds
[2026-07-22T00:17:14.599+0000] {processor.py:186} INFO - Started process (PID=1273) to work on /home/airflow/.local/lib/python3.12/site-packages/airflow/example_dags/example_outlet_event_extra.py
[2026-07-22T00:17:14.601+0000] {processor.py:914} INFO - Processing file /home/airflow/.local/lib/python3.12/site-packages/airflow/example_dags/example_outlet_event_extra.py for tasks to queue
[2026-07-22T00:17:14.604+0000] {logging_mixin.py:190} INFO - [2026-07-22T00:17:14.604+0000] {dagbag.py:588} INFO - Filling up the DagBag from /home/airflow/.local/lib/python3.12/site-packages/airflow/example_dags/example_outlet_event_extra.py
[2026-07-22T00:17:15.368+0000] {processor.py:925} INFO - DAG(s) 'dataset_with_extra_by_yield', 'dataset_with_extra_from_classic_operator', 'dataset_with_extra_by_context' retrieved from /home/airflow/.local/lib/python3.12/site-packages/airflow/example_dags/example_outlet_event_extra.py
[2026-07-22T00:17:15.403+0000] {logging_mixin.py:190} INFO - [2026-07-22T00:17:15.403+0000] {dag.py:3239} INFO - Sync 3 DAGs
[2026-07-22T00:17:15.448+0000] {logging_mixin.py:190} INFO - [2026-07-22T00:17:15.447+0000] {dag.py:4180} INFO - Setting next_dagrun for dataset_with_extra_by_context to 2026-07-21 00:00:00+00:00, run_after=2026-07-22 00:00:00+00:00
[2026-07-22T00:17:15.457+0000] {logging_mixin.py:190} INFO - [2026-07-22T00:17:15.457+0000] {dag.py:4180} INFO - Setting next_dagrun for dataset_with_extra_by_yield to 2026-07-21 00:00:00+00:00, run_after=2026-07-22 00:00:00+00:00
[2026-07-22T00:17:15.461+0000] {logging_mixin.py:190} INFO - [2026-07-22T00:17:15.461+0000] {dag.py:4180} INFO - Setting next_dagrun for dataset_with_extra_from_classic_operator to 2026-07-21 00:00:00+00:00, run_after=2026-07-22 00:00:00+00:00
[2026-07-22T00:17:15.491+0000] {processor.py:208} INFO - Processing /home/airflow/.local/lib/python3.12/site-packages/airflow/example_dags/example_outlet_event_extra.py took 0.901 seconds
[2026-07-22T00:17:45.732+0000] {processor.py:186} INFO - Started process (PID=1340) to work on /home/airflow/.local/lib/python3.12/site-packages/airflow/example_dags/example_outlet_event_extra.py
[2026-07-22T00:17:45.733+0000] {processor.py:914} INFO - Processing file /home/airflow/.local/lib/python3.12/site-packages/airflow/example_dags/example_outlet_event_extra.py for tasks to queue
[2026-07-22T00:17:45.737+0000] {logging_mixin.py:190} INFO - [2026-07-22T00:17:45.736+0000] {dagbag.py:588} INFO - Filling up the DagBag from /home/airflow/.local/lib/python3.12/site-packages/airflow/example_dags/example_outlet_event_extra.py
[2026-07-22T00:17:46.722+0000] {processor.py:925} INFO - DAG(s) 'dataset_with_extra_by_yield', 'dataset_with_extra_by_context', 'dataset_with_extra_from_classic_operator' retrieved from /home/airflow/.local/lib/python3.12/site-packages/airflow/example_dags/example_outlet_event_extra.py
[2026-07-22T00:17:46.758+0000] {logging_mixin.py:190} INFO - [2026-07-22T00:17:46.758+0000] {dag.py:3239} INFO - Sync 3 DAGs
[2026-07-22T00:17:46.793+0000] {logging_mixin.py:190} INFO - [2026-07-22T00:17:46.793+0000] {dag.py:4180} INFO - Setting next_dagrun for dataset_with_extra_by_context to 2026-07-21 00:00:00+00:00, run_after=2026-07-22 00:00:00+00:00
[2026-07-22T00:17:46.802+0000] {logging_mixin.py:190} INFO - [2026-07-22T00:17:46.802+0000] {dag.py:4180} INFO - Setting next_dagrun for dataset_with_extra_by_yield to 2026-07-21 00:00:00+00:00, run_after=2026-07-22 00:00:00+00:00
[2026-07-22T00:17:46.808+0000] {logging_mixin.py:190} INFO - [2026-07-22T00:17:46.808+0000] {dag.py:4180} INFO - Setting next_dagrun for dataset_with_extra_from_classic_operator to 2026-07-21 00:00:00+00:00, run_after=2026-07-22 00:00:00+00:00
[2026-07-22T00:17:46.846+0000] {processor.py:208} INFO - Processing /home/airflow/.local/lib/python3.12/site-packages/airflow/example_dags/example_outlet_event_extra.py took 1.122 seconds
[2026-07-22T00:18:17.274+0000] {processor.py:186} INFO - Started process (PID=1407) to work on /home/airflow/.local/lib/python3.12/site-packages/airflow/example_dags/example_outlet_event_extra.py
[2026-07-22T00:18:17.275+0000] {processor.py:914} INFO - Processing file /home/airflow/.local/lib/python3.12/site-packages/airflow/example_dags/example_outlet_event_extra.py for tasks to queue
[2026-07-22T00:18:17.279+0000] {logging_mixin.py:190} INFO - [2026-07-22T00:18:17.278+0000] {dagbag.py:588} INFO - Filling up the DagBag from /home/airflow/.local/lib/python3.12/site-packages/airflow/example_dags/example_outlet_event_extra.py
[2026-07-22T00:18:18.015+0000] {processor.py:925} INFO - DAG(s) 'dataset_with_extra_from_classic_operator', 'dataset_with_extra_by_context', 'dataset_with_extra_by_yield' retrieved from /home/airflow/.local/lib/python3.12/site-packages/airflow/example_dags/example_outlet_event_extra.py
[2026-07-22T00:18:18.046+0000] {logging_mixin.py:190} INFO - [2026-07-22T00:18:18.045+0000] {dag.py:3239} INFO - Sync 3 DAGs
[2026-07-22T00:18:18.072+0000] {logging_mixin.py:190} INFO - [2026-07-22T00:18:18.071+0000] {dag.py:4180} INFO - Setting next_dagrun for dataset_with_extra_by_context to 2026-07-21 00:00:00+00:00, run_after=2026-07-22 00:00:00+00:00
[2026-07-22T00:18:18.078+0000] {logging_mixin.py:190} INFO - [2026-07-22T00:18:18.078+0000] {dag.py:4180} INFO - Setting next_dagrun for dataset_with_extra_by_yield to 2026-07-21 00:00:00+00:00, run_after=2026-07-22 00:00:00+00:00
[2026-07-22T00:18:18.082+0000] {logging_mixin.py:190} INFO - [2026-07-22T00:18:18.082+0000] {dag.py:4180} INFO - Setting next_dagrun for dataset_with_extra_from_classic_operator to 2026-07-21 00:00:00+00:00, run_after=2026-07-22 00:00:00+00:00
[2026-07-22T00:18:18.118+0000] {processor.py:208} INFO - Processing /home/airflow/.local/lib/python3.12/site-packages/airflow/example_dags/example_outlet_event_extra.py took 0.854 seconds
[2026-07-22T00:18:48.252+0000] {processor.py:186} INFO - Started process (PID=1477) to work on /home/airflow/.local/lib/python3.12/site-packages/airflow/example_dags/example_outlet_event_extra.py
[2026-07-22T00:18:48.254+0000] {processor.py:914} INFO - Processing file /home/airflow/.local/lib/python3.12/site-packages/airflow/example_dags/example_outlet_event_extra.py for tasks to queue
[2026-07-22T00:18:48.257+0000] {logging_mixin.py:190} INFO - [2026-07-22T00:18:48.256+0000] {dagbag.py:588} INFO - Filling up the DagBag from /home/airflow/.local/lib/python3.12/site-packages/airflow/example_dags/example_outlet_event_extra.py
[2026-07-22T00:18:48.865+0000] {processor.py:925} INFO - DAG(s) 'dataset_with_extra_by_context', 'dataset_with_extra_from_classic_operator', 'dataset_with_extra_by_yield' retrieved from /home/airflow/.local/lib/python3.12/site-packages/airflow/example_dags/example_outlet_event_extra.py
[2026-07-22T00:18:48.890+0000] {logging_mixin.py:190} INFO - [2026-07-22T00:18:48.889+0000] {dag.py:3239} INFO - Sync 3 DAGs
[2026-07-22T00:18:48.913+0000] {logging_mixin.py:190} INFO - [2026-07-22T00:18:48.913+0000] {dag.py:4180} INFO - Setting next_dagrun for dataset_with_extra_by_context to 2026-07-21 00:00:00+00:00, run_after=2026-07-22 00:00:00+00:00
[2026-07-22T00:18:48.921+0000] {logging_mixin.py:190} INFO - [2026-07-22T00:18:48.921+0000] {dag.py:4180} INFO - Setting next_dagrun for dataset_with_extra_by_yield to 2026-07-21 00:00:00+00:00, run_after=2026-07-22 00:00:00+00:00
[2026-07-22T00:18:48.924+0000] {logging_mixin.py:190} INFO - [2026-07-22T00:18:48.924+0000] {dag.py:4180} INFO - Setting next_dagrun for dataset_with_extra_from_classic_operator to 2026-07-21 00:00:00+00:00, run_after=2026-07-22 00:00:00+00:00
[2026-07-22T00:18:48.946+0000] {processor.py:208} INFO - Processing /home/airflow/.local/lib/python3.12/site-packages/airflow/example_dags/example_outlet_event_extra.py took 0.701 seconds
[2026-07-22T00:19:19.774+0000] {processor.py:186} INFO - Started process (PID=1541) to work on /home/airflow/.local/lib/python3.12/site-packages/airflow/example_dags/example_outlet_event_extra.py
[2026-07-22T00:19:19.775+0000] {processor.py:914} INFO - Processing file /home/airflow/.local/lib/python3.12/site-packages/airflow/example_dags/example_outlet_event_extra.py for tasks to queue
[2026-07-22T00:19:19.778+0000] {logging_mixin.py:190} INFO - [2026-07-22T00:19:19.778+0000] {dagbag.py:588} INFO - Filling up the DagBag from /home/airflow/.local/lib/python3.12/site-packages/airflow/example_dags/example_outlet_event_extra.py
[2026-07-22T00:19:20.615+0000] {processor.py:925} INFO - DAG(s) 'dataset_with_extra_from_classic_operator', 'dataset_with_extra_by_yield', 'dataset_with_extra_by_context' retrieved from /home/airflow/.local/lib/python3.12/site-packages/airflow/example_dags/example_outlet_event_extra.py
[2026-07-22T00:19:20.656+0000] {logging_mixin.py:190} INFO - [2026-07-22T00:19:20.655+0000] {dag.py:3239} INFO - Sync 3 DAGs
[2026-07-22T00:19:20.696+0000] {logging_mixin.py:190} INFO - [2026-07-22T00:19:20.696+0000] {dag.py:4180} INFO - Setting next_dagrun for dataset_with_extra_by_context to 2026-07-21 00:00:00+00:00, run_after=2026-07-22 00:00:00+00:00
[2026-07-22T00:19:20.709+0000] {logging_mixin.py:190} INFO - [2026-07-22T00:19:20.709+0000] {dag.py:4180} INFO - Setting next_dagrun for dataset_with_extra_by_yield to 2026-07-21 00:00:00+00:00, run_after=2026-07-22 00:00:00+00:00
[2026-07-22T00:19:20.714+0000] {logging_mixin.py:190} INFO - [2026-07-22T00:19:20.714+0000] {dag.py:4180} INFO - Setting next_dagrun for dataset_with_extra_from_classic_operator to 2026-07-21 00:00:00+00:00, run_after=2026-07-22 00:00:00+00:00
[2026-07-22T00:19:20.750+0000] {processor.py:208} INFO - Processing /home/airflow/.local/lib/python3.12/site-packages/airflow/example_dags/example_outlet_event_extra.py took 0.987 seconds
[2026-07-22T00:19:51.174+0000] {processor.py:186} INFO - Started process (PID=1609) to work on /home/airflow/.local/lib/python3.12/site-packages/airflow/example_dags/example_outlet_event_extra.py
[2026-07-22T00:19:51.175+0000] {processor.py:914} INFO - Processing file /home/airflow/.local/lib/python3.12/site-packages/airflow/example_dags/example_outlet_event_extra.py for tasks to queue
[2026-07-22T00:19:51.179+0000] {logging_mixin.py:190} INFO - [2026-07-22T00:19:51.178+0000] {dagbag.py:588} INFO - Filling up the DagBag from /home/airflow/.local/lib/python3.12/site-packages/airflow/example_dags/example_outlet_event_extra.py
[2026-07-22T00:19:51.801+0000] {processor.py:925} INFO - DAG(s) 'dataset_with_extra_by_context', 'dataset_with_extra_by_yield', 'dataset_with_extra_from_classic_operator' retrieved from /home/airflow/.local/lib/python3.12/site-packages/airflow/example_dags/example_outlet_event_extra.py
[2026-07-22T00:19:51.832+0000] {logging_mixin.py:190} INFO - [2026-07-22T00:19:51.831+0000] {dag.py:3239} INFO - Sync 3 DAGs
[2026-07-22T00:19:51.859+0000] {logging_mixin.py:190} INFO - [2026-07-22T00:19:51.859+0000] {dag.py:4180} INFO - Setting next_dagrun for dataset_with_extra_by_context to 2026-07-21 00:00:00+00:00, run_after=2026-07-22 00:00:00+00:00
[2026-07-22T00:19:51.867+0000] {logging_mixin.py:190} INFO - [2026-07-22T00:19:51.867+0000] {dag.py:4180} INFO - Setting next_dagrun for dataset_with_extra_by_yield to 2026-07-21 00:00:00+00:00, run_after=2026-07-22 00:00:00+00:00
[2026-07-22T00:19:51.870+0000] {logging_mixin.py:190} INFO - [2026-07-22T00:19:51.870+0000] {dag.py:4180} INFO - Setting next_dagrun for dataset_with_extra_from_classic_operator to 2026-07-21 00:00:00+00:00, run_after=2026-07-22 00:00:00+00:00
[2026-07-22T00:19:51.896+0000] {processor.py:208} INFO - Processing /home/airflow/.local/lib/python3.12/site-packages/airflow/example_dags/example_outlet_event_extra.py took 0.729 seconds
[2026-07-22T00:20:22.068+0000] {processor.py:186} INFO - Started process (PID=1673) to work on /home/airflow/.local/lib/python3.12/site-packages/airflow/example_dags/example_outlet_event_extra.py
[2026-07-22T00:20:22.070+0000] {processor.py:914} INFO - Processing file /home/airflow/.local/lib/python3.12/site-packages/airflow/example_dags/example_outlet_event_extra.py for tasks to queue
[2026-07-22T00:20:22.072+0000] {logging_mixin.py:190} INFO - [2026-07-22T00:20:22.072+0000] {dagbag.py:588} INFO - Filling up the DagBag from /home/airflow/.local/lib/python3.12/site-packages/airflow/example_dags/example_outlet_event_extra.py
[2026-07-22T00:20:22.664+0000] {processor.py:925} INFO - DAG(s) 'dataset_with_extra_from_classic_operator', 'dataset_with_extra_by_context', 'dataset_with_extra_by_yield' retrieved from /home/airflow/.local/lib/python3.12/site-packages/airflow/example_dags/example_outlet_event_extra.py
[2026-07-22T00:20:22.692+0000] {logging_mixin.py:190} INFO - [2026-07-22T00:20:22.691+0000] {dag.py:3239} INFO - Sync 3 DAGs
[2026-07-22T00:20:22.744+0000] {logging_mixin.py:190} INFO - [2026-07-22T00:20:22.743+0000] {dag.py:4180} INFO - Setting next_dagrun for dataset_with_extra_by_context to 2026-07-21 00:00:00+00:00, run_after=2026-07-22 00:00:00+00:00
[2026-07-22T00:20:22.755+0000] {logging_mixin.py:190} INFO - [2026-07-22T00:20:22.754+0000] {dag.py:4180} INFO - Setting next_dagrun for dataset_with_extra_by_yield to 2026-07-21 00:00:00+00:00, run_after=2026-07-22 00:00:00+00:00
[2026-07-22T00:20:22.762+0000] {logging_mixin.py:190} INFO - [2026-07-22T00:20:22.762+0000] {dag.py:4180} INFO - Setting next_dagrun for dataset_with_extra_from_classic_operator to 2026-07-21 00:00:00+00:00, run_after=2026-07-22 00:00:00+00:00
[2026-07-22T00:20:22.786+0000] {processor.py:208} INFO - Processing /home/airflow/.local/lib/python3.12/site-packages/airflow/example_dags/example_outlet_event_extra.py took 0.724 seconds
[2026-07-22T00:20:53.811+0000] {processor.py:186} INFO - Started process (PID=1737) to work on /home/airflow/.local/lib/python3.12/site-packages/airflow/example_dags/example_outlet_event_extra.py
[2026-07-22T00:20:53.812+0000] {processor.py:914} INFO - Processing file /home/airflow/.local/lib/python3.12/site-packages/airflow/example_dags/example_outlet_event_extra.py for tasks to queue
[2026-07-22T00:20:53.816+0000] {logging_mixin.py:190} INFO - [2026-07-22T00:20:53.816+0000] {dagbag.py:588} INFO - Filling up the DagBag from /home/airflow/.local/lib/python3.12/site-packages/airflow/example_dags/example_outlet_event_extra.py
[2026-07-22T00:20:54.592+0000] {processor.py:925} INFO - DAG(s) 'dataset_with_extra_by_yield', 'dataset_with_extra_by_context', 'dataset_with_extra_from_classic_operator' retrieved from /home/airflow/.local/lib/python3.12/site-packages/airflow/example_dags/example_outlet_event_extra.py
[2026-07-22T00:20:54.623+0000] {logging_mixin.py:190} INFO - [2026-07-22T00:20:54.623+0000] {dag.py:3239} INFO - Sync 3 DAGs
[2026-07-22T00:20:54.656+0000] {logging_mixin.py:190} INFO - [2026-07-22T00:20:54.656+0000] {dag.py:4180} INFO - Setting next_dagrun for dataset_with_extra_by_context to 2026-07-21 00:00:00+00:00, run_after=2026-07-22 00:00:00+00:00
[2026-07-22T00:20:54.662+0000] {logging_mixin.py:190} INFO - [2026-07-22T00:20:54.662+0000] {dag.py:4180} INFO - Setting next_dagrun for dataset_with_extra_by_yield to 2026-07-21 00:00:00+00:00, run_after=2026-07-22 00:00:00+00:00
[2026-07-22T00:20:54.666+0000] {logging_mixin.py:190} INFO - [2026-07-22T00:20:54.666+0000] {dag.py:4180} INFO - Setting next_dagrun for dataset_with_extra_from_classic_operator to 2026-07-21 00:00:00+00:00, run_after=2026-07-22 00:00:00+00:00
[2026-07-22T00:20:54.691+0000] {processor.py:208} INFO - Processing /home/airflow/.local/lib/python3.12/site-packages/airflow/example_dags/example_outlet_event_extra.py took 0.891 seconds
[2026-07-22T00:21:25.404+0000] {processor.py:186} INFO - Started process (PID=1801) to work on /home/airflow/.local/lib/python3.12/site-packages/airflow/example_dags/example_outlet_event_extra.py
[2026-07-22T00:21:25.406+0000] {processor.py:914} INFO - Processing file /home/airflow/.local/lib/python3.12/site-packages/airflow/example_dags/example_outlet_event_extra.py for tasks to queue
[2026-07-22T00:21:25.412+0000] {logging_mixin.py:190} INFO - [2026-07-22T00:21:25.411+0000] {dagbag.py:588} INFO - Filling up the DagBag from /home/airflow/.local/lib/python3.12/site-packages/airflow/example_dags/example_outlet_event_extra.py
[2026-07-22T00:21:26.400+0000] {processor.py:925} INFO - DAG(s) 'dataset_with_extra_from_classic_operator', 'dataset_with_extra_by_context', 'dataset_with_extra_by_yield' retrieved from /home/airflow/.local/lib/python3.12/site-packages/airflow/example_dags/example_outlet_event_extra.py
[2026-07-22T00:21:26.447+0000] {logging_mixin.py:190} INFO - [2026-07-22T00:21:26.446+0000] {dag.py:3239} INFO - Sync 3 DAGs
[2026-07-22T00:21:26.488+0000] {logging_mixin.py:190} INFO - [2026-07-22T00:21:26.488+0000] {dag.py:4180} INFO - Setting next_dagrun for dataset_with_extra_by_context to 2026-07-21 00:00:00+00:00, run_after=2026-07-22 00:00:00+00:00
[2026-07-22T00:21:26.497+0000] {logging_mixin.py:190} INFO - [2026-07-22T00:21:26.497+0000] {dag.py:4180} INFO - Setting next_dagrun for dataset_with_extra_by_yield to 2026-07-21 00:00:00+00:00, run_after=2026-07-22 00:00:00+00:00
[2026-07-22T00:21:26.503+0000] {logging_mixin.py:190} INFO - [2026-07-22T00:21:26.503+0000] {dag.py:4180} INFO - Setting next_dagrun for dataset_with_extra_from_classic_operator to 2026-07-21 00:00:00+00:00, run_after=2026-07-22 00:00:00+00:00
[2026-07-22T00:21:26.538+0000] {processor.py:208} INFO - Processing /home/airflow/.local/lib/python3.12/site-packages/airflow/example_dags/example_outlet_event_extra.py took 1.145 seconds
[2026-07-22T00:21:56.855+0000] {processor.py:186} INFO - Started process (PID=1865) to work on /home/airflow/.local/lib/python3.12/site-packages/airflow/example_dags/example_outlet_event_extra.py
[2026-07-22T00:21:56.856+0000] {processor.py:914} INFO - Processing file /home/airflow/.local/lib/python3.12/site-packages/airflow/example_dags/example_outlet_event_extra.py for tasks to queue
[2026-07-22T00:21:56.861+0000] {logging_mixin.py:190} INFO - [2026-07-22T00:21:56.860+0000] {dagbag.py:588} INFO - Filling up the DagBag from /home/airflow/.local/lib/python3.12/site-packages/airflow/example_dags/example_outlet_event_extra.py
[2026-07-22T00:21:57.716+0000] {processor.py:925} INFO - DAG(s) 'dataset_with_extra_by_yield', 'dataset_with_extra_from_classic_operator', 'dataset_with_extra_by_context' retrieved from /home/airflow/.local/lib/python3.12/site-packages/airflow/example_dags/example_outlet_event_extra.py
[2026-07-22T00:21:57.755+0000] {logging_mixin.py:190} INFO - [2026-07-22T00:21:57.755+0000] {dag.py:3239} INFO - Sync 3 DAGs
[2026-07-22T00:21:57.794+0000] {logging_mixin.py:190} INFO - [2026-07-22T00:21:57.793+0000] {dag.py:4180} INFO - Setting next_dagrun for dataset_with_extra_by_context to 2026-07-21 00:00:00+00:00, run_after=2026-07-22 00:00:00+00:00
[2026-07-22T00:21:57.801+0000] {logging_mixin.py:190} INFO - [2026-07-22T00:21:57.800+0000] {dag.py:4180} INFO - Setting next_dagrun for dataset_with_extra_by_yield to 2026-07-21 00:00:00+00:00, run_after=2026-07-22 00:00:00+00:00
[2026-07-22T00:21:57.804+0000] {logging_mixin.py:190} INFO - [2026-07-22T00:21:57.804+0000] {dag.py:4180} INFO - Setting next_dagrun for dataset_with_extra_from_classic_operator to 2026-07-21 00:00:00+00:00, run_after=2026-07-22 00:00:00+00:00
[2026-07-22T00:21:57.828+0000] {processor.py:208} INFO - Processing /home/airflow/.local/lib/python3.12/site-packages/airflow/example_dags/example_outlet_event_extra.py took 0.980 seconds
[2026-07-22T00:22:27.894+0000] {processor.py:186} INFO - Started process (PID=1929) to work on /home/airflow/.local/lib/python3.12/site-packages/airflow/example_dags/example_outlet_event_extra.py
[2026-07-22T00:22:27.895+0000] {processor.py:914} INFO - Processing file /home/airflow/.local/lib/python3.12/site-packages/airflow/example_dags/example_outlet_event_extra.py for tasks to queue
[2026-07-22T00:22:27.899+0000] {logging_mixin.py:190} INFO - [2026-07-22T00:22:27.899+0000] {dagbag.py:588} INFO - Filling up the DagBag from /home/airflow/.local/lib/python3.12/site-packages/airflow/example_dags/example_outlet_event_extra.py
[2026-07-22T00:22:28.499+0000] {processor.py:925} INFO - DAG(s) 'dataset_with_extra_from_classic_operator', 'dataset_with_extra_by_yield', 'dataset_with_extra_by_context' retrieved from /home/airflow/.local/lib/python3.12/site-packages/airflow/example_dags/example_outlet_event_extra.py
[2026-07-22T00:22:28.527+0000] {logging_mixin.py:190} INFO - [2026-07-22T00:22:28.527+0000] {dag.py:3239} INFO - Sync 3 DAGs
[2026-07-22T00:22:28.562+0000] {logging_mixin.py:190} INFO - [2026-07-22T00:22:28.562+0000] {dag.py:4180} INFO - Setting next_dagrun for dataset_with_extra_by_context to 2026-07-21 00:00:00+00:00, run_after=2026-07-22 00:00:00+00:00
[2026-07-22T00:22:28.570+0000] {logging_mixin.py:190} INFO - [2026-07-22T00:22:28.570+0000] {dag.py:4180} INFO - Setting next_dagrun for dataset_with_extra_by_yield to 2026-07-21 00:00:00+00:00, run_after=2026-07-22 00:00:00+00:00
[2026-07-22T00:22:28.574+0000] {logging_mixin.py:190} INFO - [2026-07-22T00:22:28.573+0000] {dag.py:4180} INFO - Setting next_dagrun for dataset_with_extra_from_classic_operator to 2026-07-21 00:00:00+00:00, run_after=2026-07-22 00:00:00+00:00
[2026-07-22T00:22:28.599+0000] {processor.py:208} INFO - Processing /home/airflow/.local/lib/python3.12/site-packages/airflow/example_dags/example_outlet_event_extra.py took 0.713 seconds
[2026-07-22T00:22:59.635+0000] {processor.py:186} INFO - Started process (PID=1999) to work on /home/airflow/.local/lib/python3.12/site-packages/airflow/example_dags/example_outlet_event_extra.py
[2026-07-22T00:22:59.637+0000] {processor.py:914} INFO - Processing file /home/airflow/.local/lib/python3.12/site-packages/airflow/example_dags/example_outlet_event_extra.py for tasks to queue
[2026-07-22T00:22:59.642+0000] {logging_mixin.py:190} INFO - [2026-07-22T00:22:59.642+0000] {dagbag.py:588} INFO - Filling up the DagBag from /home/airflow/.local/lib/python3.12/site-packages/airflow/example_dags/example_outlet_event_extra.py
[2026-07-22T00:23:00.371+0000] {processor.py:925} INFO - DAG(s) 'dataset_with_extra_by_context', 'dataset_with_extra_by_yield', 'dataset_with_extra_from_classic_operator' retrieved from /home/airflow/.local/lib/python3.12/site-packages/airflow/example_dags/example_outlet_event_extra.py
[2026-07-22T00:23:00.402+0000] {logging_mixin.py:190} INFO - [2026-07-22T00:23:00.401+0000] {dag.py:3239} INFO - Sync 3 DAGs
[2026-07-22T00:23:00.429+0000] {logging_mixin.py:190} INFO - [2026-07-22T00:23:00.428+0000] {dag.py:4180} INFO - Setting next_dagrun for dataset_with_extra_by_context to 2026-07-21 00:00:00+00:00, run_after=2026-07-22 00:00:00+00:00
[2026-07-22T00:23:00.435+0000] {logging_mixin.py:190} INFO - [2026-07-22T00:23:00.435+0000] {dag.py:4180} INFO - Setting next_dagrun for dataset_with_extra_by_yield to 2026-07-21 00:00:00+00:00, run_after=2026-07-22 00:00:00+00:00
[2026-07-22T00:23:00.439+0000] {logging_mixin.py:190} INFO - [2026-07-22T00:23:00.439+0000] {dag.py:4180} INFO - Setting next_dagrun for dataset_with_extra_from_classic_operator to 2026-07-21 00:00:00+00:00, run_after=2026-07-22 00:00:00+00:00
[2026-07-22T00:23:00.466+0000] {processor.py:208} INFO - Processing /home/airflow/.local/lib/python3.12/site-packages/airflow/example_dags/example_outlet_event_extra.py took 0.841 seconds
[2026-07-22T00:23:30.622+0000] {processor.py:186} INFO - Started process (PID=2063) to work on /home/airflow/.local/lib/python3.12/site-packages/airflow/example_dags/example_outlet_event_extra.py
[2026-07-22T00:23:30.624+0000] {processor.py:914} INFO - Processing file /home/airflow/.local/lib/python3.12/site-packages/airflow/example_dags/example_outlet_event_extra.py for tasks to queue
[2026-07-22T00:23:30.628+0000] {logging_mixin.py:190} INFO - [2026-07-22T00:23:30.628+0000] {dagbag.py:588} INFO - Filling up the DagBag from /home/airflow/.local/lib/python3.12/site-packages/airflow/example_dags/example_outlet_event_extra.py
[2026-07-22T00:23:31.502+0000] {processor.py:925} INFO - DAG(s) 'dataset_with_extra_by_context', 'dataset_with_extra_by_yield', 'dataset_with_extra_from_classic_operator' retrieved from /home/airflow/.local/lib/python3.12/site-packages/airflow/example_dags/example_outlet_event_extra.py
[2026-07-22T00:23:31.554+0000] {logging_mixin.py:190} INFO - [2026-07-22T00:23:31.553+0000] {dag.py:3239} INFO - Sync 3 DAGs
[2026-07-22T00:23:31.608+0000] {logging_mixin.py:190} INFO - [2026-07-22T00:23:31.607+0000] {dag.py:4180} INFO - Setting next_dagrun for dataset_with_extra_by_context to 2026-07-21 00:00:00+00:00, run_after=2026-07-22 00:00:00+00:00
[2026-07-22T00:23:31.618+0000] {logging_mixin.py:190} INFO - [2026-07-22T00:23:31.618+0000] {dag.py:4180} INFO - Setting next_dagrun for dataset_with_extra_by_yield to 2026-07-21 00:00:00+00:00, run_after=2026-07-22 00:00:00+00:00
[2026-07-22T00:23:31.625+0000] {logging_mixin.py:190} INFO - [2026-07-22T00:23:31.624+0000] {dag.py:4180} INFO - Setting next_dagrun for dataset_with_extra_from_classic_operator to 2026-07-21 00:00:00+00:00, run_after=2026-07-22 00:00:00+00:00
[2026-07-22T00:23:31.662+0000] {processor.py:208} INFO - Processing /home/airflow/.local/lib/python3.12/site-packages/airflow/example_dags/example_outlet_event_extra.py took 1.047 seconds
[2026-07-22T00:24:02.579+0000] {processor.py:186} INFO - Started process (PID=2128) to work on /home/airflow/.local/lib/python3.12/site-packages/airflow/example_dags/example_outlet_event_extra.py
[2026-07-22T00:24:02.580+0000] {processor.py:914} INFO - Processing file /home/airflow/.local/lib/python3.12/site-packages/airflow/example_dags/example_outlet_event_extra.py for tasks to queue
[2026-07-22T00:24:02.585+0000] {logging_mixin.py:190} INFO - [2026-07-22T00:24:02.585+0000] {dagbag.py:588} INFO - Filling up the DagBag from /home/airflow/.local/lib/python3.12/site-packages/airflow/example_dags/example_outlet_event_extra.py
[2026-07-22T00:24:03.239+0000] {processor.py:925} INFO - DAG(s) 'dataset_with_extra_from_classic_operator', 'dataset_with_extra_by_context', 'dataset_with_extra_by_yield' retrieved from /home/airflow/.local/lib/python3.12/site-packages/airflow/example_dags/example_outlet_event_extra.py
[2026-07-22T00:24:03.266+0000] {logging_mixin.py:190} INFO - [2026-07-22T00:24:03.265+0000] {dag.py:3239} INFO - Sync 3 DAGs
[2026-07-22T00:24:03.306+0000] {logging_mixin.py:190} INFO - [2026-07-22T00:24:03.306+0000] {dag.py:4180} INFO - Setting next_dagrun for dataset_with_extra_by_context to 2026-07-21 00:00:00+00:00, run_after=2026-07-22 00:00:00+00:00
[2026-07-22T00:24:03.314+0000] {logging_mixin.py:190} INFO - [2026-07-22T00:24:03.313+0000] {dag.py:4180} INFO - Setting next_dagrun for dataset_with_extra_by_yield to 2026-07-21 00:00:00+00:00, run_after=2026-07-22 00:00:00+00:00
[2026-07-22T00:24:03.319+0000] {logging_mixin.py:190} INFO - [2026-07-22T00:24:03.318+0000] {dag.py:4180} INFO - Setting next_dagrun for dataset_with_extra_from_classic_operator to 2026-07-21 00:00:00+00:00, run_after=2026-07-22 00:00:00+00:00
[2026-07-22T00:24:03.349+0000] {processor.py:208} INFO - Processing /home/airflow/.local/lib/python3.12/site-packages/airflow/example_dags/example_outlet_event_extra.py took 0.777 seconds
[2026-07-22T00:24:33.792+0000] {processor.py:186} INFO - Started process (PID=2192) to work on /home/airflow/.local/lib/python3.12/site-packages/airflow/example_dags/example_outlet_event_extra.py
[2026-07-22T00:24:33.794+0000] {processor.py:914} INFO - Processing file /home/airflow/.local/lib/python3.12/site-packages/airflow/example_dags/example_outlet_event_extra.py for tasks to queue
[2026-07-22T00:24:33.798+0000] {logging_mixin.py:190} INFO - [2026-07-22T00:24:33.797+0000] {dagbag.py:588} INFO - Filling up the DagBag from /home/airflow/.local/lib/python3.12/site-packages/airflow/example_dags/example_outlet_event_extra.py
[2026-07-22T00:24:34.535+0000] {processor.py:925} INFO - DAG(s) 'dataset_with_extra_by_yield', 'dataset_with_extra_from_classic_operator', 'dataset_with_extra_by_context' retrieved from /home/airflow/.local/lib/python3.12/site-packages/airflow/example_dags/example_outlet_event_extra.py
[2026-07-22T00:24:34.560+0000] {logging_mixin.py:190} INFO - [2026-07-22T00:24:34.560+0000] {dag.py:3239} INFO - Sync 3 DAGs
[2026-07-22T00:24:34.593+0000] {logging_mixin.py:190} INFO - [2026-07-22T00:24:34.593+0000] {dag.py:4180} INFO - Setting next_dagrun for dataset_with_extra_by_context to 2026-07-21 00:00:00+00:00, run_after=2026-07-22 00:00:00+00:00
[2026-07-22T00:24:34.599+0000] {logging_mixin.py:190} INFO - [2026-07-22T00:24:34.599+0000] {dag.py:4180} INFO - Setting next_dagrun for dataset_with_extra_by_yield to 2026-07-21 00:00:00+00:00, run_after=2026-07-22 00:00:00+00:00
[2026-07-22T00:24:34.603+0000] {logging_mixin.py:190} INFO - [2026-07-22T00:24:34.603+0000] {dag.py:4180} INFO - Setting next_dagrun for dataset_with_extra_from_classic_operator to 2026-07-21 00:00:00+00:00, run_after=2026-07-22 00:00:00+00:00
[2026-07-22T00:24:34.628+0000] {processor.py:208} INFO - Processing /home/airflow/.local/lib/python3.12/site-packages/airflow/example_dags/example_outlet_event_extra.py took 0.844 seconds
[2026-07-22T00:25:05.269+0000] {processor.py:186} INFO - Started process (PID=2256) to work on /home/airflow/.local/lib/python3.12/site-packages/airflow/example_dags/example_outlet_event_extra.py
[2026-07-22T00:25:05.271+0000] {processor.py:914} INFO - Processing file /home/airflow/.local/lib/python3.12/site-packages/airflow/example_dags/example_outlet_event_extra.py for tasks to queue
[2026-07-22T00:25:05.274+0000] {logging_mixin.py:190} INFO - [2026-07-22T00:25:05.274+0000] {dagbag.py:588} INFO - Filling up the DagBag from /home/airflow/.local/lib/python3.12/site-packages/airflow/example_dags/example_outlet_event_extra.py
[2026-07-22T00:25:05.882+0000] {processor.py:925} INFO - DAG(s) 'dataset_with_extra_from_classic_operator', 'dataset_with_extra_by_yield', 'dataset_with_extra_by_context' retrieved from /home/airflow/.local/lib/python3.12/site-packages/airflow/example_dags/example_outlet_event_extra.py
[2026-07-22T00:25:05.911+0000] {logging_mixin.py:190} INFO - [2026-07-22T00:25:05.911+0000] {dag.py:3239} INFO - Sync 3 DAGs
[2026-07-22T00:25:05.939+0000] {logging_mixin.py:190} INFO - [2026-07-22T00:25:05.938+0000] {dag.py:4180} INFO - Setting next_dagrun for dataset_with_extra_by_context to 2026-07-21 00:00:00+00:00, run_after=2026-07-22 00:00:00+00:00
[2026-07-22T00:25:05.945+0000] {logging_mixin.py:190} INFO - [2026-07-22T00:25:05.945+0000] {dag.py:4180} INFO - Setting next_dagrun for dataset_with_extra_by_yield to 2026-07-21 00:00:00+00:00, run_after=2026-07-22 00:00:00+00:00
[2026-07-22T00:25:05.950+0000] {logging_mixin.py:190} INFO - [2026-07-22T00:25:05.949+0000] {dag.py:4180} INFO - Setting next_dagrun for dataset_with_extra_from_classic_operator to 2026-07-21 00:00:00+00:00, run_after=2026-07-22 00:00:00+00:00
[2026-07-22T00:25:05.973+0000] {processor.py:208} INFO - Processing /home/airflow/.local/lib/python3.12/site-packages/airflow/example_dags/example_outlet_event_extra.py took 0.711 seconds
[2026-07-22T00:25:36.116+0000] {processor.py:186} INFO - Started process (PID=2320) to work on /home/airflow/.local/lib/python3.12/site-packages/airflow/example_dags/example_outlet_event_extra.py
[2026-07-22T00:25:36.118+0000] {processor.py:914} INFO - Processing file /home/airflow/.local/lib/python3.12/site-packages/airflow/example_dags/example_outlet_event_extra.py for tasks to queue
[2026-07-22T00:25:36.122+0000] {logging_mixin.py:190} INFO - [2026-07-22T00:25:36.121+0000] {dagbag.py:588} INFO - Filling up the DagBag from /home/airflow/.local/lib/python3.12/site-packages/airflow/example_dags/example_outlet_event_extra.py
[2026-07-22T00:25:36.891+0000] {processor.py:925} INFO - DAG(s) 'dataset_with_extra_by_context', 'dataset_with_extra_by_yield', 'dataset_with_extra_from_classic_operator' retrieved from /home/airflow/.local/lib/python3.12/site-packages/airflow/example_dags/example_outlet_event_extra.py
[2026-07-22T00:25:36.920+0000] {logging_mixin.py:190} INFO - [2026-07-22T00:25:36.919+0000] {dag.py:3239} INFO - Sync 3 DAGs
[2026-07-22T00:25:36.961+0000] {logging_mixin.py:190} INFO - [2026-07-22T00:25:36.961+0000] {dag.py:4180} INFO - Setting next_dagrun for dataset_with_extra_by_context to 2026-07-21 00:00:00+00:00, run_after=2026-07-22 00:00:00+00:00
[2026-07-22T00:25:36.970+0000] {logging_mixin.py:190} INFO - [2026-07-22T00:25:36.970+0000] {dag.py:4180} INFO - Setting next_dagrun for dataset_with_extra_by_yield to 2026-07-21 00:00:00+00:00, run_after=2026-07-22 00:00:00+00:00
[2026-07-22T00:25:36.976+0000] {logging_mixin.py:190} INFO - [2026-07-22T00:25:36.975+0000] {dag.py:4180} INFO - Setting next_dagrun for dataset_with_extra_from_classic_operator to 2026-07-21 00:00:00+00:00, run_after=2026-07-22 00:00:00+00:00
[2026-07-22T00:25:37.008+0000] {processor.py:208} INFO - Processing /home/airflow/.local/lib/python3.12/site-packages/airflow/example_dags/example_outlet_event_extra.py took 0.902 seconds
[2026-07-22T00:26:07.510+0000] {processor.py:186} INFO - Started process (PID=2386) to work on /home/airflow/.local/lib/python3.12/site-packages/airflow/example_dags/example_outlet_event_extra.py
[2026-07-22T00:26:07.516+0000] {processor.py:914} INFO - Processing file /home/airflow/.local/lib/python3.12/site-packages/airflow/example_dags/example_outlet_event_extra.py for tasks to queue
[2026-07-22T00:26:07.526+0000] {logging_mixin.py:190} INFO - [2026-07-22T00:26:07.525+0000] {dagbag.py:588} INFO - Filling up the DagBag from /home/airflow/.local/lib/python3.12/site-packages/airflow/example_dags/example_outlet_event_extra.py
[2026-07-22T00:26:08.435+0000] {processor.py:925} INFO - DAG(s) 'dataset_with_extra_by_yield', 'dataset_with_extra_by_context', 'dataset_with_extra_from_classic_operator' retrieved from /home/airflow/.local/lib/python3.12/site-packages/airflow/example_dags/example_outlet_event_extra.py
[2026-07-22T00:26:08.470+0000] {logging_mixin.py:190} INFO - [2026-07-22T00:26:08.470+0000] {dag.py:3239} INFO - Sync 3 DAGs
[2026-07-22T00:26:08.504+0000] {logging_mixin.py:190} INFO - [2026-07-22T00:26:08.504+0000] {dag.py:4180} INFO - Setting next_dagrun for dataset_with_extra_by_context to 2026-07-21 00:00:00+00:00, run_after=2026-07-22 00:00:00+00:00
[2026-07-22T00:26:08.511+0000] {logging_mixin.py:190} INFO - [2026-07-22T00:26:08.511+0000] {dag.py:4180} INFO - Setting next_dagrun for dataset_with_extra_by_yield to 2026-07-21 00:00:00+00:00, run_after=2026-07-22 00:00:00+00:00
[2026-07-22T00:26:08.516+0000] {logging_mixin.py:190} INFO - [2026-07-22T00:26:08.516+0000] {dag.py:4180} INFO - Setting next_dagrun for dataset_with_extra_from_classic_operator to 2026-07-21 00:00:00+00:00, run_after=2026-07-22 00:00:00+00:00
[2026-07-22T00:26:08.545+0000] {processor.py:208} INFO - Processing /home/airflow/.local/lib/python3.12/site-packages/airflow/example_dags/example_outlet_event_extra.py took 1.052 seconds
[2026-07-22T00:26:38.644+0000] {processor.py:186} INFO - Started process (PID=2450) to work on /home/airflow/.local/lib/python3.12/site-packages/airflow/example_dags/example_outlet_event_extra.py
[2026-07-22T00:26:38.646+0000] {processor.py:914} INFO - Processing file /home/airflow/.local/lib/python3.12/site-packages/airflow/example_dags/example_outlet_event_extra.py for tasks to queue
[2026-07-22T00:26:38.651+0000] {logging_mixin.py:190} INFO - [2026-07-22T00:26:38.650+0000] {dagbag.py:588} INFO - Filling up the DagBag from /home/airflow/.local/lib/python3.12/site-packages/airflow/example_dags/example_outlet_event_extra.py
[2026-07-22T00:26:39.387+0000] {processor.py:925} INFO - DAG(s) 'dataset_with_extra_by_context', 'dataset_with_extra_by_yield', 'dataset_with_extra_from_classic_operator' retrieved from /home/airflow/.local/lib/python3.12/site-packages/airflow/example_dags/example_outlet_event_extra.py
[2026-07-22T00:26:39.414+0000] {logging_mixin.py:190} INFO - [2026-07-22T00:26:39.413+0000] {dag.py:3239} INFO - Sync 3 DAGs
[2026-07-22T00:26:39.445+0000] {logging_mixin.py:190} INFO - [2026-07-22T00:26:39.444+0000] {dag.py:4180} INFO - Setting next_dagrun for dataset_with_extra_by_context to 2026-07-21 00:00:00+00:00, run_after=2026-07-22 00:00:00+00:00
[2026-07-22T00:26:39.453+0000] {logging_mixin.py:190} INFO - [2026-07-22T00:26:39.453+0000] {dag.py:4180} INFO - Setting next_dagrun for dataset_with_extra_by_yield to 2026-07-21 00:00:00+00:00, run_after=2026-07-22 00:00:00+00:00
[2026-07-22T00:26:39.457+0000] {logging_mixin.py:190} INFO - [2026-07-22T00:26:39.457+0000] {dag.py:4180} INFO - Setting next_dagrun for dataset_with_extra_from_classic_operator to 2026-07-21 00:00:00+00:00, run_after=2026-07-22 00:00:00+00:00
[2026-07-22T00:26:39.489+0000] {processor.py:208} INFO - Processing /home/airflow/.local/lib/python3.12/site-packages/airflow/example_dags/example_outlet_event_extra.py took 0.854 seconds
[2026-07-22T00:27:10.180+0000] {processor.py:186} INFO - Started process (PID=2519) to work on /home/airflow/.local/lib/python3.12/site-packages/airflow/example_dags/example_outlet_event_extra.py
[2026-07-22T00:27:10.182+0000] {processor.py:914} INFO - Processing file /home/airflow/.local/lib/python3.12/site-packages/airflow/example_dags/example_outlet_event_extra.py for tasks to queue
[2026-07-22T00:27:10.187+0000] {logging_mixin.py:190} INFO - [2026-07-22T00:27:10.186+0000] {dagbag.py:588} INFO - Filling up the DagBag from /home/airflow/.local/lib/python3.12/site-packages/airflow/example_dags/example_outlet_event_extra.py
[2026-07-22T00:27:10.870+0000] {processor.py:925} INFO - DAG(s) 'dataset_with_extra_by_context', 'dataset_with_extra_from_classic_operator', 'dataset_with_extra_by_yield' retrieved from /home/airflow/.local/lib/python3.12/site-packages/airflow/example_dags/example_outlet_event_extra.py
[2026-07-22T00:27:10.898+0000] {logging_mixin.py:190} INFO - [2026-07-22T00:27:10.898+0000] {dag.py:3239} INFO - Sync 3 DAGs
[2026-07-22T00:27:10.923+0000] {logging_mixin.py:190} INFO - [2026-07-22T00:27:10.922+0000] {dag.py:4180} INFO - Setting next_dagrun for dataset_with_extra_by_context to 2026-07-21 00:00:00+00:00, run_after=2026-07-22 00:00:00+00:00
[2026-07-22T00:27:10.928+0000] {logging_mixin.py:190} INFO - [2026-07-22T00:27:10.928+0000] {dag.py:4180} INFO - Setting next_dagrun for dataset_with_extra_by_yield to 2026-07-21 00:00:00+00:00, run_after=2026-07-22 00:00:00+00:00
[2026-07-22T00:27:10.932+0000] {logging_mixin.py:190} INFO - [2026-07-22T00:27:10.932+0000] {dag.py:4180} INFO - Setting next_dagrun for dataset_with_extra_from_classic_operator to 2026-07-21 00:00:00+00:00, run_after=2026-07-22 00:00:00+00:00
[2026-07-22T00:27:10.957+0000] {processor.py:208} INFO - Processing /home/airflow/.local/lib/python3.12/site-packages/airflow/example_dags/example_outlet_event_extra.py took 0.789 seconds
[2026-07-22T00:27:41.719+0000] {processor.py:186} INFO - Started process (PID=2586) to work on /home/airflow/.local/lib/python3.12/site-packages/airflow/example_dags/example_outlet_event_extra.py
[2026-07-22T00:27:41.720+0000] {processor.py:914} INFO - Processing file /home/airflow/.local/lib/python3.12/site-packages/airflow/example_dags/example_outlet_event_extra.py for tasks to queue
[2026-07-22T00:27:41.723+0000] {logging_mixin.py:190} INFO - [2026-07-22T00:27:41.723+0000] {dagbag.py:588} INFO - Filling up the DagBag from /home/airflow/.local/lib/python3.12/site-packages/airflow/example_dags/example_outlet_event_extra.py
[2026-07-22T00:27:42.401+0000] {processor.py:925} INFO - DAG(s) 'dataset_with_extra_by_yield', 'dataset_with_extra_by_context', 'dataset_with_extra_from_classic_operator' retrieved from /home/airflow/.local/lib/python3.12/site-packages/airflow/example_dags/example_outlet_event_extra.py
[2026-07-22T00:27:42.430+0000] {logging_mixin.py:190} INFO - [2026-07-22T00:27:42.430+0000] {dag.py:3239} INFO - Sync 3 DAGs
[2026-07-22T00:27:42.461+0000] {logging_mixin.py:190} INFO - [2026-07-22T00:27:42.461+0000] {dag.py:4180} INFO - Setting next_dagrun for dataset_with_extra_by_context to 2026-07-21 00:00:00+00:00, run_after=2026-07-22 00:00:00+00:00
[2026-07-22T00:27:42.467+0000] {logging_mixin.py:190} INFO - [2026-07-22T00:27:42.467+0000] {dag.py:4180} INFO - Setting next_dagrun for dataset_with_extra_by_yield to 2026-07-21 00:00:00+00:00, run_after=2026-07-22 00:00:00+00:00
[2026-07-22T00:27:42.471+0000] {logging_mixin.py:190} INFO - [2026-07-22T00:27:42.471+0000] {dag.py:4180} INFO - Setting next_dagrun for dataset_with_extra_from_classic_operator to 2026-07-21 00:00:00+00:00, run_after=2026-07-22 00:00:00+00:00
[2026-07-22T00:27:42.496+0000] {processor.py:208} INFO - Processing /home/airflow/.local/lib/python3.12/site-packages/airflow/example_dags/example_outlet_event_extra.py took 0.783 seconds
[2026-07-22T00:28:13.958+0000] {processor.py:186} INFO - Started process (PID=2653) to work on /home/airflow/.local/lib/python3.12/site-packages/airflow/example_dags/example_outlet_event_extra.py
[2026-07-22T00:28:13.959+0000] {processor.py:914} INFO - Processing file /home/airflow/.local/lib/python3.12/site-packages/airflow/example_dags/example_outlet_event_extra.py for tasks to queue
[2026-07-22T00:28:13.963+0000] {logging_mixin.py:190} INFO - [2026-07-22T00:28:13.962+0000] {dagbag.py:588} INFO - Filling up the DagBag from /home/airflow/.local/lib/python3.12/site-packages/airflow/example_dags/example_outlet_event_extra.py
[2026-07-22T00:28:14.622+0000] {processor.py:925} INFO - DAG(s) 'dataset_with_extra_by_context', 'dataset_with_extra_by_yield', 'dataset_with_extra_from_classic_operator' retrieved from /home/airflow/.local/lib/python3.12/site-packages/airflow/example_dags/example_outlet_event_extra.py
[2026-07-22T00:28:14.648+0000] {logging_mixin.py:190} INFO - [2026-07-22T00:28:14.648+0000] {dag.py:3239} INFO - Sync 3 DAGs
[2026-07-22T00:28:14.681+0000] {logging_mixin.py:190} INFO - [2026-07-22T00:28:14.680+0000] {dag.py:4180} INFO - Setting next_dagrun for dataset_with_extra_by_context to 2026-07-21 00:00:00+00:00, run_after=2026-07-22 00:00:00+00:00
[2026-07-22T00:28:14.687+0000] {logging_mixin.py:190} INFO - [2026-07-22T00:28:14.686+0000] {dag.py:4180} INFO - Setting next_dagrun for dataset_with_extra_by_yield to 2026-07-21 00:00:00+00:00, run_after=2026-07-22 00:00:00+00:00
[2026-07-22T00:28:14.690+0000] {logging_mixin.py:190} INFO - [2026-07-22T00:28:14.690+0000] {dag.py:4180} INFO - Setting next_dagrun for dataset_with_extra_from_classic_operator to 2026-07-21 00:00:00+00:00, run_after=2026-07-22 00:00:00+00:00
[2026-07-22T00:28:14.716+0000] {processor.py:208} INFO - Processing /home/airflow/.local/lib/python3.12/site-packages/airflow/example_dags/example_outlet_event_extra.py took 0.766 seconds
[2026-07-22T00:28:45.936+0000] {processor.py:186} INFO - Started process (PID=2720) to work on /home/airflow/.local/lib/python3.12/site-packages/airflow/example_dags/example_outlet_event_extra.py
[2026-07-22T00:28:45.938+0000] {processor.py:914} INFO - Processing file /home/airflow/.local/lib/python3.12/site-packages/airflow/example_dags/example_outlet_event_extra.py for tasks to queue
[2026-07-22T00:28:45.942+0000] {logging_mixin.py:190} INFO - [2026-07-22T00:28:45.941+0000] {dagbag.py:588} INFO - Filling up the DagBag from /home/airflow/.local/lib/python3.12/site-packages/airflow/example_dags/example_outlet_event_extra.py
[2026-07-22T00:28:46.650+0000] {processor.py:925} INFO - DAG(s) 'dataset_with_extra_by_context', 'dataset_with_extra_from_classic_operator', 'dataset_with_extra_by_yield' retrieved from /home/airflow/.local/lib/python3.12/site-packages/airflow/example_dags/example_outlet_event_extra.py
[2026-07-22T00:28:46.680+0000] {logging_mixin.py:190} INFO - [2026-07-22T00:28:46.680+0000] {dag.py:3239} INFO - Sync 3 DAGs
[2026-07-22T00:28:46.716+0000] {logging_mixin.py:190} INFO - [2026-07-22T00:28:46.715+0000] {dag.py:4180} INFO - Setting next_dagrun for dataset_with_extra_by_context to 2026-07-21 00:00:00+00:00, run_after=2026-07-22 00:00:00+00:00
[2026-07-22T00:28:46.722+0000] {logging_mixin.py:190} INFO - [2026-07-22T00:28:46.722+0000] {dag.py:4180} INFO - Setting next_dagrun for dataset_with_extra_by_yield to 2026-07-21 00:00:00+00:00, run_after=2026-07-22 00:00:00+00:00
[2026-07-22T00:28:46.727+0000] {logging_mixin.py:190} INFO - [2026-07-22T00:28:46.726+0000] {dag.py:4180} INFO - Setting next_dagrun for dataset_with_extra_from_classic_operator to 2026-07-21 00:00:00+00:00, run_after=2026-07-22 00:00:00+00:00
[2026-07-22T00:28:46.756+0000] {processor.py:208} INFO - Processing /home/airflow/.local/lib/python3.12/site-packages/airflow/example_dags/example_outlet_event_extra.py took 0.827 seconds
[2026-07-22T00:29:17.027+0000] {processor.py:186} INFO - Started process (PID=2784) to work on /home/airflow/.local/lib/python3.12/site-packages/airflow/example_dags/example_outlet_event_extra.py
[2026-07-22T00:29:17.028+0000] {processor.py:914} INFO - Processing file /home/airflow/.local/lib/python3.12/site-packages/airflow/example_dags/example_outlet_event_extra.py for tasks to queue
[2026-07-22T00:29:17.031+0000] {logging_mixin.py:190} INFO - [2026-07-22T00:29:17.030+0000] {dagbag.py:588} INFO - Filling up the DagBag from /home/airflow/.local/lib/python3.12/site-packages/airflow/example_dags/example_outlet_event_extra.py
[2026-07-22T00:29:17.632+0000] {processor.py:925} INFO - DAG(s) 'dataset_with_extra_from_classic_operator', 'dataset_with_extra_by_context', 'dataset_with_extra_by_yield' retrieved from /home/airflow/.local/lib/python3.12/site-packages/airflow/example_dags/example_outlet_event_extra.py
[2026-07-22T00:29:17.662+0000] {logging_mixin.py:190} INFO - [2026-07-22T00:29:17.662+0000] {dag.py:3239} INFO - Sync 3 DAGs
[2026-07-22T00:29:17.688+0000] {logging_mixin.py:190} INFO - [2026-07-22T00:29:17.688+0000] {dag.py:4180} INFO - Setting next_dagrun for dataset_with_extra_by_context to 2026-07-21 00:00:00+00:00, run_after=2026-07-22 00:00:00+00:00
[2026-07-22T00:29:17.695+0000] {logging_mixin.py:190} INFO - [2026-07-22T00:29:17.694+0000] {dag.py:4180} INFO - Setting next_dagrun for dataset_with_extra_by_yield to 2026-07-21 00:00:00+00:00, run_after=2026-07-22 00:00:00+00:00
[2026-07-22T00:29:17.698+0000] {logging_mixin.py:190} INFO - [2026-07-22T00:29:17.698+0000] {dag.py:4180} INFO - Setting next_dagrun for dataset_with_extra_from_classic_operator to 2026-07-21 00:00:00+00:00, run_after=2026-07-22 00:00:00+00:00
[2026-07-22T00:29:17.723+0000] {processor.py:208} INFO - Processing /home/airflow/.local/lib/python3.12/site-packages/airflow/example_dags/example_outlet_event_extra.py took 0.702 seconds
[2026-07-22T00:29:47.787+0000] {processor.py:186} INFO - Started process (PID=2849) to work on /home/airflow/.local/lib/python3.12/site-packages/airflow/example_dags/example_outlet_event_extra.py
[2026-07-22T00:29:47.789+0000] {processor.py:914} INFO - Processing file /home/airflow/.local/lib/python3.12/site-packages/airflow/example_dags/example_outlet_event_extra.py for tasks to queue
[2026-07-22T00:29:47.793+0000] {logging_mixin.py:190} INFO - [2026-07-22T00:29:47.792+0000] {dagbag.py:588} INFO - Filling up the DagBag from /home/airflow/.local/lib/python3.12/site-packages/airflow/example_dags/example_outlet_event_extra.py
[2026-07-22T00:29:48.469+0000] {processor.py:925} INFO - DAG(s) 'dataset_with_extra_by_yield', 'dataset_with_extra_from_classic_operator', 'dataset_with_extra_by_context' retrieved from /home/airflow/.local/lib/python3.12/site-packages/airflow/example_dags/example_outlet_event_extra.py
[2026-07-22T00:29:48.500+0000] {logging_mixin.py:190} INFO - [2026-07-22T00:29:48.500+0000] {dag.py:3239} INFO - Sync 3 DAGs
[2026-07-22T00:29:48.537+0000] {logging_mixin.py:190} INFO - [2026-07-22T00:29:48.536+0000] {dag.py:4180} INFO - Setting next_dagrun for dataset_with_extra_by_context to 2026-07-21 00:00:00+00:00, run_after=2026-07-22 00:00:00+00:00
[2026-07-22T00:29:48.545+0000] {logging_mixin.py:190} INFO - [2026-07-22T00:29:48.545+0000] {dag.py:4180} INFO - Setting next_dagrun for dataset_with_extra_by_yield to 2026-07-21 00:00:00+00:00, run_after=2026-07-22 00:00:00+00:00
[2026-07-22T00:29:48.551+0000] {logging_mixin.py:190} INFO - [2026-07-22T00:29:48.551+0000] {dag.py:4180} INFO - Setting next_dagrun for dataset_with_extra_from_classic_operator to 2026-07-21 00:00:00+00:00, run_after=2026-07-22 00:00:00+00:00
[2026-07-22T00:29:48.583+0000] {processor.py:208} INFO - Processing /home/airflow/.local/lib/python3.12/site-packages/airflow/example_dags/example_outlet_event_extra.py took 0.804 seconds
[2026-07-22T00:30:18.807+0000] {processor.py:186} INFO - Started process (PID=2913) to work on /home/airflow/.local/lib/python3.12/site-packages/airflow/example_dags/example_outlet_event_extra.py
[2026-07-22T00:30:18.809+0000] {processor.py:914} INFO - Processing file /home/airflow/.local/lib/python3.12/site-packages/airflow/example_dags/example_outlet_event_extra.py for tasks to queue
[2026-07-22T00:30:18.815+0000] {logging_mixin.py:190} INFO - [2026-07-22T00:30:18.814+0000] {dagbag.py:588} INFO - Filling up the DagBag from /home/airflow/.local/lib/python3.12/site-packages/airflow/example_dags/example_outlet_event_extra.py
[2026-07-22T00:30:19.366+0000] {processor.py:925} INFO - DAG(s) 'dataset_with_extra_by_context', 'dataset_with_extra_from_classic_operator', 'dataset_with_extra_by_yield' retrieved from /home/airflow/.local/lib/python3.12/site-packages/airflow/example_dags/example_outlet_event_extra.py
[2026-07-22T00:30:19.395+0000] {logging_mixin.py:190} INFO - [2026-07-22T00:30:19.395+0000] {dag.py:3239} INFO - Sync 3 DAGs
[2026-07-22T00:30:19.438+0000] {logging_mixin.py:190} INFO - [2026-07-22T00:30:19.437+0000] {dag.py:4180} INFO - Setting next_dagrun for dataset_with_extra_by_context to 2026-07-21 00:00:00+00:00, run_after=2026-07-22 00:00:00+00:00
[2026-07-22T00:30:19.446+0000] {logging_mixin.py:190} INFO - [2026-07-22T00:30:19.445+0000] {dag.py:4180} INFO - Setting next_dagrun for dataset_with_extra_by_yield to 2026-07-21 00:00:00+00:00, run_after=2026-07-22 00:00:00+00:00
[2026-07-22T00:30:19.450+0000] {logging_mixin.py:190} INFO - [2026-07-22T00:30:19.449+0000] {dag.py:4180} INFO - Setting next_dagrun for dataset_with_extra_from_classic_operator to 2026-07-21 00:00:00+00:00, run_after=2026-07-22 00:00:00+00:00
[2026-07-22T00:30:19.481+0000] {processor.py:208} INFO - Processing /home/airflow/.local/lib/python3.12/site-packages/airflow/example_dags/example_outlet_event_extra.py took 0.685 seconds
[2026-07-22T00:30:50.043+0000] {processor.py:186} INFO - Started process (PID=2978) to work on /home/airflow/.local/lib/python3.12/site-packages/airflow/example_dags/example_outlet_event_extra.py
[2026-07-22T00:30:50.044+0000] {processor.py:914} INFO - Processing file /home/airflow/.local/lib/python3.12/site-packages/airflow/example_dags/example_outlet_event_extra.py for tasks to queue
[2026-07-22T00:30:50.049+0000] {logging_mixin.py:190} INFO - [2026-07-22T00:30:50.048+0000] {dagbag.py:588} INFO - Filling up the DagBag from /home/airflow/.local/lib/python3.12/site-packages/airflow/example_dags/example_outlet_event_extra.py
[2026-07-22T00:30:50.566+0000] {processor.py:925} INFO - DAG(s) 'dataset_with_extra_from_classic_operator', 'dataset_with_extra_by_yield', 'dataset_with_extra_by_context' retrieved from /home/airflow/.local/lib/python3.12/site-packages/airflow/example_dags/example_outlet_event_extra.py
[2026-07-22T00:30:50.599+0000] {logging_mixin.py:190} INFO - [2026-07-22T00:30:50.598+0000] {dag.py:3239} INFO - Sync 3 DAGs
[2026-07-22T00:30:50.637+0000] {logging_mixin.py:190} INFO - [2026-07-22T00:30:50.637+0000] {dag.py:4180} INFO - Setting next_dagrun for dataset_with_extra_by_context to 2026-07-21 00:00:00+00:00, run_after=2026-07-22 00:00:00+00:00
[2026-07-22T00:30:50.644+0000] {logging_mixin.py:190} INFO - [2026-07-22T00:30:50.644+0000] {dag.py:4180} INFO - Setting next_dagrun for dataset_with_extra_by_yield to 2026-07-21 00:00:00+00:00, run_after=2026-07-22 00:00:00+00:00
[2026-07-22T00:30:50.647+0000] {logging_mixin.py:190} INFO - [2026-07-22T00:30:50.647+0000] {dag.py:4180} INFO - Setting next_dagrun for dataset_with_extra_from_classic_operator to 2026-07-21 00:00:00+00:00, run_after=2026-07-22 00:00:00+00:00
[2026-07-22T00:30:50.671+0000] {processor.py:208} INFO - Processing /home/airflow/.local/lib/python3.12/site-packages/airflow/example_dags/example_outlet_event_extra.py took 0.636 seconds
[2026-07-22T00:31:20.813+0000] {processor.py:186} INFO - Started process (PID=3045) to work on /home/airflow/.local/lib/python3.12/site-packages/airflow/example_dags/example_outlet_event_extra.py
[2026-07-22T00:31:20.815+0000] {processor.py:914} INFO - Processing file /home/airflow/.local/lib/python3.12/site-packages/airflow/example_dags/example_outlet_event_extra.py for tasks to queue
[2026-07-22T00:31:20.818+0000] {logging_mixin.py:190} INFO - [2026-07-22T00:31:20.817+0000] {dagbag.py:588} INFO - Filling up the DagBag from /home/airflow/.local/lib/python3.12/site-packages/airflow/example_dags/example_outlet_event_extra.py
[2026-07-22T00:31:21.255+0000] {processor.py:925} INFO - DAG(s) 'dataset_with_extra_by_context', 'dataset_with_extra_from_classic_operator', 'dataset_with_extra_by_yield' retrieved from /home/airflow/.local/lib/python3.12/site-packages/airflow/example_dags/example_outlet_event_extra.py
[2026-07-22T00:31:21.288+0000] {logging_mixin.py:190} INFO - [2026-07-22T00:31:21.288+0000] {dag.py:3239} INFO - Sync 3 DAGs
[2026-07-22T00:31:21.323+0000] {logging_mixin.py:190} INFO - [2026-07-22T00:31:21.322+0000] {dag.py:4180} INFO - Setting next_dagrun for dataset_with_extra_by_context to 2026-07-21 00:00:00+00:00, run_after=2026-07-22 00:00:00+00:00
[2026-07-22T00:31:21.328+0000] {logging_mixin.py:190} INFO - [2026-07-22T00:31:21.328+0000] {dag.py:4180} INFO - Setting next_dagrun for dataset_with_extra_by_yield to 2026-07-21 00:00:00+00:00, run_after=2026-07-22 00:00:00+00:00
[2026-07-22T00:31:21.332+0000] {logging_mixin.py:190} INFO - [2026-07-22T00:31:21.332+0000] {dag.py:4180} INFO - Setting next_dagrun for dataset_with_extra_from_classic_operator to 2026-07-21 00:00:00+00:00, run_after=2026-07-22 00:00:00+00:00
[2026-07-22T00:31:21.356+0000] {processor.py:208} INFO - Processing /home/airflow/.local/lib/python3.12/site-packages/airflow/example_dags/example_outlet_event_extra.py took 0.548 seconds
[2026-07-22T00:31:51.476+0000] {processor.py:186} INFO - Started process (PID=3110) to work on /home/airflow/.local/lib/python3.12/site-packages/airflow/example_dags/example_outlet_event_extra.py
[2026-07-22T00:31:51.478+0000] {processor.py:914} INFO - Processing file /home/airflow/.local/lib/python3.12/site-packages/airflow/example_dags/example_outlet_event_extra.py for tasks to queue
[2026-07-22T00:31:51.481+0000] {logging_mixin.py:190} INFO - [2026-07-22T00:31:51.481+0000] {dagbag.py:588} INFO - Filling up the DagBag from /home/airflow/.local/lib/python3.12/site-packages/airflow/example_dags/example_outlet_event_extra.py
[2026-07-22T00:31:52.074+0000] {processor.py:925} INFO - DAG(s) 'dataset_with_extra_from_classic_operator', 'dataset_with_extra_by_yield', 'dataset_with_extra_by_context' retrieved from /home/airflow/.local/lib/python3.12/site-packages/airflow/example_dags/example_outlet_event_extra.py
[2026-07-22T00:31:52.118+0000] {logging_mixin.py:190} INFO - [2026-07-22T00:31:52.118+0000] {dag.py:3239} INFO - Sync 3 DAGs
[2026-07-22T00:31:52.177+0000] {logging_mixin.py:190} INFO - [2026-07-22T00:31:52.176+0000] {dag.py:4180} INFO - Setting next_dagrun for dataset_with_extra_by_context to 2026-07-21 00:00:00+00:00, run_after=2026-07-22 00:00:00+00:00
[2026-07-22T00:31:52.190+0000] {logging_mixin.py:190} INFO - [2026-07-22T00:31:52.190+0000] {dag.py:4180} INFO - Setting next_dagrun for dataset_with_extra_by_yield to 2026-07-21 00:00:00+00:00, run_after=2026-07-22 00:00:00+00:00
[2026-07-22T00:31:52.196+0000] {logging_mixin.py:190} INFO - [2026-07-22T00:31:52.195+0000] {dag.py:4180} INFO - Setting next_dagrun for dataset_with_extra_from_classic_operator to 2026-07-21 00:00:00+00:00, run_after=2026-07-22 00:00:00+00:00
[2026-07-22T00:31:52.232+0000] {processor.py:208} INFO - Processing /home/airflow/.local/lib/python3.12/site-packages/airflow/example_dags/example_outlet_event_extra.py took 0.766 seconds
[2026-07-22T00:32:23.041+0000] {processor.py:186} INFO - Started process (PID=3177) to work on /home/airflow/.local/lib/python3.12/site-packages/airflow/example_dags/example_outlet_event_extra.py
[2026-07-22T00:32:23.042+0000] {processor.py:914} INFO - Processing file /home/airflow/.local/lib/python3.12/site-packages/airflow/example_dags/example_outlet_event_extra.py for tasks to queue
[2026-07-22T00:32:23.047+0000] {logging_mixin.py:190} INFO - [2026-07-22T00:32:23.046+0000] {dagbag.py:588} INFO - Filling up the DagBag from /home/airflow/.local/lib/python3.12/site-packages/airflow/example_dags/example_outlet_event_extra.py
[2026-07-22T00:32:23.740+0000] {processor.py:925} INFO - DAG(s) 'dataset_with_extra_from_classic_operator', 'dataset_with_extra_by_context', 'dataset_with_extra_by_yield' retrieved from /home/airflow/.local/lib/python3.12/site-packages/airflow/example_dags/example_outlet_event_extra.py
[2026-07-22T00:32:23.772+0000] {logging_mixin.py:190} INFO - [2026-07-22T00:32:23.772+0000] {dag.py:3239} INFO - Sync 3 DAGs
[2026-07-22T00:32:23.809+0000] {logging_mixin.py:190} INFO - [2026-07-22T00:32:23.809+0000] {dag.py:4180} INFO - Setting next_dagrun for dataset_with_extra_by_context to 2026-07-21 00:00:00+00:00, run_after=2026-07-22 00:00:00+00:00
[2026-07-22T00:32:23.818+0000] {logging_mixin.py:190} INFO - [2026-07-22T00:32:23.818+0000] {dag.py:4180} INFO - Setting next_dagrun for dataset_with_extra_by_yield to 2026-07-21 00:00:00+00:00, run_after=2026-07-22 00:00:00+00:00
[2026-07-22T00:32:23.821+0000] {logging_mixin.py:190} INFO - [2026-07-22T00:32:23.821+0000] {dag.py:4180} INFO - Setting next_dagrun for dataset_with_extra_from_classic_operator to 2026-07-21 00:00:00+00:00, run_after=2026-07-22 00:00:00+00:00
[2026-07-22T00:32:23.854+0000] {processor.py:208} INFO - Processing /home/airflow/.local/lib/python3.12/site-packages/airflow/example_dags/example_outlet_event_extra.py took 0.822 seconds
[2026-07-22T00:32:53.925+0000] {processor.py:186} INFO - Started process (PID=3247) to work on /home/airflow/.local/lib/python3.12/site-packages/airflow/example_dags/example_outlet_event_extra.py
[2026-07-22T00:32:53.927+0000] {processor.py:914} INFO - Processing file /home/airflow/.local/lib/python3.12/site-packages/airflow/example_dags/example_outlet_event_extra.py for tasks to queue
[2026-07-22T00:32:53.932+0000] {logging_mixin.py:190} INFO - [2026-07-22T00:32:53.931+0000] {dagbag.py:588} INFO - Filling up the DagBag from /home/airflow/.local/lib/python3.12/site-packages/airflow/example_dags/example_outlet_event_extra.py
[2026-07-22T00:32:54.393+0000] {processor.py:925} INFO - DAG(s) 'dataset_with_extra_from_classic_operator', 'dataset_with_extra_by_yield', 'dataset_with_extra_by_context' retrieved from /home/airflow/.local/lib/python3.12/site-packages/airflow/example_dags/example_outlet_event_extra.py
[2026-07-22T00:32:54.433+0000] {logging_mixin.py:190} INFO - [2026-07-22T00:32:54.433+0000] {dag.py:3239} INFO - Sync 3 DAGs
[2026-07-22T00:32:54.477+0000] {logging_mixin.py:190} INFO - [2026-07-22T00:32:54.477+0000] {dag.py:4180} INFO - Setting next_dagrun for dataset_with_extra_by_context to 2026-07-21 00:00:00+00:00, run_after=2026-07-22 00:00:00+00:00
[2026-07-22T00:32:54.484+0000] {logging_mixin.py:190} INFO - [2026-07-22T00:32:54.484+0000] {dag.py:4180} INFO - Setting next_dagrun for dataset_with_extra_by_yield to 2026-07-21 00:00:00+00:00, run_after=2026-07-22 00:00:00+00:00
[2026-07-22T00:32:54.488+0000] {logging_mixin.py:190} INFO - [2026-07-22T00:32:54.487+0000] {dag.py:4180} INFO - Setting next_dagrun for dataset_with_extra_from_classic_operator to 2026-07-21 00:00:00+00:00, run_after=2026-07-22 00:00:00+00:00
[2026-07-22T00:32:54.514+0000] {processor.py:208} INFO - Processing /home/airflow/.local/lib/python3.12/site-packages/airflow/example_dags/example_outlet_event_extra.py took 0.598 seconds
[2026-07-22T00:33:25.292+0000] {processor.py:186} INFO - Started process (PID=3311) to work on /home/airflow/.local/lib/python3.12/site-packages/airflow/example_dags/example_outlet_event_extra.py
[2026-07-22T00:33:25.293+0000] {processor.py:914} INFO - Processing file /home/airflow/.local/lib/python3.12/site-packages/airflow/example_dags/example_outlet_event_extra.py for tasks to queue
[2026-07-22T00:33:25.296+0000] {logging_mixin.py:190} INFO - [2026-07-22T00:33:25.296+0000] {dagbag.py:588} INFO - Filling up the DagBag from /home/airflow/.local/lib/python3.12/site-packages/airflow/example_dags/example_outlet_event_extra.py
[2026-07-22T00:33:25.753+0000] {processor.py:925} INFO - DAG(s) 'dataset_with_extra_from_classic_operator', 'dataset_with_extra_by_context', 'dataset_with_extra_by_yield' retrieved from /home/airflow/.local/lib/python3.12/site-packages/airflow/example_dags/example_outlet_event_extra.py
[2026-07-22T00:33:25.783+0000] {logging_mixin.py:190} INFO - [2026-07-22T00:33:25.783+0000] {dag.py:3239} INFO - Sync 3 DAGs
[2026-07-22T00:33:25.818+0000] {logging_mixin.py:190} INFO - [2026-07-22T00:33:25.818+0000] {dag.py:4180} INFO - Setting next_dagrun for dataset_with_extra_by_context to 2026-07-21 00:00:00+00:00, run_after=2026-07-22 00:00:00+00:00
[2026-07-22T00:33:25.825+0000] {logging_mixin.py:190} INFO - [2026-07-22T00:33:25.825+0000] {dag.py:4180} INFO - Setting next_dagrun for dataset_with_extra_by_yield to 2026-07-21 00:00:00+00:00, run_after=2026-07-22 00:00:00+00:00
[2026-07-22T00:33:25.828+0000] {logging_mixin.py:190} INFO - [2026-07-22T00:33:25.828+0000] {dag.py:4180} INFO - Setting next_dagrun for dataset_with_extra_from_classic_operator to 2026-07-21 00:00:00+00:00, run_after=2026-07-22 00:00:00+00:00
[2026-07-22T00:33:25.859+0000] {processor.py:208} INFO - Processing /home/airflow/.local/lib/python3.12/site-packages/airflow/example_dags/example_outlet_event_extra.py took 0.573 seconds
[2026-07-22T00:33:56.551+0000] {processor.py:186} INFO - Started process (PID=3374) to work on /home/airflow/.local/lib/python3.12/site-packages/airflow/example_dags/example_outlet_event_extra.py
[2026-07-22T00:33:56.552+0000] {processor.py:914} INFO - Processing file /home/airflow/.local/lib/python3.12/site-packages/airflow/example_dags/example_outlet_event_extra.py for tasks to queue
[2026-07-22T00:33:56.555+0000] {logging_mixin.py:190} INFO - [2026-07-22T00:33:56.554+0000] {dagbag.py:588} INFO - Filling up the DagBag from /home/airflow/.local/lib/python3.12/site-packages/airflow/example_dags/example_outlet_event_extra.py
[2026-07-22T00:33:56.974+0000] {processor.py:925} INFO - DAG(s) 'dataset_with_extra_by_context', 'dataset_with_extra_by_yield', 'dataset_with_extra_from_classic_operator' retrieved from /home/airflow/.local/lib/python3.12/site-packages/airflow/example_dags/example_outlet_event_extra.py
[2026-07-22T00:33:57.006+0000] {logging_mixin.py:190} INFO - [2026-07-22T00:33:57.006+0000] {dag.py:3239} INFO - Sync 3 DAGs
[2026-07-22T00:33:57.036+0000] {logging_mixin.py:190} INFO - [2026-07-22T00:33:57.036+0000] {dag.py:4180} INFO - Setting next_dagrun for dataset_with_extra_by_context to 2026-07-21 00:00:00+00:00, run_after=2026-07-22 00:00:00+00:00
[2026-07-22T00:33:57.042+0000] {logging_mixin.py:190} INFO - [2026-07-22T00:33:57.042+0000] {dag.py:4180} INFO - Setting next_dagrun for dataset_with_extra_by_yield to 2026-07-21 00:00:00+00:00, run_after=2026-07-22 00:00:00+00:00
[2026-07-22T00:33:57.046+0000] {logging_mixin.py:190} INFO - [2026-07-22T00:33:57.046+0000] {dag.py:4180} INFO - Setting next_dagrun for dataset_with_extra_from_classic_operator to 2026-07-21 00:00:00+00:00, run_after=2026-07-22 00:00:00+00:00
[2026-07-22T00:33:57.073+0000] {processor.py:208} INFO - Processing /home/airflow/.local/lib/python3.12/site-packages/airflow/example_dags/example_outlet_event_extra.py took 0.528 seconds
[2026-07-22T00:34:27.911+0000] {processor.py:186} INFO - Started process (PID=3438) to work on /home/airflow/.local/lib/python3.12/site-packages/airflow/example_dags/example_outlet_event_extra.py
[2026-07-22T00:34:27.912+0000] {processor.py:914} INFO - Processing file /home/airflow/.local/lib/python3.12/site-packages/airflow/example_dags/example_outlet_event_extra.py for tasks to queue
[2026-07-22T00:34:27.915+0000] {logging_mixin.py:190} INFO - [2026-07-22T00:34:27.914+0000] {dagbag.py:588} INFO - Filling up the DagBag from /home/airflow/.local/lib/python3.12/site-packages/airflow/example_dags/example_outlet_event_extra.py
[2026-07-22T00:34:28.340+0000] {processor.py:925} INFO - DAG(s) 'dataset_with_extra_by_context', 'dataset_with_extra_from_classic_operator', 'dataset_with_extra_by_yield' retrieved from /home/airflow/.local/lib/python3.12/site-packages/airflow/example_dags/example_outlet_event_extra.py
[2026-07-22T00:34:28.369+0000] {logging_mixin.py:190} INFO - [2026-07-22T00:34:28.369+0000] {dag.py:3239} INFO - Sync 3 DAGs
[2026-07-22T00:34:28.401+0000] {logging_mixin.py:190} INFO - [2026-07-22T00:34:28.401+0000] {dag.py:4180} INFO - Setting next_dagrun for dataset_with_extra_by_context to 2026-07-21 00:00:00+00:00, run_after=2026-07-22 00:00:00+00:00
[2026-07-22T00:34:28.407+0000] {logging_mixin.py:190} INFO - [2026-07-22T00:34:28.407+0000] {dag.py:4180} INFO - Setting next_dagrun for dataset_with_extra_by_yield to 2026-07-21 00:00:00+00:00, run_after=2026-07-22 00:00:00+00:00
[2026-07-22T00:34:28.411+0000] {logging_mixin.py:190} INFO - [2026-07-22T00:34:28.410+0000] {dag.py:4180} INFO - Setting next_dagrun for dataset_with_extra_from_classic_operator to 2026-07-21 00:00:00+00:00, run_after=2026-07-22 00:00:00+00:00
[2026-07-22T00:34:28.436+0000] {processor.py:208} INFO - Processing /home/airflow/.local/lib/python3.12/site-packages/airflow/example_dags/example_outlet_event_extra.py took 0.530 seconds
[2026-07-22T00:34:59.358+0000] {processor.py:186} INFO - Started process (PID=3502) to work on /home/airflow/.local/lib/python3.12/site-packages/airflow/example_dags/example_outlet_event_extra.py
[2026-07-22T00:34:59.359+0000] {processor.py:914} INFO - Processing file /home/airflow/.local/lib/python3.12/site-packages/airflow/example_dags/example_outlet_event_extra.py for tasks to queue
[2026-07-22T00:34:59.362+0000] {logging_mixin.py:190} INFO - [2026-07-22T00:34:59.362+0000] {dagbag.py:588} INFO - Filling up the DagBag from /home/airflow/.local/lib/python3.12/site-packages/airflow/example_dags/example_outlet_event_extra.py
[2026-07-22T00:34:59.746+0000] {processor.py:925} INFO - DAG(s) 'dataset_with_extra_from_classic_operator', 'dataset_with_extra_by_yield', 'dataset_with_extra_by_context' retrieved from /home/airflow/.local/lib/python3.12/site-packages/airflow/example_dags/example_outlet_event_extra.py
[2026-07-22T00:34:59.775+0000] {logging_mixin.py:190} INFO - [2026-07-22T00:34:59.775+0000] {dag.py:3239} INFO - Sync 3 DAGs
[2026-07-22T00:34:59.803+0000] {logging_mixin.py:190} INFO - [2026-07-22T00:34:59.803+0000] {dag.py:4180} INFO - Setting next_dagrun for dataset_with_extra_by_context to 2026-07-21 00:00:00+00:00, run_after=2026-07-22 00:00:00+00:00
[2026-07-22T00:34:59.811+0000] {logging_mixin.py:190} INFO - [2026-07-22T00:34:59.810+0000] {dag.py:4180} INFO - Setting next_dagrun for dataset_with_extra_by_yield to 2026-07-21 00:00:00+00:00, run_after=2026-07-22 00:00:00+00:00
[2026-07-22T00:34:59.814+0000] {logging_mixin.py:190} INFO - [2026-07-22T00:34:59.814+0000] {dag.py:4180} INFO - Setting next_dagrun for dataset_with_extra_from_classic_operator to 2026-07-21 00:00:00+00:00, run_after=2026-07-22 00:00:00+00:00
[2026-07-22T00:34:59.841+0000] {processor.py:208} INFO - Processing /home/airflow/.local/lib/python3.12/site-packages/airflow/example_dags/example_outlet_event_extra.py took 0.491 seconds
[2026-07-22T00:35:30.519+0000] {processor.py:186} INFO - Started process (PID=3572) to work on /home/airflow/.local/lib/python3.12/site-packages/airflow/example_dags/example_outlet_event_extra.py
[2026-07-22T00:35:30.521+0000] {processor.py:914} INFO - Processing file /home/airflow/.local/lib/python3.12/site-packages/airflow/example_dags/example_outlet_event_extra.py for tasks to queue
[2026-07-22T00:35:30.526+0000] {logging_mixin.py:190} INFO - [2026-07-22T00:35:30.524+0000] {dagbag.py:588} INFO - Filling up the DagBag from /home/airflow/.local/lib/python3.12/site-packages/airflow/example_dags/example_outlet_event_extra.py
[2026-07-22T00:35:31.001+0000] {processor.py:925} INFO - DAG(s) 'dataset_with_extra_by_yield', 'dataset_with_extra_from_classic_operator', 'dataset_with_extra_by_context' retrieved from /home/airflow/.local/lib/python3.12/site-packages/airflow/example_dags/example_outlet_event_extra.py
[2026-07-22T00:35:31.031+0000] {logging_mixin.py:190} INFO - [2026-07-22T00:35:31.030+0000] {dag.py:3239} INFO - Sync 3 DAGs
[2026-07-22T00:35:31.065+0000] {logging_mixin.py:190} INFO - [2026-07-22T00:35:31.064+0000] {dag.py:4180} INFO - Setting next_dagrun for dataset_with_extra_by_context to 2026-07-21 00:00:00+00:00, run_after=2026-07-22 00:00:00+00:00
[2026-07-22T00:35:31.071+0000] {logging_mixin.py:190} INFO - [2026-07-22T00:35:31.071+0000] {dag.py:4180} INFO - Setting next_dagrun for dataset_with_extra_by_yield to 2026-07-21 00:00:00+00:00, run_after=2026-07-22 00:00:00+00:00
[2026-07-22T00:35:31.076+0000] {logging_mixin.py:190} INFO - [2026-07-22T00:35:31.076+0000] {dag.py:4180} INFO - Setting next_dagrun for dataset_with_extra_from_classic_operator to 2026-07-21 00:00:00+00:00, run_after=2026-07-22 00:00:00+00:00
[2026-07-22T00:35:31.109+0000] {processor.py:208} INFO - Processing /home/airflow/.local/lib/python3.12/site-packages/airflow/example_dags/example_outlet_event_extra.py took 0.600 seconds
[2026-07-22T00:36:01.862+0000] {processor.py:186} INFO - Started process (PID=3636) to work on /home/airflow/.local/lib/python3.12/site-packages/airflow/example_dags/example_outlet_event_extra.py
[2026-07-22T00:36:01.864+0000] {processor.py:914} INFO - Processing file /home/airflow/.local/lib/python3.12/site-packages/airflow/example_dags/example_outlet_event_extra.py for tasks to queue
[2026-07-22T00:36:01.869+0000] {logging_mixin.py:190} INFO - [2026-07-22T00:36:01.869+0000] {dagbag.py:588} INFO - Filling up the DagBag from /home/airflow/.local/lib/python3.12/site-packages/airflow/example_dags/example_outlet_event_extra.py
[2026-07-22T00:36:02.378+0000] {processor.py:925} INFO - DAG(s) 'dataset_with_extra_by_yield', 'dataset_with_extra_by_context', 'dataset_with_extra_from_classic_operator' retrieved from /home/airflow/.local/lib/python3.12/site-packages/airflow/example_dags/example_outlet_event_extra.py
[2026-07-22T00:36:02.414+0000] {logging_mixin.py:190} INFO - [2026-07-22T00:36:02.414+0000] {dag.py:3239} INFO - Sync 3 DAGs
[2026-07-22T00:36:02.447+0000] {logging_mixin.py:190} INFO - [2026-07-22T00:36:02.447+0000] {dag.py:4180} INFO - Setting next_dagrun for dataset_with_extra_by_context to 2026-07-21 00:00:00+00:00, run_after=2026-07-22 00:00:00+00:00
[2026-07-22T00:36:02.453+0000] {logging_mixin.py:190} INFO - [2026-07-22T00:36:02.453+0000] {dag.py:4180} INFO - Setting next_dagrun for dataset_with_extra_by_yield to 2026-07-21 00:00:00+00:00, run_after=2026-07-22 00:00:00+00:00
[2026-07-22T00:36:02.456+0000] {logging_mixin.py:190} INFO - [2026-07-22T00:36:02.456+0000] {dag.py:4180} INFO - Setting next_dagrun for dataset_with_extra_from_classic_operator to 2026-07-21 00:00:00+00:00, run_after=2026-07-22 00:00:00+00:00
[2026-07-22T00:36:02.490+0000] {processor.py:208} INFO - Processing /home/airflow/.local/lib/python3.12/site-packages/airflow/example_dags/example_outlet_event_extra.py took 0.637 seconds
[2026-07-22T00:36:32.980+0000] {processor.py:186} INFO - Started process (PID=3700) to work on /home/airflow/.local/lib/python3.12/site-packages/airflow/example_dags/example_outlet_event_extra.py
[2026-07-22T00:36:32.982+0000] {processor.py:914} INFO - Processing file /home/airflow/.local/lib/python3.12/site-packages/airflow/example_dags/example_outlet_event_extra.py for tasks to queue
[2026-07-22T00:36:32.987+0000] {logging_mixin.py:190} INFO - [2026-07-22T00:36:32.987+0000] {dagbag.py:588} INFO - Filling up the DagBag from /home/airflow/.local/lib/python3.12/site-packages/airflow/example_dags/example_outlet_event_extra.py
[2026-07-22T00:36:33.500+0000] {processor.py:925} INFO - DAG(s) 'dataset_with_extra_by_yield', 'dataset_with_extra_by_context', 'dataset_with_extra_from_classic_operator' retrieved from /home/airflow/.local/lib/python3.12/site-packages/airflow/example_dags/example_outlet_event_extra.py
[2026-07-22T00:36:33.555+0000] {logging_mixin.py:190} INFO - [2026-07-22T00:36:33.554+0000] {dag.py:3239} INFO - Sync 3 DAGs
[2026-07-22T00:36:33.603+0000] {logging_mixin.py:190} INFO - [2026-07-22T00:36:33.602+0000] {dag.py:4180} INFO - Setting next_dagrun for dataset_with_extra_by_context to 2026-07-21 00:00:00+00:00, run_after=2026-07-22 00:00:00+00:00
[2026-07-22T00:36:33.612+0000] {logging_mixin.py:190} INFO - [2026-07-22T00:36:33.612+0000] {dag.py:4180} INFO - Setting next_dagrun for dataset_with_extra_by_yield to 2026-07-21 00:00:00+00:00, run_after=2026-07-22 00:00:00+00:00
[2026-07-22T00:36:33.618+0000] {logging_mixin.py:190} INFO - [2026-07-22T00:36:33.617+0000] {dag.py:4180} INFO - Setting next_dagrun for dataset_with_extra_from_classic_operator to 2026-07-21 00:00:00+00:00, run_after=2026-07-22 00:00:00+00:00
[2026-07-22T00:36:33.654+0000] {processor.py:208} INFO - Processing /home/airflow/.local/lib/python3.12/site-packages/airflow/example_dags/example_outlet_event_extra.py took 0.683 seconds
[2026-07-22T00:37:04.458+0000] {processor.py:186} INFO - Started process (PID=3765) to work on /home/airflow/.local/lib/python3.12/site-packages/airflow/example_dags/example_outlet_event_extra.py
[2026-07-22T00:37:04.460+0000] {processor.py:914} INFO - Processing file /home/airflow/.local/lib/python3.12/site-packages/airflow/example_dags/example_outlet_event_extra.py for tasks to queue
[2026-07-22T00:37:04.467+0000] {logging_mixin.py:190} INFO - [2026-07-22T00:37:04.466+0000] {dagbag.py:588} INFO - Filling up the DagBag from /home/airflow/.local/lib/python3.12/site-packages/airflow/example_dags/example_outlet_event_extra.py
[2026-07-22T00:37:05.020+0000] {processor.py:925} INFO - DAG(s) 'dataset_with_extra_by_context', 'dataset_with_extra_by_yield', 'dataset_with_extra_from_classic_operator' retrieved from /home/airflow/.local/lib/python3.12/site-packages/airflow/example_dags/example_outlet_event_extra.py
[2026-07-22T00:37:05.060+0000] {logging_mixin.py:190} INFO - [2026-07-22T00:37:05.059+0000] {dag.py:3239} INFO - Sync 3 DAGs
[2026-07-22T00:37:05.099+0000] {logging_mixin.py:190} INFO - [2026-07-22T00:37:05.099+0000] {dag.py:4180} INFO - Setting next_dagrun for dataset_with_extra_by_context to 2026-07-21 00:00:00+00:00, run_after=2026-07-22 00:00:00+00:00
[2026-07-22T00:37:05.108+0000] {logging_mixin.py:190} INFO - [2026-07-22T00:37:05.108+0000] {dag.py:4180} INFO - Setting next_dagrun for dataset_with_extra_by_yield to 2026-07-21 00:00:00+00:00, run_after=2026-07-22 00:00:00+00:00
[2026-07-22T00:37:05.114+0000] {logging_mixin.py:190} INFO - [2026-07-22T00:37:05.113+0000] {dag.py:4180} INFO - Setting next_dagrun for dataset_with_extra_from_classic_operator to 2026-07-21 00:00:00+00:00, run_after=2026-07-22 00:00:00+00:00
[2026-07-22T00:37:05.151+0000] {processor.py:208} INFO - Processing /home/airflow/.local/lib/python3.12/site-packages/airflow/example_dags/example_outlet_event_extra.py took 0.704 seconds
[2026-07-22T00:37:36.067+0000] {processor.py:186} INFO - Started process (PID=3829) to work on /home/airflow/.local/lib/python3.12/site-packages/airflow/example_dags/example_outlet_event_extra.py
[2026-07-22T00:37:36.069+0000] {processor.py:914} INFO - Processing file /home/airflow/.local/lib/python3.12/site-packages/airflow/example_dags/example_outlet_event_extra.py for tasks to queue
[2026-07-22T00:37:36.073+0000] {logging_mixin.py:190} INFO - [2026-07-22T00:37:36.073+0000] {dagbag.py:588} INFO - Filling up the DagBag from /home/airflow/.local/lib/python3.12/site-packages/airflow/example_dags/example_outlet_event_extra.py
[2026-07-22T00:37:36.706+0000] {processor.py:925} INFO - DAG(s) 'dataset_with_extra_from_classic_operator', 'dataset_with_extra_by_yield', 'dataset_with_extra_by_context' retrieved from /home/airflow/.local/lib/python3.12/site-packages/airflow/example_dags/example_outlet_event_extra.py
[2026-07-22T00:37:36.744+0000] {logging_mixin.py:190} INFO - [2026-07-22T00:37:36.743+0000] {dag.py:3239} INFO - Sync 3 DAGs
[2026-07-22T00:37:36.798+0000] {logging_mixin.py:190} INFO - [2026-07-22T00:37:36.797+0000] {dag.py:4180} INFO - Setting next_dagrun for dataset_with_extra_by_context to 2026-07-21 00:00:00+00:00, run_after=2026-07-22 00:00:00+00:00
[2026-07-22T00:37:36.807+0000] {logging_mixin.py:190} INFO - [2026-07-22T00:37:36.807+0000] {dag.py:4180} INFO - Setting next_dagrun for dataset_with_extra_by_yield to 2026-07-21 00:00:00+00:00, run_after=2026-07-22 00:00:00+00:00
[2026-07-22T00:37:36.811+0000] {logging_mixin.py:190} INFO - [2026-07-22T00:37:36.811+0000] {dag.py:4180} INFO - Setting next_dagrun for dataset_with_extra_from_classic_operator to 2026-07-21 00:00:00+00:00, run_after=2026-07-22 00:00:00+00:00
[2026-07-22T00:37:36.841+0000] {processor.py:208} INFO - Processing /home/airflow/.local/lib/python3.12/site-packages/airflow/example_dags/example_outlet_event_extra.py took 0.785 seconds
[2026-07-22T00:38:07.369+0000] {processor.py:186} INFO - Started process (PID=3893) to work on /home/airflow/.local/lib/python3.12/site-packages/airflow/example_dags/example_outlet_event_extra.py
[2026-07-22T00:38:07.370+0000] {processor.py:914} INFO - Processing file /home/airflow/.local/lib/python3.12/site-packages/airflow/example_dags/example_outlet_event_extra.py for tasks to queue
[2026-07-22T00:38:07.375+0000] {logging_mixin.py:190} INFO - [2026-07-22T00:38:07.374+0000] {dagbag.py:588} INFO - Filling up the DagBag from /home/airflow/.local/lib/python3.12/site-packages/airflow/example_dags/example_outlet_event_extra.py
[2026-07-22T00:38:07.876+0000] {processor.py:925} INFO - DAG(s) 'dataset_with_extra_by_context', 'dataset_with_extra_from_classic_operator', 'dataset_with_extra_by_yield' retrieved from /home/airflow/.local/lib/python3.12/site-packages/airflow/example_dags/example_outlet_event_extra.py
[2026-07-22T00:38:07.905+0000] {logging_mixin.py:190} INFO - [2026-07-22T00:38:07.905+0000] {dag.py:3239} INFO - Sync 3 DAGs
[2026-07-22T00:38:07.943+0000] {logging_mixin.py:190} INFO - [2026-07-22T00:38:07.943+0000] {dag.py:4180} INFO - Setting next_dagrun for dataset_with_extra_by_context to 2026-07-21 00:00:00+00:00, run_after=2026-07-22 00:00:00+00:00
[2026-07-22T00:38:07.950+0000] {logging_mixin.py:190} INFO - [2026-07-22T00:38:07.950+0000] {dag.py:4180} INFO - Setting next_dagrun for dataset_with_extra_by_yield to 2026-07-21 00:00:00+00:00, run_after=2026-07-22 00:00:00+00:00
[2026-07-22T00:38:07.953+0000] {logging_mixin.py:190} INFO - [2026-07-22T00:38:07.953+0000] {dag.py:4180} INFO - Setting next_dagrun for dataset_with_extra_from_classic_operator to 2026-07-21 00:00:00+00:00, run_after=2026-07-22 00:00:00+00:00
[2026-07-22T00:38:07.979+0000] {processor.py:208} INFO - Processing /home/airflow/.local/lib/python3.12/site-packages/airflow/example_dags/example_outlet_event_extra.py took 0.620 seconds
[2026-07-22T00:38:38.102+0000] {processor.py:186} INFO - Started process (PID=3957) to work on /home/airflow/.local/lib/python3.12/site-packages/airflow/example_dags/example_outlet_event_extra.py
[2026-07-22T00:38:38.103+0000] {processor.py:914} INFO - Processing file /home/airflow/.local/lib/python3.12/site-packages/airflow/example_dags/example_outlet_event_extra.py for tasks to queue
[2026-07-22T00:38:38.107+0000] {logging_mixin.py:190} INFO - [2026-07-22T00:38:38.106+0000] {dagbag.py:588} INFO - Filling up the DagBag from /home/airflow/.local/lib/python3.12/site-packages/airflow/example_dags/example_outlet_event_extra.py
[2026-07-22T00:38:38.647+0000] {processor.py:925} INFO - DAG(s) 'dataset_with_extra_by_context', 'dataset_with_extra_by_yield', 'dataset_with_extra_from_classic_operator' retrieved from /home/airflow/.local/lib/python3.12/site-packages/airflow/example_dags/example_outlet_event_extra.py
[2026-07-22T00:38:38.679+0000] {logging_mixin.py:190} INFO - [2026-07-22T00:38:38.679+0000] {dag.py:3239} INFO - Sync 3 DAGs
[2026-07-22T00:38:38.714+0000] {logging_mixin.py:190} INFO - [2026-07-22T00:38:38.714+0000] {dag.py:4180} INFO - Setting next_dagrun for dataset_with_extra_by_context to 2026-07-21 00:00:00+00:00, run_after=2026-07-22 00:00:00+00:00
[2026-07-22T00:38:38.721+0000] {logging_mixin.py:190} INFO - [2026-07-22T00:38:38.721+0000] {dag.py:4180} INFO - Setting next_dagrun for dataset_with_extra_by_yield to 2026-07-21 00:00:00+00:00, run_after=2026-07-22 00:00:00+00:00
[2026-07-22T00:38:38.725+0000] {logging_mixin.py:190} INFO - [2026-07-22T00:38:38.724+0000] {dag.py:4180} INFO - Setting next_dagrun for dataset_with_extra_from_classic_operator to 2026-07-21 00:00:00+00:00, run_after=2026-07-22 00:00:00+00:00
[2026-07-22T00:38:38.976+0000] {processor.py:208} INFO - Processing /home/airflow/.local/lib/python3.12/site-packages/airflow/example_dags/example_outlet_event_extra.py took 0.883 seconds
[2026-07-22T00:39:09.779+0000] {processor.py:186} INFO - Started process (PID=4021) to work on /home/airflow/.local/lib/python3.12/site-packages/airflow/example_dags/example_outlet_event_extra.py
[2026-07-22T00:39:09.780+0000] {processor.py:914} INFO - Processing file /home/airflow/.local/lib/python3.12/site-packages/airflow/example_dags/example_outlet_event_extra.py for tasks to queue
[2026-07-22T00:39:09.784+0000] {logging_mixin.py:190} INFO - [2026-07-22T00:39:09.783+0000] {dagbag.py:588} INFO - Filling up the DagBag from /home/airflow/.local/lib/python3.12/site-packages/airflow/example_dags/example_outlet_event_extra.py
[2026-07-22T00:39:10.245+0000] {processor.py:925} INFO - DAG(s) 'dataset_with_extra_from_classic_operator', 'dataset_with_extra_by_yield', 'dataset_with_extra_by_context' retrieved from /home/airflow/.local/lib/python3.12/site-packages/airflow/example_dags/example_outlet_event_extra.py
[2026-07-22T00:39:10.277+0000] {logging_mixin.py:190} INFO - [2026-07-22T00:39:10.277+0000] {dag.py:3239} INFO - Sync 3 DAGs
[2026-07-22T00:39:10.307+0000] {logging_mixin.py:190} INFO - [2026-07-22T00:39:10.306+0000] {dag.py:4180} INFO - Setting next_dagrun for dataset_with_extra_by_context to 2026-07-21 00:00:00+00:00, run_after=2026-07-22 00:00:00+00:00
[2026-07-22T00:39:10.314+0000] {logging_mixin.py:190} INFO - [2026-07-22T00:39:10.314+0000] {dag.py:4180} INFO - Setting next_dagrun for dataset_with_extra_by_yield to 2026-07-21 00:00:00+00:00, run_after=2026-07-22 00:00:00+00:00
[2026-07-22T00:39:10.319+0000] {logging_mixin.py:190} INFO - [2026-07-22T00:39:10.318+0000] {dag.py:4180} INFO - Setting next_dagrun for dataset_with_extra_from_classic_operator to 2026-07-21 00:00:00+00:00, run_after=2026-07-22 00:00:00+00:00
[2026-07-22T00:39:10.348+0000] {processor.py:208} INFO - Processing /home/airflow/.local/lib/python3.12/site-packages/airflow/example_dags/example_outlet_event_extra.py took 0.576 seconds
[2026-07-22T00:39:41.090+0000] {processor.py:186} INFO - Started process (PID=4085) to work on /home/airflow/.local/lib/python3.12/site-packages/airflow/example_dags/example_outlet_event_extra.py
[2026-07-22T00:39:41.092+0000] {processor.py:914} INFO - Processing file /home/airflow/.local/lib/python3.12/site-packages/airflow/example_dags/example_outlet_event_extra.py for tasks to queue
[2026-07-22T00:39:41.096+0000] {logging_mixin.py:190} INFO - [2026-07-22T00:39:41.095+0000] {dagbag.py:588} INFO - Filling up the DagBag from /home/airflow/.local/lib/python3.12/site-packages/airflow/example_dags/example_outlet_event_extra.py
[2026-07-22T00:39:41.620+0000] {processor.py:925} INFO - DAG(s) 'dataset_with_extra_from_classic_operator', 'dataset_with_extra_by_yield', 'dataset_with_extra_by_context' retrieved from /home/airflow/.local/lib/python3.12/site-packages/airflow/example_dags/example_outlet_event_extra.py
[2026-07-22T00:39:41.660+0000] {logging_mixin.py:190} INFO - [2026-07-22T00:39:41.660+0000] {dag.py:3239} INFO - Sync 3 DAGs
[2026-07-22T00:39:41.697+0000] {logging_mixin.py:190} INFO - [2026-07-22T00:39:41.697+0000] {dag.py:4180} INFO - Setting next_dagrun for dataset_with_extra_by_context to 2026-07-21 00:00:00+00:00, run_after=2026-07-22 00:00:00+00:00
[2026-07-22T00:39:41.706+0000] {logging_mixin.py:190} INFO - [2026-07-22T00:39:41.705+0000] {dag.py:4180} INFO - Setting next_dagrun for dataset_with_extra_by_yield to 2026-07-21 00:00:00+00:00, run_after=2026-07-22 00:00:00+00:00
[2026-07-22T00:39:41.711+0000] {logging_mixin.py:190} INFO - [2026-07-22T00:39:41.710+0000] {dag.py:4180} INFO - Setting next_dagrun for dataset_with_extra_from_classic_operator to 2026-07-21 00:00:00+00:00, run_after=2026-07-22 00:00:00+00:00
[2026-07-22T00:39:41.746+0000] {processor.py:208} INFO - Processing /home/airflow/.local/lib/python3.12/site-packages/airflow/example_dags/example_outlet_event_extra.py took 0.663 seconds
[2026-07-22T00:40:12.221+0000] {processor.py:186} INFO - Started process (PID=4149) to work on /home/airflow/.local/lib/python3.12/site-packages/airflow/example_dags/example_outlet_event_extra.py
[2026-07-22T00:40:12.223+0000] {processor.py:914} INFO - Processing file /home/airflow/.local/lib/python3.12/site-packages/airflow/example_dags/example_outlet_event_extra.py for tasks to queue
[2026-07-22T00:40:12.225+0000] {logging_mixin.py:190} INFO - [2026-07-22T00:40:12.225+0000] {dagbag.py:588} INFO - Filling up the DagBag from /home/airflow/.local/lib/python3.12/site-packages/airflow/example_dags/example_outlet_event_extra.py
[2026-07-22T00:40:12.659+0000] {processor.py:925} INFO - DAG(s) 'dataset_with_extra_from_classic_operator', 'dataset_with_extra_by_yield', 'dataset_with_extra_by_context' retrieved from /home/airflow/.local/lib/python3.12/site-packages/airflow/example_dags/example_outlet_event_extra.py
[2026-07-22T00:40:12.695+0000] {logging_mixin.py:190} INFO - [2026-07-22T00:40:12.694+0000] {dag.py:3239} INFO - Sync 3 DAGs
[2026-07-22T00:40:12.730+0000] {logging_mixin.py:190} INFO - [2026-07-22T00:40:12.729+0000] {dag.py:4180} INFO - Setting next_dagrun for dataset_with_extra_by_context to 2026-07-21 00:00:00+00:00, run_after=2026-07-22 00:00:00+00:00
[2026-07-22T00:40:12.736+0000] {logging_mixin.py:190} INFO - [2026-07-22T00:40:12.736+0000] {dag.py:4180} INFO - Setting next_dagrun for dataset_with_extra_by_yield to 2026-07-21 00:00:00+00:00, run_after=2026-07-22 00:00:00+00:00
[2026-07-22T00:40:12.740+0000] {logging_mixin.py:190} INFO - [2026-07-22T00:40:12.740+0000] {dag.py:4180} INFO - Setting next_dagrun for dataset_with_extra_from_classic_operator to 2026-07-21 00:00:00+00:00, run_after=2026-07-22 00:00:00+00:00
[2026-07-22T00:40:12.771+0000] {processor.py:208} INFO - Processing /home/airflow/.local/lib/python3.12/site-packages/airflow/example_dags/example_outlet_event_extra.py took 0.555 seconds
[2026-07-22T00:40:43.581+0000] {processor.py:186} INFO - Started process (PID=4213) to work on /home/airflow/.local/lib/python3.12/site-packages/airflow/example_dags/example_outlet_event_extra.py
[2026-07-22T00:40:43.583+0000] {processor.py:914} INFO - Processing file /home/airflow/.local/lib/python3.12/site-packages/airflow/example_dags/example_outlet_event_extra.py for tasks to queue
[2026-07-22T00:40:43.587+0000] {logging_mixin.py:190} INFO - [2026-07-22T00:40:43.586+0000] {dagbag.py:588} INFO - Filling up the DagBag from /home/airflow/.local/lib/python3.12/site-packages/airflow/example_dags/example_outlet_event_extra.py
[2026-07-22T00:40:44.017+0000] {processor.py:925} INFO - DAG(s) 'dataset_with_extra_by_yield', 'dataset_with_extra_by_context', 'dataset_with_extra_from_classic_operator' retrieved from /home/airflow/.local/lib/python3.12/site-packages/airflow/example_dags/example_outlet_event_extra.py
[2026-07-22T00:40:44.047+0000] {logging_mixin.py:190} INFO - [2026-07-22T00:40:44.046+0000] {dag.py:3239} INFO - Sync 3 DAGs
[2026-07-22T00:40:44.274+0000] {logging_mixin.py:190} INFO - [2026-07-22T00:40:44.274+0000] {dag.py:4180} INFO - Setting next_dagrun for dataset_with_extra_by_context to 2026-07-21 00:00:00+00:00, run_after=2026-07-22 00:00:00+00:00
[2026-07-22T00:40:44.280+0000] {logging_mixin.py:190} INFO - [2026-07-22T00:40:44.280+0000] {dag.py:4180} INFO - Setting next_dagrun for dataset_with_extra_by_yield to 2026-07-21 00:00:00+00:00, run_after=2026-07-22 00:00:00+00:00
[2026-07-22T00:40:44.283+0000] {logging_mixin.py:190} INFO - [2026-07-22T00:40:44.283+0000] {dag.py:4180} INFO - Setting next_dagrun for dataset_with_extra_from_classic_operator to 2026-07-21 00:00:00+00:00, run_after=2026-07-22 00:00:00+00:00
[2026-07-22T00:40:44.310+0000] {processor.py:208} INFO - Processing /home/airflow/.local/lib/python3.12/site-packages/airflow/example_dags/example_outlet_event_extra.py took 0.736 seconds
[2026-07-22T00:41:14.890+0000] {processor.py:186} INFO - Started process (PID=4277) to work on /home/airflow/.local/lib/python3.12/site-packages/airflow/example_dags/example_outlet_event_extra.py
[2026-07-22T00:41:14.891+0000] {processor.py:914} INFO - Processing file /home/airflow/.local/lib/python3.12/site-packages/airflow/example_dags/example_outlet_event_extra.py for tasks to queue
[2026-07-22T00:41:14.894+0000] {logging_mixin.py:190} INFO - [2026-07-22T00:41:14.893+0000] {dagbag.py:588} INFO - Filling up the DagBag from /home/airflow/.local/lib/python3.12/site-packages/airflow/example_dags/example_outlet_event_extra.py
[2026-07-22T00:41:15.317+0000] {processor.py:925} INFO - DAG(s) 'dataset_with_extra_by_yield', 'dataset_with_extra_from_classic_operator', 'dataset_with_extra_by_context' retrieved from /home/airflow/.local/lib/python3.12/site-packages/airflow/example_dags/example_outlet_event_extra.py
[2026-07-22T00:41:15.346+0000] {logging_mixin.py:190} INFO - [2026-07-22T00:41:15.346+0000] {dag.py:3239} INFO - Sync 3 DAGs
[2026-07-22T00:41:15.377+0000] {logging_mixin.py:190} INFO - [2026-07-22T00:41:15.376+0000] {dag.py:4180} INFO - Setting next_dagrun for dataset_with_extra_by_context to 2026-07-21 00:00:00+00:00, run_after=2026-07-22 00:00:00+00:00
[2026-07-22T00:41:15.601+0000] {logging_mixin.py:190} INFO - [2026-07-22T00:41:15.601+0000] {dag.py:4180} INFO - Setting next_dagrun for dataset_with_extra_by_yield to 2026-07-21 00:00:00+00:00, run_after=2026-07-22 00:00:00+00:00
[2026-07-22T00:41:15.604+0000] {logging_mixin.py:190} INFO - [2026-07-22T00:41:15.604+0000] {dag.py:4180} INFO - Setting next_dagrun for dataset_with_extra_from_classic_operator to 2026-07-21 00:00:00+00:00, run_after=2026-07-22 00:00:00+00:00
[2026-07-22T00:41:15.627+0000] {processor.py:208} INFO - Processing /home/airflow/.local/lib/python3.12/site-packages/airflow/example_dags/example_outlet_event_extra.py took 0.744 seconds
[2026-07-22T00:41:46.115+0000] {processor.py:186} INFO - Started process (PID=4341) to work on /home/airflow/.local/lib/python3.12/site-packages/airflow/example_dags/example_outlet_event_extra.py
[2026-07-22T00:41:46.116+0000] {processor.py:914} INFO - Processing file /home/airflow/.local/lib/python3.12/site-packages/airflow/example_dags/example_outlet_event_extra.py for tasks to queue
[2026-07-22T00:41:46.120+0000] {logging_mixin.py:190} INFO - [2026-07-22T00:41:46.120+0000] {dagbag.py:588} INFO - Filling up the DagBag from /home/airflow/.local/lib/python3.12/site-packages/airflow/example_dags/example_outlet_event_extra.py
[2026-07-22T00:41:46.643+0000] {processor.py:925} INFO - DAG(s) 'dataset_with_extra_by_context', 'dataset_with_extra_by_yield', 'dataset_with_extra_from_classic_operator' retrieved from /home/airflow/.local/lib/python3.12/site-packages/airflow/example_dags/example_outlet_event_extra.py
[2026-07-22T00:41:46.675+0000] {logging_mixin.py:190} INFO - [2026-07-22T00:41:46.675+0000] {dag.py:3239} INFO - Sync 3 DAGs
[2026-07-22T00:41:46.708+0000] {logging_mixin.py:190} INFO - [2026-07-22T00:41:46.708+0000] {dag.py:4180} INFO - Setting next_dagrun for dataset_with_extra_by_context to 2026-07-21 00:00:00+00:00, run_after=2026-07-22 00:00:00+00:00
[2026-07-22T00:41:46.714+0000] {logging_mixin.py:190} INFO - [2026-07-22T00:41:46.714+0000] {dag.py:4180} INFO - Setting next_dagrun for dataset_with_extra_by_yield to 2026-07-21 00:00:00+00:00, run_after=2026-07-22 00:00:00+00:00
[2026-07-22T00:41:46.718+0000] {logging_mixin.py:190} INFO - [2026-07-22T00:41:46.718+0000] {dag.py:4180} INFO - Setting next_dagrun for dataset_with_extra_from_classic_operator to 2026-07-21 00:00:00+00:00, run_after=2026-07-22 00:00:00+00:00
[2026-07-22T00:41:46.942+0000] {processor.py:208} INFO - Processing /home/airflow/.local/lib/python3.12/site-packages/airflow/example_dags/example_outlet_event_extra.py took 0.835 seconds
[2026-07-22T00:42:17.733+0000] {processor.py:186} INFO - Started process (PID=4405) to work on /home/airflow/.local/lib/python3.12/site-packages/airflow/example_dags/example_outlet_event_extra.py
[2026-07-22T00:42:17.735+0000] {processor.py:914} INFO - Processing file /home/airflow/.local/lib/python3.12/site-packages/airflow/example_dags/example_outlet_event_extra.py for tasks to queue
[2026-07-22T00:42:17.739+0000] {logging_mixin.py:190} INFO - [2026-07-22T00:42:17.739+0000] {dagbag.py:588} INFO - Filling up the DagBag from /home/airflow/.local/lib/python3.12/site-packages/airflow/example_dags/example_outlet_event_extra.py
[2026-07-22T00:42:18.233+0000] {processor.py:925} INFO - DAG(s) 'dataset_with_extra_by_yield', 'dataset_with_extra_from_classic_operator', 'dataset_with_extra_by_context' retrieved from /home/airflow/.local/lib/python3.12/site-packages/airflow/example_dags/example_outlet_event_extra.py
[2026-07-22T00:42:18.270+0000] {logging_mixin.py:190} INFO - [2026-07-22T00:42:18.270+0000] {dag.py:3239} INFO - Sync 3 DAGs
[2026-07-22T00:42:18.310+0000] {logging_mixin.py:190} INFO - [2026-07-22T00:42:18.310+0000] {dag.py:4180} INFO - Setting next_dagrun for dataset_with_extra_by_context to 2026-07-21 00:00:00+00:00, run_after=2026-07-22 00:00:00+00:00
[2026-07-22T00:42:18.316+0000] {logging_mixin.py:190} INFO - [2026-07-22T00:42:18.316+0000] {dag.py:4180} INFO - Setting next_dagrun for dataset_with_extra_by_yield to 2026-07-21 00:00:00+00:00, run_after=2026-07-22 00:00:00+00:00
[2026-07-22T00:42:18.319+0000] {logging_mixin.py:190} INFO - [2026-07-22T00:42:18.319+0000] {dag.py:4180} INFO - Setting next_dagrun for dataset_with_extra_from_classic_operator to 2026-07-21 00:00:00+00:00, run_after=2026-07-22 00:00:00+00:00
[2026-07-22T00:42:18.347+0000] {processor.py:208} INFO - Processing /home/airflow/.local/lib/python3.12/site-packages/airflow/example_dags/example_outlet_event_extra.py took 0.622 seconds
[2026-07-22T00:42:48.719+0000] {processor.py:186} INFO - Started process (PID=4469) to work on /home/airflow/.local/lib/python3.12/site-packages/airflow/example_dags/example_outlet_event_extra.py
[2026-07-22T00:42:48.720+0000] {processor.py:914} INFO - Processing file /home/airflow/.local/lib/python3.12/site-packages/airflow/example_dags/example_outlet_event_extra.py for tasks to queue
[2026-07-22T00:42:48.725+0000] {logging_mixin.py:190} INFO - [2026-07-22T00:42:48.725+0000] {dagbag.py:588} INFO - Filling up the DagBag from /home/airflow/.local/lib/python3.12/site-packages/airflow/example_dags/example_outlet_event_extra.py
[2026-07-22T00:42:49.273+0000] {processor.py:925} INFO - DAG(s) 'dataset_with_extra_by_yield', 'dataset_with_extra_by_context', 'dataset_with_extra_from_classic_operator' retrieved from /home/airflow/.local/lib/python3.12/site-packages/airflow/example_dags/example_outlet_event_extra.py
[2026-07-22T00:42:49.530+0000] {logging_mixin.py:190} INFO - [2026-07-22T00:42:49.530+0000] {dag.py:3239} INFO - Sync 3 DAGs
[2026-07-22T00:42:49.559+0000] {logging_mixin.py:190} INFO - [2026-07-22T00:42:49.559+0000] {dag.py:4180} INFO - Setting next_dagrun for dataset_with_extra_by_context to 2026-07-21 00:00:00+00:00, run_after=2026-07-22 00:00:00+00:00
[2026-07-22T00:42:49.569+0000] {logging_mixin.py:190} INFO - [2026-07-22T00:42:49.569+0000] {dag.py:4180} INFO - Setting next_dagrun for dataset_with_extra_by_yield to 2026-07-21 00:00:00+00:00, run_after=2026-07-22 00:00:00+00:00
[2026-07-22T00:42:49.575+0000] {logging_mixin.py:190} INFO - [2026-07-22T00:42:49.575+0000] {dag.py:4180} INFO - Setting next_dagrun for dataset_with_extra_from_classic_operator to 2026-07-21 00:00:00+00:00, run_after=2026-07-22 00:00:00+00:00
[2026-07-22T00:42:49.601+0000] {processor.py:208} INFO - Processing /home/airflow/.local/lib/python3.12/site-packages/airflow/example_dags/example_outlet_event_extra.py took 0.893 seconds
[2026-07-22T00:43:19.929+0000] {processor.py:186} INFO - Started process (PID=4533) to work on /home/airflow/.local/lib/python3.12/site-packages/airflow/example_dags/example_outlet_event_extra.py
[2026-07-22T00:43:19.930+0000] {processor.py:914} INFO - Processing file /home/airflow/.local/lib/python3.12/site-packages/airflow/example_dags/example_outlet_event_extra.py for tasks to queue
[2026-07-22T00:43:19.933+0000] {logging_mixin.py:190} INFO - [2026-07-22T00:43:19.933+0000] {dagbag.py:588} INFO - Filling up the DagBag from /home/airflow/.local/lib/python3.12/site-packages/airflow/example_dags/example_outlet_event_extra.py
[2026-07-22T00:43:20.601+0000] {processor.py:925} INFO - DAG(s) 'dataset_with_extra_by_yield', 'dataset_with_extra_by_context', 'dataset_with_extra_from_classic_operator' retrieved from /home/airflow/.local/lib/python3.12/site-packages/airflow/example_dags/example_outlet_event_extra.py
[2026-07-22T00:43:20.639+0000] {logging_mixin.py:190} INFO - [2026-07-22T00:43:20.639+0000] {dag.py:3239} INFO - Sync 3 DAGs
[2026-07-22T00:43:20.929+0000] {logging_mixin.py:190} INFO - [2026-07-22T00:43:20.928+0000] {dag.py:4180} INFO - Setting next_dagrun for dataset_with_extra_by_context to 2026-07-21 00:00:00+00:00, run_after=2026-07-22 00:00:00+00:00
[2026-07-22T00:43:20.936+0000] {logging_mixin.py:190} INFO - [2026-07-22T00:43:20.936+0000] {dag.py:4180} INFO - Setting next_dagrun for dataset_with_extra_by_yield to 2026-07-21 00:00:00+00:00, run_after=2026-07-22 00:00:00+00:00
[2026-07-22T00:43:20.940+0000] {logging_mixin.py:190} INFO - [2026-07-22T00:43:20.940+0000] {dag.py:4180} INFO - Setting next_dagrun for dataset_with_extra_from_classic_operator to 2026-07-21 00:00:00+00:00, run_after=2026-07-22 00:00:00+00:00
[2026-07-22T00:43:20.971+0000] {processor.py:208} INFO - Processing /home/airflow/.local/lib/python3.12/site-packages/airflow/example_dags/example_outlet_event_extra.py took 1.050 seconds
[2026-07-22T00:43:51.237+0000] {processor.py:186} INFO - Started process (PID=4597) to work on /home/airflow/.local/lib/python3.12/site-packages/airflow/example_dags/example_outlet_event_extra.py
[2026-07-22T00:43:51.239+0000] {processor.py:914} INFO - Processing file /home/airflow/.local/lib/python3.12/site-packages/airflow/example_dags/example_outlet_event_extra.py for tasks to queue
[2026-07-22T00:43:51.243+0000] {logging_mixin.py:190} INFO - [2026-07-22T00:43:51.243+0000] {dagbag.py:588} INFO - Filling up the DagBag from /home/airflow/.local/lib/python3.12/site-packages/airflow/example_dags/example_outlet_event_extra.py
[2026-07-22T00:43:51.770+0000] {processor.py:925} INFO - DAG(s) 'dataset_with_extra_by_context', 'dataset_with_extra_from_classic_operator', 'dataset_with_extra_by_yield' retrieved from /home/airflow/.local/lib/python3.12/site-packages/airflow/example_dags/example_outlet_event_extra.py
[2026-07-22T00:43:51.805+0000] {logging_mixin.py:190} INFO - [2026-07-22T00:43:51.805+0000] {dag.py:3239} INFO - Sync 3 DAGs
[2026-07-22T00:43:52.148+0000] {logging_mixin.py:190} INFO - [2026-07-22T00:43:52.148+0000] {dag.py:4180} INFO - Setting next_dagrun for dataset_with_extra_by_context to 2026-07-21 00:00:00+00:00, run_after=2026-07-22 00:00:00+00:00
[2026-07-22T00:43:52.157+0000] {logging_mixin.py:190} INFO - [2026-07-22T00:43:52.156+0000] {dag.py:4180} INFO - Setting next_dagrun for dataset_with_extra_by_yield to 2026-07-21 00:00:00+00:00, run_after=2026-07-22 00:00:00+00:00
[2026-07-22T00:43:52.161+0000] {logging_mixin.py:190} INFO - [2026-07-22T00:43:52.160+0000] {dag.py:4180} INFO - Setting next_dagrun for dataset_with_extra_from_classic_operator to 2026-07-21 00:00:00+00:00, run_after=2026-07-22 00:00:00+00:00
[2026-07-22T00:43:52.192+0000] {processor.py:208} INFO - Processing /home/airflow/.local/lib/python3.12/site-packages/airflow/example_dags/example_outlet_event_extra.py took 0.964 seconds
[2026-07-22T00:44:22.747+0000] {processor.py:186} INFO - Started process (PID=4661) to work on /home/airflow/.local/lib/python3.12/site-packages/airflow/example_dags/example_outlet_event_extra.py
[2026-07-22T00:44:22.749+0000] {processor.py:914} INFO - Processing file /home/airflow/.local/lib/python3.12/site-packages/airflow/example_dags/example_outlet_event_extra.py for tasks to queue
[2026-07-22T00:44:22.753+0000] {logging_mixin.py:190} INFO - [2026-07-22T00:44:22.753+0000] {dagbag.py:588} INFO - Filling up the DagBag from /home/airflow/.local/lib/python3.12/site-packages/airflow/example_dags/example_outlet_event_extra.py
[2026-07-22T00:44:23.199+0000] {processor.py:925} INFO - DAG(s) 'dataset_with_extra_by_yield', 'dataset_with_extra_by_context', 'dataset_with_extra_from_classic_operator' retrieved from /home/airflow/.local/lib/python3.12/site-packages/airflow/example_dags/example_outlet_event_extra.py
[2026-07-22T00:44:23.227+0000] {logging_mixin.py:190} INFO - [2026-07-22T00:44:23.226+0000] {dag.py:3239} INFO - Sync 3 DAGs
[2026-07-22T00:44:23.261+0000] {logging_mixin.py:190} INFO - [2026-07-22T00:44:23.260+0000] {dag.py:4180} INFO - Setting next_dagrun for dataset_with_extra_by_context to 2026-07-21 00:00:00+00:00, run_after=2026-07-22 00:00:00+00:00
[2026-07-22T00:44:23.471+0000] {logging_mixin.py:190} INFO - [2026-07-22T00:44:23.471+0000] {dag.py:4180} INFO - Setting next_dagrun for dataset_with_extra_by_yield to 2026-07-21 00:00:00+00:00, run_after=2026-07-22 00:00:00+00:00
[2026-07-22T00:44:23.475+0000] {logging_mixin.py:190} INFO - [2026-07-22T00:44:23.475+0000] {dag.py:4180} INFO - Setting next_dagrun for dataset_with_extra_from_classic_operator to 2026-07-21 00:00:00+00:00, run_after=2026-07-22 00:00:00+00:00
[2026-07-22T00:44:23.508+0000] {processor.py:208} INFO - Processing /home/airflow/.local/lib/python3.12/site-packages/airflow/example_dags/example_outlet_event_extra.py took 0.768 seconds
[2026-07-22T00:44:53.590+0000] {processor.py:186} INFO - Started process (PID=4725) to work on /home/airflow/.local/lib/python3.12/site-packages/airflow/example_dags/example_outlet_event_extra.py
[2026-07-22T00:44:53.591+0000] {processor.py:914} INFO - Processing file /home/airflow/.local/lib/python3.12/site-packages/airflow/example_dags/example_outlet_event_extra.py for tasks to queue
[2026-07-22T00:44:53.595+0000] {logging_mixin.py:190} INFO - [2026-07-22T00:44:53.595+0000] {dagbag.py:588} INFO - Filling up the DagBag from /home/airflow/.local/lib/python3.12/site-packages/airflow/example_dags/example_outlet_event_extra.py
[2026-07-22T00:44:54.244+0000] {processor.py:925} INFO - DAG(s) 'dataset_with_extra_from_classic_operator', 'dataset_with_extra_by_yield', 'dataset_with_extra_by_context' retrieved from /home/airflow/.local/lib/python3.12/site-packages/airflow/example_dags/example_outlet_event_extra.py
[2026-07-22T00:44:54.267+0000] {logging_mixin.py:190} INFO - [2026-07-22T00:44:54.267+0000] {dag.py:3239} INFO - Sync 3 DAGs
[2026-07-22T00:44:54.292+0000] {logging_mixin.py:190} INFO - [2026-07-22T00:44:54.292+0000] {dag.py:4180} INFO - Setting next_dagrun for dataset_with_extra_by_context to 2026-07-21 00:00:00+00:00, run_after=2026-07-22 00:00:00+00:00
[2026-07-22T00:44:54.300+0000] {logging_mixin.py:190} INFO - [2026-07-22T00:44:54.300+0000] {dag.py:4180} INFO - Setting next_dagrun for dataset_with_extra_by_yield to 2026-07-21 00:00:00+00:00, run_after=2026-07-22 00:00:00+00:00
[2026-07-22T00:44:54.304+0000] {logging_mixin.py:190} INFO - [2026-07-22T00:44:54.303+0000] {dag.py:4180} INFO - Setting next_dagrun for dataset_with_extra_from_classic_operator to 2026-07-21 00:00:00+00:00, run_after=2026-07-22 00:00:00+00:00
[2026-07-22T00:44:54.329+0000] {processor.py:208} INFO - Processing /home/airflow/.local/lib/python3.12/site-packages/airflow/example_dags/example_outlet_event_extra.py took 0.748 seconds
[2026-07-22T00:45:25.314+0000] {processor.py:186} INFO - Started process (PID=4789) to work on /home/airflow/.local/lib/python3.12/site-packages/airflow/example_dags/example_outlet_event_extra.py
[2026-07-22T00:45:25.317+0000] {processor.py:914} INFO - Processing file /home/airflow/.local/lib/python3.12/site-packages/airflow/example_dags/example_outlet_event_extra.py for tasks to queue
[2026-07-22T00:45:25.321+0000] {logging_mixin.py:190} INFO - [2026-07-22T00:45:25.320+0000] {dagbag.py:588} INFO - Filling up the DagBag from /home/airflow/.local/lib/python3.12/site-packages/airflow/example_dags/example_outlet_event_extra.py
[2026-07-22T00:45:25.940+0000] {processor.py:925} INFO - DAG(s) 'dataset_with_extra_from_classic_operator', 'dataset_with_extra_by_context', 'dataset_with_extra_by_yield' retrieved from /home/airflow/.local/lib/python3.12/site-packages/airflow/example_dags/example_outlet_event_extra.py
[2026-07-22T00:45:25.964+0000] {logging_mixin.py:190} INFO - [2026-07-22T00:45:25.964+0000] {dag.py:3239} INFO - Sync 3 DAGs
[2026-07-22T00:45:25.989+0000] {logging_mixin.py:190} INFO - [2026-07-22T00:45:25.989+0000] {dag.py:4180} INFO - Setting next_dagrun for dataset_with_extra_by_context to 2026-07-21 00:00:00+00:00, run_after=2026-07-22 00:00:00+00:00
[2026-07-22T00:45:25.995+0000] {logging_mixin.py:190} INFO - [2026-07-22T00:45:25.995+0000] {dag.py:4180} INFO - Setting next_dagrun for dataset_with_extra_by_yield to 2026-07-21 00:00:00+00:00, run_after=2026-07-22 00:00:00+00:00
[2026-07-22T00:45:25.998+0000] {logging_mixin.py:190} INFO - [2026-07-22T00:45:25.998+0000] {dag.py:4180} INFO - Setting next_dagrun for dataset_with_extra_from_classic_operator to 2026-07-21 00:00:00+00:00, run_after=2026-07-22 00:00:00+00:00
[2026-07-22T00:45:26.025+0000] {processor.py:208} INFO - Processing /home/airflow/.local/lib/python3.12/site-packages/airflow/example_dags/example_outlet_event_extra.py took 0.717 seconds
[2026-07-22T00:45:56.600+0000] {processor.py:186} INFO - Started process (PID=4853) to work on /home/airflow/.local/lib/python3.12/site-packages/airflow/example_dags/example_outlet_event_extra.py
[2026-07-22T00:45:56.601+0000] {processor.py:914} INFO - Processing file /home/airflow/.local/lib/python3.12/site-packages/airflow/example_dags/example_outlet_event_extra.py for tasks to queue
[2026-07-22T00:45:56.607+0000] {logging_mixin.py:190} INFO - [2026-07-22T00:45:56.606+0000] {dagbag.py:588} INFO - Filling up the DagBag from /home/airflow/.local/lib/python3.12/site-packages/airflow/example_dags/example_outlet_event_extra.py
[2026-07-22T00:45:57.497+0000] {processor.py:925} INFO - DAG(s) 'dataset_with_extra_from_classic_operator', 'dataset_with_extra_by_yield', 'dataset_with_extra_by_context' retrieved from /home/airflow/.local/lib/python3.12/site-packages/airflow/example_dags/example_outlet_event_extra.py
[2026-07-22T00:45:57.547+0000] {logging_mixin.py:190} INFO - [2026-07-22T00:45:57.547+0000] {dag.py:3239} INFO - Sync 3 DAGs
[2026-07-22T00:45:57.586+0000] {logging_mixin.py:190} INFO - [2026-07-22T00:45:57.585+0000] {dag.py:4180} INFO - Setting next_dagrun for dataset_with_extra_by_context to 2026-07-21 00:00:00+00:00, run_after=2026-07-22 00:00:00+00:00
[2026-07-22T00:45:57.594+0000] {logging_mixin.py:190} INFO - [2026-07-22T00:45:57.593+0000] {dag.py:4180} INFO - Setting next_dagrun for dataset_with_extra_by_yield to 2026-07-21 00:00:00+00:00, run_after=2026-07-22 00:00:00+00:00
[2026-07-22T00:45:57.598+0000] {logging_mixin.py:190} INFO - [2026-07-22T00:45:57.597+0000] {dag.py:4180} INFO - Setting next_dagrun for dataset_with_extra_from_classic_operator to 2026-07-21 00:00:00+00:00, run_after=2026-07-22 00:00:00+00:00
[2026-07-22T00:45:57.634+0000] {processor.py:208} INFO - Processing /home/airflow/.local/lib/python3.12/site-packages/airflow/example_dags/example_outlet_event_extra.py took 1.042 seconds
[2026-07-22T00:46:28.076+0000] {processor.py:186} INFO - Started process (PID=4917) to work on /home/airflow/.local/lib/python3.12/site-packages/airflow/example_dags/example_outlet_event_extra.py
[2026-07-22T00:46:28.078+0000] {processor.py:914} INFO - Processing file /home/airflow/.local/lib/python3.12/site-packages/airflow/example_dags/example_outlet_event_extra.py for tasks to queue
[2026-07-22T00:46:28.082+0000] {logging_mixin.py:190} INFO - [2026-07-22T00:46:28.081+0000] {dagbag.py:588} INFO - Filling up the DagBag from /home/airflow/.local/lib/python3.12/site-packages/airflow/example_dags/example_outlet_event_extra.py
[2026-07-22T00:46:28.827+0000] {processor.py:925} INFO - DAG(s) 'dataset_with_extra_from_classic_operator', 'dataset_with_extra_by_yield', 'dataset_with_extra_by_context' retrieved from /home/airflow/.local/lib/python3.12/site-packages/airflow/example_dags/example_outlet_event_extra.py
[2026-07-22T00:46:28.870+0000] {logging_mixin.py:190} INFO - [2026-07-22T00:46:28.870+0000] {dag.py:3239} INFO - Sync 3 DAGs
[2026-07-22T00:46:28.919+0000] {logging_mixin.py:190} INFO - [2026-07-22T00:46:28.919+0000] {dag.py:4180} INFO - Setting next_dagrun for dataset_with_extra_by_context to 2026-07-21 00:00:00+00:00, run_after=2026-07-22 00:00:00+00:00
[2026-07-22T00:46:28.929+0000] {logging_mixin.py:190} INFO - [2026-07-22T00:46:28.929+0000] {dag.py:4180} INFO - Setting next_dagrun for dataset_with_extra_by_yield to 2026-07-21 00:00:00+00:00, run_after=2026-07-22 00:00:00+00:00
[2026-07-22T00:46:28.936+0000] {logging_mixin.py:190} INFO - [2026-07-22T00:46:28.936+0000] {dag.py:4180} INFO - Setting next_dagrun for dataset_with_extra_from_classic_operator to 2026-07-21 00:00:00+00:00, run_after=2026-07-22 00:00:00+00:00
[2026-07-22T00:46:28.984+0000] {processor.py:208} INFO - Processing /home/airflow/.local/lib/python3.12/site-packages/airflow/example_dags/example_outlet_event_extra.py took 0.915 seconds
[2026-07-22T00:46:59.321+0000] {processor.py:186} INFO - Started process (PID=4981) to work on /home/airflow/.local/lib/python3.12/site-packages/airflow/example_dags/example_outlet_event_extra.py
[2026-07-22T00:46:59.323+0000] {processor.py:914} INFO - Processing file /home/airflow/.local/lib/python3.12/site-packages/airflow/example_dags/example_outlet_event_extra.py for tasks to queue
[2026-07-22T00:46:59.327+0000] {logging_mixin.py:190} INFO - [2026-07-22T00:46:59.326+0000] {dagbag.py:588} INFO - Filling up the DagBag from /home/airflow/.local/lib/python3.12/site-packages/airflow/example_dags/example_outlet_event_extra.py
[2026-07-22T00:47:00.149+0000] {processor.py:925} INFO - DAG(s) 'dataset_with_extra_by_yield', 'dataset_with_extra_from_classic_operator', 'dataset_with_extra_by_context' retrieved from /home/airflow/.local/lib/python3.12/site-packages/airflow/example_dags/example_outlet_event_extra.py
[2026-07-22T00:47:00.184+0000] {logging_mixin.py:190} INFO - [2026-07-22T00:47:00.184+0000] {dag.py:3239} INFO - Sync 3 DAGs
[2026-07-22T00:47:00.219+0000] {logging_mixin.py:190} INFO - [2026-07-22T00:47:00.219+0000] {dag.py:4180} INFO - Setting next_dagrun for dataset_with_extra_by_context to 2026-07-21 00:00:00+00:00, run_after=2026-07-22 00:00:00+00:00
[2026-07-22T00:47:00.227+0000] {logging_mixin.py:190} INFO - [2026-07-22T00:47:00.226+0000] {dag.py:4180} INFO - Setting next_dagrun for dataset_with_extra_by_yield to 2026-07-21 00:00:00+00:00, run_after=2026-07-22 00:00:00+00:00
[2026-07-22T00:47:00.231+0000] {logging_mixin.py:190} INFO - [2026-07-22T00:47:00.230+0000] {dag.py:4180} INFO - Setting next_dagrun for dataset_with_extra_from_classic_operator to 2026-07-21 00:00:00+00:00, run_after=2026-07-22 00:00:00+00:00
[2026-07-22T00:47:00.261+0000] {processor.py:208} INFO - Processing /home/airflow/.local/lib/python3.12/site-packages/airflow/example_dags/example_outlet_event_extra.py took 0.947 seconds
[2026-07-22T00:47:30.406+0000] {processor.py:186} INFO - Started process (PID=5047) to work on /home/airflow/.local/lib/python3.12/site-packages/airflow/example_dags/example_outlet_event_extra.py
[2026-07-22T00:47:30.407+0000] {processor.py:914} INFO - Processing file /home/airflow/.local/lib/python3.12/site-packages/airflow/example_dags/example_outlet_event_extra.py for tasks to queue
[2026-07-22T00:47:30.410+0000] {logging_mixin.py:190} INFO - [2026-07-22T00:47:30.410+0000] {dagbag.py:588} INFO - Filling up the DagBag from /home/airflow/.local/lib/python3.12/site-packages/airflow/example_dags/example_outlet_event_extra.py
[2026-07-22T00:47:31.092+0000] {processor.py:925} INFO - DAG(s) 'dataset_with_extra_by_context', 'dataset_with_extra_from_classic_operator', 'dataset_with_extra_by_yield' retrieved from /home/airflow/.local/lib/python3.12/site-packages/airflow/example_dags/example_outlet_event_extra.py
[2026-07-22T00:47:31.122+0000] {logging_mixin.py:190} INFO - [2026-07-22T00:47:31.122+0000] {dag.py:3239} INFO - Sync 3 DAGs
[2026-07-22T00:47:31.154+0000] {logging_mixin.py:190} INFO - [2026-07-22T00:47:31.154+0000] {dag.py:4180} INFO - Setting next_dagrun for dataset_with_extra_by_context to 2026-07-21 00:00:00+00:00, run_after=2026-07-22 00:00:00+00:00
[2026-07-22T00:47:31.160+0000] {logging_mixin.py:190} INFO - [2026-07-22T00:47:31.160+0000] {dag.py:4180} INFO - Setting next_dagrun for dataset_with_extra_by_yield to 2026-07-21 00:00:00+00:00, run_after=2026-07-22 00:00:00+00:00
[2026-07-22T00:47:31.164+0000] {logging_mixin.py:190} INFO - [2026-07-22T00:47:31.164+0000] {dag.py:4180} INFO - Setting next_dagrun for dataset_with_extra_from_classic_operator to 2026-07-21 00:00:00+00:00, run_after=2026-07-22 00:00:00+00:00
[2026-07-22T00:47:31.195+0000] {processor.py:208} INFO - Processing /home/airflow/.local/lib/python3.12/site-packages/airflow/example_dags/example_outlet_event_extra.py took 0.794 seconds
[2026-07-22T00:48:01.915+0000] {processor.py:186} INFO - Started process (PID=5114) to work on /home/airflow/.local/lib/python3.12/site-packages/airflow/example_dags/example_outlet_event_extra.py
[2026-07-22T00:48:01.916+0000] {processor.py:914} INFO - Processing file /home/airflow/.local/lib/python3.12/site-packages/airflow/example_dags/example_outlet_event_extra.py for tasks to queue
[2026-07-22T00:48:01.919+0000] {logging_mixin.py:190} INFO - [2026-07-22T00:48:01.919+0000] {dagbag.py:588} INFO - Filling up the DagBag from /home/airflow/.local/lib/python3.12/site-packages/airflow/example_dags/example_outlet_event_extra.py
[2026-07-22T00:48:02.556+0000] {processor.py:925} INFO - DAG(s) 'dataset_with_extra_by_yield', 'dataset_with_extra_by_context', 'dataset_with_extra_from_classic_operator' retrieved from /home/airflow/.local/lib/python3.12/site-packages/airflow/example_dags/example_outlet_event_extra.py
[2026-07-22T00:48:02.580+0000] {logging_mixin.py:190} INFO - [2026-07-22T00:48:02.580+0000] {dag.py:3239} INFO - Sync 3 DAGs
[2026-07-22T00:48:02.609+0000] {logging_mixin.py:190} INFO - [2026-07-22T00:48:02.608+0000] {dag.py:4180} INFO - Setting next_dagrun for dataset_with_extra_by_context to 2026-07-21 00:00:00+00:00, run_after=2026-07-22 00:00:00+00:00
[2026-07-22T00:48:02.616+0000] {logging_mixin.py:190} INFO - [2026-07-22T00:48:02.616+0000] {dag.py:4180} INFO - Setting next_dagrun for dataset_with_extra_by_yield to 2026-07-21 00:00:00+00:00, run_after=2026-07-22 00:00:00+00:00
[2026-07-22T00:48:02.620+0000] {logging_mixin.py:190} INFO - [2026-07-22T00:48:02.620+0000] {dag.py:4180} INFO - Setting next_dagrun for dataset_with_extra_from_classic_operator to 2026-07-21 00:00:00+00:00, run_after=2026-07-22 00:00:00+00:00
[2026-07-22T00:48:02.643+0000] {processor.py:208} INFO - Processing /home/airflow/.local/lib/python3.12/site-packages/airflow/example_dags/example_outlet_event_extra.py took 0.735 seconds
[2026-07-22T00:48:32.710+0000] {processor.py:186} INFO - Started process (PID=5184) to work on /home/airflow/.local/lib/python3.12/site-packages/airflow/example_dags/example_outlet_event_extra.py
[2026-07-22T00:48:32.711+0000] {processor.py:914} INFO - Processing file /home/airflow/.local/lib/python3.12/site-packages/airflow/example_dags/example_outlet_event_extra.py for tasks to queue
[2026-07-22T00:48:32.717+0000] {logging_mixin.py:190} INFO - [2026-07-22T00:48:32.716+0000] {dagbag.py:588} INFO - Filling up the DagBag from /home/airflow/.local/lib/python3.12/site-packages/airflow/example_dags/example_outlet_event_extra.py
[2026-07-22T00:48:33.422+0000] {processor.py:925} INFO - DAG(s) 'dataset_with_extra_by_context', 'dataset_with_extra_from_classic_operator', 'dataset_with_extra_by_yield' retrieved from /home/airflow/.local/lib/python3.12/site-packages/airflow/example_dags/example_outlet_event_extra.py
[2026-07-22T00:48:33.450+0000] {logging_mixin.py:190} INFO - [2026-07-22T00:48:33.450+0000] {dag.py:3239} INFO - Sync 3 DAGs
[2026-07-22T00:48:33.484+0000] {logging_mixin.py:190} INFO - [2026-07-22T00:48:33.483+0000] {dag.py:4180} INFO - Setting next_dagrun for dataset_with_extra_by_context to 2026-07-21 00:00:00+00:00, run_after=2026-07-22 00:00:00+00:00
[2026-07-22T00:48:33.491+0000] {logging_mixin.py:190} INFO - [2026-07-22T00:48:33.491+0000] {dag.py:4180} INFO - Setting next_dagrun for dataset_with_extra_by_yield to 2026-07-21 00:00:00+00:00, run_after=2026-07-22 00:00:00+00:00
[2026-07-22T00:48:33.495+0000] {logging_mixin.py:190} INFO - [2026-07-22T00:48:33.494+0000] {dag.py:4180} INFO - Setting next_dagrun for dataset_with_extra_from_classic_operator to 2026-07-21 00:00:00+00:00, run_after=2026-07-22 00:00:00+00:00
[2026-07-22T00:48:33.519+0000] {processor.py:208} INFO - Processing /home/airflow/.local/lib/python3.12/site-packages/airflow/example_dags/example_outlet_event_extra.py took 0.815 seconds
[2026-07-22T00:49:04.721+0000] {processor.py:186} INFO - Started process (PID=5254) to work on /home/airflow/.local/lib/python3.12/site-packages/airflow/example_dags/example_outlet_event_extra.py
[2026-07-22T00:49:04.722+0000] {processor.py:914} INFO - Processing file /home/airflow/.local/lib/python3.12/site-packages/airflow/example_dags/example_outlet_event_extra.py for tasks to queue
[2026-07-22T00:49:04.726+0000] {logging_mixin.py:190} INFO - [2026-07-22T00:49:04.725+0000] {dagbag.py:588} INFO - Filling up the DagBag from /home/airflow/.local/lib/python3.12/site-packages/airflow/example_dags/example_outlet_event_extra.py
[2026-07-22T00:49:05.330+0000] {processor.py:925} INFO - DAG(s) 'dataset_with_extra_from_classic_operator', 'dataset_with_extra_by_context', 'dataset_with_extra_by_yield' retrieved from /home/airflow/.local/lib/python3.12/site-packages/airflow/example_dags/example_outlet_event_extra.py
[2026-07-22T00:49:05.364+0000] {logging_mixin.py:190} INFO - [2026-07-22T00:49:05.363+0000] {dag.py:3239} INFO - Sync 3 DAGs
[2026-07-22T00:49:05.396+0000] {logging_mixin.py:190} INFO - [2026-07-22T00:49:05.395+0000] {dag.py:4180} INFO - Setting next_dagrun for dataset_with_extra_by_context to 2026-07-21 00:00:00+00:00, run_after=2026-07-22 00:00:00+00:00
[2026-07-22T00:49:05.403+0000] {logging_mixin.py:190} INFO - [2026-07-22T00:49:05.403+0000] {dag.py:4180} INFO - Setting next_dagrun for dataset_with_extra_by_yield to 2026-07-21 00:00:00+00:00, run_after=2026-07-22 00:00:00+00:00
[2026-07-22T00:49:05.407+0000] {logging_mixin.py:190} INFO - [2026-07-22T00:49:05.407+0000] {dag.py:4180} INFO - Setting next_dagrun for dataset_with_extra_from_classic_operator to 2026-07-21 00:00:00+00:00, run_after=2026-07-22 00:00:00+00:00
[2026-07-22T00:49:05.432+0000] {processor.py:208} INFO - Processing /home/airflow/.local/lib/python3.12/site-packages/airflow/example_dags/example_outlet_event_extra.py took 0.718 seconds
[2026-07-22T00:49:35.643+0000] {processor.py:186} INFO - Started process (PID=5318) to work on /home/airflow/.local/lib/python3.12/site-packages/airflow/example_dags/example_outlet_event_extra.py
[2026-07-22T00:49:35.644+0000] {processor.py:914} INFO - Processing file /home/airflow/.local/lib/python3.12/site-packages/airflow/example_dags/example_outlet_event_extra.py for tasks to queue
[2026-07-22T00:49:35.648+0000] {logging_mixin.py:190} INFO - [2026-07-22T00:49:35.647+0000] {dagbag.py:588} INFO - Filling up the DagBag from /home/airflow/.local/lib/python3.12/site-packages/airflow/example_dags/example_outlet_event_extra.py
[2026-07-22T00:49:36.427+0000] {processor.py:925} INFO - DAG(s) 'dataset_with_extra_by_yield', 'dataset_with_extra_by_context', 'dataset_with_extra_from_classic_operator' retrieved from /home/airflow/.local/lib/python3.12/site-packages/airflow/example_dags/example_outlet_event_extra.py
[2026-07-22T00:49:36.454+0000] {logging_mixin.py:190} INFO - [2026-07-22T00:49:36.454+0000] {dag.py:3239} INFO - Sync 3 DAGs
[2026-07-22T00:49:36.483+0000] {logging_mixin.py:190} INFO - [2026-07-22T00:49:36.483+0000] {dag.py:4180} INFO - Setting next_dagrun for dataset_with_extra_by_context to 2026-07-21 00:00:00+00:00, run_after=2026-07-22 00:00:00+00:00
[2026-07-22T00:49:36.490+0000] {logging_mixin.py:190} INFO - [2026-07-22T00:49:36.489+0000] {dag.py:4180} INFO - Setting next_dagrun for dataset_with_extra_by_yield to 2026-07-21 00:00:00+00:00, run_after=2026-07-22 00:00:00+00:00
[2026-07-22T00:49:36.494+0000] {logging_mixin.py:190} INFO - [2026-07-22T00:49:36.493+0000] {dag.py:4180} INFO - Setting next_dagrun for dataset_with_extra_from_classic_operator to 2026-07-21 00:00:00+00:00, run_after=2026-07-22 00:00:00+00:00
[2026-07-22T00:49:36.519+0000] {processor.py:208} INFO - Processing /home/airflow/.local/lib/python3.12/site-packages/airflow/example_dags/example_outlet_event_extra.py took 0.883 seconds
[2026-07-22T00:50:07.252+0000] {processor.py:186} INFO - Started process (PID=5390) to work on /home/airflow/.local/lib/python3.12/site-packages/airflow/example_dags/example_outlet_event_extra.py
[2026-07-22T00:50:07.254+0000] {processor.py:914} INFO - Processing file /home/airflow/.local/lib/python3.12/site-packages/airflow/example_dags/example_outlet_event_extra.py for tasks to queue
[2026-07-22T00:50:07.257+0000] {logging_mixin.py:190} INFO - [2026-07-22T00:50:07.257+0000] {dagbag.py:588} INFO - Filling up the DagBag from /home/airflow/.local/lib/python3.12/site-packages/airflow/example_dags/example_outlet_event_extra.py
[2026-07-22T00:50:07.989+0000] {processor.py:925} INFO - DAG(s) 'dataset_with_extra_by_yield', 'dataset_with_extra_from_classic_operator', 'dataset_with_extra_by_context' retrieved from /home/airflow/.local/lib/python3.12/site-packages/airflow/example_dags/example_outlet_event_extra.py
[2026-07-22T00:50:08.017+0000] {logging_mixin.py:190} INFO - [2026-07-22T00:50:08.017+0000] {dag.py:3239} INFO - Sync 3 DAGs
[2026-07-22T00:50:08.059+0000] {logging_mixin.py:190} INFO - [2026-07-22T00:50:08.058+0000] {dag.py:4180} INFO - Setting next_dagrun for dataset_with_extra_by_context to 2026-07-21 00:00:00+00:00, run_after=2026-07-22 00:00:00+00:00
[2026-07-22T00:50:08.067+0000] {logging_mixin.py:190} INFO - [2026-07-22T00:50:08.067+0000] {dag.py:4180} INFO - Setting next_dagrun for dataset_with_extra_by_yield to 2026-07-21 00:00:00+00:00, run_after=2026-07-22 00:00:00+00:00
[2026-07-22T00:50:08.071+0000] {logging_mixin.py:190} INFO - [2026-07-22T00:50:08.071+0000] {dag.py:4180} INFO - Setting next_dagrun for dataset_with_extra_from_classic_operator to 2026-07-21 00:00:00+00:00, run_after=2026-07-22 00:00:00+00:00
[2026-07-22T00:50:08.105+0000] {processor.py:208} INFO - Processing /home/airflow/.local/lib/python3.12/site-packages/airflow/example_dags/example_outlet_event_extra.py took 0.859 seconds
[2026-07-22T00:50:38.170+0000] {processor.py:186} INFO - Started process (PID=5458) to work on /home/airflow/.local/lib/python3.12/site-packages/airflow/example_dags/example_outlet_event_extra.py
[2026-07-22T00:50:38.172+0000] {processor.py:914} INFO - Processing file /home/airflow/.local/lib/python3.12/site-packages/airflow/example_dags/example_outlet_event_extra.py for tasks to queue
[2026-07-22T00:50:38.175+0000] {logging_mixin.py:190} INFO - [2026-07-22T00:50:38.175+0000] {dagbag.py:588} INFO - Filling up the DagBag from /home/airflow/.local/lib/python3.12/site-packages/airflow/example_dags/example_outlet_event_extra.py
[2026-07-22T00:50:38.807+0000] {processor.py:925} INFO - DAG(s) 'dataset_with_extra_from_classic_operator', 'dataset_with_extra_by_context', 'dataset_with_extra_by_yield' retrieved from /home/airflow/.local/lib/python3.12/site-packages/airflow/example_dags/example_outlet_event_extra.py
[2026-07-22T00:50:38.838+0000] {logging_mixin.py:190} INFO - [2026-07-22T00:50:38.838+0000] {dag.py:3239} INFO - Sync 3 DAGs
[2026-07-22T00:50:38.865+0000] {logging_mixin.py:190} INFO - [2026-07-22T00:50:38.865+0000] {dag.py:4180} INFO - Setting next_dagrun for dataset_with_extra_by_context to 2026-07-21 00:00:00+00:00, run_after=2026-07-22 00:00:00+00:00
[2026-07-22T00:50:38.873+0000] {logging_mixin.py:190} INFO - [2026-07-22T00:50:38.873+0000] {dag.py:4180} INFO - Setting next_dagrun for dataset_with_extra_by_yield to 2026-07-21 00:00:00+00:00, run_after=2026-07-22 00:00:00+00:00
[2026-07-22T00:50:38.876+0000] {logging_mixin.py:190} INFO - [2026-07-22T00:50:38.876+0000] {dag.py:4180} INFO - Setting next_dagrun for dataset_with_extra_from_classic_operator to 2026-07-21 00:00:00+00:00, run_after=2026-07-22 00:00:00+00:00
[2026-07-22T00:50:38.901+0000] {processor.py:208} INFO - Processing /home/airflow/.local/lib/python3.12/site-packages/airflow/example_dags/example_outlet_event_extra.py took 0.737 seconds
[2026-07-22T00:51:09.028+0000] {processor.py:186} INFO - Started process (PID=5522) to work on /home/airflow/.local/lib/python3.12/site-packages/airflow/example_dags/example_outlet_event_extra.py
[2026-07-22T00:51:09.030+0000] {processor.py:914} INFO - Processing file /home/airflow/.local/lib/python3.12/site-packages/airflow/example_dags/example_outlet_event_extra.py for tasks to queue
[2026-07-22T00:51:09.034+0000] {logging_mixin.py:190} INFO - [2026-07-22T00:51:09.033+0000] {dagbag.py:588} INFO - Filling up the DagBag from /home/airflow/.local/lib/python3.12/site-packages/airflow/example_dags/example_outlet_event_extra.py
[2026-07-22T00:51:09.709+0000] {processor.py:925} INFO - DAG(s) 'dataset_with_extra_from_classic_operator', 'dataset_with_extra_by_context', 'dataset_with_extra_by_yield' retrieved from /home/airflow/.local/lib/python3.12/site-packages/airflow/example_dags/example_outlet_event_extra.py
[2026-07-22T00:51:09.743+0000] {logging_mixin.py:190} INFO - [2026-07-22T00:51:09.743+0000] {dag.py:3239} INFO - Sync 3 DAGs
[2026-07-22T00:51:09.781+0000] {logging_mixin.py:190} INFO - [2026-07-22T00:51:09.780+0000] {dag.py:4180} INFO - Setting next_dagrun for dataset_with_extra_by_context to 2026-07-21 00:00:00+00:00, run_after=2026-07-22 00:00:00+00:00
[2026-07-22T00:51:09.790+0000] {logging_mixin.py:190} INFO - [2026-07-22T00:51:09.790+0000] {dag.py:4180} INFO - Setting next_dagrun for dataset_with_extra_by_yield to 2026-07-21 00:00:00+00:00, run_after=2026-07-22 00:00:00+00:00
[2026-07-22T00:51:09.796+0000] {logging_mixin.py:190} INFO - [2026-07-22T00:51:09.795+0000] {dag.py:4180} INFO - Setting next_dagrun for dataset_with_extra_from_classic_operator to 2026-07-21 00:00:00+00:00, run_after=2026-07-22 00:00:00+00:00
[2026-07-22T00:51:09.830+0000] {processor.py:208} INFO - Processing /home/airflow/.local/lib/python3.12/site-packages/airflow/example_dags/example_outlet_event_extra.py took 0.809 seconds
[2026-07-22T00:51:40.101+0000] {processor.py:186} INFO - Started process (PID=5585) to work on /home/airflow/.local/lib/python3.12/site-packages/airflow/example_dags/example_outlet_event_extra.py
[2026-07-22T00:51:40.102+0000] {processor.py:914} INFO - Processing file /home/airflow/.local/lib/python3.12/site-packages/airflow/example_dags/example_outlet_event_extra.py for tasks to queue
[2026-07-22T00:51:40.106+0000] {logging_mixin.py:190} INFO - [2026-07-22T00:51:40.105+0000] {dagbag.py:588} INFO - Filling up the DagBag from /home/airflow/.local/lib/python3.12/site-packages/airflow/example_dags/example_outlet_event_extra.py
[2026-07-22T00:51:40.850+0000] {processor.py:925} INFO - DAG(s) 'dataset_with_extra_by_context', 'dataset_with_extra_from_classic_operator', 'dataset_with_extra_by_yield' retrieved from /home/airflow/.local/lib/python3.12/site-packages/airflow/example_dags/example_outlet_event_extra.py
[2026-07-22T00:51:40.885+0000] {logging_mixin.py:190} INFO - [2026-07-22T00:51:40.884+0000] {dag.py:3239} INFO - Sync 3 DAGs
[2026-07-22T00:51:40.915+0000] {logging_mixin.py:190} INFO - [2026-07-22T00:51:40.914+0000] {dag.py:4180} INFO - Setting next_dagrun for dataset_with_extra_by_context to 2026-07-21 00:00:00+00:00, run_after=2026-07-22 00:00:00+00:00
[2026-07-22T00:51:40.926+0000] {logging_mixin.py:190} INFO - [2026-07-22T00:51:40.925+0000] {dag.py:4180} INFO - Setting next_dagrun for dataset_with_extra_by_yield to 2026-07-21 00:00:00+00:00, run_after=2026-07-22 00:00:00+00:00
[2026-07-22T00:51:40.932+0000] {logging_mixin.py:190} INFO - [2026-07-22T00:51:40.931+0000] {dag.py:4180} INFO - Setting next_dagrun for dataset_with_extra_from_classic_operator to 2026-07-21 00:00:00+00:00, run_after=2026-07-22 00:00:00+00:00
[2026-07-22T00:51:40.976+0000] {processor.py:208} INFO - Processing /home/airflow/.local/lib/python3.12/site-packages/airflow/example_dags/example_outlet_event_extra.py took 0.883 seconds
[2026-07-22T00:52:11.487+0000] {processor.py:186} INFO - Started process (PID=5651) to work on /home/airflow/.local/lib/python3.12/site-packages/airflow/example_dags/example_outlet_event_extra.py
[2026-07-22T00:52:11.489+0000] {processor.py:914} INFO - Processing file /home/airflow/.local/lib/python3.12/site-packages/airflow/example_dags/example_outlet_event_extra.py for tasks to queue
[2026-07-22T00:52:11.493+0000] {logging_mixin.py:190} INFO - [2026-07-22T00:52:11.493+0000] {dagbag.py:588} INFO - Filling up the DagBag from /home/airflow/.local/lib/python3.12/site-packages/airflow/example_dags/example_outlet_event_extra.py
[2026-07-22T00:52:12.185+0000] {processor.py:925} INFO - DAG(s) 'dataset_with_extra_by_yield', 'dataset_with_extra_by_context', 'dataset_with_extra_from_classic_operator' retrieved from /home/airflow/.local/lib/python3.12/site-packages/airflow/example_dags/example_outlet_event_extra.py
[2026-07-22T00:52:12.219+0000] {logging_mixin.py:190} INFO - [2026-07-22T00:52:12.219+0000] {dag.py:3239} INFO - Sync 3 DAGs
[2026-07-22T00:52:12.249+0000] {logging_mixin.py:190} INFO - [2026-07-22T00:52:12.249+0000] {dag.py:4180} INFO - Setting next_dagrun for dataset_with_extra_by_context to 2026-07-21 00:00:00+00:00, run_after=2026-07-22 00:00:00+00:00
[2026-07-22T00:52:12.259+0000] {logging_mixin.py:190} INFO - [2026-07-22T00:52:12.259+0000] {dag.py:4180} INFO - Setting next_dagrun for dataset_with_extra_by_yield to 2026-07-21 00:00:00+00:00, run_after=2026-07-22 00:00:00+00:00
[2026-07-22T00:52:12.263+0000] {logging_mixin.py:190} INFO - [2026-07-22T00:52:12.263+0000] {dag.py:4180} INFO - Setting next_dagrun for dataset_with_extra_from_classic_operator to 2026-07-21 00:00:00+00:00, run_after=2026-07-22 00:00:00+00:00
[2026-07-22T00:52:12.291+0000] {processor.py:208} INFO - Processing /home/airflow/.local/lib/python3.12/site-packages/airflow/example_dags/example_outlet_event_extra.py took 0.812 seconds
[2026-07-22T00:52:42.850+0000] {processor.py:186} INFO - Started process (PID=5716) to work on /home/airflow/.local/lib/python3.12/site-packages/airflow/example_dags/example_outlet_event_extra.py
[2026-07-22T00:52:42.851+0000] {processor.py:914} INFO - Processing file /home/airflow/.local/lib/python3.12/site-packages/airflow/example_dags/example_outlet_event_extra.py for tasks to queue
[2026-07-22T00:52:42.854+0000] {logging_mixin.py:190} INFO - [2026-07-22T00:52:42.854+0000] {dagbag.py:588} INFO - Filling up the DagBag from /home/airflow/.local/lib/python3.12/site-packages/airflow/example_dags/example_outlet_event_extra.py
[2026-07-22T00:52:43.480+0000] {processor.py:925} INFO - DAG(s) 'dataset_with_extra_by_context', 'dataset_with_extra_by_yield', 'dataset_with_extra_from_classic_operator' retrieved from /home/airflow/.local/lib/python3.12/site-packages/airflow/example_dags/example_outlet_event_extra.py
[2026-07-22T00:52:43.508+0000] {logging_mixin.py:190} INFO - [2026-07-22T00:52:43.508+0000] {dag.py:3239} INFO - Sync 3 DAGs
[2026-07-22T00:52:43.537+0000] {logging_mixin.py:190} INFO - [2026-07-22T00:52:43.536+0000] {dag.py:4180} INFO - Setting next_dagrun for dataset_with_extra_by_context to 2026-07-21 00:00:00+00:00, run_after=2026-07-22 00:00:00+00:00
[2026-07-22T00:52:43.545+0000] {logging_mixin.py:190} INFO - [2026-07-22T00:52:43.544+0000] {dag.py:4180} INFO - Setting next_dagrun for dataset_with_extra_by_yield to 2026-07-21 00:00:00+00:00, run_after=2026-07-22 00:00:00+00:00
[2026-07-22T00:52:43.549+0000] {logging_mixin.py:190} INFO - [2026-07-22T00:52:43.548+0000] {dag.py:4180} INFO - Setting next_dagrun for dataset_with_extra_from_classic_operator to 2026-07-21 00:00:00+00:00, run_after=2026-07-22 00:00:00+00:00
[2026-07-22T00:52:43.578+0000] {processor.py:208} INFO - Processing /home/airflow/.local/lib/python3.12/site-packages/airflow/example_dags/example_outlet_event_extra.py took 0.735 seconds
[2026-07-22T00:53:14.246+0000] {processor.py:186} INFO - Started process (PID=5780) to work on /home/airflow/.local/lib/python3.12/site-packages/airflow/example_dags/example_outlet_event_extra.py
[2026-07-22T00:53:14.248+0000] {processor.py:914} INFO - Processing file /home/airflow/.local/lib/python3.12/site-packages/airflow/example_dags/example_outlet_event_extra.py for tasks to queue
[2026-07-22T00:53:14.251+0000] {logging_mixin.py:190} INFO - [2026-07-22T00:53:14.251+0000] {dagbag.py:588} INFO - Filling up the DagBag from /home/airflow/.local/lib/python3.12/site-packages/airflow/example_dags/example_outlet_event_extra.py
[2026-07-22T00:53:14.961+0000] {processor.py:925} INFO - DAG(s) 'dataset_with_extra_by_yield', 'dataset_with_extra_from_classic_operator', 'dataset_with_extra_by_context' retrieved from /home/airflow/.local/lib/python3.12/site-packages/airflow/example_dags/example_outlet_event_extra.py
[2026-07-22T00:53:14.987+0000] {logging_mixin.py:190} INFO - [2026-07-22T00:53:14.987+0000] {dag.py:3239} INFO - Sync 3 DAGs
[2026-07-22T00:53:15.015+0000] {logging_mixin.py:190} INFO - [2026-07-22T00:53:15.015+0000] {dag.py:4180} INFO - Setting next_dagrun for dataset_with_extra_by_context to 2026-07-21 00:00:00+00:00, run_after=2026-07-22 00:00:00+00:00
[2026-07-22T00:53:15.021+0000] {logging_mixin.py:190} INFO - [2026-07-22T00:53:15.021+0000] {dag.py:4180} INFO - Setting next_dagrun for dataset_with_extra_by_yield to 2026-07-21 00:00:00+00:00, run_after=2026-07-22 00:00:00+00:00
[2026-07-22T00:53:15.025+0000] {logging_mixin.py:190} INFO - [2026-07-22T00:53:15.024+0000] {dag.py:4180} INFO - Setting next_dagrun for dataset_with_extra_from_classic_operator to 2026-07-21 00:00:00+00:00, run_after=2026-07-22 00:00:00+00:00
[2026-07-22T00:53:15.048+0000] {processor.py:208} INFO - Processing /home/airflow/.local/lib/python3.12/site-packages/airflow/example_dags/example_outlet_event_extra.py took 0.809 seconds
[2026-07-22T00:53:45.573+0000] {processor.py:186} INFO - Started process (PID=5844) to work on /home/airflow/.local/lib/python3.12/site-packages/airflow/example_dags/example_outlet_event_extra.py
[2026-07-22T00:53:45.574+0000] {processor.py:914} INFO - Processing file /home/airflow/.local/lib/python3.12/site-packages/airflow/example_dags/example_outlet_event_extra.py for tasks to queue
[2026-07-22T00:53:45.579+0000] {logging_mixin.py:190} INFO - [2026-07-22T00:53:45.578+0000] {dagbag.py:588} INFO - Filling up the DagBag from /home/airflow/.local/lib/python3.12/site-packages/airflow/example_dags/example_outlet_event_extra.py
[2026-07-22T00:53:46.301+0000] {processor.py:925} INFO - DAG(s) 'dataset_with_extra_by_yield', 'dataset_with_extra_by_context', 'dataset_with_extra_from_classic_operator' retrieved from /home/airflow/.local/lib/python3.12/site-packages/airflow/example_dags/example_outlet_event_extra.py
[2026-07-22T00:53:46.338+0000] {logging_mixin.py:190} INFO - [2026-07-22T00:53:46.338+0000] {dag.py:3239} INFO - Sync 3 DAGs
[2026-07-22T00:53:46.385+0000] {logging_mixin.py:190} INFO - [2026-07-22T00:53:46.385+0000] {dag.py:4180} INFO - Setting next_dagrun for dataset_with_extra_by_context to 2026-07-21 00:00:00+00:00, run_after=2026-07-22 00:00:00+00:00
[2026-07-22T00:53:46.395+0000] {logging_mixin.py:190} INFO - [2026-07-22T00:53:46.395+0000] {dag.py:4180} INFO - Setting next_dagrun for dataset_with_extra_by_yield to 2026-07-21 00:00:00+00:00, run_after=2026-07-22 00:00:00+00:00
[2026-07-22T00:53:46.402+0000] {logging_mixin.py:190} INFO - [2026-07-22T00:53:46.402+0000] {dag.py:4180} INFO - Setting next_dagrun for dataset_with_extra_from_classic_operator to 2026-07-21 00:00:00+00:00, run_after=2026-07-22 00:00:00+00:00
[2026-07-22T00:53:46.434+0000] {processor.py:208} INFO - Processing /home/airflow/.local/lib/python3.12/site-packages/airflow/example_dags/example_outlet_event_extra.py took 0.869 seconds
[2026-07-22T00:54:16.838+0000] {processor.py:186} INFO - Started process (PID=5908) to work on /home/airflow/.local/lib/python3.12/site-packages/airflow/example_dags/example_outlet_event_extra.py
[2026-07-22T00:54:16.839+0000] {processor.py:914} INFO - Processing file /home/airflow/.local/lib/python3.12/site-packages/airflow/example_dags/example_outlet_event_extra.py for tasks to queue
[2026-07-22T00:54:16.843+0000] {logging_mixin.py:190} INFO - [2026-07-22T00:54:16.842+0000] {dagbag.py:588} INFO - Filling up the DagBag from /home/airflow/.local/lib/python3.12/site-packages/airflow/example_dags/example_outlet_event_extra.py
[2026-07-22T00:54:17.499+0000] {processor.py:925} INFO - DAG(s) 'dataset_with_extra_by_context', 'dataset_with_extra_from_classic_operator', 'dataset_with_extra_by_yield' retrieved from /home/airflow/.local/lib/python3.12/site-packages/airflow/example_dags/example_outlet_event_extra.py
[2026-07-22T00:54:17.538+0000] {logging_mixin.py:190} INFO - [2026-07-22T00:54:17.538+0000] {dag.py:3239} INFO - Sync 3 DAGs
[2026-07-22T00:54:17.578+0000] {logging_mixin.py:190} INFO - [2026-07-22T00:54:17.577+0000] {dag.py:4180} INFO - Setting next_dagrun for dataset_with_extra_by_context to 2026-07-21 00:00:00+00:00, run_after=2026-07-22 00:00:00+00:00
[2026-07-22T00:54:17.586+0000] {logging_mixin.py:190} INFO - [2026-07-22T00:54:17.586+0000] {dag.py:4180} INFO - Setting next_dagrun for dataset_with_extra_by_yield to 2026-07-21 00:00:00+00:00, run_after=2026-07-22 00:00:00+00:00
[2026-07-22T00:54:17.591+0000] {logging_mixin.py:190} INFO - [2026-07-22T00:54:17.591+0000] {dag.py:4180} INFO - Setting next_dagrun for dataset_with_extra_from_classic_operator to 2026-07-21 00:00:00+00:00, run_after=2026-07-22 00:00:00+00:00
[2026-07-22T00:54:17.625+0000] {processor.py:208} INFO - Processing /home/airflow/.local/lib/python3.12/site-packages/airflow/example_dags/example_outlet_event_extra.py took 0.795 seconds
[2026-07-22T00:54:48.225+0000] {processor.py:186} INFO - Started process (PID=5972) to work on /home/airflow/.local/lib/python3.12/site-packages/airflow/example_dags/example_outlet_event_extra.py
[2026-07-22T00:54:48.227+0000] {processor.py:914} INFO - Processing file /home/airflow/.local/lib/python3.12/site-packages/airflow/example_dags/example_outlet_event_extra.py for tasks to queue
[2026-07-22T00:54:48.231+0000] {logging_mixin.py:190} INFO - [2026-07-22T00:54:48.230+0000] {dagbag.py:588} INFO - Filling up the DagBag from /home/airflow/.local/lib/python3.12/site-packages/airflow/example_dags/example_outlet_event_extra.py
[2026-07-22T00:54:48.981+0000] {processor.py:925} INFO - DAG(s) 'dataset_with_extra_by_context', 'dataset_with_extra_by_yield', 'dataset_with_extra_from_classic_operator' retrieved from /home/airflow/.local/lib/python3.12/site-packages/airflow/example_dags/example_outlet_event_extra.py
[2026-07-22T00:54:49.028+0000] {logging_mixin.py:190} INFO - [2026-07-22T00:54:49.027+0000] {dag.py:3239} INFO - Sync 3 DAGs
[2026-07-22T00:54:49.068+0000] {logging_mixin.py:190} INFO - [2026-07-22T00:54:49.068+0000] {dag.py:4180} INFO - Setting next_dagrun for dataset_with_extra_by_context to 2026-07-21 00:00:00+00:00, run_after=2026-07-22 00:00:00+00:00
[2026-07-22T00:54:49.076+0000] {logging_mixin.py:190} INFO - [2026-07-22T00:54:49.076+0000] {dag.py:4180} INFO - Setting next_dagrun for dataset_with_extra_by_yield to 2026-07-21 00:00:00+00:00, run_after=2026-07-22 00:00:00+00:00
[2026-07-22T00:54:49.080+0000] {logging_mixin.py:190} INFO - [2026-07-22T00:54:49.079+0000] {dag.py:4180} INFO - Setting next_dagrun for dataset_with_extra_from_classic_operator to 2026-07-21 00:00:00+00:00, run_after=2026-07-22 00:00:00+00:00
[2026-07-22T00:54:49.109+0000] {processor.py:208} INFO - Processing /home/airflow/.local/lib/python3.12/site-packages/airflow/example_dags/example_outlet_event_extra.py took 0.891 seconds
[2026-07-22T00:55:19.715+0000] {processor.py:186} INFO - Started process (PID=6036) to work on /home/airflow/.local/lib/python3.12/site-packages/airflow/example_dags/example_outlet_event_extra.py
[2026-07-22T00:55:19.717+0000] {processor.py:914} INFO - Processing file /home/airflow/.local/lib/python3.12/site-packages/airflow/example_dags/example_outlet_event_extra.py for tasks to queue
[2026-07-22T00:55:19.722+0000] {logging_mixin.py:190} INFO - [2026-07-22T00:55:19.721+0000] {dagbag.py:588} INFO - Filling up the DagBag from /home/airflow/.local/lib/python3.12/site-packages/airflow/example_dags/example_outlet_event_extra.py
[2026-07-22T00:55:20.641+0000] {processor.py:925} INFO - DAG(s) 'dataset_with_extra_from_classic_operator', 'dataset_with_extra_by_yield', 'dataset_with_extra_by_context' retrieved from /home/airflow/.local/lib/python3.12/site-packages/airflow/example_dags/example_outlet_event_extra.py
[2026-07-22T00:55:20.683+0000] {logging_mixin.py:190} INFO - [2026-07-22T00:55:20.682+0000] {dag.py:3239} INFO - Sync 3 DAGs
[2026-07-22T00:55:20.730+0000] {logging_mixin.py:190} INFO - [2026-07-22T00:55:20.729+0000] {dag.py:4180} INFO - Setting next_dagrun for dataset_with_extra_by_context to 2026-07-21 00:00:00+00:00, run_after=2026-07-22 00:00:00+00:00
[2026-07-22T00:55:20.740+0000] {logging_mixin.py:190} INFO - [2026-07-22T00:55:20.740+0000] {dag.py:4180} INFO - Setting next_dagrun for dataset_with_extra_by_yield to 2026-07-21 00:00:00+00:00, run_after=2026-07-22 00:00:00+00:00
[2026-07-22T00:55:20.748+0000] {logging_mixin.py:190} INFO - [2026-07-22T00:55:20.748+0000] {dag.py:4180} INFO - Setting next_dagrun for dataset_with_extra_from_classic_operator to 2026-07-21 00:00:00+00:00, run_after=2026-07-22 00:00:00+00:00
[2026-07-22T00:55:20.785+0000] {processor.py:208} INFO - Processing /home/airflow/.local/lib/python3.12/site-packages/airflow/example_dags/example_outlet_event_extra.py took 1.080 seconds
[2026-07-22T00:55:51.012+0000] {processor.py:186} INFO - Started process (PID=6100) to work on /home/airflow/.local/lib/python3.12/site-packages/airflow/example_dags/example_outlet_event_extra.py
[2026-07-22T00:55:51.014+0000] {processor.py:914} INFO - Processing file /home/airflow/.local/lib/python3.12/site-packages/airflow/example_dags/example_outlet_event_extra.py for tasks to queue
[2026-07-22T00:55:51.019+0000] {logging_mixin.py:190} INFO - [2026-07-22T00:55:51.018+0000] {dagbag.py:588} INFO - Filling up the DagBag from /home/airflow/.local/lib/python3.12/site-packages/airflow/example_dags/example_outlet_event_extra.py
[2026-07-22T00:55:51.801+0000] {processor.py:925} INFO - DAG(s) 'dataset_with_extra_by_yield', 'dataset_with_extra_from_classic_operator', 'dataset_with_extra_by_context' retrieved from /home/airflow/.local/lib/python3.12/site-packages/airflow/example_dags/example_outlet_event_extra.py
[2026-07-22T00:55:51.832+0000] {logging_mixin.py:190} INFO - [2026-07-22T00:55:51.832+0000] {dag.py:3239} INFO - Sync 3 DAGs
[2026-07-22T00:55:51.870+0000] {logging_mixin.py:190} INFO - [2026-07-22T00:55:51.870+0000] {dag.py:4180} INFO - Setting next_dagrun for dataset_with_extra_by_context to 2026-07-21 00:00:00+00:00, run_after=2026-07-22 00:00:00+00:00
[2026-07-22T00:55:51.881+0000] {logging_mixin.py:190} INFO - [2026-07-22T00:55:51.880+0000] {dag.py:4180} INFO - Setting next_dagrun for dataset_with_extra_by_yield to 2026-07-21 00:00:00+00:00, run_after=2026-07-22 00:00:00+00:00
[2026-07-22T00:55:51.886+0000] {logging_mixin.py:190} INFO - [2026-07-22T00:55:51.886+0000] {dag.py:4180} INFO - Setting next_dagrun for dataset_with_extra_from_classic_operator to 2026-07-21 00:00:00+00:00, run_after=2026-07-22 00:00:00+00:00
[2026-07-22T00:55:51.922+0000] {processor.py:208} INFO - Processing /home/airflow/.local/lib/python3.12/site-packages/airflow/example_dags/example_outlet_event_extra.py took 0.918 seconds
[2026-07-22T00:56:22.413+0000] {processor.py:186} INFO - Started process (PID=6164) to work on /home/airflow/.local/lib/python3.12/site-packages/airflow/example_dags/example_outlet_event_extra.py
[2026-07-22T00:56:22.415+0000] {processor.py:914} INFO - Processing file /home/airflow/.local/lib/python3.12/site-packages/airflow/example_dags/example_outlet_event_extra.py for tasks to queue
[2026-07-22T00:56:22.420+0000] {logging_mixin.py:190} INFO - [2026-07-22T00:56:22.419+0000] {dagbag.py:588} INFO - Filling up the DagBag from /home/airflow/.local/lib/python3.12/site-packages/airflow/example_dags/example_outlet_event_extra.py
[2026-07-22T00:56:23.170+0000] {processor.py:925} INFO - DAG(s) 'dataset_with_extra_from_classic_operator', 'dataset_with_extra_by_context', 'dataset_with_extra_by_yield' retrieved from /home/airflow/.local/lib/python3.12/site-packages/airflow/example_dags/example_outlet_event_extra.py
[2026-07-22T00:56:23.195+0000] {logging_mixin.py:190} INFO - [2026-07-22T00:56:23.195+0000] {dag.py:3239} INFO - Sync 3 DAGs
[2026-07-22T00:56:23.224+0000] {logging_mixin.py:190} INFO - [2026-07-22T00:56:23.224+0000] {dag.py:4180} INFO - Setting next_dagrun for dataset_with_extra_by_context to 2026-07-21 00:00:00+00:00, run_after=2026-07-22 00:00:00+00:00
[2026-07-22T00:56:23.231+0000] {logging_mixin.py:190} INFO - [2026-07-22T00:56:23.231+0000] {dag.py:4180} INFO - Setting next_dagrun for dataset_with_extra_by_yield to 2026-07-21 00:00:00+00:00, run_after=2026-07-22 00:00:00+00:00
[2026-07-22T00:56:23.235+0000] {logging_mixin.py:190} INFO - [2026-07-22T00:56:23.235+0000] {dag.py:4180} INFO - Setting next_dagrun for dataset_with_extra_from_classic_operator to 2026-07-21 00:00:00+00:00, run_after=2026-07-22 00:00:00+00:00
[2026-07-22T00:56:23.266+0000] {processor.py:208} INFO - Processing /home/airflow/.local/lib/python3.12/site-packages/airflow/example_dags/example_outlet_event_extra.py took 0.862 seconds
[2026-07-22T00:56:53.916+0000] {processor.py:186} INFO - Started process (PID=6229) to work on /home/airflow/.local/lib/python3.12/site-packages/airflow/example_dags/example_outlet_event_extra.py
[2026-07-22T00:56:53.918+0000] {processor.py:914} INFO - Processing file /home/airflow/.local/lib/python3.12/site-packages/airflow/example_dags/example_outlet_event_extra.py for tasks to queue
[2026-07-22T00:56:53.924+0000] {logging_mixin.py:190} INFO - [2026-07-22T00:56:53.923+0000] {dagbag.py:588} INFO - Filling up the DagBag from /home/airflow/.local/lib/python3.12/site-packages/airflow/example_dags/example_outlet_event_extra.py
[2026-07-22T00:56:54.736+0000] {processor.py:925} INFO - DAG(s) 'dataset_with_extra_by_context', 'dataset_with_extra_from_classic_operator', 'dataset_with_extra_by_yield' retrieved from /home/airflow/.local/lib/python3.12/site-packages/airflow/example_dags/example_outlet_event_extra.py
[2026-07-22T00:56:54.770+0000] {logging_mixin.py:190} INFO - [2026-07-22T00:56:54.769+0000] {dag.py:3239} INFO - Sync 3 DAGs
[2026-07-22T00:56:54.812+0000] {logging_mixin.py:190} INFO - [2026-07-22T00:56:54.812+0000] {dag.py:4180} INFO - Setting next_dagrun for dataset_with_extra_by_context to 2026-07-21 00:00:00+00:00, run_after=2026-07-22 00:00:00+00:00
[2026-07-22T00:56:54.819+0000] {logging_mixin.py:190} INFO - [2026-07-22T00:56:54.819+0000] {dag.py:4180} INFO - Setting next_dagrun for dataset_with_extra_by_yield to 2026-07-21 00:00:00+00:00, run_after=2026-07-22 00:00:00+00:00
[2026-07-22T00:56:54.823+0000] {logging_mixin.py:190} INFO - [2026-07-22T00:56:54.823+0000] {dag.py:4180} INFO - Setting next_dagrun for dataset_with_extra_from_classic_operator to 2026-07-21 00:00:00+00:00, run_after=2026-07-22 00:00:00+00:00
[2026-07-22T00:56:54.857+0000] {processor.py:208} INFO - Processing /home/airflow/.local/lib/python3.12/site-packages/airflow/example_dags/example_outlet_event_extra.py took 0.952 seconds
[2026-07-22T00:57:25.457+0000] {processor.py:186} INFO - Started process (PID=6293) to work on /home/airflow/.local/lib/python3.12/site-packages/airflow/example_dags/example_outlet_event_extra.py
[2026-07-22T00:57:25.458+0000] {processor.py:914} INFO - Processing file /home/airflow/.local/lib/python3.12/site-packages/airflow/example_dags/example_outlet_event_extra.py for tasks to queue
[2026-07-22T00:57:25.462+0000] {logging_mixin.py:190} INFO - [2026-07-22T00:57:25.461+0000] {dagbag.py:588} INFO - Filling up the DagBag from /home/airflow/.local/lib/python3.12/site-packages/airflow/example_dags/example_outlet_event_extra.py
[2026-07-22T00:57:26.110+0000] {processor.py:925} INFO - DAG(s) 'dataset_with_extra_by_yield', 'dataset_with_extra_from_classic_operator', 'dataset_with_extra_by_context' retrieved from /home/airflow/.local/lib/python3.12/site-packages/airflow/example_dags/example_outlet_event_extra.py
[2026-07-22T00:57:26.142+0000] {logging_mixin.py:190} INFO - [2026-07-22T00:57:26.142+0000] {dag.py:3239} INFO - Sync 3 DAGs
[2026-07-22T00:57:26.180+0000] {logging_mixin.py:190} INFO - [2026-07-22T00:57:26.180+0000] {dag.py:4180} INFO - Setting next_dagrun for dataset_with_extra_by_context to 2026-07-21 00:00:00+00:00, run_after=2026-07-22 00:00:00+00:00
[2026-07-22T00:57:26.189+0000] {logging_mixin.py:190} INFO - [2026-07-22T00:57:26.188+0000] {dag.py:4180} INFO - Setting next_dagrun for dataset_with_extra_by_yield to 2026-07-21 00:00:00+00:00, run_after=2026-07-22 00:00:00+00:00
[2026-07-22T00:57:26.193+0000] {logging_mixin.py:190} INFO - [2026-07-22T00:57:26.193+0000] {dag.py:4180} INFO - Setting next_dagrun for dataset_with_extra_from_classic_operator to 2026-07-21 00:00:00+00:00, run_after=2026-07-22 00:00:00+00:00
[2026-07-22T00:57:26.225+0000] {processor.py:208} INFO - Processing /home/airflow/.local/lib/python3.12/site-packages/airflow/example_dags/example_outlet_event_extra.py took 0.777 seconds
[2026-07-22T00:57:56.350+0000] {processor.py:186} INFO - Started process (PID=6357) to work on /home/airflow/.local/lib/python3.12/site-packages/airflow/example_dags/example_outlet_event_extra.py
[2026-07-22T00:57:56.351+0000] {processor.py:914} INFO - Processing file /home/airflow/.local/lib/python3.12/site-packages/airflow/example_dags/example_outlet_event_extra.py for tasks to queue
[2026-07-22T00:57:56.358+0000] {logging_mixin.py:190} INFO - [2026-07-22T00:57:56.358+0000] {dagbag.py:588} INFO - Filling up the DagBag from /home/airflow/.local/lib/python3.12/site-packages/airflow/example_dags/example_outlet_event_extra.py
[2026-07-22T00:57:57.013+0000] {processor.py:925} INFO - DAG(s) 'dataset_with_extra_by_context', 'dataset_with_extra_by_yield', 'dataset_with_extra_from_classic_operator' retrieved from /home/airflow/.local/lib/python3.12/site-packages/airflow/example_dags/example_outlet_event_extra.py
[2026-07-22T00:57:57.039+0000] {logging_mixin.py:190} INFO - [2026-07-22T00:57:57.038+0000] {dag.py:3239} INFO - Sync 3 DAGs
[2026-07-22T00:57:57.066+0000] {logging_mixin.py:190} INFO - [2026-07-22T00:57:57.066+0000] {dag.py:4180} INFO - Setting next_dagrun for dataset_with_extra_by_context to 2026-07-21 00:00:00+00:00, run_after=2026-07-22 00:00:00+00:00
[2026-07-22T00:57:57.072+0000] {logging_mixin.py:190} INFO - [2026-07-22T00:57:57.072+0000] {dag.py:4180} INFO - Setting next_dagrun for dataset_with_extra_by_yield to 2026-07-21 00:00:00+00:00, run_after=2026-07-22 00:00:00+00:00
[2026-07-22T00:57:57.076+0000] {logging_mixin.py:190} INFO - [2026-07-22T00:57:57.076+0000] {dag.py:4180} INFO - Setting next_dagrun for dataset_with_extra_from_classic_operator to 2026-07-21 00:00:00+00:00, run_after=2026-07-22 00:00:00+00:00
[2026-07-22T00:57:57.099+0000] {processor.py:208} INFO - Processing /home/airflow/.local/lib/python3.12/site-packages/airflow/example_dags/example_outlet_event_extra.py took 0.762 seconds
[2026-07-22T00:58:27.795+0000] {processor.py:186} INFO - Started process (PID=6421) to work on /home/airflow/.local/lib/python3.12/site-packages/airflow/example_dags/example_outlet_event_extra.py
[2026-07-22T00:58:27.797+0000] {processor.py:914} INFO - Processing file /home/airflow/.local/lib/python3.12/site-packages/airflow/example_dags/example_outlet_event_extra.py for tasks to queue
[2026-07-22T00:58:27.802+0000] {logging_mixin.py:190} INFO - [2026-07-22T00:58:27.801+0000] {dagbag.py:588} INFO - Filling up the DagBag from /home/airflow/.local/lib/python3.12/site-packages/airflow/example_dags/example_outlet_event_extra.py
[2026-07-22T00:58:28.422+0000] {processor.py:925} INFO - DAG(s) 'dataset_with_extra_by_context', 'dataset_with_extra_from_classic_operator', 'dataset_with_extra_by_yield' retrieved from /home/airflow/.local/lib/python3.12/site-packages/airflow/example_dags/example_outlet_event_extra.py
[2026-07-22T00:58:28.448+0000] {logging_mixin.py:190} INFO - [2026-07-22T00:58:28.448+0000] {dag.py:3239} INFO - Sync 3 DAGs
[2026-07-22T00:58:28.477+0000] {logging_mixin.py:190} INFO - [2026-07-22T00:58:28.476+0000] {dag.py:4180} INFO - Setting next_dagrun for dataset_with_extra_by_context to 2026-07-21 00:00:00+00:00, run_after=2026-07-22 00:00:00+00:00
[2026-07-22T00:58:28.485+0000] {logging_mixin.py:190} INFO - [2026-07-22T00:58:28.485+0000] {dag.py:4180} INFO - Setting next_dagrun for dataset_with_extra_by_yield to 2026-07-21 00:00:00+00:00, run_after=2026-07-22 00:00:00+00:00
[2026-07-22T00:58:28.488+0000] {logging_mixin.py:190} INFO - [2026-07-22T00:58:28.488+0000] {dag.py:4180} INFO - Setting next_dagrun for dataset_with_extra_from_classic_operator to 2026-07-21 00:00:00+00:00, run_after=2026-07-22 00:00:00+00:00
[2026-07-22T00:58:28.512+0000] {processor.py:208} INFO - Processing /home/airflow/.local/lib/python3.12/site-packages/airflow/example_dags/example_outlet_event_extra.py took 0.726 seconds
[2026-07-22T00:58:59.365+0000] {processor.py:186} INFO - Started process (PID=6485) to work on /home/airflow/.local/lib/python3.12/site-packages/airflow/example_dags/example_outlet_event_extra.py
[2026-07-22T00:58:59.367+0000] {processor.py:914} INFO - Processing file /home/airflow/.local/lib/python3.12/site-packages/airflow/example_dags/example_outlet_event_extra.py for tasks to queue
[2026-07-22T00:58:59.370+0000] {logging_mixin.py:190} INFO - [2026-07-22T00:58:59.369+0000] {dagbag.py:588} INFO - Filling up the DagBag from /home/airflow/.local/lib/python3.12/site-packages/airflow/example_dags/example_outlet_event_extra.py
[2026-07-22T00:58:59.973+0000] {processor.py:925} INFO - DAG(s) 'dataset_with_extra_by_yield', 'dataset_with_extra_by_context', 'dataset_with_extra_from_classic_operator' retrieved from /home/airflow/.local/lib/python3.12/site-packages/airflow/example_dags/example_outlet_event_extra.py
[2026-07-22T00:59:00.001+0000] {logging_mixin.py:190} INFO - [2026-07-22T00:59:00.001+0000] {dag.py:3239} INFO - Sync 3 DAGs
[2026-07-22T00:59:00.030+0000] {logging_mixin.py:190} INFO - [2026-07-22T00:59:00.030+0000] {dag.py:4180} INFO - Setting next_dagrun for dataset_with_extra_by_context to 2026-07-21 00:00:00+00:00, run_after=2026-07-22 00:00:00+00:00
[2026-07-22T00:59:00.036+0000] {logging_mixin.py:190} INFO - [2026-07-22T00:59:00.036+0000] {dag.py:4180} INFO - Setting next_dagrun for dataset_with_extra_by_yield to 2026-07-21 00:00:00+00:00, run_after=2026-07-22 00:00:00+00:00
[2026-07-22T00:59:00.041+0000] {logging_mixin.py:190} INFO - [2026-07-22T00:59:00.041+0000] {dag.py:4180} INFO - Setting next_dagrun for dataset_with_extra_from_classic_operator to 2026-07-21 00:00:00+00:00, run_after=2026-07-22 00:00:00+00:00
[2026-07-22T00:59:00.082+0000] {processor.py:208} INFO - Processing /home/airflow/.local/lib/python3.12/site-packages/airflow/example_dags/example_outlet_event_extra.py took 0.727 seconds
[2026-07-22T00:59:30.517+0000] {processor.py:186} INFO - Started process (PID=6549) to work on /home/airflow/.local/lib/python3.12/site-packages/airflow/example_dags/example_outlet_event_extra.py
[2026-07-22T00:59:30.518+0000] {processor.py:914} INFO - Processing file /home/airflow/.local/lib/python3.12/site-packages/airflow/example_dags/example_outlet_event_extra.py for tasks to queue
[2026-07-22T00:59:30.521+0000] {logging_mixin.py:190} INFO - [2026-07-22T00:59:30.520+0000] {dagbag.py:588} INFO - Filling up the DagBag from /home/airflow/.local/lib/python3.12/site-packages/airflow/example_dags/example_outlet_event_extra.py
[2026-07-22T00:59:31.124+0000] {processor.py:925} INFO - DAG(s) 'dataset_with_extra_by_context', 'dataset_with_extra_by_yield', 'dataset_with_extra_from_classic_operator' retrieved from /home/airflow/.local/lib/python3.12/site-packages/airflow/example_dags/example_outlet_event_extra.py
[2026-07-22T00:59:31.150+0000] {logging_mixin.py:190} INFO - [2026-07-22T00:59:31.150+0000] {dag.py:3239} INFO - Sync 3 DAGs
[2026-07-22T00:59:31.176+0000] {logging_mixin.py:190} INFO - [2026-07-22T00:59:31.176+0000] {dag.py:4180} INFO - Setting next_dagrun for dataset_with_extra_by_context to 2026-07-21 00:00:00+00:00, run_after=2026-07-22 00:00:00+00:00
[2026-07-22T00:59:31.185+0000] {logging_mixin.py:190} INFO - [2026-07-22T00:59:31.185+0000] {dag.py:4180} INFO - Setting next_dagrun for dataset_with_extra_by_yield to 2026-07-21 00:00:00+00:00, run_after=2026-07-22 00:00:00+00:00
[2026-07-22T00:59:31.189+0000] {logging_mixin.py:190} INFO - [2026-07-22T00:59:31.188+0000] {dag.py:4180} INFO - Setting next_dagrun for dataset_with_extra_from_classic_operator to 2026-07-21 00:00:00+00:00, run_after=2026-07-22 00:00:00+00:00
[2026-07-22T00:59:31.216+0000] {processor.py:208} INFO - Processing /home/airflow/.local/lib/python3.12/site-packages/airflow/example_dags/example_outlet_event_extra.py took 0.706 seconds
[2026-07-22T01:00:01.869+0000] {processor.py:186} INFO - Started process (PID=6613) to work on /home/airflow/.local/lib/python3.12/site-packages/airflow/example_dags/example_outlet_event_extra.py
[2026-07-22T01:00:01.871+0000] {processor.py:914} INFO - Processing file /home/airflow/.local/lib/python3.12/site-packages/airflow/example_dags/example_outlet_event_extra.py for tasks to queue
[2026-07-22T01:00:01.875+0000] {logging_mixin.py:190} INFO - [2026-07-22T01:00:01.874+0000] {dagbag.py:588} INFO - Filling up the DagBag from /home/airflow/.local/lib/python3.12/site-packages/airflow/example_dags/example_outlet_event_extra.py
[2026-07-22T01:00:02.494+0000] {processor.py:925} INFO - DAG(s) 'dataset_with_extra_from_classic_operator', 'dataset_with_extra_by_yield', 'dataset_with_extra_by_context' retrieved from /home/airflow/.local/lib/python3.12/site-packages/airflow/example_dags/example_outlet_event_extra.py
[2026-07-22T01:00:02.519+0000] {logging_mixin.py:190} INFO - [2026-07-22T01:00:02.519+0000] {dag.py:3239} INFO - Sync 3 DAGs
[2026-07-22T01:00:02.549+0000] {logging_mixin.py:190} INFO - [2026-07-22T01:00:02.549+0000] {dag.py:4180} INFO - Setting next_dagrun for dataset_with_extra_by_context to 2026-07-21 00:00:00+00:00, run_after=2026-07-22 00:00:00+00:00
[2026-07-22T01:00:02.556+0000] {logging_mixin.py:190} INFO - [2026-07-22T01:00:02.555+0000] {dag.py:4180} INFO - Setting next_dagrun for dataset_with_extra_by_yield to 2026-07-21 00:00:00+00:00, run_after=2026-07-22 00:00:00+00:00
[2026-07-22T01:00:02.560+0000] {logging_mixin.py:190} INFO - [2026-07-22T01:00:02.560+0000] {dag.py:4180} INFO - Setting next_dagrun for dataset_with_extra_from_classic_operator to 2026-07-21 00:00:00+00:00, run_after=2026-07-22 00:00:00+00:00
[2026-07-22T01:00:02.588+0000] {processor.py:208} INFO - Processing /home/airflow/.local/lib/python3.12/site-packages/airflow/example_dags/example_outlet_event_extra.py took 0.729 seconds
[2026-07-22T01:00:33.429+0000] {processor.py:186} INFO - Started process (PID=6677) to work on /home/airflow/.local/lib/python3.12/site-packages/airflow/example_dags/example_outlet_event_extra.py
[2026-07-22T01:00:33.431+0000] {processor.py:914} INFO - Processing file /home/airflow/.local/lib/python3.12/site-packages/airflow/example_dags/example_outlet_event_extra.py for tasks to queue
[2026-07-22T01:00:33.435+0000] {logging_mixin.py:190} INFO - [2026-07-22T01:00:33.435+0000] {dagbag.py:588} INFO - Filling up the DagBag from /home/airflow/.local/lib/python3.12/site-packages/airflow/example_dags/example_outlet_event_extra.py
[2026-07-22T01:00:34.207+0000] {processor.py:925} INFO - DAG(s) 'dataset_with_extra_by_context', 'dataset_with_extra_from_classic_operator', 'dataset_with_extra_by_yield' retrieved from /home/airflow/.local/lib/python3.12/site-packages/airflow/example_dags/example_outlet_event_extra.py
[2026-07-22T01:00:34.237+0000] {logging_mixin.py:190} INFO - [2026-07-22T01:00:34.237+0000] {dag.py:3239} INFO - Sync 3 DAGs
[2026-07-22T01:00:34.268+0000] {logging_mixin.py:190} INFO - [2026-07-22T01:00:34.267+0000] {dag.py:4180} INFO - Setting next_dagrun for dataset_with_extra_by_context to 2026-07-21 00:00:00+00:00, run_after=2026-07-22 00:00:00+00:00
[2026-07-22T01:00:34.276+0000] {logging_mixin.py:190} INFO - [2026-07-22T01:00:34.276+0000] {dag.py:4180} INFO - Setting next_dagrun for dataset_with_extra_by_yield to 2026-07-21 00:00:00+00:00, run_after=2026-07-22 00:00:00+00:00
[2026-07-22T01:00:34.281+0000] {logging_mixin.py:190} INFO - [2026-07-22T01:00:34.280+0000] {dag.py:4180} INFO - Setting next_dagrun for dataset_with_extra_from_classic_operator to 2026-07-21 00:00:00+00:00, run_after=2026-07-22 00:00:00+00:00
[2026-07-22T01:00:34.309+0000] {processor.py:208} INFO - Processing /home/airflow/.local/lib/python3.12/site-packages/airflow/example_dags/example_outlet_event_extra.py took 0.888 seconds
[2026-07-22T01:01:04.947+0000] {processor.py:186} INFO - Started process (PID=6747) to work on /home/airflow/.local/lib/python3.12/site-packages/airflow/example_dags/example_outlet_event_extra.py
[2026-07-22T01:01:04.949+0000] {processor.py:914} INFO - Processing file /home/airflow/.local/lib/python3.12/site-packages/airflow/example_dags/example_outlet_event_extra.py for tasks to queue
[2026-07-22T01:01:04.953+0000] {logging_mixin.py:190} INFO - [2026-07-22T01:01:04.952+0000] {dagbag.py:588} INFO - Filling up the DagBag from /home/airflow/.local/lib/python3.12/site-packages/airflow/example_dags/example_outlet_event_extra.py
[2026-07-22T01:01:05.720+0000] {processor.py:925} INFO - DAG(s) 'dataset_with_extra_from_classic_operator', 'dataset_with_extra_by_yield', 'dataset_with_extra_by_context' retrieved from /home/airflow/.local/lib/python3.12/site-packages/airflow/example_dags/example_outlet_event_extra.py
[2026-07-22T01:01:05.748+0000] {logging_mixin.py:190} INFO - [2026-07-22T01:01:05.748+0000] {dag.py:3239} INFO - Sync 3 DAGs
[2026-07-22T01:01:05.775+0000] {logging_mixin.py:190} INFO - [2026-07-22T01:01:05.775+0000] {dag.py:4180} INFO - Setting next_dagrun for dataset_with_extra_by_context to 2026-07-21 00:00:00+00:00, run_after=2026-07-22 00:00:00+00:00
[2026-07-22T01:01:05.782+0000] {logging_mixin.py:190} INFO - [2026-07-22T01:01:05.782+0000] {dag.py:4180} INFO - Setting next_dagrun for dataset_with_extra_by_yield to 2026-07-21 00:00:00+00:00, run_after=2026-07-22 00:00:00+00:00
[2026-07-22T01:01:05.787+0000] {logging_mixin.py:190} INFO - [2026-07-22T01:01:05.786+0000] {dag.py:4180} INFO - Setting next_dagrun for dataset_with_extra_from_classic_operator to 2026-07-21 00:00:00+00:00, run_after=2026-07-22 00:00:00+00:00
[2026-07-22T01:01:05.816+0000] {processor.py:208} INFO - Processing /home/airflow/.local/lib/python3.12/site-packages/airflow/example_dags/example_outlet_event_extra.py took 0.880 seconds
[2026-07-22T01:01:36.121+0000] {processor.py:186} INFO - Started process (PID=6811) to work on /home/airflow/.local/lib/python3.12/site-packages/airflow/example_dags/example_outlet_event_extra.py
[2026-07-22T01:01:36.122+0000] {processor.py:914} INFO - Processing file /home/airflow/.local/lib/python3.12/site-packages/airflow/example_dags/example_outlet_event_extra.py for tasks to queue
[2026-07-22T01:01:36.125+0000] {logging_mixin.py:190} INFO - [2026-07-22T01:01:36.125+0000] {dagbag.py:588} INFO - Filling up the DagBag from /home/airflow/.local/lib/python3.12/site-packages/airflow/example_dags/example_outlet_event_extra.py
[2026-07-22T01:01:36.987+0000] {processor.py:925} INFO - DAG(s) 'dataset_with_extra_from_classic_operator', 'dataset_with_extra_by_yield', 'dataset_with_extra_by_context' retrieved from /home/airflow/.local/lib/python3.12/site-packages/airflow/example_dags/example_outlet_event_extra.py
[2026-07-22T01:01:37.024+0000] {logging_mixin.py:190} INFO - [2026-07-22T01:01:37.024+0000] {dag.py:3239} INFO - Sync 3 DAGs
[2026-07-22T01:01:37.057+0000] {logging_mixin.py:190} INFO - [2026-07-22T01:01:37.056+0000] {dag.py:4180} INFO - Setting next_dagrun for dataset_with_extra_by_context to 2026-07-21 00:00:00+00:00, run_after=2026-07-22 00:00:00+00:00
[2026-07-22T01:01:37.064+0000] {logging_mixin.py:190} INFO - [2026-07-22T01:01:37.064+0000] {dag.py:4180} INFO - Setting next_dagrun for dataset_with_extra_by_yield to 2026-07-21 00:00:00+00:00, run_after=2026-07-22 00:00:00+00:00
[2026-07-22T01:01:37.068+0000] {logging_mixin.py:190} INFO - [2026-07-22T01:01:37.068+0000] {dag.py:4180} INFO - Setting next_dagrun for dataset_with_extra_from_classic_operator to 2026-07-21 00:00:00+00:00, run_after=2026-07-22 00:00:00+00:00
[2026-07-22T01:01:37.102+0000] {processor.py:208} INFO - Processing /home/airflow/.local/lib/python3.12/site-packages/airflow/example_dags/example_outlet_event_extra.py took 0.991 seconds
[2026-07-22T01:02:07.666+0000] {processor.py:186} INFO - Started process (PID=6875) to work on /home/airflow/.local/lib/python3.12/site-packages/airflow/example_dags/example_outlet_event_extra.py
[2026-07-22T01:02:07.668+0000] {processor.py:914} INFO - Processing file /home/airflow/.local/lib/python3.12/site-packages/airflow/example_dags/example_outlet_event_extra.py for tasks to queue
[2026-07-22T01:02:07.672+0000] {logging_mixin.py:190} INFO - [2026-07-22T01:02:07.672+0000] {dagbag.py:588} INFO - Filling up the DagBag from /home/airflow/.local/lib/python3.12/site-packages/airflow/example_dags/example_outlet_event_extra.py
[2026-07-22T01:02:08.320+0000] {processor.py:925} INFO - DAG(s) 'dataset_with_extra_by_context', 'dataset_with_extra_by_yield', 'dataset_with_extra_from_classic_operator' retrieved from /home/airflow/.local/lib/python3.12/site-packages/airflow/example_dags/example_outlet_event_extra.py
[2026-07-22T01:02:08.347+0000] {logging_mixin.py:190} INFO - [2026-07-22T01:02:08.347+0000] {dag.py:3239} INFO - Sync 3 DAGs
[2026-07-22T01:02:08.390+0000] {logging_mixin.py:190} INFO - [2026-07-22T01:02:08.390+0000] {dag.py:4180} INFO - Setting next_dagrun for dataset_with_extra_by_context to 2026-07-21 00:00:00+00:00, run_after=2026-07-22 00:00:00+00:00
[2026-07-22T01:02:08.398+0000] {logging_mixin.py:190} INFO - [2026-07-22T01:02:08.398+0000] {dag.py:4180} INFO - Setting next_dagrun for dataset_with_extra_by_yield to 2026-07-21 00:00:00+00:00, run_after=2026-07-22 00:00:00+00:00
[2026-07-22T01:02:08.404+0000] {logging_mixin.py:190} INFO - [2026-07-22T01:02:08.404+0000] {dag.py:4180} INFO - Setting next_dagrun for dataset_with_extra_from_classic_operator to 2026-07-21 00:00:00+00:00, run_after=2026-07-22 00:00:00+00:00
[2026-07-22T01:02:08.446+0000] {processor.py:208} INFO - Processing /home/airflow/.local/lib/python3.12/site-packages/airflow/example_dags/example_outlet_event_extra.py took 0.789 seconds
[2026-07-22T01:02:39.180+0000] {processor.py:186} INFO - Started process (PID=6939) to work on /home/airflow/.local/lib/python3.12/site-packages/airflow/example_dags/example_outlet_event_extra.py
[2026-07-22T01:02:39.182+0000] {processor.py:914} INFO - Processing file /home/airflow/.local/lib/python3.12/site-packages/airflow/example_dags/example_outlet_event_extra.py for tasks to queue
[2026-07-22T01:02:39.187+0000] {logging_mixin.py:190} INFO - [2026-07-22T01:02:39.186+0000] {dagbag.py:588} INFO - Filling up the DagBag from /home/airflow/.local/lib/python3.12/site-packages/airflow/example_dags/example_outlet_event_extra.py
[2026-07-22T01:02:39.896+0000] {processor.py:925} INFO - DAG(s) 'dataset_with_extra_by_yield', 'dataset_with_extra_from_classic_operator', 'dataset_with_extra_by_context' retrieved from /home/airflow/.local/lib/python3.12/site-packages/airflow/example_dags/example_outlet_event_extra.py
[2026-07-22T01:02:39.923+0000] {logging_mixin.py:190} INFO - [2026-07-22T01:02:39.922+0000] {dag.py:3239} INFO - Sync 3 DAGs
[2026-07-22T01:02:39.950+0000] {logging_mixin.py:190} INFO - [2026-07-22T01:02:39.950+0000] {dag.py:4180} INFO - Setting next_dagrun for dataset_with_extra_by_context to 2026-07-21 00:00:00+00:00, run_after=2026-07-22 00:00:00+00:00
[2026-07-22T01:02:39.957+0000] {logging_mixin.py:190} INFO - [2026-07-22T01:02:39.957+0000] {dag.py:4180} INFO - Setting next_dagrun for dataset_with_extra_by_yield to 2026-07-21 00:00:00+00:00, run_after=2026-07-22 00:00:00+00:00
[2026-07-22T01:02:39.960+0000] {logging_mixin.py:190} INFO - [2026-07-22T01:02:39.960+0000] {dag.py:4180} INFO - Setting next_dagrun for dataset_with_extra_from_classic_operator to 2026-07-21 00:00:00+00:00, run_after=2026-07-22 00:00:00+00:00
[2026-07-22T01:02:39.996+0000] {processor.py:208} INFO - Processing /home/airflow/.local/lib/python3.12/site-packages/airflow/example_dags/example_outlet_event_extra.py took 0.827 seconds
[2026-07-22T01:03:10.270+0000] {processor.py:186} INFO - Started process (PID=7003) to work on /home/airflow/.local/lib/python3.12/site-packages/airflow/example_dags/example_outlet_event_extra.py
[2026-07-22T01:03:10.271+0000] {processor.py:914} INFO - Processing file /home/airflow/.local/lib/python3.12/site-packages/airflow/example_dags/example_outlet_event_extra.py for tasks to queue
[2026-07-22T01:03:10.276+0000] {logging_mixin.py:190} INFO - [2026-07-22T01:03:10.275+0000] {dagbag.py:588} INFO - Filling up the DagBag from /home/airflow/.local/lib/python3.12/site-packages/airflow/example_dags/example_outlet_event_extra.py
[2026-07-22T01:03:10.990+0000] {processor.py:925} INFO - DAG(s) 'dataset_with_extra_by_yield', 'dataset_with_extra_from_classic_operator', 'dataset_with_extra_by_context' retrieved from /home/airflow/.local/lib/python3.12/site-packages/airflow/example_dags/example_outlet_event_extra.py
[2026-07-22T01:03:11.021+0000] {logging_mixin.py:190} INFO - [2026-07-22T01:03:11.021+0000] {dag.py:3239} INFO - Sync 3 DAGs
[2026-07-22T01:03:11.050+0000] {logging_mixin.py:190} INFO - [2026-07-22T01:03:11.050+0000] {dag.py:4180} INFO - Setting next_dagrun for dataset_with_extra_by_context to 2026-07-21 00:00:00+00:00, run_after=2026-07-22 00:00:00+00:00
[2026-07-22T01:03:11.058+0000] {logging_mixin.py:190} INFO - [2026-07-22T01:03:11.058+0000] {dag.py:4180} INFO - Setting next_dagrun for dataset_with_extra_by_yield to 2026-07-21 00:00:00+00:00, run_after=2026-07-22 00:00:00+00:00
[2026-07-22T01:03:11.061+0000] {logging_mixin.py:190} INFO - [2026-07-22T01:03:11.061+0000] {dag.py:4180} INFO - Setting next_dagrun for dataset_with_extra_from_classic_operator to 2026-07-21 00:00:00+00:00, run_after=2026-07-22 00:00:00+00:00
[2026-07-22T01:03:11.087+0000] {processor.py:208} INFO - Processing /home/airflow/.local/lib/python3.12/site-packages/airflow/example_dags/example_outlet_event_extra.py took 0.825 seconds
[2026-07-22T01:03:41.643+0000] {processor.py:186} INFO - Started process (PID=7067) to work on /home/airflow/.local/lib/python3.12/site-packages/airflow/example_dags/example_outlet_event_extra.py
[2026-07-22T01:03:41.645+0000] {processor.py:914} INFO - Processing file /home/airflow/.local/lib/python3.12/site-packages/airflow/example_dags/example_outlet_event_extra.py for tasks to queue
[2026-07-22T01:03:41.648+0000] {logging_mixin.py:190} INFO - [2026-07-22T01:03:41.648+0000] {dagbag.py:588} INFO - Filling up the DagBag from /home/airflow/.local/lib/python3.12/site-packages/airflow/example_dags/example_outlet_event_extra.py
[2026-07-22T01:03:42.320+0000] {processor.py:925} INFO - DAG(s) 'dataset_with_extra_from_classic_operator', 'dataset_with_extra_by_context', 'dataset_with_extra_by_yield' retrieved from /home/airflow/.local/lib/python3.12/site-packages/airflow/example_dags/example_outlet_event_extra.py
[2026-07-22T01:03:42.346+0000] {logging_mixin.py:190} INFO - [2026-07-22T01:03:42.346+0000] {dag.py:3239} INFO - Sync 3 DAGs
[2026-07-22T01:03:42.379+0000] {logging_mixin.py:190} INFO - [2026-07-22T01:03:42.378+0000] {dag.py:4180} INFO - Setting next_dagrun for dataset_with_extra_by_context to 2026-07-21 00:00:00+00:00, run_after=2026-07-22 00:00:00+00:00
[2026-07-22T01:03:42.385+0000] {logging_mixin.py:190} INFO - [2026-07-22T01:03:42.385+0000] {dag.py:4180} INFO - Setting next_dagrun for dataset_with_extra_by_yield to 2026-07-21 00:00:00+00:00, run_after=2026-07-22 00:00:00+00:00
[2026-07-22T01:03:42.389+0000] {logging_mixin.py:190} INFO - [2026-07-22T01:03:42.388+0000] {dag.py:4180} INFO - Setting next_dagrun for dataset_with_extra_from_classic_operator to 2026-07-21 00:00:00+00:00, run_after=2026-07-22 00:00:00+00:00
[2026-07-22T01:03:42.420+0000] {processor.py:208} INFO - Processing /home/airflow/.local/lib/python3.12/site-packages/airflow/example_dags/example_outlet_event_extra.py took 0.783 seconds
[2026-07-22T01:04:12.985+0000] {processor.py:186} INFO - Started process (PID=7131) to work on /home/airflow/.local/lib/python3.12/site-packages/airflow/example_dags/example_outlet_event_extra.py
[2026-07-22T01:04:12.987+0000] {processor.py:914} INFO - Processing file /home/airflow/.local/lib/python3.12/site-packages/airflow/example_dags/example_outlet_event_extra.py for tasks to queue
[2026-07-22T01:04:12.990+0000] {logging_mixin.py:190} INFO - [2026-07-22T01:04:12.990+0000] {dagbag.py:588} INFO - Filling up the DagBag from /home/airflow/.local/lib/python3.12/site-packages/airflow/example_dags/example_outlet_event_extra.py
[2026-07-22T01:04:13.732+0000] {processor.py:925} INFO - DAG(s) 'dataset_with_extra_by_context', 'dataset_with_extra_by_yield', 'dataset_with_extra_from_classic_operator' retrieved from /home/airflow/.local/lib/python3.12/site-packages/airflow/example_dags/example_outlet_event_extra.py
[2026-07-22T01:04:13.767+0000] {logging_mixin.py:190} INFO - [2026-07-22T01:04:13.767+0000] {dag.py:3239} INFO - Sync 3 DAGs
[2026-07-22T01:04:13.816+0000] {logging_mixin.py:190} INFO - [2026-07-22T01:04:13.816+0000] {dag.py:4180} INFO - Setting next_dagrun for dataset_with_extra_by_context to 2026-07-21 00:00:00+00:00, run_after=2026-07-22 00:00:00+00:00
[2026-07-22T01:04:13.824+0000] {logging_mixin.py:190} INFO - [2026-07-22T01:04:13.823+0000] {dag.py:4180} INFO - Setting next_dagrun for dataset_with_extra_by_yield to 2026-07-21 00:00:00+00:00, run_after=2026-07-22 00:00:00+00:00
[2026-07-22T01:04:13.829+0000] {logging_mixin.py:190} INFO - [2026-07-22T01:04:13.829+0000] {dag.py:4180} INFO - Setting next_dagrun for dataset_with_extra_from_classic_operator to 2026-07-21 00:00:00+00:00, run_after=2026-07-22 00:00:00+00:00
[2026-07-22T01:04:13.863+0000] {processor.py:208} INFO - Processing /home/airflow/.local/lib/python3.12/site-packages/airflow/example_dags/example_outlet_event_extra.py took 0.885 seconds
[2026-07-22T01:04:44.558+0000] {processor.py:186} INFO - Started process (PID=7196) to work on /home/airflow/.local/lib/python3.12/site-packages/airflow/example_dags/example_outlet_event_extra.py
[2026-07-22T01:04:44.560+0000] {processor.py:914} INFO - Processing file /home/airflow/.local/lib/python3.12/site-packages/airflow/example_dags/example_outlet_event_extra.py for tasks to queue
[2026-07-22T01:04:44.564+0000] {logging_mixin.py:190} INFO - [2026-07-22T01:04:44.564+0000] {dagbag.py:588} INFO - Filling up the DagBag from /home/airflow/.local/lib/python3.12/site-packages/airflow/example_dags/example_outlet_event_extra.py
[2026-07-22T01:04:45.413+0000] {processor.py:925} INFO - DAG(s) 'dataset_with_extra_by_yield', 'dataset_with_extra_from_classic_operator', 'dataset_with_extra_by_context' retrieved from /home/airflow/.local/lib/python3.12/site-packages/airflow/example_dags/example_outlet_event_extra.py
[2026-07-22T01:04:45.445+0000] {logging_mixin.py:190} INFO - [2026-07-22T01:04:45.445+0000] {dag.py:3239} INFO - Sync 3 DAGs
[2026-07-22T01:04:45.476+0000] {logging_mixin.py:190} INFO - [2026-07-22T01:04:45.476+0000] {dag.py:4180} INFO - Setting next_dagrun for dataset_with_extra_by_context to 2026-07-21 00:00:00+00:00, run_after=2026-07-22 00:00:00+00:00
[2026-07-22T01:04:45.486+0000] {logging_mixin.py:190} INFO - [2026-07-22T01:04:45.486+0000] {dag.py:4180} INFO - Setting next_dagrun for dataset_with_extra_by_yield to 2026-07-21 00:00:00+00:00, run_after=2026-07-22 00:00:00+00:00
[2026-07-22T01:04:45.491+0000] {logging_mixin.py:190} INFO - [2026-07-22T01:04:45.490+0000] {dag.py:4180} INFO - Setting next_dagrun for dataset_with_extra_from_classic_operator to 2026-07-21 00:00:00+00:00, run_after=2026-07-22 00:00:00+00:00
[2026-07-22T01:04:45.522+0000] {processor.py:208} INFO - Processing /home/airflow/.local/lib/python3.12/site-packages/airflow/example_dags/example_outlet_event_extra.py took 0.974 seconds
[2026-07-22T01:05:15.701+0000] {processor.py:186} INFO - Started process (PID=7260) to work on /home/airflow/.local/lib/python3.12/site-packages/airflow/example_dags/example_outlet_event_extra.py
[2026-07-22T01:05:15.703+0000] {processor.py:914} INFO - Processing file /home/airflow/.local/lib/python3.12/site-packages/airflow/example_dags/example_outlet_event_extra.py for tasks to queue
[2026-07-22T01:05:15.707+0000] {logging_mixin.py:190} INFO - [2026-07-22T01:05:15.707+0000] {dagbag.py:588} INFO - Filling up the DagBag from /home/airflow/.local/lib/python3.12/site-packages/airflow/example_dags/example_outlet_event_extra.py
[2026-07-22T01:05:16.497+0000] {processor.py:925} INFO - DAG(s) 'dataset_with_extra_by_context', 'dataset_with_extra_by_yield', 'dataset_with_extra_from_classic_operator' retrieved from /home/airflow/.local/lib/python3.12/site-packages/airflow/example_dags/example_outlet_event_extra.py
[2026-07-22T01:05:16.526+0000] {logging_mixin.py:190} INFO - [2026-07-22T01:05:16.525+0000] {dag.py:3239} INFO - Sync 3 DAGs
[2026-07-22T01:05:16.552+0000] {logging_mixin.py:190} INFO - [2026-07-22T01:05:16.552+0000] {dag.py:4180} INFO - Setting next_dagrun for dataset_with_extra_by_context to 2026-07-21 00:00:00+00:00, run_after=2026-07-22 00:00:00+00:00
[2026-07-22T01:05:16.560+0000] {logging_mixin.py:190} INFO - [2026-07-22T01:05:16.560+0000] {dag.py:4180} INFO - Setting next_dagrun for dataset_with_extra_by_yield to 2026-07-21 00:00:00+00:00, run_after=2026-07-22 00:00:00+00:00
[2026-07-22T01:05:16.564+0000] {logging_mixin.py:190} INFO - [2026-07-22T01:05:16.563+0000] {dag.py:4180} INFO - Setting next_dagrun for dataset_with_extra_from_classic_operator to 2026-07-21 00:00:00+00:00, run_after=2026-07-22 00:00:00+00:00
[2026-07-22T01:05:16.591+0000] {processor.py:208} INFO - Processing /home/airflow/.local/lib/python3.12/site-packages/airflow/example_dags/example_outlet_event_extra.py took 0.896 seconds
[2026-07-22T01:05:47.278+0000] {processor.py:186} INFO - Started process (PID=7324) to work on /home/airflow/.local/lib/python3.12/site-packages/airflow/example_dags/example_outlet_event_extra.py
[2026-07-22T01:05:47.280+0000] {processor.py:914} INFO - Processing file /home/airflow/.local/lib/python3.12/site-packages/airflow/example_dags/example_outlet_event_extra.py for tasks to queue
[2026-07-22T01:05:47.284+0000] {logging_mixin.py:190} INFO - [2026-07-22T01:05:47.283+0000] {dagbag.py:588} INFO - Filling up the DagBag from /home/airflow/.local/lib/python3.12/site-packages/airflow/example_dags/example_outlet_event_extra.py
[2026-07-22T01:05:47.932+0000] {processor.py:925} INFO - DAG(s) 'dataset_with_extra_by_context', 'dataset_with_extra_by_yield', 'dataset_with_extra_from_classic_operator' retrieved from /home/airflow/.local/lib/python3.12/site-packages/airflow/example_dags/example_outlet_event_extra.py
[2026-07-22T01:05:47.958+0000] {logging_mixin.py:190} INFO - [2026-07-22T01:05:47.958+0000] {dag.py:3239} INFO - Sync 3 DAGs
[2026-07-22T01:05:47.984+0000] {logging_mixin.py:190} INFO - [2026-07-22T01:05:47.984+0000] {dag.py:4180} INFO - Setting next_dagrun for dataset_with_extra_by_context to 2026-07-21 00:00:00+00:00, run_after=2026-07-22 00:00:00+00:00
[2026-07-22T01:05:47.991+0000] {logging_mixin.py:190} INFO - [2026-07-22T01:05:47.991+0000] {dag.py:4180} INFO - Setting next_dagrun for dataset_with_extra_by_yield to 2026-07-21 00:00:00+00:00, run_after=2026-07-22 00:00:00+00:00
[2026-07-22T01:05:47.994+0000] {logging_mixin.py:190} INFO - [2026-07-22T01:05:47.994+0000] {dag.py:4180} INFO - Setting next_dagrun for dataset_with_extra_from_classic_operator to 2026-07-21 00:00:00+00:00, run_after=2026-07-22 00:00:00+00:00
[2026-07-22T01:05:48.020+0000] {processor.py:208} INFO - Processing /home/airflow/.local/lib/python3.12/site-packages/airflow/example_dags/example_outlet_event_extra.py took 0.756 seconds
[2026-07-22T01:06:18.646+0000] {processor.py:186} INFO - Started process (PID=7389) to work on /home/airflow/.local/lib/python3.12/site-packages/airflow/example_dags/example_outlet_event_extra.py
[2026-07-22T01:06:18.648+0000] {processor.py:914} INFO - Processing file /home/airflow/.local/lib/python3.12/site-packages/airflow/example_dags/example_outlet_event_extra.py for tasks to queue
[2026-07-22T01:06:18.651+0000] {logging_mixin.py:190} INFO - [2026-07-22T01:06:18.651+0000] {dagbag.py:588} INFO - Filling up the DagBag from /home/airflow/.local/lib/python3.12/site-packages/airflow/example_dags/example_outlet_event_extra.py
[2026-07-22T01:06:19.317+0000] {processor.py:925} INFO - DAG(s) 'dataset_with_extra_by_yield', 'dataset_with_extra_from_classic_operator', 'dataset_with_extra_by_context' retrieved from /home/airflow/.local/lib/python3.12/site-packages/airflow/example_dags/example_outlet_event_extra.py
[2026-07-22T01:06:19.350+0000] {logging_mixin.py:190} INFO - [2026-07-22T01:06:19.350+0000] {dag.py:3239} INFO - Sync 3 DAGs
[2026-07-22T01:06:19.381+0000] {logging_mixin.py:190} INFO - [2026-07-22T01:06:19.381+0000] {dag.py:4180} INFO - Setting next_dagrun for dataset_with_extra_by_context to 2026-07-21 00:00:00+00:00, run_after=2026-07-22 00:00:00+00:00
[2026-07-22T01:06:19.391+0000] {logging_mixin.py:190} INFO - [2026-07-22T01:06:19.390+0000] {dag.py:4180} INFO - Setting next_dagrun for dataset_with_extra_by_yield to 2026-07-21 00:00:00+00:00, run_after=2026-07-22 00:00:00+00:00
[2026-07-22T01:06:19.396+0000] {logging_mixin.py:190} INFO - [2026-07-22T01:06:19.395+0000] {dag.py:4180} INFO - Setting next_dagrun for dataset_with_extra_from_classic_operator to 2026-07-21 00:00:00+00:00, run_after=2026-07-22 00:00:00+00:00
[2026-07-22T01:06:19.430+0000] {processor.py:208} INFO - Processing /home/airflow/.local/lib/python3.12/site-packages/airflow/example_dags/example_outlet_event_extra.py took 0.791 seconds
[2026-07-22T01:06:50.033+0000] {processor.py:186} INFO - Started process (PID=7453) to work on /home/airflow/.local/lib/python3.12/site-packages/airflow/example_dags/example_outlet_event_extra.py
[2026-07-22T01:06:50.035+0000] {processor.py:914} INFO - Processing file /home/airflow/.local/lib/python3.12/site-packages/airflow/example_dags/example_outlet_event_extra.py for tasks to queue
[2026-07-22T01:06:50.039+0000] {logging_mixin.py:190} INFO - [2026-07-22T01:06:50.039+0000] {dagbag.py:588} INFO - Filling up the DagBag from /home/airflow/.local/lib/python3.12/site-packages/airflow/example_dags/example_outlet_event_extra.py
[2026-07-22T01:06:50.723+0000] {processor.py:925} INFO - DAG(s) 'dataset_with_extra_by_context', 'dataset_with_extra_from_classic_operator', 'dataset_with_extra_by_yield' retrieved from /home/airflow/.local/lib/python3.12/site-packages/airflow/example_dags/example_outlet_event_extra.py
[2026-07-22T01:06:50.750+0000] {logging_mixin.py:190} INFO - [2026-07-22T01:06:50.750+0000] {dag.py:3239} INFO - Sync 3 DAGs
[2026-07-22T01:06:50.775+0000] {logging_mixin.py:190} INFO - [2026-07-22T01:06:50.775+0000] {dag.py:4180} INFO - Setting next_dagrun for dataset_with_extra_by_context to 2026-07-21 00:00:00+00:00, run_after=2026-07-22 00:00:00+00:00
[2026-07-22T01:06:50.781+0000] {logging_mixin.py:190} INFO - [2026-07-22T01:06:50.781+0000] {dag.py:4180} INFO - Setting next_dagrun for dataset_with_extra_by_yield to 2026-07-21 00:00:00+00:00, run_after=2026-07-22 00:00:00+00:00
[2026-07-22T01:06:50.785+0000] {logging_mixin.py:190} INFO - [2026-07-22T01:06:50.785+0000] {dag.py:4180} INFO - Setting next_dagrun for dataset_with_extra_from_classic_operator to 2026-07-21 00:00:00+00:00, run_after=2026-07-22 00:00:00+00:00
[2026-07-22T01:06:50.808+0000] {processor.py:208} INFO - Processing /home/airflow/.local/lib/python3.12/site-packages/airflow/example_dags/example_outlet_event_extra.py took 0.785 seconds
[2026-07-22T01:07:21.812+0000] {processor.py:186} INFO - Started process (PID=7519) to work on /home/airflow/.local/lib/python3.12/site-packages/airflow/example_dags/example_outlet_event_extra.py
[2026-07-22T01:07:21.814+0000] {processor.py:914} INFO - Processing file /home/airflow/.local/lib/python3.12/site-packages/airflow/example_dags/example_outlet_event_extra.py for tasks to queue
[2026-07-22T01:07:21.817+0000] {logging_mixin.py:190} INFO - [2026-07-22T01:07:21.817+0000] {dagbag.py:588} INFO - Filling up the DagBag from /home/airflow/.local/lib/python3.12/site-packages/airflow/example_dags/example_outlet_event_extra.py
[2026-07-22T01:07:22.523+0000] {processor.py:925} INFO - DAG(s) 'dataset_with_extra_by_yield', 'dataset_with_extra_by_context', 'dataset_with_extra_from_classic_operator' retrieved from /home/airflow/.local/lib/python3.12/site-packages/airflow/example_dags/example_outlet_event_extra.py
[2026-07-22T01:07:22.562+0000] {logging_mixin.py:190} INFO - [2026-07-22T01:07:22.562+0000] {dag.py:3239} INFO - Sync 3 DAGs
[2026-07-22T01:07:22.596+0000] {logging_mixin.py:190} INFO - [2026-07-22T01:07:22.596+0000] {dag.py:4180} INFO - Setting next_dagrun for dataset_with_extra_by_context to 2026-07-21 00:00:00+00:00, run_after=2026-07-22 00:00:00+00:00
[2026-07-22T01:07:22.602+0000] {logging_mixin.py:190} INFO - [2026-07-22T01:07:22.602+0000] {dag.py:4180} INFO - Setting next_dagrun for dataset_with_extra_by_yield to 2026-07-21 00:00:00+00:00, run_after=2026-07-22 00:00:00+00:00
[2026-07-22T01:07:22.606+0000] {logging_mixin.py:190} INFO - [2026-07-22T01:07:22.606+0000] {dag.py:4180} INFO - Setting next_dagrun for dataset_with_extra_from_classic_operator to 2026-07-21 00:00:00+00:00, run_after=2026-07-22 00:00:00+00:00
[2026-07-22T01:07:22.629+0000] {processor.py:208} INFO - Processing /home/airflow/.local/lib/python3.12/site-packages/airflow/example_dags/example_outlet_event_extra.py took 0.823 seconds
[2026-07-22T01:07:53.019+0000] {processor.py:186} INFO - Started process (PID=7584) to work on /home/airflow/.local/lib/python3.12/site-packages/airflow/example_dags/example_outlet_event_extra.py
[2026-07-22T01:07:53.020+0000] {processor.py:914} INFO - Processing file /home/airflow/.local/lib/python3.12/site-packages/airflow/example_dags/example_outlet_event_extra.py for tasks to queue
[2026-07-22T01:07:53.024+0000] {logging_mixin.py:190} INFO - [2026-07-22T01:07:53.024+0000] {dagbag.py:588} INFO - Filling up the DagBag from /home/airflow/.local/lib/python3.12/site-packages/airflow/example_dags/example_outlet_event_extra.py
[2026-07-22T01:07:53.647+0000] {processor.py:925} INFO - DAG(s) 'dataset_with_extra_by_context', 'dataset_with_extra_by_yield', 'dataset_with_extra_from_classic_operator' retrieved from /home/airflow/.local/lib/python3.12/site-packages/airflow/example_dags/example_outlet_event_extra.py
[2026-07-22T01:07:53.681+0000] {logging_mixin.py:190} INFO - [2026-07-22T01:07:53.681+0000] {dag.py:3239} INFO - Sync 3 DAGs
[2026-07-22T01:07:53.709+0000] {logging_mixin.py:190} INFO - [2026-07-22T01:07:53.709+0000] {dag.py:4180} INFO - Setting next_dagrun for dataset_with_extra_by_context to 2026-07-21 00:00:00+00:00, run_after=2026-07-22 00:00:00+00:00
[2026-07-22T01:07:53.716+0000] {logging_mixin.py:190} INFO - [2026-07-22T01:07:53.716+0000] {dag.py:4180} INFO - Setting next_dagrun for dataset_with_extra_by_yield to 2026-07-21 00:00:00+00:00, run_after=2026-07-22 00:00:00+00:00
[2026-07-22T01:07:53.721+0000] {logging_mixin.py:190} INFO - [2026-07-22T01:07:53.721+0000] {dag.py:4180} INFO - Setting next_dagrun for dataset_with_extra_from_classic_operator to 2026-07-21 00:00:00+00:00, run_after=2026-07-22 00:00:00+00:00
[2026-07-22T01:07:53.751+0000] {processor.py:208} INFO - Processing /home/airflow/.local/lib/python3.12/site-packages/airflow/example_dags/example_outlet_event_extra.py took 0.740 seconds
[2026-07-22T01:08:24.233+0000] {processor.py:186} INFO - Started process (PID=7654) to work on /home/airflow/.local/lib/python3.12/site-packages/airflow/example_dags/example_outlet_event_extra.py
[2026-07-22T01:08:24.234+0000] {processor.py:914} INFO - Processing file /home/airflow/.local/lib/python3.12/site-packages/airflow/example_dags/example_outlet_event_extra.py for tasks to queue
[2026-07-22T01:08:24.237+0000] {logging_mixin.py:190} INFO - [2026-07-22T01:08:24.236+0000] {dagbag.py:588} INFO - Filling up the DagBag from /home/airflow/.local/lib/python3.12/site-packages/airflow/example_dags/example_outlet_event_extra.py
[2026-07-22T01:08:24.850+0000] {processor.py:925} INFO - DAG(s) 'dataset_with_extra_by_yield', 'dataset_with_extra_by_context', 'dataset_with_extra_from_classic_operator' retrieved from /home/airflow/.local/lib/python3.12/site-packages/airflow/example_dags/example_outlet_event_extra.py
[2026-07-22T01:08:24.881+0000] {logging_mixin.py:190} INFO - [2026-07-22T01:08:24.881+0000] {dag.py:3239} INFO - Sync 3 DAGs
[2026-07-22T01:08:24.907+0000] {logging_mixin.py:190} INFO - [2026-07-22T01:08:24.907+0000] {dag.py:4180} INFO - Setting next_dagrun for dataset_with_extra_by_context to 2026-07-21 00:00:00+00:00, run_after=2026-07-22 00:00:00+00:00
[2026-07-22T01:08:24.913+0000] {logging_mixin.py:190} INFO - [2026-07-22T01:08:24.913+0000] {dag.py:4180} INFO - Setting next_dagrun for dataset_with_extra_by_yield to 2026-07-21 00:00:00+00:00, run_after=2026-07-22 00:00:00+00:00
[2026-07-22T01:08:24.917+0000] {logging_mixin.py:190} INFO - [2026-07-22T01:08:24.916+0000] {dag.py:4180} INFO - Setting next_dagrun for dataset_with_extra_from_classic_operator to 2026-07-21 00:00:00+00:00, run_after=2026-07-22 00:00:00+00:00
[2026-07-22T01:08:24.939+0000] {processor.py:208} INFO - Processing /home/airflow/.local/lib/python3.12/site-packages/airflow/example_dags/example_outlet_event_extra.py took 0.714 seconds
[2026-07-22T01:08:55.888+0000] {processor.py:186} INFO - Started process (PID=7724) to work on /home/airflow/.local/lib/python3.12/site-packages/airflow/example_dags/example_outlet_event_extra.py
[2026-07-22T01:08:55.889+0000] {processor.py:914} INFO - Processing file /home/airflow/.local/lib/python3.12/site-packages/airflow/example_dags/example_outlet_event_extra.py for tasks to queue
[2026-07-22T01:08:55.892+0000] {logging_mixin.py:190} INFO - [2026-07-22T01:08:55.892+0000] {dagbag.py:588} INFO - Filling up the DagBag from /home/airflow/.local/lib/python3.12/site-packages/airflow/example_dags/example_outlet_event_extra.py
[2026-07-22T01:08:56.624+0000] {processor.py:925} INFO - DAG(s) 'dataset_with_extra_by_yield', 'dataset_with_extra_by_context', 'dataset_with_extra_from_classic_operator' retrieved from /home/airflow/.local/lib/python3.12/site-packages/airflow/example_dags/example_outlet_event_extra.py
[2026-07-22T01:08:56.671+0000] {logging_mixin.py:190} INFO - [2026-07-22T01:08:56.671+0000] {dag.py:3239} INFO - Sync 3 DAGs
[2026-07-22T01:08:56.712+0000] {logging_mixin.py:190} INFO - [2026-07-22T01:08:56.712+0000] {dag.py:4180} INFO - Setting next_dagrun for dataset_with_extra_by_context to 2026-07-21 00:00:00+00:00, run_after=2026-07-22 00:00:00+00:00
[2026-07-22T01:08:56.720+0000] {logging_mixin.py:190} INFO - [2026-07-22T01:08:56.719+0000] {dag.py:4180} INFO - Setting next_dagrun for dataset_with_extra_by_yield to 2026-07-21 00:00:00+00:00, run_after=2026-07-22 00:00:00+00:00
[2026-07-22T01:08:56.724+0000] {logging_mixin.py:190} INFO - [2026-07-22T01:08:56.724+0000] {dag.py:4180} INFO - Setting next_dagrun for dataset_with_extra_from_classic_operator to 2026-07-21 00:00:00+00:00, run_after=2026-07-22 00:00:00+00:00
[2026-07-22T01:08:56.749+0000] {processor.py:208} INFO - Processing /home/airflow/.local/lib/python3.12/site-packages/airflow/example_dags/example_outlet_event_extra.py took 0.868 seconds
[2026-07-22T01:09:27.877+0000] {processor.py:186} INFO - Started process (PID=7792) to work on /home/airflow/.local/lib/python3.12/site-packages/airflow/example_dags/example_outlet_event_extra.py
[2026-07-22T01:09:27.879+0000] {processor.py:914} INFO - Processing file /home/airflow/.local/lib/python3.12/site-packages/airflow/example_dags/example_outlet_event_extra.py for tasks to queue
[2026-07-22T01:09:27.883+0000] {logging_mixin.py:190} INFO - [2026-07-22T01:09:27.882+0000] {dagbag.py:588} INFO - Filling up the DagBag from /home/airflow/.local/lib/python3.12/site-packages/airflow/example_dags/example_outlet_event_extra.py
[2026-07-22T01:09:28.689+0000] {processor.py:925} INFO - DAG(s) 'dataset_with_extra_by_yield', 'dataset_with_extra_from_classic_operator', 'dataset_with_extra_by_context' retrieved from /home/airflow/.local/lib/python3.12/site-packages/airflow/example_dags/example_outlet_event_extra.py
[2026-07-22T01:09:28.721+0000] {logging_mixin.py:190} INFO - [2026-07-22T01:09:28.720+0000] {dag.py:3239} INFO - Sync 3 DAGs
[2026-07-22T01:09:28.753+0000] {logging_mixin.py:190} INFO - [2026-07-22T01:09:28.753+0000] {dag.py:4180} INFO - Setting next_dagrun for dataset_with_extra_by_context to 2026-07-21 00:00:00+00:00, run_after=2026-07-22 00:00:00+00:00
[2026-07-22T01:09:28.762+0000] {logging_mixin.py:190} INFO - [2026-07-22T01:09:28.761+0000] {dag.py:4180} INFO - Setting next_dagrun for dataset_with_extra_by_yield to 2026-07-21 00:00:00+00:00, run_after=2026-07-22 00:00:00+00:00
[2026-07-22T01:09:28.767+0000] {logging_mixin.py:190} INFO - [2026-07-22T01:09:28.766+0000] {dag.py:4180} INFO - Setting next_dagrun for dataset_with_extra_from_classic_operator to 2026-07-21 00:00:00+00:00, run_after=2026-07-22 00:00:00+00:00
[2026-07-22T01:09:28.796+0000] {processor.py:208} INFO - Processing /home/airflow/.local/lib/python3.12/site-packages/airflow/example_dags/example_outlet_event_extra.py took 0.929 seconds
[2026-07-22T01:09:59.190+0000] {processor.py:186} INFO - Started process (PID=7858) to work on /home/airflow/.local/lib/python3.12/site-packages/airflow/example_dags/example_outlet_event_extra.py
[2026-07-22T01:09:59.191+0000] {processor.py:914} INFO - Processing file /home/airflow/.local/lib/python3.12/site-packages/airflow/example_dags/example_outlet_event_extra.py for tasks to queue
[2026-07-22T01:09:59.194+0000] {logging_mixin.py:190} INFO - [2026-07-22T01:09:59.193+0000] {dagbag.py:588} INFO - Filling up the DagBag from /home/airflow/.local/lib/python3.12/site-packages/airflow/example_dags/example_outlet_event_extra.py
[2026-07-22T01:09:59.749+0000] {processor.py:925} INFO - DAG(s) 'dataset_with_extra_by_context', 'dataset_with_extra_by_yield', 'dataset_with_extra_from_classic_operator' retrieved from /home/airflow/.local/lib/python3.12/site-packages/airflow/example_dags/example_outlet_event_extra.py
[2026-07-22T01:09:59.775+0000] {logging_mixin.py:190} INFO - [2026-07-22T01:09:59.774+0000] {dag.py:3239} INFO - Sync 3 DAGs
[2026-07-22T01:09:59.810+0000] {logging_mixin.py:190} INFO - [2026-07-22T01:09:59.810+0000] {dag.py:4180} INFO - Setting next_dagrun for dataset_with_extra_by_context to 2026-07-21 00:00:00+00:00, run_after=2026-07-22 00:00:00+00:00
[2026-07-22T01:09:59.816+0000] {logging_mixin.py:190} INFO - [2026-07-22T01:09:59.816+0000] {dag.py:4180} INFO - Setting next_dagrun for dataset_with_extra_by_yield to 2026-07-21 00:00:00+00:00, run_after=2026-07-22 00:00:00+00:00
[2026-07-22T01:09:59.820+0000] {logging_mixin.py:190} INFO - [2026-07-22T01:09:59.819+0000] {dag.py:4180} INFO - Setting next_dagrun for dataset_with_extra_from_classic_operator to 2026-07-21 00:00:00+00:00, run_after=2026-07-22 00:00:00+00:00
[2026-07-22T01:09:59.846+0000] {processor.py:208} INFO - Processing /home/airflow/.local/lib/python3.12/site-packages/airflow/example_dags/example_outlet_event_extra.py took 0.662 seconds
[2026-07-22T01:10:30.389+0000] {processor.py:186} INFO - Started process (PID=7922) to work on /home/airflow/.local/lib/python3.12/site-packages/airflow/example_dags/example_outlet_event_extra.py
[2026-07-22T01:10:30.390+0000] {processor.py:914} INFO - Processing file /home/airflow/.local/lib/python3.12/site-packages/airflow/example_dags/example_outlet_event_extra.py for tasks to queue
[2026-07-22T01:10:30.394+0000] {logging_mixin.py:190} INFO - [2026-07-22T01:10:30.393+0000] {dagbag.py:588} INFO - Filling up the DagBag from /home/airflow/.local/lib/python3.12/site-packages/airflow/example_dags/example_outlet_event_extra.py
[2026-07-22T01:10:30.972+0000] {processor.py:925} INFO - DAG(s) 'dataset_with_extra_by_context', 'dataset_with_extra_by_yield', 'dataset_with_extra_from_classic_operator' retrieved from /home/airflow/.local/lib/python3.12/site-packages/airflow/example_dags/example_outlet_event_extra.py
[2026-07-22T01:10:30.999+0000] {logging_mixin.py:190} INFO - [2026-07-22T01:10:30.999+0000] {dag.py:3239} INFO - Sync 3 DAGs
[2026-07-22T01:10:31.025+0000] {logging_mixin.py:190} INFO - [2026-07-22T01:10:31.025+0000] {dag.py:4180} INFO - Setting next_dagrun for dataset_with_extra_by_context to 2026-07-21 00:00:00+00:00, run_after=2026-07-22 00:00:00+00:00
[2026-07-22T01:10:31.032+0000] {logging_mixin.py:190} INFO - [2026-07-22T01:10:31.032+0000] {dag.py:4180} INFO - Setting next_dagrun for dataset_with_extra_by_yield to 2026-07-21 00:00:00+00:00, run_after=2026-07-22 00:00:00+00:00
[2026-07-22T01:10:31.036+0000] {logging_mixin.py:190} INFO - [2026-07-22T01:10:31.036+0000] {dag.py:4180} INFO - Setting next_dagrun for dataset_with_extra_from_classic_operator to 2026-07-21 00:00:00+00:00, run_after=2026-07-22 00:00:00+00:00
[2026-07-22T01:10:31.058+0000] {processor.py:208} INFO - Processing /home/airflow/.local/lib/python3.12/site-packages/airflow/example_dags/example_outlet_event_extra.py took 0.676 seconds
[2026-07-22T01:11:01.124+0000] {processor.py:186} INFO - Started process (PID=7986) to work on /home/airflow/.local/lib/python3.12/site-packages/airflow/example_dags/example_outlet_event_extra.py
[2026-07-22T01:11:01.126+0000] {processor.py:914} INFO - Processing file /home/airflow/.local/lib/python3.12/site-packages/airflow/example_dags/example_outlet_event_extra.py for tasks to queue
[2026-07-22T01:11:01.130+0000] {logging_mixin.py:190} INFO - [2026-07-22T01:11:01.130+0000] {dagbag.py:588} INFO - Filling up the DagBag from /home/airflow/.local/lib/python3.12/site-packages/airflow/example_dags/example_outlet_event_extra.py
[2026-07-22T01:11:01.765+0000] {processor.py:925} INFO - DAG(s) 'dataset_with_extra_by_context', 'dataset_with_extra_by_yield', 'dataset_with_extra_from_classic_operator' retrieved from /home/airflow/.local/lib/python3.12/site-packages/airflow/example_dags/example_outlet_event_extra.py
[2026-07-22T01:11:01.794+0000] {logging_mixin.py:190} INFO - [2026-07-22T01:11:01.793+0000] {dag.py:3239} INFO - Sync 3 DAGs
[2026-07-22T01:11:01.818+0000] {logging_mixin.py:190} INFO - [2026-07-22T01:11:01.818+0000] {dag.py:4180} INFO - Setting next_dagrun for dataset_with_extra_by_context to 2026-07-21 00:00:00+00:00, run_after=2026-07-22 00:00:00+00:00
[2026-07-22T01:11:01.824+0000] {logging_mixin.py:190} INFO - [2026-07-22T01:11:01.824+0000] {dag.py:4180} INFO - Setting next_dagrun for dataset_with_extra_by_yield to 2026-07-21 00:00:00+00:00, run_after=2026-07-22 00:00:00+00:00
[2026-07-22T01:11:01.829+0000] {logging_mixin.py:190} INFO - [2026-07-22T01:11:01.829+0000] {dag.py:4180} INFO - Setting next_dagrun for dataset_with_extra_from_classic_operator to 2026-07-21 00:00:00+00:00, run_after=2026-07-22 00:00:00+00:00
[2026-07-22T01:11:01.858+0000] {processor.py:208} INFO - Processing /home/airflow/.local/lib/python3.12/site-packages/airflow/example_dags/example_outlet_event_extra.py took 0.744 seconds
[2026-07-22T01:11:32.619+0000] {processor.py:186} INFO - Started process (PID=8053) to work on /home/airflow/.local/lib/python3.12/site-packages/airflow/example_dags/example_outlet_event_extra.py
[2026-07-22T01:11:32.620+0000] {processor.py:914} INFO - Processing file /home/airflow/.local/lib/python3.12/site-packages/airflow/example_dags/example_outlet_event_extra.py for tasks to queue
[2026-07-22T01:11:32.624+0000] {logging_mixin.py:190} INFO - [2026-07-22T01:11:32.624+0000] {dagbag.py:588} INFO - Filling up the DagBag from /home/airflow/.local/lib/python3.12/site-packages/airflow/example_dags/example_outlet_event_extra.py
[2026-07-22T01:11:33.339+0000] {processor.py:925} INFO - DAG(s) 'dataset_with_extra_by_context', 'dataset_with_extra_from_classic_operator', 'dataset_with_extra_by_yield' retrieved from /home/airflow/.local/lib/python3.12/site-packages/airflow/example_dags/example_outlet_event_extra.py
[2026-07-22T01:11:33.369+0000] {logging_mixin.py:190} INFO - [2026-07-22T01:11:33.369+0000] {dag.py:3239} INFO - Sync 3 DAGs
[2026-07-22T01:11:33.397+0000] {logging_mixin.py:190} INFO - [2026-07-22T01:11:33.396+0000] {dag.py:4180} INFO - Setting next_dagrun for dataset_with_extra_by_context to 2026-07-21 00:00:00+00:00, run_after=2026-07-22 00:00:00+00:00
[2026-07-22T01:11:33.403+0000] {logging_mixin.py:190} INFO - [2026-07-22T01:11:33.402+0000] {dag.py:4180} INFO - Setting next_dagrun for dataset_with_extra_by_yield to 2026-07-21 00:00:00+00:00, run_after=2026-07-22 00:00:00+00:00
[2026-07-22T01:11:33.407+0000] {logging_mixin.py:190} INFO - [2026-07-22T01:11:33.407+0000] {dag.py:4180} INFO - Setting next_dagrun for dataset_with_extra_from_classic_operator to 2026-07-21 00:00:00+00:00, run_after=2026-07-22 00:00:00+00:00
[2026-07-22T01:11:33.434+0000] {processor.py:208} INFO - Processing /home/airflow/.local/lib/python3.12/site-packages/airflow/example_dags/example_outlet_event_extra.py took 0.825 seconds
[2026-07-22T01:12:04.455+0000] {processor.py:186} INFO - Started process (PID=8119) to work on /home/airflow/.local/lib/python3.12/site-packages/airflow/example_dags/example_outlet_event_extra.py
[2026-07-22T01:12:04.457+0000] {processor.py:914} INFO - Processing file /home/airflow/.local/lib/python3.12/site-packages/airflow/example_dags/example_outlet_event_extra.py for tasks to queue
[2026-07-22T01:12:04.462+0000] {logging_mixin.py:190} INFO - [2026-07-22T01:12:04.461+0000] {dagbag.py:588} INFO - Filling up the DagBag from /home/airflow/.local/lib/python3.12/site-packages/airflow/example_dags/example_outlet_event_extra.py
[2026-07-22T01:12:05.121+0000] {processor.py:925} INFO - DAG(s) 'dataset_with_extra_from_classic_operator', 'dataset_with_extra_by_yield', 'dataset_with_extra_by_context' retrieved from /home/airflow/.local/lib/python3.12/site-packages/airflow/example_dags/example_outlet_event_extra.py
[2026-07-22T01:12:05.151+0000] {logging_mixin.py:190} INFO - [2026-07-22T01:12:05.151+0000] {dag.py:3239} INFO - Sync 3 DAGs
[2026-07-22T01:12:05.181+0000] {logging_mixin.py:190} INFO - [2026-07-22T01:12:05.180+0000] {dag.py:4180} INFO - Setting next_dagrun for dataset_with_extra_by_context to 2026-07-21 00:00:00+00:00, run_after=2026-07-22 00:00:00+00:00
[2026-07-22T01:12:05.188+0000] {logging_mixin.py:190} INFO - [2026-07-22T01:12:05.187+0000] {dag.py:4180} INFO - Setting next_dagrun for dataset_with_extra_by_yield to 2026-07-21 00:00:00+00:00, run_after=2026-07-22 00:00:00+00:00
[2026-07-22T01:12:05.193+0000] {logging_mixin.py:190} INFO - [2026-07-22T01:12:05.192+0000] {dag.py:4180} INFO - Setting next_dagrun for dataset_with_extra_from_classic_operator to 2026-07-21 00:00:00+00:00, run_after=2026-07-22 00:00:00+00:00
[2026-07-22T01:12:05.218+0000] {processor.py:208} INFO - Processing /home/airflow/.local/lib/python3.12/site-packages/airflow/example_dags/example_outlet_event_extra.py took 0.770 seconds
[2026-07-22T01:12:35.371+0000] {processor.py:186} INFO - Started process (PID=8183) to work on /home/airflow/.local/lib/python3.12/site-packages/airflow/example_dags/example_outlet_event_extra.py
[2026-07-22T01:12:35.372+0000] {processor.py:914} INFO - Processing file /home/airflow/.local/lib/python3.12/site-packages/airflow/example_dags/example_outlet_event_extra.py for tasks to queue
[2026-07-22T01:12:35.375+0000] {logging_mixin.py:190} INFO - [2026-07-22T01:12:35.375+0000] {dagbag.py:588} INFO - Filling up the DagBag from /home/airflow/.local/lib/python3.12/site-packages/airflow/example_dags/example_outlet_event_extra.py
[2026-07-22T01:12:35.982+0000] {processor.py:925} INFO - DAG(s) 'dataset_with_extra_by_yield', 'dataset_with_extra_by_context', 'dataset_with_extra_from_classic_operator' retrieved from /home/airflow/.local/lib/python3.12/site-packages/airflow/example_dags/example_outlet_event_extra.py
[2026-07-22T01:12:36.018+0000] {logging_mixin.py:190} INFO - [2026-07-22T01:12:36.017+0000] {dag.py:3239} INFO - Sync 3 DAGs
[2026-07-22T01:12:36.046+0000] {logging_mixin.py:190} INFO - [2026-07-22T01:12:36.046+0000] {dag.py:4180} INFO - Setting next_dagrun for dataset_with_extra_by_context to 2026-07-21 00:00:00+00:00, run_after=2026-07-22 00:00:00+00:00
[2026-07-22T01:12:36.052+0000] {logging_mixin.py:190} INFO - [2026-07-22T01:12:36.052+0000] {dag.py:4180} INFO - Setting next_dagrun for dataset_with_extra_by_yield to 2026-07-21 00:00:00+00:00, run_after=2026-07-22 00:00:00+00:00
[2026-07-22T01:12:36.056+0000] {logging_mixin.py:190} INFO - [2026-07-22T01:12:36.056+0000] {dag.py:4180} INFO - Setting next_dagrun for dataset_with_extra_from_classic_operator to 2026-07-21 00:00:00+00:00, run_after=2026-07-22 00:00:00+00:00
[2026-07-22T01:12:36.082+0000] {processor.py:208} INFO - Processing /home/airflow/.local/lib/python3.12/site-packages/airflow/example_dags/example_outlet_event_extra.py took 0.717 seconds
[2026-07-22T01:13:06.910+0000] {processor.py:186} INFO - Started process (PID=8253) to work on /home/airflow/.local/lib/python3.12/site-packages/airflow/example_dags/example_outlet_event_extra.py
[2026-07-22T01:13:06.911+0000] {processor.py:914} INFO - Processing file /home/airflow/.local/lib/python3.12/site-packages/airflow/example_dags/example_outlet_event_extra.py for tasks to queue
[2026-07-22T01:13:06.915+0000] {logging_mixin.py:190} INFO - [2026-07-22T01:13:06.915+0000] {dagbag.py:588} INFO - Filling up the DagBag from /home/airflow/.local/lib/python3.12/site-packages/airflow/example_dags/example_outlet_event_extra.py
[2026-07-22T01:13:07.556+0000] {processor.py:925} INFO - DAG(s) 'dataset_with_extra_from_classic_operator', 'dataset_with_extra_by_context', 'dataset_with_extra_by_yield' retrieved from /home/airflow/.local/lib/python3.12/site-packages/airflow/example_dags/example_outlet_event_extra.py
[2026-07-22T01:13:07.579+0000] {logging_mixin.py:190} INFO - [2026-07-22T01:13:07.579+0000] {dag.py:3239} INFO - Sync 3 DAGs
[2026-07-22T01:13:07.603+0000] {logging_mixin.py:190} INFO - [2026-07-22T01:13:07.603+0000] {dag.py:4180} INFO - Setting next_dagrun for dataset_with_extra_by_context to 2026-07-21 00:00:00+00:00, run_after=2026-07-22 00:00:00+00:00
[2026-07-22T01:13:07.609+0000] {logging_mixin.py:190} INFO - [2026-07-22T01:13:07.609+0000] {dag.py:4180} INFO - Setting next_dagrun for dataset_with_extra_by_yield to 2026-07-21 00:00:00+00:00, run_after=2026-07-22 00:00:00+00:00
[2026-07-22T01:13:07.613+0000] {logging_mixin.py:190} INFO - [2026-07-22T01:13:07.613+0000] {dag.py:4180} INFO - Setting next_dagrun for dataset_with_extra_from_classic_operator to 2026-07-21 00:00:00+00:00, run_after=2026-07-22 00:00:00+00:00
[2026-07-22T01:13:07.637+0000] {processor.py:208} INFO - Processing /home/airflow/.local/lib/python3.12/site-packages/airflow/example_dags/example_outlet_event_extra.py took 0.732 seconds
[2026-07-22T01:13:38.570+0000] {processor.py:186} INFO - Started process (PID=8318) to work on /home/airflow/.local/lib/python3.12/site-packages/airflow/example_dags/example_outlet_event_extra.py
[2026-07-22T01:13:38.571+0000] {processor.py:914} INFO - Processing file /home/airflow/.local/lib/python3.12/site-packages/airflow/example_dags/example_outlet_event_extra.py for tasks to queue
[2026-07-22T01:13:38.574+0000] {logging_mixin.py:190} INFO - [2026-07-22T01:13:38.573+0000] {dagbag.py:588} INFO - Filling up the DagBag from /home/airflow/.local/lib/python3.12/site-packages/airflow/example_dags/example_outlet_event_extra.py
[2026-07-22T01:13:39.184+0000] {processor.py:925} INFO - DAG(s) 'dataset_with_extra_from_classic_operator', 'dataset_with_extra_by_yield', 'dataset_with_extra_by_context' retrieved from /home/airflow/.local/lib/python3.12/site-packages/airflow/example_dags/example_outlet_event_extra.py
[2026-07-22T01:13:39.207+0000] {logging_mixin.py:190} INFO - [2026-07-22T01:13:39.206+0000] {dag.py:3239} INFO - Sync 3 DAGs
[2026-07-22T01:13:39.232+0000] {logging_mixin.py:190} INFO - [2026-07-22T01:13:39.231+0000] {dag.py:4180} INFO - Setting next_dagrun for dataset_with_extra_by_context to 2026-07-21 00:00:00+00:00, run_after=2026-07-22 00:00:00+00:00
[2026-07-22T01:13:39.237+0000] {logging_mixin.py:190} INFO - [2026-07-22T01:13:39.237+0000] {dag.py:4180} INFO - Setting next_dagrun for dataset_with_extra_by_yield to 2026-07-21 00:00:00+00:00, run_after=2026-07-22 00:00:00+00:00
[2026-07-22T01:13:39.241+0000] {logging_mixin.py:190} INFO - [2026-07-22T01:13:39.241+0000] {dag.py:4180} INFO - Setting next_dagrun for dataset_with_extra_from_classic_operator to 2026-07-21 00:00:00+00:00, run_after=2026-07-22 00:00:00+00:00
[2026-07-22T01:13:39.264+0000] {processor.py:208} INFO - Processing /home/airflow/.local/lib/python3.12/site-packages/airflow/example_dags/example_outlet_event_extra.py took 0.700 seconds
[2026-07-22T01:14:35.021+0000] {processor.py:186} INFO - Started process (PID=78) to work on /home/airflow/.local/lib/python3.12/site-packages/airflow/example_dags/example_outlet_event_extra.py
[2026-07-22T01:14:35.023+0000] {processor.py:914} INFO - Processing file /home/airflow/.local/lib/python3.12/site-packages/airflow/example_dags/example_outlet_event_extra.py for tasks to queue
[2026-07-22T01:14:35.026+0000] {logging_mixin.py:190} INFO - [2026-07-22T01:14:35.025+0000] {dagbag.py:588} INFO - Filling up the DagBag from /home/airflow/.local/lib/python3.12/site-packages/airflow/example_dags/example_outlet_event_extra.py
[2026-07-22T01:14:37.288+0000] {processor.py:925} INFO - DAG(s) 'dataset_with_extra_by_yield', 'dataset_with_extra_by_context', 'dataset_with_extra_from_classic_operator' retrieved from /home/airflow/.local/lib/python3.12/site-packages/airflow/example_dags/example_outlet_event_extra.py
[2026-07-22T01:14:37.351+0000] {logging_mixin.py:190} INFO - [2026-07-22T01:14:37.351+0000] {dag.py:3239} INFO - Sync 3 DAGs
[2026-07-22T01:14:37.403+0000] {logging_mixin.py:190} INFO - [2026-07-22T01:14:37.403+0000] {dag.py:4180} INFO - Setting next_dagrun for dataset_with_extra_by_context to 2026-07-21 00:00:00+00:00, run_after=2026-07-22 00:00:00+00:00
[2026-07-22T01:14:37.411+0000] {logging_mixin.py:190} INFO - [2026-07-22T01:14:37.411+0000] {dag.py:4180} INFO - Setting next_dagrun for dataset_with_extra_by_yield to 2026-07-21 00:00:00+00:00, run_after=2026-07-22 00:00:00+00:00
[2026-07-22T01:14:37.419+0000] {logging_mixin.py:190} INFO - [2026-07-22T01:14:37.419+0000] {dag.py:4180} INFO - Setting next_dagrun for dataset_with_extra_from_classic_operator to 2026-07-21 00:00:00+00:00, run_after=2026-07-22 00:00:00+00:00
[2026-07-22T01:14:37.485+0000] {processor.py:208} INFO - Processing /home/airflow/.local/lib/python3.12/site-packages/airflow/example_dags/example_outlet_event_extra.py took 2.472 seconds
[2026-07-22T01:15:07.670+0000] {processor.py:186} INFO - Started process (PID=153) to work on /home/airflow/.local/lib/python3.12/site-packages/airflow/example_dags/example_outlet_event_extra.py
[2026-07-22T01:15:07.672+0000] {processor.py:914} INFO - Processing file /home/airflow/.local/lib/python3.12/site-packages/airflow/example_dags/example_outlet_event_extra.py for tasks to queue
[2026-07-22T01:15:07.676+0000] {logging_mixin.py:190} INFO - [2026-07-22T01:15:07.675+0000] {dagbag.py:588} INFO - Filling up the DagBag from /home/airflow/.local/lib/python3.12/site-packages/airflow/example_dags/example_outlet_event_extra.py
[2026-07-22T01:15:08.336+0000] {processor.py:925} INFO - DAG(s) 'dataset_with_extra_by_yield', 'dataset_with_extra_by_context', 'dataset_with_extra_from_classic_operator' retrieved from /home/airflow/.local/lib/python3.12/site-packages/airflow/example_dags/example_outlet_event_extra.py
[2026-07-22T01:15:08.369+0000] {logging_mixin.py:190} INFO - [2026-07-22T01:15:08.369+0000] {dag.py:3239} INFO - Sync 3 DAGs
[2026-07-22T01:15:08.398+0000] {logging_mixin.py:190} INFO - [2026-07-22T01:15:08.397+0000] {dag.py:4180} INFO - Setting next_dagrun for dataset_with_extra_by_context to 2026-07-21 00:00:00+00:00, run_after=2026-07-22 00:00:00+00:00
[2026-07-22T01:15:08.406+0000] {logging_mixin.py:190} INFO - [2026-07-22T01:15:08.406+0000] {dag.py:4180} INFO - Setting next_dagrun for dataset_with_extra_by_yield to 2026-07-21 00:00:00+00:00, run_after=2026-07-22 00:00:00+00:00
[2026-07-22T01:15:08.409+0000] {logging_mixin.py:190} INFO - [2026-07-22T01:15:08.409+0000] {dag.py:4180} INFO - Setting next_dagrun for dataset_with_extra_from_classic_operator to 2026-07-21 00:00:00+00:00, run_after=2026-07-22 00:00:00+00:00
[2026-07-22T01:15:08.436+0000] {processor.py:208} INFO - Processing /home/airflow/.local/lib/python3.12/site-packages/airflow/example_dags/example_outlet_event_extra.py took 0.771 seconds
[2026-07-22T01:15:39.352+0000] {processor.py:186} INFO - Started process (PID=217) to work on /home/airflow/.local/lib/python3.12/site-packages/airflow/example_dags/example_outlet_event_extra.py
[2026-07-22T01:15:39.354+0000] {processor.py:914} INFO - Processing file /home/airflow/.local/lib/python3.12/site-packages/airflow/example_dags/example_outlet_event_extra.py for tasks to queue
[2026-07-22T01:15:39.357+0000] {logging_mixin.py:190} INFO - [2026-07-22T01:15:39.357+0000] {dagbag.py:588} INFO - Filling up the DagBag from /home/airflow/.local/lib/python3.12/site-packages/airflow/example_dags/example_outlet_event_extra.py
[2026-07-22T01:15:40.132+0000] {processor.py:925} INFO - DAG(s) 'dataset_with_extra_from_classic_operator', 'dataset_with_extra_by_context', 'dataset_with_extra_by_yield' retrieved from /home/airflow/.local/lib/python3.12/site-packages/airflow/example_dags/example_outlet_event_extra.py
[2026-07-22T01:15:40.163+0000] {logging_mixin.py:190} INFO - [2026-07-22T01:15:40.163+0000] {dag.py:3239} INFO - Sync 3 DAGs
[2026-07-22T01:15:40.195+0000] {logging_mixin.py:190} INFO - [2026-07-22T01:15:40.195+0000] {dag.py:4180} INFO - Setting next_dagrun for dataset_with_extra_by_context to 2026-07-21 00:00:00+00:00, run_after=2026-07-22 00:00:00+00:00
[2026-07-22T01:15:40.205+0000] {logging_mixin.py:190} INFO - [2026-07-22T01:15:40.205+0000] {dag.py:4180} INFO - Setting next_dagrun for dataset_with_extra_by_yield to 2026-07-21 00:00:00+00:00, run_after=2026-07-22 00:00:00+00:00
[2026-07-22T01:15:40.210+0000] {logging_mixin.py:190} INFO - [2026-07-22T01:15:40.210+0000] {dag.py:4180} INFO - Setting next_dagrun for dataset_with_extra_from_classic_operator to 2026-07-21 00:00:00+00:00, run_after=2026-07-22 00:00:00+00:00
[2026-07-22T01:15:40.241+0000] {processor.py:208} INFO - Processing /home/airflow/.local/lib/python3.12/site-packages/airflow/example_dags/example_outlet_event_extra.py took 0.896 seconds
[2026-07-22T01:16:10.687+0000] {processor.py:186} INFO - Started process (PID=281) to work on /home/airflow/.local/lib/python3.12/site-packages/airflow/example_dags/example_outlet_event_extra.py
[2026-07-22T01:16:10.688+0000] {processor.py:914} INFO - Processing file /home/airflow/.local/lib/python3.12/site-packages/airflow/example_dags/example_outlet_event_extra.py for tasks to queue
[2026-07-22T01:16:10.692+0000] {logging_mixin.py:190} INFO - [2026-07-22T01:16:10.691+0000] {dagbag.py:588} INFO - Filling up the DagBag from /home/airflow/.local/lib/python3.12/site-packages/airflow/example_dags/example_outlet_event_extra.py
[2026-07-22T01:16:11.322+0000] {processor.py:925} INFO - DAG(s) 'dataset_with_extra_by_yield', 'dataset_with_extra_from_classic_operator', 'dataset_with_extra_by_context' retrieved from /home/airflow/.local/lib/python3.12/site-packages/airflow/example_dags/example_outlet_event_extra.py
[2026-07-22T01:16:11.345+0000] {logging_mixin.py:190} INFO - [2026-07-22T01:16:11.345+0000] {dag.py:3239} INFO - Sync 3 DAGs
[2026-07-22T01:16:11.369+0000] {logging_mixin.py:190} INFO - [2026-07-22T01:16:11.369+0000] {dag.py:4180} INFO - Setting next_dagrun for dataset_with_extra_by_context to 2026-07-21 00:00:00+00:00, run_after=2026-07-22 00:00:00+00:00
[2026-07-22T01:16:11.377+0000] {logging_mixin.py:190} INFO - [2026-07-22T01:16:11.376+0000] {dag.py:4180} INFO - Setting next_dagrun for dataset_with_extra_by_yield to 2026-07-21 00:00:00+00:00, run_after=2026-07-22 00:00:00+00:00
[2026-07-22T01:16:11.380+0000] {logging_mixin.py:190} INFO - [2026-07-22T01:16:11.379+0000] {dag.py:4180} INFO - Setting next_dagrun for dataset_with_extra_from_classic_operator to 2026-07-21 00:00:00+00:00, run_after=2026-07-22 00:00:00+00:00
[2026-07-22T01:16:11.401+0000] {processor.py:208} INFO - Processing /home/airflow/.local/lib/python3.12/site-packages/airflow/example_dags/example_outlet_event_extra.py took 0.721 seconds
[2026-07-22T01:16:42.234+0000] {processor.py:186} INFO - Started process (PID=345) to work on /home/airflow/.local/lib/python3.12/site-packages/airflow/example_dags/example_outlet_event_extra.py
[2026-07-22T01:16:42.236+0000] {processor.py:914} INFO - Processing file /home/airflow/.local/lib/python3.12/site-packages/airflow/example_dags/example_outlet_event_extra.py for tasks to queue
[2026-07-22T01:16:42.239+0000] {logging_mixin.py:190} INFO - [2026-07-22T01:16:42.239+0000] {dagbag.py:588} INFO - Filling up the DagBag from /home/airflow/.local/lib/python3.12/site-packages/airflow/example_dags/example_outlet_event_extra.py
[2026-07-22T01:16:42.855+0000] {processor.py:925} INFO - DAG(s) 'dataset_with_extra_from_classic_operator', 'dataset_with_extra_by_yield', 'dataset_with_extra_by_context' retrieved from /home/airflow/.local/lib/python3.12/site-packages/airflow/example_dags/example_outlet_event_extra.py
[2026-07-22T01:16:42.882+0000] {logging_mixin.py:190} INFO - [2026-07-22T01:16:42.882+0000] {dag.py:3239} INFO - Sync 3 DAGs
[2026-07-22T01:16:42.911+0000] {logging_mixin.py:190} INFO - [2026-07-22T01:16:42.911+0000] {dag.py:4180} INFO - Setting next_dagrun for dataset_with_extra_by_context to 2026-07-21 00:00:00+00:00, run_after=2026-07-22 00:00:00+00:00
[2026-07-22T01:16:42.917+0000] {logging_mixin.py:190} INFO - [2026-07-22T01:16:42.917+0000] {dag.py:4180} INFO - Setting next_dagrun for dataset_with_extra_by_yield to 2026-07-21 00:00:00+00:00, run_after=2026-07-22 00:00:00+00:00
[2026-07-22T01:16:42.921+0000] {logging_mixin.py:190} INFO - [2026-07-22T01:16:42.920+0000] {dag.py:4180} INFO - Setting next_dagrun for dataset_with_extra_from_classic_operator to 2026-07-21 00:00:00+00:00, run_after=2026-07-22 00:00:00+00:00
[2026-07-22T01:16:42.946+0000] {processor.py:208} INFO - Processing /home/airflow/.local/lib/python3.12/site-packages/airflow/example_dags/example_outlet_event_extra.py took 0.717 seconds
[2026-07-22T01:17:13.778+0000] {processor.py:186} INFO - Started process (PID=409) to work on /home/airflow/.local/lib/python3.12/site-packages/airflow/example_dags/example_outlet_event_extra.py
[2026-07-22T01:17:13.779+0000] {processor.py:914} INFO - Processing file /home/airflow/.local/lib/python3.12/site-packages/airflow/example_dags/example_outlet_event_extra.py for tasks to queue
[2026-07-22T01:17:13.782+0000] {logging_mixin.py:190} INFO - [2026-07-22T01:17:13.782+0000] {dagbag.py:588} INFO - Filling up the DagBag from /home/airflow/.local/lib/python3.12/site-packages/airflow/example_dags/example_outlet_event_extra.py
[2026-07-22T01:17:14.504+0000] {processor.py:925} INFO - DAG(s) 'dataset_with_extra_from_classic_operator', 'dataset_with_extra_by_context', 'dataset_with_extra_by_yield' retrieved from /home/airflow/.local/lib/python3.12/site-packages/airflow/example_dags/example_outlet_event_extra.py
[2026-07-22T01:17:14.535+0000] {logging_mixin.py:190} INFO - [2026-07-22T01:17:14.535+0000] {dag.py:3239} INFO - Sync 3 DAGs
[2026-07-22T01:17:14.567+0000] {logging_mixin.py:190} INFO - [2026-07-22T01:17:14.567+0000] {dag.py:4180} INFO - Setting next_dagrun for dataset_with_extra_by_context to 2026-07-21 00:00:00+00:00, run_after=2026-07-22 00:00:00+00:00
[2026-07-22T01:17:14.574+0000] {logging_mixin.py:190} INFO - [2026-07-22T01:17:14.574+0000] {dag.py:4180} INFO - Setting next_dagrun for dataset_with_extra_by_yield to 2026-07-21 00:00:00+00:00, run_after=2026-07-22 00:00:00+00:00
[2026-07-22T01:17:14.578+0000] {logging_mixin.py:190} INFO - [2026-07-22T01:17:14.578+0000] {dag.py:4180} INFO - Setting next_dagrun for dataset_with_extra_from_classic_operator to 2026-07-21 00:00:00+00:00, run_after=2026-07-22 00:00:00+00:00
[2026-07-22T01:17:14.611+0000] {processor.py:208} INFO - Processing /home/airflow/.local/lib/python3.12/site-packages/airflow/example_dags/example_outlet_event_extra.py took 0.840 seconds
[2026-07-22T01:17:45.130+0000] {processor.py:186} INFO - Started process (PID=473) to work on /home/airflow/.local/lib/python3.12/site-packages/airflow/example_dags/example_outlet_event_extra.py
[2026-07-22T01:17:45.132+0000] {processor.py:914} INFO - Processing file /home/airflow/.local/lib/python3.12/site-packages/airflow/example_dags/example_outlet_event_extra.py for tasks to queue
[2026-07-22T01:17:45.136+0000] {logging_mixin.py:190} INFO - [2026-07-22T01:17:45.135+0000] {dagbag.py:588} INFO - Filling up the DagBag from /home/airflow/.local/lib/python3.12/site-packages/airflow/example_dags/example_outlet_event_extra.py
[2026-07-22T01:17:45.720+0000] {processor.py:925} INFO - DAG(s) 'dataset_with_extra_from_classic_operator', 'dataset_with_extra_by_context', 'dataset_with_extra_by_yield' retrieved from /home/airflow/.local/lib/python3.12/site-packages/airflow/example_dags/example_outlet_event_extra.py
[2026-07-22T01:17:45.743+0000] {logging_mixin.py:190} INFO - [2026-07-22T01:17:45.743+0000] {dag.py:3239} INFO - Sync 3 DAGs
[2026-07-22T01:17:45.774+0000] {logging_mixin.py:190} INFO - [2026-07-22T01:17:45.774+0000] {dag.py:4180} INFO - Setting next_dagrun for dataset_with_extra_by_context to 2026-07-21 00:00:00+00:00, run_after=2026-07-22 00:00:00+00:00
[2026-07-22T01:17:45.780+0000] {logging_mixin.py:190} INFO - [2026-07-22T01:17:45.779+0000] {dag.py:4180} INFO - Setting next_dagrun for dataset_with_extra_by_yield to 2026-07-21 00:00:00+00:00, run_after=2026-07-22 00:00:00+00:00
[2026-07-22T01:17:45.783+0000] {logging_mixin.py:190} INFO - [2026-07-22T01:17:45.782+0000] {dag.py:4180} INFO - Setting next_dagrun for dataset_with_extra_from_classic_operator to 2026-07-21 00:00:00+00:00, run_after=2026-07-22 00:00:00+00:00
[2026-07-22T01:17:45.806+0000] {processor.py:208} INFO - Processing /home/airflow/.local/lib/python3.12/site-packages/airflow/example_dags/example_outlet_event_extra.py took 0.684 seconds
[2026-07-22T01:18:15.992+0000] {processor.py:186} INFO - Started process (PID=537) to work on /home/airflow/.local/lib/python3.12/site-packages/airflow/example_dags/example_outlet_event_extra.py
[2026-07-22T01:18:15.994+0000] {processor.py:914} INFO - Processing file /home/airflow/.local/lib/python3.12/site-packages/airflow/example_dags/example_outlet_event_extra.py for tasks to queue
[2026-07-22T01:18:15.999+0000] {logging_mixin.py:190} INFO - [2026-07-22T01:18:15.999+0000] {dagbag.py:588} INFO - Filling up the DagBag from /home/airflow/.local/lib/python3.12/site-packages/airflow/example_dags/example_outlet_event_extra.py
[2026-07-22T01:18:16.731+0000] {processor.py:925} INFO - DAG(s) 'dataset_with_extra_by_context', 'dataset_with_extra_by_yield', 'dataset_with_extra_from_classic_operator' retrieved from /home/airflow/.local/lib/python3.12/site-packages/airflow/example_dags/example_outlet_event_extra.py
[2026-07-22T01:18:16.756+0000] {logging_mixin.py:190} INFO - [2026-07-22T01:18:16.756+0000] {dag.py:3239} INFO - Sync 3 DAGs
[2026-07-22T01:18:16.786+0000] {logging_mixin.py:190} INFO - [2026-07-22T01:18:16.786+0000] {dag.py:4180} INFO - Setting next_dagrun for dataset_with_extra_by_context to 2026-07-21 00:00:00+00:00, run_after=2026-07-22 00:00:00+00:00
[2026-07-22T01:18:16.792+0000] {logging_mixin.py:190} INFO - [2026-07-22T01:18:16.792+0000] {dag.py:4180} INFO - Setting next_dagrun for dataset_with_extra_by_yield to 2026-07-21 00:00:00+00:00, run_after=2026-07-22 00:00:00+00:00
[2026-07-22T01:18:16.796+0000] {logging_mixin.py:190} INFO - [2026-07-22T01:18:16.796+0000] {dag.py:4180} INFO - Setting next_dagrun for dataset_with_extra_from_classic_operator to 2026-07-21 00:00:00+00:00, run_after=2026-07-22 00:00:00+00:00
[2026-07-22T01:18:16.822+0000] {processor.py:208} INFO - Processing /home/airflow/.local/lib/python3.12/site-packages/airflow/example_dags/example_outlet_event_extra.py took 0.838 seconds
[2026-07-22T01:18:47.228+0000] {processor.py:186} INFO - Started process (PID=601) to work on /home/airflow/.local/lib/python3.12/site-packages/airflow/example_dags/example_outlet_event_extra.py
[2026-07-22T01:18:47.229+0000] {processor.py:914} INFO - Processing file /home/airflow/.local/lib/python3.12/site-packages/airflow/example_dags/example_outlet_event_extra.py for tasks to queue
[2026-07-22T01:18:47.233+0000] {logging_mixin.py:190} INFO - [2026-07-22T01:18:47.233+0000] {dagbag.py:588} INFO - Filling up the DagBag from /home/airflow/.local/lib/python3.12/site-packages/airflow/example_dags/example_outlet_event_extra.py
[2026-07-22T01:18:47.871+0000] {processor.py:925} INFO - DAG(s) 'dataset_with_extra_from_classic_operator', 'dataset_with_extra_by_yield', 'dataset_with_extra_by_context' retrieved from /home/airflow/.local/lib/python3.12/site-packages/airflow/example_dags/example_outlet_event_extra.py
[2026-07-22T01:18:47.898+0000] {logging_mixin.py:190} INFO - [2026-07-22T01:18:47.898+0000] {dag.py:3239} INFO - Sync 3 DAGs
[2026-07-22T01:18:47.925+0000] {logging_mixin.py:190} INFO - [2026-07-22T01:18:47.924+0000] {dag.py:4180} INFO - Setting next_dagrun for dataset_with_extra_by_context to 2026-07-21 00:00:00+00:00, run_after=2026-07-22 00:00:00+00:00
[2026-07-22T01:18:47.931+0000] {logging_mixin.py:190} INFO - [2026-07-22T01:18:47.931+0000] {dag.py:4180} INFO - Setting next_dagrun for dataset_with_extra_by_yield to 2026-07-21 00:00:00+00:00, run_after=2026-07-22 00:00:00+00:00
[2026-07-22T01:18:47.935+0000] {logging_mixin.py:190} INFO - [2026-07-22T01:18:47.934+0000] {dag.py:4180} INFO - Setting next_dagrun for dataset_with_extra_from_classic_operator to 2026-07-21 00:00:00+00:00, run_after=2026-07-22 00:00:00+00:00
[2026-07-22T01:18:47.963+0000] {processor.py:208} INFO - Processing /home/airflow/.local/lib/python3.12/site-packages/airflow/example_dags/example_outlet_event_extra.py took 0.743 seconds
