[2026-07-22T00:07:53.046+0000] {processor.py:186} INFO - Started process (PID=116) to work on /home/airflow/.local/lib/python3.12/site-packages/airflow/example_dags/example_complex.py
[2026-07-22T00:07:53.048+0000] {processor.py:914} INFO - Processing file /home/airflow/.local/lib/python3.12/site-packages/airflow/example_dags/example_complex.py for tasks to queue
[2026-07-22T00:07:53.054+0000] {logging_mixin.py:190} INFO - [2026-07-22T00:07:53.054+0000] {dagbag.py:588} INFO - Filling up the DagBag from /home/airflow/.local/lib/python3.12/site-packages/airflow/example_dags/example_complex.py
[2026-07-22T00:07:53.080+0000] {processor.py:925} INFO - DAG(s) 'example_complex' retrieved from /home/airflow/.local/lib/python3.12/site-packages/airflow/example_dags/example_complex.py
[2026-07-22T00:07:53.126+0000] {logging_mixin.py:190} INFO - [2026-07-22T00:07:53.126+0000] {dag.py:3239} INFO - Sync 1 DAGs
[2026-07-22T00:07:53.149+0000] {logging_mixin.py:190} INFO - [2026-07-22T00:07:53.149+0000] {dag.py:4180} INFO - Setting next_dagrun for example_complex to None, run_after=None
[2026-07-22T00:07:53.177+0000] {processor.py:208} INFO - Processing /home/airflow/.local/lib/python3.12/site-packages/airflow/example_dags/example_complex.py took 0.142 seconds
[2026-07-22T00:08:25.165+0000] {processor.py:186} INFO - Started process (PID=180) to work on /home/airflow/.local/lib/python3.12/site-packages/airflow/example_dags/example_complex.py
[2026-07-22T00:08:25.166+0000] {processor.py:914} INFO - Processing file /home/airflow/.local/lib/python3.12/site-packages/airflow/example_dags/example_complex.py for tasks to queue
[2026-07-22T00:08:25.170+0000] {logging_mixin.py:190} INFO - [2026-07-22T00:08:25.169+0000] {dagbag.py:588} INFO - Filling up the DagBag from /home/airflow/.local/lib/python3.12/site-packages/airflow/example_dags/example_complex.py
[2026-07-22T00:08:25.189+0000] {processor.py:925} INFO - DAG(s) 'example_complex' retrieved from /home/airflow/.local/lib/python3.12/site-packages/airflow/example_dags/example_complex.py
[2026-07-22T00:08:25.236+0000] {logging_mixin.py:190} INFO - [2026-07-22T00:08:25.236+0000] {dag.py:3239} INFO - Sync 1 DAGs
[2026-07-22T00:08:25.260+0000] {logging_mixin.py:190} INFO - [2026-07-22T00:08:25.259+0000] {dag.py:4180} INFO - Setting next_dagrun for example_complex to None, run_after=None
[2026-07-22T00:08:25.291+0000] {processor.py:208} INFO - Processing /home/airflow/.local/lib/python3.12/site-packages/airflow/example_dags/example_complex.py took 0.133 seconds
[2026-07-22T00:08:56.045+0000] {processor.py:186} INFO - Started process (PID=244) to work on /home/airflow/.local/lib/python3.12/site-packages/airflow/example_dags/example_complex.py
[2026-07-22T00:08:56.046+0000] {processor.py:914} INFO - Processing file /home/airflow/.local/lib/python3.12/site-packages/airflow/example_dags/example_complex.py for tasks to queue
[2026-07-22T00:08:56.050+0000] {logging_mixin.py:190} INFO - [2026-07-22T00:08:56.049+0000] {dagbag.py:588} INFO - Filling up the DagBag from /home/airflow/.local/lib/python3.12/site-packages/airflow/example_dags/example_complex.py
[2026-07-22T00:08:56.066+0000] {processor.py:925} INFO - DAG(s) 'example_complex' retrieved from /home/airflow/.local/lib/python3.12/site-packages/airflow/example_dags/example_complex.py
[2026-07-22T00:08:56.104+0000] {logging_mixin.py:190} INFO - [2026-07-22T00:08:56.104+0000] {dag.py:3239} INFO - Sync 1 DAGs
[2026-07-22T00:08:56.122+0000] {logging_mixin.py:190} INFO - [2026-07-22T00:08:56.122+0000] {dag.py:4180} INFO - Setting next_dagrun for example_complex to None, run_after=None
[2026-07-22T00:08:56.149+0000] {processor.py:208} INFO - Processing /home/airflow/.local/lib/python3.12/site-packages/airflow/example_dags/example_complex.py took 0.111 seconds
[2026-07-22T00:09:28.195+0000] {processor.py:186} INFO - Started process (PID=314) to work on /home/airflow/.local/lib/python3.12/site-packages/airflow/example_dags/example_complex.py
[2026-07-22T00:09:28.197+0000] {processor.py:914} INFO - Processing file /home/airflow/.local/lib/python3.12/site-packages/airflow/example_dags/example_complex.py for tasks to queue
[2026-07-22T00:09:28.203+0000] {logging_mixin.py:190} INFO - [2026-07-22T00:09:28.202+0000] {dagbag.py:588} INFO - Filling up the DagBag from /home/airflow/.local/lib/python3.12/site-packages/airflow/example_dags/example_complex.py
[2026-07-22T00:09:28.223+0000] {processor.py:925} INFO - DAG(s) 'example_complex' retrieved from /home/airflow/.local/lib/python3.12/site-packages/airflow/example_dags/example_complex.py
[2026-07-22T00:09:28.262+0000] {logging_mixin.py:190} INFO - [2026-07-22T00:09:28.262+0000] {dag.py:3239} INFO - Sync 1 DAGs
[2026-07-22T00:09:28.283+0000] {logging_mixin.py:190} INFO - [2026-07-22T00:09:28.283+0000] {dag.py:4180} INFO - Setting next_dagrun for example_complex to None, run_after=None
[2026-07-22T00:09:28.308+0000] {processor.py:208} INFO - Processing /home/airflow/.local/lib/python3.12/site-packages/airflow/example_dags/example_complex.py took 0.124 seconds
[2026-07-22T00:09:59.182+0000] {processor.py:186} INFO - Started process (PID=378) to work on /home/airflow/.local/lib/python3.12/site-packages/airflow/example_dags/example_complex.py
[2026-07-22T00:09:59.183+0000] {processor.py:914} INFO - Processing file /home/airflow/.local/lib/python3.12/site-packages/airflow/example_dags/example_complex.py for tasks to queue
[2026-07-22T00:09:59.186+0000] {logging_mixin.py:190} INFO - [2026-07-22T00:09:59.186+0000] {dagbag.py:588} INFO - Filling up the DagBag from /home/airflow/.local/lib/python3.12/site-packages/airflow/example_dags/example_complex.py
[2026-07-22T00:09:59.205+0000] {processor.py:925} INFO - DAG(s) 'example_complex' retrieved from /home/airflow/.local/lib/python3.12/site-packages/airflow/example_dags/example_complex.py
[2026-07-22T00:09:59.245+0000] {logging_mixin.py:190} INFO - [2026-07-22T00:09:59.244+0000] {dag.py:3239} INFO - Sync 1 DAGs
[2026-07-22T00:09:59.263+0000] {logging_mixin.py:190} INFO - [2026-07-22T00:09:59.263+0000] {dag.py:4180} INFO - Setting next_dagrun for example_complex to None, run_after=None
[2026-07-22T00:09:59.287+0000] {processor.py:208} INFO - Processing /home/airflow/.local/lib/python3.12/site-packages/airflow/example_dags/example_complex.py took 0.111 seconds
[2026-07-22T00:10:31.016+0000] {processor.py:186} INFO - Started process (PID=442) to work on /home/airflow/.local/lib/python3.12/site-packages/airflow/example_dags/example_complex.py
[2026-07-22T00:10:31.018+0000] {processor.py:914} INFO - Processing file /home/airflow/.local/lib/python3.12/site-packages/airflow/example_dags/example_complex.py for tasks to queue
[2026-07-22T00:10:31.021+0000] {logging_mixin.py:190} INFO - [2026-07-22T00:10:31.020+0000] {dagbag.py:588} INFO - Filling up the DagBag from /home/airflow/.local/lib/python3.12/site-packages/airflow/example_dags/example_complex.py
[2026-07-22T00:10:31.033+0000] {processor.py:925} INFO - DAG(s) 'example_complex' retrieved from /home/airflow/.local/lib/python3.12/site-packages/airflow/example_dags/example_complex.py
[2026-07-22T00:10:31.067+0000] {logging_mixin.py:190} INFO - [2026-07-22T00:10:31.066+0000] {dag.py:3239} INFO - Sync 1 DAGs
[2026-07-22T00:10:31.087+0000] {logging_mixin.py:190} INFO - [2026-07-22T00:10:31.087+0000] {dag.py:4180} INFO - Setting next_dagrun for example_complex to None, run_after=None
[2026-07-22T00:10:31.122+0000] {processor.py:208} INFO - Processing /home/airflow/.local/lib/python3.12/site-packages/airflow/example_dags/example_complex.py took 0.112 seconds
[2026-07-22T00:11:02.230+0000] {processor.py:186} INFO - Started process (PID=506) to work on /home/airflow/.local/lib/python3.12/site-packages/airflow/example_dags/example_complex.py
[2026-07-22T00:11:02.232+0000] {processor.py:914} INFO - Processing file /home/airflow/.local/lib/python3.12/site-packages/airflow/example_dags/example_complex.py for tasks to queue
[2026-07-22T00:11:02.235+0000] {logging_mixin.py:190} INFO - [2026-07-22T00:11:02.235+0000] {dagbag.py:588} INFO - Filling up the DagBag from /home/airflow/.local/lib/python3.12/site-packages/airflow/example_dags/example_complex.py
[2026-07-22T00:11:02.254+0000] {processor.py:925} INFO - DAG(s) 'example_complex' retrieved from /home/airflow/.local/lib/python3.12/site-packages/airflow/example_dags/example_complex.py
[2026-07-22T00:11:02.302+0000] {logging_mixin.py:190} INFO - [2026-07-22T00:11:02.301+0000] {dag.py:3239} INFO - Sync 1 DAGs
[2026-07-22T00:11:02.319+0000] {logging_mixin.py:190} INFO - [2026-07-22T00:11:02.319+0000] {dag.py:4180} INFO - Setting next_dagrun for example_complex to None, run_after=None
[2026-07-22T00:11:02.344+0000] {processor.py:208} INFO - Processing /home/airflow/.local/lib/python3.12/site-packages/airflow/example_dags/example_complex.py took 0.123 seconds
[2026-07-22T00:11:34.150+0000] {processor.py:186} INFO - Started process (PID=570) to work on /home/airflow/.local/lib/python3.12/site-packages/airflow/example_dags/example_complex.py
[2026-07-22T00:11:34.151+0000] {processor.py:914} INFO - Processing file /home/airflow/.local/lib/python3.12/site-packages/airflow/example_dags/example_complex.py for tasks to queue
[2026-07-22T00:11:34.158+0000] {logging_mixin.py:190} INFO - [2026-07-22T00:11:34.158+0000] {dagbag.py:588} INFO - Filling up the DagBag from /home/airflow/.local/lib/python3.12/site-packages/airflow/example_dags/example_complex.py
[2026-07-22T00:11:34.173+0000] {processor.py:925} INFO - DAG(s) 'example_complex' retrieved from /home/airflow/.local/lib/python3.12/site-packages/airflow/example_dags/example_complex.py
[2026-07-22T00:11:34.219+0000] {logging_mixin.py:190} INFO - [2026-07-22T00:11:34.219+0000] {dag.py:3239} INFO - Sync 1 DAGs
[2026-07-22T00:11:34.244+0000] {logging_mixin.py:190} INFO - [2026-07-22T00:11:34.244+0000] {dag.py:4180} INFO - Setting next_dagrun for example_complex to None, run_after=None
[2026-07-22T00:11:34.279+0000] {processor.py:208} INFO - Processing /home/airflow/.local/lib/python3.12/site-packages/airflow/example_dags/example_complex.py took 0.138 seconds
[2026-07-22T00:12:05.467+0000] {processor.py:186} INFO - Started process (PID=635) to work on /home/airflow/.local/lib/python3.12/site-packages/airflow/example_dags/example_complex.py
[2026-07-22T00:12:05.469+0000] {processor.py:914} INFO - Processing file /home/airflow/.local/lib/python3.12/site-packages/airflow/example_dags/example_complex.py for tasks to queue
[2026-07-22T00:12:05.476+0000] {logging_mixin.py:190} INFO - [2026-07-22T00:12:05.476+0000] {dagbag.py:588} INFO - Filling up the DagBag from /home/airflow/.local/lib/python3.12/site-packages/airflow/example_dags/example_complex.py
[2026-07-22T00:12:05.494+0000] {processor.py:925} INFO - DAG(s) 'example_complex' retrieved from /home/airflow/.local/lib/python3.12/site-packages/airflow/example_dags/example_complex.py
[2026-07-22T00:12:05.538+0000] {logging_mixin.py:190} INFO - [2026-07-22T00:12:05.538+0000] {dag.py:3239} INFO - Sync 1 DAGs
[2026-07-22T00:12:05.565+0000] {logging_mixin.py:190} INFO - [2026-07-22T00:12:05.565+0000] {dag.py:4180} INFO - Setting next_dagrun for example_complex to None, run_after=None
[2026-07-22T00:12:05.596+0000] {processor.py:208} INFO - Processing /home/airflow/.local/lib/python3.12/site-packages/airflow/example_dags/example_complex.py took 0.136 seconds
[2026-07-22T00:12:36.891+0000] {processor.py:186} INFO - Started process (PID=700) to work on /home/airflow/.local/lib/python3.12/site-packages/airflow/example_dags/example_complex.py
[2026-07-22T00:12:36.892+0000] {processor.py:914} INFO - Processing file /home/airflow/.local/lib/python3.12/site-packages/airflow/example_dags/example_complex.py for tasks to queue
[2026-07-22T00:12:36.896+0000] {logging_mixin.py:190} INFO - [2026-07-22T00:12:36.895+0000] {dagbag.py:588} INFO - Filling up the DagBag from /home/airflow/.local/lib/python3.12/site-packages/airflow/example_dags/example_complex.py
[2026-07-22T00:12:36.917+0000] {processor.py:925} INFO - DAG(s) 'example_complex' retrieved from /home/airflow/.local/lib/python3.12/site-packages/airflow/example_dags/example_complex.py
[2026-07-22T00:12:36.958+0000] {logging_mixin.py:190} INFO - [2026-07-22T00:12:36.958+0000] {dag.py:3239} INFO - Sync 1 DAGs
[2026-07-22T00:12:36.982+0000] {logging_mixin.py:190} INFO - [2026-07-22T00:12:36.982+0000] {dag.py:4180} INFO - Setting next_dagrun for example_complex to None, run_after=None
[2026-07-22T00:12:37.009+0000] {processor.py:208} INFO - Processing /home/airflow/.local/lib/python3.12/site-packages/airflow/example_dags/example_complex.py took 0.127 seconds
[2026-07-22T00:13:07.998+0000] {processor.py:186} INFO - Started process (PID=764) to work on /home/airflow/.local/lib/python3.12/site-packages/airflow/example_dags/example_complex.py
[2026-07-22T00:13:08.000+0000] {processor.py:914} INFO - Processing file /home/airflow/.local/lib/python3.12/site-packages/airflow/example_dags/example_complex.py for tasks to queue
[2026-07-22T00:13:08.004+0000] {logging_mixin.py:190} INFO - [2026-07-22T00:13:08.004+0000] {dagbag.py:588} INFO - Filling up the DagBag from /home/airflow/.local/lib/python3.12/site-packages/airflow/example_dags/example_complex.py
[2026-07-22T00:13:08.023+0000] {processor.py:925} INFO - DAG(s) 'example_complex' retrieved from /home/airflow/.local/lib/python3.12/site-packages/airflow/example_dags/example_complex.py
[2026-07-22T00:13:08.058+0000] {logging_mixin.py:190} INFO - [2026-07-22T00:13:08.058+0000] {dag.py:3239} INFO - Sync 1 DAGs
[2026-07-22T00:13:08.083+0000] {logging_mixin.py:190} INFO - [2026-07-22T00:13:08.082+0000] {dag.py:4180} INFO - Setting next_dagrun for example_complex to None, run_after=None
[2026-07-22T00:13:08.116+0000] {processor.py:208} INFO - Processing /home/airflow/.local/lib/python3.12/site-packages/airflow/example_dags/example_complex.py took 0.127 seconds
[2026-07-22T00:13:38.915+0000] {processor.py:186} INFO - Started process (PID=827) to work on /home/airflow/.local/lib/python3.12/site-packages/airflow/example_dags/example_complex.py
[2026-07-22T00:13:38.917+0000] {processor.py:914} INFO - Processing file /home/airflow/.local/lib/python3.12/site-packages/airflow/example_dags/example_complex.py for tasks to queue
[2026-07-22T00:13:38.920+0000] {logging_mixin.py:190} INFO - [2026-07-22T00:13:38.920+0000] {dagbag.py:588} INFO - Filling up the DagBag from /home/airflow/.local/lib/python3.12/site-packages/airflow/example_dags/example_complex.py
[2026-07-22T00:13:38.939+0000] {processor.py:925} INFO - DAG(s) 'example_complex' retrieved from /home/airflow/.local/lib/python3.12/site-packages/airflow/example_dags/example_complex.py
[2026-07-22T00:13:38.989+0000] {logging_mixin.py:190} INFO - [2026-07-22T00:13:38.988+0000] {dag.py:3239} INFO - Sync 1 DAGs
[2026-07-22T00:13:39.012+0000] {logging_mixin.py:190} INFO - [2026-07-22T00:13:39.011+0000] {dag.py:4180} INFO - Setting next_dagrun for example_complex to None, run_after=None
[2026-07-22T00:13:39.046+0000] {processor.py:208} INFO - Processing /home/airflow/.local/lib/python3.12/site-packages/airflow/example_dags/example_complex.py took 0.138 seconds
[2026-07-22T00:14:09.877+0000] {processor.py:186} INFO - Started process (PID=891) to work on /home/airflow/.local/lib/python3.12/site-packages/airflow/example_dags/example_complex.py
[2026-07-22T00:14:09.879+0000] {processor.py:914} INFO - Processing file /home/airflow/.local/lib/python3.12/site-packages/airflow/example_dags/example_complex.py for tasks to queue
[2026-07-22T00:14:09.881+0000] {logging_mixin.py:190} INFO - [2026-07-22T00:14:09.881+0000] {dagbag.py:588} INFO - Filling up the DagBag from /home/airflow/.local/lib/python3.12/site-packages/airflow/example_dags/example_complex.py
[2026-07-22T00:14:09.894+0000] {processor.py:925} INFO - DAG(s) 'example_complex' retrieved from /home/airflow/.local/lib/python3.12/site-packages/airflow/example_dags/example_complex.py
[2026-07-22T00:14:09.926+0000] {logging_mixin.py:190} INFO - [2026-07-22T00:14:09.926+0000] {dag.py:3239} INFO - Sync 1 DAGs
[2026-07-22T00:14:09.944+0000] {logging_mixin.py:190} INFO - [2026-07-22T00:14:09.944+0000] {dag.py:4180} INFO - Setting next_dagrun for example_complex to None, run_after=None
[2026-07-22T00:14:09.968+0000] {processor.py:208} INFO - Processing /home/airflow/.local/lib/python3.12/site-packages/airflow/example_dags/example_complex.py took 0.096 seconds
[2026-07-22T00:14:40.839+0000] {processor.py:186} INFO - Started process (PID=955) to work on /home/airflow/.local/lib/python3.12/site-packages/airflow/example_dags/example_complex.py
[2026-07-22T00:14:40.840+0000] {processor.py:914} INFO - Processing file /home/airflow/.local/lib/python3.12/site-packages/airflow/example_dags/example_complex.py for tasks to queue
[2026-07-22T00:14:40.844+0000] {logging_mixin.py:190} INFO - [2026-07-22T00:14:40.843+0000] {dagbag.py:588} INFO - Filling up the DagBag from /home/airflow/.local/lib/python3.12/site-packages/airflow/example_dags/example_complex.py
[2026-07-22T00:14:40.860+0000] {processor.py:925} INFO - DAG(s) 'example_complex' retrieved from /home/airflow/.local/lib/python3.12/site-packages/airflow/example_dags/example_complex.py
[2026-07-22T00:14:40.900+0000] {logging_mixin.py:190} INFO - [2026-07-22T00:14:40.899+0000] {dag.py:3239} INFO - Sync 1 DAGs
[2026-07-22T00:14:40.921+0000] {logging_mixin.py:190} INFO - [2026-07-22T00:14:40.921+0000] {dag.py:4180} INFO - Setting next_dagrun for example_complex to None, run_after=None
[2026-07-22T00:14:40.948+0000] {processor.py:208} INFO - Processing /home/airflow/.local/lib/python3.12/site-packages/airflow/example_dags/example_complex.py took 0.115 seconds
[2026-07-22T00:15:11.352+0000] {processor.py:186} INFO - Started process (PID=1018) to work on /home/airflow/.local/lib/python3.12/site-packages/airflow/example_dags/example_complex.py
[2026-07-22T00:15:11.353+0000] {processor.py:914} INFO - Processing file /home/airflow/.local/lib/python3.12/site-packages/airflow/example_dags/example_complex.py for tasks to queue
[2026-07-22T00:15:11.356+0000] {logging_mixin.py:190} INFO - [2026-07-22T00:15:11.356+0000] {dagbag.py:588} INFO - Filling up the DagBag from /home/airflow/.local/lib/python3.12/site-packages/airflow/example_dags/example_complex.py
[2026-07-22T00:15:11.371+0000] {processor.py:925} INFO - DAG(s) 'example_complex' retrieved from /home/airflow/.local/lib/python3.12/site-packages/airflow/example_dags/example_complex.py
[2026-07-22T00:15:11.404+0000] {logging_mixin.py:190} INFO - [2026-07-22T00:15:11.403+0000] {dag.py:3239} INFO - Sync 1 DAGs
[2026-07-22T00:15:11.421+0000] {logging_mixin.py:190} INFO - [2026-07-22T00:15:11.420+0000] {dag.py:4180} INFO - Setting next_dagrun for example_complex to None, run_after=None
[2026-07-22T00:15:11.443+0000] {processor.py:208} INFO - Processing /home/airflow/.local/lib/python3.12/site-packages/airflow/example_dags/example_complex.py took 0.100 seconds
[2026-07-22T00:15:42.049+0000] {processor.py:186} INFO - Started process (PID=1081) to work on /home/airflow/.local/lib/python3.12/site-packages/airflow/example_dags/example_complex.py
[2026-07-22T00:15:42.050+0000] {processor.py:914} INFO - Processing file /home/airflow/.local/lib/python3.12/site-packages/airflow/example_dags/example_complex.py for tasks to queue
[2026-07-22T00:15:42.054+0000] {logging_mixin.py:190} INFO - [2026-07-22T00:15:42.053+0000] {dagbag.py:588} INFO - Filling up the DagBag from /home/airflow/.local/lib/python3.12/site-packages/airflow/example_dags/example_complex.py
[2026-07-22T00:15:42.071+0000] {processor.py:925} INFO - DAG(s) 'example_complex' retrieved from /home/airflow/.local/lib/python3.12/site-packages/airflow/example_dags/example_complex.py
[2026-07-22T00:15:42.115+0000] {logging_mixin.py:190} INFO - [2026-07-22T00:15:42.115+0000] {dag.py:3239} INFO - Sync 1 DAGs
[2026-07-22T00:15:42.138+0000] {logging_mixin.py:190} INFO - [2026-07-22T00:15:42.138+0000] {dag.py:4180} INFO - Setting next_dagrun for example_complex to None, run_after=None
[2026-07-22T00:15:42.164+0000] {processor.py:208} INFO - Processing /home/airflow/.local/lib/python3.12/site-packages/airflow/example_dags/example_complex.py took 0.122 seconds
[2026-07-22T00:16:12.338+0000] {processor.py:186} INFO - Started process (PID=1145) to work on /home/airflow/.local/lib/python3.12/site-packages/airflow/example_dags/example_complex.py
[2026-07-22T00:16:12.340+0000] {processor.py:914} INFO - Processing file /home/airflow/.local/lib/python3.12/site-packages/airflow/example_dags/example_complex.py for tasks to queue
[2026-07-22T00:16:12.344+0000] {logging_mixin.py:190} INFO - [2026-07-22T00:16:12.343+0000] {dagbag.py:588} INFO - Filling up the DagBag from /home/airflow/.local/lib/python3.12/site-packages/airflow/example_dags/example_complex.py
[2026-07-22T00:16:12.358+0000] {processor.py:925} INFO - DAG(s) 'example_complex' retrieved from /home/airflow/.local/lib/python3.12/site-packages/airflow/example_dags/example_complex.py
[2026-07-22T00:16:12.404+0000] {logging_mixin.py:190} INFO - [2026-07-22T00:16:12.404+0000] {dag.py:3239} INFO - Sync 1 DAGs
[2026-07-22T00:16:12.422+0000] {logging_mixin.py:190} INFO - [2026-07-22T00:16:12.422+0000] {dag.py:4180} INFO - Setting next_dagrun for example_complex to None, run_after=None
[2026-07-22T00:16:12.445+0000] {processor.py:208} INFO - Processing /home/airflow/.local/lib/python3.12/site-packages/airflow/example_dags/example_complex.py took 0.115 seconds
[2026-07-22T00:16:42.496+0000] {processor.py:186} INFO - Started process (PID=1208) to work on /home/airflow/.local/lib/python3.12/site-packages/airflow/example_dags/example_complex.py
[2026-07-22T00:16:42.498+0000] {processor.py:914} INFO - Processing file /home/airflow/.local/lib/python3.12/site-packages/airflow/example_dags/example_complex.py for tasks to queue
[2026-07-22T00:16:42.501+0000] {logging_mixin.py:190} INFO - [2026-07-22T00:16:42.501+0000] {dagbag.py:588} INFO - Filling up the DagBag from /home/airflow/.local/lib/python3.12/site-packages/airflow/example_dags/example_complex.py
[2026-07-22T00:16:42.519+0000] {processor.py:925} INFO - DAG(s) 'example_complex' retrieved from /home/airflow/.local/lib/python3.12/site-packages/airflow/example_dags/example_complex.py
[2026-07-22T00:16:42.552+0000] {logging_mixin.py:190} INFO - [2026-07-22T00:16:42.552+0000] {dag.py:3239} INFO - Sync 1 DAGs
[2026-07-22T00:16:42.568+0000] {logging_mixin.py:190} INFO - [2026-07-22T00:16:42.568+0000] {dag.py:4180} INFO - Setting next_dagrun for example_complex to None, run_after=None
[2026-07-22T00:16:42.590+0000] {processor.py:208} INFO - Processing /home/airflow/.local/lib/python3.12/site-packages/airflow/example_dags/example_complex.py took 0.102 seconds
[2026-07-22T00:17:13.481+0000] {processor.py:186} INFO - Started process (PID=1272) to work on /home/airflow/.local/lib/python3.12/site-packages/airflow/example_dags/example_complex.py
[2026-07-22T00:17:13.483+0000] {processor.py:914} INFO - Processing file /home/airflow/.local/lib/python3.12/site-packages/airflow/example_dags/example_complex.py for tasks to queue
[2026-07-22T00:17:13.487+0000] {logging_mixin.py:190} INFO - [2026-07-22T00:17:13.487+0000] {dagbag.py:588} INFO - Filling up the DagBag from /home/airflow/.local/lib/python3.12/site-packages/airflow/example_dags/example_complex.py
[2026-07-22T00:17:13.504+0000] {processor.py:925} INFO - DAG(s) 'example_complex' retrieved from /home/airflow/.local/lib/python3.12/site-packages/airflow/example_dags/example_complex.py
[2026-07-22T00:17:13.550+0000] {logging_mixin.py:190} INFO - [2026-07-22T00:17:13.549+0000] {dag.py:3239} INFO - Sync 1 DAGs
[2026-07-22T00:17:13.571+0000] {logging_mixin.py:190} INFO - [2026-07-22T00:17:13.570+0000] {dag.py:4180} INFO - Setting next_dagrun for example_complex to None, run_after=None
[2026-07-22T00:17:13.598+0000] {processor.py:208} INFO - Processing /home/airflow/.local/lib/python3.12/site-packages/airflow/example_dags/example_complex.py took 0.124 seconds
[2026-07-22T00:17:44.065+0000] {processor.py:186} INFO - Started process (PID=1336) to work on /home/airflow/.local/lib/python3.12/site-packages/airflow/example_dags/example_complex.py
[2026-07-22T00:17:44.066+0000] {processor.py:914} INFO - Processing file /home/airflow/.local/lib/python3.12/site-packages/airflow/example_dags/example_complex.py for tasks to queue
[2026-07-22T00:17:44.070+0000] {logging_mixin.py:190} INFO - [2026-07-22T00:17:44.069+0000] {dagbag.py:588} INFO - Filling up the DagBag from /home/airflow/.local/lib/python3.12/site-packages/airflow/example_dags/example_complex.py
[2026-07-22T00:17:44.088+0000] {processor.py:925} INFO - DAG(s) 'example_complex' retrieved from /home/airflow/.local/lib/python3.12/site-packages/airflow/example_dags/example_complex.py
[2026-07-22T00:17:44.132+0000] {logging_mixin.py:190} INFO - [2026-07-22T00:17:44.132+0000] {dag.py:3239} INFO - Sync 1 DAGs
[2026-07-22T00:17:44.151+0000] {logging_mixin.py:190} INFO - [2026-07-22T00:17:44.151+0000] {dag.py:4180} INFO - Setting next_dagrun for example_complex to None, run_after=None
[2026-07-22T00:17:44.176+0000] {processor.py:208} INFO - Processing /home/airflow/.local/lib/python3.12/site-packages/airflow/example_dags/example_complex.py took 0.119 seconds
[2026-07-22T00:18:14.672+0000] {processor.py:186} INFO - Started process (PID=1400) to work on /home/airflow/.local/lib/python3.12/site-packages/airflow/example_dags/example_complex.py
[2026-07-22T00:18:14.673+0000] {processor.py:914} INFO - Processing file /home/airflow/.local/lib/python3.12/site-packages/airflow/example_dags/example_complex.py for tasks to queue
[2026-07-22T00:18:14.676+0000] {logging_mixin.py:190} INFO - [2026-07-22T00:18:14.676+0000] {dagbag.py:588} INFO - Filling up the DagBag from /home/airflow/.local/lib/python3.12/site-packages/airflow/example_dags/example_complex.py
[2026-07-22T00:18:14.692+0000] {processor.py:925} INFO - DAG(s) 'example_complex' retrieved from /home/airflow/.local/lib/python3.12/site-packages/airflow/example_dags/example_complex.py
[2026-07-22T00:18:14.731+0000] {logging_mixin.py:190} INFO - [2026-07-22T00:18:14.731+0000] {dag.py:3239} INFO - Sync 1 DAGs
[2026-07-22T00:18:14.750+0000] {logging_mixin.py:190} INFO - [2026-07-22T00:18:14.749+0000] {dag.py:4180} INFO - Setting next_dagrun for example_complex to None, run_after=None
[2026-07-22T00:18:14.769+0000] {processor.py:208} INFO - Processing /home/airflow/.local/lib/python3.12/site-packages/airflow/example_dags/example_complex.py took 0.103 seconds
[2026-07-22T00:18:44.926+0000] {processor.py:186} INFO - Started process (PID=1464) to work on /home/airflow/.local/lib/python3.12/site-packages/airflow/example_dags/example_complex.py
[2026-07-22T00:18:44.927+0000] {processor.py:914} INFO - Processing file /home/airflow/.local/lib/python3.12/site-packages/airflow/example_dags/example_complex.py for tasks to queue
[2026-07-22T00:18:44.931+0000] {logging_mixin.py:190} INFO - [2026-07-22T00:18:44.930+0000] {dagbag.py:588} INFO - Filling up the DagBag from /home/airflow/.local/lib/python3.12/site-packages/airflow/example_dags/example_complex.py
[2026-07-22T00:18:44.945+0000] {processor.py:925} INFO - DAG(s) 'example_complex' retrieved from /home/airflow/.local/lib/python3.12/site-packages/airflow/example_dags/example_complex.py
[2026-07-22T00:18:44.978+0000] {logging_mixin.py:190} INFO - [2026-07-22T00:18:44.978+0000] {dag.py:3239} INFO - Sync 1 DAGs
[2026-07-22T00:18:44.995+0000] {logging_mixin.py:190} INFO - [2026-07-22T00:18:44.994+0000] {dag.py:4180} INFO - Setting next_dagrun for example_complex to None, run_after=None
[2026-07-22T00:18:45.016+0000] {processor.py:208} INFO - Processing /home/airflow/.local/lib/python3.12/site-packages/airflow/example_dags/example_complex.py took 0.097 seconds
[2026-07-22T00:19:15.595+0000] {processor.py:186} INFO - Started process (PID=1528) to work on /home/airflow/.local/lib/python3.12/site-packages/airflow/example_dags/example_complex.py
[2026-07-22T00:19:15.596+0000] {processor.py:914} INFO - Processing file /home/airflow/.local/lib/python3.12/site-packages/airflow/example_dags/example_complex.py for tasks to queue
[2026-07-22T00:19:15.599+0000] {logging_mixin.py:190} INFO - [2026-07-22T00:19:15.599+0000] {dagbag.py:588} INFO - Filling up the DagBag from /home/airflow/.local/lib/python3.12/site-packages/airflow/example_dags/example_complex.py
[2026-07-22T00:19:15.611+0000] {processor.py:925} INFO - DAG(s) 'example_complex' retrieved from /home/airflow/.local/lib/python3.12/site-packages/airflow/example_dags/example_complex.py
[2026-07-22T00:19:15.642+0000] {logging_mixin.py:190} INFO - [2026-07-22T00:19:15.642+0000] {dag.py:3239} INFO - Sync 1 DAGs
[2026-07-22T00:19:15.659+0000] {logging_mixin.py:190} INFO - [2026-07-22T00:19:15.659+0000] {dag.py:4180} INFO - Setting next_dagrun for example_complex to None, run_after=None
[2026-07-22T00:19:15.679+0000] {processor.py:208} INFO - Processing /home/airflow/.local/lib/python3.12/site-packages/airflow/example_dags/example_complex.py took 0.091 seconds
[2026-07-22T00:19:46.301+0000] {processor.py:186} INFO - Started process (PID=1592) to work on /home/airflow/.local/lib/python3.12/site-packages/airflow/example_dags/example_complex.py
[2026-07-22T00:19:46.303+0000] {processor.py:914} INFO - Processing file /home/airflow/.local/lib/python3.12/site-packages/airflow/example_dags/example_complex.py for tasks to queue
[2026-07-22T00:19:46.308+0000] {logging_mixin.py:190} INFO - [2026-07-22T00:19:46.308+0000] {dagbag.py:588} INFO - Filling up the DagBag from /home/airflow/.local/lib/python3.12/site-packages/airflow/example_dags/example_complex.py
[2026-07-22T00:19:46.335+0000] {processor.py:925} INFO - DAG(s) 'example_complex' retrieved from /home/airflow/.local/lib/python3.12/site-packages/airflow/example_dags/example_complex.py
[2026-07-22T00:19:46.397+0000] {logging_mixin.py:190} INFO - [2026-07-22T00:19:46.396+0000] {dag.py:3239} INFO - Sync 1 DAGs
[2026-07-22T00:19:46.429+0000] {logging_mixin.py:190} INFO - [2026-07-22T00:19:46.428+0000] {dag.py:4180} INFO - Setting next_dagrun for example_complex to None, run_after=None
[2026-07-22T00:19:46.465+0000] {processor.py:208} INFO - Processing /home/airflow/.local/lib/python3.12/site-packages/airflow/example_dags/example_complex.py took 0.176 seconds
[2026-07-22T00:20:16.523+0000] {processor.py:186} INFO - Started process (PID=1656) to work on /home/airflow/.local/lib/python3.12/site-packages/airflow/example_dags/example_complex.py
[2026-07-22T00:20:16.524+0000] {processor.py:914} INFO - Processing file /home/airflow/.local/lib/python3.12/site-packages/airflow/example_dags/example_complex.py for tasks to queue
[2026-07-22T00:20:16.527+0000] {logging_mixin.py:190} INFO - [2026-07-22T00:20:16.527+0000] {dagbag.py:588} INFO - Filling up the DagBag from /home/airflow/.local/lib/python3.12/site-packages/airflow/example_dags/example_complex.py
[2026-07-22T00:20:16.540+0000] {processor.py:925} INFO - DAG(s) 'example_complex' retrieved from /home/airflow/.local/lib/python3.12/site-packages/airflow/example_dags/example_complex.py
[2026-07-22T00:20:16.574+0000] {logging_mixin.py:190} INFO - [2026-07-22T00:20:16.574+0000] {dag.py:3239} INFO - Sync 1 DAGs
[2026-07-22T00:20:16.597+0000] {logging_mixin.py:190} INFO - [2026-07-22T00:20:16.597+0000] {dag.py:4180} INFO - Setting next_dagrun for example_complex to None, run_after=None
[2026-07-22T00:20:16.618+0000] {processor.py:208} INFO - Processing /home/airflow/.local/lib/python3.12/site-packages/airflow/example_dags/example_complex.py took 0.103 seconds
[2026-07-22T00:20:47.447+0000] {processor.py:186} INFO - Started process (PID=1720) to work on /home/airflow/.local/lib/python3.12/site-packages/airflow/example_dags/example_complex.py
[2026-07-22T00:20:47.448+0000] {processor.py:914} INFO - Processing file /home/airflow/.local/lib/python3.12/site-packages/airflow/example_dags/example_complex.py for tasks to queue
[2026-07-22T00:20:47.453+0000] {logging_mixin.py:190} INFO - [2026-07-22T00:20:47.453+0000] {dagbag.py:588} INFO - Filling up the DagBag from /home/airflow/.local/lib/python3.12/site-packages/airflow/example_dags/example_complex.py
[2026-07-22T00:20:47.477+0000] {processor.py:925} INFO - DAG(s) 'example_complex' retrieved from /home/airflow/.local/lib/python3.12/site-packages/airflow/example_dags/example_complex.py
[2026-07-22T00:20:47.524+0000] {logging_mixin.py:190} INFO - [2026-07-22T00:20:47.524+0000] {dag.py:3239} INFO - Sync 1 DAGs
[2026-07-22T00:20:47.548+0000] {logging_mixin.py:190} INFO - [2026-07-22T00:20:47.547+0000] {dag.py:4180} INFO - Setting next_dagrun for example_complex to None, run_after=None
[2026-07-22T00:20:47.573+0000] {processor.py:208} INFO - Processing /home/airflow/.local/lib/python3.12/site-packages/airflow/example_dags/example_complex.py took 0.140 seconds
[2026-07-22T00:21:17.893+0000] {processor.py:186} INFO - Started process (PID=1784) to work on /home/airflow/.local/lib/python3.12/site-packages/airflow/example_dags/example_complex.py
[2026-07-22T00:21:17.895+0000] {processor.py:914} INFO - Processing file /home/airflow/.local/lib/python3.12/site-packages/airflow/example_dags/example_complex.py for tasks to queue
[2026-07-22T00:21:17.900+0000] {logging_mixin.py:190} INFO - [2026-07-22T00:21:17.899+0000] {dagbag.py:588} INFO - Filling up the DagBag from /home/airflow/.local/lib/python3.12/site-packages/airflow/example_dags/example_complex.py
[2026-07-22T00:21:17.918+0000] {processor.py:925} INFO - DAG(s) 'example_complex' retrieved from /home/airflow/.local/lib/python3.12/site-packages/airflow/example_dags/example_complex.py
[2026-07-22T00:21:17.959+0000] {logging_mixin.py:190} INFO - [2026-07-22T00:21:17.959+0000] {dag.py:3239} INFO - Sync 1 DAGs
[2026-07-22T00:21:17.976+0000] {logging_mixin.py:190} INFO - [2026-07-22T00:21:17.976+0000] {dag.py:4180} INFO - Setting next_dagrun for example_complex to None, run_after=None
[2026-07-22T00:21:17.996+0000] {processor.py:208} INFO - Processing /home/airflow/.local/lib/python3.12/site-packages/airflow/example_dags/example_complex.py took 0.112 seconds
[2026-07-22T00:21:48.341+0000] {processor.py:186} INFO - Started process (PID=1848) to work on /home/airflow/.local/lib/python3.12/site-packages/airflow/example_dags/example_complex.py
[2026-07-22T00:21:48.342+0000] {processor.py:914} INFO - Processing file /home/airflow/.local/lib/python3.12/site-packages/airflow/example_dags/example_complex.py for tasks to queue
[2026-07-22T00:21:48.345+0000] {logging_mixin.py:190} INFO - [2026-07-22T00:21:48.345+0000] {dagbag.py:588} INFO - Filling up the DagBag from /home/airflow/.local/lib/python3.12/site-packages/airflow/example_dags/example_complex.py
[2026-07-22T00:21:48.359+0000] {processor.py:925} INFO - DAG(s) 'example_complex' retrieved from /home/airflow/.local/lib/python3.12/site-packages/airflow/example_dags/example_complex.py
[2026-07-22T00:21:48.396+0000] {logging_mixin.py:190} INFO - [2026-07-22T00:21:48.396+0000] {dag.py:3239} INFO - Sync 1 DAGs
[2026-07-22T00:21:48.417+0000] {logging_mixin.py:190} INFO - [2026-07-22T00:21:48.417+0000] {dag.py:4180} INFO - Setting next_dagrun for example_complex to None, run_after=None
[2026-07-22T00:21:48.439+0000] {processor.py:208} INFO - Processing /home/airflow/.local/lib/python3.12/site-packages/airflow/example_dags/example_complex.py took 0.105 seconds
[2026-07-22T00:22:18.625+0000] {processor.py:186} INFO - Started process (PID=1912) to work on /home/airflow/.local/lib/python3.12/site-packages/airflow/example_dags/example_complex.py
[2026-07-22T00:22:18.626+0000] {processor.py:914} INFO - Processing file /home/airflow/.local/lib/python3.12/site-packages/airflow/example_dags/example_complex.py for tasks to queue
[2026-07-22T00:22:18.630+0000] {logging_mixin.py:190} INFO - [2026-07-22T00:22:18.629+0000] {dagbag.py:588} INFO - Filling up the DagBag from /home/airflow/.local/lib/python3.12/site-packages/airflow/example_dags/example_complex.py
[2026-07-22T00:22:18.648+0000] {processor.py:925} INFO - DAG(s) 'example_complex' retrieved from /home/airflow/.local/lib/python3.12/site-packages/airflow/example_dags/example_complex.py
[2026-07-22T00:22:18.691+0000] {logging_mixin.py:190} INFO - [2026-07-22T00:22:18.691+0000] {dag.py:3239} INFO - Sync 1 DAGs
[2026-07-22T00:22:18.708+0000] {logging_mixin.py:190} INFO - [2026-07-22T00:22:18.708+0000] {dag.py:4180} INFO - Setting next_dagrun for example_complex to None, run_after=None
[2026-07-22T00:22:18.731+0000] {processor.py:208} INFO - Processing /home/airflow/.local/lib/python3.12/site-packages/airflow/example_dags/example_complex.py took 0.115 seconds
[2026-07-22T00:22:49.320+0000] {processor.py:186} INFO - Started process (PID=1976) to work on /home/airflow/.local/lib/python3.12/site-packages/airflow/example_dags/example_complex.py
[2026-07-22T00:22:49.321+0000] {processor.py:914} INFO - Processing file /home/airflow/.local/lib/python3.12/site-packages/airflow/example_dags/example_complex.py for tasks to queue
[2026-07-22T00:22:49.324+0000] {logging_mixin.py:190} INFO - [2026-07-22T00:22:49.324+0000] {dagbag.py:588} INFO - Filling up the DagBag from /home/airflow/.local/lib/python3.12/site-packages/airflow/example_dags/example_complex.py
[2026-07-22T00:22:49.337+0000] {processor.py:925} INFO - DAG(s) 'example_complex' retrieved from /home/airflow/.local/lib/python3.12/site-packages/airflow/example_dags/example_complex.py
[2026-07-22T00:22:49.374+0000] {logging_mixin.py:190} INFO - [2026-07-22T00:22:49.373+0000] {dag.py:3239} INFO - Sync 1 DAGs
[2026-07-22T00:22:49.391+0000] {logging_mixin.py:190} INFO - [2026-07-22T00:22:49.391+0000] {dag.py:4180} INFO - Setting next_dagrun for example_complex to None, run_after=None
[2026-07-22T00:22:49.410+0000] {processor.py:208} INFO - Processing /home/airflow/.local/lib/python3.12/site-packages/airflow/example_dags/example_complex.py took 0.097 seconds
[2026-07-22T00:23:19.638+0000] {processor.py:186} INFO - Started process (PID=2040) to work on /home/airflow/.local/lib/python3.12/site-packages/airflow/example_dags/example_complex.py
[2026-07-22T00:23:19.639+0000] {processor.py:914} INFO - Processing file /home/airflow/.local/lib/python3.12/site-packages/airflow/example_dags/example_complex.py for tasks to queue
[2026-07-22T00:23:19.642+0000] {logging_mixin.py:190} INFO - [2026-07-22T00:23:19.642+0000] {dagbag.py:588} INFO - Filling up the DagBag from /home/airflow/.local/lib/python3.12/site-packages/airflow/example_dags/example_complex.py
[2026-07-22T00:23:19.654+0000] {processor.py:925} INFO - DAG(s) 'example_complex' retrieved from /home/airflow/.local/lib/python3.12/site-packages/airflow/example_dags/example_complex.py
[2026-07-22T00:23:19.687+0000] {logging_mixin.py:190} INFO - [2026-07-22T00:23:19.687+0000] {dag.py:3239} INFO - Sync 1 DAGs
[2026-07-22T00:23:19.703+0000] {logging_mixin.py:190} INFO - [2026-07-22T00:23:19.703+0000] {dag.py:4180} INFO - Setting next_dagrun for example_complex to None, run_after=None
[2026-07-22T00:23:19.723+0000] {processor.py:208} INFO - Processing /home/airflow/.local/lib/python3.12/site-packages/airflow/example_dags/example_complex.py took 0.091 seconds
[2026-07-22T00:23:50.039+0000] {processor.py:186} INFO - Started process (PID=2104) to work on /home/airflow/.local/lib/python3.12/site-packages/airflow/example_dags/example_complex.py
[2026-07-22T00:23:50.041+0000] {processor.py:914} INFO - Processing file /home/airflow/.local/lib/python3.12/site-packages/airflow/example_dags/example_complex.py for tasks to queue
[2026-07-22T00:23:50.044+0000] {logging_mixin.py:190} INFO - [2026-07-22T00:23:50.044+0000] {dagbag.py:588} INFO - Filling up the DagBag from /home/airflow/.local/lib/python3.12/site-packages/airflow/example_dags/example_complex.py
[2026-07-22T00:23:50.058+0000] {processor.py:925} INFO - DAG(s) 'example_complex' retrieved from /home/airflow/.local/lib/python3.12/site-packages/airflow/example_dags/example_complex.py
[2026-07-22T00:23:50.097+0000] {logging_mixin.py:190} INFO - [2026-07-22T00:23:50.097+0000] {dag.py:3239} INFO - Sync 1 DAGs
[2026-07-22T00:23:50.114+0000] {logging_mixin.py:190} INFO - [2026-07-22T00:23:50.114+0000] {dag.py:4180} INFO - Setting next_dagrun for example_complex to None, run_after=None
[2026-07-22T00:23:50.135+0000] {processor.py:208} INFO - Processing /home/airflow/.local/lib/python3.12/site-packages/airflow/example_dags/example_complex.py took 0.104 seconds
[2026-07-22T00:24:20.394+0000] {processor.py:186} INFO - Started process (PID=2169) to work on /home/airflow/.local/lib/python3.12/site-packages/airflow/example_dags/example_complex.py
[2026-07-22T00:24:20.396+0000] {processor.py:914} INFO - Processing file /home/airflow/.local/lib/python3.12/site-packages/airflow/example_dags/example_complex.py for tasks to queue
[2026-07-22T00:24:20.399+0000] {logging_mixin.py:190} INFO - [2026-07-22T00:24:20.398+0000] {dagbag.py:588} INFO - Filling up the DagBag from /home/airflow/.local/lib/python3.12/site-packages/airflow/example_dags/example_complex.py
[2026-07-22T00:24:20.413+0000] {processor.py:925} INFO - DAG(s) 'example_complex' retrieved from /home/airflow/.local/lib/python3.12/site-packages/airflow/example_dags/example_complex.py
[2026-07-22T00:24:20.454+0000] {logging_mixin.py:190} INFO - [2026-07-22T00:24:20.453+0000] {dag.py:3239} INFO - Sync 1 DAGs
[2026-07-22T00:24:20.470+0000] {logging_mixin.py:190} INFO - [2026-07-22T00:24:20.470+0000] {dag.py:4180} INFO - Setting next_dagrun for example_complex to None, run_after=None
[2026-07-22T00:24:20.492+0000] {processor.py:208} INFO - Processing /home/airflow/.local/lib/python3.12/site-packages/airflow/example_dags/example_complex.py took 0.104 seconds
[2026-07-22T00:24:50.723+0000] {processor.py:186} INFO - Started process (PID=2233) to work on /home/airflow/.local/lib/python3.12/site-packages/airflow/example_dags/example_complex.py
[2026-07-22T00:24:50.724+0000] {processor.py:914} INFO - Processing file /home/airflow/.local/lib/python3.12/site-packages/airflow/example_dags/example_complex.py for tasks to queue
[2026-07-22T00:24:50.728+0000] {logging_mixin.py:190} INFO - [2026-07-22T00:24:50.727+0000] {dagbag.py:588} INFO - Filling up the DagBag from /home/airflow/.local/lib/python3.12/site-packages/airflow/example_dags/example_complex.py
[2026-07-22T00:24:50.745+0000] {processor.py:925} INFO - DAG(s) 'example_complex' retrieved from /home/airflow/.local/lib/python3.12/site-packages/airflow/example_dags/example_complex.py
[2026-07-22T00:24:50.778+0000] {logging_mixin.py:190} INFO - [2026-07-22T00:24:50.778+0000] {dag.py:3239} INFO - Sync 1 DAGs
[2026-07-22T00:24:50.794+0000] {logging_mixin.py:190} INFO - [2026-07-22T00:24:50.794+0000] {dag.py:4180} INFO - Setting next_dagrun for example_complex to None, run_after=None
[2026-07-22T00:24:50.815+0000] {processor.py:208} INFO - Processing /home/airflow/.local/lib/python3.12/site-packages/airflow/example_dags/example_complex.py took 0.099 seconds
[2026-07-22T00:25:20.943+0000] {processor.py:186} INFO - Started process (PID=2297) to work on /home/airflow/.local/lib/python3.12/site-packages/airflow/example_dags/example_complex.py
[2026-07-22T00:25:20.944+0000] {processor.py:914} INFO - Processing file /home/airflow/.local/lib/python3.12/site-packages/airflow/example_dags/example_complex.py for tasks to queue
[2026-07-22T00:25:20.947+0000] {logging_mixin.py:190} INFO - [2026-07-22T00:25:20.946+0000] {dagbag.py:588} INFO - Filling up the DagBag from /home/airflow/.local/lib/python3.12/site-packages/airflow/example_dags/example_complex.py
[2026-07-22T00:25:20.959+0000] {processor.py:925} INFO - DAG(s) 'example_complex' retrieved from /home/airflow/.local/lib/python3.12/site-packages/airflow/example_dags/example_complex.py
[2026-07-22T00:25:20.991+0000] {logging_mixin.py:190} INFO - [2026-07-22T00:25:20.991+0000] {dag.py:3239} INFO - Sync 1 DAGs
[2026-07-22T00:25:21.008+0000] {logging_mixin.py:190} INFO - [2026-07-22T00:25:21.008+0000] {dag.py:4180} INFO - Setting next_dagrun for example_complex to None, run_after=None
[2026-07-22T00:25:21.028+0000] {processor.py:208} INFO - Processing /home/airflow/.local/lib/python3.12/site-packages/airflow/example_dags/example_complex.py took 0.092 seconds
[2026-07-22T00:25:51.148+0000] {processor.py:186} INFO - Started process (PID=2361) to work on /home/airflow/.local/lib/python3.12/site-packages/airflow/example_dags/example_complex.py
[2026-07-22T00:25:51.149+0000] {processor.py:914} INFO - Processing file /home/airflow/.local/lib/python3.12/site-packages/airflow/example_dags/example_complex.py for tasks to queue
[2026-07-22T00:25:51.153+0000] {logging_mixin.py:190} INFO - [2026-07-22T00:25:51.153+0000] {dagbag.py:588} INFO - Filling up the DagBag from /home/airflow/.local/lib/python3.12/site-packages/airflow/example_dags/example_complex.py
[2026-07-22T00:25:51.170+0000] {processor.py:925} INFO - DAG(s) 'example_complex' retrieved from /home/airflow/.local/lib/python3.12/site-packages/airflow/example_dags/example_complex.py
[2026-07-22T00:25:51.204+0000] {logging_mixin.py:190} INFO - [2026-07-22T00:25:51.203+0000] {dag.py:3239} INFO - Sync 1 DAGs
[2026-07-22T00:25:51.265+0000] {logging_mixin.py:190} INFO - [2026-07-22T00:25:51.264+0000] {dag.py:4180} INFO - Setting next_dagrun for example_complex to None, run_after=None
[2026-07-22T00:25:51.288+0000] {processor.py:208} INFO - Processing /home/airflow/.local/lib/python3.12/site-packages/airflow/example_dags/example_complex.py took 0.148 seconds
[2026-07-22T00:26:21.471+0000] {processor.py:186} INFO - Started process (PID=2427) to work on /home/airflow/.local/lib/python3.12/site-packages/airflow/example_dags/example_complex.py
[2026-07-22T00:26:21.473+0000] {processor.py:914} INFO - Processing file /home/airflow/.local/lib/python3.12/site-packages/airflow/example_dags/example_complex.py for tasks to queue
[2026-07-22T00:26:21.476+0000] {logging_mixin.py:190} INFO - [2026-07-22T00:26:21.476+0000] {dagbag.py:588} INFO - Filling up the DagBag from /home/airflow/.local/lib/python3.12/site-packages/airflow/example_dags/example_complex.py
[2026-07-22T00:26:21.493+0000] {processor.py:925} INFO - DAG(s) 'example_complex' retrieved from /home/airflow/.local/lib/python3.12/site-packages/airflow/example_dags/example_complex.py
[2026-07-22T00:26:21.532+0000] {logging_mixin.py:190} INFO - [2026-07-22T00:26:21.532+0000] {dag.py:3239} INFO - Sync 1 DAGs
[2026-07-22T00:26:21.556+0000] {logging_mixin.py:190} INFO - [2026-07-22T00:26:21.555+0000] {dag.py:4180} INFO - Setting next_dagrun for example_complex to None, run_after=None
[2026-07-22T00:26:21.583+0000] {processor.py:208} INFO - Processing /home/airflow/.local/lib/python3.12/site-packages/airflow/example_dags/example_complex.py took 0.119 seconds
[2026-07-22T00:26:51.806+0000] {processor.py:186} INFO - Started process (PID=2491) to work on /home/airflow/.local/lib/python3.12/site-packages/airflow/example_dags/example_complex.py
[2026-07-22T00:26:51.807+0000] {processor.py:914} INFO - Processing file /home/airflow/.local/lib/python3.12/site-packages/airflow/example_dags/example_complex.py for tasks to queue
[2026-07-22T00:26:51.810+0000] {logging_mixin.py:190} INFO - [2026-07-22T00:26:51.810+0000] {dagbag.py:588} INFO - Filling up the DagBag from /home/airflow/.local/lib/python3.12/site-packages/airflow/example_dags/example_complex.py
[2026-07-22T00:26:51.823+0000] {processor.py:925} INFO - DAG(s) 'example_complex' retrieved from /home/airflow/.local/lib/python3.12/site-packages/airflow/example_dags/example_complex.py
[2026-07-22T00:26:51.859+0000] {logging_mixin.py:190} INFO - [2026-07-22T00:26:51.859+0000] {dag.py:3239} INFO - Sync 1 DAGs
[2026-07-22T00:26:51.876+0000] {logging_mixin.py:190} INFO - [2026-07-22T00:26:51.876+0000] {dag.py:4180} INFO - Setting next_dagrun for example_complex to None, run_after=None
[2026-07-22T00:26:51.901+0000] {processor.py:208} INFO - Processing /home/airflow/.local/lib/python3.12/site-packages/airflow/example_dags/example_complex.py took 0.101 seconds
[2026-07-22T00:27:21.991+0000] {processor.py:186} INFO - Started process (PID=2555) to work on /home/airflow/.local/lib/python3.12/site-packages/airflow/example_dags/example_complex.py
[2026-07-22T00:27:21.995+0000] {processor.py:914} INFO - Processing file /home/airflow/.local/lib/python3.12/site-packages/airflow/example_dags/example_complex.py for tasks to queue
[2026-07-22T00:27:21.999+0000] {logging_mixin.py:190} INFO - [2026-07-22T00:27:21.999+0000] {dagbag.py:588} INFO - Filling up the DagBag from /home/airflow/.local/lib/python3.12/site-packages/airflow/example_dags/example_complex.py
[2026-07-22T00:27:22.017+0000] {processor.py:925} INFO - DAG(s) 'example_complex' retrieved from /home/airflow/.local/lib/python3.12/site-packages/airflow/example_dags/example_complex.py
[2026-07-22T00:27:22.053+0000] {logging_mixin.py:190} INFO - [2026-07-22T00:27:22.053+0000] {dag.py:3239} INFO - Sync 1 DAGs
[2026-07-22T00:27:22.070+0000] {logging_mixin.py:190} INFO - [2026-07-22T00:27:22.070+0000] {dag.py:4180} INFO - Setting next_dagrun for example_complex to None, run_after=None
[2026-07-22T00:27:22.093+0000] {processor.py:208} INFO - Processing /home/airflow/.local/lib/python3.12/site-packages/airflow/example_dags/example_complex.py took 0.109 seconds
[2026-07-22T00:27:52.877+0000] {processor.py:186} INFO - Started process (PID=2619) to work on /home/airflow/.local/lib/python3.12/site-packages/airflow/example_dags/example_complex.py
[2026-07-22T00:27:52.879+0000] {processor.py:914} INFO - Processing file /home/airflow/.local/lib/python3.12/site-packages/airflow/example_dags/example_complex.py for tasks to queue
[2026-07-22T00:27:52.882+0000] {logging_mixin.py:190} INFO - [2026-07-22T00:27:52.882+0000] {dagbag.py:588} INFO - Filling up the DagBag from /home/airflow/.local/lib/python3.12/site-packages/airflow/example_dags/example_complex.py
[2026-07-22T00:27:52.896+0000] {processor.py:925} INFO - DAG(s) 'example_complex' retrieved from /home/airflow/.local/lib/python3.12/site-packages/airflow/example_dags/example_complex.py
[2026-07-22T00:27:52.928+0000] {logging_mixin.py:190} INFO - [2026-07-22T00:27:52.927+0000] {dag.py:3239} INFO - Sync 1 DAGs
[2026-07-22T00:27:52.944+0000] {logging_mixin.py:190} INFO - [2026-07-22T00:27:52.944+0000] {dag.py:4180} INFO - Setting next_dagrun for example_complex to None, run_after=None
[2026-07-22T00:27:52.967+0000] {processor.py:208} INFO - Processing /home/airflow/.local/lib/python3.12/site-packages/airflow/example_dags/example_complex.py took 0.098 seconds
[2026-07-22T00:28:23.449+0000] {processor.py:186} INFO - Started process (PID=2683) to work on /home/airflow/.local/lib/python3.12/site-packages/airflow/example_dags/example_complex.py
[2026-07-22T00:28:23.450+0000] {processor.py:914} INFO - Processing file /home/airflow/.local/lib/python3.12/site-packages/airflow/example_dags/example_complex.py for tasks to queue
[2026-07-22T00:28:23.453+0000] {logging_mixin.py:190} INFO - [2026-07-22T00:28:23.453+0000] {dagbag.py:588} INFO - Filling up the DagBag from /home/airflow/.local/lib/python3.12/site-packages/airflow/example_dags/example_complex.py
[2026-07-22T00:28:23.470+0000] {processor.py:925} INFO - DAG(s) 'example_complex' retrieved from /home/airflow/.local/lib/python3.12/site-packages/airflow/example_dags/example_complex.py
[2026-07-22T00:28:23.509+0000] {logging_mixin.py:190} INFO - [2026-07-22T00:28:23.509+0000] {dag.py:3239} INFO - Sync 1 DAGs
[2026-07-22T00:28:23.528+0000] {logging_mixin.py:190} INFO - [2026-07-22T00:28:23.528+0000] {dag.py:4180} INFO - Setting next_dagrun for example_complex to None, run_after=None
[2026-07-22T00:28:23.549+0000] {processor.py:208} INFO - Processing /home/airflow/.local/lib/python3.12/site-packages/airflow/example_dags/example_complex.py took 0.106 seconds
[2026-07-22T00:28:54.603+0000] {processor.py:186} INFO - Started process (PID=2747) to work on /home/airflow/.local/lib/python3.12/site-packages/airflow/example_dags/example_complex.py
[2026-07-22T00:28:54.605+0000] {processor.py:914} INFO - Processing file /home/airflow/.local/lib/python3.12/site-packages/airflow/example_dags/example_complex.py for tasks to queue
[2026-07-22T00:28:54.608+0000] {logging_mixin.py:190} INFO - [2026-07-22T00:28:54.608+0000] {dagbag.py:588} INFO - Filling up the DagBag from /home/airflow/.local/lib/python3.12/site-packages/airflow/example_dags/example_complex.py
[2026-07-22T00:28:54.621+0000] {processor.py:925} INFO - DAG(s) 'example_complex' retrieved from /home/airflow/.local/lib/python3.12/site-packages/airflow/example_dags/example_complex.py
[2026-07-22T00:28:54.650+0000] {logging_mixin.py:190} INFO - [2026-07-22T00:28:54.650+0000] {dag.py:3239} INFO - Sync 1 DAGs
[2026-07-22T00:28:54.867+0000] {logging_mixin.py:190} INFO - [2026-07-22T00:28:54.867+0000] {dag.py:4180} INFO - Setting next_dagrun for example_complex to None, run_after=None
[2026-07-22T00:28:54.888+0000] {processor.py:208} INFO - Processing /home/airflow/.local/lib/python3.12/site-packages/airflow/example_dags/example_complex.py took 0.292 seconds
[2026-07-22T00:29:25.273+0000] {processor.py:186} INFO - Started process (PID=2811) to work on /home/airflow/.local/lib/python3.12/site-packages/airflow/example_dags/example_complex.py
[2026-07-22T00:29:25.275+0000] {processor.py:914} INFO - Processing file /home/airflow/.local/lib/python3.12/site-packages/airflow/example_dags/example_complex.py for tasks to queue
[2026-07-22T00:29:25.280+0000] {logging_mixin.py:190} INFO - [2026-07-22T00:29:25.279+0000] {dagbag.py:588} INFO - Filling up the DagBag from /home/airflow/.local/lib/python3.12/site-packages/airflow/example_dags/example_complex.py
[2026-07-22T00:29:25.300+0000] {processor.py:925} INFO - DAG(s) 'example_complex' retrieved from /home/airflow/.local/lib/python3.12/site-packages/airflow/example_dags/example_complex.py
[2026-07-22T00:29:25.344+0000] {logging_mixin.py:190} INFO - [2026-07-22T00:29:25.344+0000] {dag.py:3239} INFO - Sync 1 DAGs
[2026-07-22T00:29:25.595+0000] {logging_mixin.py:190} INFO - [2026-07-22T00:29:25.595+0000] {dag.py:4180} INFO - Setting next_dagrun for example_complex to None, run_after=None
[2026-07-22T00:29:25.622+0000] {processor.py:208} INFO - Processing /home/airflow/.local/lib/python3.12/site-packages/airflow/example_dags/example_complex.py took 0.359 seconds
[2026-07-22T00:29:56.449+0000] {processor.py:186} INFO - Started process (PID=2876) to work on /home/airflow/.local/lib/python3.12/site-packages/airflow/example_dags/example_complex.py
[2026-07-22T00:29:56.450+0000] {processor.py:914} INFO - Processing file /home/airflow/.local/lib/python3.12/site-packages/airflow/example_dags/example_complex.py for tasks to queue
[2026-07-22T00:29:56.454+0000] {logging_mixin.py:190} INFO - [2026-07-22T00:29:56.453+0000] {dagbag.py:588} INFO - Filling up the DagBag from /home/airflow/.local/lib/python3.12/site-packages/airflow/example_dags/example_complex.py
[2026-07-22T00:29:56.472+0000] {processor.py:925} INFO - DAG(s) 'example_complex' retrieved from /home/airflow/.local/lib/python3.12/site-packages/airflow/example_dags/example_complex.py
[2026-07-22T00:29:56.524+0000] {logging_mixin.py:190} INFO - [2026-07-22T00:29:56.523+0000] {dag.py:3239} INFO - Sync 1 DAGs
[2026-07-22T00:29:56.545+0000] {logging_mixin.py:190} INFO - [2026-07-22T00:29:56.545+0000] {dag.py:4180} INFO - Setting next_dagrun for example_complex to None, run_after=None
[2026-07-22T00:29:56.580+0000] {processor.py:208} INFO - Processing /home/airflow/.local/lib/python3.12/site-packages/airflow/example_dags/example_complex.py took 0.137 seconds
[2026-07-22T00:30:26.908+0000] {processor.py:186} INFO - Started process (PID=2940) to work on /home/airflow/.local/lib/python3.12/site-packages/airflow/example_dags/example_complex.py
[2026-07-22T00:30:26.910+0000] {processor.py:914} INFO - Processing file /home/airflow/.local/lib/python3.12/site-packages/airflow/example_dags/example_complex.py for tasks to queue
[2026-07-22T00:30:26.913+0000] {logging_mixin.py:190} INFO - [2026-07-22T00:30:26.913+0000] {dagbag.py:588} INFO - Filling up the DagBag from /home/airflow/.local/lib/python3.12/site-packages/airflow/example_dags/example_complex.py
[2026-07-22T00:30:26.929+0000] {processor.py:925} INFO - DAG(s) 'example_complex' retrieved from /home/airflow/.local/lib/python3.12/site-packages/airflow/example_dags/example_complex.py
[2026-07-22T00:30:26.964+0000] {logging_mixin.py:190} INFO - [2026-07-22T00:30:26.963+0000] {dag.py:3239} INFO - Sync 1 DAGs
[2026-07-22T00:30:26.981+0000] {logging_mixin.py:190} INFO - [2026-07-22T00:30:26.981+0000] {dag.py:4180} INFO - Setting next_dagrun for example_complex to None, run_after=None
[2026-07-22T00:30:27.004+0000] {processor.py:208} INFO - Processing /home/airflow/.local/lib/python3.12/site-packages/airflow/example_dags/example_complex.py took 0.102 seconds
[2026-07-22T00:30:57.641+0000] {processor.py:186} INFO - Started process (PID=3004) to work on /home/airflow/.local/lib/python3.12/site-packages/airflow/example_dags/example_complex.py
[2026-07-22T00:30:57.642+0000] {processor.py:914} INFO - Processing file /home/airflow/.local/lib/python3.12/site-packages/airflow/example_dags/example_complex.py for tasks to queue
[2026-07-22T00:30:57.646+0000] {logging_mixin.py:190} INFO - [2026-07-22T00:30:57.646+0000] {dagbag.py:588} INFO - Filling up the DagBag from /home/airflow/.local/lib/python3.12/site-packages/airflow/example_dags/example_complex.py
[2026-07-22T00:30:57.666+0000] {processor.py:925} INFO - DAG(s) 'example_complex' retrieved from /home/airflow/.local/lib/python3.12/site-packages/airflow/example_dags/example_complex.py
[2026-07-22T00:30:57.703+0000] {logging_mixin.py:190} INFO - [2026-07-22T00:30:57.703+0000] {dag.py:3239} INFO - Sync 1 DAGs
[2026-07-22T00:30:57.723+0000] {logging_mixin.py:190} INFO - [2026-07-22T00:30:57.722+0000] {dag.py:4180} INFO - Setting next_dagrun for example_complex to None, run_after=None
[2026-07-22T00:30:57.750+0000] {processor.py:208} INFO - Processing /home/airflow/.local/lib/python3.12/site-packages/airflow/example_dags/example_complex.py took 0.120 seconds
[2026-07-22T00:31:27.996+0000] {processor.py:186} INFO - Started process (PID=3068) to work on /home/airflow/.local/lib/python3.12/site-packages/airflow/example_dags/example_complex.py
[2026-07-22T00:31:27.997+0000] {processor.py:914} INFO - Processing file /home/airflow/.local/lib/python3.12/site-packages/airflow/example_dags/example_complex.py for tasks to queue
[2026-07-22T00:31:28.000+0000] {logging_mixin.py:190} INFO - [2026-07-22T00:31:28.000+0000] {dagbag.py:588} INFO - Filling up the DagBag from /home/airflow/.local/lib/python3.12/site-packages/airflow/example_dags/example_complex.py
[2026-07-22T00:31:28.013+0000] {processor.py:925} INFO - DAG(s) 'example_complex' retrieved from /home/airflow/.local/lib/python3.12/site-packages/airflow/example_dags/example_complex.py
[2026-07-22T00:31:28.052+0000] {logging_mixin.py:190} INFO - [2026-07-22T00:31:28.051+0000] {dag.py:3239} INFO - Sync 1 DAGs
[2026-07-22T00:31:28.069+0000] {logging_mixin.py:190} INFO - [2026-07-22T00:31:28.069+0000] {dag.py:4180} INFO - Setting next_dagrun for example_complex to None, run_after=None
[2026-07-22T00:31:28.091+0000] {processor.py:208} INFO - Processing /home/airflow/.local/lib/python3.12/site-packages/airflow/example_dags/example_complex.py took 0.103 seconds
[2026-07-22T00:31:58.327+0000] {processor.py:186} INFO - Started process (PID=3132) to work on /home/airflow/.local/lib/python3.12/site-packages/airflow/example_dags/example_complex.py
[2026-07-22T00:31:58.328+0000] {processor.py:914} INFO - Processing file /home/airflow/.local/lib/python3.12/site-packages/airflow/example_dags/example_complex.py for tasks to queue
[2026-07-22T00:31:58.332+0000] {logging_mixin.py:190} INFO - [2026-07-22T00:31:58.332+0000] {dagbag.py:588} INFO - Filling up the DagBag from /home/airflow/.local/lib/python3.12/site-packages/airflow/example_dags/example_complex.py
[2026-07-22T00:31:58.346+0000] {processor.py:925} INFO - DAG(s) 'example_complex' retrieved from /home/airflow/.local/lib/python3.12/site-packages/airflow/example_dags/example_complex.py
[2026-07-22T00:31:58.384+0000] {logging_mixin.py:190} INFO - [2026-07-22T00:31:58.383+0000] {dag.py:3239} INFO - Sync 1 DAGs
[2026-07-22T00:31:58.405+0000] {logging_mixin.py:190} INFO - [2026-07-22T00:31:58.405+0000] {dag.py:4180} INFO - Setting next_dagrun for example_complex to None, run_after=None
[2026-07-22T00:31:58.432+0000] {processor.py:208} INFO - Processing /home/airflow/.local/lib/python3.12/site-packages/airflow/example_dags/example_complex.py took 0.114 seconds
[2026-07-22T00:32:29.053+0000] {processor.py:186} INFO - Started process (PID=3196) to work on /home/airflow/.local/lib/python3.12/site-packages/airflow/example_dags/example_complex.py
[2026-07-22T00:32:29.055+0000] {processor.py:914} INFO - Processing file /home/airflow/.local/lib/python3.12/site-packages/airflow/example_dags/example_complex.py for tasks to queue
[2026-07-22T00:32:29.058+0000] {logging_mixin.py:190} INFO - [2026-07-22T00:32:29.058+0000] {dagbag.py:588} INFO - Filling up the DagBag from /home/airflow/.local/lib/python3.12/site-packages/airflow/example_dags/example_complex.py
[2026-07-22T00:32:29.075+0000] {processor.py:925} INFO - DAG(s) 'example_complex' retrieved from /home/airflow/.local/lib/python3.12/site-packages/airflow/example_dags/example_complex.py
[2026-07-22T00:32:29.110+0000] {logging_mixin.py:190} INFO - [2026-07-22T00:32:29.110+0000] {dag.py:3239} INFO - Sync 1 DAGs
[2026-07-22T00:32:29.128+0000] {logging_mixin.py:190} INFO - [2026-07-22T00:32:29.127+0000] {dag.py:4180} INFO - Setting next_dagrun for example_complex to None, run_after=None
[2026-07-22T00:32:29.151+0000] {processor.py:208} INFO - Processing /home/airflow/.local/lib/python3.12/site-packages/airflow/example_dags/example_complex.py took 0.105 seconds
[2026-07-22T00:32:59.318+0000] {processor.py:186} INFO - Started process (PID=3259) to work on /home/airflow/.local/lib/python3.12/site-packages/airflow/example_dags/example_complex.py
[2026-07-22T00:32:59.319+0000] {processor.py:914} INFO - Processing file /home/airflow/.local/lib/python3.12/site-packages/airflow/example_dags/example_complex.py for tasks to queue
[2026-07-22T00:32:59.322+0000] {logging_mixin.py:190} INFO - [2026-07-22T00:32:59.322+0000] {dagbag.py:588} INFO - Filling up the DagBag from /home/airflow/.local/lib/python3.12/site-packages/airflow/example_dags/example_complex.py
[2026-07-22T00:32:59.336+0000] {processor.py:925} INFO - DAG(s) 'example_complex' retrieved from /home/airflow/.local/lib/python3.12/site-packages/airflow/example_dags/example_complex.py
[2026-07-22T00:32:59.381+0000] {logging_mixin.py:190} INFO - [2026-07-22T00:32:59.381+0000] {dag.py:3239} INFO - Sync 1 DAGs
[2026-07-22T00:32:59.401+0000] {logging_mixin.py:190} INFO - [2026-07-22T00:32:59.401+0000] {dag.py:4180} INFO - Setting next_dagrun for example_complex to None, run_after=None
[2026-07-22T00:32:59.427+0000] {processor.py:208} INFO - Processing /home/airflow/.local/lib/python3.12/site-packages/airflow/example_dags/example_complex.py took 0.117 seconds
[2026-07-22T00:33:30.516+0000] {processor.py:186} INFO - Started process (PID=3328) to work on /home/airflow/.local/lib/python3.12/site-packages/airflow/example_dags/example_complex.py
[2026-07-22T00:33:30.518+0000] {processor.py:914} INFO - Processing file /home/airflow/.local/lib/python3.12/site-packages/airflow/example_dags/example_complex.py for tasks to queue
[2026-07-22T00:33:30.522+0000] {logging_mixin.py:190} INFO - [2026-07-22T00:33:30.521+0000] {dagbag.py:588} INFO - Filling up the DagBag from /home/airflow/.local/lib/python3.12/site-packages/airflow/example_dags/example_complex.py
[2026-07-22T00:33:30.542+0000] {processor.py:925} INFO - DAG(s) 'example_complex' retrieved from /home/airflow/.local/lib/python3.12/site-packages/airflow/example_dags/example_complex.py
[2026-07-22T00:33:30.590+0000] {logging_mixin.py:190} INFO - [2026-07-22T00:33:30.590+0000] {dag.py:3239} INFO - Sync 1 DAGs
[2026-07-22T00:33:30.616+0000] {logging_mixin.py:190} INFO - [2026-07-22T00:33:30.615+0000] {dag.py:4180} INFO - Setting next_dagrun for example_complex to None, run_after=None
[2026-07-22T00:33:30.647+0000] {processor.py:208} INFO - Processing /home/airflow/.local/lib/python3.12/site-packages/airflow/example_dags/example_complex.py took 0.139 seconds
[2026-07-22T00:34:00.836+0000] {processor.py:186} INFO - Started process (PID=3392) to work on /home/airflow/.local/lib/python3.12/site-packages/airflow/example_dags/example_complex.py
[2026-07-22T00:34:00.837+0000] {processor.py:914} INFO - Processing file /home/airflow/.local/lib/python3.12/site-packages/airflow/example_dags/example_complex.py for tasks to queue
[2026-07-22T00:34:00.841+0000] {logging_mixin.py:190} INFO - [2026-07-22T00:34:00.841+0000] {dagbag.py:588} INFO - Filling up the DagBag from /home/airflow/.local/lib/python3.12/site-packages/airflow/example_dags/example_complex.py
[2026-07-22T00:34:00.862+0000] {processor.py:925} INFO - DAG(s) 'example_complex' retrieved from /home/airflow/.local/lib/python3.12/site-packages/airflow/example_dags/example_complex.py
[2026-07-22T00:34:00.903+0000] {logging_mixin.py:190} INFO - [2026-07-22T00:34:00.902+0000] {dag.py:3239} INFO - Sync 1 DAGs
[2026-07-22T00:34:00.918+0000] {logging_mixin.py:190} INFO - [2026-07-22T00:34:00.918+0000] {dag.py:4180} INFO - Setting next_dagrun for example_complex to None, run_after=None
[2026-07-22T00:34:00.937+0000] {processor.py:208} INFO - Processing /home/airflow/.local/lib/python3.12/site-packages/airflow/example_dags/example_complex.py took 0.113 seconds
[2026-07-22T00:34:31.682+0000] {processor.py:186} INFO - Started process (PID=3456) to work on /home/airflow/.local/lib/python3.12/site-packages/airflow/example_dags/example_complex.py
[2026-07-22T00:34:31.686+0000] {processor.py:914} INFO - Processing file /home/airflow/.local/lib/python3.12/site-packages/airflow/example_dags/example_complex.py for tasks to queue
[2026-07-22T00:34:31.692+0000] {logging_mixin.py:190} INFO - [2026-07-22T00:34:31.691+0000] {dagbag.py:588} INFO - Filling up the DagBag from /home/airflow/.local/lib/python3.12/site-packages/airflow/example_dags/example_complex.py
[2026-07-22T00:34:31.710+0000] {processor.py:925} INFO - DAG(s) 'example_complex' retrieved from /home/airflow/.local/lib/python3.12/site-packages/airflow/example_dags/example_complex.py
[2026-07-22T00:34:31.761+0000] {logging_mixin.py:190} INFO - [2026-07-22T00:34:31.760+0000] {dag.py:3239} INFO - Sync 1 DAGs
[2026-07-22T00:34:31.784+0000] {logging_mixin.py:190} INFO - [2026-07-22T00:34:31.783+0000] {dag.py:4180} INFO - Setting next_dagrun for example_complex to None, run_after=None
[2026-07-22T00:34:31.812+0000] {processor.py:208} INFO - Processing /home/airflow/.local/lib/python3.12/site-packages/airflow/example_dags/example_complex.py took 0.141 seconds
[2026-07-22T00:35:02.418+0000] {processor.py:186} INFO - Started process (PID=3518) to work on /home/airflow/.local/lib/python3.12/site-packages/airflow/example_dags/example_complex.py
[2026-07-22T00:35:02.420+0000] {processor.py:914} INFO - Processing file /home/airflow/.local/lib/python3.12/site-packages/airflow/example_dags/example_complex.py for tasks to queue
[2026-07-22T00:35:02.423+0000] {logging_mixin.py:190} INFO - [2026-07-22T00:35:02.423+0000] {dagbag.py:588} INFO - Filling up the DagBag from /home/airflow/.local/lib/python3.12/site-packages/airflow/example_dags/example_complex.py
[2026-07-22T00:35:02.441+0000] {processor.py:925} INFO - DAG(s) 'example_complex' retrieved from /home/airflow/.local/lib/python3.12/site-packages/airflow/example_dags/example_complex.py
[2026-07-22T00:35:02.472+0000] {logging_mixin.py:190} INFO - [2026-07-22T00:35:02.472+0000] {dag.py:3239} INFO - Sync 1 DAGs
[2026-07-22T00:35:02.491+0000] {logging_mixin.py:190} INFO - [2026-07-22T00:35:02.490+0000] {dag.py:4180} INFO - Setting next_dagrun for example_complex to None, run_after=None
[2026-07-22T00:35:02.515+0000] {processor.py:208} INFO - Processing /home/airflow/.local/lib/python3.12/site-packages/airflow/example_dags/example_complex.py took 0.103 seconds
[2026-07-22T00:35:33.006+0000] {processor.py:186} INFO - Started process (PID=3583) to work on /home/airflow/.local/lib/python3.12/site-packages/airflow/example_dags/example_complex.py
[2026-07-22T00:35:33.007+0000] {processor.py:914} INFO - Processing file /home/airflow/.local/lib/python3.12/site-packages/airflow/example_dags/example_complex.py for tasks to queue
[2026-07-22T00:35:33.010+0000] {logging_mixin.py:190} INFO - [2026-07-22T00:35:33.010+0000] {dagbag.py:588} INFO - Filling up the DagBag from /home/airflow/.local/lib/python3.12/site-packages/airflow/example_dags/example_complex.py
[2026-07-22T00:35:33.024+0000] {processor.py:925} INFO - DAG(s) 'example_complex' retrieved from /home/airflow/.local/lib/python3.12/site-packages/airflow/example_dags/example_complex.py
[2026-07-22T00:35:33.067+0000] {logging_mixin.py:190} INFO - [2026-07-22T00:35:33.066+0000] {dag.py:3239} INFO - Sync 1 DAGs
[2026-07-22T00:35:33.085+0000] {logging_mixin.py:190} INFO - [2026-07-22T00:35:33.085+0000] {dag.py:4180} INFO - Setting next_dagrun for example_complex to None, run_after=None
[2026-07-22T00:35:33.110+0000] {processor.py:208} INFO - Processing /home/airflow/.local/lib/python3.12/site-packages/airflow/example_dags/example_complex.py took 0.111 seconds
[2026-07-22T00:36:03.418+0000] {processor.py:186} INFO - Started process (PID=3647) to work on /home/airflow/.local/lib/python3.12/site-packages/airflow/example_dags/example_complex.py
[2026-07-22T00:36:03.420+0000] {processor.py:914} INFO - Processing file /home/airflow/.local/lib/python3.12/site-packages/airflow/example_dags/example_complex.py for tasks to queue
[2026-07-22T00:36:03.424+0000] {logging_mixin.py:190} INFO - [2026-07-22T00:36:03.423+0000] {dagbag.py:588} INFO - Filling up the DagBag from /home/airflow/.local/lib/python3.12/site-packages/airflow/example_dags/example_complex.py
[2026-07-22T00:36:03.441+0000] {processor.py:925} INFO - DAG(s) 'example_complex' retrieved from /home/airflow/.local/lib/python3.12/site-packages/airflow/example_dags/example_complex.py
[2026-07-22T00:36:03.482+0000] {logging_mixin.py:190} INFO - [2026-07-22T00:36:03.481+0000] {dag.py:3239} INFO - Sync 1 DAGs
[2026-07-22T00:36:03.503+0000] {logging_mixin.py:190} INFO - [2026-07-22T00:36:03.502+0000] {dag.py:4180} INFO - Setting next_dagrun for example_complex to None, run_after=None
[2026-07-22T00:36:03.531+0000] {processor.py:208} INFO - Processing /home/airflow/.local/lib/python3.12/site-packages/airflow/example_dags/example_complex.py took 0.119 seconds
[2026-07-22T00:36:34.534+0000] {processor.py:186} INFO - Started process (PID=3711) to work on /home/airflow/.local/lib/python3.12/site-packages/airflow/example_dags/example_complex.py
[2026-07-22T00:36:34.536+0000] {processor.py:914} INFO - Processing file /home/airflow/.local/lib/python3.12/site-packages/airflow/example_dags/example_complex.py for tasks to queue
[2026-07-22T00:36:34.539+0000] {logging_mixin.py:190} INFO - [2026-07-22T00:36:34.538+0000] {dagbag.py:588} INFO - Filling up the DagBag from /home/airflow/.local/lib/python3.12/site-packages/airflow/example_dags/example_complex.py
[2026-07-22T00:36:34.556+0000] {processor.py:925} INFO - DAG(s) 'example_complex' retrieved from /home/airflow/.local/lib/python3.12/site-packages/airflow/example_dags/example_complex.py
[2026-07-22T00:36:34.592+0000] {logging_mixin.py:190} INFO - [2026-07-22T00:36:34.592+0000] {dag.py:3239} INFO - Sync 1 DAGs
[2026-07-22T00:36:34.608+0000] {logging_mixin.py:190} INFO - [2026-07-22T00:36:34.607+0000] {dag.py:4180} INFO - Setting next_dagrun for example_complex to None, run_after=None
[2026-07-22T00:36:34.629+0000] {processor.py:208} INFO - Processing /home/airflow/.local/lib/python3.12/site-packages/airflow/example_dags/example_complex.py took 0.104 seconds
[2026-07-22T00:37:05.969+0000] {processor.py:186} INFO - Started process (PID=3775) to work on /home/airflow/.local/lib/python3.12/site-packages/airflow/example_dags/example_complex.py
[2026-07-22T00:37:05.970+0000] {processor.py:914} INFO - Processing file /home/airflow/.local/lib/python3.12/site-packages/airflow/example_dags/example_complex.py for tasks to queue
[2026-07-22T00:37:05.974+0000] {logging_mixin.py:190} INFO - [2026-07-22T00:37:05.974+0000] {dagbag.py:588} INFO - Filling up the DagBag from /home/airflow/.local/lib/python3.12/site-packages/airflow/example_dags/example_complex.py
[2026-07-22T00:37:05.994+0000] {processor.py:925} INFO - DAG(s) 'example_complex' retrieved from /home/airflow/.local/lib/python3.12/site-packages/airflow/example_dags/example_complex.py
[2026-07-22T00:37:06.036+0000] {logging_mixin.py:190} INFO - [2026-07-22T00:37:06.035+0000] {dag.py:3239} INFO - Sync 1 DAGs
[2026-07-22T00:37:06.059+0000] {logging_mixin.py:190} INFO - [2026-07-22T00:37:06.059+0000] {dag.py:4180} INFO - Setting next_dagrun for example_complex to None, run_after=None
[2026-07-22T00:37:06.085+0000] {processor.py:208} INFO - Processing /home/airflow/.local/lib/python3.12/site-packages/airflow/example_dags/example_complex.py took 0.127 seconds
[2026-07-22T00:37:37.855+0000] {processor.py:186} INFO - Started process (PID=3839) to work on /home/airflow/.local/lib/python3.12/site-packages/airflow/example_dags/example_complex.py
[2026-07-22T00:37:37.857+0000] {processor.py:914} INFO - Processing file /home/airflow/.local/lib/python3.12/site-packages/airflow/example_dags/example_complex.py for tasks to queue
[2026-07-22T00:37:37.861+0000] {logging_mixin.py:190} INFO - [2026-07-22T00:37:37.861+0000] {dagbag.py:588} INFO - Filling up the DagBag from /home/airflow/.local/lib/python3.12/site-packages/airflow/example_dags/example_complex.py
[2026-07-22T00:37:37.878+0000] {processor.py:925} INFO - DAG(s) 'example_complex' retrieved from /home/airflow/.local/lib/python3.12/site-packages/airflow/example_dags/example_complex.py
[2026-07-22T00:37:37.919+0000] {logging_mixin.py:190} INFO - [2026-07-22T00:37:37.919+0000] {dag.py:3239} INFO - Sync 1 DAGs
[2026-07-22T00:37:37.937+0000] {logging_mixin.py:190} INFO - [2026-07-22T00:37:37.937+0000] {dag.py:4180} INFO - Setting next_dagrun for example_complex to None, run_after=None
[2026-07-22T00:37:37.967+0000] {processor.py:208} INFO - Processing /home/airflow/.local/lib/python3.12/site-packages/airflow/example_dags/example_complex.py took 0.119 seconds
[2026-07-22T00:38:08.622+0000] {processor.py:186} INFO - Started process (PID=3903) to work on /home/airflow/.local/lib/python3.12/site-packages/airflow/example_dags/example_complex.py
[2026-07-22T00:38:08.623+0000] {processor.py:914} INFO - Processing file /home/airflow/.local/lib/python3.12/site-packages/airflow/example_dags/example_complex.py for tasks to queue
[2026-07-22T00:38:08.626+0000] {logging_mixin.py:190} INFO - [2026-07-22T00:38:08.626+0000] {dagbag.py:588} INFO - Filling up the DagBag from /home/airflow/.local/lib/python3.12/site-packages/airflow/example_dags/example_complex.py
[2026-07-22T00:38:08.639+0000] {processor.py:925} INFO - DAG(s) 'example_complex' retrieved from /home/airflow/.local/lib/python3.12/site-packages/airflow/example_dags/example_complex.py
[2026-07-22T00:38:08.675+0000] {logging_mixin.py:190} INFO - [2026-07-22T00:38:08.675+0000] {dag.py:3239} INFO - Sync 1 DAGs
[2026-07-22T00:38:08.693+0000] {logging_mixin.py:190} INFO - [2026-07-22T00:38:08.693+0000] {dag.py:4180} INFO - Setting next_dagrun for example_complex to None, run_after=None
[2026-07-22T00:38:08.715+0000] {processor.py:208} INFO - Processing /home/airflow/.local/lib/python3.12/site-packages/airflow/example_dags/example_complex.py took 0.100 seconds
[2026-07-22T00:38:39.724+0000] {processor.py:186} INFO - Started process (PID=3967) to work on /home/airflow/.local/lib/python3.12/site-packages/airflow/example_dags/example_complex.py
[2026-07-22T00:38:39.726+0000] {processor.py:914} INFO - Processing file /home/airflow/.local/lib/python3.12/site-packages/airflow/example_dags/example_complex.py for tasks to queue
[2026-07-22T00:38:39.729+0000] {logging_mixin.py:190} INFO - [2026-07-22T00:38:39.729+0000] {dagbag.py:588} INFO - Filling up the DagBag from /home/airflow/.local/lib/python3.12/site-packages/airflow/example_dags/example_complex.py
[2026-07-22T00:38:39.748+0000] {processor.py:925} INFO - DAG(s) 'example_complex' retrieved from /home/airflow/.local/lib/python3.12/site-packages/airflow/example_dags/example_complex.py
[2026-07-22T00:38:39.792+0000] {logging_mixin.py:190} INFO - [2026-07-22T00:38:39.792+0000] {dag.py:3239} INFO - Sync 1 DAGs
[2026-07-22T00:38:39.816+0000] {logging_mixin.py:190} INFO - [2026-07-22T00:38:39.816+0000] {dag.py:4180} INFO - Setting next_dagrun for example_complex to None, run_after=None
[2026-07-22T00:38:39.846+0000] {processor.py:208} INFO - Processing /home/airflow/.local/lib/python3.12/site-packages/airflow/example_dags/example_complex.py took 0.130 seconds
[2026-07-22T00:39:11.067+0000] {processor.py:186} INFO - Started process (PID=4031) to work on /home/airflow/.local/lib/python3.12/site-packages/airflow/example_dags/example_complex.py
[2026-07-22T00:39:11.069+0000] {processor.py:914} INFO - Processing file /home/airflow/.local/lib/python3.12/site-packages/airflow/example_dags/example_complex.py for tasks to queue
[2026-07-22T00:39:11.072+0000] {logging_mixin.py:190} INFO - [2026-07-22T00:39:11.071+0000] {dagbag.py:588} INFO - Filling up the DagBag from /home/airflow/.local/lib/python3.12/site-packages/airflow/example_dags/example_complex.py
[2026-07-22T00:39:11.086+0000] {processor.py:925} INFO - DAG(s) 'example_complex' retrieved from /home/airflow/.local/lib/python3.12/site-packages/airflow/example_dags/example_complex.py
[2026-07-22T00:39:11.117+0000] {logging_mixin.py:190} INFO - [2026-07-22T00:39:11.117+0000] {dag.py:3239} INFO - Sync 1 DAGs
[2026-07-22T00:39:11.135+0000] {logging_mixin.py:190} INFO - [2026-07-22T00:39:11.135+0000] {dag.py:4180} INFO - Setting next_dagrun for example_complex to None, run_after=None
[2026-07-22T00:39:11.159+0000] {processor.py:208} INFO - Processing /home/airflow/.local/lib/python3.12/site-packages/airflow/example_dags/example_complex.py took 0.098 seconds
[2026-07-22T00:39:42.475+0000] {processor.py:186} INFO - Started process (PID=4095) to work on /home/airflow/.local/lib/python3.12/site-packages/airflow/example_dags/example_complex.py
[2026-07-22T00:39:42.477+0000] {processor.py:914} INFO - Processing file /home/airflow/.local/lib/python3.12/site-packages/airflow/example_dags/example_complex.py for tasks to queue
[2026-07-22T00:39:42.481+0000] {logging_mixin.py:190} INFO - [2026-07-22T00:39:42.480+0000] {dagbag.py:588} INFO - Filling up the DagBag from /home/airflow/.local/lib/python3.12/site-packages/airflow/example_dags/example_complex.py
[2026-07-22T00:39:42.496+0000] {processor.py:925} INFO - DAG(s) 'example_complex' retrieved from /home/airflow/.local/lib/python3.12/site-packages/airflow/example_dags/example_complex.py
[2026-07-22T00:39:42.537+0000] {logging_mixin.py:190} INFO - [2026-07-22T00:39:42.537+0000] {dag.py:3239} INFO - Sync 1 DAGs
[2026-07-22T00:39:42.554+0000] {logging_mixin.py:190} INFO - [2026-07-22T00:39:42.554+0000] {dag.py:4180} INFO - Setting next_dagrun for example_complex to None, run_after=None
[2026-07-22T00:39:42.581+0000] {processor.py:208} INFO - Processing /home/airflow/.local/lib/python3.12/site-packages/airflow/example_dags/example_complex.py took 0.114 seconds
[2026-07-22T00:40:13.533+0000] {processor.py:186} INFO - Started process (PID=4159) to work on /home/airflow/.local/lib/python3.12/site-packages/airflow/example_dags/example_complex.py
[2026-07-22T00:40:13.534+0000] {processor.py:914} INFO - Processing file /home/airflow/.local/lib/python3.12/site-packages/airflow/example_dags/example_complex.py for tasks to queue
[2026-07-22T00:40:13.537+0000] {logging_mixin.py:190} INFO - [2026-07-22T00:40:13.537+0000] {dagbag.py:588} INFO - Filling up the DagBag from /home/airflow/.local/lib/python3.12/site-packages/airflow/example_dags/example_complex.py
[2026-07-22T00:40:13.555+0000] {processor.py:925} INFO - DAG(s) 'example_complex' retrieved from /home/airflow/.local/lib/python3.12/site-packages/airflow/example_dags/example_complex.py
[2026-07-22T00:40:13.592+0000] {logging_mixin.py:190} INFO - [2026-07-22T00:40:13.592+0000] {dag.py:3239} INFO - Sync 1 DAGs
[2026-07-22T00:40:13.612+0000] {logging_mixin.py:190} INFO - [2026-07-22T00:40:13.612+0000] {dag.py:4180} INFO - Setting next_dagrun for example_complex to None, run_after=None
[2026-07-22T00:40:13.640+0000] {processor.py:208} INFO - Processing /home/airflow/.local/lib/python3.12/site-packages/airflow/example_dags/example_complex.py took 0.115 seconds
[2026-07-22T00:40:45.023+0000] {processor.py:186} INFO - Started process (PID=4223) to work on /home/airflow/.local/lib/python3.12/site-packages/airflow/example_dags/example_complex.py
[2026-07-22T00:40:45.025+0000] {processor.py:914} INFO - Processing file /home/airflow/.local/lib/python3.12/site-packages/airflow/example_dags/example_complex.py for tasks to queue
[2026-07-22T00:40:45.029+0000] {logging_mixin.py:190} INFO - [2026-07-22T00:40:45.028+0000] {dagbag.py:588} INFO - Filling up the DagBag from /home/airflow/.local/lib/python3.12/site-packages/airflow/example_dags/example_complex.py
[2026-07-22T00:40:45.048+0000] {processor.py:925} INFO - DAG(s) 'example_complex' retrieved from /home/airflow/.local/lib/python3.12/site-packages/airflow/example_dags/example_complex.py
[2026-07-22T00:40:45.083+0000] {logging_mixin.py:190} INFO - [2026-07-22T00:40:45.083+0000] {dag.py:3239} INFO - Sync 1 DAGs
[2026-07-22T00:40:45.108+0000] {logging_mixin.py:190} INFO - [2026-07-22T00:40:45.108+0000] {dag.py:4180} INFO - Setting next_dagrun for example_complex to None, run_after=None
[2026-07-22T00:40:45.135+0000] {processor.py:208} INFO - Processing /home/airflow/.local/lib/python3.12/site-packages/airflow/example_dags/example_complex.py took 0.119 seconds
[2026-07-22T00:41:16.396+0000] {processor.py:186} INFO - Started process (PID=4287) to work on /home/airflow/.local/lib/python3.12/site-packages/airflow/example_dags/example_complex.py
[2026-07-22T00:41:16.398+0000] {processor.py:914} INFO - Processing file /home/airflow/.local/lib/python3.12/site-packages/airflow/example_dags/example_complex.py for tasks to queue
[2026-07-22T00:41:16.403+0000] {logging_mixin.py:190} INFO - [2026-07-22T00:41:16.403+0000] {dagbag.py:588} INFO - Filling up the DagBag from /home/airflow/.local/lib/python3.12/site-packages/airflow/example_dags/example_complex.py
[2026-07-22T00:41:16.424+0000] {processor.py:925} INFO - DAG(s) 'example_complex' retrieved from /home/airflow/.local/lib/python3.12/site-packages/airflow/example_dags/example_complex.py
[2026-07-22T00:41:16.462+0000] {logging_mixin.py:190} INFO - [2026-07-22T00:41:16.462+0000] {dag.py:3239} INFO - Sync 1 DAGs
[2026-07-22T00:41:16.484+0000] {logging_mixin.py:190} INFO - [2026-07-22T00:41:16.484+0000] {dag.py:4180} INFO - Setting next_dagrun for example_complex to None, run_after=None
[2026-07-22T00:41:16.519+0000] {processor.py:208} INFO - Processing /home/airflow/.local/lib/python3.12/site-packages/airflow/example_dags/example_complex.py took 0.134 seconds
[2026-07-22T00:41:47.454+0000] {processor.py:186} INFO - Started process (PID=4351) to work on /home/airflow/.local/lib/python3.12/site-packages/airflow/example_dags/example_complex.py
[2026-07-22T00:41:47.455+0000] {processor.py:914} INFO - Processing file /home/airflow/.local/lib/python3.12/site-packages/airflow/example_dags/example_complex.py for tasks to queue
[2026-07-22T00:41:47.459+0000] {logging_mixin.py:190} INFO - [2026-07-22T00:41:47.458+0000] {dagbag.py:588} INFO - Filling up the DagBag from /home/airflow/.local/lib/python3.12/site-packages/airflow/example_dags/example_complex.py
[2026-07-22T00:41:47.475+0000] {processor.py:925} INFO - DAG(s) 'example_complex' retrieved from /home/airflow/.local/lib/python3.12/site-packages/airflow/example_dags/example_complex.py
[2026-07-22T00:41:47.534+0000] {logging_mixin.py:190} INFO - [2026-07-22T00:41:47.534+0000] {dag.py:3239} INFO - Sync 1 DAGs
[2026-07-22T00:41:47.559+0000] {logging_mixin.py:190} INFO - [2026-07-22T00:41:47.559+0000] {dag.py:4180} INFO - Setting next_dagrun for example_complex to None, run_after=None
[2026-07-22T00:41:47.585+0000] {processor.py:208} INFO - Processing /home/airflow/.local/lib/python3.12/site-packages/airflow/example_dags/example_complex.py took 0.137 seconds
[2026-07-22T00:42:18.965+0000] {processor.py:186} INFO - Started process (PID=4415) to work on /home/airflow/.local/lib/python3.12/site-packages/airflow/example_dags/example_complex.py
[2026-07-22T00:42:18.967+0000] {processor.py:914} INFO - Processing file /home/airflow/.local/lib/python3.12/site-packages/airflow/example_dags/example_complex.py for tasks to queue
[2026-07-22T00:42:18.970+0000] {logging_mixin.py:190} INFO - [2026-07-22T00:42:18.970+0000] {dagbag.py:588} INFO - Filling up the DagBag from /home/airflow/.local/lib/python3.12/site-packages/airflow/example_dags/example_complex.py
[2026-07-22T00:42:18.988+0000] {processor.py:925} INFO - DAG(s) 'example_complex' retrieved from /home/airflow/.local/lib/python3.12/site-packages/airflow/example_dags/example_complex.py
[2026-07-22T00:42:19.031+0000] {logging_mixin.py:190} INFO - [2026-07-22T00:42:19.031+0000] {dag.py:3239} INFO - Sync 1 DAGs
[2026-07-22T00:42:19.057+0000] {logging_mixin.py:190} INFO - [2026-07-22T00:42:19.056+0000] {dag.py:4180} INFO - Setting next_dagrun for example_complex to None, run_after=None
[2026-07-22T00:42:19.081+0000] {processor.py:208} INFO - Processing /home/airflow/.local/lib/python3.12/site-packages/airflow/example_dags/example_complex.py took 0.124 seconds
[2026-07-22T00:42:50.530+0000] {processor.py:186} INFO - Started process (PID=4479) to work on /home/airflow/.local/lib/python3.12/site-packages/airflow/example_dags/example_complex.py
[2026-07-22T00:42:50.531+0000] {processor.py:914} INFO - Processing file /home/airflow/.local/lib/python3.12/site-packages/airflow/example_dags/example_complex.py for tasks to queue
[2026-07-22T00:42:50.534+0000] {logging_mixin.py:190} INFO - [2026-07-22T00:42:50.533+0000] {dagbag.py:588} INFO - Filling up the DagBag from /home/airflow/.local/lib/python3.12/site-packages/airflow/example_dags/example_complex.py
[2026-07-22T00:42:50.546+0000] {processor.py:925} INFO - DAG(s) 'example_complex' retrieved from /home/airflow/.local/lib/python3.12/site-packages/airflow/example_dags/example_complex.py
[2026-07-22T00:42:50.585+0000] {logging_mixin.py:190} INFO - [2026-07-22T00:42:50.585+0000] {dag.py:3239} INFO - Sync 1 DAGs
[2026-07-22T00:42:50.603+0000] {logging_mixin.py:190} INFO - [2026-07-22T00:42:50.603+0000] {dag.py:4180} INFO - Setting next_dagrun for example_complex to None, run_after=None
[2026-07-22T00:42:50.625+0000] {processor.py:208} INFO - Processing /home/airflow/.local/lib/python3.12/site-packages/airflow/example_dags/example_complex.py took 0.101 seconds
[2026-07-22T00:43:21.995+0000] {processor.py:186} INFO - Started process (PID=4543) to work on /home/airflow/.local/lib/python3.12/site-packages/airflow/example_dags/example_complex.py
[2026-07-22T00:43:21.996+0000] {processor.py:914} INFO - Processing file /home/airflow/.local/lib/python3.12/site-packages/airflow/example_dags/example_complex.py for tasks to queue
[2026-07-22T00:43:22.000+0000] {logging_mixin.py:190} INFO - [2026-07-22T00:43:21.999+0000] {dagbag.py:588} INFO - Filling up the DagBag from /home/airflow/.local/lib/python3.12/site-packages/airflow/example_dags/example_complex.py
[2026-07-22T00:43:22.018+0000] {processor.py:925} INFO - DAG(s) 'example_complex' retrieved from /home/airflow/.local/lib/python3.12/site-packages/airflow/example_dags/example_complex.py
[2026-07-22T00:43:22.081+0000] {logging_mixin.py:190} INFO - [2026-07-22T00:43:22.080+0000] {dag.py:3239} INFO - Sync 1 DAGs
[2026-07-22T00:43:22.104+0000] {logging_mixin.py:190} INFO - [2026-07-22T00:43:22.104+0000] {dag.py:4180} INFO - Setting next_dagrun for example_complex to None, run_after=None
[2026-07-22T00:43:22.132+0000] {processor.py:208} INFO - Processing /home/airflow/.local/lib/python3.12/site-packages/airflow/example_dags/example_complex.py took 0.146 seconds
[2026-07-22T00:43:52.872+0000] {processor.py:186} INFO - Started process (PID=4607) to work on /home/airflow/.local/lib/python3.12/site-packages/airflow/example_dags/example_complex.py
[2026-07-22T00:43:52.873+0000] {processor.py:914} INFO - Processing file /home/airflow/.local/lib/python3.12/site-packages/airflow/example_dags/example_complex.py for tasks to queue
[2026-07-22T00:43:52.877+0000] {logging_mixin.py:190} INFO - [2026-07-22T00:43:52.877+0000] {dagbag.py:588} INFO - Filling up the DagBag from /home/airflow/.local/lib/python3.12/site-packages/airflow/example_dags/example_complex.py
[2026-07-22T00:43:52.893+0000] {processor.py:925} INFO - DAG(s) 'example_complex' retrieved from /home/airflow/.local/lib/python3.12/site-packages/airflow/example_dags/example_complex.py
[2026-07-22T00:43:52.931+0000] {logging_mixin.py:190} INFO - [2026-07-22T00:43:52.930+0000] {dag.py:3239} INFO - Sync 1 DAGs
[2026-07-22T00:43:52.955+0000] {logging_mixin.py:190} INFO - [2026-07-22T00:43:52.955+0000] {dag.py:4180} INFO - Setting next_dagrun for example_complex to None, run_after=None
[2026-07-22T00:43:52.986+0000] {processor.py:208} INFO - Processing /home/airflow/.local/lib/python3.12/site-packages/airflow/example_dags/example_complex.py took 0.121 seconds
[2026-07-22T00:44:24.209+0000] {processor.py:186} INFO - Started process (PID=4671) to work on /home/airflow/.local/lib/python3.12/site-packages/airflow/example_dags/example_complex.py
[2026-07-22T00:44:24.211+0000] {processor.py:914} INFO - Processing file /home/airflow/.local/lib/python3.12/site-packages/airflow/example_dags/example_complex.py for tasks to queue
[2026-07-22T00:44:24.215+0000] {logging_mixin.py:190} INFO - [2026-07-22T00:44:24.215+0000] {dagbag.py:588} INFO - Filling up the DagBag from /home/airflow/.local/lib/python3.12/site-packages/airflow/example_dags/example_complex.py
[2026-07-22T00:44:24.232+0000] {processor.py:925} INFO - DAG(s) 'example_complex' retrieved from /home/airflow/.local/lib/python3.12/site-packages/airflow/example_dags/example_complex.py
[2026-07-22T00:44:24.275+0000] {logging_mixin.py:190} INFO - [2026-07-22T00:44:24.275+0000] {dag.py:3239} INFO - Sync 1 DAGs
[2026-07-22T00:44:24.295+0000] {logging_mixin.py:190} INFO - [2026-07-22T00:44:24.295+0000] {dag.py:4180} INFO - Setting next_dagrun for example_complex to None, run_after=None
[2026-07-22T00:44:24.317+0000] {processor.py:208} INFO - Processing /home/airflow/.local/lib/python3.12/site-packages/airflow/example_dags/example_complex.py took 0.116 seconds
[2026-07-22T00:44:54.950+0000] {processor.py:186} INFO - Started process (PID=4735) to work on /home/airflow/.local/lib/python3.12/site-packages/airflow/example_dags/example_complex.py
[2026-07-22T00:44:54.952+0000] {processor.py:914} INFO - Processing file /home/airflow/.local/lib/python3.12/site-packages/airflow/example_dags/example_complex.py for tasks to queue
[2026-07-22T00:44:54.956+0000] {logging_mixin.py:190} INFO - [2026-07-22T00:44:54.955+0000] {dagbag.py:588} INFO - Filling up the DagBag from /home/airflow/.local/lib/python3.12/site-packages/airflow/example_dags/example_complex.py
[2026-07-22T00:44:54.970+0000] {processor.py:925} INFO - DAG(s) 'example_complex' retrieved from /home/airflow/.local/lib/python3.12/site-packages/airflow/example_dags/example_complex.py
[2026-07-22T00:44:55.010+0000] {logging_mixin.py:190} INFO - [2026-07-22T00:44:55.009+0000] {dag.py:3239} INFO - Sync 1 DAGs
[2026-07-22T00:44:55.027+0000] {logging_mixin.py:190} INFO - [2026-07-22T00:44:55.027+0000] {dag.py:4180} INFO - Setting next_dagrun for example_complex to None, run_after=None
[2026-07-22T00:44:55.057+0000] {processor.py:208} INFO - Processing /home/airflow/.local/lib/python3.12/site-packages/airflow/example_dags/example_complex.py took 0.115 seconds
[2026-07-22T00:45:26.687+0000] {processor.py:186} INFO - Started process (PID=4799) to work on /home/airflow/.local/lib/python3.12/site-packages/airflow/example_dags/example_complex.py
[2026-07-22T00:45:26.688+0000] {processor.py:914} INFO - Processing file /home/airflow/.local/lib/python3.12/site-packages/airflow/example_dags/example_complex.py for tasks to queue
[2026-07-22T00:45:26.691+0000] {logging_mixin.py:190} INFO - [2026-07-22T00:45:26.691+0000] {dagbag.py:588} INFO - Filling up the DagBag from /home/airflow/.local/lib/python3.12/site-packages/airflow/example_dags/example_complex.py
[2026-07-22T00:45:26.704+0000] {processor.py:925} INFO - DAG(s) 'example_complex' retrieved from /home/airflow/.local/lib/python3.12/site-packages/airflow/example_dags/example_complex.py
[2026-07-22T00:45:26.736+0000] {logging_mixin.py:190} INFO - [2026-07-22T00:45:26.736+0000] {dag.py:3239} INFO - Sync 1 DAGs
[2026-07-22T00:45:26.752+0000] {logging_mixin.py:190} INFO - [2026-07-22T00:45:26.752+0000] {dag.py:4180} INFO - Setting next_dagrun for example_complex to None, run_after=None
[2026-07-22T00:45:26.776+0000] {processor.py:208} INFO - Processing /home/airflow/.local/lib/python3.12/site-packages/airflow/example_dags/example_complex.py took 0.095 seconds
[2026-07-22T00:45:58.699+0000] {processor.py:186} INFO - Started process (PID=4867) to work on /home/airflow/.local/lib/python3.12/site-packages/airflow/example_dags/example_complex.py
[2026-07-22T00:45:58.701+0000] {processor.py:914} INFO - Processing file /home/airflow/.local/lib/python3.12/site-packages/airflow/example_dags/example_complex.py for tasks to queue
[2026-07-22T00:45:58.704+0000] {logging_mixin.py:190} INFO - [2026-07-22T00:45:58.704+0000] {dagbag.py:588} INFO - Filling up the DagBag from /home/airflow/.local/lib/python3.12/site-packages/airflow/example_dags/example_complex.py
[2026-07-22T00:45:58.720+0000] {processor.py:925} INFO - DAG(s) 'example_complex' retrieved from /home/airflow/.local/lib/python3.12/site-packages/airflow/example_dags/example_complex.py
[2026-07-22T00:45:58.768+0000] {logging_mixin.py:190} INFO - [2026-07-22T00:45:58.768+0000] {dag.py:3239} INFO - Sync 1 DAGs
[2026-07-22T00:45:58.791+0000] {logging_mixin.py:190} INFO - [2026-07-22T00:45:58.790+0000] {dag.py:4180} INFO - Setting next_dagrun for example_complex to None, run_after=None
[2026-07-22T00:45:58.814+0000] {processor.py:208} INFO - Processing /home/airflow/.local/lib/python3.12/site-packages/airflow/example_dags/example_complex.py took 0.123 seconds
[2026-07-22T00:46:30.058+0000] {processor.py:186} INFO - Started process (PID=4931) to work on /home/airflow/.local/lib/python3.12/site-packages/airflow/example_dags/example_complex.py
[2026-07-22T00:46:30.059+0000] {processor.py:914} INFO - Processing file /home/airflow/.local/lib/python3.12/site-packages/airflow/example_dags/example_complex.py for tasks to queue
[2026-07-22T00:46:30.062+0000] {logging_mixin.py:190} INFO - [2026-07-22T00:46:30.062+0000] {dagbag.py:588} INFO - Filling up the DagBag from /home/airflow/.local/lib/python3.12/site-packages/airflow/example_dags/example_complex.py
[2026-07-22T00:46:30.082+0000] {processor.py:925} INFO - DAG(s) 'example_complex' retrieved from /home/airflow/.local/lib/python3.12/site-packages/airflow/example_dags/example_complex.py
[2026-07-22T00:46:30.130+0000] {logging_mixin.py:190} INFO - [2026-07-22T00:46:30.130+0000] {dag.py:3239} INFO - Sync 1 DAGs
[2026-07-22T00:46:30.148+0000] {logging_mixin.py:190} INFO - [2026-07-22T00:46:30.148+0000] {dag.py:4180} INFO - Setting next_dagrun for example_complex to None, run_after=None
[2026-07-22T00:46:30.174+0000] {processor.py:208} INFO - Processing /home/airflow/.local/lib/python3.12/site-packages/airflow/example_dags/example_complex.py took 0.124 seconds
[2026-07-22T00:47:01.159+0000] {processor.py:186} INFO - Started process (PID=4995) to work on /home/airflow/.local/lib/python3.12/site-packages/airflow/example_dags/example_complex.py
[2026-07-22T00:47:01.161+0000] {processor.py:914} INFO - Processing file /home/airflow/.local/lib/python3.12/site-packages/airflow/example_dags/example_complex.py for tasks to queue
[2026-07-22T00:47:01.164+0000] {logging_mixin.py:190} INFO - [2026-07-22T00:47:01.163+0000] {dagbag.py:588} INFO - Filling up the DagBag from /home/airflow/.local/lib/python3.12/site-packages/airflow/example_dags/example_complex.py
[2026-07-22T00:47:01.177+0000] {processor.py:925} INFO - DAG(s) 'example_complex' retrieved from /home/airflow/.local/lib/python3.12/site-packages/airflow/example_dags/example_complex.py
[2026-07-22T00:47:01.205+0000] {logging_mixin.py:190} INFO - [2026-07-22T00:47:01.205+0000] {dag.py:3239} INFO - Sync 1 DAGs
[2026-07-22T00:47:01.222+0000] {logging_mixin.py:190} INFO - [2026-07-22T00:47:01.221+0000] {dag.py:4180} INFO - Setting next_dagrun for example_complex to None, run_after=None
[2026-07-22T00:47:01.242+0000] {processor.py:208} INFO - Processing /home/airflow/.local/lib/python3.12/site-packages/airflow/example_dags/example_complex.py took 0.092 seconds
[2026-07-22T00:47:32.419+0000] {processor.py:186} INFO - Started process (PID=5071) to work on /home/airflow/.local/lib/python3.12/site-packages/airflow/example_dags/example_complex.py
[2026-07-22T00:47:32.421+0000] {processor.py:914} INFO - Processing file /home/airflow/.local/lib/python3.12/site-packages/airflow/example_dags/example_complex.py for tasks to queue
[2026-07-22T00:47:32.426+0000] {logging_mixin.py:190} INFO - [2026-07-22T00:47:32.425+0000] {dagbag.py:588} INFO - Filling up the DagBag from /home/airflow/.local/lib/python3.12/site-packages/airflow/example_dags/example_complex.py
[2026-07-22T00:47:32.440+0000] {processor.py:925} INFO - DAG(s) 'example_complex' retrieved from /home/airflow/.local/lib/python3.12/site-packages/airflow/example_dags/example_complex.py
[2026-07-22T00:47:32.479+0000] {logging_mixin.py:190} INFO - [2026-07-22T00:47:32.478+0000] {dag.py:3239} INFO - Sync 1 DAGs
[2026-07-22T00:47:32.498+0000] {logging_mixin.py:190} INFO - [2026-07-22T00:47:32.497+0000] {dag.py:4180} INFO - Setting next_dagrun for example_complex to None, run_after=None
[2026-07-22T00:47:32.528+0000] {processor.py:208} INFO - Processing /home/airflow/.local/lib/python3.12/site-packages/airflow/example_dags/example_complex.py took 0.119 seconds
[2026-07-22T00:48:03.654+0000] {processor.py:186} INFO - Started process (PID=5135) to work on /home/airflow/.local/lib/python3.12/site-packages/airflow/example_dags/example_complex.py
[2026-07-22T00:48:03.655+0000] {processor.py:914} INFO - Processing file /home/airflow/.local/lib/python3.12/site-packages/airflow/example_dags/example_complex.py for tasks to queue
[2026-07-22T00:48:03.659+0000] {logging_mixin.py:190} INFO - [2026-07-22T00:48:03.658+0000] {dagbag.py:588} INFO - Filling up the DagBag from /home/airflow/.local/lib/python3.12/site-packages/airflow/example_dags/example_complex.py
[2026-07-22T00:48:03.675+0000] {processor.py:925} INFO - DAG(s) 'example_complex' retrieved from /home/airflow/.local/lib/python3.12/site-packages/airflow/example_dags/example_complex.py
[2026-07-22T00:48:03.715+0000] {logging_mixin.py:190} INFO - [2026-07-22T00:48:03.715+0000] {dag.py:3239} INFO - Sync 1 DAGs
[2026-07-22T00:48:03.734+0000] {logging_mixin.py:190} INFO - [2026-07-22T00:48:03.734+0000] {dag.py:4180} INFO - Setting next_dagrun for example_complex to None, run_after=None
[2026-07-22T00:48:03.760+0000] {processor.py:208} INFO - Processing /home/airflow/.local/lib/python3.12/site-packages/airflow/example_dags/example_complex.py took 0.113 seconds
[2026-07-22T00:48:34.320+0000] {processor.py:186} INFO - Started process (PID=5199) to work on /home/airflow/.local/lib/python3.12/site-packages/airflow/example_dags/example_complex.py
[2026-07-22T00:48:34.321+0000] {processor.py:914} INFO - Processing file /home/airflow/.local/lib/python3.12/site-packages/airflow/example_dags/example_complex.py for tasks to queue
[2026-07-22T00:48:34.324+0000] {logging_mixin.py:190} INFO - [2026-07-22T00:48:34.324+0000] {dagbag.py:588} INFO - Filling up the DagBag from /home/airflow/.local/lib/python3.12/site-packages/airflow/example_dags/example_complex.py
[2026-07-22T00:48:34.341+0000] {processor.py:925} INFO - DAG(s) 'example_complex' retrieved from /home/airflow/.local/lib/python3.12/site-packages/airflow/example_dags/example_complex.py
[2026-07-22T00:48:34.390+0000] {logging_mixin.py:190} INFO - [2026-07-22T00:48:34.389+0000] {dag.py:3239} INFO - Sync 1 DAGs
[2026-07-22T00:48:34.416+0000] {logging_mixin.py:190} INFO - [2026-07-22T00:48:34.416+0000] {dag.py:4180} INFO - Setting next_dagrun for example_complex to None, run_after=None
[2026-07-22T00:48:34.449+0000] {processor.py:208} INFO - Processing /home/airflow/.local/lib/python3.12/site-packages/airflow/example_dags/example_complex.py took 0.136 seconds
[2026-07-22T00:49:06.383+0000] {processor.py:186} INFO - Started process (PID=5268) to work on /home/airflow/.local/lib/python3.12/site-packages/airflow/example_dags/example_complex.py
[2026-07-22T00:49:06.385+0000] {processor.py:914} INFO - Processing file /home/airflow/.local/lib/python3.12/site-packages/airflow/example_dags/example_complex.py for tasks to queue
[2026-07-22T00:49:06.393+0000] {logging_mixin.py:190} INFO - [2026-07-22T00:49:06.392+0000] {dagbag.py:588} INFO - Filling up the DagBag from /home/airflow/.local/lib/python3.12/site-packages/airflow/example_dags/example_complex.py
[2026-07-22T00:49:06.416+0000] {processor.py:925} INFO - DAG(s) 'example_complex' retrieved from /home/airflow/.local/lib/python3.12/site-packages/airflow/example_dags/example_complex.py
[2026-07-22T00:49:06.469+0000] {logging_mixin.py:190} INFO - [2026-07-22T00:49:06.468+0000] {dag.py:3239} INFO - Sync 1 DAGs
[2026-07-22T00:49:06.490+0000] {logging_mixin.py:190} INFO - [2026-07-22T00:49:06.490+0000] {dag.py:4180} INFO - Setting next_dagrun for example_complex to None, run_after=None
[2026-07-22T00:49:06.519+0000] {processor.py:208} INFO - Processing /home/airflow/.local/lib/python3.12/site-packages/airflow/example_dags/example_complex.py took 0.149 seconds
[2026-07-22T00:49:37.012+0000] {processor.py:186} INFO - Started process (PID=5332) to work on /home/airflow/.local/lib/python3.12/site-packages/airflow/example_dags/example_complex.py
[2026-07-22T00:49:37.013+0000] {processor.py:914} INFO - Processing file /home/airflow/.local/lib/python3.12/site-packages/airflow/example_dags/example_complex.py for tasks to queue
[2026-07-22T00:49:37.016+0000] {logging_mixin.py:190} INFO - [2026-07-22T00:49:37.016+0000] {dagbag.py:588} INFO - Filling up the DagBag from /home/airflow/.local/lib/python3.12/site-packages/airflow/example_dags/example_complex.py
[2026-07-22T00:49:37.032+0000] {processor.py:925} INFO - DAG(s) 'example_complex' retrieved from /home/airflow/.local/lib/python3.12/site-packages/airflow/example_dags/example_complex.py
[2026-07-22T00:49:37.070+0000] {logging_mixin.py:190} INFO - [2026-07-22T00:49:37.069+0000] {dag.py:3239} INFO - Sync 1 DAGs
[2026-07-22T00:49:37.086+0000] {logging_mixin.py:190} INFO - [2026-07-22T00:49:37.086+0000] {dag.py:4180} INFO - Setting next_dagrun for example_complex to None, run_after=None
[2026-07-22T00:49:37.109+0000] {processor.py:208} INFO - Processing /home/airflow/.local/lib/python3.12/site-packages/airflow/example_dags/example_complex.py took 0.104 seconds
[2026-07-22T00:50:07.973+0000] {processor.py:186} INFO - Started process (PID=5396) to work on /home/airflow/.local/lib/python3.12/site-packages/airflow/example_dags/example_complex.py
[2026-07-22T00:50:07.974+0000] {processor.py:914} INFO - Processing file /home/airflow/.local/lib/python3.12/site-packages/airflow/example_dags/example_complex.py for tasks to queue
[2026-07-22T00:50:07.977+0000] {logging_mixin.py:190} INFO - [2026-07-22T00:50:07.977+0000] {dagbag.py:588} INFO - Filling up the DagBag from /home/airflow/.local/lib/python3.12/site-packages/airflow/example_dags/example_complex.py
[2026-07-22T00:50:07.993+0000] {processor.py:925} INFO - DAG(s) 'example_complex' retrieved from /home/airflow/.local/lib/python3.12/site-packages/airflow/example_dags/example_complex.py
[2026-07-22T00:50:08.030+0000] {logging_mixin.py:190} INFO - [2026-07-22T00:50:08.030+0000] {dag.py:3239} INFO - Sync 1 DAGs
[2026-07-22T00:50:08.059+0000] {logging_mixin.py:190} INFO - [2026-07-22T00:50:08.059+0000] {dag.py:4180} INFO - Setting next_dagrun for example_complex to None, run_after=None
[2026-07-22T00:50:08.090+0000] {processor.py:208} INFO - Processing /home/airflow/.local/lib/python3.12/site-packages/airflow/example_dags/example_complex.py took 0.122 seconds
[2026-07-22T00:50:38.954+0000] {processor.py:186} INFO - Started process (PID=5460) to work on /home/airflow/.local/lib/python3.12/site-packages/airflow/example_dags/example_complex.py
[2026-07-22T00:50:38.956+0000] {processor.py:914} INFO - Processing file /home/airflow/.local/lib/python3.12/site-packages/airflow/example_dags/example_complex.py for tasks to queue
[2026-07-22T00:50:38.960+0000] {logging_mixin.py:190} INFO - [2026-07-22T00:50:38.959+0000] {dagbag.py:588} INFO - Filling up the DagBag from /home/airflow/.local/lib/python3.12/site-packages/airflow/example_dags/example_complex.py
[2026-07-22T00:50:38.981+0000] {processor.py:925} INFO - DAG(s) 'example_complex' retrieved from /home/airflow/.local/lib/python3.12/site-packages/airflow/example_dags/example_complex.py
[2026-07-22T00:50:39.033+0000] {logging_mixin.py:190} INFO - [2026-07-22T00:50:39.032+0000] {dag.py:3239} INFO - Sync 1 DAGs
[2026-07-22T00:50:39.059+0000] {logging_mixin.py:190} INFO - [2026-07-22T00:50:39.059+0000] {dag.py:4180} INFO - Setting next_dagrun for example_complex to None, run_after=None
[2026-07-22T00:50:39.093+0000] {processor.py:208} INFO - Processing /home/airflow/.local/lib/python3.12/site-packages/airflow/example_dags/example_complex.py took 0.145 seconds
[2026-07-22T00:51:09.888+0000] {processor.py:186} INFO - Started process (PID=5526) to work on /home/airflow/.local/lib/python3.12/site-packages/airflow/example_dags/example_complex.py
[2026-07-22T00:51:09.889+0000] {processor.py:914} INFO - Processing file /home/airflow/.local/lib/python3.12/site-packages/airflow/example_dags/example_complex.py for tasks to queue
[2026-07-22T00:51:09.893+0000] {logging_mixin.py:190} INFO - [2026-07-22T00:51:09.893+0000] {dagbag.py:588} INFO - Filling up the DagBag from /home/airflow/.local/lib/python3.12/site-packages/airflow/example_dags/example_complex.py
[2026-07-22T00:51:09.909+0000] {processor.py:925} INFO - DAG(s) 'example_complex' retrieved from /home/airflow/.local/lib/python3.12/site-packages/airflow/example_dags/example_complex.py
[2026-07-22T00:51:09.957+0000] {logging_mixin.py:190} INFO - [2026-07-22T00:51:09.957+0000] {dag.py:3239} INFO - Sync 1 DAGs
[2026-07-22T00:51:09.981+0000] {logging_mixin.py:190} INFO - [2026-07-22T00:51:09.981+0000] {dag.py:4180} INFO - Setting next_dagrun for example_complex to None, run_after=None
[2026-07-22T00:51:10.004+0000] {processor.py:208} INFO - Processing /home/airflow/.local/lib/python3.12/site-packages/airflow/example_dags/example_complex.py took 0.122 seconds
[2026-07-22T00:51:41.161+0000] {processor.py:186} INFO - Started process (PID=5590) to work on /home/airflow/.local/lib/python3.12/site-packages/airflow/example_dags/example_complex.py
[2026-07-22T00:51:41.162+0000] {processor.py:914} INFO - Processing file /home/airflow/.local/lib/python3.12/site-packages/airflow/example_dags/example_complex.py for tasks to queue
[2026-07-22T00:51:41.165+0000] {logging_mixin.py:190} INFO - [2026-07-22T00:51:41.165+0000] {dagbag.py:588} INFO - Filling up the DagBag from /home/airflow/.local/lib/python3.12/site-packages/airflow/example_dags/example_complex.py
[2026-07-22T00:51:41.183+0000] {processor.py:925} INFO - DAG(s) 'example_complex' retrieved from /home/airflow/.local/lib/python3.12/site-packages/airflow/example_dags/example_complex.py
[2026-07-22T00:51:41.228+0000] {logging_mixin.py:190} INFO - [2026-07-22T00:51:41.228+0000] {dag.py:3239} INFO - Sync 1 DAGs
[2026-07-22T00:51:41.249+0000] {logging_mixin.py:190} INFO - [2026-07-22T00:51:41.249+0000] {dag.py:4180} INFO - Setting next_dagrun for example_complex to None, run_after=None
[2026-07-22T00:51:41.274+0000] {processor.py:208} INFO - Processing /home/airflow/.local/lib/python3.12/site-packages/airflow/example_dags/example_complex.py took 0.121 seconds
[2026-07-22T00:52:12.465+0000] {processor.py:186} INFO - Started process (PID=5655) to work on /home/airflow/.local/lib/python3.12/site-packages/airflow/example_dags/example_complex.py
[2026-07-22T00:52:12.466+0000] {processor.py:914} INFO - Processing file /home/airflow/.local/lib/python3.12/site-packages/airflow/example_dags/example_complex.py for tasks to queue
[2026-07-22T00:52:12.469+0000] {logging_mixin.py:190} INFO - [2026-07-22T00:52:12.468+0000] {dagbag.py:588} INFO - Filling up the DagBag from /home/airflow/.local/lib/python3.12/site-packages/airflow/example_dags/example_complex.py
[2026-07-22T00:52:12.485+0000] {processor.py:925} INFO - DAG(s) 'example_complex' retrieved from /home/airflow/.local/lib/python3.12/site-packages/airflow/example_dags/example_complex.py
[2026-07-22T00:52:12.524+0000] {logging_mixin.py:190} INFO - [2026-07-22T00:52:12.524+0000] {dag.py:3239} INFO - Sync 1 DAGs
[2026-07-22T00:52:12.541+0000] {logging_mixin.py:190} INFO - [2026-07-22T00:52:12.541+0000] {dag.py:4180} INFO - Setting next_dagrun for example_complex to None, run_after=None
[2026-07-22T00:52:12.562+0000] {processor.py:208} INFO - Processing /home/airflow/.local/lib/python3.12/site-packages/airflow/example_dags/example_complex.py took 0.103 seconds
[2026-07-22T00:52:43.766+0000] {processor.py:186} INFO - Started process (PID=5719) to work on /home/airflow/.local/lib/python3.12/site-packages/airflow/example_dags/example_complex.py
[2026-07-22T00:52:43.768+0000] {processor.py:914} INFO - Processing file /home/airflow/.local/lib/python3.12/site-packages/airflow/example_dags/example_complex.py for tasks to queue
[2026-07-22T00:52:43.771+0000] {logging_mixin.py:190} INFO - [2026-07-22T00:52:43.770+0000] {dagbag.py:588} INFO - Filling up the DagBag from /home/airflow/.local/lib/python3.12/site-packages/airflow/example_dags/example_complex.py
[2026-07-22T00:52:43.783+0000] {processor.py:925} INFO - DAG(s) 'example_complex' retrieved from /home/airflow/.local/lib/python3.12/site-packages/airflow/example_dags/example_complex.py
[2026-07-22T00:52:43.821+0000] {logging_mixin.py:190} INFO - [2026-07-22T00:52:43.820+0000] {dag.py:3239} INFO - Sync 1 DAGs
[2026-07-22T00:52:43.841+0000] {logging_mixin.py:190} INFO - [2026-07-22T00:52:43.840+0000] {dag.py:4180} INFO - Setting next_dagrun for example_complex to None, run_after=None
[2026-07-22T00:52:43.866+0000] {processor.py:208} INFO - Processing /home/airflow/.local/lib/python3.12/site-packages/airflow/example_dags/example_complex.py took 0.106 seconds
[2026-07-22T00:53:15.135+0000] {processor.py:186} INFO - Started process (PID=5783) to work on /home/airflow/.local/lib/python3.12/site-packages/airflow/example_dags/example_complex.py
[2026-07-22T00:53:15.136+0000] {processor.py:914} INFO - Processing file /home/airflow/.local/lib/python3.12/site-packages/airflow/example_dags/example_complex.py for tasks to queue
[2026-07-22T00:53:15.140+0000] {logging_mixin.py:190} INFO - [2026-07-22T00:53:15.139+0000] {dagbag.py:588} INFO - Filling up the DagBag from /home/airflow/.local/lib/python3.12/site-packages/airflow/example_dags/example_complex.py
[2026-07-22T00:53:15.153+0000] {processor.py:925} INFO - DAG(s) 'example_complex' retrieved from /home/airflow/.local/lib/python3.12/site-packages/airflow/example_dags/example_complex.py
[2026-07-22T00:53:15.196+0000] {logging_mixin.py:190} INFO - [2026-07-22T00:53:15.196+0000] {dag.py:3239} INFO - Sync 1 DAGs
[2026-07-22T00:53:15.217+0000] {logging_mixin.py:190} INFO - [2026-07-22T00:53:15.216+0000] {dag.py:4180} INFO - Setting next_dagrun for example_complex to None, run_after=None
[2026-07-22T00:53:15.239+0000] {processor.py:208} INFO - Processing /home/airflow/.local/lib/python3.12/site-packages/airflow/example_dags/example_complex.py took 0.111 seconds
[2026-07-22T00:53:46.505+0000] {processor.py:186} INFO - Started process (PID=5847) to work on /home/airflow/.local/lib/python3.12/site-packages/airflow/example_dags/example_complex.py
[2026-07-22T00:53:46.507+0000] {processor.py:914} INFO - Processing file /home/airflow/.local/lib/python3.12/site-packages/airflow/example_dags/example_complex.py for tasks to queue
[2026-07-22T00:53:46.512+0000] {logging_mixin.py:190} INFO - [2026-07-22T00:53:46.512+0000] {dagbag.py:588} INFO - Filling up the DagBag from /home/airflow/.local/lib/python3.12/site-packages/airflow/example_dags/example_complex.py
[2026-07-22T00:53:46.527+0000] {processor.py:925} INFO - DAG(s) 'example_complex' retrieved from /home/airflow/.local/lib/python3.12/site-packages/airflow/example_dags/example_complex.py
[2026-07-22T00:53:46.563+0000] {logging_mixin.py:190} INFO - [2026-07-22T00:53:46.563+0000] {dag.py:3239} INFO - Sync 1 DAGs
[2026-07-22T00:53:46.582+0000] {logging_mixin.py:190} INFO - [2026-07-22T00:53:46.582+0000] {dag.py:4180} INFO - Setting next_dagrun for example_complex to None, run_after=None
[2026-07-22T00:53:46.609+0000] {processor.py:208} INFO - Processing /home/airflow/.local/lib/python3.12/site-packages/airflow/example_dags/example_complex.py took 0.115 seconds
[2026-07-22T00:54:17.684+0000] {processor.py:186} INFO - Started process (PID=5911) to work on /home/airflow/.local/lib/python3.12/site-packages/airflow/example_dags/example_complex.py
[2026-07-22T00:54:17.685+0000] {processor.py:914} INFO - Processing file /home/airflow/.local/lib/python3.12/site-packages/airflow/example_dags/example_complex.py for tasks to queue
[2026-07-22T00:54:17.690+0000] {logging_mixin.py:190} INFO - [2026-07-22T00:54:17.689+0000] {dagbag.py:588} INFO - Filling up the DagBag from /home/airflow/.local/lib/python3.12/site-packages/airflow/example_dags/example_complex.py
[2026-07-22T00:54:17.709+0000] {processor.py:925} INFO - DAG(s) 'example_complex' retrieved from /home/airflow/.local/lib/python3.12/site-packages/airflow/example_dags/example_complex.py
[2026-07-22T00:54:17.755+0000] {logging_mixin.py:190} INFO - [2026-07-22T00:54:17.754+0000] {dag.py:3239} INFO - Sync 1 DAGs
[2026-07-22T00:54:17.775+0000] {logging_mixin.py:190} INFO - [2026-07-22T00:54:17.775+0000] {dag.py:4180} INFO - Setting next_dagrun for example_complex to None, run_after=None
[2026-07-22T00:54:17.800+0000] {processor.py:208} INFO - Processing /home/airflow/.local/lib/python3.12/site-packages/airflow/example_dags/example_complex.py took 0.124 seconds
[2026-07-22T00:54:49.161+0000] {processor.py:186} INFO - Started process (PID=5975) to work on /home/airflow/.local/lib/python3.12/site-packages/airflow/example_dags/example_complex.py
[2026-07-22T00:54:49.162+0000] {processor.py:914} INFO - Processing file /home/airflow/.local/lib/python3.12/site-packages/airflow/example_dags/example_complex.py for tasks to queue
[2026-07-22T00:54:49.166+0000] {logging_mixin.py:190} INFO - [2026-07-22T00:54:49.165+0000] {dagbag.py:588} INFO - Filling up the DagBag from /home/airflow/.local/lib/python3.12/site-packages/airflow/example_dags/example_complex.py
[2026-07-22T00:54:49.182+0000] {processor.py:925} INFO - DAG(s) 'example_complex' retrieved from /home/airflow/.local/lib/python3.12/site-packages/airflow/example_dags/example_complex.py
[2026-07-22T00:54:49.220+0000] {logging_mixin.py:190} INFO - [2026-07-22T00:54:49.219+0000] {dag.py:3239} INFO - Sync 1 DAGs
[2026-07-22T00:54:49.242+0000] {logging_mixin.py:190} INFO - [2026-07-22T00:54:49.242+0000] {dag.py:4180} INFO - Setting next_dagrun for example_complex to None, run_after=None
[2026-07-22T00:54:49.268+0000] {processor.py:208} INFO - Processing /home/airflow/.local/lib/python3.12/site-packages/airflow/example_dags/example_complex.py took 0.115 seconds
[2026-07-22T00:55:20.850+0000] {processor.py:186} INFO - Started process (PID=6039) to work on /home/airflow/.local/lib/python3.12/site-packages/airflow/example_dags/example_complex.py
[2026-07-22T00:55:20.851+0000] {processor.py:914} INFO - Processing file /home/airflow/.local/lib/python3.12/site-packages/airflow/example_dags/example_complex.py for tasks to queue
[2026-07-22T00:55:20.856+0000] {logging_mixin.py:190} INFO - [2026-07-22T00:55:20.856+0000] {dagbag.py:588} INFO - Filling up the DagBag from /home/airflow/.local/lib/python3.12/site-packages/airflow/example_dags/example_complex.py
[2026-07-22T00:55:20.876+0000] {processor.py:925} INFO - DAG(s) 'example_complex' retrieved from /home/airflow/.local/lib/python3.12/site-packages/airflow/example_dags/example_complex.py
[2026-07-22T00:55:20.923+0000] {logging_mixin.py:190} INFO - [2026-07-22T00:55:20.922+0000] {dag.py:3239} INFO - Sync 1 DAGs
[2026-07-22T00:55:20.944+0000] {logging_mixin.py:190} INFO - [2026-07-22T00:55:20.944+0000] {dag.py:4180} INFO - Setting next_dagrun for example_complex to None, run_after=None
[2026-07-22T00:55:20.977+0000] {processor.py:208} INFO - Processing /home/airflow/.local/lib/python3.12/site-packages/airflow/example_dags/example_complex.py took 0.136 seconds
[2026-07-22T00:55:52.114+0000] {processor.py:186} INFO - Started process (PID=6103) to work on /home/airflow/.local/lib/python3.12/site-packages/airflow/example_dags/example_complex.py
[2026-07-22T00:55:52.115+0000] {processor.py:914} INFO - Processing file /home/airflow/.local/lib/python3.12/site-packages/airflow/example_dags/example_complex.py for tasks to queue
[2026-07-22T00:55:52.119+0000] {logging_mixin.py:190} INFO - [2026-07-22T00:55:52.118+0000] {dagbag.py:588} INFO - Filling up the DagBag from /home/airflow/.local/lib/python3.12/site-packages/airflow/example_dags/example_complex.py
[2026-07-22T00:55:52.133+0000] {processor.py:925} INFO - DAG(s) 'example_complex' retrieved from /home/airflow/.local/lib/python3.12/site-packages/airflow/example_dags/example_complex.py
[2026-07-22T00:55:52.174+0000] {logging_mixin.py:190} INFO - [2026-07-22T00:55:52.173+0000] {dag.py:3239} INFO - Sync 1 DAGs
[2026-07-22T00:55:52.195+0000] {logging_mixin.py:190} INFO - [2026-07-22T00:55:52.195+0000] {dag.py:4180} INFO - Setting next_dagrun for example_complex to None, run_after=None
[2026-07-22T00:55:52.218+0000] {processor.py:208} INFO - Processing /home/airflow/.local/lib/python3.12/site-packages/airflow/example_dags/example_complex.py took 0.111 seconds
[2026-07-22T00:56:23.316+0000] {processor.py:186} INFO - Started process (PID=6167) to work on /home/airflow/.local/lib/python3.12/site-packages/airflow/example_dags/example_complex.py
[2026-07-22T00:56:23.317+0000] {processor.py:914} INFO - Processing file /home/airflow/.local/lib/python3.12/site-packages/airflow/example_dags/example_complex.py for tasks to queue
[2026-07-22T00:56:23.320+0000] {logging_mixin.py:190} INFO - [2026-07-22T00:56:23.320+0000] {dagbag.py:588} INFO - Filling up the DagBag from /home/airflow/.local/lib/python3.12/site-packages/airflow/example_dags/example_complex.py
[2026-07-22T00:56:23.333+0000] {processor.py:925} INFO - DAG(s) 'example_complex' retrieved from /home/airflow/.local/lib/python3.12/site-packages/airflow/example_dags/example_complex.py
[2026-07-22T00:56:23.366+0000] {logging_mixin.py:190} INFO - [2026-07-22T00:56:23.365+0000] {dag.py:3239} INFO - Sync 1 DAGs
[2026-07-22T00:56:23.387+0000] {logging_mixin.py:190} INFO - [2026-07-22T00:56:23.386+0000] {dag.py:4180} INFO - Setting next_dagrun for example_complex to None, run_after=None
[2026-07-22T00:56:23.416+0000] {processor.py:208} INFO - Processing /home/airflow/.local/lib/python3.12/site-packages/airflow/example_dags/example_complex.py took 0.106 seconds
[2026-07-22T00:56:55.048+0000] {processor.py:186} INFO - Started process (PID=6232) to work on /home/airflow/.local/lib/python3.12/site-packages/airflow/example_dags/example_complex.py
[2026-07-22T00:56:55.050+0000] {processor.py:914} INFO - Processing file /home/airflow/.local/lib/python3.12/site-packages/airflow/example_dags/example_complex.py for tasks to queue
[2026-07-22T00:56:55.054+0000] {logging_mixin.py:190} INFO - [2026-07-22T00:56:55.053+0000] {dagbag.py:588} INFO - Filling up the DagBag from /home/airflow/.local/lib/python3.12/site-packages/airflow/example_dags/example_complex.py
[2026-07-22T00:56:55.068+0000] {processor.py:925} INFO - DAG(s) 'example_complex' retrieved from /home/airflow/.local/lib/python3.12/site-packages/airflow/example_dags/example_complex.py
[2026-07-22T00:56:55.099+0000] {logging_mixin.py:190} INFO - [2026-07-22T00:56:55.099+0000] {dag.py:3239} INFO - Sync 1 DAGs
[2026-07-22T00:56:55.115+0000] {logging_mixin.py:190} INFO - [2026-07-22T00:56:55.115+0000] {dag.py:4180} INFO - Setting next_dagrun for example_complex to None, run_after=None
[2026-07-22T00:56:55.139+0000] {processor.py:208} INFO - Processing /home/airflow/.local/lib/python3.12/site-packages/airflow/example_dags/example_complex.py took 0.099 seconds
[2026-07-22T00:57:26.480+0000] {processor.py:186} INFO - Started process (PID=6296) to work on /home/airflow/.local/lib/python3.12/site-packages/airflow/example_dags/example_complex.py
[2026-07-22T00:57:26.481+0000] {processor.py:914} INFO - Processing file /home/airflow/.local/lib/python3.12/site-packages/airflow/example_dags/example_complex.py for tasks to queue
[2026-07-22T00:57:26.486+0000] {logging_mixin.py:190} INFO - [2026-07-22T00:57:26.485+0000] {dagbag.py:588} INFO - Filling up the DagBag from /home/airflow/.local/lib/python3.12/site-packages/airflow/example_dags/example_complex.py
[2026-07-22T00:57:26.504+0000] {processor.py:925} INFO - DAG(s) 'example_complex' retrieved from /home/airflow/.local/lib/python3.12/site-packages/airflow/example_dags/example_complex.py
[2026-07-22T00:57:26.544+0000] {logging_mixin.py:190} INFO - [2026-07-22T00:57:26.543+0000] {dag.py:3239} INFO - Sync 1 DAGs
[2026-07-22T00:57:26.562+0000] {logging_mixin.py:190} INFO - [2026-07-22T00:57:26.562+0000] {dag.py:4180} INFO - Setting next_dagrun for example_complex to None, run_after=None
[2026-07-22T00:57:26.590+0000] {processor.py:208} INFO - Processing /home/airflow/.local/lib/python3.12/site-packages/airflow/example_dags/example_complex.py took 0.119 seconds
[2026-07-22T00:57:57.278+0000] {processor.py:186} INFO - Started process (PID=6360) to work on /home/airflow/.local/lib/python3.12/site-packages/airflow/example_dags/example_complex.py
[2026-07-22T00:57:57.279+0000] {processor.py:914} INFO - Processing file /home/airflow/.local/lib/python3.12/site-packages/airflow/example_dags/example_complex.py for tasks to queue
[2026-07-22T00:57:57.282+0000] {logging_mixin.py:190} INFO - [2026-07-22T00:57:57.281+0000] {dagbag.py:588} INFO - Filling up the DagBag from /home/airflow/.local/lib/python3.12/site-packages/airflow/example_dags/example_complex.py
[2026-07-22T00:57:57.295+0000] {processor.py:925} INFO - DAG(s) 'example_complex' retrieved from /home/airflow/.local/lib/python3.12/site-packages/airflow/example_dags/example_complex.py
[2026-07-22T00:57:57.330+0000] {logging_mixin.py:190} INFO - [2026-07-22T00:57:57.330+0000] {dag.py:3239} INFO - Sync 1 DAGs
[2026-07-22T00:57:57.350+0000] {logging_mixin.py:190} INFO - [2026-07-22T00:57:57.349+0000] {dag.py:4180} INFO - Setting next_dagrun for example_complex to None, run_after=None
[2026-07-22T00:57:57.376+0000] {processor.py:208} INFO - Processing /home/airflow/.local/lib/python3.12/site-packages/airflow/example_dags/example_complex.py took 0.105 seconds
[2026-07-22T00:58:28.605+0000] {processor.py:186} INFO - Started process (PID=6424) to work on /home/airflow/.local/lib/python3.12/site-packages/airflow/example_dags/example_complex.py
[2026-07-22T00:58:28.606+0000] {processor.py:914} INFO - Processing file /home/airflow/.local/lib/python3.12/site-packages/airflow/example_dags/example_complex.py for tasks to queue
[2026-07-22T00:58:28.609+0000] {logging_mixin.py:190} INFO - [2026-07-22T00:58:28.609+0000] {dagbag.py:588} INFO - Filling up the DagBag from /home/airflow/.local/lib/python3.12/site-packages/airflow/example_dags/example_complex.py
[2026-07-22T00:58:28.621+0000] {processor.py:925} INFO - DAG(s) 'example_complex' retrieved from /home/airflow/.local/lib/python3.12/site-packages/airflow/example_dags/example_complex.py
[2026-07-22T00:58:28.653+0000] {logging_mixin.py:190} INFO - [2026-07-22T00:58:28.653+0000] {dag.py:3239} INFO - Sync 1 DAGs
[2026-07-22T00:58:28.673+0000] {logging_mixin.py:190} INFO - [2026-07-22T00:58:28.673+0000] {dag.py:4180} INFO - Setting next_dagrun for example_complex to None, run_after=None
[2026-07-22T00:58:28.695+0000] {processor.py:208} INFO - Processing /home/airflow/.local/lib/python3.12/site-packages/airflow/example_dags/example_complex.py took 0.095 seconds
[2026-07-22T00:59:00.180+0000] {processor.py:186} INFO - Started process (PID=6488) to work on /home/airflow/.local/lib/python3.12/site-packages/airflow/example_dags/example_complex.py
[2026-07-22T00:59:00.182+0000] {processor.py:914} INFO - Processing file /home/airflow/.local/lib/python3.12/site-packages/airflow/example_dags/example_complex.py for tasks to queue
[2026-07-22T00:59:00.185+0000] {logging_mixin.py:190} INFO - [2026-07-22T00:59:00.185+0000] {dagbag.py:588} INFO - Filling up the DagBag from /home/airflow/.local/lib/python3.12/site-packages/airflow/example_dags/example_complex.py
[2026-07-22T00:59:00.201+0000] {processor.py:925} INFO - DAG(s) 'example_complex' retrieved from /home/airflow/.local/lib/python3.12/site-packages/airflow/example_dags/example_complex.py
[2026-07-22T00:59:00.236+0000] {logging_mixin.py:190} INFO - [2026-07-22T00:59:00.236+0000] {dag.py:3239} INFO - Sync 1 DAGs
[2026-07-22T00:59:00.260+0000] {logging_mixin.py:190} INFO - [2026-07-22T00:59:00.259+0000] {dag.py:4180} INFO - Setting next_dagrun for example_complex to None, run_after=None
[2026-07-22T00:59:00.292+0000] {processor.py:208} INFO - Processing /home/airflow/.local/lib/python3.12/site-packages/airflow/example_dags/example_complex.py took 0.119 seconds
[2026-07-22T00:59:31.295+0000] {processor.py:186} INFO - Started process (PID=6552) to work on /home/airflow/.local/lib/python3.12/site-packages/airflow/example_dags/example_complex.py
[2026-07-22T00:59:31.296+0000] {processor.py:914} INFO - Processing file /home/airflow/.local/lib/python3.12/site-packages/airflow/example_dags/example_complex.py for tasks to queue
[2026-07-22T00:59:31.299+0000] {logging_mixin.py:190} INFO - [2026-07-22T00:59:31.299+0000] {dagbag.py:588} INFO - Filling up the DagBag from /home/airflow/.local/lib/python3.12/site-packages/airflow/example_dags/example_complex.py
[2026-07-22T00:59:31.322+0000] {processor.py:925} INFO - DAG(s) 'example_complex' retrieved from /home/airflow/.local/lib/python3.12/site-packages/airflow/example_dags/example_complex.py
[2026-07-22T00:59:31.372+0000] {logging_mixin.py:190} INFO - [2026-07-22T00:59:31.372+0000] {dag.py:3239} INFO - Sync 1 DAGs
[2026-07-22T00:59:31.392+0000] {logging_mixin.py:190} INFO - [2026-07-22T00:59:31.392+0000] {dag.py:4180} INFO - Setting next_dagrun for example_complex to None, run_after=None
[2026-07-22T00:59:31.419+0000] {processor.py:208} INFO - Processing /home/airflow/.local/lib/python3.12/site-packages/airflow/example_dags/example_complex.py took 0.131 seconds
[2026-07-22T01:00:02.671+0000] {processor.py:186} INFO - Started process (PID=6616) to work on /home/airflow/.local/lib/python3.12/site-packages/airflow/example_dags/example_complex.py
[2026-07-22T01:00:02.672+0000] {processor.py:914} INFO - Processing file /home/airflow/.local/lib/python3.12/site-packages/airflow/example_dags/example_complex.py for tasks to queue
[2026-07-22T01:00:02.675+0000] {logging_mixin.py:190} INFO - [2026-07-22T01:00:02.675+0000] {dagbag.py:588} INFO - Filling up the DagBag from /home/airflow/.local/lib/python3.12/site-packages/airflow/example_dags/example_complex.py
[2026-07-22T01:00:02.688+0000] {processor.py:925} INFO - DAG(s) 'example_complex' retrieved from /home/airflow/.local/lib/python3.12/site-packages/airflow/example_dags/example_complex.py
[2026-07-22T01:00:02.720+0000] {logging_mixin.py:190} INFO - [2026-07-22T01:00:02.720+0000] {dag.py:3239} INFO - Sync 1 DAGs
[2026-07-22T01:00:02.739+0000] {logging_mixin.py:190} INFO - [2026-07-22T01:00:02.739+0000] {dag.py:4180} INFO - Setting next_dagrun for example_complex to None, run_after=None
[2026-07-22T01:00:02.761+0000] {processor.py:208} INFO - Processing /home/airflow/.local/lib/python3.12/site-packages/airflow/example_dags/example_complex.py took 0.096 seconds
[2026-07-22T01:00:34.485+0000] {processor.py:186} INFO - Started process (PID=6686) to work on /home/airflow/.local/lib/python3.12/site-packages/airflow/example_dags/example_complex.py
[2026-07-22T01:00:34.487+0000] {processor.py:914} INFO - Processing file /home/airflow/.local/lib/python3.12/site-packages/airflow/example_dags/example_complex.py for tasks to queue
[2026-07-22T01:00:34.491+0000] {logging_mixin.py:190} INFO - [2026-07-22T01:00:34.491+0000] {dagbag.py:588} INFO - Filling up the DagBag from /home/airflow/.local/lib/python3.12/site-packages/airflow/example_dags/example_complex.py
[2026-07-22T01:00:34.506+0000] {processor.py:925} INFO - DAG(s) 'example_complex' retrieved from /home/airflow/.local/lib/python3.12/site-packages/airflow/example_dags/example_complex.py
[2026-07-22T01:00:34.546+0000] {logging_mixin.py:190} INFO - [2026-07-22T01:00:34.546+0000] {dag.py:3239} INFO - Sync 1 DAGs
[2026-07-22T01:00:34.568+0000] {logging_mixin.py:190} INFO - [2026-07-22T01:00:34.568+0000] {dag.py:4180} INFO - Setting next_dagrun for example_complex to None, run_after=None
[2026-07-22T01:00:34.594+0000] {processor.py:208} INFO - Processing /home/airflow/.local/lib/python3.12/site-packages/airflow/example_dags/example_complex.py took 0.118 seconds
[2026-07-22T01:01:05.865+0000] {processor.py:186} INFO - Started process (PID=6750) to work on /home/airflow/.local/lib/python3.12/site-packages/airflow/example_dags/example_complex.py
[2026-07-22T01:01:05.866+0000] {processor.py:914} INFO - Processing file /home/airflow/.local/lib/python3.12/site-packages/airflow/example_dags/example_complex.py for tasks to queue
[2026-07-22T01:01:05.870+0000] {logging_mixin.py:190} INFO - [2026-07-22T01:01:05.870+0000] {dagbag.py:588} INFO - Filling up the DagBag from /home/airflow/.local/lib/python3.12/site-packages/airflow/example_dags/example_complex.py
[2026-07-22T01:01:05.890+0000] {processor.py:925} INFO - DAG(s) 'example_complex' retrieved from /home/airflow/.local/lib/python3.12/site-packages/airflow/example_dags/example_complex.py
[2026-07-22T01:01:05.933+0000] {logging_mixin.py:190} INFO - [2026-07-22T01:01:05.932+0000] {dag.py:3239} INFO - Sync 1 DAGs
[2026-07-22T01:01:05.958+0000] {logging_mixin.py:190} INFO - [2026-07-22T01:01:05.957+0000] {dag.py:4180} INFO - Setting next_dagrun for example_complex to None, run_after=None
[2026-07-22T01:01:05.988+0000] {processor.py:208} INFO - Processing /home/airflow/.local/lib/python3.12/site-packages/airflow/example_dags/example_complex.py took 0.131 seconds
[2026-07-22T01:01:37.205+0000] {processor.py:186} INFO - Started process (PID=6814) to work on /home/airflow/.local/lib/python3.12/site-packages/airflow/example_dags/example_complex.py
[2026-07-22T01:01:37.208+0000] {processor.py:914} INFO - Processing file /home/airflow/.local/lib/python3.12/site-packages/airflow/example_dags/example_complex.py for tasks to queue
[2026-07-22T01:01:37.215+0000] {logging_mixin.py:190} INFO - [2026-07-22T01:01:37.214+0000] {dagbag.py:588} INFO - Filling up the DagBag from /home/airflow/.local/lib/python3.12/site-packages/airflow/example_dags/example_complex.py
[2026-07-22T01:01:37.246+0000] {processor.py:925} INFO - DAG(s) 'example_complex' retrieved from /home/airflow/.local/lib/python3.12/site-packages/airflow/example_dags/example_complex.py
[2026-07-22T01:01:37.318+0000] {logging_mixin.py:190} INFO - [2026-07-22T01:01:37.317+0000] {dag.py:3239} INFO - Sync 1 DAGs
[2026-07-22T01:01:37.348+0000] {logging_mixin.py:190} INFO - [2026-07-22T01:01:37.348+0000] {dag.py:4180} INFO - Setting next_dagrun for example_complex to None, run_after=None
[2026-07-22T01:01:37.392+0000] {processor.py:208} INFO - Processing /home/airflow/.local/lib/python3.12/site-packages/airflow/example_dags/example_complex.py took 0.202 seconds
[2026-07-22T01:02:08.542+0000] {processor.py:186} INFO - Started process (PID=6878) to work on /home/airflow/.local/lib/python3.12/site-packages/airflow/example_dags/example_complex.py
[2026-07-22T01:02:08.543+0000] {processor.py:914} INFO - Processing file /home/airflow/.local/lib/python3.12/site-packages/airflow/example_dags/example_complex.py for tasks to queue
[2026-07-22T01:02:08.546+0000] {logging_mixin.py:190} INFO - [2026-07-22T01:02:08.546+0000] {dagbag.py:588} INFO - Filling up the DagBag from /home/airflow/.local/lib/python3.12/site-packages/airflow/example_dags/example_complex.py
[2026-07-22T01:02:08.562+0000] {processor.py:925} INFO - DAG(s) 'example_complex' retrieved from /home/airflow/.local/lib/python3.12/site-packages/airflow/example_dags/example_complex.py
[2026-07-22T01:02:08.595+0000] {logging_mixin.py:190} INFO - [2026-07-22T01:02:08.595+0000] {dag.py:3239} INFO - Sync 1 DAGs
[2026-07-22T01:02:08.611+0000] {logging_mixin.py:190} INFO - [2026-07-22T01:02:08.611+0000] {dag.py:4180} INFO - Setting next_dagrun for example_complex to None, run_after=None
[2026-07-22T01:02:08.633+0000] {processor.py:208} INFO - Processing /home/airflow/.local/lib/python3.12/site-packages/airflow/example_dags/example_complex.py took 0.097 seconds
[2026-07-22T01:02:40.175+0000] {processor.py:186} INFO - Started process (PID=6942) to work on /home/airflow/.local/lib/python3.12/site-packages/airflow/example_dags/example_complex.py
[2026-07-22T01:02:40.177+0000] {processor.py:914} INFO - Processing file /home/airflow/.local/lib/python3.12/site-packages/airflow/example_dags/example_complex.py for tasks to queue
[2026-07-22T01:02:40.181+0000] {logging_mixin.py:190} INFO - [2026-07-22T01:02:40.180+0000] {dagbag.py:588} INFO - Filling up the DagBag from /home/airflow/.local/lib/python3.12/site-packages/airflow/example_dags/example_complex.py
[2026-07-22T01:02:40.194+0000] {processor.py:925} INFO - DAG(s) 'example_complex' retrieved from /home/airflow/.local/lib/python3.12/site-packages/airflow/example_dags/example_complex.py
[2026-07-22T01:02:40.234+0000] {logging_mixin.py:190} INFO - [2026-07-22T01:02:40.234+0000] {dag.py:3239} INFO - Sync 1 DAGs
[2026-07-22T01:02:40.253+0000] {logging_mixin.py:190} INFO - [2026-07-22T01:02:40.253+0000] {dag.py:4180} INFO - Setting next_dagrun for example_complex to None, run_after=None
[2026-07-22T01:02:40.285+0000] {processor.py:208} INFO - Processing /home/airflow/.local/lib/python3.12/site-packages/airflow/example_dags/example_complex.py took 0.118 seconds
[2026-07-22T01:03:11.257+0000] {processor.py:186} INFO - Started process (PID=7006) to work on /home/airflow/.local/lib/python3.12/site-packages/airflow/example_dags/example_complex.py
[2026-07-22T01:03:11.258+0000] {processor.py:914} INFO - Processing file /home/airflow/.local/lib/python3.12/site-packages/airflow/example_dags/example_complex.py for tasks to queue
[2026-07-22T01:03:11.262+0000] {logging_mixin.py:190} INFO - [2026-07-22T01:03:11.261+0000] {dagbag.py:588} INFO - Filling up the DagBag from /home/airflow/.local/lib/python3.12/site-packages/airflow/example_dags/example_complex.py
[2026-07-22T01:03:11.276+0000] {processor.py:925} INFO - DAG(s) 'example_complex' retrieved from /home/airflow/.local/lib/python3.12/site-packages/airflow/example_dags/example_complex.py
[2026-07-22T01:03:11.315+0000] {logging_mixin.py:190} INFO - [2026-07-22T01:03:11.315+0000] {dag.py:3239} INFO - Sync 1 DAGs
[2026-07-22T01:03:11.336+0000] {logging_mixin.py:190} INFO - [2026-07-22T01:03:11.336+0000] {dag.py:4180} INFO - Setting next_dagrun for example_complex to None, run_after=None
[2026-07-22T01:03:11.361+0000] {processor.py:208} INFO - Processing /home/airflow/.local/lib/python3.12/site-packages/airflow/example_dags/example_complex.py took 0.113 seconds
[2026-07-22T01:03:42.464+0000] {processor.py:186} INFO - Started process (PID=7070) to work on /home/airflow/.local/lib/python3.12/site-packages/airflow/example_dags/example_complex.py
[2026-07-22T01:03:42.465+0000] {processor.py:914} INFO - Processing file /home/airflow/.local/lib/python3.12/site-packages/airflow/example_dags/example_complex.py for tasks to queue
[2026-07-22T01:03:42.468+0000] {logging_mixin.py:190} INFO - [2026-07-22T01:03:42.467+0000] {dagbag.py:588} INFO - Filling up the DagBag from /home/airflow/.local/lib/python3.12/site-packages/airflow/example_dags/example_complex.py
[2026-07-22T01:03:42.481+0000] {processor.py:925} INFO - DAG(s) 'example_complex' retrieved from /home/airflow/.local/lib/python3.12/site-packages/airflow/example_dags/example_complex.py
[2026-07-22T01:03:42.513+0000] {logging_mixin.py:190} INFO - [2026-07-22T01:03:42.513+0000] {dag.py:3239} INFO - Sync 1 DAGs
[2026-07-22T01:03:42.532+0000] {logging_mixin.py:190} INFO - [2026-07-22T01:03:42.532+0000] {dag.py:4180} INFO - Setting next_dagrun for example_complex to None, run_after=None
[2026-07-22T01:03:42.558+0000] {processor.py:208} INFO - Processing /home/airflow/.local/lib/python3.12/site-packages/airflow/example_dags/example_complex.py took 0.101 seconds
[2026-07-22T01:04:14.032+0000] {processor.py:186} INFO - Started process (PID=7134) to work on /home/airflow/.local/lib/python3.12/site-packages/airflow/example_dags/example_complex.py
[2026-07-22T01:04:14.034+0000] {processor.py:914} INFO - Processing file /home/airflow/.local/lib/python3.12/site-packages/airflow/example_dags/example_complex.py for tasks to queue
[2026-07-22T01:04:14.039+0000] {logging_mixin.py:190} INFO - [2026-07-22T01:04:14.038+0000] {dagbag.py:588} INFO - Filling up the DagBag from /home/airflow/.local/lib/python3.12/site-packages/airflow/example_dags/example_complex.py
[2026-07-22T01:04:14.056+0000] {processor.py:925} INFO - DAG(s) 'example_complex' retrieved from /home/airflow/.local/lib/python3.12/site-packages/airflow/example_dags/example_complex.py
[2026-07-22T01:04:14.116+0000] {logging_mixin.py:190} INFO - [2026-07-22T01:04:14.116+0000] {dag.py:3239} INFO - Sync 1 DAGs
[2026-07-22T01:04:14.144+0000] {logging_mixin.py:190} INFO - [2026-07-22T01:04:14.144+0000] {dag.py:4180} INFO - Setting next_dagrun for example_complex to None, run_after=None
[2026-07-22T01:04:14.174+0000] {processor.py:208} INFO - Processing /home/airflow/.local/lib/python3.12/site-packages/airflow/example_dags/example_complex.py took 0.153 seconds
[2026-07-22T01:04:45.583+0000] {processor.py:186} INFO - Started process (PID=7199) to work on /home/airflow/.local/lib/python3.12/site-packages/airflow/example_dags/example_complex.py
[2026-07-22T01:04:45.585+0000] {processor.py:914} INFO - Processing file /home/airflow/.local/lib/python3.12/site-packages/airflow/example_dags/example_complex.py for tasks to queue
[2026-07-22T01:04:45.589+0000] {logging_mixin.py:190} INFO - [2026-07-22T01:04:45.588+0000] {dagbag.py:588} INFO - Filling up the DagBag from /home/airflow/.local/lib/python3.12/site-packages/airflow/example_dags/example_complex.py
[2026-07-22T01:04:45.608+0000] {processor.py:925} INFO - DAG(s) 'example_complex' retrieved from /home/airflow/.local/lib/python3.12/site-packages/airflow/example_dags/example_complex.py
[2026-07-22T01:04:45.654+0000] {logging_mixin.py:190} INFO - [2026-07-22T01:04:45.653+0000] {dag.py:3239} INFO - Sync 1 DAGs
[2026-07-22T01:04:45.677+0000] {logging_mixin.py:190} INFO - [2026-07-22T01:04:45.676+0000] {dag.py:4180} INFO - Setting next_dagrun for example_complex to None, run_after=None
[2026-07-22T01:04:45.703+0000] {processor.py:208} INFO - Processing /home/airflow/.local/lib/python3.12/site-packages/airflow/example_dags/example_complex.py took 0.128 seconds
[2026-07-22T01:05:16.759+0000] {processor.py:186} INFO - Started process (PID=7263) to work on /home/airflow/.local/lib/python3.12/site-packages/airflow/example_dags/example_complex.py
[2026-07-22T01:05:16.760+0000] {processor.py:914} INFO - Processing file /home/airflow/.local/lib/python3.12/site-packages/airflow/example_dags/example_complex.py for tasks to queue
[2026-07-22T01:05:16.763+0000] {logging_mixin.py:190} INFO - [2026-07-22T01:05:16.763+0000] {dagbag.py:588} INFO - Filling up the DagBag from /home/airflow/.local/lib/python3.12/site-packages/airflow/example_dags/example_complex.py
[2026-07-22T01:05:16.779+0000] {processor.py:925} INFO - DAG(s) 'example_complex' retrieved from /home/airflow/.local/lib/python3.12/site-packages/airflow/example_dags/example_complex.py
[2026-07-22T01:05:16.814+0000] {logging_mixin.py:190} INFO - [2026-07-22T01:05:16.814+0000] {dag.py:3239} INFO - Sync 1 DAGs
[2026-07-22T01:05:16.836+0000] {logging_mixin.py:190} INFO - [2026-07-22T01:05:16.836+0000] {dag.py:4180} INFO - Setting next_dagrun for example_complex to None, run_after=None
[2026-07-22T01:05:16.860+0000] {processor.py:208} INFO - Processing /home/airflow/.local/lib/python3.12/site-packages/airflow/example_dags/example_complex.py took 0.107 seconds
[2026-07-22T01:05:48.109+0000] {processor.py:186} INFO - Started process (PID=7327) to work on /home/airflow/.local/lib/python3.12/site-packages/airflow/example_dags/example_complex.py
[2026-07-22T01:05:48.111+0000] {processor.py:914} INFO - Processing file /home/airflow/.local/lib/python3.12/site-packages/airflow/example_dags/example_complex.py for tasks to queue
[2026-07-22T01:05:48.114+0000] {logging_mixin.py:190} INFO - [2026-07-22T01:05:48.113+0000] {dagbag.py:588} INFO - Filling up the DagBag from /home/airflow/.local/lib/python3.12/site-packages/airflow/example_dags/example_complex.py
[2026-07-22T01:05:48.127+0000] {processor.py:925} INFO - DAG(s) 'example_complex' retrieved from /home/airflow/.local/lib/python3.12/site-packages/airflow/example_dags/example_complex.py
[2026-07-22T01:05:48.159+0000] {logging_mixin.py:190} INFO - [2026-07-22T01:05:48.159+0000] {dag.py:3239} INFO - Sync 1 DAGs
[2026-07-22T01:05:48.179+0000] {logging_mixin.py:190} INFO - [2026-07-22T01:05:48.178+0000] {dag.py:4180} INFO - Setting next_dagrun for example_complex to None, run_after=None
[2026-07-22T01:05:48.204+0000] {processor.py:208} INFO - Processing /home/airflow/.local/lib/python3.12/site-packages/airflow/example_dags/example_complex.py took 0.101 seconds
[2026-07-22T01:06:19.600+0000] {processor.py:186} INFO - Started process (PID=7392) to work on /home/airflow/.local/lib/python3.12/site-packages/airflow/example_dags/example_complex.py
[2026-07-22T01:06:19.601+0000] {processor.py:914} INFO - Processing file /home/airflow/.local/lib/python3.12/site-packages/airflow/example_dags/example_complex.py for tasks to queue
[2026-07-22T01:06:19.605+0000] {logging_mixin.py:190} INFO - [2026-07-22T01:06:19.605+0000] {dagbag.py:588} INFO - Filling up the DagBag from /home/airflow/.local/lib/python3.12/site-packages/airflow/example_dags/example_complex.py
[2026-07-22T01:06:19.619+0000] {processor.py:925} INFO - DAG(s) 'example_complex' retrieved from /home/airflow/.local/lib/python3.12/site-packages/airflow/example_dags/example_complex.py
[2026-07-22T01:06:19.657+0000] {logging_mixin.py:190} INFO - [2026-07-22T01:06:19.656+0000] {dag.py:3239} INFO - Sync 1 DAGs
[2026-07-22T01:06:19.678+0000] {logging_mixin.py:190} INFO - [2026-07-22T01:06:19.678+0000] {dag.py:4180} INFO - Setting next_dagrun for example_complex to None, run_after=None
[2026-07-22T01:06:19.704+0000] {processor.py:208} INFO - Processing /home/airflow/.local/lib/python3.12/site-packages/airflow/example_dags/example_complex.py took 0.113 seconds
[2026-07-22T01:06:50.981+0000] {processor.py:186} INFO - Started process (PID=7456) to work on /home/airflow/.local/lib/python3.12/site-packages/airflow/example_dags/example_complex.py
[2026-07-22T01:06:50.983+0000] {processor.py:914} INFO - Processing file /home/airflow/.local/lib/python3.12/site-packages/airflow/example_dags/example_complex.py for tasks to queue
[2026-07-22T01:06:50.986+0000] {logging_mixin.py:190} INFO - [2026-07-22T01:06:50.985+0000] {dagbag.py:588} INFO - Filling up the DagBag from /home/airflow/.local/lib/python3.12/site-packages/airflow/example_dags/example_complex.py
[2026-07-22T01:06:51.002+0000] {processor.py:925} INFO - DAG(s) 'example_complex' retrieved from /home/airflow/.local/lib/python3.12/site-packages/airflow/example_dags/example_complex.py
[2026-07-22T01:06:51.038+0000] {logging_mixin.py:190} INFO - [2026-07-22T01:06:51.038+0000] {dag.py:3239} INFO - Sync 1 DAGs
[2026-07-22T01:06:51.056+0000] {logging_mixin.py:190} INFO - [2026-07-22T01:06:51.056+0000] {dag.py:4180} INFO - Setting next_dagrun for example_complex to None, run_after=None
[2026-07-22T01:06:51.078+0000] {processor.py:208} INFO - Processing /home/airflow/.local/lib/python3.12/site-packages/airflow/example_dags/example_complex.py took 0.103 seconds
[2026-07-22T01:07:22.812+0000] {processor.py:186} INFO - Started process (PID=7522) to work on /home/airflow/.local/lib/python3.12/site-packages/airflow/example_dags/example_complex.py
[2026-07-22T01:07:22.814+0000] {processor.py:914} INFO - Processing file /home/airflow/.local/lib/python3.12/site-packages/airflow/example_dags/example_complex.py for tasks to queue
[2026-07-22T01:07:22.817+0000] {logging_mixin.py:190} INFO - [2026-07-22T01:07:22.816+0000] {dagbag.py:588} INFO - Filling up the DagBag from /home/airflow/.local/lib/python3.12/site-packages/airflow/example_dags/example_complex.py
[2026-07-22T01:07:22.835+0000] {processor.py:925} INFO - DAG(s) 'example_complex' retrieved from /home/airflow/.local/lib/python3.12/site-packages/airflow/example_dags/example_complex.py
[2026-07-22T01:07:22.874+0000] {logging_mixin.py:190} INFO - [2026-07-22T01:07:22.874+0000] {dag.py:3239} INFO - Sync 1 DAGs
[2026-07-22T01:07:22.896+0000] {logging_mixin.py:190} INFO - [2026-07-22T01:07:22.896+0000] {dag.py:4180} INFO - Setting next_dagrun for example_complex to None, run_after=None
[2026-07-22T01:07:22.921+0000] {processor.py:208} INFO - Processing /home/airflow/.local/lib/python3.12/site-packages/airflow/example_dags/example_complex.py took 0.115 seconds
[2026-07-22T01:07:53.154+0000] {processor.py:186} INFO - Started process (PID=7586) to work on /home/airflow/.local/lib/python3.12/site-packages/airflow/example_dags/example_complex.py
[2026-07-22T01:07:53.156+0000] {processor.py:914} INFO - Processing file /home/airflow/.local/lib/python3.12/site-packages/airflow/example_dags/example_complex.py for tasks to queue
[2026-07-22T01:07:53.160+0000] {logging_mixin.py:190} INFO - [2026-07-22T01:07:53.159+0000] {dagbag.py:588} INFO - Filling up the DagBag from /home/airflow/.local/lib/python3.12/site-packages/airflow/example_dags/example_complex.py
[2026-07-22T01:07:53.176+0000] {processor.py:925} INFO - DAG(s) 'example_complex' retrieved from /home/airflow/.local/lib/python3.12/site-packages/airflow/example_dags/example_complex.py
[2026-07-22T01:07:53.212+0000] {logging_mixin.py:190} INFO - [2026-07-22T01:07:53.212+0000] {dag.py:3239} INFO - Sync 1 DAGs
[2026-07-22T01:07:53.229+0000] {logging_mixin.py:190} INFO - [2026-07-22T01:07:53.228+0000] {dag.py:4180} INFO - Setting next_dagrun for example_complex to None, run_after=None
[2026-07-22T01:07:53.251+0000] {processor.py:208} INFO - Processing /home/airflow/.local/lib/python3.12/site-packages/airflow/example_dags/example_complex.py took 0.103 seconds
[2026-07-22T01:08:23.712+0000] {processor.py:186} INFO - Started process (PID=7649) to work on /home/airflow/.local/lib/python3.12/site-packages/airflow/example_dags/example_complex.py
[2026-07-22T01:08:23.713+0000] {processor.py:914} INFO - Processing file /home/airflow/.local/lib/python3.12/site-packages/airflow/example_dags/example_complex.py for tasks to queue
[2026-07-22T01:08:23.718+0000] {logging_mixin.py:190} INFO - [2026-07-22T01:08:23.717+0000] {dagbag.py:588} INFO - Filling up the DagBag from /home/airflow/.local/lib/python3.12/site-packages/airflow/example_dags/example_complex.py
[2026-07-22T01:08:23.734+0000] {processor.py:925} INFO - DAG(s) 'example_complex' retrieved from /home/airflow/.local/lib/python3.12/site-packages/airflow/example_dags/example_complex.py
[2026-07-22T01:08:23.772+0000] {logging_mixin.py:190} INFO - [2026-07-22T01:08:23.772+0000] {dag.py:3239} INFO - Sync 1 DAGs
[2026-07-22T01:08:23.793+0000] {logging_mixin.py:190} INFO - [2026-07-22T01:08:23.792+0000] {dag.py:4180} INFO - Setting next_dagrun for example_complex to None, run_after=None
[2026-07-22T01:08:23.817+0000] {processor.py:208} INFO - Processing /home/airflow/.local/lib/python3.12/site-packages/airflow/example_dags/example_complex.py took 0.115 seconds
[2026-07-22T01:08:55.022+0000] {processor.py:186} INFO - Started process (PID=7716) to work on /home/airflow/.local/lib/python3.12/site-packages/airflow/example_dags/example_complex.py
[2026-07-22T01:08:55.024+0000] {processor.py:914} INFO - Processing file /home/airflow/.local/lib/python3.12/site-packages/airflow/example_dags/example_complex.py for tasks to queue
[2026-07-22T01:08:55.029+0000] {logging_mixin.py:190} INFO - [2026-07-22T01:08:55.028+0000] {dagbag.py:588} INFO - Filling up the DagBag from /home/airflow/.local/lib/python3.12/site-packages/airflow/example_dags/example_complex.py
[2026-07-22T01:08:55.047+0000] {processor.py:925} INFO - DAG(s) 'example_complex' retrieved from /home/airflow/.local/lib/python3.12/site-packages/airflow/example_dags/example_complex.py
[2026-07-22T01:08:55.087+0000] {logging_mixin.py:190} INFO - [2026-07-22T01:08:55.086+0000] {dag.py:3239} INFO - Sync 1 DAGs
[2026-07-22T01:08:55.105+0000] {logging_mixin.py:190} INFO - [2026-07-22T01:08:55.105+0000] {dag.py:4180} INFO - Setting next_dagrun for example_complex to None, run_after=None
[2026-07-22T01:08:55.130+0000] {processor.py:208} INFO - Processing /home/airflow/.local/lib/python3.12/site-packages/airflow/example_dags/example_complex.py took 0.116 seconds
[2026-07-22T01:09:25.440+0000] {processor.py:186} INFO - Started process (PID=7781) to work on /home/airflow/.local/lib/python3.12/site-packages/airflow/example_dags/example_complex.py
[2026-07-22T01:09:25.441+0000] {processor.py:914} INFO - Processing file /home/airflow/.local/lib/python3.12/site-packages/airflow/example_dags/example_complex.py for tasks to queue
[2026-07-22T01:09:25.448+0000] {logging_mixin.py:190} INFO - [2026-07-22T01:09:25.448+0000] {dagbag.py:588} INFO - Filling up the DagBag from /home/airflow/.local/lib/python3.12/site-packages/airflow/example_dags/example_complex.py
[2026-07-22T01:09:25.470+0000] {processor.py:925} INFO - DAG(s) 'example_complex' retrieved from /home/airflow/.local/lib/python3.12/site-packages/airflow/example_dags/example_complex.py
[2026-07-22T01:09:25.524+0000] {logging_mixin.py:190} INFO - [2026-07-22T01:09:25.524+0000] {dag.py:3239} INFO - Sync 1 DAGs
[2026-07-22T01:09:25.551+0000] {logging_mixin.py:190} INFO - [2026-07-22T01:09:25.551+0000] {dag.py:4180} INFO - Setting next_dagrun for example_complex to None, run_after=None
[2026-07-22T01:09:25.583+0000] {processor.py:208} INFO - Processing /home/airflow/.local/lib/python3.12/site-packages/airflow/example_dags/example_complex.py took 0.153 seconds
[2026-07-22T01:09:56.035+0000] {processor.py:186} INFO - Started process (PID=7845) to work on /home/airflow/.local/lib/python3.12/site-packages/airflow/example_dags/example_complex.py
[2026-07-22T01:09:56.036+0000] {processor.py:914} INFO - Processing file /home/airflow/.local/lib/python3.12/site-packages/airflow/example_dags/example_complex.py for tasks to queue
[2026-07-22T01:09:56.040+0000] {logging_mixin.py:190} INFO - [2026-07-22T01:09:56.040+0000] {dagbag.py:588} INFO - Filling up the DagBag from /home/airflow/.local/lib/python3.12/site-packages/airflow/example_dags/example_complex.py
[2026-07-22T01:09:56.054+0000] {processor.py:925} INFO - DAG(s) 'example_complex' retrieved from /home/airflow/.local/lib/python3.12/site-packages/airflow/example_dags/example_complex.py
[2026-07-22T01:09:56.092+0000] {logging_mixin.py:190} INFO - [2026-07-22T01:09:56.092+0000] {dag.py:3239} INFO - Sync 1 DAGs
[2026-07-22T01:09:56.112+0000] {logging_mixin.py:190} INFO - [2026-07-22T01:09:56.112+0000] {dag.py:4180} INFO - Setting next_dagrun for example_complex to None, run_after=None
[2026-07-22T01:09:56.136+0000] {processor.py:208} INFO - Processing /home/airflow/.local/lib/python3.12/site-packages/airflow/example_dags/example_complex.py took 0.108 seconds
[2026-07-22T01:10:26.506+0000] {processor.py:186} INFO - Started process (PID=7909) to work on /home/airflow/.local/lib/python3.12/site-packages/airflow/example_dags/example_complex.py
[2026-07-22T01:10:26.507+0000] {processor.py:914} INFO - Processing file /home/airflow/.local/lib/python3.12/site-packages/airflow/example_dags/example_complex.py for tasks to queue
[2026-07-22T01:10:26.510+0000] {logging_mixin.py:190} INFO - [2026-07-22T01:10:26.510+0000] {dagbag.py:588} INFO - Filling up the DagBag from /home/airflow/.local/lib/python3.12/site-packages/airflow/example_dags/example_complex.py
[2026-07-22T01:10:26.525+0000] {processor.py:925} INFO - DAG(s) 'example_complex' retrieved from /home/airflow/.local/lib/python3.12/site-packages/airflow/example_dags/example_complex.py
[2026-07-22T01:10:26.559+0000] {logging_mixin.py:190} INFO - [2026-07-22T01:10:26.559+0000] {dag.py:3239} INFO - Sync 1 DAGs
[2026-07-22T01:10:26.577+0000] {logging_mixin.py:190} INFO - [2026-07-22T01:10:26.577+0000] {dag.py:4180} INFO - Setting next_dagrun for example_complex to None, run_after=None
[2026-07-22T01:10:26.599+0000] {processor.py:208} INFO - Processing /home/airflow/.local/lib/python3.12/site-packages/airflow/example_dags/example_complex.py took 0.100 seconds
[2026-07-22T01:10:57.048+0000] {processor.py:186} INFO - Started process (PID=7973) to work on /home/airflow/.local/lib/python3.12/site-packages/airflow/example_dags/example_complex.py
[2026-07-22T01:10:57.049+0000] {processor.py:914} INFO - Processing file /home/airflow/.local/lib/python3.12/site-packages/airflow/example_dags/example_complex.py for tasks to queue
[2026-07-22T01:10:57.052+0000] {logging_mixin.py:190} INFO - [2026-07-22T01:10:57.051+0000] {dagbag.py:588} INFO - Filling up the DagBag from /home/airflow/.local/lib/python3.12/site-packages/airflow/example_dags/example_complex.py
[2026-07-22T01:10:57.064+0000] {processor.py:925} INFO - DAG(s) 'example_complex' retrieved from /home/airflow/.local/lib/python3.12/site-packages/airflow/example_dags/example_complex.py
[2026-07-22T01:10:57.094+0000] {logging_mixin.py:190} INFO - [2026-07-22T01:10:57.094+0000] {dag.py:3239} INFO - Sync 1 DAGs
[2026-07-22T01:10:57.112+0000] {logging_mixin.py:190} INFO - [2026-07-22T01:10:57.111+0000] {dag.py:4180} INFO - Setting next_dagrun for example_complex to None, run_after=None
[2026-07-22T01:10:57.144+0000] {processor.py:208} INFO - Processing /home/airflow/.local/lib/python3.12/site-packages/airflow/example_dags/example_complex.py took 0.103 seconds
[2026-07-22T01:11:27.887+0000] {processor.py:186} INFO - Started process (PID=8040) to work on /home/airflow/.local/lib/python3.12/site-packages/airflow/example_dags/example_complex.py
[2026-07-22T01:11:27.888+0000] {processor.py:914} INFO - Processing file /home/airflow/.local/lib/python3.12/site-packages/airflow/example_dags/example_complex.py for tasks to queue
[2026-07-22T01:11:27.891+0000] {logging_mixin.py:190} INFO - [2026-07-22T01:11:27.891+0000] {dagbag.py:588} INFO - Filling up the DagBag from /home/airflow/.local/lib/python3.12/site-packages/airflow/example_dags/example_complex.py
[2026-07-22T01:11:27.908+0000] {processor.py:925} INFO - DAG(s) 'example_complex' retrieved from /home/airflow/.local/lib/python3.12/site-packages/airflow/example_dags/example_complex.py
[2026-07-22T01:11:27.939+0000] {logging_mixin.py:190} INFO - [2026-07-22T01:11:27.938+0000] {dag.py:3239} INFO - Sync 1 DAGs
[2026-07-22T01:11:27.956+0000] {logging_mixin.py:190} INFO - [2026-07-22T01:11:27.956+0000] {dag.py:4180} INFO - Setting next_dagrun for example_complex to None, run_after=None
[2026-07-22T01:11:27.979+0000] {processor.py:208} INFO - Processing /home/airflow/.local/lib/python3.12/site-packages/airflow/example_dags/example_complex.py took 0.098 seconds
[2026-07-22T01:11:58.290+0000] {processor.py:186} INFO - Started process (PID=8104) to work on /home/airflow/.local/lib/python3.12/site-packages/airflow/example_dags/example_complex.py
[2026-07-22T01:11:58.292+0000] {processor.py:914} INFO - Processing file /home/airflow/.local/lib/python3.12/site-packages/airflow/example_dags/example_complex.py for tasks to queue
[2026-07-22T01:11:58.296+0000] {logging_mixin.py:190} INFO - [2026-07-22T01:11:58.295+0000] {dagbag.py:588} INFO - Filling up the DagBag from /home/airflow/.local/lib/python3.12/site-packages/airflow/example_dags/example_complex.py
[2026-07-22T01:11:58.311+0000] {processor.py:925} INFO - DAG(s) 'example_complex' retrieved from /home/airflow/.local/lib/python3.12/site-packages/airflow/example_dags/example_complex.py
[2026-07-22T01:11:58.349+0000] {logging_mixin.py:190} INFO - [2026-07-22T01:11:58.349+0000] {dag.py:3239} INFO - Sync 1 DAGs
[2026-07-22T01:11:58.372+0000] {logging_mixin.py:190} INFO - [2026-07-22T01:11:58.372+0000] {dag.py:4180} INFO - Setting next_dagrun for example_complex to None, run_after=None
[2026-07-22T01:11:58.423+0000] {processor.py:208} INFO - Processing /home/airflow/.local/lib/python3.12/site-packages/airflow/example_dags/example_complex.py took 0.139 seconds
[2026-07-22T01:12:29.337+0000] {processor.py:186} INFO - Started process (PID=8168) to work on /home/airflow/.local/lib/python3.12/site-packages/airflow/example_dags/example_complex.py
[2026-07-22T01:12:29.338+0000] {processor.py:914} INFO - Processing file /home/airflow/.local/lib/python3.12/site-packages/airflow/example_dags/example_complex.py for tasks to queue
[2026-07-22T01:12:29.342+0000] {logging_mixin.py:190} INFO - [2026-07-22T01:12:29.341+0000] {dagbag.py:588} INFO - Filling up the DagBag from /home/airflow/.local/lib/python3.12/site-packages/airflow/example_dags/example_complex.py
[2026-07-22T01:12:29.364+0000] {processor.py:925} INFO - DAG(s) 'example_complex' retrieved from /home/airflow/.local/lib/python3.12/site-packages/airflow/example_dags/example_complex.py
[2026-07-22T01:12:29.410+0000] {logging_mixin.py:190} INFO - [2026-07-22T01:12:29.410+0000] {dag.py:3239} INFO - Sync 1 DAGs
[2026-07-22T01:12:29.429+0000] {logging_mixin.py:190} INFO - [2026-07-22T01:12:29.429+0000] {dag.py:4180} INFO - Setting next_dagrun for example_complex to None, run_after=None
[2026-07-22T01:12:29.453+0000] {processor.py:208} INFO - Processing /home/airflow/.local/lib/python3.12/site-packages/airflow/example_dags/example_complex.py took 0.125 seconds
[2026-07-22T01:12:59.906+0000] {processor.py:186} INFO - Started process (PID=8232) to work on /home/airflow/.local/lib/python3.12/site-packages/airflow/example_dags/example_complex.py
[2026-07-22T01:12:59.907+0000] {processor.py:914} INFO - Processing file /home/airflow/.local/lib/python3.12/site-packages/airflow/example_dags/example_complex.py for tasks to queue
[2026-07-22T01:12:59.910+0000] {logging_mixin.py:190} INFO - [2026-07-22T01:12:59.910+0000] {dagbag.py:588} INFO - Filling up the DagBag from /home/airflow/.local/lib/python3.12/site-packages/airflow/example_dags/example_complex.py
[2026-07-22T01:12:59.926+0000] {processor.py:925} INFO - DAG(s) 'example_complex' retrieved from /home/airflow/.local/lib/python3.12/site-packages/airflow/example_dags/example_complex.py
[2026-07-22T01:12:59.967+0000] {logging_mixin.py:190} INFO - [2026-07-22T01:12:59.967+0000] {dag.py:3239} INFO - Sync 1 DAGs
[2026-07-22T01:12:59.988+0000] {logging_mixin.py:190} INFO - [2026-07-22T01:12:59.988+0000] {dag.py:4180} INFO - Setting next_dagrun for example_complex to None, run_after=None
[2026-07-22T01:13:00.015+0000] {processor.py:208} INFO - Processing /home/airflow/.local/lib/python3.12/site-packages/airflow/example_dags/example_complex.py took 0.117 seconds
[2026-07-22T01:13:30.291+0000] {processor.py:186} INFO - Started process (PID=8296) to work on /home/airflow/.local/lib/python3.12/site-packages/airflow/example_dags/example_complex.py
[2026-07-22T01:13:30.292+0000] {processor.py:914} INFO - Processing file /home/airflow/.local/lib/python3.12/site-packages/airflow/example_dags/example_complex.py for tasks to queue
[2026-07-22T01:13:30.296+0000] {logging_mixin.py:190} INFO - [2026-07-22T01:13:30.296+0000] {dagbag.py:588} INFO - Filling up the DagBag from /home/airflow/.local/lib/python3.12/site-packages/airflow/example_dags/example_complex.py
[2026-07-22T01:13:30.312+0000] {processor.py:925} INFO - DAG(s) 'example_complex' retrieved from /home/airflow/.local/lib/python3.12/site-packages/airflow/example_dags/example_complex.py
[2026-07-22T01:13:30.345+0000] {logging_mixin.py:190} INFO - [2026-07-22T01:13:30.344+0000] {dag.py:3239} INFO - Sync 1 DAGs
[2026-07-22T01:13:30.363+0000] {logging_mixin.py:190} INFO - [2026-07-22T01:13:30.362+0000] {dag.py:4180} INFO - Setting next_dagrun for example_complex to None, run_after=None
[2026-07-22T01:13:30.389+0000] {processor.py:208} INFO - Processing /home/airflow/.local/lib/python3.12/site-packages/airflow/example_dags/example_complex.py took 0.105 seconds
[2026-07-22T01:14:38.276+0000] {processor.py:186} INFO - Started process (PID=98) to work on /home/airflow/.local/lib/python3.12/site-packages/airflow/example_dags/example_complex.py
[2026-07-22T01:14:38.277+0000] {processor.py:914} INFO - Processing file /home/airflow/.local/lib/python3.12/site-packages/airflow/example_dags/example_complex.py for tasks to queue
[2026-07-22T01:14:38.280+0000] {logging_mixin.py:190} INFO - [2026-07-22T01:14:38.280+0000] {dagbag.py:588} INFO - Filling up the DagBag from /home/airflow/.local/lib/python3.12/site-packages/airflow/example_dags/example_complex.py
[2026-07-22T01:14:38.295+0000] {processor.py:925} INFO - DAG(s) 'example_complex' retrieved from /home/airflow/.local/lib/python3.12/site-packages/airflow/example_dags/example_complex.py
[2026-07-22T01:14:38.328+0000] {logging_mixin.py:190} INFO - [2026-07-22T01:14:38.328+0000] {dag.py:3239} INFO - Sync 1 DAGs
[2026-07-22T01:14:38.345+0000] {logging_mixin.py:190} INFO - [2026-07-22T01:14:38.344+0000] {dag.py:4180} INFO - Setting next_dagrun for example_complex to None, run_after=None
[2026-07-22T01:14:38.368+0000] {processor.py:208} INFO - Processing /home/airflow/.local/lib/python3.12/site-packages/airflow/example_dags/example_complex.py took 0.098 seconds
[2026-07-22T01:15:09.156+0000] {processor.py:186} INFO - Started process (PID=163) to work on /home/airflow/.local/lib/python3.12/site-packages/airflow/example_dags/example_complex.py
[2026-07-22T01:15:09.157+0000] {processor.py:914} INFO - Processing file /home/airflow/.local/lib/python3.12/site-packages/airflow/example_dags/example_complex.py for tasks to queue
[2026-07-22T01:15:09.160+0000] {logging_mixin.py:190} INFO - [2026-07-22T01:15:09.160+0000] {dagbag.py:588} INFO - Filling up the DagBag from /home/airflow/.local/lib/python3.12/site-packages/airflow/example_dags/example_complex.py
[2026-07-22T01:15:09.174+0000] {processor.py:925} INFO - DAG(s) 'example_complex' retrieved from /home/airflow/.local/lib/python3.12/site-packages/airflow/example_dags/example_complex.py
[2026-07-22T01:15:09.206+0000] {logging_mixin.py:190} INFO - [2026-07-22T01:15:09.206+0000] {dag.py:3239} INFO - Sync 1 DAGs
[2026-07-22T01:15:09.223+0000] {logging_mixin.py:190} INFO - [2026-07-22T01:15:09.223+0000] {dag.py:4180} INFO - Setting next_dagrun for example_complex to None, run_after=None
[2026-07-22T01:15:09.245+0000] {processor.py:208} INFO - Processing /home/airflow/.local/lib/python3.12/site-packages/airflow/example_dags/example_complex.py took 0.096 seconds
[2026-07-22T01:15:40.991+0000] {processor.py:186} INFO - Started process (PID=227) to work on /home/airflow/.local/lib/python3.12/site-packages/airflow/example_dags/example_complex.py
[2026-07-22T01:15:40.993+0000] {processor.py:914} INFO - Processing file /home/airflow/.local/lib/python3.12/site-packages/airflow/example_dags/example_complex.py for tasks to queue
[2026-07-22T01:15:40.997+0000] {logging_mixin.py:190} INFO - [2026-07-22T01:15:40.997+0000] {dagbag.py:588} INFO - Filling up the DagBag from /home/airflow/.local/lib/python3.12/site-packages/airflow/example_dags/example_complex.py
[2026-07-22T01:15:41.014+0000] {processor.py:925} INFO - DAG(s) 'example_complex' retrieved from /home/airflow/.local/lib/python3.12/site-packages/airflow/example_dags/example_complex.py
[2026-07-22T01:15:41.051+0000] {logging_mixin.py:190} INFO - [2026-07-22T01:15:41.051+0000] {dag.py:3239} INFO - Sync 1 DAGs
[2026-07-22T01:15:41.069+0000] {logging_mixin.py:190} INFO - [2026-07-22T01:15:41.069+0000] {dag.py:4180} INFO - Setting next_dagrun for example_complex to None, run_after=None
[2026-07-22T01:15:41.095+0000] {processor.py:208} INFO - Processing /home/airflow/.local/lib/python3.12/site-packages/airflow/example_dags/example_complex.py took 0.114 seconds
[2026-07-22T01:16:12.019+0000] {processor.py:186} INFO - Started process (PID=291) to work on /home/airflow/.local/lib/python3.12/site-packages/airflow/example_dags/example_complex.py
[2026-07-22T01:16:12.020+0000] {processor.py:914} INFO - Processing file /home/airflow/.local/lib/python3.12/site-packages/airflow/example_dags/example_complex.py for tasks to queue
[2026-07-22T01:16:12.025+0000] {logging_mixin.py:190} INFO - [2026-07-22T01:16:12.025+0000] {dagbag.py:588} INFO - Filling up the DagBag from /home/airflow/.local/lib/python3.12/site-packages/airflow/example_dags/example_complex.py
[2026-07-22T01:16:12.050+0000] {processor.py:925} INFO - DAG(s) 'example_complex' retrieved from /home/airflow/.local/lib/python3.12/site-packages/airflow/example_dags/example_complex.py
[2026-07-22T01:16:12.087+0000] {logging_mixin.py:190} INFO - [2026-07-22T01:16:12.086+0000] {dag.py:3239} INFO - Sync 1 DAGs
[2026-07-22T01:16:12.103+0000] {logging_mixin.py:190} INFO - [2026-07-22T01:16:12.103+0000] {dag.py:4180} INFO - Setting next_dagrun for example_complex to None, run_after=None
[2026-07-22T01:16:12.123+0000] {processor.py:208} INFO - Processing /home/airflow/.local/lib/python3.12/site-packages/airflow/example_dags/example_complex.py took 0.110 seconds
[2026-07-22T01:16:43.497+0000] {processor.py:186} INFO - Started process (PID=355) to work on /home/airflow/.local/lib/python3.12/site-packages/airflow/example_dags/example_complex.py
[2026-07-22T01:16:43.499+0000] {processor.py:914} INFO - Processing file /home/airflow/.local/lib/python3.12/site-packages/airflow/example_dags/example_complex.py for tasks to queue
[2026-07-22T01:16:43.502+0000] {logging_mixin.py:190} INFO - [2026-07-22T01:16:43.502+0000] {dagbag.py:588} INFO - Filling up the DagBag from /home/airflow/.local/lib/python3.12/site-packages/airflow/example_dags/example_complex.py
[2026-07-22T01:16:43.516+0000] {processor.py:925} INFO - DAG(s) 'example_complex' retrieved from /home/airflow/.local/lib/python3.12/site-packages/airflow/example_dags/example_complex.py
[2026-07-22T01:16:43.554+0000] {logging_mixin.py:190} INFO - [2026-07-22T01:16:43.554+0000] {dag.py:3239} INFO - Sync 1 DAGs
[2026-07-22T01:16:43.573+0000] {logging_mixin.py:190} INFO - [2026-07-22T01:16:43.573+0000] {dag.py:4180} INFO - Setting next_dagrun for example_complex to None, run_after=None
[2026-07-22T01:16:43.594+0000] {processor.py:208} INFO - Processing /home/airflow/.local/lib/python3.12/site-packages/airflow/example_dags/example_complex.py took 0.103 seconds
[2026-07-22T01:17:15.267+0000] {processor.py:186} INFO - Started process (PID=419) to work on /home/airflow/.local/lib/python3.12/site-packages/airflow/example_dags/example_complex.py
[2026-07-22T01:17:15.268+0000] {processor.py:914} INFO - Processing file /home/airflow/.local/lib/python3.12/site-packages/airflow/example_dags/example_complex.py for tasks to queue
[2026-07-22T01:17:15.272+0000] {logging_mixin.py:190} INFO - [2026-07-22T01:17:15.272+0000] {dagbag.py:588} INFO - Filling up the DagBag from /home/airflow/.local/lib/python3.12/site-packages/airflow/example_dags/example_complex.py
[2026-07-22T01:17:15.286+0000] {processor.py:925} INFO - DAG(s) 'example_complex' retrieved from /home/airflow/.local/lib/python3.12/site-packages/airflow/example_dags/example_complex.py
[2026-07-22T01:17:15.323+0000] {logging_mixin.py:190} INFO - [2026-07-22T01:17:15.323+0000] {dag.py:3239} INFO - Sync 1 DAGs
[2026-07-22T01:17:15.343+0000] {logging_mixin.py:190} INFO - [2026-07-22T01:17:15.343+0000] {dag.py:4180} INFO - Setting next_dagrun for example_complex to None, run_after=None
[2026-07-22T01:17:15.369+0000] {processor.py:208} INFO - Processing /home/airflow/.local/lib/python3.12/site-packages/airflow/example_dags/example_complex.py took 0.110 seconds
[2026-07-22T01:17:46.433+0000] {processor.py:186} INFO - Started process (PID=483) to work on /home/airflow/.local/lib/python3.12/site-packages/airflow/example_dags/example_complex.py
[2026-07-22T01:17:46.434+0000] {processor.py:914} INFO - Processing file /home/airflow/.local/lib/python3.12/site-packages/airflow/example_dags/example_complex.py for tasks to queue
[2026-07-22T01:17:46.437+0000] {logging_mixin.py:190} INFO - [2026-07-22T01:17:46.437+0000] {dagbag.py:588} INFO - Filling up the DagBag from /home/airflow/.local/lib/python3.12/site-packages/airflow/example_dags/example_complex.py
[2026-07-22T01:17:46.451+0000] {processor.py:925} INFO - DAG(s) 'example_complex' retrieved from /home/airflow/.local/lib/python3.12/site-packages/airflow/example_dags/example_complex.py
[2026-07-22T01:17:46.482+0000] {logging_mixin.py:190} INFO - [2026-07-22T01:17:46.482+0000] {dag.py:3239} INFO - Sync 1 DAGs
[2026-07-22T01:17:46.499+0000] {logging_mixin.py:190} INFO - [2026-07-22T01:17:46.499+0000] {dag.py:4180} INFO - Setting next_dagrun for example_complex to None, run_after=None
[2026-07-22T01:17:46.522+0000] {processor.py:208} INFO - Processing /home/airflow/.local/lib/python3.12/site-packages/airflow/example_dags/example_complex.py took 0.096 seconds
[2026-07-22T01:18:17.371+0000] {processor.py:186} INFO - Started process (PID=547) to work on /home/airflow/.local/lib/python3.12/site-packages/airflow/example_dags/example_complex.py
[2026-07-22T01:18:17.372+0000] {processor.py:914} INFO - Processing file /home/airflow/.local/lib/python3.12/site-packages/airflow/example_dags/example_complex.py for tasks to queue
[2026-07-22T01:18:17.375+0000] {logging_mixin.py:190} INFO - [2026-07-22T01:18:17.375+0000] {dagbag.py:588} INFO - Filling up the DagBag from /home/airflow/.local/lib/python3.12/site-packages/airflow/example_dags/example_complex.py
[2026-07-22T01:18:17.390+0000] {processor.py:925} INFO - DAG(s) 'example_complex' retrieved from /home/airflow/.local/lib/python3.12/site-packages/airflow/example_dags/example_complex.py
[2026-07-22T01:18:17.432+0000] {logging_mixin.py:190} INFO - [2026-07-22T01:18:17.431+0000] {dag.py:3239} INFO - Sync 1 DAGs
[2026-07-22T01:18:17.452+0000] {logging_mixin.py:190} INFO - [2026-07-22T01:18:17.451+0000] {dag.py:4180} INFO - Setting next_dagrun for example_complex to None, run_after=None
[2026-07-22T01:18:17.479+0000] {processor.py:208} INFO - Processing /home/airflow/.local/lib/python3.12/site-packages/airflow/example_dags/example_complex.py took 0.115 seconds
[2026-07-22T01:18:48.619+0000] {processor.py:186} INFO - Started process (PID=611) to work on /home/airflow/.local/lib/python3.12/site-packages/airflow/example_dags/example_complex.py
[2026-07-22T01:18:48.620+0000] {processor.py:914} INFO - Processing file /home/airflow/.local/lib/python3.12/site-packages/airflow/example_dags/example_complex.py for tasks to queue
[2026-07-22T01:18:48.623+0000] {logging_mixin.py:190} INFO - [2026-07-22T01:18:48.623+0000] {dagbag.py:588} INFO - Filling up the DagBag from /home/airflow/.local/lib/python3.12/site-packages/airflow/example_dags/example_complex.py
[2026-07-22T01:18:48.636+0000] {processor.py:925} INFO - DAG(s) 'example_complex' retrieved from /home/airflow/.local/lib/python3.12/site-packages/airflow/example_dags/example_complex.py
[2026-07-22T01:18:48.668+0000] {logging_mixin.py:190} INFO - [2026-07-22T01:18:48.668+0000] {dag.py:3239} INFO - Sync 1 DAGs
[2026-07-22T01:18:48.686+0000] {logging_mixin.py:190} INFO - [2026-07-22T01:18:48.686+0000] {dag.py:4180} INFO - Setting next_dagrun for example_complex to None, run_after=None
[2026-07-22T01:18:48.707+0000] {processor.py:208} INFO - Processing /home/airflow/.local/lib/python3.12/site-packages/airflow/example_dags/example_complex.py took 0.094 seconds
