[2026-07-22T00:07:54.187+0000] {processor.py:186} INFO - Started process (PID=124) to work on /home/airflow/.local/lib/python3.12/site-packages/airflow/example_dags/example_dataset_alias.py
[2026-07-22T00:07:54.188+0000] {processor.py:914} INFO - Processing file /home/airflow/.local/lib/python3.12/site-packages/airflow/example_dags/example_dataset_alias.py for tasks to queue
[2026-07-22T00:07:54.193+0000] {logging_mixin.py:190} INFO - [2026-07-22T00:07:54.192+0000] {dagbag.py:588} INFO - Filling up the DagBag from /home/airflow/.local/lib/python3.12/site-packages/airflow/example_dags/example_dataset_alias.py
[2026-07-22T00:07:55.363+0000] {processor.py:925} INFO - DAG(s) 'dataset_alias_example_alias_consumer', 'dataset_alias_example_alias_producer', 'dataset_s3_bucket_consumer', 'dataset_s3_bucket_producer' retrieved from /home/airflow/.local/lib/python3.12/site-packages/airflow/example_dags/example_dataset_alias.py
[2026-07-22T00:07:55.410+0000] {logging_mixin.py:190} INFO - [2026-07-22T00:07:55.410+0000] {dag.py:3239} INFO - Sync 4 DAGs
[2026-07-22T00:07:55.457+0000] {logging_mixin.py:190} INFO - [2026-07-22T00:07:55.456+0000] {dag.py:4180} INFO - Setting next_dagrun for dataset_alias_example_alias_consumer to None, run_after=None
[2026-07-22T00:07:55.465+0000] {logging_mixin.py:190} INFO - [2026-07-22T00:07:55.465+0000] {dag.py:4180} INFO - Setting next_dagrun for dataset_alias_example_alias_producer to None, run_after=None
[2026-07-22T00:07:55.471+0000] {logging_mixin.py:190} INFO - [2026-07-22T00:07:55.471+0000] {dag.py:4180} INFO - Setting next_dagrun for dataset_s3_bucket_consumer to None, run_after=None
[2026-07-22T00:07:55.476+0000] {logging_mixin.py:190} INFO - [2026-07-22T00:07:55.476+0000] {dag.py:4180} INFO - Setting next_dagrun for dataset_s3_bucket_producer to None, run_after=None
[2026-07-22T00:07:55.529+0000] {processor.py:208} INFO - Processing /home/airflow/.local/lib/python3.12/site-packages/airflow/example_dags/example_dataset_alias.py took 1.352 seconds
[2026-07-22T00:08:26.370+0000] {processor.py:186} INFO - Started process (PID=194) to work on /home/airflow/.local/lib/python3.12/site-packages/airflow/example_dags/example_dataset_alias.py
[2026-07-22T00:08:26.371+0000] {processor.py:914} INFO - Processing file /home/airflow/.local/lib/python3.12/site-packages/airflow/example_dags/example_dataset_alias.py for tasks to queue
[2026-07-22T00:08:26.376+0000] {logging_mixin.py:190} INFO - [2026-07-22T00:08:26.375+0000] {dagbag.py:588} INFO - Filling up the DagBag from /home/airflow/.local/lib/python3.12/site-packages/airflow/example_dags/example_dataset_alias.py
[2026-07-22T00:08:27.270+0000] {processor.py:925} INFO - DAG(s) 'dataset_s3_bucket_consumer', 'dataset_alias_example_alias_consumer', 'dataset_s3_bucket_producer', 'dataset_alias_example_alias_producer' retrieved from /home/airflow/.local/lib/python3.12/site-packages/airflow/example_dags/example_dataset_alias.py
[2026-07-22T00:08:27.299+0000] {logging_mixin.py:190} INFO - [2026-07-22T00:08:27.298+0000] {dag.py:3239} INFO - Sync 4 DAGs
[2026-07-22T00:08:27.336+0000] {logging_mixin.py:190} INFO - [2026-07-22T00:08:27.336+0000] {dag.py:4180} INFO - Setting next_dagrun for dataset_alias_example_alias_consumer to None, run_after=None
[2026-07-22T00:08:27.341+0000] {logging_mixin.py:190} INFO - [2026-07-22T00:08:27.341+0000] {dag.py:4180} INFO - Setting next_dagrun for dataset_alias_example_alias_producer to None, run_after=None
[2026-07-22T00:08:27.344+0000] {logging_mixin.py:190} INFO - [2026-07-22T00:08:27.344+0000] {dag.py:4180} INFO - Setting next_dagrun for dataset_s3_bucket_consumer to None, run_after=None
[2026-07-22T00:08:27.347+0000] {logging_mixin.py:190} INFO - [2026-07-22T00:08:27.347+0000] {dag.py:4180} INFO - Setting next_dagrun for dataset_s3_bucket_producer to None, run_after=None
[2026-07-22T00:08:27.383+0000] {processor.py:208} INFO - Processing /home/airflow/.local/lib/python3.12/site-packages/airflow/example_dags/example_dataset_alias.py took 1.024 seconds
[2026-07-22T00:08:58.308+0000] {processor.py:186} INFO - Started process (PID=263) to work on /home/airflow/.local/lib/python3.12/site-packages/airflow/example_dags/example_dataset_alias.py
[2026-07-22T00:08:58.310+0000] {processor.py:914} INFO - Processing file /home/airflow/.local/lib/python3.12/site-packages/airflow/example_dags/example_dataset_alias.py for tasks to queue
[2026-07-22T00:08:58.313+0000] {logging_mixin.py:190} INFO - [2026-07-22T00:08:58.313+0000] {dagbag.py:588} INFO - Filling up the DagBag from /home/airflow/.local/lib/python3.12/site-packages/airflow/example_dags/example_dataset_alias.py
[2026-07-22T00:08:59.086+0000] {processor.py:925} INFO - DAG(s) 'dataset_alias_example_alias_producer', 'dataset_s3_bucket_consumer', 'dataset_s3_bucket_producer', 'dataset_alias_example_alias_consumer' retrieved from /home/airflow/.local/lib/python3.12/site-packages/airflow/example_dags/example_dataset_alias.py
[2026-07-22T00:08:59.131+0000] {logging_mixin.py:190} INFO - [2026-07-22T00:08:59.129+0000] {dag.py:3239} INFO - Sync 4 DAGs
[2026-07-22T00:08:59.201+0000] {logging_mixin.py:190} INFO - [2026-07-22T00:08:59.201+0000] {dag.py:4180} INFO - Setting next_dagrun for dataset_alias_example_alias_consumer to None, run_after=None
[2026-07-22T00:08:59.213+0000] {logging_mixin.py:190} INFO - [2026-07-22T00:08:59.212+0000] {dag.py:4180} INFO - Setting next_dagrun for dataset_alias_example_alias_producer to None, run_after=None
[2026-07-22T00:08:59.218+0000] {logging_mixin.py:190} INFO - [2026-07-22T00:08:59.217+0000] {dag.py:4180} INFO - Setting next_dagrun for dataset_s3_bucket_consumer to None, run_after=None
[2026-07-22T00:08:59.230+0000] {logging_mixin.py:190} INFO - [2026-07-22T00:08:59.229+0000] {dag.py:4180} INFO - Setting next_dagrun for dataset_s3_bucket_producer to None, run_after=None
[2026-07-22T00:08:59.291+0000] {processor.py:208} INFO - Processing /home/airflow/.local/lib/python3.12/site-packages/airflow/example_dags/example_dataset_alias.py took 0.991 seconds
[2026-07-22T00:09:29.632+0000] {processor.py:186} INFO - Started process (PID=332) to work on /home/airflow/.local/lib/python3.12/site-packages/airflow/example_dags/example_dataset_alias.py
[2026-07-22T00:09:29.633+0000] {processor.py:914} INFO - Processing file /home/airflow/.local/lib/python3.12/site-packages/airflow/example_dags/example_dataset_alias.py for tasks to queue
[2026-07-22T00:09:29.636+0000] {logging_mixin.py:190} INFO - [2026-07-22T00:09:29.636+0000] {dagbag.py:588} INFO - Filling up the DagBag from /home/airflow/.local/lib/python3.12/site-packages/airflow/example_dags/example_dataset_alias.py
[2026-07-22T00:09:30.471+0000] {processor.py:925} INFO - DAG(s) 'dataset_s3_bucket_producer', 'dataset_alias_example_alias_producer', 'dataset_s3_bucket_consumer', 'dataset_alias_example_alias_consumer' retrieved from /home/airflow/.local/lib/python3.12/site-packages/airflow/example_dags/example_dataset_alias.py
[2026-07-22T00:09:30.533+0000] {logging_mixin.py:190} INFO - [2026-07-22T00:09:30.532+0000] {dag.py:3239} INFO - Sync 4 DAGs
[2026-07-22T00:09:30.572+0000] {logging_mixin.py:190} INFO - [2026-07-22T00:09:30.572+0000] {dag.py:4180} INFO - Setting next_dagrun for dataset_alias_example_alias_consumer to None, run_after=None
[2026-07-22T00:09:30.576+0000] {logging_mixin.py:190} INFO - [2026-07-22T00:09:30.576+0000] {dag.py:4180} INFO - Setting next_dagrun for dataset_alias_example_alias_producer to None, run_after=None
[2026-07-22T00:09:30.579+0000] {logging_mixin.py:190} INFO - [2026-07-22T00:09:30.579+0000] {dag.py:4180} INFO - Setting next_dagrun for dataset_s3_bucket_consumer to None, run_after=None
[2026-07-22T00:09:30.582+0000] {logging_mixin.py:190} INFO - [2026-07-22T00:09:30.581+0000] {dag.py:4180} INFO - Setting next_dagrun for dataset_s3_bucket_producer to None, run_after=None
[2026-07-22T00:09:30.615+0000] {processor.py:208} INFO - Processing /home/airflow/.local/lib/python3.12/site-packages/airflow/example_dags/example_dataset_alias.py took 0.990 seconds
[2026-07-22T00:10:00.693+0000] {processor.py:186} INFO - Started process (PID=398) to work on /home/airflow/.local/lib/python3.12/site-packages/airflow/example_dags/example_dataset_alias.py
[2026-07-22T00:10:00.695+0000] {processor.py:914} INFO - Processing file /home/airflow/.local/lib/python3.12/site-packages/airflow/example_dags/example_dataset_alias.py for tasks to queue
[2026-07-22T00:10:00.698+0000] {logging_mixin.py:190} INFO - [2026-07-22T00:10:00.698+0000] {dagbag.py:588} INFO - Filling up the DagBag from /home/airflow/.local/lib/python3.12/site-packages/airflow/example_dags/example_dataset_alias.py
[2026-07-22T00:10:01.494+0000] {processor.py:925} INFO - DAG(s) 'dataset_s3_bucket_producer', 'dataset_alias_example_alias_consumer', 'dataset_alias_example_alias_producer', 'dataset_s3_bucket_consumer' retrieved from /home/airflow/.local/lib/python3.12/site-packages/airflow/example_dags/example_dataset_alias.py
[2026-07-22T00:10:01.524+0000] {logging_mixin.py:190} INFO - [2026-07-22T00:10:01.523+0000] {dag.py:3239} INFO - Sync 4 DAGs
[2026-07-22T00:10:01.556+0000] {logging_mixin.py:190} INFO - [2026-07-22T00:10:01.556+0000] {dag.py:4180} INFO - Setting next_dagrun for dataset_alias_example_alias_consumer to None, run_after=None
[2026-07-22T00:10:01.560+0000] {logging_mixin.py:190} INFO - [2026-07-22T00:10:01.560+0000] {dag.py:4180} INFO - Setting next_dagrun for dataset_alias_example_alias_producer to None, run_after=None
[2026-07-22T00:10:01.563+0000] {logging_mixin.py:190} INFO - [2026-07-22T00:10:01.562+0000] {dag.py:4180} INFO - Setting next_dagrun for dataset_s3_bucket_consumer to None, run_after=None
[2026-07-22T00:10:01.566+0000] {logging_mixin.py:190} INFO - [2026-07-22T00:10:01.566+0000] {dag.py:4180} INFO - Setting next_dagrun for dataset_s3_bucket_producer to None, run_after=None
[2026-07-22T00:10:01.599+0000] {processor.py:208} INFO - Processing /home/airflow/.local/lib/python3.12/site-packages/airflow/example_dags/example_dataset_alias.py took 0.913 seconds
[2026-07-22T00:10:33.055+0000] {processor.py:186} INFO - Started process (PID=462) to work on /home/airflow/.local/lib/python3.12/site-packages/airflow/example_dags/example_dataset_alias.py
[2026-07-22T00:10:33.057+0000] {processor.py:914} INFO - Processing file /home/airflow/.local/lib/python3.12/site-packages/airflow/example_dags/example_dataset_alias.py for tasks to queue
[2026-07-22T00:10:33.060+0000] {logging_mixin.py:190} INFO - [2026-07-22T00:10:33.060+0000] {dagbag.py:588} INFO - Filling up the DagBag from /home/airflow/.local/lib/python3.12/site-packages/airflow/example_dags/example_dataset_alias.py
[2026-07-22T00:10:33.952+0000] {processor.py:925} INFO - DAG(s) 'dataset_s3_bucket_producer', 'dataset_alias_example_alias_consumer', 'dataset_s3_bucket_consumer', 'dataset_alias_example_alias_producer' retrieved from /home/airflow/.local/lib/python3.12/site-packages/airflow/example_dags/example_dataset_alias.py
[2026-07-22T00:10:33.976+0000] {logging_mixin.py:190} INFO - [2026-07-22T00:10:33.976+0000] {dag.py:3239} INFO - Sync 4 DAGs
[2026-07-22T00:10:34.002+0000] {logging_mixin.py:190} INFO - [2026-07-22T00:10:34.002+0000] {dag.py:4180} INFO - Setting next_dagrun for dataset_alias_example_alias_consumer to None, run_after=None
[2026-07-22T00:10:34.006+0000] {logging_mixin.py:190} INFO - [2026-07-22T00:10:34.006+0000] {dag.py:4180} INFO - Setting next_dagrun for dataset_alias_example_alias_producer to None, run_after=None
[2026-07-22T00:10:34.008+0000] {logging_mixin.py:190} INFO - [2026-07-22T00:10:34.008+0000] {dag.py:4180} INFO - Setting next_dagrun for dataset_s3_bucket_consumer to None, run_after=None
[2026-07-22T00:10:34.010+0000] {logging_mixin.py:190} INFO - [2026-07-22T00:10:34.010+0000] {dag.py:4180} INFO - Setting next_dagrun for dataset_s3_bucket_producer to None, run_after=None
[2026-07-22T00:10:34.044+0000] {processor.py:208} INFO - Processing /home/airflow/.local/lib/python3.12/site-packages/airflow/example_dags/example_dataset_alias.py took 1.000 seconds
[2026-07-22T00:11:04.837+0000] {processor.py:186} INFO - Started process (PID=526) to work on /home/airflow/.local/lib/python3.12/site-packages/airflow/example_dags/example_dataset_alias.py
[2026-07-22T00:11:04.839+0000] {processor.py:914} INFO - Processing file /home/airflow/.local/lib/python3.12/site-packages/airflow/example_dags/example_dataset_alias.py for tasks to queue
[2026-07-22T00:11:04.844+0000] {logging_mixin.py:190} INFO - [2026-07-22T00:11:04.844+0000] {dagbag.py:588} INFO - Filling up the DagBag from /home/airflow/.local/lib/python3.12/site-packages/airflow/example_dags/example_dataset_alias.py
[2026-07-22T00:11:05.517+0000] {processor.py:925} INFO - DAG(s) 'dataset_alias_example_alias_producer', 'dataset_s3_bucket_consumer', 'dataset_alias_example_alias_consumer', 'dataset_s3_bucket_producer' retrieved from /home/airflow/.local/lib/python3.12/site-packages/airflow/example_dags/example_dataset_alias.py
[2026-07-22T00:11:05.543+0000] {logging_mixin.py:190} INFO - [2026-07-22T00:11:05.541+0000] {dag.py:3239} INFO - Sync 4 DAGs
[2026-07-22T00:11:05.568+0000] {logging_mixin.py:190} INFO - [2026-07-22T00:11:05.567+0000] {dag.py:4180} INFO - Setting next_dagrun for dataset_alias_example_alias_consumer to None, run_after=None
[2026-07-22T00:11:05.572+0000] {logging_mixin.py:190} INFO - [2026-07-22T00:11:05.571+0000] {dag.py:4180} INFO - Setting next_dagrun for dataset_alias_example_alias_producer to None, run_after=None
[2026-07-22T00:11:05.574+0000] {logging_mixin.py:190} INFO - [2026-07-22T00:11:05.574+0000] {dag.py:4180} INFO - Setting next_dagrun for dataset_s3_bucket_consumer to None, run_after=None
[2026-07-22T00:11:05.576+0000] {logging_mixin.py:190} INFO - [2026-07-22T00:11:05.576+0000] {dag.py:4180} INFO - Setting next_dagrun for dataset_s3_bucket_producer to None, run_after=None
[2026-07-22T00:11:05.605+0000] {processor.py:208} INFO - Processing /home/airflow/.local/lib/python3.12/site-packages/airflow/example_dags/example_dataset_alias.py took 0.776 seconds
[2026-07-22T00:11:35.789+0000] {processor.py:186} INFO - Started process (PID=590) to work on /home/airflow/.local/lib/python3.12/site-packages/airflow/example_dags/example_dataset_alias.py
[2026-07-22T00:11:35.790+0000] {processor.py:914} INFO - Processing file /home/airflow/.local/lib/python3.12/site-packages/airflow/example_dags/example_dataset_alias.py for tasks to queue
[2026-07-22T00:11:35.794+0000] {logging_mixin.py:190} INFO - [2026-07-22T00:11:35.793+0000] {dagbag.py:588} INFO - Filling up the DagBag from /home/airflow/.local/lib/python3.12/site-packages/airflow/example_dags/example_dataset_alias.py
[2026-07-22T00:11:36.432+0000] {processor.py:925} INFO - DAG(s) 'dataset_alias_example_alias_consumer', 'dataset_alias_example_alias_producer', 'dataset_s3_bucket_consumer', 'dataset_s3_bucket_producer' retrieved from /home/airflow/.local/lib/python3.12/site-packages/airflow/example_dags/example_dataset_alias.py
[2026-07-22T00:11:36.461+0000] {logging_mixin.py:190} INFO - [2026-07-22T00:11:36.460+0000] {dag.py:3239} INFO - Sync 4 DAGs
[2026-07-22T00:11:36.488+0000] {logging_mixin.py:190} INFO - [2026-07-22T00:11:36.487+0000] {dag.py:4180} INFO - Setting next_dagrun for dataset_alias_example_alias_consumer to None, run_after=None
[2026-07-22T00:11:36.492+0000] {logging_mixin.py:190} INFO - [2026-07-22T00:11:36.491+0000] {dag.py:4180} INFO - Setting next_dagrun for dataset_alias_example_alias_producer to None, run_after=None
[2026-07-22T00:11:36.495+0000] {logging_mixin.py:190} INFO - [2026-07-22T00:11:36.494+0000] {dag.py:4180} INFO - Setting next_dagrun for dataset_s3_bucket_consumer to None, run_after=None
[2026-07-22T00:11:36.497+0000] {logging_mixin.py:190} INFO - [2026-07-22T00:11:36.497+0000] {dag.py:4180} INFO - Setting next_dagrun for dataset_s3_bucket_producer to None, run_after=None
[2026-07-22T00:11:36.527+0000] {processor.py:208} INFO - Processing /home/airflow/.local/lib/python3.12/site-packages/airflow/example_dags/example_dataset_alias.py took 0.744 seconds
[2026-07-22T00:12:07.262+0000] {processor.py:186} INFO - Started process (PID=655) to work on /home/airflow/.local/lib/python3.12/site-packages/airflow/example_dags/example_dataset_alias.py
[2026-07-22T00:12:07.263+0000] {processor.py:914} INFO - Processing file /home/airflow/.local/lib/python3.12/site-packages/airflow/example_dags/example_dataset_alias.py for tasks to queue
[2026-07-22T00:12:07.267+0000] {logging_mixin.py:190} INFO - [2026-07-22T00:12:07.266+0000] {dagbag.py:588} INFO - Filling up the DagBag from /home/airflow/.local/lib/python3.12/site-packages/airflow/example_dags/example_dataset_alias.py
[2026-07-22T00:12:07.984+0000] {processor.py:925} INFO - DAG(s) 'dataset_s3_bucket_producer', 'dataset_alias_example_alias_producer', 'dataset_alias_example_alias_consumer', 'dataset_s3_bucket_consumer' retrieved from /home/airflow/.local/lib/python3.12/site-packages/airflow/example_dags/example_dataset_alias.py
[2026-07-22T00:12:08.014+0000] {logging_mixin.py:190} INFO - [2026-07-22T00:12:08.013+0000] {dag.py:3239} INFO - Sync 4 DAGs
[2026-07-22T00:12:08.043+0000] {logging_mixin.py:190} INFO - [2026-07-22T00:12:08.042+0000] {dag.py:4180} INFO - Setting next_dagrun for dataset_alias_example_alias_consumer to None, run_after=None
[2026-07-22T00:12:08.046+0000] {logging_mixin.py:190} INFO - [2026-07-22T00:12:08.046+0000] {dag.py:4180} INFO - Setting next_dagrun for dataset_alias_example_alias_producer to None, run_after=None
[2026-07-22T00:12:08.049+0000] {logging_mixin.py:190} INFO - [2026-07-22T00:12:08.048+0000] {dag.py:4180} INFO - Setting next_dagrun for dataset_s3_bucket_consumer to None, run_after=None
[2026-07-22T00:12:08.051+0000] {logging_mixin.py:190} INFO - [2026-07-22T00:12:08.050+0000] {dag.py:4180} INFO - Setting next_dagrun for dataset_s3_bucket_producer to None, run_after=None
[2026-07-22T00:12:08.077+0000] {processor.py:208} INFO - Processing /home/airflow/.local/lib/python3.12/site-packages/airflow/example_dags/example_dataset_alias.py took 0.824 seconds
[2026-07-22T00:12:38.499+0000] {processor.py:186} INFO - Started process (PID=719) to work on /home/airflow/.local/lib/python3.12/site-packages/airflow/example_dags/example_dataset_alias.py
[2026-07-22T00:12:38.500+0000] {processor.py:914} INFO - Processing file /home/airflow/.local/lib/python3.12/site-packages/airflow/example_dags/example_dataset_alias.py for tasks to queue
[2026-07-22T00:12:38.504+0000] {logging_mixin.py:190} INFO - [2026-07-22T00:12:38.503+0000] {dagbag.py:588} INFO - Filling up the DagBag from /home/airflow/.local/lib/python3.12/site-packages/airflow/example_dags/example_dataset_alias.py
[2026-07-22T00:12:39.425+0000] {processor.py:925} INFO - DAG(s) 'dataset_s3_bucket_consumer', 'dataset_s3_bucket_producer', 'dataset_alias_example_alias_consumer', 'dataset_alias_example_alias_producer' retrieved from /home/airflow/.local/lib/python3.12/site-packages/airflow/example_dags/example_dataset_alias.py
[2026-07-22T00:12:39.459+0000] {logging_mixin.py:190} INFO - [2026-07-22T00:12:39.459+0000] {dag.py:3239} INFO - Sync 4 DAGs
[2026-07-22T00:12:39.495+0000] {logging_mixin.py:190} INFO - [2026-07-22T00:12:39.494+0000] {dag.py:4180} INFO - Setting next_dagrun for dataset_alias_example_alias_consumer to None, run_after=None
[2026-07-22T00:12:39.499+0000] {logging_mixin.py:190} INFO - [2026-07-22T00:12:39.498+0000] {dag.py:4180} INFO - Setting next_dagrun for dataset_alias_example_alias_producer to None, run_after=None
[2026-07-22T00:12:39.501+0000] {logging_mixin.py:190} INFO - [2026-07-22T00:12:39.501+0000] {dag.py:4180} INFO - Setting next_dagrun for dataset_s3_bucket_consumer to None, run_after=None
[2026-07-22T00:12:39.504+0000] {logging_mixin.py:190} INFO - [2026-07-22T00:12:39.504+0000] {dag.py:4180} INFO - Setting next_dagrun for dataset_s3_bucket_producer to None, run_after=None
[2026-07-22T00:12:39.536+0000] {processor.py:208} INFO - Processing /home/airflow/.local/lib/python3.12/site-packages/airflow/example_dags/example_dataset_alias.py took 1.043 seconds
[2026-07-22T00:13:09.679+0000] {processor.py:186} INFO - Started process (PID=783) to work on /home/airflow/.local/lib/python3.12/site-packages/airflow/example_dags/example_dataset_alias.py
[2026-07-22T00:13:09.680+0000] {processor.py:914} INFO - Processing file /home/airflow/.local/lib/python3.12/site-packages/airflow/example_dags/example_dataset_alias.py for tasks to queue
[2026-07-22T00:13:09.683+0000] {logging_mixin.py:190} INFO - [2026-07-22T00:13:09.682+0000] {dagbag.py:588} INFO - Filling up the DagBag from /home/airflow/.local/lib/python3.12/site-packages/airflow/example_dags/example_dataset_alias.py
[2026-07-22T00:13:10.392+0000] {processor.py:925} INFO - DAG(s) 'dataset_s3_bucket_producer', 'dataset_alias_example_alias_producer', 'dataset_alias_example_alias_consumer', 'dataset_s3_bucket_consumer' retrieved from /home/airflow/.local/lib/python3.12/site-packages/airflow/example_dags/example_dataset_alias.py
[2026-07-22T00:13:10.420+0000] {logging_mixin.py:190} INFO - [2026-07-22T00:13:10.419+0000] {dag.py:3239} INFO - Sync 4 DAGs
[2026-07-22T00:13:10.444+0000] {logging_mixin.py:190} INFO - [2026-07-22T00:13:10.444+0000] {dag.py:4180} INFO - Setting next_dagrun for dataset_alias_example_alias_consumer to None, run_after=None
[2026-07-22T00:13:10.449+0000] {logging_mixin.py:190} INFO - [2026-07-22T00:13:10.448+0000] {dag.py:4180} INFO - Setting next_dagrun for dataset_alias_example_alias_producer to None, run_after=None
[2026-07-22T00:13:10.451+0000] {logging_mixin.py:190} INFO - [2026-07-22T00:13:10.451+0000] {dag.py:4180} INFO - Setting next_dagrun for dataset_s3_bucket_consumer to None, run_after=None
[2026-07-22T00:13:10.453+0000] {logging_mixin.py:190} INFO - [2026-07-22T00:13:10.453+0000] {dag.py:4180} INFO - Setting next_dagrun for dataset_s3_bucket_producer to None, run_after=None
[2026-07-22T00:13:10.485+0000] {processor.py:208} INFO - Processing /home/airflow/.local/lib/python3.12/site-packages/airflow/example_dags/example_dataset_alias.py took 0.814 seconds
[2026-07-22T00:13:40.590+0000] {processor.py:186} INFO - Started process (PID=844) to work on /home/airflow/.local/lib/python3.12/site-packages/airflow/example_dags/example_dataset_alias.py
[2026-07-22T00:13:40.592+0000] {processor.py:914} INFO - Processing file /home/airflow/.local/lib/python3.12/site-packages/airflow/example_dags/example_dataset_alias.py for tasks to queue
[2026-07-22T00:13:40.595+0000] {logging_mixin.py:190} INFO - [2026-07-22T00:13:40.595+0000] {dagbag.py:588} INFO - Filling up the DagBag from /home/airflow/.local/lib/python3.12/site-packages/airflow/example_dags/example_dataset_alias.py
[2026-07-22T00:13:41.321+0000] {processor.py:925} INFO - DAG(s) 'dataset_alias_example_alias_consumer', 'dataset_s3_bucket_consumer', 'dataset_s3_bucket_producer', 'dataset_alias_example_alias_producer' retrieved from /home/airflow/.local/lib/python3.12/site-packages/airflow/example_dags/example_dataset_alias.py
[2026-07-22T00:13:41.348+0000] {logging_mixin.py:190} INFO - [2026-07-22T00:13:41.347+0000] {dag.py:3239} INFO - Sync 4 DAGs
[2026-07-22T00:13:41.370+0000] {logging_mixin.py:190} INFO - [2026-07-22T00:13:41.370+0000] {dag.py:4180} INFO - Setting next_dagrun for dataset_alias_example_alias_consumer to None, run_after=None
[2026-07-22T00:13:41.373+0000] {logging_mixin.py:190} INFO - [2026-07-22T00:13:41.373+0000] {dag.py:4180} INFO - Setting next_dagrun for dataset_alias_example_alias_producer to None, run_after=None
[2026-07-22T00:13:41.376+0000] {logging_mixin.py:190} INFO - [2026-07-22T00:13:41.376+0000] {dag.py:4180} INFO - Setting next_dagrun for dataset_s3_bucket_consumer to None, run_after=None
[2026-07-22T00:13:41.378+0000] {logging_mixin.py:190} INFO - [2026-07-22T00:13:41.378+0000] {dag.py:4180} INFO - Setting next_dagrun for dataset_s3_bucket_producer to None, run_after=None
[2026-07-22T00:13:41.409+0000] {processor.py:208} INFO - Processing /home/airflow/.local/lib/python3.12/site-packages/airflow/example_dags/example_dataset_alias.py took 0.827 seconds
[2026-07-22T00:14:12.152+0000] {processor.py:186} INFO - Started process (PID=908) to work on /home/airflow/.local/lib/python3.12/site-packages/airflow/example_dags/example_dataset_alias.py
[2026-07-22T00:14:12.154+0000] {processor.py:914} INFO - Processing file /home/airflow/.local/lib/python3.12/site-packages/airflow/example_dags/example_dataset_alias.py for tasks to queue
[2026-07-22T00:14:12.159+0000] {logging_mixin.py:190} INFO - [2026-07-22T00:14:12.158+0000] {dagbag.py:588} INFO - Filling up the DagBag from /home/airflow/.local/lib/python3.12/site-packages/airflow/example_dags/example_dataset_alias.py
[2026-07-22T00:14:13.054+0000] {processor.py:925} INFO - DAG(s) 'dataset_alias_example_alias_producer', 'dataset_s3_bucket_producer', 'dataset_s3_bucket_consumer', 'dataset_alias_example_alias_consumer' retrieved from /home/airflow/.local/lib/python3.12/site-packages/airflow/example_dags/example_dataset_alias.py
[2026-07-22T00:14:13.087+0000] {logging_mixin.py:190} INFO - [2026-07-22T00:14:13.086+0000] {dag.py:3239} INFO - Sync 4 DAGs
[2026-07-22T00:14:13.118+0000] {logging_mixin.py:190} INFO - [2026-07-22T00:14:13.118+0000] {dag.py:4180} INFO - Setting next_dagrun for dataset_alias_example_alias_consumer to None, run_after=None
[2026-07-22T00:14:13.123+0000] {logging_mixin.py:190} INFO - [2026-07-22T00:14:13.122+0000] {dag.py:4180} INFO - Setting next_dagrun for dataset_alias_example_alias_producer to None, run_after=None
[2026-07-22T00:14:13.125+0000] {logging_mixin.py:190} INFO - [2026-07-22T00:14:13.125+0000] {dag.py:4180} INFO - Setting next_dagrun for dataset_s3_bucket_consumer to None, run_after=None
[2026-07-22T00:14:13.128+0000] {logging_mixin.py:190} INFO - [2026-07-22T00:14:13.128+0000] {dag.py:4180} INFO - Setting next_dagrun for dataset_s3_bucket_producer to None, run_after=None
[2026-07-22T00:14:13.160+0000] {processor.py:208} INFO - Processing /home/airflow/.local/lib/python3.12/site-packages/airflow/example_dags/example_dataset_alias.py took 1.024 seconds
[2026-07-22T00:14:43.461+0000] {processor.py:186} INFO - Started process (PID=972) to work on /home/airflow/.local/lib/python3.12/site-packages/airflow/example_dags/example_dataset_alias.py
[2026-07-22T00:14:43.463+0000] {processor.py:914} INFO - Processing file /home/airflow/.local/lib/python3.12/site-packages/airflow/example_dags/example_dataset_alias.py for tasks to queue
[2026-07-22T00:14:43.467+0000] {logging_mixin.py:190} INFO - [2026-07-22T00:14:43.467+0000] {dagbag.py:588} INFO - Filling up the DagBag from /home/airflow/.local/lib/python3.12/site-packages/airflow/example_dags/example_dataset_alias.py
[2026-07-22T00:14:44.311+0000] {processor.py:925} INFO - DAG(s) 'dataset_s3_bucket_producer', 'dataset_s3_bucket_consumer', 'dataset_alias_example_alias_consumer', 'dataset_alias_example_alias_producer' retrieved from /home/airflow/.local/lib/python3.12/site-packages/airflow/example_dags/example_dataset_alias.py
[2026-07-22T00:14:44.352+0000] {logging_mixin.py:190} INFO - [2026-07-22T00:14:44.351+0000] {dag.py:3239} INFO - Sync 4 DAGs
[2026-07-22T00:14:44.400+0000] {logging_mixin.py:190} INFO - [2026-07-22T00:14:44.400+0000] {dag.py:4180} INFO - Setting next_dagrun for dataset_alias_example_alias_consumer to None, run_after=None
[2026-07-22T00:14:44.406+0000] {logging_mixin.py:190} INFO - [2026-07-22T00:14:44.406+0000] {dag.py:4180} INFO - Setting next_dagrun for dataset_alias_example_alias_producer to None, run_after=None
[2026-07-22T00:14:44.410+0000] {logging_mixin.py:190} INFO - [2026-07-22T00:14:44.409+0000] {dag.py:4180} INFO - Setting next_dagrun for dataset_s3_bucket_consumer to None, run_after=None
[2026-07-22T00:14:44.413+0000] {logging_mixin.py:190} INFO - [2026-07-22T00:14:44.413+0000] {dag.py:4180} INFO - Setting next_dagrun for dataset_s3_bucket_producer to None, run_after=None
[2026-07-22T00:14:44.461+0000] {processor.py:208} INFO - Processing /home/airflow/.local/lib/python3.12/site-packages/airflow/example_dags/example_dataset_alias.py took 1.009 seconds
[2026-07-22T00:15:14.974+0000] {processor.py:186} INFO - Started process (PID=1035) to work on /home/airflow/.local/lib/python3.12/site-packages/airflow/example_dags/example_dataset_alias.py
[2026-07-22T00:15:14.976+0000] {processor.py:914} INFO - Processing file /home/airflow/.local/lib/python3.12/site-packages/airflow/example_dags/example_dataset_alias.py for tasks to queue
[2026-07-22T00:15:14.981+0000] {logging_mixin.py:190} INFO - [2026-07-22T00:15:14.980+0000] {dagbag.py:588} INFO - Filling up the DagBag from /home/airflow/.local/lib/python3.12/site-packages/airflow/example_dags/example_dataset_alias.py
[2026-07-22T00:15:15.638+0000] {processor.py:925} INFO - DAG(s) 'dataset_alias_example_alias_producer', 'dataset_s3_bucket_producer', 'dataset_alias_example_alias_consumer', 'dataset_s3_bucket_consumer' retrieved from /home/airflow/.local/lib/python3.12/site-packages/airflow/example_dags/example_dataset_alias.py
[2026-07-22T00:15:15.661+0000] {logging_mixin.py:190} INFO - [2026-07-22T00:15:15.661+0000] {dag.py:3239} INFO - Sync 4 DAGs
[2026-07-22T00:15:15.686+0000] {logging_mixin.py:190} INFO - [2026-07-22T00:15:15.686+0000] {dag.py:4180} INFO - Setting next_dagrun for dataset_alias_example_alias_consumer to None, run_after=None
[2026-07-22T00:15:15.690+0000] {logging_mixin.py:190} INFO - [2026-07-22T00:15:15.689+0000] {dag.py:4180} INFO - Setting next_dagrun for dataset_alias_example_alias_producer to None, run_after=None
[2026-07-22T00:15:15.692+0000] {logging_mixin.py:190} INFO - [2026-07-22T00:15:15.692+0000] {dag.py:4180} INFO - Setting next_dagrun for dataset_s3_bucket_consumer to None, run_after=None
[2026-07-22T00:15:15.694+0000] {logging_mixin.py:190} INFO - [2026-07-22T00:15:15.694+0000] {dag.py:4180} INFO - Setting next_dagrun for dataset_s3_bucket_producer to None, run_after=None
[2026-07-22T00:15:15.722+0000] {processor.py:208} INFO - Processing /home/airflow/.local/lib/python3.12/site-packages/airflow/example_dags/example_dataset_alias.py took 0.755 seconds
[2026-07-22T00:15:45.868+0000] {processor.py:186} INFO - Started process (PID=1099) to work on /home/airflow/.local/lib/python3.12/site-packages/airflow/example_dags/example_dataset_alias.py
[2026-07-22T00:15:45.870+0000] {processor.py:914} INFO - Processing file /home/airflow/.local/lib/python3.12/site-packages/airflow/example_dags/example_dataset_alias.py for tasks to queue
[2026-07-22T00:15:45.874+0000] {logging_mixin.py:190} INFO - [2026-07-22T00:15:45.874+0000] {dagbag.py:588} INFO - Filling up the DagBag from /home/airflow/.local/lib/python3.12/site-packages/airflow/example_dags/example_dataset_alias.py
[2026-07-22T00:15:46.803+0000] {processor.py:925} INFO - DAG(s) 'dataset_s3_bucket_consumer', 'dataset_alias_example_alias_consumer', 'dataset_alias_example_alias_producer', 'dataset_s3_bucket_producer' retrieved from /home/airflow/.local/lib/python3.12/site-packages/airflow/example_dags/example_dataset_alias.py
[2026-07-22T00:15:46.839+0000] {logging_mixin.py:190} INFO - [2026-07-22T00:15:46.838+0000] {dag.py:3239} INFO - Sync 4 DAGs
[2026-07-22T00:15:46.873+0000] {logging_mixin.py:190} INFO - [2026-07-22T00:15:46.873+0000] {dag.py:4180} INFO - Setting next_dagrun for dataset_alias_example_alias_consumer to None, run_after=None
[2026-07-22T00:15:46.878+0000] {logging_mixin.py:190} INFO - [2026-07-22T00:15:46.878+0000] {dag.py:4180} INFO - Setting next_dagrun for dataset_alias_example_alias_producer to None, run_after=None
[2026-07-22T00:15:46.882+0000] {logging_mixin.py:190} INFO - [2026-07-22T00:15:46.881+0000] {dag.py:4180} INFO - Setting next_dagrun for dataset_s3_bucket_consumer to None, run_after=None
[2026-07-22T00:15:46.885+0000] {logging_mixin.py:190} INFO - [2026-07-22T00:15:46.885+0000] {dag.py:4180} INFO - Setting next_dagrun for dataset_s3_bucket_producer to None, run_after=None
[2026-07-22T00:15:46.923+0000] {processor.py:208} INFO - Processing /home/airflow/.local/lib/python3.12/site-packages/airflow/example_dags/example_dataset_alias.py took 1.065 seconds
[2026-07-22T00:16:17.409+0000] {processor.py:186} INFO - Started process (PID=1163) to work on /home/airflow/.local/lib/python3.12/site-packages/airflow/example_dags/example_dataset_alias.py
[2026-07-22T00:16:17.411+0000] {processor.py:914} INFO - Processing file /home/airflow/.local/lib/python3.12/site-packages/airflow/example_dags/example_dataset_alias.py for tasks to queue
[2026-07-22T00:16:17.417+0000] {logging_mixin.py:190} INFO - [2026-07-22T00:16:17.415+0000] {dagbag.py:588} INFO - Filling up the DagBag from /home/airflow/.local/lib/python3.12/site-packages/airflow/example_dags/example_dataset_alias.py
[2026-07-22T00:16:18.160+0000] {processor.py:925} INFO - DAG(s) 'dataset_alias_example_alias_producer', 'dataset_alias_example_alias_consumer', 'dataset_s3_bucket_consumer', 'dataset_s3_bucket_producer' retrieved from /home/airflow/.local/lib/python3.12/site-packages/airflow/example_dags/example_dataset_alias.py
[2026-07-22T00:16:18.189+0000] {logging_mixin.py:190} INFO - [2026-07-22T00:16:18.188+0000] {dag.py:3239} INFO - Sync 4 DAGs
[2026-07-22T00:16:18.217+0000] {logging_mixin.py:190} INFO - [2026-07-22T00:16:18.217+0000] {dag.py:4180} INFO - Setting next_dagrun for dataset_alias_example_alias_consumer to None, run_after=None
[2026-07-22T00:16:18.222+0000] {logging_mixin.py:190} INFO - [2026-07-22T00:16:18.221+0000] {dag.py:4180} INFO - Setting next_dagrun for dataset_alias_example_alias_producer to None, run_after=None
[2026-07-22T00:16:18.224+0000] {logging_mixin.py:190} INFO - [2026-07-22T00:16:18.224+0000] {dag.py:4180} INFO - Setting next_dagrun for dataset_s3_bucket_consumer to None, run_after=None
[2026-07-22T00:16:18.227+0000] {logging_mixin.py:190} INFO - [2026-07-22T00:16:18.226+0000] {dag.py:4180} INFO - Setting next_dagrun for dataset_s3_bucket_producer to None, run_after=None
[2026-07-22T00:16:18.254+0000] {processor.py:208} INFO - Processing /home/airflow/.local/lib/python3.12/site-packages/airflow/example_dags/example_dataset_alias.py took 0.855 seconds
[2026-07-22T00:16:48.913+0000] {processor.py:186} INFO - Started process (PID=1227) to work on /home/airflow/.local/lib/python3.12/site-packages/airflow/example_dags/example_dataset_alias.py
[2026-07-22T00:16:48.914+0000] {processor.py:914} INFO - Processing file /home/airflow/.local/lib/python3.12/site-packages/airflow/example_dags/example_dataset_alias.py for tasks to queue
[2026-07-22T00:16:48.919+0000] {logging_mixin.py:190} INFO - [2026-07-22T00:16:48.917+0000] {dagbag.py:588} INFO - Filling up the DagBag from /home/airflow/.local/lib/python3.12/site-packages/airflow/example_dags/example_dataset_alias.py
[2026-07-22T00:16:49.825+0000] {processor.py:925} INFO - DAG(s) 'dataset_s3_bucket_producer', 'dataset_s3_bucket_consumer', 'dataset_alias_example_alias_consumer', 'dataset_alias_example_alias_producer' retrieved from /home/airflow/.local/lib/python3.12/site-packages/airflow/example_dags/example_dataset_alias.py
[2026-07-22T00:16:49.871+0000] {logging_mixin.py:190} INFO - [2026-07-22T00:16:49.870+0000] {dag.py:3239} INFO - Sync 4 DAGs
[2026-07-22T00:16:49.915+0000] {logging_mixin.py:190} INFO - [2026-07-22T00:16:49.915+0000] {dag.py:4180} INFO - Setting next_dagrun for dataset_alias_example_alias_consumer to None, run_after=None
[2026-07-22T00:16:49.921+0000] {logging_mixin.py:190} INFO - [2026-07-22T00:16:49.920+0000] {dag.py:4180} INFO - Setting next_dagrun for dataset_alias_example_alias_producer to None, run_after=None
[2026-07-22T00:16:49.924+0000] {logging_mixin.py:190} INFO - [2026-07-22T00:16:49.924+0000] {dag.py:4180} INFO - Setting next_dagrun for dataset_s3_bucket_consumer to None, run_after=None
[2026-07-22T00:16:49.927+0000] {logging_mixin.py:190} INFO - [2026-07-22T00:16:49.926+0000] {dag.py:4180} INFO - Setting next_dagrun for dataset_s3_bucket_producer to None, run_after=None
[2026-07-22T00:16:49.958+0000] {processor.py:208} INFO - Processing /home/airflow/.local/lib/python3.12/site-packages/airflow/example_dags/example_dataset_alias.py took 1.055 seconds
[2026-07-22T00:17:20.130+0000] {processor.py:186} INFO - Started process (PID=1291) to work on /home/airflow/.local/lib/python3.12/site-packages/airflow/example_dags/example_dataset_alias.py
[2026-07-22T00:17:20.131+0000] {processor.py:914} INFO - Processing file /home/airflow/.local/lib/python3.12/site-packages/airflow/example_dags/example_dataset_alias.py for tasks to queue
[2026-07-22T00:17:20.134+0000] {logging_mixin.py:190} INFO - [2026-07-22T00:17:20.134+0000] {dagbag.py:588} INFO - Filling up the DagBag from /home/airflow/.local/lib/python3.12/site-packages/airflow/example_dags/example_dataset_alias.py
[2026-07-22T00:17:20.744+0000] {processor.py:925} INFO - DAG(s) 'dataset_s3_bucket_consumer', 'dataset_alias_example_alias_producer', 'dataset_alias_example_alias_consumer', 'dataset_s3_bucket_producer' retrieved from /home/airflow/.local/lib/python3.12/site-packages/airflow/example_dags/example_dataset_alias.py
[2026-07-22T00:17:20.767+0000] {logging_mixin.py:190} INFO - [2026-07-22T00:17:20.767+0000] {dag.py:3239} INFO - Sync 4 DAGs
[2026-07-22T00:17:20.794+0000] {logging_mixin.py:190} INFO - [2026-07-22T00:17:20.794+0000] {dag.py:4180} INFO - Setting next_dagrun for dataset_alias_example_alias_consumer to None, run_after=None
[2026-07-22T00:17:20.797+0000] {logging_mixin.py:190} INFO - [2026-07-22T00:17:20.797+0000] {dag.py:4180} INFO - Setting next_dagrun for dataset_alias_example_alias_producer to None, run_after=None
[2026-07-22T00:17:20.799+0000] {logging_mixin.py:190} INFO - [2026-07-22T00:17:20.799+0000] {dag.py:4180} INFO - Setting next_dagrun for dataset_s3_bucket_consumer to None, run_after=None
[2026-07-22T00:17:20.801+0000] {logging_mixin.py:190} INFO - [2026-07-22T00:17:20.801+0000] {dag.py:4180} INFO - Setting next_dagrun for dataset_s3_bucket_producer to None, run_after=None
[2026-07-22T00:17:20.824+0000] {processor.py:208} INFO - Processing /home/airflow/.local/lib/python3.12/site-packages/airflow/example_dags/example_dataset_alias.py took 0.701 seconds
[2026-07-22T00:17:51.368+0000] {processor.py:186} INFO - Started process (PID=1355) to work on /home/airflow/.local/lib/python3.12/site-packages/airflow/example_dags/example_dataset_alias.py
[2026-07-22T00:17:51.370+0000] {processor.py:914} INFO - Processing file /home/airflow/.local/lib/python3.12/site-packages/airflow/example_dags/example_dataset_alias.py for tasks to queue
[2026-07-22T00:17:51.375+0000] {logging_mixin.py:190} INFO - [2026-07-22T00:17:51.374+0000] {dagbag.py:588} INFO - Filling up the DagBag from /home/airflow/.local/lib/python3.12/site-packages/airflow/example_dags/example_dataset_alias.py
[2026-07-22T00:17:52.075+0000] {processor.py:925} INFO - DAG(s) 'dataset_alias_example_alias_consumer', 'dataset_s3_bucket_producer', 'dataset_s3_bucket_consumer', 'dataset_alias_example_alias_producer' retrieved from /home/airflow/.local/lib/python3.12/site-packages/airflow/example_dags/example_dataset_alias.py
[2026-07-22T00:17:52.106+0000] {logging_mixin.py:190} INFO - [2026-07-22T00:17:52.105+0000] {dag.py:3239} INFO - Sync 4 DAGs
[2026-07-22T00:17:52.139+0000] {logging_mixin.py:190} INFO - [2026-07-22T00:17:52.139+0000] {dag.py:4180} INFO - Setting next_dagrun for dataset_alias_example_alias_consumer to None, run_after=None
[2026-07-22T00:17:52.144+0000] {logging_mixin.py:190} INFO - [2026-07-22T00:17:52.144+0000] {dag.py:4180} INFO - Setting next_dagrun for dataset_alias_example_alias_producer to None, run_after=None
[2026-07-22T00:17:52.146+0000] {logging_mixin.py:190} INFO - [2026-07-22T00:17:52.146+0000] {dag.py:4180} INFO - Setting next_dagrun for dataset_s3_bucket_consumer to None, run_after=None
[2026-07-22T00:17:52.149+0000] {logging_mixin.py:190} INFO - [2026-07-22T00:17:52.148+0000] {dag.py:4180} INFO - Setting next_dagrun for dataset_s3_bucket_producer to None, run_after=None
[2026-07-22T00:17:52.179+0000] {processor.py:208} INFO - Processing /home/airflow/.local/lib/python3.12/site-packages/airflow/example_dags/example_dataset_alias.py took 0.823 seconds
[2026-07-22T00:18:22.461+0000] {processor.py:186} INFO - Started process (PID=1419) to work on /home/airflow/.local/lib/python3.12/site-packages/airflow/example_dags/example_dataset_alias.py
[2026-07-22T00:18:22.463+0000] {processor.py:914} INFO - Processing file /home/airflow/.local/lib/python3.12/site-packages/airflow/example_dags/example_dataset_alias.py for tasks to queue
[2026-07-22T00:18:22.467+0000] {logging_mixin.py:190} INFO - [2026-07-22T00:18:22.467+0000] {dagbag.py:588} INFO - Filling up the DagBag from /home/airflow/.local/lib/python3.12/site-packages/airflow/example_dags/example_dataset_alias.py
[2026-07-22T00:18:23.169+0000] {processor.py:925} INFO - DAG(s) 'dataset_alias_example_alias_producer', 'dataset_alias_example_alias_consumer', 'dataset_s3_bucket_consumer', 'dataset_s3_bucket_producer' retrieved from /home/airflow/.local/lib/python3.12/site-packages/airflow/example_dags/example_dataset_alias.py
[2026-07-22T00:18:23.198+0000] {logging_mixin.py:190} INFO - [2026-07-22T00:18:23.198+0000] {dag.py:3239} INFO - Sync 4 DAGs
[2026-07-22T00:18:23.233+0000] {logging_mixin.py:190} INFO - [2026-07-22T00:18:23.233+0000] {dag.py:4180} INFO - Setting next_dagrun for dataset_alias_example_alias_consumer to None, run_after=None
[2026-07-22T00:18:23.237+0000] {logging_mixin.py:190} INFO - [2026-07-22T00:18:23.237+0000] {dag.py:4180} INFO - Setting next_dagrun for dataset_alias_example_alias_producer to None, run_after=None
[2026-07-22T00:18:23.240+0000] {logging_mixin.py:190} INFO - [2026-07-22T00:18:23.240+0000] {dag.py:4180} INFO - Setting next_dagrun for dataset_s3_bucket_consumer to None, run_after=None
[2026-07-22T00:18:23.243+0000] {logging_mixin.py:190} INFO - [2026-07-22T00:18:23.242+0000] {dag.py:4180} INFO - Setting next_dagrun for dataset_s3_bucket_producer to None, run_after=None
[2026-07-22T00:18:23.277+0000] {processor.py:208} INFO - Processing /home/airflow/.local/lib/python3.12/site-packages/airflow/example_dags/example_dataset_alias.py took 0.823 seconds
[2026-07-22T00:18:53.423+0000] {processor.py:186} INFO - Started process (PID=1483) to work on /home/airflow/.local/lib/python3.12/site-packages/airflow/example_dags/example_dataset_alias.py
[2026-07-22T00:18:53.425+0000] {processor.py:914} INFO - Processing file /home/airflow/.local/lib/python3.12/site-packages/airflow/example_dags/example_dataset_alias.py for tasks to queue
[2026-07-22T00:18:53.429+0000] {logging_mixin.py:190} INFO - [2026-07-22T00:18:53.428+0000] {dagbag.py:588} INFO - Filling up the DagBag from /home/airflow/.local/lib/python3.12/site-packages/airflow/example_dags/example_dataset_alias.py
[2026-07-22T00:18:54.139+0000] {processor.py:925} INFO - DAG(s) 'dataset_alias_example_alias_producer', 'dataset_alias_example_alias_consumer', 'dataset_s3_bucket_consumer', 'dataset_s3_bucket_producer' retrieved from /home/airflow/.local/lib/python3.12/site-packages/airflow/example_dags/example_dataset_alias.py
[2026-07-22T00:18:54.175+0000] {logging_mixin.py:190} INFO - [2026-07-22T00:18:54.175+0000] {dag.py:3239} INFO - Sync 4 DAGs
[2026-07-22T00:18:54.209+0000] {logging_mixin.py:190} INFO - [2026-07-22T00:18:54.209+0000] {dag.py:4180} INFO - Setting next_dagrun for dataset_alias_example_alias_consumer to None, run_after=None
[2026-07-22T00:18:54.213+0000] {logging_mixin.py:190} INFO - [2026-07-22T00:18:54.213+0000] {dag.py:4180} INFO - Setting next_dagrun for dataset_alias_example_alias_producer to None, run_after=None
[2026-07-22T00:18:54.216+0000] {logging_mixin.py:190} INFO - [2026-07-22T00:18:54.216+0000] {dag.py:4180} INFO - Setting next_dagrun for dataset_s3_bucket_consumer to None, run_after=None
[2026-07-22T00:18:54.219+0000] {logging_mixin.py:190} INFO - [2026-07-22T00:18:54.218+0000] {dag.py:4180} INFO - Setting next_dagrun for dataset_s3_bucket_producer to None, run_after=None
[2026-07-22T00:18:54.248+0000] {processor.py:208} INFO - Processing /home/airflow/.local/lib/python3.12/site-packages/airflow/example_dags/example_dataset_alias.py took 0.834 seconds
[2026-07-22T00:19:24.391+0000] {processor.py:186} INFO - Started process (PID=1547) to work on /home/airflow/.local/lib/python3.12/site-packages/airflow/example_dags/example_dataset_alias.py
[2026-07-22T00:19:24.393+0000] {processor.py:914} INFO - Processing file /home/airflow/.local/lib/python3.12/site-packages/airflow/example_dags/example_dataset_alias.py for tasks to queue
[2026-07-22T00:19:24.398+0000] {logging_mixin.py:190} INFO - [2026-07-22T00:19:24.397+0000] {dagbag.py:588} INFO - Filling up the DagBag from /home/airflow/.local/lib/python3.12/site-packages/airflow/example_dags/example_dataset_alias.py
[2026-07-22T00:19:25.238+0000] {processor.py:925} INFO - DAG(s) 'dataset_alias_example_alias_consumer', 'dataset_s3_bucket_producer', 'dataset_s3_bucket_consumer', 'dataset_alias_example_alias_producer' retrieved from /home/airflow/.local/lib/python3.12/site-packages/airflow/example_dags/example_dataset_alias.py
[2026-07-22T00:19:25.282+0000] {logging_mixin.py:190} INFO - [2026-07-22T00:19:25.281+0000] {dag.py:3239} INFO - Sync 4 DAGs
[2026-07-22T00:19:25.333+0000] {logging_mixin.py:190} INFO - [2026-07-22T00:19:25.333+0000] {dag.py:4180} INFO - Setting next_dagrun for dataset_alias_example_alias_consumer to None, run_after=None
[2026-07-22T00:19:25.339+0000] {logging_mixin.py:190} INFO - [2026-07-22T00:19:25.339+0000] {dag.py:4180} INFO - Setting next_dagrun for dataset_alias_example_alias_producer to None, run_after=None
[2026-07-22T00:19:25.344+0000] {logging_mixin.py:190} INFO - [2026-07-22T00:19:25.344+0000] {dag.py:4180} INFO - Setting next_dagrun for dataset_s3_bucket_consumer to None, run_after=None
[2026-07-22T00:19:25.349+0000] {logging_mixin.py:190} INFO - [2026-07-22T00:19:25.349+0000] {dag.py:4180} INFO - Setting next_dagrun for dataset_s3_bucket_producer to None, run_after=None
[2026-07-22T00:19:25.395+0000] {processor.py:208} INFO - Processing /home/airflow/.local/lib/python3.12/site-packages/airflow/example_dags/example_dataset_alias.py took 1.015 seconds
[2026-07-22T00:19:55.828+0000] {processor.py:186} INFO - Started process (PID=1611) to work on /home/airflow/.local/lib/python3.12/site-packages/airflow/example_dags/example_dataset_alias.py
[2026-07-22T00:19:55.832+0000] {processor.py:914} INFO - Processing file /home/airflow/.local/lib/python3.12/site-packages/airflow/example_dags/example_dataset_alias.py for tasks to queue
[2026-07-22T00:19:55.836+0000] {logging_mixin.py:190} INFO - [2026-07-22T00:19:55.835+0000] {dagbag.py:588} INFO - Filling up the DagBag from /home/airflow/.local/lib/python3.12/site-packages/airflow/example_dags/example_dataset_alias.py
[2026-07-22T00:19:56.858+0000] {processor.py:925} INFO - DAG(s) 'dataset_alias_example_alias_producer', 'dataset_s3_bucket_consumer', 'dataset_s3_bucket_producer', 'dataset_alias_example_alias_consumer' retrieved from /home/airflow/.local/lib/python3.12/site-packages/airflow/example_dags/example_dataset_alias.py
[2026-07-22T00:19:56.887+0000] {logging_mixin.py:190} INFO - [2026-07-22T00:19:56.886+0000] {dag.py:3239} INFO - Sync 4 DAGs
[2026-07-22T00:19:56.915+0000] {logging_mixin.py:190} INFO - [2026-07-22T00:19:56.915+0000] {dag.py:4180} INFO - Setting next_dagrun for dataset_alias_example_alias_consumer to None, run_after=None
[2026-07-22T00:19:56.919+0000] {logging_mixin.py:190} INFO - [2026-07-22T00:19:56.919+0000] {dag.py:4180} INFO - Setting next_dagrun for dataset_alias_example_alias_producer to None, run_after=None
[2026-07-22T00:19:56.922+0000] {logging_mixin.py:190} INFO - [2026-07-22T00:19:56.921+0000] {dag.py:4180} INFO - Setting next_dagrun for dataset_s3_bucket_consumer to None, run_after=None
[2026-07-22T00:19:56.924+0000] {logging_mixin.py:190} INFO - [2026-07-22T00:19:56.924+0000] {dag.py:4180} INFO - Setting next_dagrun for dataset_s3_bucket_producer to None, run_after=None
[2026-07-22T00:19:56.955+0000] {processor.py:208} INFO - Processing /home/airflow/.local/lib/python3.12/site-packages/airflow/example_dags/example_dataset_alias.py took 1.135 seconds
[2026-07-22T00:20:27.107+0000] {processor.py:186} INFO - Started process (PID=1675) to work on /home/airflow/.local/lib/python3.12/site-packages/airflow/example_dags/example_dataset_alias.py
[2026-07-22T00:20:27.109+0000] {processor.py:914} INFO - Processing file /home/airflow/.local/lib/python3.12/site-packages/airflow/example_dags/example_dataset_alias.py for tasks to queue
[2026-07-22T00:20:27.112+0000] {logging_mixin.py:190} INFO - [2026-07-22T00:20:27.112+0000] {dagbag.py:588} INFO - Filling up the DagBag from /home/airflow/.local/lib/python3.12/site-packages/airflow/example_dags/example_dataset_alias.py
[2026-07-22T00:20:27.781+0000] {processor.py:925} INFO - DAG(s) 'dataset_alias_example_alias_producer', 'dataset_s3_bucket_consumer', 'dataset_alias_example_alias_consumer', 'dataset_s3_bucket_producer' retrieved from /home/airflow/.local/lib/python3.12/site-packages/airflow/example_dags/example_dataset_alias.py
[2026-07-22T00:20:27.803+0000] {logging_mixin.py:190} INFO - [2026-07-22T00:20:27.802+0000] {dag.py:3239} INFO - Sync 4 DAGs
[2026-07-22T00:20:27.835+0000] {logging_mixin.py:190} INFO - [2026-07-22T00:20:27.835+0000] {dag.py:4180} INFO - Setting next_dagrun for dataset_alias_example_alias_consumer to None, run_after=None
[2026-07-22T00:20:27.839+0000] {logging_mixin.py:190} INFO - [2026-07-22T00:20:27.838+0000] {dag.py:4180} INFO - Setting next_dagrun for dataset_alias_example_alias_producer to None, run_after=None
[2026-07-22T00:20:27.841+0000] {logging_mixin.py:190} INFO - [2026-07-22T00:20:27.841+0000] {dag.py:4180} INFO - Setting next_dagrun for dataset_s3_bucket_consumer to None, run_after=None
[2026-07-22T00:20:27.843+0000] {logging_mixin.py:190} INFO - [2026-07-22T00:20:27.843+0000] {dag.py:4180} INFO - Setting next_dagrun for dataset_s3_bucket_producer to None, run_after=None
[2026-07-22T00:20:27.873+0000] {processor.py:208} INFO - Processing /home/airflow/.local/lib/python3.12/site-packages/airflow/example_dags/example_dataset_alias.py took 0.772 seconds
[2026-07-22T00:20:58.726+0000] {processor.py:186} INFO - Started process (PID=1745) to work on /home/airflow/.local/lib/python3.12/site-packages/airflow/example_dags/example_dataset_alias.py
[2026-07-22T00:20:58.729+0000] {processor.py:914} INFO - Processing file /home/airflow/.local/lib/python3.12/site-packages/airflow/example_dags/example_dataset_alias.py for tasks to queue
[2026-07-22T00:20:58.734+0000] {logging_mixin.py:190} INFO - [2026-07-22T00:20:58.733+0000] {dagbag.py:588} INFO - Filling up the DagBag from /home/airflow/.local/lib/python3.12/site-packages/airflow/example_dags/example_dataset_alias.py
[2026-07-22T00:20:59.456+0000] {processor.py:925} INFO - DAG(s) 'dataset_alias_example_alias_producer', 'dataset_alias_example_alias_consumer', 'dataset_s3_bucket_producer', 'dataset_s3_bucket_consumer' retrieved from /home/airflow/.local/lib/python3.12/site-packages/airflow/example_dags/example_dataset_alias.py
[2026-07-22T00:20:59.480+0000] {logging_mixin.py:190} INFO - [2026-07-22T00:20:59.479+0000] {dag.py:3239} INFO - Sync 4 DAGs
[2026-07-22T00:20:59.505+0000] {logging_mixin.py:190} INFO - [2026-07-22T00:20:59.504+0000] {dag.py:4180} INFO - Setting next_dagrun for dataset_alias_example_alias_consumer to None, run_after=None
[2026-07-22T00:20:59.509+0000] {logging_mixin.py:190} INFO - [2026-07-22T00:20:59.508+0000] {dag.py:4180} INFO - Setting next_dagrun for dataset_alias_example_alias_producer to None, run_after=None
[2026-07-22T00:20:59.511+0000] {logging_mixin.py:190} INFO - [2026-07-22T00:20:59.511+0000] {dag.py:4180} INFO - Setting next_dagrun for dataset_s3_bucket_consumer to None, run_after=None
[2026-07-22T00:20:59.513+0000] {logging_mixin.py:190} INFO - [2026-07-22T00:20:59.513+0000] {dag.py:4180} INFO - Setting next_dagrun for dataset_s3_bucket_producer to None, run_after=None
[2026-07-22T00:20:59.542+0000] {processor.py:208} INFO - Processing /home/airflow/.local/lib/python3.12/site-packages/airflow/example_dags/example_dataset_alias.py took 0.825 seconds
[2026-07-22T00:21:29.613+0000] {processor.py:186} INFO - Started process (PID=1810) to work on /home/airflow/.local/lib/python3.12/site-packages/airflow/example_dags/example_dataset_alias.py
[2026-07-22T00:21:29.615+0000] {processor.py:914} INFO - Processing file /home/airflow/.local/lib/python3.12/site-packages/airflow/example_dags/example_dataset_alias.py for tasks to queue
[2026-07-22T00:21:29.618+0000] {logging_mixin.py:190} INFO - [2026-07-22T00:21:29.617+0000] {dagbag.py:588} INFO - Filling up the DagBag from /home/airflow/.local/lib/python3.12/site-packages/airflow/example_dags/example_dataset_alias.py
[2026-07-22T00:21:30.346+0000] {processor.py:925} INFO - DAG(s) 'dataset_s3_bucket_producer', 'dataset_s3_bucket_consumer', 'dataset_alias_example_alias_producer', 'dataset_alias_example_alias_consumer' retrieved from /home/airflow/.local/lib/python3.12/site-packages/airflow/example_dags/example_dataset_alias.py
[2026-07-22T00:21:30.377+0000] {logging_mixin.py:190} INFO - [2026-07-22T00:21:30.376+0000] {dag.py:3239} INFO - Sync 4 DAGs
[2026-07-22T00:21:30.407+0000] {logging_mixin.py:190} INFO - [2026-07-22T00:21:30.407+0000] {dag.py:4180} INFO - Setting next_dagrun for dataset_alias_example_alias_consumer to None, run_after=None
[2026-07-22T00:21:30.411+0000] {logging_mixin.py:190} INFO - [2026-07-22T00:21:30.411+0000] {dag.py:4180} INFO - Setting next_dagrun for dataset_alias_example_alias_producer to None, run_after=None
[2026-07-22T00:21:30.417+0000] {logging_mixin.py:190} INFO - [2026-07-22T00:21:30.417+0000] {dag.py:4180} INFO - Setting next_dagrun for dataset_s3_bucket_consumer to None, run_after=None
[2026-07-22T00:21:30.420+0000] {logging_mixin.py:190} INFO - [2026-07-22T00:21:30.420+0000] {dag.py:4180} INFO - Setting next_dagrun for dataset_s3_bucket_producer to None, run_after=None
[2026-07-22T00:21:30.448+0000] {processor.py:208} INFO - Processing /home/airflow/.local/lib/python3.12/site-packages/airflow/example_dags/example_dataset_alias.py took 0.841 seconds
[2026-07-22T00:22:00.917+0000] {processor.py:186} INFO - Started process (PID=1873) to work on /home/airflow/.local/lib/python3.12/site-packages/airflow/example_dags/example_dataset_alias.py
[2026-07-22T00:22:00.919+0000] {processor.py:914} INFO - Processing file /home/airflow/.local/lib/python3.12/site-packages/airflow/example_dags/example_dataset_alias.py for tasks to queue
[2026-07-22T00:22:00.923+0000] {logging_mixin.py:190} INFO - [2026-07-22T00:22:00.923+0000] {dagbag.py:588} INFO - Filling up the DagBag from /home/airflow/.local/lib/python3.12/site-packages/airflow/example_dags/example_dataset_alias.py
[2026-07-22T00:22:01.741+0000] {processor.py:925} INFO - DAG(s) 'dataset_alias_example_alias_consumer', 'dataset_s3_bucket_consumer', 'dataset_s3_bucket_producer', 'dataset_alias_example_alias_producer' retrieved from /home/airflow/.local/lib/python3.12/site-packages/airflow/example_dags/example_dataset_alias.py
[2026-07-22T00:22:01.771+0000] {logging_mixin.py:190} INFO - [2026-07-22T00:22:01.770+0000] {dag.py:3239} INFO - Sync 4 DAGs
[2026-07-22T00:22:01.800+0000] {logging_mixin.py:190} INFO - [2026-07-22T00:22:01.800+0000] {dag.py:4180} INFO - Setting next_dagrun for dataset_alias_example_alias_consumer to None, run_after=None
[2026-07-22T00:22:01.805+0000] {logging_mixin.py:190} INFO - [2026-07-22T00:22:01.804+0000] {dag.py:4180} INFO - Setting next_dagrun for dataset_alias_example_alias_producer to None, run_after=None
[2026-07-22T00:22:01.807+0000] {logging_mixin.py:190} INFO - [2026-07-22T00:22:01.807+0000] {dag.py:4180} INFO - Setting next_dagrun for dataset_s3_bucket_consumer to None, run_after=None
[2026-07-22T00:22:01.810+0000] {logging_mixin.py:190} INFO - [2026-07-22T00:22:01.809+0000] {dag.py:4180} INFO - Setting next_dagrun for dataset_s3_bucket_producer to None, run_after=None
[2026-07-22T00:22:01.839+0000] {processor.py:208} INFO - Processing /home/airflow/.local/lib/python3.12/site-packages/airflow/example_dags/example_dataset_alias.py took 0.932 seconds
[2026-07-22T00:22:32.683+0000] {processor.py:186} INFO - Started process (PID=1937) to work on /home/airflow/.local/lib/python3.12/site-packages/airflow/example_dags/example_dataset_alias.py
[2026-07-22T00:22:32.684+0000] {processor.py:914} INFO - Processing file /home/airflow/.local/lib/python3.12/site-packages/airflow/example_dags/example_dataset_alias.py for tasks to queue
[2026-07-22T00:22:32.687+0000] {logging_mixin.py:190} INFO - [2026-07-22T00:22:32.687+0000] {dagbag.py:588} INFO - Filling up the DagBag from /home/airflow/.local/lib/python3.12/site-packages/airflow/example_dags/example_dataset_alias.py
[2026-07-22T00:22:33.277+0000] {processor.py:925} INFO - DAG(s) 'dataset_alias_example_alias_producer', 'dataset_s3_bucket_consumer', 'dataset_alias_example_alias_consumer', 'dataset_s3_bucket_producer' retrieved from /home/airflow/.local/lib/python3.12/site-packages/airflow/example_dags/example_dataset_alias.py
[2026-07-22T00:22:33.303+0000] {logging_mixin.py:190} INFO - [2026-07-22T00:22:33.303+0000] {dag.py:3239} INFO - Sync 4 DAGs
[2026-07-22T00:22:33.337+0000] {logging_mixin.py:190} INFO - [2026-07-22T00:22:33.337+0000] {dag.py:4180} INFO - Setting next_dagrun for dataset_alias_example_alias_consumer to None, run_after=None
[2026-07-22T00:22:33.341+0000] {logging_mixin.py:190} INFO - [2026-07-22T00:22:33.341+0000] {dag.py:4180} INFO - Setting next_dagrun for dataset_alias_example_alias_producer to None, run_after=None
[2026-07-22T00:22:33.344+0000] {logging_mixin.py:190} INFO - [2026-07-22T00:22:33.344+0000] {dag.py:4180} INFO - Setting next_dagrun for dataset_s3_bucket_consumer to None, run_after=None
[2026-07-22T00:22:33.346+0000] {logging_mixin.py:190} INFO - [2026-07-22T00:22:33.346+0000] {dag.py:4180} INFO - Setting next_dagrun for dataset_s3_bucket_producer to None, run_after=None
[2026-07-22T00:22:33.371+0000] {processor.py:208} INFO - Processing /home/airflow/.local/lib/python3.12/site-packages/airflow/example_dags/example_dataset_alias.py took 0.695 seconds
[2026-07-22T00:23:03.548+0000] {processor.py:186} INFO - Started process (PID=2001) to work on /home/airflow/.local/lib/python3.12/site-packages/airflow/example_dags/example_dataset_alias.py
[2026-07-22T00:23:03.550+0000] {processor.py:914} INFO - Processing file /home/airflow/.local/lib/python3.12/site-packages/airflow/example_dags/example_dataset_alias.py for tasks to queue
[2026-07-22T00:23:03.554+0000] {logging_mixin.py:190} INFO - [2026-07-22T00:23:03.553+0000] {dagbag.py:588} INFO - Filling up the DagBag from /home/airflow/.local/lib/python3.12/site-packages/airflow/example_dags/example_dataset_alias.py
[2026-07-22T00:23:04.507+0000] {processor.py:925} INFO - DAG(s) 'dataset_alias_example_alias_consumer', 'dataset_s3_bucket_producer', 'dataset_s3_bucket_consumer', 'dataset_alias_example_alias_producer' retrieved from /home/airflow/.local/lib/python3.12/site-packages/airflow/example_dags/example_dataset_alias.py
[2026-07-22T00:23:04.543+0000] {logging_mixin.py:190} INFO - [2026-07-22T00:23:04.542+0000] {dag.py:3239} INFO - Sync 4 DAGs
[2026-07-22T00:23:04.576+0000] {logging_mixin.py:190} INFO - [2026-07-22T00:23:04.576+0000] {dag.py:4180} INFO - Setting next_dagrun for dataset_alias_example_alias_consumer to None, run_after=None
[2026-07-22T00:23:04.580+0000] {logging_mixin.py:190} INFO - [2026-07-22T00:23:04.579+0000] {dag.py:4180} INFO - Setting next_dagrun for dataset_alias_example_alias_producer to None, run_after=None
[2026-07-22T00:23:04.583+0000] {logging_mixin.py:190} INFO - [2026-07-22T00:23:04.582+0000] {dag.py:4180} INFO - Setting next_dagrun for dataset_s3_bucket_consumer to None, run_after=None
[2026-07-22T00:23:04.585+0000] {logging_mixin.py:190} INFO - [2026-07-22T00:23:04.585+0000] {dag.py:4180} INFO - Setting next_dagrun for dataset_s3_bucket_producer to None, run_after=None
[2026-07-22T00:23:04.615+0000] {processor.py:208} INFO - Processing /home/airflow/.local/lib/python3.12/site-packages/airflow/example_dags/example_dataset_alias.py took 1.077 seconds
[2026-07-22T00:23:34.729+0000] {processor.py:186} INFO - Started process (PID=2065) to work on /home/airflow/.local/lib/python3.12/site-packages/airflow/example_dags/example_dataset_alias.py
[2026-07-22T00:23:34.731+0000] {processor.py:914} INFO - Processing file /home/airflow/.local/lib/python3.12/site-packages/airflow/example_dags/example_dataset_alias.py for tasks to queue
[2026-07-22T00:23:34.734+0000] {logging_mixin.py:190} INFO - [2026-07-22T00:23:34.734+0000] {dagbag.py:588} INFO - Filling up the DagBag from /home/airflow/.local/lib/python3.12/site-packages/airflow/example_dags/example_dataset_alias.py
[2026-07-22T00:23:35.432+0000] {processor.py:925} INFO - DAG(s) 'dataset_s3_bucket_producer', 'dataset_alias_example_alias_producer', 'dataset_s3_bucket_consumer', 'dataset_alias_example_alias_consumer' retrieved from /home/airflow/.local/lib/python3.12/site-packages/airflow/example_dags/example_dataset_alias.py
[2026-07-22T00:23:35.470+0000] {logging_mixin.py:190} INFO - [2026-07-22T00:23:35.469+0000] {dag.py:3239} INFO - Sync 4 DAGs
[2026-07-22T00:23:35.500+0000] {logging_mixin.py:190} INFO - [2026-07-22T00:23:35.500+0000] {dag.py:4180} INFO - Setting next_dagrun for dataset_alias_example_alias_consumer to None, run_after=None
[2026-07-22T00:23:35.504+0000] {logging_mixin.py:190} INFO - [2026-07-22T00:23:35.503+0000] {dag.py:4180} INFO - Setting next_dagrun for dataset_alias_example_alias_producer to None, run_after=None
[2026-07-22T00:23:35.506+0000] {logging_mixin.py:190} INFO - [2026-07-22T00:23:35.506+0000] {dag.py:4180} INFO - Setting next_dagrun for dataset_s3_bucket_consumer to None, run_after=None
[2026-07-22T00:23:35.508+0000] {logging_mixin.py:190} INFO - [2026-07-22T00:23:35.508+0000] {dag.py:4180} INFO - Setting next_dagrun for dataset_s3_bucket_producer to None, run_after=None
[2026-07-22T00:23:35.540+0000] {processor.py:208} INFO - Processing /home/airflow/.local/lib/python3.12/site-packages/airflow/example_dags/example_dataset_alias.py took 0.817 seconds
[2026-07-22T00:24:06.784+0000] {processor.py:186} INFO - Started process (PID=2136) to work on /home/airflow/.local/lib/python3.12/site-packages/airflow/example_dags/example_dataset_alias.py
[2026-07-22T00:24:06.786+0000] {processor.py:914} INFO - Processing file /home/airflow/.local/lib/python3.12/site-packages/airflow/example_dags/example_dataset_alias.py for tasks to queue
[2026-07-22T00:24:06.790+0000] {logging_mixin.py:190} INFO - [2026-07-22T00:24:06.790+0000] {dagbag.py:588} INFO - Filling up the DagBag from /home/airflow/.local/lib/python3.12/site-packages/airflow/example_dags/example_dataset_alias.py
[2026-07-22T00:24:07.504+0000] {processor.py:925} INFO - DAG(s) 'dataset_alias_example_alias_producer', 'dataset_s3_bucket_producer', 'dataset_s3_bucket_consumer', 'dataset_alias_example_alias_consumer' retrieved from /home/airflow/.local/lib/python3.12/site-packages/airflow/example_dags/example_dataset_alias.py
[2026-07-22T00:24:07.543+0000] {logging_mixin.py:190} INFO - [2026-07-22T00:24:07.542+0000] {dag.py:3239} INFO - Sync 4 DAGs
[2026-07-22T00:24:07.580+0000] {logging_mixin.py:190} INFO - [2026-07-22T00:24:07.580+0000] {dag.py:4180} INFO - Setting next_dagrun for dataset_alias_example_alias_consumer to None, run_after=None
[2026-07-22T00:24:07.585+0000] {logging_mixin.py:190} INFO - [2026-07-22T00:24:07.584+0000] {dag.py:4180} INFO - Setting next_dagrun for dataset_alias_example_alias_producer to None, run_after=None
[2026-07-22T00:24:07.588+0000] {logging_mixin.py:190} INFO - [2026-07-22T00:24:07.587+0000] {dag.py:4180} INFO - Setting next_dagrun for dataset_s3_bucket_consumer to None, run_after=None
[2026-07-22T00:24:07.591+0000] {logging_mixin.py:190} INFO - [2026-07-22T00:24:07.590+0000] {dag.py:4180} INFO - Setting next_dagrun for dataset_s3_bucket_producer to None, run_after=None
[2026-07-22T00:24:07.625+0000] {processor.py:208} INFO - Processing /home/airflow/.local/lib/python3.12/site-packages/airflow/example_dags/example_dataset_alias.py took 0.851 seconds
[2026-07-22T00:24:38.169+0000] {processor.py:186} INFO - Started process (PID=2202) to work on /home/airflow/.local/lib/python3.12/site-packages/airflow/example_dags/example_dataset_alias.py
[2026-07-22T00:24:38.170+0000] {processor.py:914} INFO - Processing file /home/airflow/.local/lib/python3.12/site-packages/airflow/example_dags/example_dataset_alias.py for tasks to queue
[2026-07-22T00:24:38.173+0000] {logging_mixin.py:190} INFO - [2026-07-22T00:24:38.172+0000] {dagbag.py:588} INFO - Filling up the DagBag from /home/airflow/.local/lib/python3.12/site-packages/airflow/example_dags/example_dataset_alias.py
[2026-07-22T00:24:38.794+0000] {processor.py:925} INFO - DAG(s) 'dataset_s3_bucket_producer', 'dataset_alias_example_alias_producer', 'dataset_alias_example_alias_consumer', 'dataset_s3_bucket_consumer' retrieved from /home/airflow/.local/lib/python3.12/site-packages/airflow/example_dags/example_dataset_alias.py
[2026-07-22T00:24:38.820+0000] {logging_mixin.py:190} INFO - [2026-07-22T00:24:38.819+0000] {dag.py:3239} INFO - Sync 4 DAGs
[2026-07-22T00:24:38.844+0000] {logging_mixin.py:190} INFO - [2026-07-22T00:24:38.844+0000] {dag.py:4180} INFO - Setting next_dagrun for dataset_alias_example_alias_consumer to None, run_after=None
[2026-07-22T00:24:38.847+0000] {logging_mixin.py:190} INFO - [2026-07-22T00:24:38.847+0000] {dag.py:4180} INFO - Setting next_dagrun for dataset_alias_example_alias_producer to None, run_after=None
[2026-07-22T00:24:38.850+0000] {logging_mixin.py:190} INFO - [2026-07-22T00:24:38.850+0000] {dag.py:4180} INFO - Setting next_dagrun for dataset_s3_bucket_consumer to None, run_after=None
[2026-07-22T00:24:38.854+0000] {logging_mixin.py:190} INFO - [2026-07-22T00:24:38.853+0000] {dag.py:4180} INFO - Setting next_dagrun for dataset_s3_bucket_producer to None, run_after=None
[2026-07-22T00:24:38.886+0000] {processor.py:208} INFO - Processing /home/airflow/.local/lib/python3.12/site-packages/airflow/example_dags/example_dataset_alias.py took 0.723 seconds
[2026-07-22T00:25:09.761+0000] {processor.py:186} INFO - Started process (PID=2269) to work on /home/airflow/.local/lib/python3.12/site-packages/airflow/example_dags/example_dataset_alias.py
[2026-07-22T00:25:09.762+0000] {processor.py:914} INFO - Processing file /home/airflow/.local/lib/python3.12/site-packages/airflow/example_dags/example_dataset_alias.py for tasks to queue
[2026-07-22T00:25:09.767+0000] {logging_mixin.py:190} INFO - [2026-07-22T00:25:09.767+0000] {dagbag.py:588} INFO - Filling up the DagBag from /home/airflow/.local/lib/python3.12/site-packages/airflow/example_dags/example_dataset_alias.py
[2026-07-22T00:25:10.463+0000] {processor.py:925} INFO - DAG(s) 'dataset_alias_example_alias_consumer', 'dataset_s3_bucket_producer', 'dataset_alias_example_alias_producer', 'dataset_s3_bucket_consumer' retrieved from /home/airflow/.local/lib/python3.12/site-packages/airflow/example_dags/example_dataset_alias.py
[2026-07-22T00:25:10.489+0000] {logging_mixin.py:190} INFO - [2026-07-22T00:25:10.489+0000] {dag.py:3239} INFO - Sync 4 DAGs
[2026-07-22T00:25:10.523+0000] {logging_mixin.py:190} INFO - [2026-07-22T00:25:10.522+0000] {dag.py:4180} INFO - Setting next_dagrun for dataset_alias_example_alias_consumer to None, run_after=None
[2026-07-22T00:25:10.526+0000] {logging_mixin.py:190} INFO - [2026-07-22T00:25:10.526+0000] {dag.py:4180} INFO - Setting next_dagrun for dataset_alias_example_alias_producer to None, run_after=None
[2026-07-22T00:25:10.529+0000] {logging_mixin.py:190} INFO - [2026-07-22T00:25:10.529+0000] {dag.py:4180} INFO - Setting next_dagrun for dataset_s3_bucket_consumer to None, run_after=None
[2026-07-22T00:25:10.532+0000] {logging_mixin.py:190} INFO - [2026-07-22T00:25:10.532+0000] {dag.py:4180} INFO - Setting next_dagrun for dataset_s3_bucket_producer to None, run_after=None
[2026-07-22T00:25:10.562+0000] {processor.py:208} INFO - Processing /home/airflow/.local/lib/python3.12/site-packages/airflow/example_dags/example_dataset_alias.py took 0.812 seconds
[2026-07-22T00:25:40.762+0000] {processor.py:186} INFO - Started process (PID=2333) to work on /home/airflow/.local/lib/python3.12/site-packages/airflow/example_dags/example_dataset_alias.py
[2026-07-22T00:25:40.763+0000] {processor.py:914} INFO - Processing file /home/airflow/.local/lib/python3.12/site-packages/airflow/example_dags/example_dataset_alias.py for tasks to queue
[2026-07-22T00:25:40.766+0000] {logging_mixin.py:190} INFO - [2026-07-22T00:25:40.766+0000] {dagbag.py:588} INFO - Filling up the DagBag from /home/airflow/.local/lib/python3.12/site-packages/airflow/example_dags/example_dataset_alias.py
[2026-07-22T00:25:41.427+0000] {processor.py:925} INFO - DAG(s) 'dataset_alias_example_alias_producer', 'dataset_s3_bucket_producer', 'dataset_alias_example_alias_consumer', 'dataset_s3_bucket_consumer' retrieved from /home/airflow/.local/lib/python3.12/site-packages/airflow/example_dags/example_dataset_alias.py
[2026-07-22T00:25:41.451+0000] {logging_mixin.py:190} INFO - [2026-07-22T00:25:41.451+0000] {dag.py:3239} INFO - Sync 4 DAGs
[2026-07-22T00:25:41.482+0000] {logging_mixin.py:190} INFO - [2026-07-22T00:25:41.482+0000] {dag.py:4180} INFO - Setting next_dagrun for dataset_alias_example_alias_consumer to None, run_after=None
[2026-07-22T00:25:41.486+0000] {logging_mixin.py:190} INFO - [2026-07-22T00:25:41.486+0000] {dag.py:4180} INFO - Setting next_dagrun for dataset_alias_example_alias_producer to None, run_after=None
[2026-07-22T00:25:41.489+0000] {logging_mixin.py:190} INFO - [2026-07-22T00:25:41.489+0000] {dag.py:4180} INFO - Setting next_dagrun for dataset_s3_bucket_consumer to None, run_after=None
[2026-07-22T00:25:41.491+0000] {logging_mixin.py:190} INFO - [2026-07-22T00:25:41.491+0000] {dag.py:4180} INFO - Setting next_dagrun for dataset_s3_bucket_producer to None, run_after=None
[2026-07-22T00:25:41.521+0000] {processor.py:208} INFO - Processing /home/airflow/.local/lib/python3.12/site-packages/airflow/example_dags/example_dataset_alias.py took 0.765 seconds
[2026-07-22T00:26:12.974+0000] {processor.py:186} INFO - Started process (PID=2406) to work on /home/airflow/.local/lib/python3.12/site-packages/airflow/example_dags/example_dataset_alias.py
[2026-07-22T00:26:12.975+0000] {processor.py:914} INFO - Processing file /home/airflow/.local/lib/python3.12/site-packages/airflow/example_dags/example_dataset_alias.py for tasks to queue
[2026-07-22T00:26:12.978+0000] {logging_mixin.py:190} INFO - [2026-07-22T00:26:12.978+0000] {dagbag.py:588} INFO - Filling up the DagBag from /home/airflow/.local/lib/python3.12/site-packages/airflow/example_dags/example_dataset_alias.py
[2026-07-22T00:26:13.560+0000] {processor.py:925} INFO - DAG(s) 'dataset_alias_example_alias_producer', 'dataset_alias_example_alias_consumer', 'dataset_s3_bucket_consumer', 'dataset_s3_bucket_producer' retrieved from /home/airflow/.local/lib/python3.12/site-packages/airflow/example_dags/example_dataset_alias.py
[2026-07-22T00:26:13.584+0000] {logging_mixin.py:190} INFO - [2026-07-22T00:26:13.583+0000] {dag.py:3239} INFO - Sync 4 DAGs
[2026-07-22T00:26:13.608+0000] {logging_mixin.py:190} INFO - [2026-07-22T00:26:13.608+0000] {dag.py:4180} INFO - Setting next_dagrun for dataset_alias_example_alias_consumer to None, run_after=None
[2026-07-22T00:26:13.612+0000] {logging_mixin.py:190} INFO - [2026-07-22T00:26:13.612+0000] {dag.py:4180} INFO - Setting next_dagrun for dataset_alias_example_alias_producer to None, run_after=None
[2026-07-22T00:26:13.614+0000] {logging_mixin.py:190} INFO - [2026-07-22T00:26:13.614+0000] {dag.py:4180} INFO - Setting next_dagrun for dataset_s3_bucket_consumer to None, run_after=None
[2026-07-22T00:26:13.616+0000] {logging_mixin.py:190} INFO - [2026-07-22T00:26:13.616+0000] {dag.py:4180} INFO - Setting next_dagrun for dataset_s3_bucket_producer to None, run_after=None
[2026-07-22T00:26:13.639+0000] {processor.py:208} INFO - Processing /home/airflow/.local/lib/python3.12/site-packages/airflow/example_dags/example_dataset_alias.py took 0.673 seconds
[2026-07-22T00:26:43.867+0000] {processor.py:186} INFO - Started process (PID=2470) to work on /home/airflow/.local/lib/python3.12/site-packages/airflow/example_dags/example_dataset_alias.py
[2026-07-22T00:26:43.869+0000] {processor.py:914} INFO - Processing file /home/airflow/.local/lib/python3.12/site-packages/airflow/example_dags/example_dataset_alias.py for tasks to queue
[2026-07-22T00:26:43.872+0000] {logging_mixin.py:190} INFO - [2026-07-22T00:26:43.872+0000] {dagbag.py:588} INFO - Filling up the DagBag from /home/airflow/.local/lib/python3.12/site-packages/airflow/example_dags/example_dataset_alias.py
[2026-07-22T00:26:44.677+0000] {processor.py:925} INFO - DAG(s) 'dataset_alias_example_alias_producer', 'dataset_s3_bucket_producer', 'dataset_alias_example_alias_consumer', 'dataset_s3_bucket_consumer' retrieved from /home/airflow/.local/lib/python3.12/site-packages/airflow/example_dags/example_dataset_alias.py
[2026-07-22T00:26:44.708+0000] {logging_mixin.py:190} INFO - [2026-07-22T00:26:44.708+0000] {dag.py:3239} INFO - Sync 4 DAGs
[2026-07-22T00:26:44.736+0000] {logging_mixin.py:190} INFO - [2026-07-22T00:26:44.735+0000] {dag.py:4180} INFO - Setting next_dagrun for dataset_alias_example_alias_consumer to None, run_after=None
[2026-07-22T00:26:44.739+0000] {logging_mixin.py:190} INFO - [2026-07-22T00:26:44.739+0000] {dag.py:4180} INFO - Setting next_dagrun for dataset_alias_example_alias_producer to None, run_after=None
[2026-07-22T00:26:44.741+0000] {logging_mixin.py:190} INFO - [2026-07-22T00:26:44.741+0000] {dag.py:4180} INFO - Setting next_dagrun for dataset_s3_bucket_consumer to None, run_after=None
[2026-07-22T00:26:44.743+0000] {logging_mixin.py:190} INFO - [2026-07-22T00:26:44.743+0000] {dag.py:4180} INFO - Setting next_dagrun for dataset_s3_bucket_producer to None, run_after=None
[2026-07-22T00:26:44.767+0000] {processor.py:208} INFO - Processing /home/airflow/.local/lib/python3.12/site-packages/airflow/example_dags/example_dataset_alias.py took 0.908 seconds
[2026-07-22T00:27:15.023+0000] {processor.py:186} INFO - Started process (PID=2539) to work on /home/airflow/.local/lib/python3.12/site-packages/airflow/example_dags/example_dataset_alias.py
[2026-07-22T00:27:15.024+0000] {processor.py:914} INFO - Processing file /home/airflow/.local/lib/python3.12/site-packages/airflow/example_dags/example_dataset_alias.py for tasks to queue
[2026-07-22T00:27:15.026+0000] {logging_mixin.py:190} INFO - [2026-07-22T00:27:15.026+0000] {dagbag.py:588} INFO - Filling up the DagBag from /home/airflow/.local/lib/python3.12/site-packages/airflow/example_dags/example_dataset_alias.py
[2026-07-22T00:27:15.571+0000] {processor.py:925} INFO - DAG(s) 'dataset_alias_example_alias_consumer', 'dataset_s3_bucket_consumer', 'dataset_alias_example_alias_producer', 'dataset_s3_bucket_producer' retrieved from /home/airflow/.local/lib/python3.12/site-packages/airflow/example_dags/example_dataset_alias.py
[2026-07-22T00:27:15.593+0000] {logging_mixin.py:190} INFO - [2026-07-22T00:27:15.593+0000] {dag.py:3239} INFO - Sync 4 DAGs
[2026-07-22T00:27:15.615+0000] {logging_mixin.py:190} INFO - [2026-07-22T00:27:15.615+0000] {dag.py:4180} INFO - Setting next_dagrun for dataset_alias_example_alias_consumer to None, run_after=None
[2026-07-22T00:27:15.619+0000] {logging_mixin.py:190} INFO - [2026-07-22T00:27:15.618+0000] {dag.py:4180} INFO - Setting next_dagrun for dataset_alias_example_alias_producer to None, run_after=None
[2026-07-22T00:27:15.622+0000] {logging_mixin.py:190} INFO - [2026-07-22T00:27:15.622+0000] {dag.py:4180} INFO - Setting next_dagrun for dataset_s3_bucket_consumer to None, run_after=None
[2026-07-22T00:27:15.624+0000] {logging_mixin.py:190} INFO - [2026-07-22T00:27:15.624+0000] {dag.py:4180} INFO - Setting next_dagrun for dataset_s3_bucket_producer to None, run_after=None
[2026-07-22T00:27:15.650+0000] {processor.py:208} INFO - Processing /home/airflow/.local/lib/python3.12/site-packages/airflow/example_dags/example_dataset_alias.py took 0.633 seconds
[2026-07-22T00:27:45.698+0000] {processor.py:186} INFO - Started process (PID=2603) to work on /home/airflow/.local/lib/python3.12/site-packages/airflow/example_dags/example_dataset_alias.py
[2026-07-22T00:27:45.699+0000] {processor.py:914} INFO - Processing file /home/airflow/.local/lib/python3.12/site-packages/airflow/example_dags/example_dataset_alias.py for tasks to queue
[2026-07-22T00:27:45.702+0000] {logging_mixin.py:190} INFO - [2026-07-22T00:27:45.702+0000] {dagbag.py:588} INFO - Filling up the DagBag from /home/airflow/.local/lib/python3.12/site-packages/airflow/example_dags/example_dataset_alias.py
[2026-07-22T00:27:46.294+0000] {processor.py:925} INFO - DAG(s) 'dataset_s3_bucket_producer', 'dataset_alias_example_alias_producer', 'dataset_alias_example_alias_consumer', 'dataset_s3_bucket_consumer' retrieved from /home/airflow/.local/lib/python3.12/site-packages/airflow/example_dags/example_dataset_alias.py
[2026-07-22T00:27:46.329+0000] {logging_mixin.py:190} INFO - [2026-07-22T00:27:46.328+0000] {dag.py:3239} INFO - Sync 4 DAGs
[2026-07-22T00:27:46.360+0000] {logging_mixin.py:190} INFO - [2026-07-22T00:27:46.359+0000] {dag.py:4180} INFO - Setting next_dagrun for dataset_alias_example_alias_consumer to None, run_after=None
[2026-07-22T00:27:46.364+0000] {logging_mixin.py:190} INFO - [2026-07-22T00:27:46.364+0000] {dag.py:4180} INFO - Setting next_dagrun for dataset_alias_example_alias_producer to None, run_after=None
[2026-07-22T00:27:46.368+0000] {logging_mixin.py:190} INFO - [2026-07-22T00:27:46.367+0000] {dag.py:4180} INFO - Setting next_dagrun for dataset_s3_bucket_consumer to None, run_after=None
[2026-07-22T00:27:46.370+0000] {logging_mixin.py:190} INFO - [2026-07-22T00:27:46.370+0000] {dag.py:4180} INFO - Setting next_dagrun for dataset_s3_bucket_producer to None, run_after=None
[2026-07-22T00:27:46.395+0000] {processor.py:208} INFO - Processing /home/airflow/.local/lib/python3.12/site-packages/airflow/example_dags/example_dataset_alias.py took 0.702 seconds
[2026-07-22T00:28:17.422+0000] {processor.py:186} INFO - Started process (PID=2667) to work on /home/airflow/.local/lib/python3.12/site-packages/airflow/example_dags/example_dataset_alias.py
[2026-07-22T00:28:17.423+0000] {processor.py:914} INFO - Processing file /home/airflow/.local/lib/python3.12/site-packages/airflow/example_dags/example_dataset_alias.py for tasks to queue
[2026-07-22T00:28:17.427+0000] {logging_mixin.py:190} INFO - [2026-07-22T00:28:17.427+0000] {dagbag.py:588} INFO - Filling up the DagBag from /home/airflow/.local/lib/python3.12/site-packages/airflow/example_dags/example_dataset_alias.py
[2026-07-22T00:28:18.149+0000] {processor.py:925} INFO - DAG(s) 'dataset_s3_bucket_producer', 'dataset_alias_example_alias_consumer', 'dataset_alias_example_alias_producer', 'dataset_s3_bucket_consumer' retrieved from /home/airflow/.local/lib/python3.12/site-packages/airflow/example_dags/example_dataset_alias.py
[2026-07-22T00:28:18.174+0000] {logging_mixin.py:190} INFO - [2026-07-22T00:28:18.173+0000] {dag.py:3239} INFO - Sync 4 DAGs
[2026-07-22T00:28:18.201+0000] {logging_mixin.py:190} INFO - [2026-07-22T00:28:18.201+0000] {dag.py:4180} INFO - Setting next_dagrun for dataset_alias_example_alias_consumer to None, run_after=None
[2026-07-22T00:28:18.206+0000] {logging_mixin.py:190} INFO - [2026-07-22T00:28:18.205+0000] {dag.py:4180} INFO - Setting next_dagrun for dataset_alias_example_alias_producer to None, run_after=None
[2026-07-22T00:28:18.209+0000] {logging_mixin.py:190} INFO - [2026-07-22T00:28:18.209+0000] {dag.py:4180} INFO - Setting next_dagrun for dataset_s3_bucket_consumer to None, run_after=None
[2026-07-22T00:28:18.211+0000] {logging_mixin.py:190} INFO - [2026-07-22T00:28:18.211+0000] {dag.py:4180} INFO - Setting next_dagrun for dataset_s3_bucket_producer to None, run_after=None
[2026-07-22T00:28:18.238+0000] {processor.py:208} INFO - Processing /home/airflow/.local/lib/python3.12/site-packages/airflow/example_dags/example_dataset_alias.py took 0.823 seconds
[2026-07-22T00:28:49.216+0000] {processor.py:186} INFO - Started process (PID=2736) to work on /home/airflow/.local/lib/python3.12/site-packages/airflow/example_dags/example_dataset_alias.py
[2026-07-22T00:28:49.217+0000] {processor.py:914} INFO - Processing file /home/airflow/.local/lib/python3.12/site-packages/airflow/example_dags/example_dataset_alias.py for tasks to queue
[2026-07-22T00:28:49.222+0000] {logging_mixin.py:190} INFO - [2026-07-22T00:28:49.221+0000] {dagbag.py:588} INFO - Filling up the DagBag from /home/airflow/.local/lib/python3.12/site-packages/airflow/example_dags/example_dataset_alias.py
[2026-07-22T00:28:49.896+0000] {processor.py:925} INFO - DAG(s) 'dataset_alias_example_alias_consumer', 'dataset_s3_bucket_producer', 'dataset_alias_example_alias_producer', 'dataset_s3_bucket_consumer' retrieved from /home/airflow/.local/lib/python3.12/site-packages/airflow/example_dags/example_dataset_alias.py
[2026-07-22T00:28:49.921+0000] {logging_mixin.py:190} INFO - [2026-07-22T00:28:49.920+0000] {dag.py:3239} INFO - Sync 4 DAGs
[2026-07-22T00:28:49.950+0000] {logging_mixin.py:190} INFO - [2026-07-22T00:28:49.950+0000] {dag.py:4180} INFO - Setting next_dagrun for dataset_alias_example_alias_consumer to None, run_after=None
[2026-07-22T00:28:49.953+0000] {logging_mixin.py:190} INFO - [2026-07-22T00:28:49.953+0000] {dag.py:4180} INFO - Setting next_dagrun for dataset_alias_example_alias_producer to None, run_after=None
[2026-07-22T00:28:49.956+0000] {logging_mixin.py:190} INFO - [2026-07-22T00:28:49.955+0000] {dag.py:4180} INFO - Setting next_dagrun for dataset_s3_bucket_consumer to None, run_after=None
[2026-07-22T00:28:49.958+0000] {logging_mixin.py:190} INFO - [2026-07-22T00:28:49.957+0000] {dag.py:4180} INFO - Setting next_dagrun for dataset_s3_bucket_producer to None, run_after=None
[2026-07-22T00:28:49.980+0000] {processor.py:208} INFO - Processing /home/airflow/.local/lib/python3.12/site-packages/airflow/example_dags/example_dataset_alias.py took 0.774 seconds
[2026-07-22T00:29:20.563+0000] {processor.py:186} INFO - Started process (PID=2800) to work on /home/airflow/.local/lib/python3.12/site-packages/airflow/example_dags/example_dataset_alias.py
[2026-07-22T00:29:20.565+0000] {processor.py:914} INFO - Processing file /home/airflow/.local/lib/python3.12/site-packages/airflow/example_dags/example_dataset_alias.py for tasks to queue
[2026-07-22T00:29:20.569+0000] {logging_mixin.py:190} INFO - [2026-07-22T00:29:20.568+0000] {dagbag.py:588} INFO - Filling up the DagBag from /home/airflow/.local/lib/python3.12/site-packages/airflow/example_dags/example_dataset_alias.py
[2026-07-22T00:29:21.270+0000] {processor.py:925} INFO - DAG(s) 'dataset_s3_bucket_consumer', 'dataset_alias_example_alias_producer', 'dataset_alias_example_alias_consumer', 'dataset_s3_bucket_producer' retrieved from /home/airflow/.local/lib/python3.12/site-packages/airflow/example_dags/example_dataset_alias.py
[2026-07-22T00:29:21.296+0000] {logging_mixin.py:190} INFO - [2026-07-22T00:29:21.295+0000] {dag.py:3239} INFO - Sync 4 DAGs
[2026-07-22T00:29:21.319+0000] {logging_mixin.py:190} INFO - [2026-07-22T00:29:21.319+0000] {dag.py:4180} INFO - Setting next_dagrun for dataset_alias_example_alias_consumer to None, run_after=None
[2026-07-22T00:29:21.322+0000] {logging_mixin.py:190} INFO - [2026-07-22T00:29:21.322+0000] {dag.py:4180} INFO - Setting next_dagrun for dataset_alias_example_alias_producer to None, run_after=None
[2026-07-22T00:29:21.325+0000] {logging_mixin.py:190} INFO - [2026-07-22T00:29:21.324+0000] {dag.py:4180} INFO - Setting next_dagrun for dataset_s3_bucket_consumer to None, run_after=None
[2026-07-22T00:29:21.327+0000] {logging_mixin.py:190} INFO - [2026-07-22T00:29:21.326+0000] {dag.py:4180} INFO - Setting next_dagrun for dataset_s3_bucket_producer to None, run_after=None
[2026-07-22T00:29:21.359+0000] {processor.py:208} INFO - Processing /home/airflow/.local/lib/python3.12/site-packages/airflow/example_dags/example_dataset_alias.py took 0.803 seconds
[2026-07-22T00:29:52.311+0000] {processor.py:186} INFO - Started process (PID=2865) to work on /home/airflow/.local/lib/python3.12/site-packages/airflow/example_dags/example_dataset_alias.py
[2026-07-22T00:29:52.313+0000] {processor.py:914} INFO - Processing file /home/airflow/.local/lib/python3.12/site-packages/airflow/example_dags/example_dataset_alias.py for tasks to queue
[2026-07-22T00:29:52.318+0000] {logging_mixin.py:190} INFO - [2026-07-22T00:29:52.317+0000] {dagbag.py:588} INFO - Filling up the DagBag from /home/airflow/.local/lib/python3.12/site-packages/airflow/example_dags/example_dataset_alias.py
[2026-07-22T00:29:52.850+0000] {processor.py:925} INFO - DAG(s) 'dataset_alias_example_alias_consumer', 'dataset_s3_bucket_consumer', 'dataset_alias_example_alias_producer', 'dataset_s3_bucket_producer' retrieved from /home/airflow/.local/lib/python3.12/site-packages/airflow/example_dags/example_dataset_alias.py
[2026-07-22T00:29:52.879+0000] {logging_mixin.py:190} INFO - [2026-07-22T00:29:52.878+0000] {dag.py:3239} INFO - Sync 4 DAGs
[2026-07-22T00:29:52.908+0000] {logging_mixin.py:190} INFO - [2026-07-22T00:29:52.908+0000] {dag.py:4180} INFO - Setting next_dagrun for dataset_alias_example_alias_consumer to None, run_after=None
[2026-07-22T00:29:52.911+0000] {logging_mixin.py:190} INFO - [2026-07-22T00:29:52.911+0000] {dag.py:4180} INFO - Setting next_dagrun for dataset_alias_example_alias_producer to None, run_after=None
[2026-07-22T00:29:52.915+0000] {logging_mixin.py:190} INFO - [2026-07-22T00:29:52.915+0000] {dag.py:4180} INFO - Setting next_dagrun for dataset_s3_bucket_consumer to None, run_after=None
[2026-07-22T00:29:52.918+0000] {logging_mixin.py:190} INFO - [2026-07-22T00:29:52.917+0000] {dag.py:4180} INFO - Setting next_dagrun for dataset_s3_bucket_producer to None, run_after=None
[2026-07-22T00:29:52.944+0000] {processor.py:208} INFO - Processing /home/airflow/.local/lib/python3.12/site-packages/airflow/example_dags/example_dataset_alias.py took 0.643 seconds
[2026-07-22T00:30:23.256+0000] {processor.py:186} INFO - Started process (PID=2929) to work on /home/airflow/.local/lib/python3.12/site-packages/airflow/example_dags/example_dataset_alias.py
[2026-07-22T00:30:23.258+0000] {processor.py:914} INFO - Processing file /home/airflow/.local/lib/python3.12/site-packages/airflow/example_dags/example_dataset_alias.py for tasks to queue
[2026-07-22T00:30:23.262+0000] {logging_mixin.py:190} INFO - [2026-07-22T00:30:23.262+0000] {dagbag.py:588} INFO - Filling up the DagBag from /home/airflow/.local/lib/python3.12/site-packages/airflow/example_dags/example_dataset_alias.py
[2026-07-22T00:30:23.708+0000] {processor.py:925} INFO - DAG(s) 'dataset_s3_bucket_consumer', 'dataset_s3_bucket_producer', 'dataset_alias_example_alias_consumer', 'dataset_alias_example_alias_producer' retrieved from /home/airflow/.local/lib/python3.12/site-packages/airflow/example_dags/example_dataset_alias.py
[2026-07-22T00:30:23.733+0000] {logging_mixin.py:190} INFO - [2026-07-22T00:30:23.733+0000] {dag.py:3239} INFO - Sync 4 DAGs
[2026-07-22T00:30:23.759+0000] {logging_mixin.py:190} INFO - [2026-07-22T00:30:23.759+0000] {dag.py:4180} INFO - Setting next_dagrun for dataset_alias_example_alias_consumer to None, run_after=None
[2026-07-22T00:30:23.764+0000] {logging_mixin.py:190} INFO - [2026-07-22T00:30:23.763+0000] {dag.py:4180} INFO - Setting next_dagrun for dataset_alias_example_alias_producer to None, run_after=None
[2026-07-22T00:30:23.766+0000] {logging_mixin.py:190} INFO - [2026-07-22T00:30:23.766+0000] {dag.py:4180} INFO - Setting next_dagrun for dataset_s3_bucket_consumer to None, run_after=None
[2026-07-22T00:30:23.768+0000] {logging_mixin.py:190} INFO - [2026-07-22T00:30:23.768+0000] {dag.py:4180} INFO - Setting next_dagrun for dataset_s3_bucket_producer to None, run_after=None
[2026-07-22T00:30:23.797+0000] {processor.py:208} INFO - Processing /home/airflow/.local/lib/python3.12/site-packages/airflow/example_dags/example_dataset_alias.py took 0.549 seconds
[2026-07-22T00:30:54.010+0000] {processor.py:186} INFO - Started process (PID=2993) to work on /home/airflow/.local/lib/python3.12/site-packages/airflow/example_dags/example_dataset_alias.py
[2026-07-22T00:30:54.011+0000] {processor.py:914} INFO - Processing file /home/airflow/.local/lib/python3.12/site-packages/airflow/example_dags/example_dataset_alias.py for tasks to queue
[2026-07-22T00:30:54.015+0000] {logging_mixin.py:190} INFO - [2026-07-22T00:30:54.015+0000] {dagbag.py:588} INFO - Filling up the DagBag from /home/airflow/.local/lib/python3.12/site-packages/airflow/example_dags/example_dataset_alias.py
[2026-07-22T00:30:54.527+0000] {processor.py:925} INFO - DAG(s) 'dataset_s3_bucket_producer', 'dataset_s3_bucket_consumer', 'dataset_alias_example_alias_consumer', 'dataset_alias_example_alias_producer' retrieved from /home/airflow/.local/lib/python3.12/site-packages/airflow/example_dags/example_dataset_alias.py
[2026-07-22T00:30:54.557+0000] {logging_mixin.py:190} INFO - [2026-07-22T00:30:54.556+0000] {dag.py:3239} INFO - Sync 4 DAGs
[2026-07-22T00:30:54.591+0000] {logging_mixin.py:190} INFO - [2026-07-22T00:30:54.591+0000] {dag.py:4180} INFO - Setting next_dagrun for dataset_alias_example_alias_consumer to None, run_after=None
[2026-07-22T00:30:54.596+0000] {logging_mixin.py:190} INFO - [2026-07-22T00:30:54.595+0000] {dag.py:4180} INFO - Setting next_dagrun for dataset_alias_example_alias_producer to None, run_after=None
[2026-07-22T00:30:54.598+0000] {logging_mixin.py:190} INFO - [2026-07-22T00:30:54.598+0000] {dag.py:4180} INFO - Setting next_dagrun for dataset_s3_bucket_consumer to None, run_after=None
[2026-07-22T00:30:54.601+0000] {logging_mixin.py:190} INFO - [2026-07-22T00:30:54.600+0000] {dag.py:4180} INFO - Setting next_dagrun for dataset_s3_bucket_producer to None, run_after=None
[2026-07-22T00:30:54.627+0000] {processor.py:208} INFO - Processing /home/airflow/.local/lib/python3.12/site-packages/airflow/example_dags/example_dataset_alias.py took 0.626 seconds
[2026-07-22T00:31:24.787+0000] {processor.py:186} INFO - Started process (PID=3057) to work on /home/airflow/.local/lib/python3.12/site-packages/airflow/example_dags/example_dataset_alias.py
[2026-07-22T00:31:24.788+0000] {processor.py:914} INFO - Processing file /home/airflow/.local/lib/python3.12/site-packages/airflow/example_dags/example_dataset_alias.py for tasks to queue
[2026-07-22T00:31:24.791+0000] {logging_mixin.py:190} INFO - [2026-07-22T00:31:24.791+0000] {dagbag.py:588} INFO - Filling up the DagBag from /home/airflow/.local/lib/python3.12/site-packages/airflow/example_dags/example_dataset_alias.py
[2026-07-22T00:31:25.272+0000] {processor.py:925} INFO - DAG(s) 'dataset_s3_bucket_consumer', 'dataset_s3_bucket_producer', 'dataset_alias_example_alias_producer', 'dataset_alias_example_alias_consumer' retrieved from /home/airflow/.local/lib/python3.12/site-packages/airflow/example_dags/example_dataset_alias.py
[2026-07-22T00:31:25.297+0000] {logging_mixin.py:190} INFO - [2026-07-22T00:31:25.297+0000] {dag.py:3239} INFO - Sync 4 DAGs
[2026-07-22T00:31:25.325+0000] {logging_mixin.py:190} INFO - [2026-07-22T00:31:25.325+0000] {dag.py:4180} INFO - Setting next_dagrun for dataset_alias_example_alias_consumer to None, run_after=None
[2026-07-22T00:31:25.329+0000] {logging_mixin.py:190} INFO - [2026-07-22T00:31:25.329+0000] {dag.py:4180} INFO - Setting next_dagrun for dataset_alias_example_alias_producer to None, run_after=None
[2026-07-22T00:31:25.331+0000] {logging_mixin.py:190} INFO - [2026-07-22T00:31:25.331+0000] {dag.py:4180} INFO - Setting next_dagrun for dataset_s3_bucket_consumer to None, run_after=None
[2026-07-22T00:31:25.333+0000] {logging_mixin.py:190} INFO - [2026-07-22T00:31:25.333+0000] {dag.py:4180} INFO - Setting next_dagrun for dataset_s3_bucket_producer to None, run_after=None
[2026-07-22T00:31:25.365+0000] {processor.py:208} INFO - Processing /home/airflow/.local/lib/python3.12/site-packages/airflow/example_dags/example_dataset_alias.py took 0.584 seconds
[2026-07-22T00:31:55.469+0000] {processor.py:186} INFO - Started process (PID=3121) to work on /home/airflow/.local/lib/python3.12/site-packages/airflow/example_dags/example_dataset_alias.py
[2026-07-22T00:31:55.471+0000] {processor.py:914} INFO - Processing file /home/airflow/.local/lib/python3.12/site-packages/airflow/example_dags/example_dataset_alias.py for tasks to queue
[2026-07-22T00:31:55.475+0000] {logging_mixin.py:190} INFO - [2026-07-22T00:31:55.474+0000] {dagbag.py:588} INFO - Filling up the DagBag from /home/airflow/.local/lib/python3.12/site-packages/airflow/example_dags/example_dataset_alias.py
[2026-07-22T00:31:56.020+0000] {processor.py:925} INFO - DAG(s) 'dataset_s3_bucket_consumer', 'dataset_alias_example_alias_producer', 'dataset_alias_example_alias_consumer', 'dataset_s3_bucket_producer' retrieved from /home/airflow/.local/lib/python3.12/site-packages/airflow/example_dags/example_dataset_alias.py
[2026-07-22T00:31:56.058+0000] {logging_mixin.py:190} INFO - [2026-07-22T00:31:56.057+0000] {dag.py:3239} INFO - Sync 4 DAGs
[2026-07-22T00:31:56.090+0000] {logging_mixin.py:190} INFO - [2026-07-22T00:31:56.089+0000] {dag.py:4180} INFO - Setting next_dagrun for dataset_alias_example_alias_consumer to None, run_after=None
[2026-07-22T00:31:56.094+0000] {logging_mixin.py:190} INFO - [2026-07-22T00:31:56.093+0000] {dag.py:4180} INFO - Setting next_dagrun for dataset_alias_example_alias_producer to None, run_after=None
[2026-07-22T00:31:56.097+0000] {logging_mixin.py:190} INFO - [2026-07-22T00:31:56.097+0000] {dag.py:4180} INFO - Setting next_dagrun for dataset_s3_bucket_consumer to None, run_after=None
[2026-07-22T00:31:56.100+0000] {logging_mixin.py:190} INFO - [2026-07-22T00:31:56.100+0000] {dag.py:4180} INFO - Setting next_dagrun for dataset_s3_bucket_producer to None, run_after=None
[2026-07-22T00:31:56.131+0000] {processor.py:208} INFO - Processing /home/airflow/.local/lib/python3.12/site-packages/airflow/example_dags/example_dataset_alias.py took 0.669 seconds
[2026-07-22T00:32:26.270+0000] {processor.py:186} INFO - Started process (PID=3185) to work on /home/airflow/.local/lib/python3.12/site-packages/airflow/example_dags/example_dataset_alias.py
[2026-07-22T00:32:26.272+0000] {processor.py:914} INFO - Processing file /home/airflow/.local/lib/python3.12/site-packages/airflow/example_dags/example_dataset_alias.py for tasks to queue
[2026-07-22T00:32:26.277+0000] {logging_mixin.py:190} INFO - [2026-07-22T00:32:26.276+0000] {dagbag.py:588} INFO - Filling up the DagBag from /home/airflow/.local/lib/python3.12/site-packages/airflow/example_dags/example_dataset_alias.py
[2026-07-22T00:32:26.807+0000] {processor.py:925} INFO - DAG(s) 'dataset_alias_example_alias_consumer', 'dataset_s3_bucket_producer', 'dataset_alias_example_alias_producer', 'dataset_s3_bucket_consumer' retrieved from /home/airflow/.local/lib/python3.12/site-packages/airflow/example_dags/example_dataset_alias.py
[2026-07-22T00:32:26.835+0000] {logging_mixin.py:190} INFO - [2026-07-22T00:32:26.835+0000] {dag.py:3239} INFO - Sync 4 DAGs
[2026-07-22T00:32:26.868+0000] {logging_mixin.py:190} INFO - [2026-07-22T00:32:26.867+0000] {dag.py:4180} INFO - Setting next_dagrun for dataset_alias_example_alias_consumer to None, run_after=None
[2026-07-22T00:32:26.872+0000] {logging_mixin.py:190} INFO - [2026-07-22T00:32:26.872+0000] {dag.py:4180} INFO - Setting next_dagrun for dataset_alias_example_alias_producer to None, run_after=None
[2026-07-22T00:32:26.876+0000] {logging_mixin.py:190} INFO - [2026-07-22T00:32:26.876+0000] {dag.py:4180} INFO - Setting next_dagrun for dataset_s3_bucket_consumer to None, run_after=None
[2026-07-22T00:32:26.880+0000] {logging_mixin.py:190} INFO - [2026-07-22T00:32:26.879+0000] {dag.py:4180} INFO - Setting next_dagrun for dataset_s3_bucket_producer to None, run_after=None
[2026-07-22T00:32:26.932+0000] {processor.py:208} INFO - Processing /home/airflow/.local/lib/python3.12/site-packages/airflow/example_dags/example_dataset_alias.py took 0.673 seconds
[2026-07-22T00:32:56.992+0000] {processor.py:186} INFO - Started process (PID=3249) to work on /home/airflow/.local/lib/python3.12/site-packages/airflow/example_dags/example_dataset_alias.py
[2026-07-22T00:32:56.994+0000] {processor.py:914} INFO - Processing file /home/airflow/.local/lib/python3.12/site-packages/airflow/example_dags/example_dataset_alias.py for tasks to queue
[2026-07-22T00:32:56.998+0000] {logging_mixin.py:190} INFO - [2026-07-22T00:32:56.997+0000] {dagbag.py:588} INFO - Filling up the DagBag from /home/airflow/.local/lib/python3.12/site-packages/airflow/example_dags/example_dataset_alias.py
[2026-07-22T00:32:57.667+0000] {processor.py:925} INFO - DAG(s) 'dataset_s3_bucket_consumer', 'dataset_alias_example_alias_consumer', 'dataset_alias_example_alias_producer', 'dataset_s3_bucket_producer' retrieved from /home/airflow/.local/lib/python3.12/site-packages/airflow/example_dags/example_dataset_alias.py
[2026-07-22T00:32:57.701+0000] {logging_mixin.py:190} INFO - [2026-07-22T00:32:57.701+0000] {dag.py:3239} INFO - Sync 4 DAGs
[2026-07-22T00:32:57.741+0000] {logging_mixin.py:190} INFO - [2026-07-22T00:32:57.741+0000] {dag.py:4180} INFO - Setting next_dagrun for dataset_alias_example_alias_consumer to None, run_after=None
[2026-07-22T00:32:57.745+0000] {logging_mixin.py:190} INFO - [2026-07-22T00:32:57.744+0000] {dag.py:4180} INFO - Setting next_dagrun for dataset_alias_example_alias_producer to None, run_after=None
[2026-07-22T00:32:57.747+0000] {logging_mixin.py:190} INFO - [2026-07-22T00:32:57.746+0000] {dag.py:4180} INFO - Setting next_dagrun for dataset_s3_bucket_consumer to None, run_after=None
[2026-07-22T00:32:57.749+0000] {logging_mixin.py:190} INFO - [2026-07-22T00:32:57.748+0000] {dag.py:4180} INFO - Setting next_dagrun for dataset_s3_bucket_producer to None, run_after=None
[2026-07-22T00:32:57.775+0000] {processor.py:208} INFO - Processing /home/airflow/.local/lib/python3.12/site-packages/airflow/example_dags/example_dataset_alias.py took 0.793 seconds
[2026-07-22T00:33:27.943+0000] {processor.py:186} INFO - Started process (PID=3313) to work on /home/airflow/.local/lib/python3.12/site-packages/airflow/example_dags/example_dataset_alias.py
[2026-07-22T00:33:27.945+0000] {processor.py:914} INFO - Processing file /home/airflow/.local/lib/python3.12/site-packages/airflow/example_dags/example_dataset_alias.py for tasks to queue
[2026-07-22T00:33:27.950+0000] {logging_mixin.py:190} INFO - [2026-07-22T00:33:27.950+0000] {dagbag.py:588} INFO - Filling up the DagBag from /home/airflow/.local/lib/python3.12/site-packages/airflow/example_dags/example_dataset_alias.py
[2026-07-22T00:33:28.644+0000] {processor.py:925} INFO - DAG(s) 'dataset_s3_bucket_producer', 'dataset_alias_example_alias_producer', 'dataset_alias_example_alias_consumer', 'dataset_s3_bucket_consumer' retrieved from /home/airflow/.local/lib/python3.12/site-packages/airflow/example_dags/example_dataset_alias.py
[2026-07-22T00:33:28.681+0000] {logging_mixin.py:190} INFO - [2026-07-22T00:33:28.680+0000] {dag.py:3239} INFO - Sync 4 DAGs
[2026-07-22T00:33:28.722+0000] {logging_mixin.py:190} INFO - [2026-07-22T00:33:28.722+0000] {dag.py:4180} INFO - Setting next_dagrun for dataset_alias_example_alias_consumer to None, run_after=None
[2026-07-22T00:33:28.727+0000] {logging_mixin.py:190} INFO - [2026-07-22T00:33:28.726+0000] {dag.py:4180} INFO - Setting next_dagrun for dataset_alias_example_alias_producer to None, run_after=None
[2026-07-22T00:33:28.730+0000] {logging_mixin.py:190} INFO - [2026-07-22T00:33:28.729+0000] {dag.py:4180} INFO - Setting next_dagrun for dataset_s3_bucket_consumer to None, run_after=None
[2026-07-22T00:33:28.732+0000] {logging_mixin.py:190} INFO - [2026-07-22T00:33:28.732+0000] {dag.py:4180} INFO - Setting next_dagrun for dataset_s3_bucket_producer to None, run_after=None
[2026-07-22T00:33:28.768+0000] {processor.py:208} INFO - Processing /home/airflow/.local/lib/python3.12/site-packages/airflow/example_dags/example_dataset_alias.py took 0.837 seconds
[2026-07-22T00:33:59.599+0000] {processor.py:186} INFO - Started process (PID=3376) to work on /home/airflow/.local/lib/python3.12/site-packages/airflow/example_dags/example_dataset_alias.py
[2026-07-22T00:33:59.600+0000] {processor.py:914} INFO - Processing file /home/airflow/.local/lib/python3.12/site-packages/airflow/example_dags/example_dataset_alias.py for tasks to queue
[2026-07-22T00:33:59.605+0000] {logging_mixin.py:190} INFO - [2026-07-22T00:33:59.604+0000] {dagbag.py:588} INFO - Filling up the DagBag from /home/airflow/.local/lib/python3.12/site-packages/airflow/example_dags/example_dataset_alias.py
[2026-07-22T00:34:00.067+0000] {processor.py:925} INFO - DAG(s) 'dataset_alias_example_alias_producer', 'dataset_s3_bucket_producer', 'dataset_alias_example_alias_consumer', 'dataset_s3_bucket_consumer' retrieved from /home/airflow/.local/lib/python3.12/site-packages/airflow/example_dags/example_dataset_alias.py
[2026-07-22T00:34:00.095+0000] {logging_mixin.py:190} INFO - [2026-07-22T00:34:00.095+0000] {dag.py:3239} INFO - Sync 4 DAGs
[2026-07-22T00:34:00.126+0000] {logging_mixin.py:190} INFO - [2026-07-22T00:34:00.126+0000] {dag.py:4180} INFO - Setting next_dagrun for dataset_alias_example_alias_consumer to None, run_after=None
[2026-07-22T00:34:00.130+0000] {logging_mixin.py:190} INFO - [2026-07-22T00:34:00.130+0000] {dag.py:4180} INFO - Setting next_dagrun for dataset_alias_example_alias_producer to None, run_after=None
[2026-07-22T00:34:00.133+0000] {logging_mixin.py:190} INFO - [2026-07-22T00:34:00.132+0000] {dag.py:4180} INFO - Setting next_dagrun for dataset_s3_bucket_consumer to None, run_after=None
[2026-07-22T00:34:00.135+0000] {logging_mixin.py:190} INFO - [2026-07-22T00:34:00.134+0000] {dag.py:4180} INFO - Setting next_dagrun for dataset_s3_bucket_producer to None, run_after=None
[2026-07-22T00:34:00.161+0000] {processor.py:208} INFO - Processing /home/airflow/.local/lib/python3.12/site-packages/airflow/example_dags/example_dataset_alias.py took 0.569 seconds
[2026-07-22T00:34:30.752+0000] {processor.py:186} INFO - Started process (PID=3450) to work on /home/airflow/.local/lib/python3.12/site-packages/airflow/example_dags/example_dataset_alias.py
[2026-07-22T00:34:30.754+0000] {processor.py:914} INFO - Processing file /home/airflow/.local/lib/python3.12/site-packages/airflow/example_dags/example_dataset_alias.py for tasks to queue
[2026-07-22T00:34:30.757+0000] {logging_mixin.py:190} INFO - [2026-07-22T00:34:30.756+0000] {dagbag.py:588} INFO - Filling up the DagBag from /home/airflow/.local/lib/python3.12/site-packages/airflow/example_dags/example_dataset_alias.py
[2026-07-22T00:34:31.281+0000] {processor.py:925} INFO - DAG(s) 'dataset_s3_bucket_producer', 'dataset_s3_bucket_consumer', 'dataset_alias_example_alias_producer', 'dataset_alias_example_alias_consumer' retrieved from /home/airflow/.local/lib/python3.12/site-packages/airflow/example_dags/example_dataset_alias.py
[2026-07-22T00:34:31.330+0000] {logging_mixin.py:190} INFO - [2026-07-22T00:34:31.329+0000] {dag.py:3239} INFO - Sync 4 DAGs
[2026-07-22T00:34:31.376+0000] {logging_mixin.py:190} INFO - [2026-07-22T00:34:31.375+0000] {dag.py:4180} INFO - Setting next_dagrun for dataset_alias_example_alias_consumer to None, run_after=None
[2026-07-22T00:34:31.380+0000] {logging_mixin.py:190} INFO - [2026-07-22T00:34:31.380+0000] {dag.py:4180} INFO - Setting next_dagrun for dataset_alias_example_alias_producer to None, run_after=None
[2026-07-22T00:34:31.383+0000] {logging_mixin.py:190} INFO - [2026-07-22T00:34:31.383+0000] {dag.py:4180} INFO - Setting next_dagrun for dataset_s3_bucket_consumer to None, run_after=None
[2026-07-22T00:34:31.385+0000] {logging_mixin.py:190} INFO - [2026-07-22T00:34:31.385+0000] {dag.py:4180} INFO - Setting next_dagrun for dataset_s3_bucket_producer to None, run_after=None
[2026-07-22T00:34:31.417+0000] {processor.py:208} INFO - Processing /home/airflow/.local/lib/python3.12/site-packages/airflow/example_dags/example_dataset_alias.py took 0.673 seconds
[2026-07-22T00:35:02.732+0000] {processor.py:186} INFO - Started process (PID=3523) to work on /home/airflow/.local/lib/python3.12/site-packages/airflow/example_dags/example_dataset_alias.py
[2026-07-22T00:35:02.734+0000] {processor.py:914} INFO - Processing file /home/airflow/.local/lib/python3.12/site-packages/airflow/example_dags/example_dataset_alias.py for tasks to queue
[2026-07-22T00:35:02.738+0000] {logging_mixin.py:190} INFO - [2026-07-22T00:35:02.737+0000] {dagbag.py:588} INFO - Filling up the DagBag from /home/airflow/.local/lib/python3.12/site-packages/airflow/example_dags/example_dataset_alias.py
[2026-07-22T00:35:03.223+0000] {processor.py:925} INFO - DAG(s) 'dataset_alias_example_alias_producer', 'dataset_alias_example_alias_consumer', 'dataset_s3_bucket_producer', 'dataset_s3_bucket_consumer' retrieved from /home/airflow/.local/lib/python3.12/site-packages/airflow/example_dags/example_dataset_alias.py
[2026-07-22T00:35:03.260+0000] {logging_mixin.py:190} INFO - [2026-07-22T00:35:03.259+0000] {dag.py:3239} INFO - Sync 4 DAGs
[2026-07-22T00:35:03.308+0000] {logging_mixin.py:190} INFO - [2026-07-22T00:35:03.308+0000] {dag.py:4180} INFO - Setting next_dagrun for dataset_alias_example_alias_consumer to None, run_after=None
[2026-07-22T00:35:03.313+0000] {logging_mixin.py:190} INFO - [2026-07-22T00:35:03.312+0000] {dag.py:4180} INFO - Setting next_dagrun for dataset_alias_example_alias_producer to None, run_after=None
[2026-07-22T00:35:03.315+0000] {logging_mixin.py:190} INFO - [2026-07-22T00:35:03.314+0000] {dag.py:4180} INFO - Setting next_dagrun for dataset_s3_bucket_consumer to None, run_after=None
[2026-07-22T00:35:03.317+0000] {logging_mixin.py:190} INFO - [2026-07-22T00:35:03.317+0000] {dag.py:4180} INFO - Setting next_dagrun for dataset_s3_bucket_producer to None, run_after=None
[2026-07-22T00:35:03.350+0000] {processor.py:208} INFO - Processing /home/airflow/.local/lib/python3.12/site-packages/airflow/example_dags/example_dataset_alias.py took 0.625 seconds
[2026-07-22T00:35:33.724+0000] {processor.py:186} INFO - Started process (PID=3590) to work on /home/airflow/.local/lib/python3.12/site-packages/airflow/example_dags/example_dataset_alias.py
[2026-07-22T00:35:33.725+0000] {processor.py:914} INFO - Processing file /home/airflow/.local/lib/python3.12/site-packages/airflow/example_dags/example_dataset_alias.py for tasks to queue
[2026-07-22T00:35:33.728+0000] {logging_mixin.py:190} INFO - [2026-07-22T00:35:33.727+0000] {dagbag.py:588} INFO - Filling up the DagBag from /home/airflow/.local/lib/python3.12/site-packages/airflow/example_dags/example_dataset_alias.py
[2026-07-22T00:35:34.144+0000] {processor.py:925} INFO - DAG(s) 'dataset_s3_bucket_consumer', 'dataset_alias_example_alias_consumer', 'dataset_s3_bucket_producer', 'dataset_alias_example_alias_producer' retrieved from /home/airflow/.local/lib/python3.12/site-packages/airflow/example_dags/example_dataset_alias.py
[2026-07-22T00:35:34.167+0000] {logging_mixin.py:190} INFO - [2026-07-22T00:35:34.167+0000] {dag.py:3239} INFO - Sync 4 DAGs
[2026-07-22T00:35:34.194+0000] {logging_mixin.py:190} INFO - [2026-07-22T00:35:34.194+0000] {dag.py:4180} INFO - Setting next_dagrun for dataset_alias_example_alias_consumer to None, run_after=None
[2026-07-22T00:35:34.198+0000] {logging_mixin.py:190} INFO - [2026-07-22T00:35:34.198+0000] {dag.py:4180} INFO - Setting next_dagrun for dataset_alias_example_alias_producer to None, run_after=None
[2026-07-22T00:35:34.200+0000] {logging_mixin.py:190} INFO - [2026-07-22T00:35:34.200+0000] {dag.py:4180} INFO - Setting next_dagrun for dataset_s3_bucket_consumer to None, run_after=None
[2026-07-22T00:35:34.202+0000] {logging_mixin.py:190} INFO - [2026-07-22T00:35:34.202+0000] {dag.py:4180} INFO - Setting next_dagrun for dataset_s3_bucket_producer to None, run_after=None
[2026-07-22T00:35:34.225+0000] {processor.py:208} INFO - Processing /home/airflow/.local/lib/python3.12/site-packages/airflow/example_dags/example_dataset_alias.py took 0.507 seconds
[2026-07-22T00:36:04.961+0000] {processor.py:186} INFO - Started process (PID=3654) to work on /home/airflow/.local/lib/python3.12/site-packages/airflow/example_dags/example_dataset_alias.py
[2026-07-22T00:36:04.963+0000] {processor.py:914} INFO - Processing file /home/airflow/.local/lib/python3.12/site-packages/airflow/example_dags/example_dataset_alias.py for tasks to queue
[2026-07-22T00:36:04.967+0000] {logging_mixin.py:190} INFO - [2026-07-22T00:36:04.967+0000] {dagbag.py:588} INFO - Filling up the DagBag from /home/airflow/.local/lib/python3.12/site-packages/airflow/example_dags/example_dataset_alias.py
[2026-07-22T00:36:05.485+0000] {processor.py:925} INFO - DAG(s) 'dataset_alias_example_alias_consumer', 'dataset_alias_example_alias_producer', 'dataset_s3_bucket_consumer', 'dataset_s3_bucket_producer' retrieved from /home/airflow/.local/lib/python3.12/site-packages/airflow/example_dags/example_dataset_alias.py
[2026-07-22T00:36:05.535+0000] {logging_mixin.py:190} INFO - [2026-07-22T00:36:05.532+0000] {dag.py:3239} INFO - Sync 4 DAGs
[2026-07-22T00:36:05.587+0000] {logging_mixin.py:190} INFO - [2026-07-22T00:36:05.587+0000] {dag.py:4180} INFO - Setting next_dagrun for dataset_alias_example_alias_consumer to None, run_after=None
[2026-07-22T00:36:05.594+0000] {logging_mixin.py:190} INFO - [2026-07-22T00:36:05.593+0000] {dag.py:4180} INFO - Setting next_dagrun for dataset_alias_example_alias_producer to None, run_after=None
[2026-07-22T00:36:05.601+0000] {logging_mixin.py:190} INFO - [2026-07-22T00:36:05.601+0000] {dag.py:4180} INFO - Setting next_dagrun for dataset_s3_bucket_consumer to None, run_after=None
[2026-07-22T00:36:05.605+0000] {logging_mixin.py:190} INFO - [2026-07-22T00:36:05.604+0000] {dag.py:4180} INFO - Setting next_dagrun for dataset_s3_bucket_producer to None, run_after=None
[2026-07-22T00:36:05.659+0000] {processor.py:208} INFO - Processing /home/airflow/.local/lib/python3.12/site-packages/airflow/example_dags/example_dataset_alias.py took 0.707 seconds
[2026-07-22T00:36:36.024+0000] {processor.py:186} INFO - Started process (PID=3718) to work on /home/airflow/.local/lib/python3.12/site-packages/airflow/example_dags/example_dataset_alias.py
[2026-07-22T00:36:36.026+0000] {processor.py:914} INFO - Processing file /home/airflow/.local/lib/python3.12/site-packages/airflow/example_dags/example_dataset_alias.py for tasks to queue
[2026-07-22T00:36:36.030+0000] {logging_mixin.py:190} INFO - [2026-07-22T00:36:36.029+0000] {dagbag.py:588} INFO - Filling up the DagBag from /home/airflow/.local/lib/python3.12/site-packages/airflow/example_dags/example_dataset_alias.py
[2026-07-22T00:36:36.687+0000] {processor.py:925} INFO - DAG(s) 'dataset_s3_bucket_producer', 'dataset_alias_example_alias_producer', 'dataset_s3_bucket_consumer', 'dataset_alias_example_alias_consumer' retrieved from /home/airflow/.local/lib/python3.12/site-packages/airflow/example_dags/example_dataset_alias.py
[2026-07-22T00:36:36.720+0000] {logging_mixin.py:190} INFO - [2026-07-22T00:36:36.719+0000] {dag.py:3239} INFO - Sync 4 DAGs
[2026-07-22T00:36:36.761+0000] {logging_mixin.py:190} INFO - [2026-07-22T00:36:36.761+0000] {dag.py:4180} INFO - Setting next_dagrun for dataset_alias_example_alias_consumer to None, run_after=None
[2026-07-22T00:36:36.767+0000] {logging_mixin.py:190} INFO - [2026-07-22T00:36:36.766+0000] {dag.py:4180} INFO - Setting next_dagrun for dataset_alias_example_alias_producer to None, run_after=None
[2026-07-22T00:36:36.770+0000] {logging_mixin.py:190} INFO - [2026-07-22T00:36:36.770+0000] {dag.py:4180} INFO - Setting next_dagrun for dataset_s3_bucket_consumer to None, run_after=None
[2026-07-22T00:36:36.773+0000] {logging_mixin.py:190} INFO - [2026-07-22T00:36:36.772+0000] {dag.py:4180} INFO - Setting next_dagrun for dataset_s3_bucket_producer to None, run_after=None
[2026-07-22T00:36:36.809+0000] {processor.py:208} INFO - Processing /home/airflow/.local/lib/python3.12/site-packages/airflow/example_dags/example_dataset_alias.py took 0.794 seconds
[2026-07-22T00:37:06.875+0000] {processor.py:186} INFO - Started process (PID=3784) to work on /home/airflow/.local/lib/python3.12/site-packages/airflow/example_dags/example_dataset_alias.py
[2026-07-22T00:37:06.877+0000] {processor.py:914} INFO - Processing file /home/airflow/.local/lib/python3.12/site-packages/airflow/example_dags/example_dataset_alias.py for tasks to queue
[2026-07-22T00:37:06.880+0000] {logging_mixin.py:190} INFO - [2026-07-22T00:37:06.879+0000] {dagbag.py:588} INFO - Filling up the DagBag from /home/airflow/.local/lib/python3.12/site-packages/airflow/example_dags/example_dataset_alias.py
[2026-07-22T00:37:07.347+0000] {processor.py:925} INFO - DAG(s) 'dataset_s3_bucket_producer', 'dataset_alias_example_alias_producer', 'dataset_alias_example_alias_consumer', 'dataset_s3_bucket_consumer' retrieved from /home/airflow/.local/lib/python3.12/site-packages/airflow/example_dags/example_dataset_alias.py
[2026-07-22T00:37:07.378+0000] {logging_mixin.py:190} INFO - [2026-07-22T00:37:07.377+0000] {dag.py:3239} INFO - Sync 4 DAGs
[2026-07-22T00:37:07.412+0000] {logging_mixin.py:190} INFO - [2026-07-22T00:37:07.411+0000] {dag.py:4180} INFO - Setting next_dagrun for dataset_alias_example_alias_consumer to None, run_after=None
[2026-07-22T00:37:07.416+0000] {logging_mixin.py:190} INFO - [2026-07-22T00:37:07.416+0000] {dag.py:4180} INFO - Setting next_dagrun for dataset_alias_example_alias_producer to None, run_after=None
[2026-07-22T00:37:07.419+0000] {logging_mixin.py:190} INFO - [2026-07-22T00:37:07.418+0000] {dag.py:4180} INFO - Setting next_dagrun for dataset_s3_bucket_consumer to None, run_after=None
[2026-07-22T00:37:07.421+0000] {logging_mixin.py:190} INFO - [2026-07-22T00:37:07.421+0000] {dag.py:4180} INFO - Setting next_dagrun for dataset_s3_bucket_producer to None, run_after=None
[2026-07-22T00:37:07.448+0000] {processor.py:208} INFO - Processing /home/airflow/.local/lib/python3.12/site-packages/airflow/example_dags/example_dataset_alias.py took 0.581 seconds
[2026-07-22T00:37:38.312+0000] {processor.py:186} INFO - Started process (PID=3846) to work on /home/airflow/.local/lib/python3.12/site-packages/airflow/example_dags/example_dataset_alias.py
[2026-07-22T00:37:38.313+0000] {processor.py:914} INFO - Processing file /home/airflow/.local/lib/python3.12/site-packages/airflow/example_dags/example_dataset_alias.py for tasks to queue
[2026-07-22T00:37:38.316+0000] {logging_mixin.py:190} INFO - [2026-07-22T00:37:38.316+0000] {dagbag.py:588} INFO - Filling up the DagBag from /home/airflow/.local/lib/python3.12/site-packages/airflow/example_dags/example_dataset_alias.py
[2026-07-22T00:37:38.816+0000] {processor.py:925} INFO - DAG(s) 'dataset_s3_bucket_producer', 'dataset_s3_bucket_consumer', 'dataset_alias_example_alias_producer', 'dataset_alias_example_alias_consumer' retrieved from /home/airflow/.local/lib/python3.12/site-packages/airflow/example_dags/example_dataset_alias.py
[2026-07-22T00:37:38.843+0000] {logging_mixin.py:190} INFO - [2026-07-22T00:37:38.843+0000] {dag.py:3239} INFO - Sync 4 DAGs
[2026-07-22T00:37:38.872+0000] {logging_mixin.py:190} INFO - [2026-07-22T00:37:38.872+0000] {dag.py:4180} INFO - Setting next_dagrun for dataset_alias_example_alias_consumer to None, run_after=None
[2026-07-22T00:37:38.876+0000] {logging_mixin.py:190} INFO - [2026-07-22T00:37:38.876+0000] {dag.py:4180} INFO - Setting next_dagrun for dataset_alias_example_alias_producer to None, run_after=None
[2026-07-22T00:37:38.879+0000] {logging_mixin.py:190} INFO - [2026-07-22T00:37:38.878+0000] {dag.py:4180} INFO - Setting next_dagrun for dataset_s3_bucket_consumer to None, run_after=None
[2026-07-22T00:37:38.881+0000] {logging_mixin.py:190} INFO - [2026-07-22T00:37:38.881+0000] {dag.py:4180} INFO - Setting next_dagrun for dataset_s3_bucket_producer to None, run_after=None
[2026-07-22T00:37:38.910+0000] {processor.py:208} INFO - Processing /home/airflow/.local/lib/python3.12/site-packages/airflow/example_dags/example_dataset_alias.py took 0.606 seconds
[2026-07-22T00:38:09.267+0000] {processor.py:186} INFO - Started process (PID=3910) to work on /home/airflow/.local/lib/python3.12/site-packages/airflow/example_dags/example_dataset_alias.py
[2026-07-22T00:38:09.269+0000] {processor.py:914} INFO - Processing file /home/airflow/.local/lib/python3.12/site-packages/airflow/example_dags/example_dataset_alias.py for tasks to queue
[2026-07-22T00:38:09.273+0000] {logging_mixin.py:190} INFO - [2026-07-22T00:38:09.272+0000] {dagbag.py:588} INFO - Filling up the DagBag from /home/airflow/.local/lib/python3.12/site-packages/airflow/example_dags/example_dataset_alias.py
[2026-07-22T00:38:09.742+0000] {processor.py:925} INFO - DAG(s) 'dataset_s3_bucket_consumer', 'dataset_s3_bucket_producer', 'dataset_alias_example_alias_producer', 'dataset_alias_example_alias_consumer' retrieved from /home/airflow/.local/lib/python3.12/site-packages/airflow/example_dags/example_dataset_alias.py
[2026-07-22T00:38:09.767+0000] {logging_mixin.py:190} INFO - [2026-07-22T00:38:09.766+0000] {dag.py:3239} INFO - Sync 4 DAGs
[2026-07-22T00:38:09.796+0000] {logging_mixin.py:190} INFO - [2026-07-22T00:38:09.796+0000] {dag.py:4180} INFO - Setting next_dagrun for dataset_alias_example_alias_consumer to None, run_after=None
[2026-07-22T00:38:09.801+0000] {logging_mixin.py:190} INFO - [2026-07-22T00:38:09.800+0000] {dag.py:4180} INFO - Setting next_dagrun for dataset_alias_example_alias_producer to None, run_after=None
[2026-07-22T00:38:09.803+0000] {logging_mixin.py:190} INFO - [2026-07-22T00:38:09.803+0000] {dag.py:4180} INFO - Setting next_dagrun for dataset_s3_bucket_consumer to None, run_after=None
[2026-07-22T00:38:09.805+0000] {logging_mixin.py:190} INFO - [2026-07-22T00:38:09.805+0000] {dag.py:4180} INFO - Setting next_dagrun for dataset_s3_bucket_producer to None, run_after=None
[2026-07-22T00:38:09.833+0000] {processor.py:208} INFO - Processing /home/airflow/.local/lib/python3.12/site-packages/airflow/example_dags/example_dataset_alias.py took 0.574 seconds
[2026-07-22T00:38:40.290+0000] {processor.py:186} INFO - Started process (PID=3974) to work on /home/airflow/.local/lib/python3.12/site-packages/airflow/example_dags/example_dataset_alias.py
[2026-07-22T00:38:40.292+0000] {processor.py:914} INFO - Processing file /home/airflow/.local/lib/python3.12/site-packages/airflow/example_dags/example_dataset_alias.py for tasks to queue
[2026-07-22T00:38:40.295+0000] {logging_mixin.py:190} INFO - [2026-07-22T00:38:40.295+0000] {dagbag.py:588} INFO - Filling up the DagBag from /home/airflow/.local/lib/python3.12/site-packages/airflow/example_dags/example_dataset_alias.py
[2026-07-22T00:38:40.863+0000] {processor.py:925} INFO - DAG(s) 'dataset_alias_example_alias_producer', 'dataset_s3_bucket_producer', 'dataset_s3_bucket_consumer', 'dataset_alias_example_alias_consumer' retrieved from /home/airflow/.local/lib/python3.12/site-packages/airflow/example_dags/example_dataset_alias.py
[2026-07-22T00:38:40.892+0000] {logging_mixin.py:190} INFO - [2026-07-22T00:38:40.892+0000] {dag.py:3239} INFO - Sync 4 DAGs
[2026-07-22T00:38:40.927+0000] {logging_mixin.py:190} INFO - [2026-07-22T00:38:40.927+0000] {dag.py:4180} INFO - Setting next_dagrun for dataset_alias_example_alias_consumer to None, run_after=None
[2026-07-22T00:38:40.932+0000] {logging_mixin.py:190} INFO - [2026-07-22T00:38:40.932+0000] {dag.py:4180} INFO - Setting next_dagrun for dataset_alias_example_alias_producer to None, run_after=None
[2026-07-22T00:38:40.935+0000] {logging_mixin.py:190} INFO - [2026-07-22T00:38:40.935+0000] {dag.py:4180} INFO - Setting next_dagrun for dataset_s3_bucket_consumer to None, run_after=None
[2026-07-22T00:38:40.937+0000] {logging_mixin.py:190} INFO - [2026-07-22T00:38:40.937+0000] {dag.py:4180} INFO - Setting next_dagrun for dataset_s3_bucket_producer to None, run_after=None
[2026-07-22T00:38:40.969+0000] {processor.py:208} INFO - Processing /home/airflow/.local/lib/python3.12/site-packages/airflow/example_dags/example_dataset_alias.py took 0.686 seconds
[2026-07-22T00:39:11.754+0000] {processor.py:186} INFO - Started process (PID=4038) to work on /home/airflow/.local/lib/python3.12/site-packages/airflow/example_dags/example_dataset_alias.py
[2026-07-22T00:39:11.755+0000] {processor.py:914} INFO - Processing file /home/airflow/.local/lib/python3.12/site-packages/airflow/example_dags/example_dataset_alias.py for tasks to queue
[2026-07-22T00:39:11.758+0000] {logging_mixin.py:190} INFO - [2026-07-22T00:39:11.758+0000] {dagbag.py:588} INFO - Filling up the DagBag from /home/airflow/.local/lib/python3.12/site-packages/airflow/example_dags/example_dataset_alias.py
[2026-07-22T00:39:12.220+0000] {processor.py:925} INFO - DAG(s) 'dataset_alias_example_alias_producer', 'dataset_s3_bucket_producer', 'dataset_s3_bucket_consumer', 'dataset_alias_example_alias_consumer' retrieved from /home/airflow/.local/lib/python3.12/site-packages/airflow/example_dags/example_dataset_alias.py
[2026-07-22T00:39:12.247+0000] {logging_mixin.py:190} INFO - [2026-07-22T00:39:12.247+0000] {dag.py:3239} INFO - Sync 4 DAGs
[2026-07-22T00:39:12.274+0000] {logging_mixin.py:190} INFO - [2026-07-22T00:39:12.274+0000] {dag.py:4180} INFO - Setting next_dagrun for dataset_alias_example_alias_consumer to None, run_after=None
[2026-07-22T00:39:12.278+0000] {logging_mixin.py:190} INFO - [2026-07-22T00:39:12.278+0000] {dag.py:4180} INFO - Setting next_dagrun for dataset_alias_example_alias_producer to None, run_after=None
[2026-07-22T00:39:12.282+0000] {logging_mixin.py:190} INFO - [2026-07-22T00:39:12.281+0000] {dag.py:4180} INFO - Setting next_dagrun for dataset_s3_bucket_consumer to None, run_after=None
[2026-07-22T00:39:12.284+0000] {logging_mixin.py:190} INFO - [2026-07-22T00:39:12.284+0000] {dag.py:4180} INFO - Setting next_dagrun for dataset_s3_bucket_producer to None, run_after=None
[2026-07-22T00:39:12.499+0000] {processor.py:208} INFO - Processing /home/airflow/.local/lib/python3.12/site-packages/airflow/example_dags/example_dataset_alias.py took 0.751 seconds
[2026-07-22T00:39:43.048+0000] {processor.py:186} INFO - Started process (PID=4102) to work on /home/airflow/.local/lib/python3.12/site-packages/airflow/example_dags/example_dataset_alias.py
[2026-07-22T00:39:43.049+0000] {processor.py:914} INFO - Processing file /home/airflow/.local/lib/python3.12/site-packages/airflow/example_dags/example_dataset_alias.py for tasks to queue
[2026-07-22T00:39:43.052+0000] {logging_mixin.py:190} INFO - [2026-07-22T00:39:43.052+0000] {dagbag.py:588} INFO - Filling up the DagBag from /home/airflow/.local/lib/python3.12/site-packages/airflow/example_dags/example_dataset_alias.py
[2026-07-22T00:39:43.537+0000] {processor.py:925} INFO - DAG(s) 'dataset_alias_example_alias_consumer', 'dataset_s3_bucket_consumer', 'dataset_alias_example_alias_producer', 'dataset_s3_bucket_producer' retrieved from /home/airflow/.local/lib/python3.12/site-packages/airflow/example_dags/example_dataset_alias.py
[2026-07-22T00:39:43.566+0000] {logging_mixin.py:190} INFO - [2026-07-22T00:39:43.565+0000] {dag.py:3239} INFO - Sync 4 DAGs
[2026-07-22T00:39:43.600+0000] {logging_mixin.py:190} INFO - [2026-07-22T00:39:43.600+0000] {dag.py:4180} INFO - Setting next_dagrun for dataset_alias_example_alias_consumer to None, run_after=None
[2026-07-22T00:39:43.604+0000] {logging_mixin.py:190} INFO - [2026-07-22T00:39:43.603+0000] {dag.py:4180} INFO - Setting next_dagrun for dataset_alias_example_alias_producer to None, run_after=None
[2026-07-22T00:39:43.606+0000] {logging_mixin.py:190} INFO - [2026-07-22T00:39:43.605+0000] {dag.py:4180} INFO - Setting next_dagrun for dataset_s3_bucket_consumer to None, run_after=None
[2026-07-22T00:39:43.608+0000] {logging_mixin.py:190} INFO - [2026-07-22T00:39:43.608+0000] {dag.py:4180} INFO - Setting next_dagrun for dataset_s3_bucket_producer to None, run_after=None
[2026-07-22T00:39:43.640+0000] {processor.py:208} INFO - Processing /home/airflow/.local/lib/python3.12/site-packages/airflow/example_dags/example_dataset_alias.py took 0.601 seconds
[2026-07-22T00:40:14.249+0000] {processor.py:186} INFO - Started process (PID=4167) to work on /home/airflow/.local/lib/python3.12/site-packages/airflow/example_dags/example_dataset_alias.py
[2026-07-22T00:40:14.250+0000] {processor.py:914} INFO - Processing file /home/airflow/.local/lib/python3.12/site-packages/airflow/example_dags/example_dataset_alias.py for tasks to queue
[2026-07-22T00:40:14.255+0000] {logging_mixin.py:190} INFO - [2026-07-22T00:40:14.254+0000] {dagbag.py:588} INFO - Filling up the DagBag from /home/airflow/.local/lib/python3.12/site-packages/airflow/example_dags/example_dataset_alias.py
[2026-07-22T00:40:14.858+0000] {processor.py:925} INFO - DAG(s) 'dataset_s3_bucket_consumer', 'dataset_alias_example_alias_producer', 'dataset_alias_example_alias_consumer', 'dataset_s3_bucket_producer' retrieved from /home/airflow/.local/lib/python3.12/site-packages/airflow/example_dags/example_dataset_alias.py
[2026-07-22T00:40:14.897+0000] {logging_mixin.py:190} INFO - [2026-07-22T00:40:14.896+0000] {dag.py:3239} INFO - Sync 4 DAGs
[2026-07-22T00:40:14.942+0000] {logging_mixin.py:190} INFO - [2026-07-22T00:40:14.942+0000] {dag.py:4180} INFO - Setting next_dagrun for dataset_alias_example_alias_consumer to None, run_after=None
[2026-07-22T00:40:14.946+0000] {logging_mixin.py:190} INFO - [2026-07-22T00:40:14.946+0000] {dag.py:4180} INFO - Setting next_dagrun for dataset_alias_example_alias_producer to None, run_after=None
[2026-07-22T00:40:14.949+0000] {logging_mixin.py:190} INFO - [2026-07-22T00:40:14.948+0000] {dag.py:4180} INFO - Setting next_dagrun for dataset_s3_bucket_consumer to None, run_after=None
[2026-07-22T00:40:14.951+0000] {logging_mixin.py:190} INFO - [2026-07-22T00:40:14.951+0000] {dag.py:4180} INFO - Setting next_dagrun for dataset_s3_bucket_producer to None, run_after=None
[2026-07-22T00:40:14.987+0000] {processor.py:208} INFO - Processing /home/airflow/.local/lib/python3.12/site-packages/airflow/example_dags/example_dataset_alias.py took 0.746 seconds
[2026-07-22T00:40:45.894+0000] {processor.py:186} INFO - Started process (PID=4235) to work on /home/airflow/.local/lib/python3.12/site-packages/airflow/example_dags/example_dataset_alias.py
[2026-07-22T00:40:45.896+0000] {processor.py:914} INFO - Processing file /home/airflow/.local/lib/python3.12/site-packages/airflow/example_dags/example_dataset_alias.py for tasks to queue
[2026-07-22T00:40:45.900+0000] {logging_mixin.py:190} INFO - [2026-07-22T00:40:45.899+0000] {dagbag.py:588} INFO - Filling up the DagBag from /home/airflow/.local/lib/python3.12/site-packages/airflow/example_dags/example_dataset_alias.py
[2026-07-22T00:40:46.433+0000] {processor.py:925} INFO - DAG(s) 'dataset_s3_bucket_consumer', 'dataset_alias_example_alias_producer', 'dataset_s3_bucket_producer', 'dataset_alias_example_alias_consumer' retrieved from /home/airflow/.local/lib/python3.12/site-packages/airflow/example_dags/example_dataset_alias.py
[2026-07-22T00:40:46.461+0000] {logging_mixin.py:190} INFO - [2026-07-22T00:40:46.461+0000] {dag.py:3239} INFO - Sync 4 DAGs
[2026-07-22T00:40:46.494+0000] {logging_mixin.py:190} INFO - [2026-07-22T00:40:46.494+0000] {dag.py:4180} INFO - Setting next_dagrun for dataset_alias_example_alias_consumer to None, run_after=None
[2026-07-22T00:40:46.502+0000] {logging_mixin.py:190} INFO - [2026-07-22T00:40:46.501+0000] {dag.py:4180} INFO - Setting next_dagrun for dataset_alias_example_alias_producer to None, run_after=None
[2026-07-22T00:40:46.506+0000] {logging_mixin.py:190} INFO - [2026-07-22T00:40:46.505+0000] {dag.py:4180} INFO - Setting next_dagrun for dataset_s3_bucket_consumer to None, run_after=None
[2026-07-22T00:40:46.509+0000] {logging_mixin.py:190} INFO - [2026-07-22T00:40:46.509+0000] {dag.py:4180} INFO - Setting next_dagrun for dataset_s3_bucket_producer to None, run_after=None
[2026-07-22T00:40:46.541+0000] {processor.py:208} INFO - Processing /home/airflow/.local/lib/python3.12/site-packages/airflow/example_dags/example_dataset_alias.py took 0.655 seconds
[2026-07-22T00:41:17.498+0000] {processor.py:186} INFO - Started process (PID=4299) to work on /home/airflow/.local/lib/python3.12/site-packages/airflow/example_dags/example_dataset_alias.py
[2026-07-22T00:41:17.500+0000] {processor.py:914} INFO - Processing file /home/airflow/.local/lib/python3.12/site-packages/airflow/example_dags/example_dataset_alias.py for tasks to queue
[2026-07-22T00:41:17.511+0000] {logging_mixin.py:190} INFO - [2026-07-22T00:41:17.510+0000] {dagbag.py:588} INFO - Filling up the DagBag from /home/airflow/.local/lib/python3.12/site-packages/airflow/example_dags/example_dataset_alias.py
[2026-07-22T00:41:18.038+0000] {processor.py:925} INFO - DAG(s) 'dataset_s3_bucket_consumer', 'dataset_alias_example_alias_producer', 'dataset_alias_example_alias_consumer', 'dataset_s3_bucket_producer' retrieved from /home/airflow/.local/lib/python3.12/site-packages/airflow/example_dags/example_dataset_alias.py
[2026-07-22T00:41:18.071+0000] {logging_mixin.py:190} INFO - [2026-07-22T00:41:18.070+0000] {dag.py:3239} INFO - Sync 4 DAGs
[2026-07-22T00:41:18.313+0000] {logging_mixin.py:190} INFO - [2026-07-22T00:41:18.313+0000] {dag.py:4180} INFO - Setting next_dagrun for dataset_alias_example_alias_consumer to None, run_after=None
[2026-07-22T00:41:18.318+0000] {logging_mixin.py:190} INFO - [2026-07-22T00:41:18.317+0000] {dag.py:4180} INFO - Setting next_dagrun for dataset_alias_example_alias_producer to None, run_after=None
[2026-07-22T00:41:18.320+0000] {logging_mixin.py:190} INFO - [2026-07-22T00:41:18.320+0000] {dag.py:4180} INFO - Setting next_dagrun for dataset_s3_bucket_consumer to None, run_after=None
[2026-07-22T00:41:18.322+0000] {logging_mixin.py:190} INFO - [2026-07-22T00:41:18.322+0000] {dag.py:4180} INFO - Setting next_dagrun for dataset_s3_bucket_producer to None, run_after=None
[2026-07-22T00:41:18.350+0000] {processor.py:208} INFO - Processing /home/airflow/.local/lib/python3.12/site-packages/airflow/example_dags/example_dataset_alias.py took 0.860 seconds
[2026-07-22T00:41:49.123+0000] {processor.py:186} INFO - Started process (PID=4364) to work on /home/airflow/.local/lib/python3.12/site-packages/airflow/example_dags/example_dataset_alias.py
[2026-07-22T00:41:49.125+0000] {processor.py:914} INFO - Processing file /home/airflow/.local/lib/python3.12/site-packages/airflow/example_dags/example_dataset_alias.py for tasks to queue
[2026-07-22T00:41:49.128+0000] {logging_mixin.py:190} INFO - [2026-07-22T00:41:49.128+0000] {dagbag.py:588} INFO - Filling up the DagBag from /home/airflow/.local/lib/python3.12/site-packages/airflow/example_dags/example_dataset_alias.py
[2026-07-22T00:41:49.621+0000] {processor.py:925} INFO - DAG(s) 'dataset_alias_example_alias_producer', 'dataset_alias_example_alias_consumer', 'dataset_s3_bucket_producer', 'dataset_s3_bucket_consumer' retrieved from /home/airflow/.local/lib/python3.12/site-packages/airflow/example_dags/example_dataset_alias.py
[2026-07-22T00:41:49.652+0000] {logging_mixin.py:190} INFO - [2026-07-22T00:41:49.652+0000] {dag.py:3239} INFO - Sync 4 DAGs
[2026-07-22T00:41:49.909+0000] {logging_mixin.py:190} INFO - [2026-07-22T00:41:49.908+0000] {dag.py:4180} INFO - Setting next_dagrun for dataset_alias_example_alias_consumer to None, run_after=None
[2026-07-22T00:41:49.913+0000] {logging_mixin.py:190} INFO - [2026-07-22T00:41:49.913+0000] {dag.py:4180} INFO - Setting next_dagrun for dataset_alias_example_alias_producer to None, run_after=None
[2026-07-22T00:41:49.916+0000] {logging_mixin.py:190} INFO - [2026-07-22T00:41:49.916+0000] {dag.py:4180} INFO - Setting next_dagrun for dataset_s3_bucket_consumer to None, run_after=None
[2026-07-22T00:41:49.918+0000] {logging_mixin.py:190} INFO - [2026-07-22T00:41:49.918+0000] {dag.py:4180} INFO - Setting next_dagrun for dataset_s3_bucket_producer to None, run_after=None
[2026-07-22T00:41:49.947+0000] {processor.py:208} INFO - Processing /home/airflow/.local/lib/python3.12/site-packages/airflow/example_dags/example_dataset_alias.py took 0.832 seconds
[2026-07-22T00:42:20.540+0000] {processor.py:186} INFO - Started process (PID=4432) to work on /home/airflow/.local/lib/python3.12/site-packages/airflow/example_dags/example_dataset_alias.py
[2026-07-22T00:42:20.541+0000] {processor.py:914} INFO - Processing file /home/airflow/.local/lib/python3.12/site-packages/airflow/example_dags/example_dataset_alias.py for tasks to queue
[2026-07-22T00:42:20.545+0000] {logging_mixin.py:190} INFO - [2026-07-22T00:42:20.544+0000] {dagbag.py:588} INFO - Filling up the DagBag from /home/airflow/.local/lib/python3.12/site-packages/airflow/example_dags/example_dataset_alias.py
[2026-07-22T00:42:21.126+0000] {processor.py:925} INFO - DAG(s) 'dataset_alias_example_alias_producer', 'dataset_s3_bucket_producer', 'dataset_alias_example_alias_consumer', 'dataset_s3_bucket_consumer' retrieved from /home/airflow/.local/lib/python3.12/site-packages/airflow/example_dags/example_dataset_alias.py
[2026-07-22T00:42:21.161+0000] {logging_mixin.py:190} INFO - [2026-07-22T00:42:21.160+0000] {dag.py:3239} INFO - Sync 4 DAGs
[2026-07-22T00:42:21.477+0000] {logging_mixin.py:190} INFO - [2026-07-22T00:42:21.477+0000] {dag.py:4180} INFO - Setting next_dagrun for dataset_alias_example_alias_consumer to None, run_after=None
[2026-07-22T00:42:21.483+0000] {logging_mixin.py:190} INFO - [2026-07-22T00:42:21.482+0000] {dag.py:4180} INFO - Setting next_dagrun for dataset_alias_example_alias_producer to None, run_after=None
[2026-07-22T00:42:21.485+0000] {logging_mixin.py:190} INFO - [2026-07-22T00:42:21.485+0000] {dag.py:4180} INFO - Setting next_dagrun for dataset_s3_bucket_consumer to None, run_after=None
[2026-07-22T00:42:21.488+0000] {logging_mixin.py:190} INFO - [2026-07-22T00:42:21.488+0000] {dag.py:4180} INFO - Setting next_dagrun for dataset_s3_bucket_producer to None, run_after=None
[2026-07-22T00:42:21.525+0000] {processor.py:208} INFO - Processing /home/airflow/.local/lib/python3.12/site-packages/airflow/example_dags/example_dataset_alias.py took 0.992 seconds
[2026-07-22T00:42:51.888+0000] {processor.py:186} INFO - Started process (PID=4496) to work on /home/airflow/.local/lib/python3.12/site-packages/airflow/example_dags/example_dataset_alias.py
[2026-07-22T00:42:51.890+0000] {processor.py:914} INFO - Processing file /home/airflow/.local/lib/python3.12/site-packages/airflow/example_dags/example_dataset_alias.py for tasks to queue
[2026-07-22T00:42:51.894+0000] {logging_mixin.py:190} INFO - [2026-07-22T00:42:51.893+0000] {dagbag.py:588} INFO - Filling up the DagBag from /home/airflow/.local/lib/python3.12/site-packages/airflow/example_dags/example_dataset_alias.py
[2026-07-22T00:42:52.356+0000] {processor.py:925} INFO - DAG(s) 'dataset_s3_bucket_consumer', 'dataset_alias_example_alias_producer', 'dataset_alias_example_alias_consumer', 'dataset_s3_bucket_producer' retrieved from /home/airflow/.local/lib/python3.12/site-packages/airflow/example_dags/example_dataset_alias.py
[2026-07-22T00:42:52.390+0000] {logging_mixin.py:190} INFO - [2026-07-22T00:42:52.389+0000] {dag.py:3239} INFO - Sync 4 DAGs
[2026-07-22T00:42:52.423+0000] {logging_mixin.py:190} INFO - [2026-07-22T00:42:52.423+0000] {dag.py:4180} INFO - Setting next_dagrun for dataset_alias_example_alias_consumer to None, run_after=None
[2026-07-22T00:42:52.427+0000] {logging_mixin.py:190} INFO - [2026-07-22T00:42:52.427+0000] {dag.py:4180} INFO - Setting next_dagrun for dataset_alias_example_alias_producer to None, run_after=None
[2026-07-22T00:42:52.651+0000] {logging_mixin.py:190} INFO - [2026-07-22T00:42:52.650+0000] {dag.py:4180} INFO - Setting next_dagrun for dataset_s3_bucket_consumer to None, run_after=None
[2026-07-22T00:42:52.653+0000] {logging_mixin.py:190} INFO - [2026-07-22T00:42:52.653+0000] {dag.py:4180} INFO - Setting next_dagrun for dataset_s3_bucket_producer to None, run_after=None
[2026-07-22T00:42:52.681+0000] {processor.py:208} INFO - Processing /home/airflow/.local/lib/python3.12/site-packages/airflow/example_dags/example_dataset_alias.py took 0.799 seconds
[2026-07-22T00:43:22.996+0000] {processor.py:186} INFO - Started process (PID=4555) to work on /home/airflow/.local/lib/python3.12/site-packages/airflow/example_dags/example_dataset_alias.py
[2026-07-22T00:43:22.998+0000] {processor.py:914} INFO - Processing file /home/airflow/.local/lib/python3.12/site-packages/airflow/example_dags/example_dataset_alias.py for tasks to queue
[2026-07-22T00:43:23.002+0000] {logging_mixin.py:190} INFO - [2026-07-22T00:43:23.002+0000] {dagbag.py:588} INFO - Filling up the DagBag from /home/airflow/.local/lib/python3.12/site-packages/airflow/example_dags/example_dataset_alias.py
[2026-07-22T00:43:23.754+0000] {processor.py:925} INFO - DAG(s) 'dataset_s3_bucket_producer', 'dataset_s3_bucket_consumer', 'dataset_alias_example_alias_producer', 'dataset_alias_example_alias_consumer' retrieved from /home/airflow/.local/lib/python3.12/site-packages/airflow/example_dags/example_dataset_alias.py
[2026-07-22T00:43:23.783+0000] {logging_mixin.py:190} INFO - [2026-07-22T00:43:23.783+0000] {dag.py:3239} INFO - Sync 4 DAGs
[2026-07-22T00:43:23.817+0000] {logging_mixin.py:190} INFO - [2026-07-22T00:43:23.816+0000] {dag.py:4180} INFO - Setting next_dagrun for dataset_alias_example_alias_consumer to None, run_after=None
[2026-07-22T00:43:23.822+0000] {logging_mixin.py:190} INFO - [2026-07-22T00:43:23.822+0000] {dag.py:4180} INFO - Setting next_dagrun for dataset_alias_example_alias_producer to None, run_after=None
[2026-07-22T00:43:23.825+0000] {logging_mixin.py:190} INFO - [2026-07-22T00:43:23.824+0000] {dag.py:4180} INFO - Setting next_dagrun for dataset_s3_bucket_consumer to None, run_after=None
[2026-07-22T00:43:23.828+0000] {logging_mixin.py:190} INFO - [2026-07-22T00:43:23.827+0000] {dag.py:4180} INFO - Setting next_dagrun for dataset_s3_bucket_producer to None, run_after=None
[2026-07-22T00:43:23.862+0000] {processor.py:208} INFO - Processing /home/airflow/.local/lib/python3.12/site-packages/airflow/example_dags/example_dataset_alias.py took 0.873 seconds
[2026-07-22T00:43:54.029+0000] {processor.py:186} INFO - Started process (PID=4619) to work on /home/airflow/.local/lib/python3.12/site-packages/airflow/example_dags/example_dataset_alias.py
[2026-07-22T00:43:54.031+0000] {processor.py:914} INFO - Processing file /home/airflow/.local/lib/python3.12/site-packages/airflow/example_dags/example_dataset_alias.py for tasks to queue
[2026-07-22T00:43:54.033+0000] {logging_mixin.py:190} INFO - [2026-07-22T00:43:54.033+0000] {dagbag.py:588} INFO - Filling up the DagBag from /home/airflow/.local/lib/python3.12/site-packages/airflow/example_dags/example_dataset_alias.py
[2026-07-22T00:43:54.720+0000] {processor.py:925} INFO - DAG(s) 'dataset_alias_example_alias_consumer', 'dataset_s3_bucket_consumer', 'dataset_s3_bucket_producer', 'dataset_alias_example_alias_producer' retrieved from /home/airflow/.local/lib/python3.12/site-packages/airflow/example_dags/example_dataset_alias.py
[2026-07-22T00:43:54.743+0000] {logging_mixin.py:190} INFO - [2026-07-22T00:43:54.742+0000] {dag.py:3239} INFO - Sync 4 DAGs
[2026-07-22T00:43:54.769+0000] {logging_mixin.py:190} INFO - [2026-07-22T00:43:54.769+0000] {dag.py:4180} INFO - Setting next_dagrun for dataset_alias_example_alias_consumer to None, run_after=None
[2026-07-22T00:43:54.773+0000] {logging_mixin.py:190} INFO - [2026-07-22T00:43:54.773+0000] {dag.py:4180} INFO - Setting next_dagrun for dataset_alias_example_alias_producer to None, run_after=None
[2026-07-22T00:43:54.775+0000] {logging_mixin.py:190} INFO - [2026-07-22T00:43:54.775+0000] {dag.py:4180} INFO - Setting next_dagrun for dataset_s3_bucket_consumer to None, run_after=None
[2026-07-22T00:43:54.777+0000] {logging_mixin.py:190} INFO - [2026-07-22T00:43:54.777+0000] {dag.py:4180} INFO - Setting next_dagrun for dataset_s3_bucket_producer to None, run_after=None
[2026-07-22T00:43:54.802+0000] {processor.py:208} INFO - Processing /home/airflow/.local/lib/python3.12/site-packages/airflow/example_dags/example_dataset_alias.py took 0.779 seconds
[2026-07-22T00:44:25.159+0000] {processor.py:186} INFO - Started process (PID=4684) to work on /home/airflow/.local/lib/python3.12/site-packages/airflow/example_dags/example_dataset_alias.py
[2026-07-22T00:44:25.160+0000] {processor.py:914} INFO - Processing file /home/airflow/.local/lib/python3.12/site-packages/airflow/example_dags/example_dataset_alias.py for tasks to queue
[2026-07-22T00:44:25.164+0000] {logging_mixin.py:190} INFO - [2026-07-22T00:44:25.164+0000] {dagbag.py:588} INFO - Filling up the DagBag from /home/airflow/.local/lib/python3.12/site-packages/airflow/example_dags/example_dataset_alias.py
[2026-07-22T00:44:25.633+0000] {processor.py:925} INFO - DAG(s) 'dataset_s3_bucket_producer', 'dataset_alias_example_alias_consumer', 'dataset_s3_bucket_consumer', 'dataset_alias_example_alias_producer' retrieved from /home/airflow/.local/lib/python3.12/site-packages/airflow/example_dags/example_dataset_alias.py
[2026-07-22T00:44:25.660+0000] {logging_mixin.py:190} INFO - [2026-07-22T00:44:25.659+0000] {dag.py:3239} INFO - Sync 4 DAGs
[2026-07-22T00:44:25.894+0000] {logging_mixin.py:190} INFO - [2026-07-22T00:44:25.893+0000] {dag.py:4180} INFO - Setting next_dagrun for dataset_alias_example_alias_consumer to None, run_after=None
[2026-07-22T00:44:25.897+0000] {logging_mixin.py:190} INFO - [2026-07-22T00:44:25.897+0000] {dag.py:4180} INFO - Setting next_dagrun for dataset_alias_example_alias_producer to None, run_after=None
[2026-07-22T00:44:25.899+0000] {logging_mixin.py:190} INFO - [2026-07-22T00:44:25.899+0000] {dag.py:4180} INFO - Setting next_dagrun for dataset_s3_bucket_consumer to None, run_after=None
[2026-07-22T00:44:25.901+0000] {logging_mixin.py:190} INFO - [2026-07-22T00:44:25.901+0000] {dag.py:4180} INFO - Setting next_dagrun for dataset_s3_bucket_producer to None, run_after=None
[2026-07-22T00:44:25.931+0000] {processor.py:208} INFO - Processing /home/airflow/.local/lib/python3.12/site-packages/airflow/example_dags/example_dataset_alias.py took 0.780 seconds
[2026-07-22T00:44:56.365+0000] {processor.py:186} INFO - Started process (PID=4754) to work on /home/airflow/.local/lib/python3.12/site-packages/airflow/example_dags/example_dataset_alias.py
[2026-07-22T00:44:56.366+0000] {processor.py:914} INFO - Processing file /home/airflow/.local/lib/python3.12/site-packages/airflow/example_dags/example_dataset_alias.py for tasks to queue
[2026-07-22T00:44:56.371+0000] {logging_mixin.py:190} INFO - [2026-07-22T00:44:56.371+0000] {dagbag.py:588} INFO - Filling up the DagBag from /home/airflow/.local/lib/python3.12/site-packages/airflow/example_dags/example_dataset_alias.py
[2026-07-22T00:44:56.914+0000] {processor.py:925} INFO - DAG(s) 'dataset_alias_example_alias_consumer', 'dataset_s3_bucket_consumer', 'dataset_alias_example_alias_producer', 'dataset_s3_bucket_producer' retrieved from /home/airflow/.local/lib/python3.12/site-packages/airflow/example_dags/example_dataset_alias.py
[2026-07-22T00:44:56.937+0000] {logging_mixin.py:190} INFO - [2026-07-22T00:44:56.937+0000] {dag.py:3239} INFO - Sync 4 DAGs
[2026-07-22T00:44:57.140+0000] {logging_mixin.py:190} INFO - [2026-07-22T00:44:57.139+0000] {dag.py:4180} INFO - Setting next_dagrun for dataset_alias_example_alias_consumer to None, run_after=None
[2026-07-22T00:44:57.143+0000] {logging_mixin.py:190} INFO - [2026-07-22T00:44:57.143+0000] {dag.py:4180} INFO - Setting next_dagrun for dataset_alias_example_alias_producer to None, run_after=None
[2026-07-22T00:44:57.146+0000] {logging_mixin.py:190} INFO - [2026-07-22T00:44:57.145+0000] {dag.py:4180} INFO - Setting next_dagrun for dataset_s3_bucket_consumer to None, run_after=None
[2026-07-22T00:44:57.148+0000] {logging_mixin.py:190} INFO - [2026-07-22T00:44:57.147+0000] {dag.py:4180} INFO - Setting next_dagrun for dataset_s3_bucket_producer to None, run_after=None
[2026-07-22T00:44:57.170+0000] {processor.py:208} INFO - Processing /home/airflow/.local/lib/python3.12/site-packages/airflow/example_dags/example_dataset_alias.py took 0.817 seconds
[2026-07-22T00:45:28.875+0000] {processor.py:186} INFO - Started process (PID=4824) to work on /home/airflow/.local/lib/python3.12/site-packages/airflow/example_dags/example_dataset_alias.py
[2026-07-22T00:45:28.876+0000] {processor.py:914} INFO - Processing file /home/airflow/.local/lib/python3.12/site-packages/airflow/example_dags/example_dataset_alias.py for tasks to queue
[2026-07-22T00:45:28.880+0000] {logging_mixin.py:190} INFO - [2026-07-22T00:45:28.880+0000] {dagbag.py:588} INFO - Filling up the DagBag from /home/airflow/.local/lib/python3.12/site-packages/airflow/example_dags/example_dataset_alias.py
[2026-07-22T00:45:29.577+0000] {processor.py:925} INFO - DAG(s) 'dataset_alias_example_alias_producer', 'dataset_s3_bucket_producer', 'dataset_alias_example_alias_consumer', 'dataset_s3_bucket_consumer' retrieved from /home/airflow/.local/lib/python3.12/site-packages/airflow/example_dags/example_dataset_alias.py
[2026-07-22T00:45:29.598+0000] {logging_mixin.py:190} INFO - [2026-07-22T00:45:29.598+0000] {dag.py:3239} INFO - Sync 4 DAGs
[2026-07-22T00:45:29.622+0000] {logging_mixin.py:190} INFO - [2026-07-22T00:45:29.621+0000] {dag.py:4180} INFO - Setting next_dagrun for dataset_alias_example_alias_consumer to None, run_after=None
[2026-07-22T00:45:29.625+0000] {logging_mixin.py:190} INFO - [2026-07-22T00:45:29.625+0000] {dag.py:4180} INFO - Setting next_dagrun for dataset_alias_example_alias_producer to None, run_after=None
[2026-07-22T00:45:29.628+0000] {logging_mixin.py:190} INFO - [2026-07-22T00:45:29.627+0000] {dag.py:4180} INFO - Setting next_dagrun for dataset_s3_bucket_consumer to None, run_after=None
[2026-07-22T00:45:29.630+0000] {logging_mixin.py:190} INFO - [2026-07-22T00:45:29.629+0000] {dag.py:4180} INFO - Setting next_dagrun for dataset_s3_bucket_producer to None, run_after=None
[2026-07-22T00:45:29.652+0000] {processor.py:208} INFO - Processing /home/airflow/.local/lib/python3.12/site-packages/airflow/example_dags/example_dataset_alias.py took 0.786 seconds
[2026-07-22T00:46:00.306+0000] {processor.py:186} INFO - Started process (PID=4883) to work on /home/airflow/.local/lib/python3.12/site-packages/airflow/example_dags/example_dataset_alias.py
[2026-07-22T00:46:00.308+0000] {processor.py:914} INFO - Processing file /home/airflow/.local/lib/python3.12/site-packages/airflow/example_dags/example_dataset_alias.py for tasks to queue
[2026-07-22T00:46:00.315+0000] {logging_mixin.py:190} INFO - [2026-07-22T00:46:00.314+0000] {dagbag.py:588} INFO - Filling up the DagBag from /home/airflow/.local/lib/python3.12/site-packages/airflow/example_dags/example_dataset_alias.py
[2026-07-22T00:46:01.181+0000] {processor.py:925} INFO - DAG(s) 'dataset_s3_bucket_consumer', 'dataset_alias_example_alias_consumer', 'dataset_alias_example_alias_producer', 'dataset_s3_bucket_producer' retrieved from /home/airflow/.local/lib/python3.12/site-packages/airflow/example_dags/example_dataset_alias.py
[2026-07-22T00:46:01.209+0000] {logging_mixin.py:190} INFO - [2026-07-22T00:46:01.208+0000] {dag.py:3239} INFO - Sync 4 DAGs
[2026-07-22T00:46:01.236+0000] {logging_mixin.py:190} INFO - [2026-07-22T00:46:01.236+0000] {dag.py:4180} INFO - Setting next_dagrun for dataset_alias_example_alias_consumer to None, run_after=None
[2026-07-22T00:46:01.241+0000] {logging_mixin.py:190} INFO - [2026-07-22T00:46:01.240+0000] {dag.py:4180} INFO - Setting next_dagrun for dataset_alias_example_alias_producer to None, run_after=None
[2026-07-22T00:46:01.244+0000] {logging_mixin.py:190} INFO - [2026-07-22T00:46:01.243+0000] {dag.py:4180} INFO - Setting next_dagrun for dataset_s3_bucket_consumer to None, run_after=None
[2026-07-22T00:46:01.247+0000] {logging_mixin.py:190} INFO - [2026-07-22T00:46:01.246+0000] {dag.py:4180} INFO - Setting next_dagrun for dataset_s3_bucket_producer to None, run_after=None
[2026-07-22T00:46:01.272+0000] {processor.py:208} INFO - Processing /home/airflow/.local/lib/python3.12/site-packages/airflow/example_dags/example_dataset_alias.py took 0.982 seconds
[2026-07-22T00:46:31.953+0000] {processor.py:186} INFO - Started process (PID=4951) to work on /home/airflow/.local/lib/python3.12/site-packages/airflow/example_dags/example_dataset_alias.py
[2026-07-22T00:46:31.955+0000] {processor.py:914} INFO - Processing file /home/airflow/.local/lib/python3.12/site-packages/airflow/example_dags/example_dataset_alias.py for tasks to queue
[2026-07-22T00:46:31.958+0000] {logging_mixin.py:190} INFO - [2026-07-22T00:46:31.958+0000] {dagbag.py:588} INFO - Filling up the DagBag from /home/airflow/.local/lib/python3.12/site-packages/airflow/example_dags/example_dataset_alias.py
[2026-07-22T00:46:32.666+0000] {processor.py:925} INFO - DAG(s) 'dataset_alias_example_alias_consumer', 'dataset_alias_example_alias_producer', 'dataset_s3_bucket_producer', 'dataset_s3_bucket_consumer' retrieved from /home/airflow/.local/lib/python3.12/site-packages/airflow/example_dags/example_dataset_alias.py
[2026-07-22T00:46:32.697+0000] {logging_mixin.py:190} INFO - [2026-07-22T00:46:32.696+0000] {dag.py:3239} INFO - Sync 4 DAGs
[2026-07-22T00:46:32.731+0000] {logging_mixin.py:190} INFO - [2026-07-22T00:46:32.731+0000] {dag.py:4180} INFO - Setting next_dagrun for dataset_alias_example_alias_consumer to None, run_after=None
[2026-07-22T00:46:32.735+0000] {logging_mixin.py:190} INFO - [2026-07-22T00:46:32.735+0000] {dag.py:4180} INFO - Setting next_dagrun for dataset_alias_example_alias_producer to None, run_after=None
[2026-07-22T00:46:32.738+0000] {logging_mixin.py:190} INFO - [2026-07-22T00:46:32.738+0000] {dag.py:4180} INFO - Setting next_dagrun for dataset_s3_bucket_consumer to None, run_after=None
[2026-07-22T00:46:32.741+0000] {logging_mixin.py:190} INFO - [2026-07-22T00:46:32.741+0000] {dag.py:4180} INFO - Setting next_dagrun for dataset_s3_bucket_producer to None, run_after=None
[2026-07-22T00:46:32.770+0000] {processor.py:208} INFO - Processing /home/airflow/.local/lib/python3.12/site-packages/airflow/example_dags/example_dataset_alias.py took 0.825 seconds
[2026-07-22T00:47:02.872+0000] {processor.py:186} INFO - Started process (PID=5028) to work on /home/airflow/.local/lib/python3.12/site-packages/airflow/example_dags/example_dataset_alias.py
[2026-07-22T00:47:02.873+0000] {processor.py:914} INFO - Processing file /home/airflow/.local/lib/python3.12/site-packages/airflow/example_dags/example_dataset_alias.py for tasks to queue
[2026-07-22T00:47:02.877+0000] {logging_mixin.py:190} INFO - [2026-07-22T00:47:02.876+0000] {dagbag.py:588} INFO - Filling up the DagBag from /home/airflow/.local/lib/python3.12/site-packages/airflow/example_dags/example_dataset_alias.py
[2026-07-22T00:47:03.503+0000] {processor.py:925} INFO - DAG(s) 'dataset_s3_bucket_producer', 'dataset_s3_bucket_consumer', 'dataset_alias_example_alias_consumer', 'dataset_alias_example_alias_producer' retrieved from /home/airflow/.local/lib/python3.12/site-packages/airflow/example_dags/example_dataset_alias.py
[2026-07-22T00:47:03.528+0000] {logging_mixin.py:190} INFO - [2026-07-22T00:47:03.527+0000] {dag.py:3239} INFO - Sync 4 DAGs
[2026-07-22T00:47:03.550+0000] {logging_mixin.py:190} INFO - [2026-07-22T00:47:03.549+0000] {dag.py:4180} INFO - Setting next_dagrun for dataset_alias_example_alias_consumer to None, run_after=None
[2026-07-22T00:47:03.553+0000] {logging_mixin.py:190} INFO - [2026-07-22T00:47:03.553+0000] {dag.py:4180} INFO - Setting next_dagrun for dataset_alias_example_alias_producer to None, run_after=None
[2026-07-22T00:47:03.557+0000] {logging_mixin.py:190} INFO - [2026-07-22T00:47:03.557+0000] {dag.py:4180} INFO - Setting next_dagrun for dataset_s3_bucket_consumer to None, run_after=None
[2026-07-22T00:47:03.560+0000] {logging_mixin.py:190} INFO - [2026-07-22T00:47:03.559+0000] {dag.py:4180} INFO - Setting next_dagrun for dataset_s3_bucket_producer to None, run_after=None
[2026-07-22T00:47:03.583+0000] {processor.py:208} INFO - Processing /home/airflow/.local/lib/python3.12/site-packages/airflow/example_dags/example_dataset_alias.py took 0.717 seconds
[2026-07-22T00:47:33.887+0000] {processor.py:186} INFO - Started process (PID=5091) to work on /home/airflow/.local/lib/python3.12/site-packages/airflow/example_dags/example_dataset_alias.py
[2026-07-22T00:47:33.888+0000] {processor.py:914} INFO - Processing file /home/airflow/.local/lib/python3.12/site-packages/airflow/example_dags/example_dataset_alias.py for tasks to queue
[2026-07-22T00:47:33.892+0000] {logging_mixin.py:190} INFO - [2026-07-22T00:47:33.891+0000] {dagbag.py:588} INFO - Filling up the DagBag from /home/airflow/.local/lib/python3.12/site-packages/airflow/example_dags/example_dataset_alias.py
[2026-07-22T00:47:34.622+0000] {processor.py:925} INFO - DAG(s) 'dataset_s3_bucket_consumer', 'dataset_alias_example_alias_producer', 'dataset_s3_bucket_producer', 'dataset_alias_example_alias_consumer' retrieved from /home/airflow/.local/lib/python3.12/site-packages/airflow/example_dags/example_dataset_alias.py
[2026-07-22T00:47:34.653+0000] {logging_mixin.py:190} INFO - [2026-07-22T00:47:34.653+0000] {dag.py:3239} INFO - Sync 4 DAGs
[2026-07-22T00:47:34.678+0000] {logging_mixin.py:190} INFO - [2026-07-22T00:47:34.677+0000] {dag.py:4180} INFO - Setting next_dagrun for dataset_alias_example_alias_consumer to None, run_after=None
[2026-07-22T00:47:34.682+0000] {logging_mixin.py:190} INFO - [2026-07-22T00:47:34.681+0000] {dag.py:4180} INFO - Setting next_dagrun for dataset_alias_example_alias_producer to None, run_after=None
[2026-07-22T00:47:34.684+0000] {logging_mixin.py:190} INFO - [2026-07-22T00:47:34.684+0000] {dag.py:4180} INFO - Setting next_dagrun for dataset_s3_bucket_consumer to None, run_after=None
[2026-07-22T00:47:34.687+0000] {logging_mixin.py:190} INFO - [2026-07-22T00:47:34.687+0000] {dag.py:4180} INFO - Setting next_dagrun for dataset_s3_bucket_producer to None, run_after=None
[2026-07-22T00:47:34.722+0000] {processor.py:208} INFO - Processing /home/airflow/.local/lib/python3.12/site-packages/airflow/example_dags/example_dataset_alias.py took 0.841 seconds
[2026-07-22T00:48:05.223+0000] {processor.py:186} INFO - Started process (PID=5156) to work on /home/airflow/.local/lib/python3.12/site-packages/airflow/example_dags/example_dataset_alias.py
[2026-07-22T00:48:05.224+0000] {processor.py:914} INFO - Processing file /home/airflow/.local/lib/python3.12/site-packages/airflow/example_dags/example_dataset_alias.py for tasks to queue
[2026-07-22T00:48:05.229+0000] {logging_mixin.py:190} INFO - [2026-07-22T00:48:05.228+0000] {dagbag.py:588} INFO - Filling up the DagBag from /home/airflow/.local/lib/python3.12/site-packages/airflow/example_dags/example_dataset_alias.py
[2026-07-22T00:48:06.019+0000] {processor.py:925} INFO - DAG(s) 'dataset_alias_example_alias_producer', 'dataset_s3_bucket_producer', 'dataset_s3_bucket_consumer', 'dataset_alias_example_alias_consumer' retrieved from /home/airflow/.local/lib/python3.12/site-packages/airflow/example_dags/example_dataset_alias.py
[2026-07-22T00:48:06.047+0000] {logging_mixin.py:190} INFO - [2026-07-22T00:48:06.046+0000] {dag.py:3239} INFO - Sync 4 DAGs
[2026-07-22T00:48:06.071+0000] {logging_mixin.py:190} INFO - [2026-07-22T00:48:06.070+0000] {dag.py:4180} INFO - Setting next_dagrun for dataset_alias_example_alias_consumer to None, run_after=None
[2026-07-22T00:48:06.075+0000] {logging_mixin.py:190} INFO - [2026-07-22T00:48:06.075+0000] {dag.py:4180} INFO - Setting next_dagrun for dataset_alias_example_alias_producer to None, run_after=None
[2026-07-22T00:48:06.078+0000] {logging_mixin.py:190} INFO - [2026-07-22T00:48:06.078+0000] {dag.py:4180} INFO - Setting next_dagrun for dataset_s3_bucket_consumer to None, run_after=None
[2026-07-22T00:48:06.081+0000] {logging_mixin.py:190} INFO - [2026-07-22T00:48:06.080+0000] {dag.py:4180} INFO - Setting next_dagrun for dataset_s3_bucket_producer to None, run_after=None
[2026-07-22T00:48:06.105+0000] {processor.py:208} INFO - Processing /home/airflow/.local/lib/python3.12/site-packages/airflow/example_dags/example_dataset_alias.py took 0.890 seconds
[2026-07-22T00:48:36.428+0000] {processor.py:186} INFO - Started process (PID=5223) to work on /home/airflow/.local/lib/python3.12/site-packages/airflow/example_dags/example_dataset_alias.py
[2026-07-22T00:48:36.429+0000] {processor.py:914} INFO - Processing file /home/airflow/.local/lib/python3.12/site-packages/airflow/example_dags/example_dataset_alias.py for tasks to queue
[2026-07-22T00:48:36.433+0000] {logging_mixin.py:190} INFO - [2026-07-22T00:48:36.433+0000] {dagbag.py:588} INFO - Filling up the DagBag from /home/airflow/.local/lib/python3.12/site-packages/airflow/example_dags/example_dataset_alias.py
[2026-07-22T00:48:37.133+0000] {processor.py:925} INFO - DAG(s) 'dataset_s3_bucket_consumer', 'dataset_alias_example_alias_consumer', 'dataset_alias_example_alias_producer', 'dataset_s3_bucket_producer' retrieved from /home/airflow/.local/lib/python3.12/site-packages/airflow/example_dags/example_dataset_alias.py
[2026-07-22T00:48:37.156+0000] {logging_mixin.py:190} INFO - [2026-07-22T00:48:37.156+0000] {dag.py:3239} INFO - Sync 4 DAGs
[2026-07-22T00:48:37.178+0000] {logging_mixin.py:190} INFO - [2026-07-22T00:48:37.178+0000] {dag.py:4180} INFO - Setting next_dagrun for dataset_alias_example_alias_consumer to None, run_after=None
[2026-07-22T00:48:37.181+0000] {logging_mixin.py:190} INFO - [2026-07-22T00:48:37.181+0000] {dag.py:4180} INFO - Setting next_dagrun for dataset_alias_example_alias_producer to None, run_after=None
[2026-07-22T00:48:37.184+0000] {logging_mixin.py:190} INFO - [2026-07-22T00:48:37.183+0000] {dag.py:4180} INFO - Setting next_dagrun for dataset_s3_bucket_consumer to None, run_after=None
[2026-07-22T00:48:37.186+0000] {logging_mixin.py:190} INFO - [2026-07-22T00:48:37.185+0000] {dag.py:4180} INFO - Setting next_dagrun for dataset_s3_bucket_producer to None, run_after=None
[2026-07-22T00:48:37.208+0000] {processor.py:208} INFO - Processing /home/airflow/.local/lib/python3.12/site-packages/airflow/example_dags/example_dataset_alias.py took 0.789 seconds
[2026-07-22T00:49:07.829+0000] {processor.py:186} INFO - Started process (PID=5287) to work on /home/airflow/.local/lib/python3.12/site-packages/airflow/example_dags/example_dataset_alias.py
[2026-07-22T00:49:07.830+0000] {processor.py:914} INFO - Processing file /home/airflow/.local/lib/python3.12/site-packages/airflow/example_dags/example_dataset_alias.py for tasks to queue
[2026-07-22T00:49:07.833+0000] {logging_mixin.py:190} INFO - [2026-07-22T00:49:07.833+0000] {dagbag.py:588} INFO - Filling up the DagBag from /home/airflow/.local/lib/python3.12/site-packages/airflow/example_dags/example_dataset_alias.py
[2026-07-22T00:49:08.462+0000] {processor.py:925} INFO - DAG(s) 'dataset_s3_bucket_consumer', 'dataset_s3_bucket_producer', 'dataset_alias_example_alias_consumer', 'dataset_alias_example_alias_producer' retrieved from /home/airflow/.local/lib/python3.12/site-packages/airflow/example_dags/example_dataset_alias.py
[2026-07-22T00:49:08.486+0000] {logging_mixin.py:190} INFO - [2026-07-22T00:49:08.485+0000] {dag.py:3239} INFO - Sync 4 DAGs
[2026-07-22T00:49:08.507+0000] {logging_mixin.py:190} INFO - [2026-07-22T00:49:08.506+0000] {dag.py:4180} INFO - Setting next_dagrun for dataset_alias_example_alias_consumer to None, run_after=None
[2026-07-22T00:49:08.510+0000] {logging_mixin.py:190} INFO - [2026-07-22T00:49:08.510+0000] {dag.py:4180} INFO - Setting next_dagrun for dataset_alias_example_alias_producer to None, run_after=None
[2026-07-22T00:49:08.512+0000] {logging_mixin.py:190} INFO - [2026-07-22T00:49:08.512+0000] {dag.py:4180} INFO - Setting next_dagrun for dataset_s3_bucket_consumer to None, run_after=None
[2026-07-22T00:49:08.514+0000] {logging_mixin.py:190} INFO - [2026-07-22T00:49:08.513+0000] {dag.py:4180} INFO - Setting next_dagrun for dataset_s3_bucket_producer to None, run_after=None
[2026-07-22T00:49:08.534+0000] {processor.py:208} INFO - Processing /home/airflow/.local/lib/python3.12/site-packages/airflow/example_dags/example_dataset_alias.py took 0.710 seconds
[2026-07-22T00:49:38.693+0000] {processor.py:186} INFO - Started process (PID=5353) to work on /home/airflow/.local/lib/python3.12/site-packages/airflow/example_dags/example_dataset_alias.py
[2026-07-22T00:49:38.694+0000] {processor.py:914} INFO - Processing file /home/airflow/.local/lib/python3.12/site-packages/airflow/example_dags/example_dataset_alias.py for tasks to queue
[2026-07-22T00:49:38.697+0000] {logging_mixin.py:190} INFO - [2026-07-22T00:49:38.697+0000] {dagbag.py:588} INFO - Filling up the DagBag from /home/airflow/.local/lib/python3.12/site-packages/airflow/example_dags/example_dataset_alias.py
[2026-07-22T00:49:39.342+0000] {processor.py:925} INFO - DAG(s) 'dataset_s3_bucket_producer', 'dataset_alias_example_alias_consumer', 'dataset_alias_example_alias_producer', 'dataset_s3_bucket_consumer' retrieved from /home/airflow/.local/lib/python3.12/site-packages/airflow/example_dags/example_dataset_alias.py
[2026-07-22T00:49:39.364+0000] {logging_mixin.py:190} INFO - [2026-07-22T00:49:39.363+0000] {dag.py:3239} INFO - Sync 4 DAGs
[2026-07-22T00:49:39.385+0000] {logging_mixin.py:190} INFO - [2026-07-22T00:49:39.385+0000] {dag.py:4180} INFO - Setting next_dagrun for dataset_alias_example_alias_consumer to None, run_after=None
[2026-07-22T00:49:39.389+0000] {logging_mixin.py:190} INFO - [2026-07-22T00:49:39.388+0000] {dag.py:4180} INFO - Setting next_dagrun for dataset_alias_example_alias_producer to None, run_after=None
[2026-07-22T00:49:39.391+0000] {logging_mixin.py:190} INFO - [2026-07-22T00:49:39.391+0000] {dag.py:4180} INFO - Setting next_dagrun for dataset_s3_bucket_consumer to None, run_after=None
[2026-07-22T00:49:39.393+0000] {logging_mixin.py:190} INFO - [2026-07-22T00:49:39.393+0000] {dag.py:4180} INFO - Setting next_dagrun for dataset_s3_bucket_producer to None, run_after=None
[2026-07-22T00:49:39.414+0000] {processor.py:208} INFO - Processing /home/airflow/.local/lib/python3.12/site-packages/airflow/example_dags/example_dataset_alias.py took 0.728 seconds
[2026-07-22T00:50:09.543+0000] {processor.py:186} INFO - Started process (PID=5415) to work on /home/airflow/.local/lib/python3.12/site-packages/airflow/example_dags/example_dataset_alias.py
[2026-07-22T00:50:09.545+0000] {processor.py:914} INFO - Processing file /home/airflow/.local/lib/python3.12/site-packages/airflow/example_dags/example_dataset_alias.py for tasks to queue
[2026-07-22T00:50:09.548+0000] {logging_mixin.py:190} INFO - [2026-07-22T00:50:09.548+0000] {dagbag.py:588} INFO - Filling up the DagBag from /home/airflow/.local/lib/python3.12/site-packages/airflow/example_dags/example_dataset_alias.py
[2026-07-22T00:50:10.242+0000] {processor.py:925} INFO - DAG(s) 'dataset_alias_example_alias_producer', 'dataset_s3_bucket_producer', 'dataset_s3_bucket_consumer', 'dataset_alias_example_alias_consumer' retrieved from /home/airflow/.local/lib/python3.12/site-packages/airflow/example_dags/example_dataset_alias.py
[2026-07-22T00:50:10.267+0000] {logging_mixin.py:190} INFO - [2026-07-22T00:50:10.266+0000] {dag.py:3239} INFO - Sync 4 DAGs
[2026-07-22T00:50:10.290+0000] {logging_mixin.py:190} INFO - [2026-07-22T00:50:10.289+0000] {dag.py:4180} INFO - Setting next_dagrun for dataset_alias_example_alias_consumer to None, run_after=None
[2026-07-22T00:50:10.295+0000] {logging_mixin.py:190} INFO - [2026-07-22T00:50:10.294+0000] {dag.py:4180} INFO - Setting next_dagrun for dataset_alias_example_alias_producer to None, run_after=None
[2026-07-22T00:50:10.298+0000] {logging_mixin.py:190} INFO - [2026-07-22T00:50:10.298+0000] {dag.py:4180} INFO - Setting next_dagrun for dataset_s3_bucket_consumer to None, run_after=None
[2026-07-22T00:50:10.301+0000] {logging_mixin.py:190} INFO - [2026-07-22T00:50:10.300+0000] {dag.py:4180} INFO - Setting next_dagrun for dataset_s3_bucket_producer to None, run_after=None
[2026-07-22T00:50:10.326+0000] {processor.py:208} INFO - Processing /home/airflow/.local/lib/python3.12/site-packages/airflow/example_dags/example_dataset_alias.py took 0.792 seconds
[2026-07-22T00:50:40.561+0000] {processor.py:186} INFO - Started process (PID=5480) to work on /home/airflow/.local/lib/python3.12/site-packages/airflow/example_dags/example_dataset_alias.py
[2026-07-22T00:50:40.563+0000] {processor.py:914} INFO - Processing file /home/airflow/.local/lib/python3.12/site-packages/airflow/example_dags/example_dataset_alias.py for tasks to queue
[2026-07-22T00:50:40.565+0000] {logging_mixin.py:190} INFO - [2026-07-22T00:50:40.565+0000] {dagbag.py:588} INFO - Filling up the DagBag from /home/airflow/.local/lib/python3.12/site-packages/airflow/example_dags/example_dataset_alias.py
[2026-07-22T00:50:41.226+0000] {processor.py:925} INFO - DAG(s) 'dataset_s3_bucket_consumer', 'dataset_alias_example_alias_producer', 'dataset_alias_example_alias_consumer', 'dataset_s3_bucket_producer' retrieved from /home/airflow/.local/lib/python3.12/site-packages/airflow/example_dags/example_dataset_alias.py
[2026-07-22T00:50:41.251+0000] {logging_mixin.py:190} INFO - [2026-07-22T00:50:41.251+0000] {dag.py:3239} INFO - Sync 4 DAGs
[2026-07-22T00:50:41.281+0000] {logging_mixin.py:190} INFO - [2026-07-22T00:50:41.281+0000] {dag.py:4180} INFO - Setting next_dagrun for dataset_alias_example_alias_consumer to None, run_after=None
[2026-07-22T00:50:41.286+0000] {logging_mixin.py:190} INFO - [2026-07-22T00:50:41.286+0000] {dag.py:4180} INFO - Setting next_dagrun for dataset_alias_example_alias_producer to None, run_after=None
[2026-07-22T00:50:41.289+0000] {logging_mixin.py:190} INFO - [2026-07-22T00:50:41.288+0000] {dag.py:4180} INFO - Setting next_dagrun for dataset_s3_bucket_consumer to None, run_after=None
[2026-07-22T00:50:41.291+0000] {logging_mixin.py:190} INFO - [2026-07-22T00:50:41.291+0000] {dag.py:4180} INFO - Setting next_dagrun for dataset_s3_bucket_producer to None, run_after=None
[2026-07-22T00:50:41.324+0000] {processor.py:208} INFO - Processing /home/airflow/.local/lib/python3.12/site-packages/airflow/example_dags/example_dataset_alias.py took 0.769 seconds
[2026-07-22T00:51:11.540+0000] {processor.py:186} INFO - Started process (PID=5548) to work on /home/airflow/.local/lib/python3.12/site-packages/airflow/example_dags/example_dataset_alias.py
[2026-07-22T00:51:11.542+0000] {processor.py:914} INFO - Processing file /home/airflow/.local/lib/python3.12/site-packages/airflow/example_dags/example_dataset_alias.py for tasks to queue
[2026-07-22T00:51:11.545+0000] {logging_mixin.py:190} INFO - [2026-07-22T00:51:11.545+0000] {dagbag.py:588} INFO - Filling up the DagBag from /home/airflow/.local/lib/python3.12/site-packages/airflow/example_dags/example_dataset_alias.py
[2026-07-22T00:51:12.203+0000] {processor.py:925} INFO - DAG(s) 'dataset_s3_bucket_producer', 'dataset_s3_bucket_consumer', 'dataset_alias_example_alias_producer', 'dataset_alias_example_alias_consumer' retrieved from /home/airflow/.local/lib/python3.12/site-packages/airflow/example_dags/example_dataset_alias.py
[2026-07-22T00:51:12.228+0000] {logging_mixin.py:190} INFO - [2026-07-22T00:51:12.227+0000] {dag.py:3239} INFO - Sync 4 DAGs
[2026-07-22T00:51:12.250+0000] {logging_mixin.py:190} INFO - [2026-07-22T00:51:12.250+0000] {dag.py:4180} INFO - Setting next_dagrun for dataset_alias_example_alias_consumer to None, run_after=None
[2026-07-22T00:51:12.253+0000] {logging_mixin.py:190} INFO - [2026-07-22T00:51:12.253+0000] {dag.py:4180} INFO - Setting next_dagrun for dataset_alias_example_alias_producer to None, run_after=None
[2026-07-22T00:51:12.255+0000] {logging_mixin.py:190} INFO - [2026-07-22T00:51:12.255+0000] {dag.py:4180} INFO - Setting next_dagrun for dataset_s3_bucket_consumer to None, run_after=None
[2026-07-22T00:51:12.257+0000] {logging_mixin.py:190} INFO - [2026-07-22T00:51:12.257+0000] {dag.py:4180} INFO - Setting next_dagrun for dataset_s3_bucket_producer to None, run_after=None
[2026-07-22T00:51:12.280+0000] {processor.py:208} INFO - Processing /home/airflow/.local/lib/python3.12/site-packages/airflow/example_dags/example_dataset_alias.py took 0.748 seconds
[2026-07-22T00:51:42.638+0000] {processor.py:186} INFO - Started process (PID=5607) to work on /home/airflow/.local/lib/python3.12/site-packages/airflow/example_dags/example_dataset_alias.py
[2026-07-22T00:51:42.640+0000] {processor.py:914} INFO - Processing file /home/airflow/.local/lib/python3.12/site-packages/airflow/example_dags/example_dataset_alias.py for tasks to queue
[2026-07-22T00:51:42.642+0000] {logging_mixin.py:190} INFO - [2026-07-22T00:51:42.642+0000] {dagbag.py:588} INFO - Filling up the DagBag from /home/airflow/.local/lib/python3.12/site-packages/airflow/example_dags/example_dataset_alias.py
[2026-07-22T00:51:43.306+0000] {processor.py:925} INFO - DAG(s) 'dataset_alias_example_alias_producer', 'dataset_s3_bucket_consumer', 'dataset_alias_example_alias_consumer', 'dataset_s3_bucket_producer' retrieved from /home/airflow/.local/lib/python3.12/site-packages/airflow/example_dags/example_dataset_alias.py
[2026-07-22T00:51:43.336+0000] {logging_mixin.py:190} INFO - [2026-07-22T00:51:43.335+0000] {dag.py:3239} INFO - Sync 4 DAGs
[2026-07-22T00:51:43.372+0000] {logging_mixin.py:190} INFO - [2026-07-22T00:51:43.372+0000] {dag.py:4180} INFO - Setting next_dagrun for dataset_alias_example_alias_consumer to None, run_after=None
[2026-07-22T00:51:43.376+0000] {logging_mixin.py:190} INFO - [2026-07-22T00:51:43.376+0000] {dag.py:4180} INFO - Setting next_dagrun for dataset_alias_example_alias_producer to None, run_after=None
[2026-07-22T00:51:43.379+0000] {logging_mixin.py:190} INFO - [2026-07-22T00:51:43.379+0000] {dag.py:4180} INFO - Setting next_dagrun for dataset_s3_bucket_consumer to None, run_after=None
[2026-07-22T00:51:43.382+0000] {logging_mixin.py:190} INFO - [2026-07-22T00:51:43.381+0000] {dag.py:4180} INFO - Setting next_dagrun for dataset_s3_bucket_producer to None, run_after=None
[2026-07-22T00:51:43.409+0000] {processor.py:208} INFO - Processing /home/airflow/.local/lib/python3.12/site-packages/airflow/example_dags/example_dataset_alias.py took 0.778 seconds
[2026-07-22T00:52:13.583+0000] {processor.py:186} INFO - Started process (PID=5669) to work on /home/airflow/.local/lib/python3.12/site-packages/airflow/example_dags/example_dataset_alias.py
[2026-07-22T00:52:13.585+0000] {processor.py:914} INFO - Processing file /home/airflow/.local/lib/python3.12/site-packages/airflow/example_dags/example_dataset_alias.py for tasks to queue
[2026-07-22T00:52:13.588+0000] {logging_mixin.py:190} INFO - [2026-07-22T00:52:13.588+0000] {dagbag.py:588} INFO - Filling up the DagBag from /home/airflow/.local/lib/python3.12/site-packages/airflow/example_dags/example_dataset_alias.py
[2026-07-22T00:52:14.276+0000] {processor.py:925} INFO - DAG(s) 'dataset_s3_bucket_producer', 'dataset_alias_example_alias_producer', 'dataset_alias_example_alias_consumer', 'dataset_s3_bucket_consumer' retrieved from /home/airflow/.local/lib/python3.12/site-packages/airflow/example_dags/example_dataset_alias.py
[2026-07-22T00:52:14.303+0000] {logging_mixin.py:190} INFO - [2026-07-22T00:52:14.303+0000] {dag.py:3239} INFO - Sync 4 DAGs
[2026-07-22T00:52:14.331+0000] {logging_mixin.py:190} INFO - [2026-07-22T00:52:14.330+0000] {dag.py:4180} INFO - Setting next_dagrun for dataset_alias_example_alias_consumer to None, run_after=None
[2026-07-22T00:52:14.334+0000] {logging_mixin.py:190} INFO - [2026-07-22T00:52:14.334+0000] {dag.py:4180} INFO - Setting next_dagrun for dataset_alias_example_alias_producer to None, run_after=None
[2026-07-22T00:52:14.337+0000] {logging_mixin.py:190} INFO - [2026-07-22T00:52:14.337+0000] {dag.py:4180} INFO - Setting next_dagrun for dataset_s3_bucket_consumer to None, run_after=None
[2026-07-22T00:52:14.339+0000] {logging_mixin.py:190} INFO - [2026-07-22T00:52:14.339+0000] {dag.py:4180} INFO - Setting next_dagrun for dataset_s3_bucket_producer to None, run_after=None
[2026-07-22T00:52:14.371+0000] {processor.py:208} INFO - Processing /home/airflow/.local/lib/python3.12/site-packages/airflow/example_dags/example_dataset_alias.py took 0.794 seconds
[2026-07-22T00:52:45.150+0000] {processor.py:186} INFO - Started process (PID=5735) to work on /home/airflow/.local/lib/python3.12/site-packages/airflow/example_dags/example_dataset_alias.py
[2026-07-22T00:52:45.151+0000] {processor.py:914} INFO - Processing file /home/airflow/.local/lib/python3.12/site-packages/airflow/example_dags/example_dataset_alias.py for tasks to queue
[2026-07-22T00:52:45.155+0000] {logging_mixin.py:190} INFO - [2026-07-22T00:52:45.154+0000] {dagbag.py:588} INFO - Filling up the DagBag from /home/airflow/.local/lib/python3.12/site-packages/airflow/example_dags/example_dataset_alias.py
[2026-07-22T00:52:45.876+0000] {processor.py:925} INFO - DAG(s) 'dataset_alias_example_alias_consumer', 'dataset_alias_example_alias_producer', 'dataset_s3_bucket_producer', 'dataset_s3_bucket_consumer' retrieved from /home/airflow/.local/lib/python3.12/site-packages/airflow/example_dags/example_dataset_alias.py
[2026-07-22T00:52:45.905+0000] {logging_mixin.py:190} INFO - [2026-07-22T00:52:45.904+0000] {dag.py:3239} INFO - Sync 4 DAGs
[2026-07-22T00:52:45.933+0000] {logging_mixin.py:190} INFO - [2026-07-22T00:52:45.932+0000] {dag.py:4180} INFO - Setting next_dagrun for dataset_alias_example_alias_consumer to None, run_after=None
[2026-07-22T00:52:45.937+0000] {logging_mixin.py:190} INFO - [2026-07-22T00:52:45.937+0000] {dag.py:4180} INFO - Setting next_dagrun for dataset_alias_example_alias_producer to None, run_after=None
[2026-07-22T00:52:45.940+0000] {logging_mixin.py:190} INFO - [2026-07-22T00:52:45.939+0000] {dag.py:4180} INFO - Setting next_dagrun for dataset_s3_bucket_consumer to None, run_after=None
[2026-07-22T00:52:45.942+0000] {logging_mixin.py:190} INFO - [2026-07-22T00:52:45.942+0000] {dag.py:4180} INFO - Setting next_dagrun for dataset_s3_bucket_producer to None, run_after=None
[2026-07-22T00:52:45.968+0000] {processor.py:208} INFO - Processing /home/airflow/.local/lib/python3.12/site-packages/airflow/example_dags/example_dataset_alias.py took 0.825 seconds
[2026-07-22T00:53:16.718+0000] {processor.py:186} INFO - Started process (PID=5800) to work on /home/airflow/.local/lib/python3.12/site-packages/airflow/example_dags/example_dataset_alias.py
[2026-07-22T00:53:16.719+0000] {processor.py:914} INFO - Processing file /home/airflow/.local/lib/python3.12/site-packages/airflow/example_dags/example_dataset_alias.py for tasks to queue
[2026-07-22T00:53:16.723+0000] {logging_mixin.py:190} INFO - [2026-07-22T00:53:16.722+0000] {dagbag.py:588} INFO - Filling up the DagBag from /home/airflow/.local/lib/python3.12/site-packages/airflow/example_dags/example_dataset_alias.py
[2026-07-22T00:53:17.383+0000] {processor.py:925} INFO - DAG(s) 'dataset_s3_bucket_producer', 'dataset_alias_example_alias_consumer', 'dataset_alias_example_alias_producer', 'dataset_s3_bucket_consumer' retrieved from /home/airflow/.local/lib/python3.12/site-packages/airflow/example_dags/example_dataset_alias.py
[2026-07-22T00:53:17.415+0000] {logging_mixin.py:190} INFO - [2026-07-22T00:53:17.414+0000] {dag.py:3239} INFO - Sync 4 DAGs
[2026-07-22T00:53:17.441+0000] {logging_mixin.py:190} INFO - [2026-07-22T00:53:17.441+0000] {dag.py:4180} INFO - Setting next_dagrun for dataset_alias_example_alias_consumer to None, run_after=None
[2026-07-22T00:53:17.445+0000] {logging_mixin.py:190} INFO - [2026-07-22T00:53:17.445+0000] {dag.py:4180} INFO - Setting next_dagrun for dataset_alias_example_alias_producer to None, run_after=None
[2026-07-22T00:53:17.448+0000] {logging_mixin.py:190} INFO - [2026-07-22T00:53:17.447+0000] {dag.py:4180} INFO - Setting next_dagrun for dataset_s3_bucket_consumer to None, run_after=None
[2026-07-22T00:53:17.451+0000] {logging_mixin.py:190} INFO - [2026-07-22T00:53:17.450+0000] {dag.py:4180} INFO - Setting next_dagrun for dataset_s3_bucket_producer to None, run_after=None
[2026-07-22T00:53:17.478+0000] {processor.py:208} INFO - Processing /home/airflow/.local/lib/python3.12/site-packages/airflow/example_dags/example_dataset_alias.py took 0.767 seconds
[2026-07-22T00:53:47.936+0000] {processor.py:186} INFO - Started process (PID=5864) to work on /home/airflow/.local/lib/python3.12/site-packages/airflow/example_dags/example_dataset_alias.py
[2026-07-22T00:53:47.937+0000] {processor.py:914} INFO - Processing file /home/airflow/.local/lib/python3.12/site-packages/airflow/example_dags/example_dataset_alias.py for tasks to queue
[2026-07-22T00:53:47.940+0000] {logging_mixin.py:190} INFO - [2026-07-22T00:53:47.940+0000] {dagbag.py:588} INFO - Filling up the DagBag from /home/airflow/.local/lib/python3.12/site-packages/airflow/example_dags/example_dataset_alias.py
[2026-07-22T00:53:48.628+0000] {processor.py:925} INFO - DAG(s) 'dataset_s3_bucket_consumer', 'dataset_s3_bucket_producer', 'dataset_alias_example_alias_consumer', 'dataset_alias_example_alias_producer' retrieved from /home/airflow/.local/lib/python3.12/site-packages/airflow/example_dags/example_dataset_alias.py
[2026-07-22T00:53:48.656+0000] {logging_mixin.py:190} INFO - [2026-07-22T00:53:48.655+0000] {dag.py:3239} INFO - Sync 4 DAGs
[2026-07-22T00:53:48.684+0000] {logging_mixin.py:190} INFO - [2026-07-22T00:53:48.683+0000] {dag.py:4180} INFO - Setting next_dagrun for dataset_alias_example_alias_consumer to None, run_after=None
[2026-07-22T00:53:48.688+0000] {logging_mixin.py:190} INFO - [2026-07-22T00:53:48.687+0000] {dag.py:4180} INFO - Setting next_dagrun for dataset_alias_example_alias_producer to None, run_after=None
[2026-07-22T00:53:48.691+0000] {logging_mixin.py:190} INFO - [2026-07-22T00:53:48.691+0000] {dag.py:4180} INFO - Setting next_dagrun for dataset_s3_bucket_consumer to None, run_after=None
[2026-07-22T00:53:48.694+0000] {logging_mixin.py:190} INFO - [2026-07-22T00:53:48.694+0000] {dag.py:4180} INFO - Setting next_dagrun for dataset_s3_bucket_producer to None, run_after=None
[2026-07-22T00:53:48.725+0000] {processor.py:208} INFO - Processing /home/airflow/.local/lib/python3.12/site-packages/airflow/example_dags/example_dataset_alias.py took 0.795 seconds
[2026-07-22T00:54:18.967+0000] {processor.py:186} INFO - Started process (PID=5927) to work on /home/airflow/.local/lib/python3.12/site-packages/airflow/example_dags/example_dataset_alias.py
[2026-07-22T00:54:18.968+0000] {processor.py:914} INFO - Processing file /home/airflow/.local/lib/python3.12/site-packages/airflow/example_dags/example_dataset_alias.py for tasks to queue
[2026-07-22T00:54:18.972+0000] {logging_mixin.py:190} INFO - [2026-07-22T00:54:18.972+0000] {dagbag.py:588} INFO - Filling up the DagBag from /home/airflow/.local/lib/python3.12/site-packages/airflow/example_dags/example_dataset_alias.py
[2026-07-22T00:54:19.708+0000] {processor.py:925} INFO - DAG(s) 'dataset_s3_bucket_producer', 'dataset_s3_bucket_consumer', 'dataset_alias_example_alias_producer', 'dataset_alias_example_alias_consumer' retrieved from /home/airflow/.local/lib/python3.12/site-packages/airflow/example_dags/example_dataset_alias.py
[2026-07-22T00:54:19.734+0000] {logging_mixin.py:190} INFO - [2026-07-22T00:54:19.733+0000] {dag.py:3239} INFO - Sync 4 DAGs
[2026-07-22T00:54:19.758+0000] {logging_mixin.py:190} INFO - [2026-07-22T00:54:19.757+0000] {dag.py:4180} INFO - Setting next_dagrun for dataset_alias_example_alias_consumer to None, run_after=None
[2026-07-22T00:54:19.763+0000] {logging_mixin.py:190} INFO - [2026-07-22T00:54:19.763+0000] {dag.py:4180} INFO - Setting next_dagrun for dataset_alias_example_alias_producer to None, run_after=None
[2026-07-22T00:54:19.767+0000] {logging_mixin.py:190} INFO - [2026-07-22T00:54:19.767+0000] {dag.py:4180} INFO - Setting next_dagrun for dataset_s3_bucket_consumer to None, run_after=None
[2026-07-22T00:54:19.770+0000] {logging_mixin.py:190} INFO - [2026-07-22T00:54:19.770+0000] {dag.py:4180} INFO - Setting next_dagrun for dataset_s3_bucket_producer to None, run_after=None
[2026-07-22T00:54:19.798+0000] {processor.py:208} INFO - Processing /home/airflow/.local/lib/python3.12/site-packages/airflow/example_dags/example_dataset_alias.py took 0.838 seconds
[2026-07-22T00:54:51.433+0000] {processor.py:186} INFO - Started process (PID=5996) to work on /home/airflow/.local/lib/python3.12/site-packages/airflow/example_dags/example_dataset_alias.py
[2026-07-22T00:54:51.434+0000] {processor.py:914} INFO - Processing file /home/airflow/.local/lib/python3.12/site-packages/airflow/example_dags/example_dataset_alias.py for tasks to queue
[2026-07-22T00:54:51.438+0000] {logging_mixin.py:190} INFO - [2026-07-22T00:54:51.438+0000] {dagbag.py:588} INFO - Filling up the DagBag from /home/airflow/.local/lib/python3.12/site-packages/airflow/example_dags/example_dataset_alias.py
[2026-07-22T00:54:52.247+0000] {processor.py:925} INFO - DAG(s) 'dataset_s3_bucket_producer', 'dataset_alias_example_alias_producer', 'dataset_alias_example_alias_consumer', 'dataset_s3_bucket_consumer' retrieved from /home/airflow/.local/lib/python3.12/site-packages/airflow/example_dags/example_dataset_alias.py
[2026-07-22T00:54:52.279+0000] {logging_mixin.py:190} INFO - [2026-07-22T00:54:52.279+0000] {dag.py:3239} INFO - Sync 4 DAGs
[2026-07-22T00:54:52.309+0000] {logging_mixin.py:190} INFO - [2026-07-22T00:54:52.309+0000] {dag.py:4180} INFO - Setting next_dagrun for dataset_alias_example_alias_consumer to None, run_after=None
[2026-07-22T00:54:52.313+0000] {logging_mixin.py:190} INFO - [2026-07-22T00:54:52.313+0000] {dag.py:4180} INFO - Setting next_dagrun for dataset_alias_example_alias_producer to None, run_after=None
[2026-07-22T00:54:52.315+0000] {logging_mixin.py:190} INFO - [2026-07-22T00:54:52.315+0000] {dag.py:4180} INFO - Setting next_dagrun for dataset_s3_bucket_consumer to None, run_after=None
[2026-07-22T00:54:52.318+0000] {logging_mixin.py:190} INFO - [2026-07-22T00:54:52.318+0000] {dag.py:4180} INFO - Setting next_dagrun for dataset_s3_bucket_producer to None, run_after=None
[2026-07-22T00:54:52.347+0000] {processor.py:208} INFO - Processing /home/airflow/.local/lib/python3.12/site-packages/airflow/example_dags/example_dataset_alias.py took 0.920 seconds
[2026-07-22T00:55:22.788+0000] {processor.py:186} INFO - Started process (PID=6059) to work on /home/airflow/.local/lib/python3.12/site-packages/airflow/example_dags/example_dataset_alias.py
[2026-07-22T00:55:22.790+0000] {processor.py:914} INFO - Processing file /home/airflow/.local/lib/python3.12/site-packages/airflow/example_dags/example_dataset_alias.py for tasks to queue
[2026-07-22T00:55:22.794+0000] {logging_mixin.py:190} INFO - [2026-07-22T00:55:22.793+0000] {dagbag.py:588} INFO - Filling up the DagBag from /home/airflow/.local/lib/python3.12/site-packages/airflow/example_dags/example_dataset_alias.py
[2026-07-22T00:55:23.733+0000] {processor.py:925} INFO - DAG(s) 'dataset_s3_bucket_producer', 'dataset_s3_bucket_consumer', 'dataset_alias_example_alias_consumer', 'dataset_alias_example_alias_producer' retrieved from /home/airflow/.local/lib/python3.12/site-packages/airflow/example_dags/example_dataset_alias.py
[2026-07-22T00:55:23.772+0000] {logging_mixin.py:190} INFO - [2026-07-22T00:55:23.771+0000] {dag.py:3239} INFO - Sync 4 DAGs
[2026-07-22T00:55:23.807+0000] {logging_mixin.py:190} INFO - [2026-07-22T00:55:23.807+0000] {dag.py:4180} INFO - Setting next_dagrun for dataset_alias_example_alias_consumer to None, run_after=None
[2026-07-22T00:55:23.812+0000] {logging_mixin.py:190} INFO - [2026-07-22T00:55:23.812+0000] {dag.py:4180} INFO - Setting next_dagrun for dataset_alias_example_alias_producer to None, run_after=None
[2026-07-22T00:55:23.815+0000] {logging_mixin.py:190} INFO - [2026-07-22T00:55:23.814+0000] {dag.py:4180} INFO - Setting next_dagrun for dataset_s3_bucket_consumer to None, run_after=None
[2026-07-22T00:55:23.818+0000] {logging_mixin.py:190} INFO - [2026-07-22T00:55:23.818+0000] {dag.py:4180} INFO - Setting next_dagrun for dataset_s3_bucket_producer to None, run_after=None
[2026-07-22T00:55:23.858+0000] {processor.py:208} INFO - Processing /home/airflow/.local/lib/python3.12/site-packages/airflow/example_dags/example_dataset_alias.py took 1.077 seconds
[2026-07-22T00:55:54.130+0000] {processor.py:186} INFO - Started process (PID=6129) to work on /home/airflow/.local/lib/python3.12/site-packages/airflow/example_dags/example_dataset_alias.py
[2026-07-22T00:55:54.132+0000] {processor.py:914} INFO - Processing file /home/airflow/.local/lib/python3.12/site-packages/airflow/example_dags/example_dataset_alias.py for tasks to queue
[2026-07-22T00:55:54.135+0000] {logging_mixin.py:190} INFO - [2026-07-22T00:55:54.135+0000] {dagbag.py:588} INFO - Filling up the DagBag from /home/airflow/.local/lib/python3.12/site-packages/airflow/example_dags/example_dataset_alias.py
[2026-07-22T00:55:54.974+0000] {processor.py:925} INFO - DAG(s) 'dataset_alias_example_alias_producer', 'dataset_s3_bucket_producer', 'dataset_alias_example_alias_consumer', 'dataset_s3_bucket_consumer' retrieved from /home/airflow/.local/lib/python3.12/site-packages/airflow/example_dags/example_dataset_alias.py
[2026-07-22T00:55:54.999+0000] {logging_mixin.py:190} INFO - [2026-07-22T00:55:54.998+0000] {dag.py:3239} INFO - Sync 4 DAGs
[2026-07-22T00:55:55.022+0000] {logging_mixin.py:190} INFO - [2026-07-22T00:55:55.022+0000] {dag.py:4180} INFO - Setting next_dagrun for dataset_alias_example_alias_consumer to None, run_after=None
[2026-07-22T00:55:55.026+0000] {logging_mixin.py:190} INFO - [2026-07-22T00:55:55.026+0000] {dag.py:4180} INFO - Setting next_dagrun for dataset_alias_example_alias_producer to None, run_after=None
[2026-07-22T00:55:55.028+0000] {logging_mixin.py:190} INFO - [2026-07-22T00:55:55.028+0000] {dag.py:4180} INFO - Setting next_dagrun for dataset_s3_bucket_consumer to None, run_after=None
[2026-07-22T00:55:55.030+0000] {logging_mixin.py:190} INFO - [2026-07-22T00:55:55.030+0000] {dag.py:4180} INFO - Setting next_dagrun for dataset_s3_bucket_producer to None, run_after=None
[2026-07-22T00:55:55.052+0000] {processor.py:208} INFO - Processing /home/airflow/.local/lib/python3.12/site-packages/airflow/example_dags/example_dataset_alias.py took 0.932 seconds
[2026-07-22T00:56:25.567+0000] {processor.py:186} INFO - Started process (PID=6195) to work on /home/airflow/.local/lib/python3.12/site-packages/airflow/example_dags/example_dataset_alias.py
[2026-07-22T00:56:25.568+0000] {processor.py:914} INFO - Processing file /home/airflow/.local/lib/python3.12/site-packages/airflow/example_dags/example_dataset_alias.py for tasks to queue
[2026-07-22T00:56:25.571+0000] {logging_mixin.py:190} INFO - [2026-07-22T00:56:25.571+0000] {dagbag.py:588} INFO - Filling up the DagBag from /home/airflow/.local/lib/python3.12/site-packages/airflow/example_dags/example_dataset_alias.py
[2026-07-22T00:56:26.143+0000] {processor.py:925} INFO - DAG(s) 'dataset_alias_example_alias_consumer', 'dataset_s3_bucket_consumer', 'dataset_s3_bucket_producer', 'dataset_alias_example_alias_producer' retrieved from /home/airflow/.local/lib/python3.12/site-packages/airflow/example_dags/example_dataset_alias.py
[2026-07-22T00:56:26.164+0000] {logging_mixin.py:190} INFO - [2026-07-22T00:56:26.163+0000] {dag.py:3239} INFO - Sync 4 DAGs
[2026-07-22T00:56:26.185+0000] {logging_mixin.py:190} INFO - [2026-07-22T00:56:26.185+0000] {dag.py:4180} INFO - Setting next_dagrun for dataset_alias_example_alias_consumer to None, run_after=None
[2026-07-22T00:56:26.188+0000] {logging_mixin.py:190} INFO - [2026-07-22T00:56:26.188+0000] {dag.py:4180} INFO - Setting next_dagrun for dataset_alias_example_alias_producer to None, run_after=None
[2026-07-22T00:56:26.191+0000] {logging_mixin.py:190} INFO - [2026-07-22T00:56:26.190+0000] {dag.py:4180} INFO - Setting next_dagrun for dataset_s3_bucket_consumer to None, run_after=None
[2026-07-22T00:56:26.193+0000] {logging_mixin.py:190} INFO - [2026-07-22T00:56:26.192+0000] {dag.py:4180} INFO - Setting next_dagrun for dataset_s3_bucket_producer to None, run_after=None
[2026-07-22T00:56:26.220+0000] {processor.py:208} INFO - Processing /home/airflow/.local/lib/python3.12/site-packages/airflow/example_dags/example_dataset_alias.py took 0.659 seconds
[2026-07-22T00:56:56.483+0000] {processor.py:186} INFO - Started process (PID=6251) to work on /home/airflow/.local/lib/python3.12/site-packages/airflow/example_dags/example_dataset_alias.py
[2026-07-22T00:56:56.484+0000] {processor.py:914} INFO - Processing file /home/airflow/.local/lib/python3.12/site-packages/airflow/example_dags/example_dataset_alias.py for tasks to queue
[2026-07-22T00:56:56.488+0000] {logging_mixin.py:190} INFO - [2026-07-22T00:56:56.487+0000] {dagbag.py:588} INFO - Filling up the DagBag from /home/airflow/.local/lib/python3.12/site-packages/airflow/example_dags/example_dataset_alias.py
[2026-07-22T00:56:57.200+0000] {processor.py:925} INFO - DAG(s) 'dataset_s3_bucket_consumer', 'dataset_alias_example_alias_consumer', 'dataset_s3_bucket_producer', 'dataset_alias_example_alias_producer' retrieved from /home/airflow/.local/lib/python3.12/site-packages/airflow/example_dags/example_dataset_alias.py
[2026-07-22T00:56:57.233+0000] {logging_mixin.py:190} INFO - [2026-07-22T00:56:57.232+0000] {dag.py:3239} INFO - Sync 4 DAGs
[2026-07-22T00:56:57.262+0000] {logging_mixin.py:190} INFO - [2026-07-22T00:56:57.262+0000] {dag.py:4180} INFO - Setting next_dagrun for dataset_alias_example_alias_consumer to None, run_after=None
[2026-07-22T00:56:57.266+0000] {logging_mixin.py:190} INFO - [2026-07-22T00:56:57.265+0000] {dag.py:4180} INFO - Setting next_dagrun for dataset_alias_example_alias_producer to None, run_after=None
[2026-07-22T00:56:57.268+0000] {logging_mixin.py:190} INFO - [2026-07-22T00:56:57.268+0000] {dag.py:4180} INFO - Setting next_dagrun for dataset_s3_bucket_consumer to None, run_after=None
[2026-07-22T00:56:57.270+0000] {logging_mixin.py:190} INFO - [2026-07-22T00:56:57.270+0000] {dag.py:4180} INFO - Setting next_dagrun for dataset_s3_bucket_producer to None, run_after=None
[2026-07-22T00:56:57.298+0000] {processor.py:208} INFO - Processing /home/airflow/.local/lib/python3.12/site-packages/airflow/example_dags/example_dataset_alias.py took 0.822 seconds
[2026-07-22T00:57:28.047+0000] {processor.py:186} INFO - Started process (PID=6316) to work on /home/airflow/.local/lib/python3.12/site-packages/airflow/example_dags/example_dataset_alias.py
[2026-07-22T00:57:28.049+0000] {processor.py:914} INFO - Processing file /home/airflow/.local/lib/python3.12/site-packages/airflow/example_dags/example_dataset_alias.py for tasks to queue
[2026-07-22T00:57:28.052+0000] {logging_mixin.py:190} INFO - [2026-07-22T00:57:28.051+0000] {dagbag.py:588} INFO - Filling up the DagBag from /home/airflow/.local/lib/python3.12/site-packages/airflow/example_dags/example_dataset_alias.py
[2026-07-22T00:57:28.721+0000] {processor.py:925} INFO - DAG(s) 'dataset_s3_bucket_consumer', 'dataset_alias_example_alias_producer', 'dataset_alias_example_alias_consumer', 'dataset_s3_bucket_producer' retrieved from /home/airflow/.local/lib/python3.12/site-packages/airflow/example_dags/example_dataset_alias.py
[2026-07-22T00:57:28.752+0000] {logging_mixin.py:190} INFO - [2026-07-22T00:57:28.752+0000] {dag.py:3239} INFO - Sync 4 DAGs
[2026-07-22T00:57:28.778+0000] {logging_mixin.py:190} INFO - [2026-07-22T00:57:28.778+0000] {dag.py:4180} INFO - Setting next_dagrun for dataset_alias_example_alias_consumer to None, run_after=None
[2026-07-22T00:57:28.782+0000] {logging_mixin.py:190} INFO - [2026-07-22T00:57:28.782+0000] {dag.py:4180} INFO - Setting next_dagrun for dataset_alias_example_alias_producer to None, run_after=None
[2026-07-22T00:57:28.784+0000] {logging_mixin.py:190} INFO - [2026-07-22T00:57:28.784+0000] {dag.py:4180} INFO - Setting next_dagrun for dataset_s3_bucket_consumer to None, run_after=None
[2026-07-22T00:57:28.787+0000] {logging_mixin.py:190} INFO - [2026-07-22T00:57:28.786+0000] {dag.py:4180} INFO - Setting next_dagrun for dataset_s3_bucket_producer to None, run_after=None
[2026-07-22T00:57:28.812+0000] {processor.py:208} INFO - Processing /home/airflow/.local/lib/python3.12/site-packages/airflow/example_dags/example_dataset_alias.py took 0.770 seconds
[2026-07-22T00:57:58.894+0000] {processor.py:186} INFO - Started process (PID=6385) to work on /home/airflow/.local/lib/python3.12/site-packages/airflow/example_dags/example_dataset_alias.py
[2026-07-22T00:57:58.896+0000] {processor.py:914} INFO - Processing file /home/airflow/.local/lib/python3.12/site-packages/airflow/example_dags/example_dataset_alias.py for tasks to queue
[2026-07-22T00:57:58.899+0000] {logging_mixin.py:190} INFO - [2026-07-22T00:57:58.898+0000] {dagbag.py:588} INFO - Filling up the DagBag from /home/airflow/.local/lib/python3.12/site-packages/airflow/example_dags/example_dataset_alias.py
[2026-07-22T00:57:59.511+0000] {processor.py:925} INFO - DAG(s) 'dataset_alias_example_alias_consumer', 'dataset_s3_bucket_producer', 'dataset_s3_bucket_consumer', 'dataset_alias_example_alias_producer' retrieved from /home/airflow/.local/lib/python3.12/site-packages/airflow/example_dags/example_dataset_alias.py
[2026-07-22T00:57:59.536+0000] {logging_mixin.py:190} INFO - [2026-07-22T00:57:59.535+0000] {dag.py:3239} INFO - Sync 4 DAGs
[2026-07-22T00:57:59.559+0000] {logging_mixin.py:190} INFO - [2026-07-22T00:57:59.559+0000] {dag.py:4180} INFO - Setting next_dagrun for dataset_alias_example_alias_consumer to None, run_after=None
[2026-07-22T00:57:59.563+0000] {logging_mixin.py:190} INFO - [2026-07-22T00:57:59.562+0000] {dag.py:4180} INFO - Setting next_dagrun for dataset_alias_example_alias_producer to None, run_after=None
[2026-07-22T00:57:59.565+0000] {logging_mixin.py:190} INFO - [2026-07-22T00:57:59.565+0000] {dag.py:4180} INFO - Setting next_dagrun for dataset_s3_bucket_consumer to None, run_after=None
[2026-07-22T00:57:59.567+0000] {logging_mixin.py:190} INFO - [2026-07-22T00:57:59.567+0000] {dag.py:4180} INFO - Setting next_dagrun for dataset_s3_bucket_producer to None, run_after=None
[2026-07-22T00:57:59.593+0000] {processor.py:208} INFO - Processing /home/airflow/.local/lib/python3.12/site-packages/airflow/example_dags/example_dataset_alias.py took 0.704 seconds
[2026-07-22T00:58:30.391+0000] {processor.py:186} INFO - Started process (PID=6450) to work on /home/airflow/.local/lib/python3.12/site-packages/airflow/example_dags/example_dataset_alias.py
[2026-07-22T00:58:30.393+0000] {processor.py:914} INFO - Processing file /home/airflow/.local/lib/python3.12/site-packages/airflow/example_dags/example_dataset_alias.py for tasks to queue
[2026-07-22T00:58:30.397+0000] {logging_mixin.py:190} INFO - [2026-07-22T00:58:30.396+0000] {dagbag.py:588} INFO - Filling up the DagBag from /home/airflow/.local/lib/python3.12/site-packages/airflow/example_dags/example_dataset_alias.py
[2026-07-22T00:58:31.146+0000] {processor.py:925} INFO - DAG(s) 'dataset_s3_bucket_producer', 'dataset_s3_bucket_consumer', 'dataset_alias_example_alias_producer', 'dataset_alias_example_alias_consumer' retrieved from /home/airflow/.local/lib/python3.12/site-packages/airflow/example_dags/example_dataset_alias.py
[2026-07-22T00:58:31.179+0000] {logging_mixin.py:190} INFO - [2026-07-22T00:58:31.179+0000] {dag.py:3239} INFO - Sync 4 DAGs
[2026-07-22T00:58:31.213+0000] {logging_mixin.py:190} INFO - [2026-07-22T00:58:31.212+0000] {dag.py:4180} INFO - Setting next_dagrun for dataset_alias_example_alias_consumer to None, run_after=None
[2026-07-22T00:58:31.219+0000] {logging_mixin.py:190} INFO - [2026-07-22T00:58:31.218+0000] {dag.py:4180} INFO - Setting next_dagrun for dataset_alias_example_alias_producer to None, run_after=None
[2026-07-22T00:58:31.222+0000] {logging_mixin.py:190} INFO - [2026-07-22T00:58:31.221+0000] {dag.py:4180} INFO - Setting next_dagrun for dataset_s3_bucket_consumer to None, run_after=None
[2026-07-22T00:58:31.224+0000] {logging_mixin.py:190} INFO - [2026-07-22T00:58:31.224+0000] {dag.py:4180} INFO - Setting next_dagrun for dataset_s3_bucket_producer to None, run_after=None
[2026-07-22T00:58:31.256+0000] {processor.py:208} INFO - Processing /home/airflow/.local/lib/python3.12/site-packages/airflow/example_dags/example_dataset_alias.py took 0.873 seconds
[2026-07-22T00:59:01.844+0000] {processor.py:186} INFO - Started process (PID=6514) to work on /home/airflow/.local/lib/python3.12/site-packages/airflow/example_dags/example_dataset_alias.py
[2026-07-22T00:59:01.845+0000] {processor.py:914} INFO - Processing file /home/airflow/.local/lib/python3.12/site-packages/airflow/example_dags/example_dataset_alias.py for tasks to queue
[2026-07-22T00:59:01.849+0000] {logging_mixin.py:190} INFO - [2026-07-22T00:59:01.848+0000] {dagbag.py:588} INFO - Filling up the DagBag from /home/airflow/.local/lib/python3.12/site-packages/airflow/example_dags/example_dataset_alias.py
[2026-07-22T00:59:02.444+0000] {processor.py:925} INFO - DAG(s) 'dataset_alias_example_alias_producer', 'dataset_s3_bucket_consumer', 'dataset_alias_example_alias_consumer', 'dataset_s3_bucket_producer' retrieved from /home/airflow/.local/lib/python3.12/site-packages/airflow/example_dags/example_dataset_alias.py
[2026-07-22T00:59:02.467+0000] {logging_mixin.py:190} INFO - [2026-07-22T00:59:02.467+0000] {dag.py:3239} INFO - Sync 4 DAGs
[2026-07-22T00:59:02.491+0000] {logging_mixin.py:190} INFO - [2026-07-22T00:59:02.491+0000] {dag.py:4180} INFO - Setting next_dagrun for dataset_alias_example_alias_consumer to None, run_after=None
[2026-07-22T00:59:02.495+0000] {logging_mixin.py:190} INFO - [2026-07-22T00:59:02.495+0000] {dag.py:4180} INFO - Setting next_dagrun for dataset_alias_example_alias_producer to None, run_after=None
[2026-07-22T00:59:02.498+0000] {logging_mixin.py:190} INFO - [2026-07-22T00:59:02.498+0000] {dag.py:4180} INFO - Setting next_dagrun for dataset_s3_bucket_consumer to None, run_after=None
[2026-07-22T00:59:02.500+0000] {logging_mixin.py:190} INFO - [2026-07-22T00:59:02.500+0000] {dag.py:4180} INFO - Setting next_dagrun for dataset_s3_bucket_producer to None, run_after=None
[2026-07-22T00:59:02.525+0000] {processor.py:208} INFO - Processing /home/airflow/.local/lib/python3.12/site-packages/airflow/example_dags/example_dataset_alias.py took 0.687 seconds
[2026-07-22T00:59:32.719+0000] {processor.py:186} INFO - Started process (PID=6570) to work on /home/airflow/.local/lib/python3.12/site-packages/airflow/example_dags/example_dataset_alias.py
[2026-07-22T00:59:32.720+0000] {processor.py:914} INFO - Processing file /home/airflow/.local/lib/python3.12/site-packages/airflow/example_dags/example_dataset_alias.py for tasks to queue
[2026-07-22T00:59:32.723+0000] {logging_mixin.py:190} INFO - [2026-07-22T00:59:32.723+0000] {dagbag.py:588} INFO - Filling up the DagBag from /home/airflow/.local/lib/python3.12/site-packages/airflow/example_dags/example_dataset_alias.py
[2026-07-22T00:59:33.391+0000] {processor.py:925} INFO - DAG(s) 'dataset_alias_example_alias_producer', 'dataset_alias_example_alias_consumer', 'dataset_s3_bucket_consumer', 'dataset_s3_bucket_producer' retrieved from /home/airflow/.local/lib/python3.12/site-packages/airflow/example_dags/example_dataset_alias.py
[2026-07-22T00:59:33.415+0000] {logging_mixin.py:190} INFO - [2026-07-22T00:59:33.415+0000] {dag.py:3239} INFO - Sync 4 DAGs
[2026-07-22T00:59:33.446+0000] {logging_mixin.py:190} INFO - [2026-07-22T00:59:33.446+0000] {dag.py:4180} INFO - Setting next_dagrun for dataset_alias_example_alias_consumer to None, run_after=None
[2026-07-22T00:59:33.450+0000] {logging_mixin.py:190} INFO - [2026-07-22T00:59:33.450+0000] {dag.py:4180} INFO - Setting next_dagrun for dataset_alias_example_alias_producer to None, run_after=None
[2026-07-22T00:59:33.453+0000] {logging_mixin.py:190} INFO - [2026-07-22T00:59:33.453+0000] {dag.py:4180} INFO - Setting next_dagrun for dataset_s3_bucket_consumer to None, run_after=None
[2026-07-22T00:59:33.456+0000] {logging_mixin.py:190} INFO - [2026-07-22T00:59:33.456+0000] {dag.py:4180} INFO - Setting next_dagrun for dataset_s3_bucket_producer to None, run_after=None
[2026-07-22T00:59:33.483+0000] {processor.py:208} INFO - Processing /home/airflow/.local/lib/python3.12/site-packages/airflow/example_dags/example_dataset_alias.py took 0.773 seconds
[2026-07-22T01:00:04.222+0000] {processor.py:186} INFO - Started process (PID=6640) to work on /home/airflow/.local/lib/python3.12/site-packages/airflow/example_dags/example_dataset_alias.py
[2026-07-22T01:00:04.223+0000] {processor.py:914} INFO - Processing file /home/airflow/.local/lib/python3.12/site-packages/airflow/example_dags/example_dataset_alias.py for tasks to queue
[2026-07-22T01:00:04.227+0000] {logging_mixin.py:190} INFO - [2026-07-22T01:00:04.226+0000] {dagbag.py:588} INFO - Filling up the DagBag from /home/airflow/.local/lib/python3.12/site-packages/airflow/example_dags/example_dataset_alias.py
[2026-07-22T01:00:04.872+0000] {processor.py:925} INFO - DAG(s) 'dataset_alias_example_alias_consumer', 'dataset_s3_bucket_producer', 'dataset_alias_example_alias_producer', 'dataset_s3_bucket_consumer' retrieved from /home/airflow/.local/lib/python3.12/site-packages/airflow/example_dags/example_dataset_alias.py
[2026-07-22T01:00:04.896+0000] {logging_mixin.py:190} INFO - [2026-07-22T01:00:04.895+0000] {dag.py:3239} INFO - Sync 4 DAGs
[2026-07-22T01:00:04.922+0000] {logging_mixin.py:190} INFO - [2026-07-22T01:00:04.922+0000] {dag.py:4180} INFO - Setting next_dagrun for dataset_alias_example_alias_consumer to None, run_after=None
[2026-07-22T01:00:04.926+0000] {logging_mixin.py:190} INFO - [2026-07-22T01:00:04.926+0000] {dag.py:4180} INFO - Setting next_dagrun for dataset_alias_example_alias_producer to None, run_after=None
[2026-07-22T01:00:04.928+0000] {logging_mixin.py:190} INFO - [2026-07-22T01:00:04.928+0000] {dag.py:4180} INFO - Setting next_dagrun for dataset_s3_bucket_consumer to None, run_after=None
[2026-07-22T01:00:04.930+0000] {logging_mixin.py:190} INFO - [2026-07-22T01:00:04.930+0000] {dag.py:4180} INFO - Setting next_dagrun for dataset_s3_bucket_producer to None, run_after=None
[2026-07-22T01:00:04.957+0000] {processor.py:208} INFO - Processing /home/airflow/.local/lib/python3.12/site-packages/airflow/example_dags/example_dataset_alias.py took 0.742 seconds
[2026-07-22T01:00:35.353+0000] {processor.py:186} INFO - Started process (PID=6694) to work on /home/airflow/.local/lib/python3.12/site-packages/airflow/example_dags/example_dataset_alias.py
[2026-07-22T01:00:35.354+0000] {processor.py:914} INFO - Processing file /home/airflow/.local/lib/python3.12/site-packages/airflow/example_dags/example_dataset_alias.py for tasks to queue
[2026-07-22T01:00:35.358+0000] {logging_mixin.py:190} INFO - [2026-07-22T01:00:35.358+0000] {dagbag.py:588} INFO - Filling up the DagBag from /home/airflow/.local/lib/python3.12/site-packages/airflow/example_dags/example_dataset_alias.py
[2026-07-22T01:00:36.141+0000] {processor.py:925} INFO - DAG(s) 'dataset_alias_example_alias_consumer', 'dataset_alias_example_alias_producer', 'dataset_s3_bucket_consumer', 'dataset_s3_bucket_producer' retrieved from /home/airflow/.local/lib/python3.12/site-packages/airflow/example_dags/example_dataset_alias.py
[2026-07-22T01:00:36.172+0000] {logging_mixin.py:190} INFO - [2026-07-22T01:00:36.171+0000] {dag.py:3239} INFO - Sync 4 DAGs
[2026-07-22T01:00:36.210+0000] {logging_mixin.py:190} INFO - [2026-07-22T01:00:36.210+0000] {dag.py:4180} INFO - Setting next_dagrun for dataset_alias_example_alias_consumer to None, run_after=None
[2026-07-22T01:00:36.214+0000] {logging_mixin.py:190} INFO - [2026-07-22T01:00:36.214+0000] {dag.py:4180} INFO - Setting next_dagrun for dataset_alias_example_alias_producer to None, run_after=None
[2026-07-22T01:00:36.218+0000] {logging_mixin.py:190} INFO - [2026-07-22T01:00:36.217+0000] {dag.py:4180} INFO - Setting next_dagrun for dataset_s3_bucket_consumer to None, run_after=None
[2026-07-22T01:00:36.221+0000] {logging_mixin.py:190} INFO - [2026-07-22T01:00:36.221+0000] {dag.py:4180} INFO - Setting next_dagrun for dataset_s3_bucket_producer to None, run_after=None
[2026-07-22T01:00:36.264+0000] {processor.py:208} INFO - Processing /home/airflow/.local/lib/python3.12/site-packages/airflow/example_dags/example_dataset_alias.py took 0.919 seconds
[2026-07-22T01:01:07.332+0000] {processor.py:186} INFO - Started process (PID=6764) to work on /home/airflow/.local/lib/python3.12/site-packages/airflow/example_dags/example_dataset_alias.py
[2026-07-22T01:01:07.336+0000] {processor.py:914} INFO - Processing file /home/airflow/.local/lib/python3.12/site-packages/airflow/example_dags/example_dataset_alias.py for tasks to queue
[2026-07-22T01:01:07.341+0000] {logging_mixin.py:190} INFO - [2026-07-22T01:01:07.340+0000] {dagbag.py:588} INFO - Filling up the DagBag from /home/airflow/.local/lib/python3.12/site-packages/airflow/example_dags/example_dataset_alias.py
[2026-07-22T01:01:08.117+0000] {processor.py:925} INFO - DAG(s) 'dataset_s3_bucket_consumer', 'dataset_s3_bucket_producer', 'dataset_alias_example_alias_consumer', 'dataset_alias_example_alias_producer' retrieved from /home/airflow/.local/lib/python3.12/site-packages/airflow/example_dags/example_dataset_alias.py
[2026-07-22T01:01:08.148+0000] {logging_mixin.py:190} INFO - [2026-07-22T01:01:08.147+0000] {dag.py:3239} INFO - Sync 4 DAGs
[2026-07-22T01:01:08.179+0000] {logging_mixin.py:190} INFO - [2026-07-22T01:01:08.179+0000] {dag.py:4180} INFO - Setting next_dagrun for dataset_alias_example_alias_consumer to None, run_after=None
[2026-07-22T01:01:08.183+0000] {logging_mixin.py:190} INFO - [2026-07-22T01:01:08.183+0000] {dag.py:4180} INFO - Setting next_dagrun for dataset_alias_example_alias_producer to None, run_after=None
[2026-07-22T01:01:08.186+0000] {logging_mixin.py:190} INFO - [2026-07-22T01:01:08.186+0000] {dag.py:4180} INFO - Setting next_dagrun for dataset_s3_bucket_consumer to None, run_after=None
[2026-07-22T01:01:08.189+0000] {logging_mixin.py:190} INFO - [2026-07-22T01:01:08.188+0000] {dag.py:4180} INFO - Setting next_dagrun for dataset_s3_bucket_producer to None, run_after=None
[2026-07-22T01:01:08.220+0000] {processor.py:208} INFO - Processing /home/airflow/.local/lib/python3.12/site-packages/airflow/example_dags/example_dataset_alias.py took 0.903 seconds
[2026-07-22T01:01:38.790+0000] {processor.py:186} INFO - Started process (PID=6827) to work on /home/airflow/.local/lib/python3.12/site-packages/airflow/example_dags/example_dataset_alias.py
[2026-07-22T01:01:38.793+0000] {processor.py:914} INFO - Processing file /home/airflow/.local/lib/python3.12/site-packages/airflow/example_dags/example_dataset_alias.py for tasks to queue
[2026-07-22T01:01:38.798+0000] {logging_mixin.py:190} INFO - [2026-07-22T01:01:38.797+0000] {dagbag.py:588} INFO - Filling up the DagBag from /home/airflow/.local/lib/python3.12/site-packages/airflow/example_dags/example_dataset_alias.py
[2026-07-22T01:01:39.707+0000] {processor.py:925} INFO - DAG(s) 'dataset_alias_example_alias_consumer', 'dataset_alias_example_alias_producer', 'dataset_s3_bucket_producer', 'dataset_s3_bucket_consumer' retrieved from /home/airflow/.local/lib/python3.12/site-packages/airflow/example_dags/example_dataset_alias.py
[2026-07-22T01:01:39.743+0000] {logging_mixin.py:190} INFO - [2026-07-22T01:01:39.742+0000] {dag.py:3239} INFO - Sync 4 DAGs
[2026-07-22T01:01:39.780+0000] {logging_mixin.py:190} INFO - [2026-07-22T01:01:39.779+0000] {dag.py:4180} INFO - Setting next_dagrun for dataset_alias_example_alias_consumer to None, run_after=None
[2026-07-22T01:01:39.789+0000] {logging_mixin.py:190} INFO - [2026-07-22T01:01:39.789+0000] {dag.py:4180} INFO - Setting next_dagrun for dataset_alias_example_alias_producer to None, run_after=None
[2026-07-22T01:01:39.792+0000] {logging_mixin.py:190} INFO - [2026-07-22T01:01:39.792+0000] {dag.py:4180} INFO - Setting next_dagrun for dataset_s3_bucket_consumer to None, run_after=None
[2026-07-22T01:01:39.795+0000] {logging_mixin.py:190} INFO - [2026-07-22T01:01:39.795+0000] {dag.py:4180} INFO - Setting next_dagrun for dataset_s3_bucket_producer to None, run_after=None
[2026-07-22T01:01:39.830+0000] {processor.py:208} INFO - Processing /home/airflow/.local/lib/python3.12/site-packages/airflow/example_dags/example_dataset_alias.py took 1.053 seconds
[2026-07-22T01:02:09.986+0000] {processor.py:186} INFO - Started process (PID=6891) to work on /home/airflow/.local/lib/python3.12/site-packages/airflow/example_dags/example_dataset_alias.py
[2026-07-22T01:02:09.988+0000] {processor.py:914} INFO - Processing file /home/airflow/.local/lib/python3.12/site-packages/airflow/example_dags/example_dataset_alias.py for tasks to queue
[2026-07-22T01:02:09.991+0000] {logging_mixin.py:190} INFO - [2026-07-22T01:02:09.991+0000] {dagbag.py:588} INFO - Filling up the DagBag from /home/airflow/.local/lib/python3.12/site-packages/airflow/example_dags/example_dataset_alias.py
[2026-07-22T01:02:10.629+0000] {processor.py:925} INFO - DAG(s) 'dataset_s3_bucket_producer', 'dataset_alias_example_alias_consumer', 'dataset_s3_bucket_consumer', 'dataset_alias_example_alias_producer' retrieved from /home/airflow/.local/lib/python3.12/site-packages/airflow/example_dags/example_dataset_alias.py
[2026-07-22T01:02:10.657+0000] {logging_mixin.py:190} INFO - [2026-07-22T01:02:10.656+0000] {dag.py:3239} INFO - Sync 4 DAGs
[2026-07-22T01:02:10.684+0000] {logging_mixin.py:190} INFO - [2026-07-22T01:02:10.683+0000] {dag.py:4180} INFO - Setting next_dagrun for dataset_alias_example_alias_consumer to None, run_after=None
[2026-07-22T01:02:10.688+0000] {logging_mixin.py:190} INFO - [2026-07-22T01:02:10.688+0000] {dag.py:4180} INFO - Setting next_dagrun for dataset_alias_example_alias_producer to None, run_after=None
[2026-07-22T01:02:10.691+0000] {logging_mixin.py:190} INFO - [2026-07-22T01:02:10.691+0000] {dag.py:4180} INFO - Setting next_dagrun for dataset_s3_bucket_consumer to None, run_after=None
[2026-07-22T01:02:10.693+0000] {logging_mixin.py:190} INFO - [2026-07-22T01:02:10.693+0000] {dag.py:4180} INFO - Setting next_dagrun for dataset_s3_bucket_producer to None, run_after=None
[2026-07-22T01:02:10.728+0000] {processor.py:208} INFO - Processing /home/airflow/.local/lib/python3.12/site-packages/airflow/example_dags/example_dataset_alias.py took 0.748 seconds
[2026-07-22T01:02:41.298+0000] {processor.py:186} INFO - Started process (PID=6957) to work on /home/airflow/.local/lib/python3.12/site-packages/airflow/example_dags/example_dataset_alias.py
[2026-07-22T01:02:41.299+0000] {processor.py:914} INFO - Processing file /home/airflow/.local/lib/python3.12/site-packages/airflow/example_dags/example_dataset_alias.py for tasks to queue
[2026-07-22T01:02:41.303+0000] {logging_mixin.py:190} INFO - [2026-07-22T01:02:41.303+0000] {dagbag.py:588} INFO - Filling up the DagBag from /home/airflow/.local/lib/python3.12/site-packages/airflow/example_dags/example_dataset_alias.py
[2026-07-22T01:02:42.131+0000] {processor.py:925} INFO - DAG(s) 'dataset_alias_example_alias_consumer', 'dataset_s3_bucket_producer', 'dataset_alias_example_alias_producer', 'dataset_s3_bucket_consumer' retrieved from /home/airflow/.local/lib/python3.12/site-packages/airflow/example_dags/example_dataset_alias.py
[2026-07-22T01:02:42.158+0000] {logging_mixin.py:190} INFO - [2026-07-22T01:02:42.157+0000] {dag.py:3239} INFO - Sync 4 DAGs
[2026-07-22T01:02:42.190+0000] {logging_mixin.py:190} INFO - [2026-07-22T01:02:42.190+0000] {dag.py:4180} INFO - Setting next_dagrun for dataset_alias_example_alias_consumer to None, run_after=None
[2026-07-22T01:02:42.194+0000] {logging_mixin.py:190} INFO - [2026-07-22T01:02:42.193+0000] {dag.py:4180} INFO - Setting next_dagrun for dataset_alias_example_alias_producer to None, run_after=None
[2026-07-22T01:02:42.196+0000] {logging_mixin.py:190} INFO - [2026-07-22T01:02:42.196+0000] {dag.py:4180} INFO - Setting next_dagrun for dataset_s3_bucket_consumer to None, run_after=None
[2026-07-22T01:02:42.199+0000] {logging_mixin.py:190} INFO - [2026-07-22T01:02:42.198+0000] {dag.py:4180} INFO - Setting next_dagrun for dataset_s3_bucket_producer to None, run_after=None
[2026-07-22T01:02:42.226+0000] {processor.py:208} INFO - Processing /home/airflow/.local/lib/python3.12/site-packages/airflow/example_dags/example_dataset_alias.py took 0.935 seconds
[2026-07-22T01:03:12.311+0000] {processor.py:186} INFO - Started process (PID=7019) to work on /home/airflow/.local/lib/python3.12/site-packages/airflow/example_dags/example_dataset_alias.py
[2026-07-22T01:03:12.312+0000] {processor.py:914} INFO - Processing file /home/airflow/.local/lib/python3.12/site-packages/airflow/example_dags/example_dataset_alias.py for tasks to queue
[2026-07-22T01:03:12.316+0000] {logging_mixin.py:190} INFO - [2026-07-22T01:03:12.315+0000] {dagbag.py:588} INFO - Filling up the DagBag from /home/airflow/.local/lib/python3.12/site-packages/airflow/example_dags/example_dataset_alias.py
[2026-07-22T01:03:13.084+0000] {processor.py:925} INFO - DAG(s) 'dataset_alias_example_alias_producer', 'dataset_s3_bucket_consumer', 'dataset_s3_bucket_producer', 'dataset_alias_example_alias_consumer' retrieved from /home/airflow/.local/lib/python3.12/site-packages/airflow/example_dags/example_dataset_alias.py
[2026-07-22T01:03:13.114+0000] {logging_mixin.py:190} INFO - [2026-07-22T01:03:13.115+0000] {dag.py:3239} INFO - Sync 4 DAGs
[2026-07-22T01:03:13.141+0000] {logging_mixin.py:190} INFO - [2026-07-22T01:03:13.141+0000] {dag.py:4180} INFO - Setting next_dagrun for dataset_alias_example_alias_consumer to None, run_after=None
[2026-07-22T01:03:13.145+0000] {logging_mixin.py:190} INFO - [2026-07-22T01:03:13.145+0000] {dag.py:4180} INFO - Setting next_dagrun for dataset_alias_example_alias_producer to None, run_after=None
[2026-07-22T01:03:13.147+0000] {logging_mixin.py:190} INFO - [2026-07-22T01:03:13.147+0000] {dag.py:4180} INFO - Setting next_dagrun for dataset_s3_bucket_consumer to None, run_after=None
[2026-07-22T01:03:13.150+0000] {logging_mixin.py:190} INFO - [2026-07-22T01:03:13.149+0000] {dag.py:4180} INFO - Setting next_dagrun for dataset_s3_bucket_producer to None, run_after=None
[2026-07-22T01:03:13.176+0000] {processor.py:208} INFO - Processing /home/airflow/.local/lib/python3.12/site-packages/airflow/example_dags/example_dataset_alias.py took 0.873 seconds
[2026-07-22T01:03:44.105+0000] {processor.py:186} INFO - Started process (PID=7085) to work on /home/airflow/.local/lib/python3.12/site-packages/airflow/example_dags/example_dataset_alias.py
[2026-07-22T01:03:44.107+0000] {processor.py:914} INFO - Processing file /home/airflow/.local/lib/python3.12/site-packages/airflow/example_dags/example_dataset_alias.py for tasks to queue
[2026-07-22T01:03:44.110+0000] {logging_mixin.py:190} INFO - [2026-07-22T01:03:44.110+0000] {dagbag.py:588} INFO - Filling up the DagBag from /home/airflow/.local/lib/python3.12/site-packages/airflow/example_dags/example_dataset_alias.py
[2026-07-22T01:03:44.915+0000] {processor.py:925} INFO - DAG(s) 'dataset_alias_example_alias_producer', 'dataset_s3_bucket_producer', 'dataset_alias_example_alias_consumer', 'dataset_s3_bucket_consumer' retrieved from /home/airflow/.local/lib/python3.12/site-packages/airflow/example_dags/example_dataset_alias.py
[2026-07-22T01:03:44.943+0000] {logging_mixin.py:190} INFO - [2026-07-22T01:03:44.942+0000] {dag.py:3239} INFO - Sync 4 DAGs
[2026-07-22T01:03:44.969+0000] {logging_mixin.py:190} INFO - [2026-07-22T01:03:44.968+0000] {dag.py:4180} INFO - Setting next_dagrun for dataset_alias_example_alias_consumer to None, run_after=None
[2026-07-22T01:03:44.973+0000] {logging_mixin.py:190} INFO - [2026-07-22T01:03:44.973+0000] {dag.py:4180} INFO - Setting next_dagrun for dataset_alias_example_alias_producer to None, run_after=None
[2026-07-22T01:03:44.976+0000] {logging_mixin.py:190} INFO - [2026-07-22T01:03:44.975+0000] {dag.py:4180} INFO - Setting next_dagrun for dataset_s3_bucket_consumer to None, run_after=None
[2026-07-22T01:03:44.978+0000] {logging_mixin.py:190} INFO - [2026-07-22T01:03:44.978+0000] {dag.py:4180} INFO - Setting next_dagrun for dataset_s3_bucket_producer to None, run_after=None
[2026-07-22T01:03:45.003+0000] {processor.py:208} INFO - Processing /home/airflow/.local/lib/python3.12/site-packages/airflow/example_dags/example_dataset_alias.py took 0.907 seconds
[2026-07-22T01:04:15.588+0000] {processor.py:186} INFO - Started process (PID=7149) to work on /home/airflow/.local/lib/python3.12/site-packages/airflow/example_dags/example_dataset_alias.py
[2026-07-22T01:04:15.590+0000] {processor.py:914} INFO - Processing file /home/airflow/.local/lib/python3.12/site-packages/airflow/example_dags/example_dataset_alias.py for tasks to queue
[2026-07-22T01:04:15.594+0000] {logging_mixin.py:190} INFO - [2026-07-22T01:04:15.593+0000] {dagbag.py:588} INFO - Filling up the DagBag from /home/airflow/.local/lib/python3.12/site-packages/airflow/example_dags/example_dataset_alias.py
[2026-07-22T01:04:16.406+0000] {processor.py:925} INFO - DAG(s) 'dataset_s3_bucket_producer', 'dataset_s3_bucket_consumer', 'dataset_alias_example_alias_producer', 'dataset_alias_example_alias_consumer' retrieved from /home/airflow/.local/lib/python3.12/site-packages/airflow/example_dags/example_dataset_alias.py
[2026-07-22T01:04:16.448+0000] {logging_mixin.py:190} INFO - [2026-07-22T01:04:16.447+0000] {dag.py:3239} INFO - Sync 4 DAGs
[2026-07-22T01:04:16.480+0000] {logging_mixin.py:190} INFO - [2026-07-22T01:04:16.479+0000] {dag.py:4180} INFO - Setting next_dagrun for dataset_alias_example_alias_consumer to None, run_after=None
[2026-07-22T01:04:16.484+0000] {logging_mixin.py:190} INFO - [2026-07-22T01:04:16.484+0000] {dag.py:4180} INFO - Setting next_dagrun for dataset_alias_example_alias_producer to None, run_after=None
[2026-07-22T01:04:16.487+0000] {logging_mixin.py:190} INFO - [2026-07-22T01:04:16.486+0000] {dag.py:4180} INFO - Setting next_dagrun for dataset_s3_bucket_consumer to None, run_after=None
[2026-07-22T01:04:16.489+0000] {logging_mixin.py:190} INFO - [2026-07-22T01:04:16.489+0000] {dag.py:4180} INFO - Setting next_dagrun for dataset_s3_bucket_producer to None, run_after=None
[2026-07-22T01:04:16.519+0000] {processor.py:208} INFO - Processing /home/airflow/.local/lib/python3.12/site-packages/airflow/example_dags/example_dataset_alias.py took 0.939 seconds
[2026-07-22T01:04:47.379+0000] {processor.py:186} INFO - Started process (PID=7215) to work on /home/airflow/.local/lib/python3.12/site-packages/airflow/example_dags/example_dataset_alias.py
[2026-07-22T01:04:47.381+0000] {processor.py:914} INFO - Processing file /home/airflow/.local/lib/python3.12/site-packages/airflow/example_dags/example_dataset_alias.py for tasks to queue
[2026-07-22T01:04:47.389+0000] {logging_mixin.py:190} INFO - [2026-07-22T01:04:47.388+0000] {dagbag.py:588} INFO - Filling up the DagBag from /home/airflow/.local/lib/python3.12/site-packages/airflow/example_dags/example_dataset_alias.py
[2026-07-22T01:04:48.097+0000] {processor.py:925} INFO - DAG(s) 'dataset_s3_bucket_consumer', 'dataset_s3_bucket_producer', 'dataset_alias_example_alias_consumer', 'dataset_alias_example_alias_producer' retrieved from /home/airflow/.local/lib/python3.12/site-packages/airflow/example_dags/example_dataset_alias.py
[2026-07-22T01:04:48.121+0000] {logging_mixin.py:190} INFO - [2026-07-22T01:04:48.121+0000] {dag.py:3239} INFO - Sync 4 DAGs
[2026-07-22T01:04:48.151+0000] {logging_mixin.py:190} INFO - [2026-07-22T01:04:48.150+0000] {dag.py:4180} INFO - Setting next_dagrun for dataset_alias_example_alias_consumer to None, run_after=None
[2026-07-22T01:04:48.154+0000] {logging_mixin.py:190} INFO - [2026-07-22T01:04:48.154+0000] {dag.py:4180} INFO - Setting next_dagrun for dataset_alias_example_alias_producer to None, run_after=None
[2026-07-22T01:04:48.157+0000] {logging_mixin.py:190} INFO - [2026-07-22T01:04:48.157+0000] {dag.py:4180} INFO - Setting next_dagrun for dataset_s3_bucket_consumer to None, run_after=None
[2026-07-22T01:04:48.159+0000] {logging_mixin.py:190} INFO - [2026-07-22T01:04:48.159+0000] {dag.py:4180} INFO - Setting next_dagrun for dataset_s3_bucket_producer to None, run_after=None
[2026-07-22T01:04:48.186+0000] {processor.py:208} INFO - Processing /home/airflow/.local/lib/python3.12/site-packages/airflow/example_dags/example_dataset_alias.py took 0.820 seconds
[2026-07-22T01:05:19.651+0000] {processor.py:186} INFO - Started process (PID=7284) to work on /home/airflow/.local/lib/python3.12/site-packages/airflow/example_dags/example_dataset_alias.py
[2026-07-22T01:05:19.652+0000] {processor.py:914} INFO - Processing file /home/airflow/.local/lib/python3.12/site-packages/airflow/example_dags/example_dataset_alias.py for tasks to queue
[2026-07-22T01:05:19.658+0000] {logging_mixin.py:190} INFO - [2026-07-22T01:05:19.657+0000] {dagbag.py:588} INFO - Filling up the DagBag from /home/airflow/.local/lib/python3.12/site-packages/airflow/example_dags/example_dataset_alias.py
[2026-07-22T01:05:20.374+0000] {processor.py:925} INFO - DAG(s) 'dataset_alias_example_alias_consumer', 'dataset_s3_bucket_consumer', 'dataset_s3_bucket_producer', 'dataset_alias_example_alias_producer' retrieved from /home/airflow/.local/lib/python3.12/site-packages/airflow/example_dags/example_dataset_alias.py
[2026-07-22T01:05:20.400+0000] {logging_mixin.py:190} INFO - [2026-07-22T01:05:20.399+0000] {dag.py:3239} INFO - Sync 4 DAGs
[2026-07-22T01:05:20.428+0000] {logging_mixin.py:190} INFO - [2026-07-22T01:05:20.428+0000] {dag.py:4180} INFO - Setting next_dagrun for dataset_alias_example_alias_consumer to None, run_after=None
[2026-07-22T01:05:20.432+0000] {logging_mixin.py:190} INFO - [2026-07-22T01:05:20.432+0000] {dag.py:4180} INFO - Setting next_dagrun for dataset_alias_example_alias_producer to None, run_after=None
[2026-07-22T01:05:20.435+0000] {logging_mixin.py:190} INFO - [2026-07-22T01:05:20.435+0000] {dag.py:4180} INFO - Setting next_dagrun for dataset_s3_bucket_consumer to None, run_after=None
[2026-07-22T01:05:20.437+0000] {logging_mixin.py:190} INFO - [2026-07-22T01:05:20.437+0000] {dag.py:4180} INFO - Setting next_dagrun for dataset_s3_bucket_producer to None, run_after=None
[2026-07-22T01:05:20.469+0000] {processor.py:208} INFO - Processing /home/airflow/.local/lib/python3.12/site-packages/airflow/example_dags/example_dataset_alias.py took 0.826 seconds
[2026-07-22T01:05:51.354+0000] {processor.py:186} INFO - Started process (PID=7351) to work on /home/airflow/.local/lib/python3.12/site-packages/airflow/example_dags/example_dataset_alias.py
[2026-07-22T01:05:51.355+0000] {processor.py:914} INFO - Processing file /home/airflow/.local/lib/python3.12/site-packages/airflow/example_dags/example_dataset_alias.py for tasks to queue
[2026-07-22T01:05:51.359+0000] {logging_mixin.py:190} INFO - [2026-07-22T01:05:51.358+0000] {dagbag.py:588} INFO - Filling up the DagBag from /home/airflow/.local/lib/python3.12/site-packages/airflow/example_dags/example_dataset_alias.py
[2026-07-22T01:05:52.082+0000] {processor.py:925} INFO - DAG(s) 'dataset_s3_bucket_producer', 'dataset_alias_example_alias_consumer', 'dataset_s3_bucket_consumer', 'dataset_alias_example_alias_producer' retrieved from /home/airflow/.local/lib/python3.12/site-packages/airflow/example_dags/example_dataset_alias.py
[2026-07-22T01:05:52.111+0000] {logging_mixin.py:190} INFO - [2026-07-22T01:05:52.110+0000] {dag.py:3239} INFO - Sync 4 DAGs
[2026-07-22T01:05:52.139+0000] {logging_mixin.py:190} INFO - [2026-07-22T01:05:52.139+0000] {dag.py:4180} INFO - Setting next_dagrun for dataset_alias_example_alias_consumer to None, run_after=None
[2026-07-22T01:05:52.143+0000] {logging_mixin.py:190} INFO - [2026-07-22T01:05:52.143+0000] {dag.py:4180} INFO - Setting next_dagrun for dataset_alias_example_alias_producer to None, run_after=None
[2026-07-22T01:05:52.146+0000] {logging_mixin.py:190} INFO - [2026-07-22T01:05:52.146+0000] {dag.py:4180} INFO - Setting next_dagrun for dataset_s3_bucket_consumer to None, run_after=None
[2026-07-22T01:05:52.148+0000] {logging_mixin.py:190} INFO - [2026-07-22T01:05:52.148+0000] {dag.py:4180} INFO - Setting next_dagrun for dataset_s3_bucket_producer to None, run_after=None
[2026-07-22T01:05:52.173+0000] {processor.py:208} INFO - Processing /home/airflow/.local/lib/python3.12/site-packages/airflow/example_dags/example_dataset_alias.py took 0.827 seconds
[2026-07-22T01:06:22.661+0000] {processor.py:186} INFO - Started process (PID=7415) to work on /home/airflow/.local/lib/python3.12/site-packages/airflow/example_dags/example_dataset_alias.py
[2026-07-22T01:06:22.662+0000] {processor.py:914} INFO - Processing file /home/airflow/.local/lib/python3.12/site-packages/airflow/example_dags/example_dataset_alias.py for tasks to queue
[2026-07-22T01:06:22.666+0000] {logging_mixin.py:190} INFO - [2026-07-22T01:06:22.666+0000] {dagbag.py:588} INFO - Filling up the DagBag from /home/airflow/.local/lib/python3.12/site-packages/airflow/example_dags/example_dataset_alias.py
[2026-07-22T01:06:23.334+0000] {processor.py:925} INFO - DAG(s) 'dataset_alias_example_alias_consumer', 'dataset_s3_bucket_consumer', 'dataset_s3_bucket_producer', 'dataset_alias_example_alias_producer' retrieved from /home/airflow/.local/lib/python3.12/site-packages/airflow/example_dags/example_dataset_alias.py
[2026-07-22T01:06:23.358+0000] {logging_mixin.py:190} INFO - [2026-07-22T01:06:23.358+0000] {dag.py:3239} INFO - Sync 4 DAGs
[2026-07-22T01:06:23.385+0000] {logging_mixin.py:190} INFO - [2026-07-22T01:06:23.384+0000] {dag.py:4180} INFO - Setting next_dagrun for dataset_alias_example_alias_consumer to None, run_after=None
[2026-07-22T01:06:23.388+0000] {logging_mixin.py:190} INFO - [2026-07-22T01:06:23.388+0000] {dag.py:4180} INFO - Setting next_dagrun for dataset_alias_example_alias_producer to None, run_after=None
[2026-07-22T01:06:23.390+0000] {logging_mixin.py:190} INFO - [2026-07-22T01:06:23.390+0000] {dag.py:4180} INFO - Setting next_dagrun for dataset_s3_bucket_consumer to None, run_after=None
[2026-07-22T01:06:23.393+0000] {logging_mixin.py:190} INFO - [2026-07-22T01:06:23.393+0000] {dag.py:4180} INFO - Setting next_dagrun for dataset_s3_bucket_producer to None, run_after=None
[2026-07-22T01:06:23.422+0000] {processor.py:208} INFO - Processing /home/airflow/.local/lib/python3.12/site-packages/airflow/example_dags/example_dataset_alias.py took 0.769 seconds
[2026-07-22T01:06:53.686+0000] {processor.py:186} INFO - Started process (PID=7479) to work on /home/airflow/.local/lib/python3.12/site-packages/airflow/example_dags/example_dataset_alias.py
[2026-07-22T01:06:53.687+0000] {processor.py:914} INFO - Processing file /home/airflow/.local/lib/python3.12/site-packages/airflow/example_dags/example_dataset_alias.py for tasks to queue
[2026-07-22T01:06:53.691+0000] {logging_mixin.py:190} INFO - [2026-07-22T01:06:53.691+0000] {dagbag.py:588} INFO - Filling up the DagBag from /home/airflow/.local/lib/python3.12/site-packages/airflow/example_dags/example_dataset_alias.py
[2026-07-22T01:06:54.460+0000] {processor.py:925} INFO - DAG(s) 'dataset_alias_example_alias_producer', 'dataset_s3_bucket_producer', 'dataset_alias_example_alias_consumer', 'dataset_s3_bucket_consumer' retrieved from /home/airflow/.local/lib/python3.12/site-packages/airflow/example_dags/example_dataset_alias.py
[2026-07-22T01:06:54.496+0000] {logging_mixin.py:190} INFO - [2026-07-22T01:06:54.495+0000] {dag.py:3239} INFO - Sync 4 DAGs
[2026-07-22T01:06:54.534+0000] {logging_mixin.py:190} INFO - [2026-07-22T01:06:54.534+0000] {dag.py:4180} INFO - Setting next_dagrun for dataset_alias_example_alias_consumer to None, run_after=None
[2026-07-22T01:06:54.538+0000] {logging_mixin.py:190} INFO - [2026-07-22T01:06:54.537+0000] {dag.py:4180} INFO - Setting next_dagrun for dataset_alias_example_alias_producer to None, run_after=None
[2026-07-22T01:06:54.540+0000] {logging_mixin.py:190} INFO - [2026-07-22T01:06:54.540+0000] {dag.py:4180} INFO - Setting next_dagrun for dataset_s3_bucket_consumer to None, run_after=None
[2026-07-22T01:06:54.542+0000] {logging_mixin.py:190} INFO - [2026-07-22T01:06:54.542+0000] {dag.py:4180} INFO - Setting next_dagrun for dataset_s3_bucket_producer to None, run_after=None
[2026-07-22T01:06:54.569+0000] {processor.py:208} INFO - Processing /home/airflow/.local/lib/python3.12/site-packages/airflow/example_dags/example_dataset_alias.py took 0.892 seconds
[2026-07-22T01:07:25.707+0000] {processor.py:186} INFO - Started process (PID=7549) to work on /home/airflow/.local/lib/python3.12/site-packages/airflow/example_dags/example_dataset_alias.py
[2026-07-22T01:07:25.709+0000] {processor.py:914} INFO - Processing file /home/airflow/.local/lib/python3.12/site-packages/airflow/example_dags/example_dataset_alias.py for tasks to queue
[2026-07-22T01:07:25.712+0000] {logging_mixin.py:190} INFO - [2026-07-22T01:07:25.712+0000] {dagbag.py:588} INFO - Filling up the DagBag from /home/airflow/.local/lib/python3.12/site-packages/airflow/example_dags/example_dataset_alias.py
[2026-07-22T01:07:26.608+0000] {processor.py:925} INFO - DAG(s) 'dataset_s3_bucket_producer', 'dataset_alias_example_alias_producer', 'dataset_s3_bucket_consumer', 'dataset_alias_example_alias_consumer' retrieved from /home/airflow/.local/lib/python3.12/site-packages/airflow/example_dags/example_dataset_alias.py
[2026-07-22T01:07:26.659+0000] {logging_mixin.py:190} INFO - [2026-07-22T01:07:26.658+0000] {dag.py:3239} INFO - Sync 4 DAGs
[2026-07-22T01:07:26.690+0000] {logging_mixin.py:190} INFO - [2026-07-22T01:07:26.689+0000] {dag.py:4180} INFO - Setting next_dagrun for dataset_alias_example_alias_consumer to None, run_after=None
[2026-07-22T01:07:26.696+0000] {logging_mixin.py:190} INFO - [2026-07-22T01:07:26.696+0000] {dag.py:4180} INFO - Setting next_dagrun for dataset_alias_example_alias_producer to None, run_after=None
[2026-07-22T01:07:26.702+0000] {logging_mixin.py:190} INFO - [2026-07-22T01:07:26.702+0000] {dag.py:4180} INFO - Setting next_dagrun for dataset_s3_bucket_consumer to None, run_after=None
[2026-07-22T01:07:26.705+0000] {logging_mixin.py:190} INFO - [2026-07-22T01:07:26.705+0000] {dag.py:4180} INFO - Setting next_dagrun for dataset_s3_bucket_producer to None, run_after=None
[2026-07-22T01:07:26.736+0000] {processor.py:208} INFO - Processing /home/airflow/.local/lib/python3.12/site-packages/airflow/example_dags/example_dataset_alias.py took 1.036 seconds
[2026-07-22T01:07:57.013+0000] {processor.py:186} INFO - Started process (PID=7614) to work on /home/airflow/.local/lib/python3.12/site-packages/airflow/example_dags/example_dataset_alias.py
[2026-07-22T01:07:57.014+0000] {processor.py:914} INFO - Processing file /home/airflow/.local/lib/python3.12/site-packages/airflow/example_dags/example_dataset_alias.py for tasks to queue
[2026-07-22T01:07:57.017+0000] {logging_mixin.py:190} INFO - [2026-07-22T01:07:57.016+0000] {dagbag.py:588} INFO - Filling up the DagBag from /home/airflow/.local/lib/python3.12/site-packages/airflow/example_dags/example_dataset_alias.py
[2026-07-22T01:07:57.717+0000] {processor.py:925} INFO - DAG(s) 'dataset_s3_bucket_consumer', 'dataset_s3_bucket_producer', 'dataset_alias_example_alias_consumer', 'dataset_alias_example_alias_producer' retrieved from /home/airflow/.local/lib/python3.12/site-packages/airflow/example_dags/example_dataset_alias.py
[2026-07-22T01:07:57.742+0000] {logging_mixin.py:190} INFO - [2026-07-22T01:07:57.741+0000] {dag.py:3239} INFO - Sync 4 DAGs
[2026-07-22T01:07:57.773+0000] {logging_mixin.py:190} INFO - [2026-07-22T01:07:57.773+0000] {dag.py:4180} INFO - Setting next_dagrun for dataset_alias_example_alias_consumer to None, run_after=None
[2026-07-22T01:07:57.777+0000] {logging_mixin.py:190} INFO - [2026-07-22T01:07:57.777+0000] {dag.py:4180} INFO - Setting next_dagrun for dataset_alias_example_alias_producer to None, run_after=None
[2026-07-22T01:07:57.781+0000] {logging_mixin.py:190} INFO - [2026-07-22T01:07:57.780+0000] {dag.py:4180} INFO - Setting next_dagrun for dataset_s3_bucket_consumer to None, run_after=None
[2026-07-22T01:07:57.783+0000] {logging_mixin.py:190} INFO - [2026-07-22T01:07:57.783+0000] {dag.py:4180} INFO - Setting next_dagrun for dataset_s3_bucket_producer to None, run_after=None
[2026-07-22T01:07:57.813+0000] {processor.py:208} INFO - Processing /home/airflow/.local/lib/python3.12/site-packages/airflow/example_dags/example_dataset_alias.py took 0.806 seconds
[2026-07-22T01:08:27.904+0000] {processor.py:186} INFO - Started process (PID=7678) to work on /home/airflow/.local/lib/python3.12/site-packages/airflow/example_dags/example_dataset_alias.py
[2026-07-22T01:08:27.906+0000] {processor.py:914} INFO - Processing file /home/airflow/.local/lib/python3.12/site-packages/airflow/example_dags/example_dataset_alias.py for tasks to queue
[2026-07-22T01:08:27.909+0000] {logging_mixin.py:190} INFO - [2026-07-22T01:08:27.909+0000] {dagbag.py:588} INFO - Filling up the DagBag from /home/airflow/.local/lib/python3.12/site-packages/airflow/example_dags/example_dataset_alias.py
[2026-07-22T01:08:28.629+0000] {processor.py:925} INFO - DAG(s) 'dataset_alias_example_alias_consumer', 'dataset_alias_example_alias_producer', 'dataset_s3_bucket_producer', 'dataset_s3_bucket_consumer' retrieved from /home/airflow/.local/lib/python3.12/site-packages/airflow/example_dags/example_dataset_alias.py
[2026-07-22T01:08:28.653+0000] {logging_mixin.py:190} INFO - [2026-07-22T01:08:28.653+0000] {dag.py:3239} INFO - Sync 4 DAGs
[2026-07-22T01:08:28.678+0000] {logging_mixin.py:190} INFO - [2026-07-22T01:08:28.677+0000] {dag.py:4180} INFO - Setting next_dagrun for dataset_alias_example_alias_consumer to None, run_after=None
[2026-07-22T01:08:28.682+0000] {logging_mixin.py:190} INFO - [2026-07-22T01:08:28.681+0000] {dag.py:4180} INFO - Setting next_dagrun for dataset_alias_example_alias_producer to None, run_after=None
[2026-07-22T01:08:28.684+0000] {logging_mixin.py:190} INFO - [2026-07-22T01:08:28.684+0000] {dag.py:4180} INFO - Setting next_dagrun for dataset_s3_bucket_consumer to None, run_after=None
[2026-07-22T01:08:28.687+0000] {logging_mixin.py:190} INFO - [2026-07-22T01:08:28.686+0000] {dag.py:4180} INFO - Setting next_dagrun for dataset_s3_bucket_producer to None, run_after=None
[2026-07-22T01:08:28.717+0000] {processor.py:208} INFO - Processing /home/airflow/.local/lib/python3.12/site-packages/airflow/example_dags/example_dataset_alias.py took 0.822 seconds
[2026-07-22T01:09:00.492+0000] {processor.py:186} INFO - Started process (PID=7751) to work on /home/airflow/.local/lib/python3.12/site-packages/airflow/example_dags/example_dataset_alias.py
[2026-07-22T01:09:00.493+0000] {processor.py:914} INFO - Processing file /home/airflow/.local/lib/python3.12/site-packages/airflow/example_dags/example_dataset_alias.py for tasks to queue
[2026-07-22T01:09:00.499+0000] {logging_mixin.py:190} INFO - [2026-07-22T01:09:00.498+0000] {dagbag.py:588} INFO - Filling up the DagBag from /home/airflow/.local/lib/python3.12/site-packages/airflow/example_dags/example_dataset_alias.py
[2026-07-22T01:09:01.285+0000] {processor.py:925} INFO - DAG(s) 'dataset_alias_example_alias_producer', 'dataset_alias_example_alias_consumer', 'dataset_s3_bucket_consumer', 'dataset_s3_bucket_producer' retrieved from /home/airflow/.local/lib/python3.12/site-packages/airflow/example_dags/example_dataset_alias.py
[2026-07-22T01:09:01.313+0000] {logging_mixin.py:190} INFO - [2026-07-22T01:09:01.312+0000] {dag.py:3239} INFO - Sync 4 DAGs
[2026-07-22T01:09:01.346+0000] {logging_mixin.py:190} INFO - [2026-07-22T01:09:01.345+0000] {dag.py:4180} INFO - Setting next_dagrun for dataset_alias_example_alias_consumer to None, run_after=None
[2026-07-22T01:09:01.351+0000] {logging_mixin.py:190} INFO - [2026-07-22T01:09:01.351+0000] {dag.py:4180} INFO - Setting next_dagrun for dataset_alias_example_alias_producer to None, run_after=None
[2026-07-22T01:09:01.354+0000] {logging_mixin.py:190} INFO - [2026-07-22T01:09:01.354+0000] {dag.py:4180} INFO - Setting next_dagrun for dataset_s3_bucket_consumer to None, run_after=None
[2026-07-22T01:09:01.357+0000] {logging_mixin.py:190} INFO - [2026-07-22T01:09:01.357+0000] {dag.py:4180} INFO - Setting next_dagrun for dataset_s3_bucket_producer to None, run_after=None
[2026-07-22T01:09:01.385+0000] {processor.py:208} INFO - Processing /home/airflow/.local/lib/python3.12/site-packages/airflow/example_dags/example_dataset_alias.py took 0.903 seconds
[2026-07-22T01:09:32.219+0000] {processor.py:186} INFO - Started process (PID=7817) to work on /home/airflow/.local/lib/python3.12/site-packages/airflow/example_dags/example_dataset_alias.py
[2026-07-22T01:09:32.224+0000] {processor.py:914} INFO - Processing file /home/airflow/.local/lib/python3.12/site-packages/airflow/example_dags/example_dataset_alias.py for tasks to queue
[2026-07-22T01:09:32.228+0000] {logging_mixin.py:190} INFO - [2026-07-22T01:09:32.227+0000] {dagbag.py:588} INFO - Filling up the DagBag from /home/airflow/.local/lib/python3.12/site-packages/airflow/example_dags/example_dataset_alias.py
[2026-07-22T01:09:32.869+0000] {processor.py:925} INFO - DAG(s) 'dataset_alias_example_alias_producer', 'dataset_s3_bucket_producer', 'dataset_s3_bucket_consumer', 'dataset_alias_example_alias_consumer' retrieved from /home/airflow/.local/lib/python3.12/site-packages/airflow/example_dags/example_dataset_alias.py
[2026-07-22T01:09:32.895+0000] {logging_mixin.py:190} INFO - [2026-07-22T01:09:32.894+0000] {dag.py:3239} INFO - Sync 4 DAGs
[2026-07-22T01:09:32.920+0000] {logging_mixin.py:190} INFO - [2026-07-22T01:09:32.920+0000] {dag.py:4180} INFO - Setting next_dagrun for dataset_alias_example_alias_consumer to None, run_after=None
[2026-07-22T01:09:32.924+0000] {logging_mixin.py:190} INFO - [2026-07-22T01:09:32.923+0000] {dag.py:4180} INFO - Setting next_dagrun for dataset_alias_example_alias_producer to None, run_after=None
[2026-07-22T01:09:32.926+0000] {logging_mixin.py:190} INFO - [2026-07-22T01:09:32.926+0000] {dag.py:4180} INFO - Setting next_dagrun for dataset_s3_bucket_consumer to None, run_after=None
[2026-07-22T01:09:32.928+0000] {logging_mixin.py:190} INFO - [2026-07-22T01:09:32.928+0000] {dag.py:4180} INFO - Setting next_dagrun for dataset_s3_bucket_producer to None, run_after=None
[2026-07-22T01:09:32.956+0000] {processor.py:208} INFO - Processing /home/airflow/.local/lib/python3.12/site-packages/airflow/example_dags/example_dataset_alias.py took 0.744 seconds
[2026-07-22T01:10:03.098+0000] {processor.py:186} INFO - Started process (PID=7886) to work on /home/airflow/.local/lib/python3.12/site-packages/airflow/example_dags/example_dataset_alias.py
[2026-07-22T01:10:03.100+0000] {processor.py:914} INFO - Processing file /home/airflow/.local/lib/python3.12/site-packages/airflow/example_dags/example_dataset_alias.py for tasks to queue
[2026-07-22T01:10:03.104+0000] {logging_mixin.py:190} INFO - [2026-07-22T01:10:03.103+0000] {dagbag.py:588} INFO - Filling up the DagBag from /home/airflow/.local/lib/python3.12/site-packages/airflow/example_dags/example_dataset_alias.py
[2026-07-22T01:10:03.745+0000] {processor.py:925} INFO - DAG(s) 'dataset_alias_example_alias_consumer', 'dataset_s3_bucket_consumer', 'dataset_alias_example_alias_producer', 'dataset_s3_bucket_producer' retrieved from /home/airflow/.local/lib/python3.12/site-packages/airflow/example_dags/example_dataset_alias.py
[2026-07-22T01:10:03.773+0000] {logging_mixin.py:190} INFO - [2026-07-22T01:10:03.773+0000] {dag.py:3239} INFO - Sync 4 DAGs
[2026-07-22T01:10:03.797+0000] {logging_mixin.py:190} INFO - [2026-07-22T01:10:03.797+0000] {dag.py:4180} INFO - Setting next_dagrun for dataset_alias_example_alias_consumer to None, run_after=None
[2026-07-22T01:10:03.801+0000] {logging_mixin.py:190} INFO - [2026-07-22T01:10:03.800+0000] {dag.py:4180} INFO - Setting next_dagrun for dataset_alias_example_alias_producer to None, run_after=None
[2026-07-22T01:10:03.803+0000] {logging_mixin.py:190} INFO - [2026-07-22T01:10:03.803+0000] {dag.py:4180} INFO - Setting next_dagrun for dataset_s3_bucket_consumer to None, run_after=None
[2026-07-22T01:10:03.805+0000] {logging_mixin.py:190} INFO - [2026-07-22T01:10:03.805+0000] {dag.py:4180} INFO - Setting next_dagrun for dataset_s3_bucket_producer to None, run_after=None
[2026-07-22T01:10:03.833+0000] {processor.py:208} INFO - Processing /home/airflow/.local/lib/python3.12/site-packages/airflow/example_dags/example_dataset_alias.py took 0.744 seconds
[2026-07-22T01:10:34.172+0000] {processor.py:186} INFO - Started process (PID=7954) to work on /home/airflow/.local/lib/python3.12/site-packages/airflow/example_dags/example_dataset_alias.py
[2026-07-22T01:10:34.174+0000] {processor.py:914} INFO - Processing file /home/airflow/.local/lib/python3.12/site-packages/airflow/example_dags/example_dataset_alias.py for tasks to queue
[2026-07-22T01:10:34.176+0000] {logging_mixin.py:190} INFO - [2026-07-22T01:10:34.176+0000] {dagbag.py:588} INFO - Filling up the DagBag from /home/airflow/.local/lib/python3.12/site-packages/airflow/example_dags/example_dataset_alias.py
[2026-07-22T01:10:34.847+0000] {processor.py:925} INFO - DAG(s) 'dataset_s3_bucket_producer', 'dataset_alias_example_alias_producer', 'dataset_s3_bucket_consumer', 'dataset_alias_example_alias_consumer' retrieved from /home/airflow/.local/lib/python3.12/site-packages/airflow/example_dags/example_dataset_alias.py
[2026-07-22T01:10:34.875+0000] {logging_mixin.py:190} INFO - [2026-07-22T01:10:34.875+0000] {dag.py:3239} INFO - Sync 4 DAGs
[2026-07-22T01:10:34.905+0000] {logging_mixin.py:190} INFO - [2026-07-22T01:10:34.904+0000] {dag.py:4180} INFO - Setting next_dagrun for dataset_alias_example_alias_consumer to None, run_after=None
[2026-07-22T01:10:34.909+0000] {logging_mixin.py:190} INFO - [2026-07-22T01:10:34.908+0000] {dag.py:4180} INFO - Setting next_dagrun for dataset_alias_example_alias_producer to None, run_after=None
[2026-07-22T01:10:34.911+0000] {logging_mixin.py:190} INFO - [2026-07-22T01:10:34.911+0000] {dag.py:4180} INFO - Setting next_dagrun for dataset_s3_bucket_consumer to None, run_after=None
[2026-07-22T01:10:34.913+0000] {logging_mixin.py:190} INFO - [2026-07-22T01:10:34.913+0000] {dag.py:4180} INFO - Setting next_dagrun for dataset_s3_bucket_producer to None, run_after=None
[2026-07-22T01:10:34.939+0000] {processor.py:208} INFO - Processing /home/airflow/.local/lib/python3.12/site-packages/airflow/example_dags/example_dataset_alias.py took 0.773 seconds
[2026-07-22T01:11:05.308+0000] {processor.py:186} INFO - Started process (PID=8021) to work on /home/airflow/.local/lib/python3.12/site-packages/airflow/example_dags/example_dataset_alias.py
[2026-07-22T01:11:05.309+0000] {processor.py:914} INFO - Processing file /home/airflow/.local/lib/python3.12/site-packages/airflow/example_dags/example_dataset_alias.py for tasks to queue
[2026-07-22T01:11:05.313+0000] {logging_mixin.py:190} INFO - [2026-07-22T01:11:05.312+0000] {dagbag.py:588} INFO - Filling up the DagBag from /home/airflow/.local/lib/python3.12/site-packages/airflow/example_dags/example_dataset_alias.py
[2026-07-22T01:11:06.047+0000] {processor.py:925} INFO - DAG(s) 'dataset_s3_bucket_consumer', 'dataset_s3_bucket_producer', 'dataset_alias_example_alias_consumer', 'dataset_alias_example_alias_producer' retrieved from /home/airflow/.local/lib/python3.12/site-packages/airflow/example_dags/example_dataset_alias.py
[2026-07-22T01:11:06.083+0000] {logging_mixin.py:190} INFO - [2026-07-22T01:11:06.082+0000] {dag.py:3239} INFO - Sync 4 DAGs
[2026-07-22T01:11:06.113+0000] {logging_mixin.py:190} INFO - [2026-07-22T01:11:06.113+0000] {dag.py:4180} INFO - Setting next_dagrun for dataset_alias_example_alias_consumer to None, run_after=None
[2026-07-22T01:11:06.117+0000] {logging_mixin.py:190} INFO - [2026-07-22T01:11:06.117+0000] {dag.py:4180} INFO - Setting next_dagrun for dataset_alias_example_alias_producer to None, run_after=None
[2026-07-22T01:11:06.120+0000] {logging_mixin.py:190} INFO - [2026-07-22T01:11:06.120+0000] {dag.py:4180} INFO - Setting next_dagrun for dataset_s3_bucket_consumer to None, run_after=None
[2026-07-22T01:11:06.123+0000] {logging_mixin.py:190} INFO - [2026-07-22T01:11:06.122+0000] {dag.py:4180} INFO - Setting next_dagrun for dataset_s3_bucket_producer to None, run_after=None
[2026-07-22T01:11:06.151+0000] {processor.py:208} INFO - Processing /home/airflow/.local/lib/python3.12/site-packages/airflow/example_dags/example_dataset_alias.py took 0.851 seconds
[2026-07-22T01:11:36.665+0000] {processor.py:186} INFO - Started process (PID=8092) to work on /home/airflow/.local/lib/python3.12/site-packages/airflow/example_dags/example_dataset_alias.py
[2026-07-22T01:11:36.666+0000] {processor.py:914} INFO - Processing file /home/airflow/.local/lib/python3.12/site-packages/airflow/example_dags/example_dataset_alias.py for tasks to queue
[2026-07-22T01:11:36.670+0000] {logging_mixin.py:190} INFO - [2026-07-22T01:11:36.670+0000] {dagbag.py:588} INFO - Filling up the DagBag from /home/airflow/.local/lib/python3.12/site-packages/airflow/example_dags/example_dataset_alias.py
[2026-07-22T01:11:37.478+0000] {processor.py:925} INFO - DAG(s) 'dataset_s3_bucket_consumer', 'dataset_alias_example_alias_producer', 'dataset_s3_bucket_producer', 'dataset_alias_example_alias_consumer' retrieved from /home/airflow/.local/lib/python3.12/site-packages/airflow/example_dags/example_dataset_alias.py
[2026-07-22T01:11:37.507+0000] {logging_mixin.py:190} INFO - [2026-07-22T01:11:37.506+0000] {dag.py:3239} INFO - Sync 4 DAGs
[2026-07-22T01:11:37.548+0000] {logging_mixin.py:190} INFO - [2026-07-22T01:11:37.547+0000] {dag.py:4180} INFO - Setting next_dagrun for dataset_alias_example_alias_consumer to None, run_after=None
[2026-07-22T01:11:37.553+0000] {logging_mixin.py:190} INFO - [2026-07-22T01:11:37.553+0000] {dag.py:4180} INFO - Setting next_dagrun for dataset_alias_example_alias_producer to None, run_after=None
[2026-07-22T01:11:37.557+0000] {logging_mixin.py:190} INFO - [2026-07-22T01:11:37.556+0000] {dag.py:4180} INFO - Setting next_dagrun for dataset_s3_bucket_consumer to None, run_after=None
[2026-07-22T01:11:37.560+0000] {logging_mixin.py:190} INFO - [2026-07-22T01:11:37.559+0000] {dag.py:4180} INFO - Setting next_dagrun for dataset_s3_bucket_producer to None, run_after=None
[2026-07-22T01:11:37.591+0000] {processor.py:208} INFO - Processing /home/airflow/.local/lib/python3.12/site-packages/airflow/example_dags/example_dataset_alias.py took 0.935 seconds
[2026-07-22T01:12:07.812+0000] {processor.py:186} INFO - Started process (PID=8156) to work on /home/airflow/.local/lib/python3.12/site-packages/airflow/example_dags/example_dataset_alias.py
[2026-07-22T01:12:07.813+0000] {processor.py:914} INFO - Processing file /home/airflow/.local/lib/python3.12/site-packages/airflow/example_dags/example_dataset_alias.py for tasks to queue
[2026-07-22T01:12:07.817+0000] {logging_mixin.py:190} INFO - [2026-07-22T01:12:07.816+0000] {dagbag.py:588} INFO - Filling up the DagBag from /home/airflow/.local/lib/python3.12/site-packages/airflow/example_dags/example_dataset_alias.py
[2026-07-22T01:12:08.407+0000] {processor.py:925} INFO - DAG(s) 'dataset_s3_bucket_producer', 'dataset_alias_example_alias_producer', 'dataset_alias_example_alias_consumer', 'dataset_s3_bucket_consumer' retrieved from /home/airflow/.local/lib/python3.12/site-packages/airflow/example_dags/example_dataset_alias.py
[2026-07-22T01:12:08.453+0000] {logging_mixin.py:190} INFO - [2026-07-22T01:12:08.453+0000] {dag.py:3239} INFO - Sync 4 DAGs
[2026-07-22T01:12:08.487+0000] {logging_mixin.py:190} INFO - [2026-07-22T01:12:08.487+0000] {dag.py:4180} INFO - Setting next_dagrun for dataset_alias_example_alias_consumer to None, run_after=None
[2026-07-22T01:12:08.492+0000] {logging_mixin.py:190} INFO - [2026-07-22T01:12:08.492+0000] {dag.py:4180} INFO - Setting next_dagrun for dataset_alias_example_alias_producer to None, run_after=None
[2026-07-22T01:12:08.495+0000] {logging_mixin.py:190} INFO - [2026-07-22T01:12:08.494+0000] {dag.py:4180} INFO - Setting next_dagrun for dataset_s3_bucket_consumer to None, run_after=None
[2026-07-22T01:12:08.497+0000] {logging_mixin.py:190} INFO - [2026-07-22T01:12:08.497+0000] {dag.py:4180} INFO - Setting next_dagrun for dataset_s3_bucket_producer to None, run_after=None
[2026-07-22T01:12:08.524+0000] {processor.py:208} INFO - Processing /home/airflow/.local/lib/python3.12/site-packages/airflow/example_dags/example_dataset_alias.py took 0.719 seconds
[2026-07-22T01:12:39.338+0000] {processor.py:186} INFO - Started process (PID=8220) to work on /home/airflow/.local/lib/python3.12/site-packages/airflow/example_dags/example_dataset_alias.py
[2026-07-22T01:12:39.339+0000] {processor.py:914} INFO - Processing file /home/airflow/.local/lib/python3.12/site-packages/airflow/example_dags/example_dataset_alias.py for tasks to queue
[2026-07-22T01:12:39.344+0000] {logging_mixin.py:190} INFO - [2026-07-22T01:12:39.343+0000] {dagbag.py:588} INFO - Filling up the DagBag from /home/airflow/.local/lib/python3.12/site-packages/airflow/example_dags/example_dataset_alias.py
[2026-07-22T01:12:40.080+0000] {processor.py:925} INFO - DAG(s) 'dataset_alias_example_alias_consumer', 'dataset_s3_bucket_consumer', 'dataset_alias_example_alias_producer', 'dataset_s3_bucket_producer' retrieved from /home/airflow/.local/lib/python3.12/site-packages/airflow/example_dags/example_dataset_alias.py
[2026-07-22T01:12:40.104+0000] {logging_mixin.py:190} INFO - [2026-07-22T01:12:40.104+0000] {dag.py:3239} INFO - Sync 4 DAGs
[2026-07-22T01:12:40.132+0000] {logging_mixin.py:190} INFO - [2026-07-22T01:12:40.132+0000] {dag.py:4180} INFO - Setting next_dagrun for dataset_alias_example_alias_consumer to None, run_after=None
[2026-07-22T01:12:40.137+0000] {logging_mixin.py:190} INFO - [2026-07-22T01:12:40.137+0000] {dag.py:4180} INFO - Setting next_dagrun for dataset_alias_example_alias_producer to None, run_after=None
[2026-07-22T01:12:40.140+0000] {logging_mixin.py:190} INFO - [2026-07-22T01:12:40.139+0000] {dag.py:4180} INFO - Setting next_dagrun for dataset_s3_bucket_consumer to None, run_after=None
[2026-07-22T01:12:40.142+0000] {logging_mixin.py:190} INFO - [2026-07-22T01:12:40.142+0000] {dag.py:4180} INFO - Setting next_dagrun for dataset_s3_bucket_producer to None, run_after=None
[2026-07-22T01:12:40.207+0000] {processor.py:208} INFO - Processing /home/airflow/.local/lib/python3.12/site-packages/airflow/example_dags/example_dataset_alias.py took 0.877 seconds
[2026-07-22T01:13:11.161+0000] {processor.py:186} INFO - Started process (PID=8284) to work on /home/airflow/.local/lib/python3.12/site-packages/airflow/example_dags/example_dataset_alias.py
[2026-07-22T01:13:11.162+0000] {processor.py:914} INFO - Processing file /home/airflow/.local/lib/python3.12/site-packages/airflow/example_dags/example_dataset_alias.py for tasks to queue
[2026-07-22T01:13:11.166+0000] {logging_mixin.py:190} INFO - [2026-07-22T01:13:11.165+0000] {dagbag.py:588} INFO - Filling up the DagBag from /home/airflow/.local/lib/python3.12/site-packages/airflow/example_dags/example_dataset_alias.py
[2026-07-22T01:13:11.825+0000] {processor.py:925} INFO - DAG(s) 'dataset_s3_bucket_producer', 'dataset_alias_example_alias_consumer', 'dataset_alias_example_alias_producer', 'dataset_s3_bucket_consumer' retrieved from /home/airflow/.local/lib/python3.12/site-packages/airflow/example_dags/example_dataset_alias.py
[2026-07-22T01:13:11.850+0000] {logging_mixin.py:190} INFO - [2026-07-22T01:13:11.849+0000] {dag.py:3239} INFO - Sync 4 DAGs
[2026-07-22T01:13:11.876+0000] {logging_mixin.py:190} INFO - [2026-07-22T01:13:11.876+0000] {dag.py:4180} INFO - Setting next_dagrun for dataset_alias_example_alias_consumer to None, run_after=None
[2026-07-22T01:13:11.879+0000] {logging_mixin.py:190} INFO - [2026-07-22T01:13:11.879+0000] {dag.py:4180} INFO - Setting next_dagrun for dataset_alias_example_alias_producer to None, run_after=None
[2026-07-22T01:13:11.882+0000] {logging_mixin.py:190} INFO - [2026-07-22T01:13:11.882+0000] {dag.py:4180} INFO - Setting next_dagrun for dataset_s3_bucket_consumer to None, run_after=None
[2026-07-22T01:13:11.884+0000] {logging_mixin.py:190} INFO - [2026-07-22T01:13:11.884+0000] {dag.py:4180} INFO - Setting next_dagrun for dataset_s3_bucket_producer to None, run_after=None
[2026-07-22T01:13:11.908+0000] {processor.py:208} INFO - Processing /home/airflow/.local/lib/python3.12/site-packages/airflow/example_dags/example_dataset_alias.py took 0.755 seconds
[2026-07-22T01:13:42.314+0000] {processor.py:186} INFO - Started process (PID=8348) to work on /home/airflow/.local/lib/python3.12/site-packages/airflow/example_dags/example_dataset_alias.py
[2026-07-22T01:13:42.316+0000] {processor.py:914} INFO - Processing file /home/airflow/.local/lib/python3.12/site-packages/airflow/example_dags/example_dataset_alias.py for tasks to queue
[2026-07-22T01:13:42.320+0000] {logging_mixin.py:190} INFO - [2026-07-22T01:13:42.319+0000] {dagbag.py:588} INFO - Filling up the DagBag from /home/airflow/.local/lib/python3.12/site-packages/airflow/example_dags/example_dataset_alias.py
[2026-07-22T01:13:42.949+0000] {processor.py:925} INFO - DAG(s) 'dataset_s3_bucket_producer', 'dataset_alias_example_alias_consumer', 'dataset_s3_bucket_consumer', 'dataset_alias_example_alias_producer' retrieved from /home/airflow/.local/lib/python3.12/site-packages/airflow/example_dags/example_dataset_alias.py
[2026-07-22T01:13:42.972+0000] {logging_mixin.py:190} INFO - [2026-07-22T01:13:42.971+0000] {dag.py:3239} INFO - Sync 4 DAGs
[2026-07-22T01:13:42.995+0000] {logging_mixin.py:190} INFO - [2026-07-22T01:13:42.995+0000] {dag.py:4180} INFO - Setting next_dagrun for dataset_alias_example_alias_consumer to None, run_after=None
[2026-07-22T01:13:42.998+0000] {logging_mixin.py:190} INFO - [2026-07-22T01:13:42.998+0000] {dag.py:4180} INFO - Setting next_dagrun for dataset_alias_example_alias_producer to None, run_after=None
[2026-07-22T01:13:43.001+0000] {logging_mixin.py:190} INFO - [2026-07-22T01:13:43.001+0000] {dag.py:4180} INFO - Setting next_dagrun for dataset_s3_bucket_consumer to None, run_after=None
[2026-07-22T01:13:43.003+0000] {logging_mixin.py:190} INFO - [2026-07-22T01:13:43.003+0000] {dag.py:4180} INFO - Setting next_dagrun for dataset_s3_bucket_producer to None, run_after=None
[2026-07-22T01:13:43.031+0000] {processor.py:208} INFO - Processing /home/airflow/.local/lib/python3.12/site-packages/airflow/example_dags/example_dataset_alias.py took 0.727 seconds
[2026-07-22T01:14:39.476+0000] {processor.py:186} INFO - Started process (PID=106) to work on /home/airflow/.local/lib/python3.12/site-packages/airflow/example_dags/example_dataset_alias.py
[2026-07-22T01:14:39.477+0000] {processor.py:914} INFO - Processing file /home/airflow/.local/lib/python3.12/site-packages/airflow/example_dags/example_dataset_alias.py for tasks to queue
[2026-07-22T01:14:39.480+0000] {logging_mixin.py:190} INFO - [2026-07-22T01:14:39.480+0000] {dagbag.py:588} INFO - Filling up the DagBag from /home/airflow/.local/lib/python3.12/site-packages/airflow/example_dags/example_dataset_alias.py
[2026-07-22T01:14:40.143+0000] {processor.py:925} INFO - DAG(s) 'dataset_s3_bucket_consumer', 'dataset_s3_bucket_producer', 'dataset_alias_example_alias_consumer', 'dataset_alias_example_alias_producer' retrieved from /home/airflow/.local/lib/python3.12/site-packages/airflow/example_dags/example_dataset_alias.py
[2026-07-22T01:14:40.169+0000] {logging_mixin.py:190} INFO - [2026-07-22T01:14:40.168+0000] {dag.py:3239} INFO - Sync 4 DAGs
[2026-07-22T01:14:40.197+0000] {logging_mixin.py:190} INFO - [2026-07-22T01:14:40.196+0000] {dag.py:4180} INFO - Setting next_dagrun for dataset_alias_example_alias_consumer to None, run_after=None
[2026-07-22T01:14:40.200+0000] {logging_mixin.py:190} INFO - [2026-07-22T01:14:40.200+0000] {dag.py:4180} INFO - Setting next_dagrun for dataset_alias_example_alias_producer to None, run_after=None
[2026-07-22T01:14:40.203+0000] {logging_mixin.py:190} INFO - [2026-07-22T01:14:40.203+0000] {dag.py:4180} INFO - Setting next_dagrun for dataset_s3_bucket_consumer to None, run_after=None
[2026-07-22T01:14:40.205+0000] {logging_mixin.py:190} INFO - [2026-07-22T01:14:40.205+0000] {dag.py:4180} INFO - Setting next_dagrun for dataset_s3_bucket_producer to None, run_after=None
[2026-07-22T01:14:40.235+0000] {processor.py:208} INFO - Processing /home/airflow/.local/lib/python3.12/site-packages/airflow/example_dags/example_dataset_alias.py took 0.766 seconds
[2026-07-22T01:15:10.302+0000] {processor.py:186} INFO - Started process (PID=175) to work on /home/airflow/.local/lib/python3.12/site-packages/airflow/example_dags/example_dataset_alias.py
[2026-07-22T01:15:10.303+0000] {processor.py:914} INFO - Processing file /home/airflow/.local/lib/python3.12/site-packages/airflow/example_dags/example_dataset_alias.py for tasks to queue
[2026-07-22T01:15:10.305+0000] {logging_mixin.py:190} INFO - [2026-07-22T01:15:10.305+0000] {dagbag.py:588} INFO - Filling up the DagBag from /home/airflow/.local/lib/python3.12/site-packages/airflow/example_dags/example_dataset_alias.py
[2026-07-22T01:15:10.830+0000] {processor.py:925} INFO - DAG(s) 'dataset_alias_example_alias_consumer', 'dataset_alias_example_alias_producer', 'dataset_s3_bucket_consumer', 'dataset_s3_bucket_producer' retrieved from /home/airflow/.local/lib/python3.12/site-packages/airflow/example_dags/example_dataset_alias.py
[2026-07-22T01:15:10.880+0000] {logging_mixin.py:190} INFO - [2026-07-22T01:15:10.879+0000] {dag.py:3239} INFO - Sync 4 DAGs
[2026-07-22T01:15:10.902+0000] {logging_mixin.py:190} INFO - [2026-07-22T01:15:10.902+0000] {dag.py:4180} INFO - Setting next_dagrun for dataset_alias_example_alias_consumer to None, run_after=None
[2026-07-22T01:15:10.905+0000] {logging_mixin.py:190} INFO - [2026-07-22T01:15:10.905+0000] {dag.py:4180} INFO - Setting next_dagrun for dataset_alias_example_alias_producer to None, run_after=None
[2026-07-22T01:15:10.907+0000] {logging_mixin.py:190} INFO - [2026-07-22T01:15:10.907+0000] {dag.py:4180} INFO - Setting next_dagrun for dataset_s3_bucket_consumer to None, run_after=None
[2026-07-22T01:15:10.909+0000] {logging_mixin.py:190} INFO - [2026-07-22T01:15:10.908+0000] {dag.py:4180} INFO - Setting next_dagrun for dataset_s3_bucket_producer to None, run_after=None
[2026-07-22T01:15:10.928+0000] {processor.py:208} INFO - Processing /home/airflow/.local/lib/python3.12/site-packages/airflow/example_dags/example_dataset_alias.py took 0.633 seconds
[2026-07-22T01:15:41.647+0000] {processor.py:186} INFO - Started process (PID=235) to work on /home/airflow/.local/lib/python3.12/site-packages/airflow/example_dags/example_dataset_alias.py
[2026-07-22T01:15:41.648+0000] {processor.py:914} INFO - Processing file /home/airflow/.local/lib/python3.12/site-packages/airflow/example_dags/example_dataset_alias.py for tasks to queue
[2026-07-22T01:15:41.651+0000] {logging_mixin.py:190} INFO - [2026-07-22T01:15:41.651+0000] {dagbag.py:588} INFO - Filling up the DagBag from /home/airflow/.local/lib/python3.12/site-packages/airflow/example_dags/example_dataset_alias.py
[2026-07-22T01:15:42.324+0000] {processor.py:925} INFO - DAG(s) 'dataset_s3_bucket_consumer', 'dataset_alias_example_alias_consumer', 'dataset_alias_example_alias_producer', 'dataset_s3_bucket_producer' retrieved from /home/airflow/.local/lib/python3.12/site-packages/airflow/example_dags/example_dataset_alias.py
[2026-07-22T01:15:42.346+0000] {logging_mixin.py:190} INFO - [2026-07-22T01:15:42.346+0000] {dag.py:3239} INFO - Sync 4 DAGs
[2026-07-22T01:15:42.371+0000] {logging_mixin.py:190} INFO - [2026-07-22T01:15:42.371+0000] {dag.py:4180} INFO - Setting next_dagrun for dataset_alias_example_alias_consumer to None, run_after=None
[2026-07-22T01:15:42.375+0000] {logging_mixin.py:190} INFO - [2026-07-22T01:15:42.375+0000] {dag.py:4180} INFO - Setting next_dagrun for dataset_alias_example_alias_producer to None, run_after=None
[2026-07-22T01:15:42.378+0000] {logging_mixin.py:190} INFO - [2026-07-22T01:15:42.378+0000] {dag.py:4180} INFO - Setting next_dagrun for dataset_s3_bucket_consumer to None, run_after=None
[2026-07-22T01:15:42.380+0000] {logging_mixin.py:190} INFO - [2026-07-22T01:15:42.380+0000] {dag.py:4180} INFO - Setting next_dagrun for dataset_s3_bucket_producer to None, run_after=None
[2026-07-22T01:15:42.404+0000] {processor.py:208} INFO - Processing /home/airflow/.local/lib/python3.12/site-packages/airflow/example_dags/example_dataset_alias.py took 0.763 seconds
[2026-07-22T01:16:12.805+0000] {processor.py:186} INFO - Started process (PID=299) to work on /home/airflow/.local/lib/python3.12/site-packages/airflow/example_dags/example_dataset_alias.py
[2026-07-22T01:16:12.806+0000] {processor.py:914} INFO - Processing file /home/airflow/.local/lib/python3.12/site-packages/airflow/example_dags/example_dataset_alias.py for tasks to queue
[2026-07-22T01:16:12.810+0000] {logging_mixin.py:190} INFO - [2026-07-22T01:16:12.809+0000] {dagbag.py:588} INFO - Filling up the DagBag from /home/airflow/.local/lib/python3.12/site-packages/airflow/example_dags/example_dataset_alias.py
[2026-07-22T01:16:13.446+0000] {processor.py:925} INFO - DAG(s) 'dataset_alias_example_alias_consumer', 'dataset_alias_example_alias_producer', 'dataset_s3_bucket_consumer', 'dataset_s3_bucket_producer' retrieved from /home/airflow/.local/lib/python3.12/site-packages/airflow/example_dags/example_dataset_alias.py
[2026-07-22T01:16:13.472+0000] {logging_mixin.py:190} INFO - [2026-07-22T01:16:13.471+0000] {dag.py:3239} INFO - Sync 4 DAGs
[2026-07-22T01:16:13.497+0000] {logging_mixin.py:190} INFO - [2026-07-22T01:16:13.497+0000] {dag.py:4180} INFO - Setting next_dagrun for dataset_alias_example_alias_consumer to None, run_after=None
[2026-07-22T01:16:13.500+0000] {logging_mixin.py:190} INFO - [2026-07-22T01:16:13.500+0000] {dag.py:4180} INFO - Setting next_dagrun for dataset_alias_example_alias_producer to None, run_after=None
[2026-07-22T01:16:13.503+0000] {logging_mixin.py:190} INFO - [2026-07-22T01:16:13.502+0000] {dag.py:4180} INFO - Setting next_dagrun for dataset_s3_bucket_consumer to None, run_after=None
[2026-07-22T01:16:13.505+0000] {logging_mixin.py:190} INFO - [2026-07-22T01:16:13.504+0000] {dag.py:4180} INFO - Setting next_dagrun for dataset_s3_bucket_producer to None, run_after=None
[2026-07-22T01:16:13.528+0000] {processor.py:208} INFO - Processing /home/airflow/.local/lib/python3.12/site-packages/airflow/example_dags/example_dataset_alias.py took 0.731 seconds
[2026-07-22T01:16:44.536+0000] {processor.py:186} INFO - Started process (PID=368) to work on /home/airflow/.local/lib/python3.12/site-packages/airflow/example_dags/example_dataset_alias.py
[2026-07-22T01:16:44.537+0000] {processor.py:914} INFO - Processing file /home/airflow/.local/lib/python3.12/site-packages/airflow/example_dags/example_dataset_alias.py for tasks to queue
[2026-07-22T01:16:44.543+0000] {logging_mixin.py:190} INFO - [2026-07-22T01:16:44.542+0000] {dagbag.py:588} INFO - Filling up the DagBag from /home/airflow/.local/lib/python3.12/site-packages/airflow/example_dags/example_dataset_alias.py
[2026-07-22T01:16:45.340+0000] {processor.py:925} INFO - DAG(s) 'dataset_alias_example_alias_producer', 'dataset_s3_bucket_producer', 'dataset_alias_example_alias_consumer', 'dataset_s3_bucket_consumer' retrieved from /home/airflow/.local/lib/python3.12/site-packages/airflow/example_dags/example_dataset_alias.py
[2026-07-22T01:16:45.366+0000] {logging_mixin.py:190} INFO - [2026-07-22T01:16:45.365+0000] {dag.py:3239} INFO - Sync 4 DAGs
[2026-07-22T01:16:45.392+0000] {logging_mixin.py:190} INFO - [2026-07-22T01:16:45.392+0000] {dag.py:4180} INFO - Setting next_dagrun for dataset_alias_example_alias_consumer to None, run_after=None
[2026-07-22T01:16:45.395+0000] {logging_mixin.py:190} INFO - [2026-07-22T01:16:45.395+0000] {dag.py:4180} INFO - Setting next_dagrun for dataset_alias_example_alias_producer to None, run_after=None
[2026-07-22T01:16:45.397+0000] {logging_mixin.py:190} INFO - [2026-07-22T01:16:45.397+0000] {dag.py:4180} INFO - Setting next_dagrun for dataset_s3_bucket_consumer to None, run_after=None
[2026-07-22T01:16:45.399+0000] {logging_mixin.py:190} INFO - [2026-07-22T01:16:45.399+0000] {dag.py:4180} INFO - Setting next_dagrun for dataset_s3_bucket_producer to None, run_after=None
[2026-07-22T01:16:45.424+0000] {processor.py:208} INFO - Processing /home/airflow/.local/lib/python3.12/site-packages/airflow/example_dags/example_dataset_alias.py took 0.897 seconds
[2026-07-22T01:17:15.988+0000] {processor.py:186} INFO - Started process (PID=427) to work on /home/airflow/.local/lib/python3.12/site-packages/airflow/example_dags/example_dataset_alias.py
[2026-07-22T01:17:15.989+0000] {processor.py:914} INFO - Processing file /home/airflow/.local/lib/python3.12/site-packages/airflow/example_dags/example_dataset_alias.py for tasks to queue
[2026-07-22T01:17:15.992+0000] {logging_mixin.py:190} INFO - [2026-07-22T01:17:15.992+0000] {dagbag.py:588} INFO - Filling up the DagBag from /home/airflow/.local/lib/python3.12/site-packages/airflow/example_dags/example_dataset_alias.py
[2026-07-22T01:17:16.854+0000] {processor.py:925} INFO - DAG(s) 'dataset_s3_bucket_producer', 'dataset_alias_example_alias_consumer', 'dataset_s3_bucket_consumer', 'dataset_alias_example_alias_producer' retrieved from /home/airflow/.local/lib/python3.12/site-packages/airflow/example_dags/example_dataset_alias.py
[2026-07-22T01:17:16.877+0000] {logging_mixin.py:190} INFO - [2026-07-22T01:17:16.876+0000] {dag.py:3239} INFO - Sync 4 DAGs
[2026-07-22T01:17:16.910+0000] {logging_mixin.py:190} INFO - [2026-07-22T01:17:16.909+0000] {dag.py:4180} INFO - Setting next_dagrun for dataset_alias_example_alias_consumer to None, run_after=None
[2026-07-22T01:17:16.914+0000] {logging_mixin.py:190} INFO - [2026-07-22T01:17:16.914+0000] {dag.py:4180} INFO - Setting next_dagrun for dataset_alias_example_alias_producer to None, run_after=None
[2026-07-22T01:17:16.916+0000] {logging_mixin.py:190} INFO - [2026-07-22T01:17:16.916+0000] {dag.py:4180} INFO - Setting next_dagrun for dataset_s3_bucket_consumer to None, run_after=None
[2026-07-22T01:17:16.918+0000] {logging_mixin.py:190} INFO - [2026-07-22T01:17:16.918+0000] {dag.py:4180} INFO - Setting next_dagrun for dataset_s3_bucket_producer to None, run_after=None
[2026-07-22T01:17:16.947+0000] {processor.py:208} INFO - Processing /home/airflow/.local/lib/python3.12/site-packages/airflow/example_dags/example_dataset_alias.py took 0.967 seconds
[2026-07-22T01:17:47.128+0000] {processor.py:186} INFO - Started process (PID=491) to work on /home/airflow/.local/lib/python3.12/site-packages/airflow/example_dags/example_dataset_alias.py
[2026-07-22T01:17:47.129+0000] {processor.py:914} INFO - Processing file /home/airflow/.local/lib/python3.12/site-packages/airflow/example_dags/example_dataset_alias.py for tasks to queue
[2026-07-22T01:17:47.132+0000] {logging_mixin.py:190} INFO - [2026-07-22T01:17:47.132+0000] {dagbag.py:588} INFO - Filling up the DagBag from /home/airflow/.local/lib/python3.12/site-packages/airflow/example_dags/example_dataset_alias.py
[2026-07-22T01:17:47.704+0000] {processor.py:925} INFO - DAG(s) 'dataset_s3_bucket_consumer', 'dataset_alias_example_alias_consumer', 'dataset_alias_example_alias_producer', 'dataset_s3_bucket_producer' retrieved from /home/airflow/.local/lib/python3.12/site-packages/airflow/example_dags/example_dataset_alias.py
[2026-07-22T01:17:47.727+0000] {logging_mixin.py:190} INFO - [2026-07-22T01:17:47.727+0000] {dag.py:3239} INFO - Sync 4 DAGs
[2026-07-22T01:17:47.751+0000] {logging_mixin.py:190} INFO - [2026-07-22T01:17:47.750+0000] {dag.py:4180} INFO - Setting next_dagrun for dataset_alias_example_alias_consumer to None, run_after=None
[2026-07-22T01:17:47.754+0000] {logging_mixin.py:190} INFO - [2026-07-22T01:17:47.754+0000] {dag.py:4180} INFO - Setting next_dagrun for dataset_alias_example_alias_producer to None, run_after=None
[2026-07-22T01:17:47.756+0000] {logging_mixin.py:190} INFO - [2026-07-22T01:17:47.756+0000] {dag.py:4180} INFO - Setting next_dagrun for dataset_s3_bucket_consumer to None, run_after=None
[2026-07-22T01:17:47.758+0000] {logging_mixin.py:190} INFO - [2026-07-22T01:17:47.758+0000] {dag.py:4180} INFO - Setting next_dagrun for dataset_s3_bucket_producer to None, run_after=None
[2026-07-22T01:17:47.781+0000] {processor.py:208} INFO - Processing /home/airflow/.local/lib/python3.12/site-packages/airflow/example_dags/example_dataset_alias.py took 0.659 seconds
[2026-07-22T01:18:18.302+0000] {processor.py:186} INFO - Started process (PID=560) to work on /home/airflow/.local/lib/python3.12/site-packages/airflow/example_dags/example_dataset_alias.py
[2026-07-22T01:18:18.304+0000] {processor.py:914} INFO - Processing file /home/airflow/.local/lib/python3.12/site-packages/airflow/example_dags/example_dataset_alias.py for tasks to queue
[2026-07-22T01:18:18.306+0000] {logging_mixin.py:190} INFO - [2026-07-22T01:18:18.306+0000] {dagbag.py:588} INFO - Filling up the DagBag from /home/airflow/.local/lib/python3.12/site-packages/airflow/example_dags/example_dataset_alias.py
[2026-07-22T01:18:18.906+0000] {processor.py:925} INFO - DAG(s) 'dataset_alias_example_alias_producer', 'dataset_s3_bucket_consumer', 'dataset_alias_example_alias_consumer', 'dataset_s3_bucket_producer' retrieved from /home/airflow/.local/lib/python3.12/site-packages/airflow/example_dags/example_dataset_alias.py
[2026-07-22T01:18:18.930+0000] {logging_mixin.py:190} INFO - [2026-07-22T01:18:18.930+0000] {dag.py:3239} INFO - Sync 4 DAGs
[2026-07-22T01:18:18.953+0000] {logging_mixin.py:190} INFO - [2026-07-22T01:18:18.953+0000] {dag.py:4180} INFO - Setting next_dagrun for dataset_alias_example_alias_consumer to None, run_after=None
[2026-07-22T01:18:18.957+0000] {logging_mixin.py:190} INFO - [2026-07-22T01:18:18.956+0000] {dag.py:4180} INFO - Setting next_dagrun for dataset_alias_example_alias_producer to None, run_after=None
[2026-07-22T01:18:18.959+0000] {logging_mixin.py:190} INFO - [2026-07-22T01:18:18.959+0000] {dag.py:4180} INFO - Setting next_dagrun for dataset_s3_bucket_consumer to None, run_after=None
[2026-07-22T01:18:18.961+0000] {logging_mixin.py:190} INFO - [2026-07-22T01:18:18.961+0000] {dag.py:4180} INFO - Setting next_dagrun for dataset_s3_bucket_producer to None, run_after=None
[2026-07-22T01:18:18.983+0000] {processor.py:208} INFO - Processing /home/airflow/.local/lib/python3.12/site-packages/airflow/example_dags/example_dataset_alias.py took 0.687 seconds
[2026-07-22T01:18:49.733+0000] {processor.py:186} INFO - Started process (PID=624) to work on /home/airflow/.local/lib/python3.12/site-packages/airflow/example_dags/example_dataset_alias.py
[2026-07-22T01:18:49.734+0000] {processor.py:914} INFO - Processing file /home/airflow/.local/lib/python3.12/site-packages/airflow/example_dags/example_dataset_alias.py for tasks to queue
[2026-07-22T01:18:49.737+0000] {logging_mixin.py:190} INFO - [2026-07-22T01:18:49.737+0000] {dagbag.py:588} INFO - Filling up the DagBag from /home/airflow/.local/lib/python3.12/site-packages/airflow/example_dags/example_dataset_alias.py
[2026-07-22T01:18:50.401+0000] {processor.py:925} INFO - DAG(s) 'dataset_s3_bucket_producer', 'dataset_alias_example_alias_consumer', 'dataset_s3_bucket_consumer', 'dataset_alias_example_alias_producer' retrieved from /home/airflow/.local/lib/python3.12/site-packages/airflow/example_dags/example_dataset_alias.py
[2026-07-22T01:18:50.427+0000] {logging_mixin.py:190} INFO - [2026-07-22T01:18:50.426+0000] {dag.py:3239} INFO - Sync 4 DAGs
[2026-07-22T01:18:50.452+0000] {logging_mixin.py:190} INFO - [2026-07-22T01:18:50.451+0000] {dag.py:4180} INFO - Setting next_dagrun for dataset_alias_example_alias_consumer to None, run_after=None
[2026-07-22T01:18:50.455+0000] {logging_mixin.py:190} INFO - [2026-07-22T01:18:50.455+0000] {dag.py:4180} INFO - Setting next_dagrun for dataset_alias_example_alias_producer to None, run_after=None
[2026-07-22T01:18:50.457+0000] {logging_mixin.py:190} INFO - [2026-07-22T01:18:50.457+0000] {dag.py:4180} INFO - Setting next_dagrun for dataset_s3_bucket_consumer to None, run_after=None
[2026-07-22T01:18:50.459+0000] {logging_mixin.py:190} INFO - [2026-07-22T01:18:50.459+0000] {dag.py:4180} INFO - Setting next_dagrun for dataset_s3_bucket_producer to None, run_after=None
[2026-07-22T01:18:50.483+0000] {processor.py:208} INFO - Processing /home/airflow/.local/lib/python3.12/site-packages/airflow/example_dags/example_dataset_alias.py took 0.756 seconds
