[2026-07-22T00:07:53.631+0000] {processor.py:186} INFO - Started process (PID=121) to work on /home/airflow/.local/lib/python3.12/site-packages/airflow/example_dags/example_short_circuit_decorator.py
[2026-07-22T00:07:53.633+0000] {processor.py:914} INFO - Processing file /home/airflow/.local/lib/python3.12/site-packages/airflow/example_dags/example_short_circuit_decorator.py for tasks to queue
[2026-07-22T00:07:53.637+0000] {logging_mixin.py:190} INFO - [2026-07-22T00:07:53.637+0000] {dagbag.py:588} INFO - Filling up the DagBag from /home/airflow/.local/lib/python3.12/site-packages/airflow/example_dags/example_short_circuit_decorator.py
[2026-07-22T00:07:53.654+0000] {processor.py:925} INFO - DAG(s) 'example_short_circuit_decorator' retrieved from /home/airflow/.local/lib/python3.12/site-packages/airflow/example_dags/example_short_circuit_decorator.py
[2026-07-22T00:07:53.688+0000] {logging_mixin.py:190} INFO - [2026-07-22T00:07:53.688+0000] {dag.py:3239} INFO - Sync 1 DAGs
[2026-07-22T00:07:53.715+0000] {logging_mixin.py:190} INFO - [2026-07-22T00:07:53.714+0000] {dag.py:4180} INFO - Setting next_dagrun for example_short_circuit_decorator to None, run_after=None
[2026-07-22T00:07:53.744+0000] {processor.py:208} INFO - Processing /home/airflow/.local/lib/python3.12/site-packages/airflow/example_dags/example_short_circuit_decorator.py took 0.122 seconds
[2026-07-22T00:08:25.876+0000] {processor.py:186} INFO - Started process (PID=185) to work on /home/airflow/.local/lib/python3.12/site-packages/airflow/example_dags/example_short_circuit_decorator.py
[2026-07-22T00:08:25.877+0000] {processor.py:914} INFO - Processing file /home/airflow/.local/lib/python3.12/site-packages/airflow/example_dags/example_short_circuit_decorator.py for tasks to queue
[2026-07-22T00:08:25.880+0000] {logging_mixin.py:190} INFO - [2026-07-22T00:08:25.880+0000] {dagbag.py:588} INFO - Filling up the DagBag from /home/airflow/.local/lib/python3.12/site-packages/airflow/example_dags/example_short_circuit_decorator.py
[2026-07-22T00:08:25.892+0000] {processor.py:925} INFO - DAG(s) 'example_short_circuit_decorator' retrieved from /home/airflow/.local/lib/python3.12/site-packages/airflow/example_dags/example_short_circuit_decorator.py
[2026-07-22T00:08:25.939+0000] {logging_mixin.py:190} INFO - [2026-07-22T00:08:25.938+0000] {dag.py:3239} INFO - Sync 1 DAGs
[2026-07-22T00:08:25.973+0000] {logging_mixin.py:190} INFO - [2026-07-22T00:08:25.972+0000] {dag.py:4180} INFO - Setting next_dagrun for example_short_circuit_decorator to None, run_after=None
[2026-07-22T00:08:26.015+0000] {processor.py:208} INFO - Processing /home/airflow/.local/lib/python3.12/site-packages/airflow/example_dags/example_short_circuit_decorator.py took 0.147 seconds
[2026-07-22T00:08:56.557+0000] {processor.py:186} INFO - Started process (PID=255) to work on /home/airflow/.local/lib/python3.12/site-packages/airflow/example_dags/example_short_circuit_decorator.py
[2026-07-22T00:08:56.559+0000] {processor.py:914} INFO - Processing file /home/airflow/.local/lib/python3.12/site-packages/airflow/example_dags/example_short_circuit_decorator.py for tasks to queue
[2026-07-22T00:08:56.564+0000] {logging_mixin.py:190} INFO - [2026-07-22T00:08:56.563+0000] {dagbag.py:588} INFO - Filling up the DagBag from /home/airflow/.local/lib/python3.12/site-packages/airflow/example_dags/example_short_circuit_decorator.py
[2026-07-22T00:08:56.581+0000] {processor.py:925} INFO - DAG(s) 'example_short_circuit_decorator' retrieved from /home/airflow/.local/lib/python3.12/site-packages/airflow/example_dags/example_short_circuit_decorator.py
[2026-07-22T00:08:56.619+0000] {logging_mixin.py:190} INFO - [2026-07-22T00:08:56.619+0000] {dag.py:3239} INFO - Sync 1 DAGs
[2026-07-22T00:08:56.644+0000] {logging_mixin.py:190} INFO - [2026-07-22T00:08:56.644+0000] {dag.py:4180} INFO - Setting next_dagrun for example_short_circuit_decorator to None, run_after=None
[2026-07-22T00:08:56.674+0000] {processor.py:208} INFO - Processing /home/airflow/.local/lib/python3.12/site-packages/airflow/example_dags/example_short_circuit_decorator.py took 0.128 seconds
[2026-07-22T00:09:28.594+0000] {processor.py:186} INFO - Started process (PID=319) to work on /home/airflow/.local/lib/python3.12/site-packages/airflow/example_dags/example_short_circuit_decorator.py
[2026-07-22T00:09:28.595+0000] {processor.py:914} INFO - Processing file /home/airflow/.local/lib/python3.12/site-packages/airflow/example_dags/example_short_circuit_decorator.py for tasks to queue
[2026-07-22T00:09:28.599+0000] {logging_mixin.py:190} INFO - [2026-07-22T00:09:28.599+0000] {dagbag.py:588} INFO - Filling up the DagBag from /home/airflow/.local/lib/python3.12/site-packages/airflow/example_dags/example_short_circuit_decorator.py
[2026-07-22T00:09:28.651+0000] {processor.py:925} INFO - DAG(s) 'example_short_circuit_decorator' retrieved from /home/airflow/.local/lib/python3.12/site-packages/airflow/example_dags/example_short_circuit_decorator.py
[2026-07-22T00:09:28.679+0000] {logging_mixin.py:190} INFO - [2026-07-22T00:09:28.678+0000] {dag.py:3239} INFO - Sync 1 DAGs
[2026-07-22T00:09:28.696+0000] {logging_mixin.py:190} INFO - [2026-07-22T00:09:28.696+0000] {dag.py:4180} INFO - Setting next_dagrun for example_short_circuit_decorator to None, run_after=None
[2026-07-22T00:09:28.718+0000] {processor.py:208} INFO - Processing /home/airflow/.local/lib/python3.12/site-packages/airflow/example_dags/example_short_circuit_decorator.py took 0.134 seconds
[2026-07-22T00:09:59.617+0000] {processor.py:186} INFO - Started process (PID=383) to work on /home/airflow/.local/lib/python3.12/site-packages/airflow/example_dags/example_short_circuit_decorator.py
[2026-07-22T00:09:59.619+0000] {processor.py:914} INFO - Processing file /home/airflow/.local/lib/python3.12/site-packages/airflow/example_dags/example_short_circuit_decorator.py for tasks to queue
[2026-07-22T00:09:59.622+0000] {logging_mixin.py:190} INFO - [2026-07-22T00:09:59.621+0000] {dagbag.py:588} INFO - Filling up the DagBag from /home/airflow/.local/lib/python3.12/site-packages/airflow/example_dags/example_short_circuit_decorator.py
[2026-07-22T00:09:59.633+0000] {processor.py:925} INFO - DAG(s) 'example_short_circuit_decorator' retrieved from /home/airflow/.local/lib/python3.12/site-packages/airflow/example_dags/example_short_circuit_decorator.py
[2026-07-22T00:09:59.662+0000] {logging_mixin.py:190} INFO - [2026-07-22T00:09:59.661+0000] {dag.py:3239} INFO - Sync 1 DAGs
[2026-07-22T00:09:59.681+0000] {logging_mixin.py:190} INFO - [2026-07-22T00:09:59.681+0000] {dag.py:4180} INFO - Setting next_dagrun for example_short_circuit_decorator to None, run_after=None
[2026-07-22T00:09:59.706+0000] {processor.py:208} INFO - Processing /home/airflow/.local/lib/python3.12/site-packages/airflow/example_dags/example_short_circuit_decorator.py took 0.097 seconds
[2026-07-22T00:10:31.675+0000] {processor.py:186} INFO - Started process (PID=447) to work on /home/airflow/.local/lib/python3.12/site-packages/airflow/example_dags/example_short_circuit_decorator.py
[2026-07-22T00:10:31.676+0000] {processor.py:914} INFO - Processing file /home/airflow/.local/lib/python3.12/site-packages/airflow/example_dags/example_short_circuit_decorator.py for tasks to queue
[2026-07-22T00:10:31.680+0000] {logging_mixin.py:190} INFO - [2026-07-22T00:10:31.679+0000] {dagbag.py:588} INFO - Filling up the DagBag from /home/airflow/.local/lib/python3.12/site-packages/airflow/example_dags/example_short_circuit_decorator.py
[2026-07-22T00:10:31.695+0000] {processor.py:925} INFO - DAG(s) 'example_short_circuit_decorator' retrieved from /home/airflow/.local/lib/python3.12/site-packages/airflow/example_dags/example_short_circuit_decorator.py
[2026-07-22T00:10:31.725+0000] {logging_mixin.py:190} INFO - [2026-07-22T00:10:31.724+0000] {dag.py:3239} INFO - Sync 1 DAGs
[2026-07-22T00:10:31.743+0000] {logging_mixin.py:190} INFO - [2026-07-22T00:10:31.743+0000] {dag.py:4180} INFO - Setting next_dagrun for example_short_circuit_decorator to None, run_after=None
[2026-07-22T00:10:31.773+0000] {processor.py:208} INFO - Processing /home/airflow/.local/lib/python3.12/site-packages/airflow/example_dags/example_short_circuit_decorator.py took 0.105 seconds
[2026-07-22T00:11:02.657+0000] {processor.py:186} INFO - Started process (PID=511) to work on /home/airflow/.local/lib/python3.12/site-packages/airflow/example_dags/example_short_circuit_decorator.py
[2026-07-22T00:11:02.658+0000] {processor.py:914} INFO - Processing file /home/airflow/.local/lib/python3.12/site-packages/airflow/example_dags/example_short_circuit_decorator.py for tasks to queue
[2026-07-22T00:11:02.662+0000] {logging_mixin.py:190} INFO - [2026-07-22T00:11:02.661+0000] {dagbag.py:588} INFO - Filling up the DagBag from /home/airflow/.local/lib/python3.12/site-packages/airflow/example_dags/example_short_circuit_decorator.py
[2026-07-22T00:11:02.676+0000] {processor.py:925} INFO - DAG(s) 'example_short_circuit_decorator' retrieved from /home/airflow/.local/lib/python3.12/site-packages/airflow/example_dags/example_short_circuit_decorator.py
[2026-07-22T00:11:02.706+0000] {logging_mixin.py:190} INFO - [2026-07-22T00:11:02.705+0000] {dag.py:3239} INFO - Sync 1 DAGs
[2026-07-22T00:11:02.723+0000] {logging_mixin.py:190} INFO - [2026-07-22T00:11:02.723+0000] {dag.py:4180} INFO - Setting next_dagrun for example_short_circuit_decorator to None, run_after=None
[2026-07-22T00:11:02.746+0000] {processor.py:208} INFO - Processing /home/airflow/.local/lib/python3.12/site-packages/airflow/example_dags/example_short_circuit_decorator.py took 0.096 seconds
[2026-07-22T00:11:34.715+0000] {processor.py:186} INFO - Started process (PID=575) to work on /home/airflow/.local/lib/python3.12/site-packages/airflow/example_dags/example_short_circuit_decorator.py
[2026-07-22T00:11:34.717+0000] {processor.py:914} INFO - Processing file /home/airflow/.local/lib/python3.12/site-packages/airflow/example_dags/example_short_circuit_decorator.py for tasks to queue
[2026-07-22T00:11:34.720+0000] {logging_mixin.py:190} INFO - [2026-07-22T00:11:34.720+0000] {dagbag.py:588} INFO - Filling up the DagBag from /home/airflow/.local/lib/python3.12/site-packages/airflow/example_dags/example_short_circuit_decorator.py
[2026-07-22T00:11:34.734+0000] {processor.py:925} INFO - DAG(s) 'example_short_circuit_decorator' retrieved from /home/airflow/.local/lib/python3.12/site-packages/airflow/example_dags/example_short_circuit_decorator.py
[2026-07-22T00:11:34.761+0000] {logging_mixin.py:190} INFO - [2026-07-22T00:11:34.761+0000] {dag.py:3239} INFO - Sync 1 DAGs
[2026-07-22T00:11:34.779+0000] {logging_mixin.py:190} INFO - [2026-07-22T00:11:34.779+0000] {dag.py:4180} INFO - Setting next_dagrun for example_short_circuit_decorator to None, run_after=None
[2026-07-22T00:11:34.803+0000] {processor.py:208} INFO - Processing /home/airflow/.local/lib/python3.12/site-packages/airflow/example_dags/example_short_circuit_decorator.py took 0.095 seconds
[2026-07-22T00:12:05.950+0000] {processor.py:186} INFO - Started process (PID=640) to work on /home/airflow/.local/lib/python3.12/site-packages/airflow/example_dags/example_short_circuit_decorator.py
[2026-07-22T00:12:05.951+0000] {processor.py:914} INFO - Processing file /home/airflow/.local/lib/python3.12/site-packages/airflow/example_dags/example_short_circuit_decorator.py for tasks to queue
[2026-07-22T00:12:05.955+0000] {logging_mixin.py:190} INFO - [2026-07-22T00:12:05.954+0000] {dagbag.py:588} INFO - Filling up the DagBag from /home/airflow/.local/lib/python3.12/site-packages/airflow/example_dags/example_short_circuit_decorator.py
[2026-07-22T00:12:05.967+0000] {processor.py:925} INFO - DAG(s) 'example_short_circuit_decorator' retrieved from /home/airflow/.local/lib/python3.12/site-packages/airflow/example_dags/example_short_circuit_decorator.py
[2026-07-22T00:12:06.004+0000] {logging_mixin.py:190} INFO - [2026-07-22T00:12:06.004+0000] {dag.py:3239} INFO - Sync 1 DAGs
[2026-07-22T00:12:06.027+0000] {logging_mixin.py:190} INFO - [2026-07-22T00:12:06.027+0000] {dag.py:4180} INFO - Setting next_dagrun for example_short_circuit_decorator to None, run_after=None
[2026-07-22T00:12:06.054+0000] {processor.py:208} INFO - Processing /home/airflow/.local/lib/python3.12/site-packages/airflow/example_dags/example_short_circuit_decorator.py took 0.111 seconds
[2026-07-22T00:12:37.215+0000] {processor.py:186} INFO - Started process (PID=704) to work on /home/airflow/.local/lib/python3.12/site-packages/airflow/example_dags/example_short_circuit_decorator.py
[2026-07-22T00:12:37.217+0000] {processor.py:914} INFO - Processing file /home/airflow/.local/lib/python3.12/site-packages/airflow/example_dags/example_short_circuit_decorator.py for tasks to queue
[2026-07-22T00:12:37.221+0000] {logging_mixin.py:190} INFO - [2026-07-22T00:12:37.220+0000] {dagbag.py:588} INFO - Filling up the DagBag from /home/airflow/.local/lib/python3.12/site-packages/airflow/example_dags/example_short_circuit_decorator.py
[2026-07-22T00:12:37.236+0000] {processor.py:925} INFO - DAG(s) 'example_short_circuit_decorator' retrieved from /home/airflow/.local/lib/python3.12/site-packages/airflow/example_dags/example_short_circuit_decorator.py
[2026-07-22T00:12:37.271+0000] {logging_mixin.py:190} INFO - [2026-07-22T00:12:37.271+0000] {dag.py:3239} INFO - Sync 1 DAGs
[2026-07-22T00:12:37.294+0000] {logging_mixin.py:190} INFO - [2026-07-22T00:12:37.293+0000] {dag.py:4180} INFO - Setting next_dagrun for example_short_circuit_decorator to None, run_after=None
[2026-07-22T00:12:37.319+0000] {processor.py:208} INFO - Processing /home/airflow/.local/lib/python3.12/site-packages/airflow/example_dags/example_short_circuit_decorator.py took 0.113 seconds
[2026-07-22T00:13:08.479+0000] {processor.py:186} INFO - Started process (PID=769) to work on /home/airflow/.local/lib/python3.12/site-packages/airflow/example_dags/example_short_circuit_decorator.py
[2026-07-22T00:13:08.481+0000] {processor.py:914} INFO - Processing file /home/airflow/.local/lib/python3.12/site-packages/airflow/example_dags/example_short_circuit_decorator.py for tasks to queue
[2026-07-22T00:13:08.484+0000] {logging_mixin.py:190} INFO - [2026-07-22T00:13:08.483+0000] {dagbag.py:588} INFO - Filling up the DagBag from /home/airflow/.local/lib/python3.12/site-packages/airflow/example_dags/example_short_circuit_decorator.py
[2026-07-22T00:13:08.498+0000] {processor.py:925} INFO - DAG(s) 'example_short_circuit_decorator' retrieved from /home/airflow/.local/lib/python3.12/site-packages/airflow/example_dags/example_short_circuit_decorator.py
[2026-07-22T00:13:08.526+0000] {logging_mixin.py:190} INFO - [2026-07-22T00:13:08.525+0000] {dag.py:3239} INFO - Sync 1 DAGs
[2026-07-22T00:13:08.545+0000] {logging_mixin.py:190} INFO - [2026-07-22T00:13:08.545+0000] {dag.py:4180} INFO - Setting next_dagrun for example_short_circuit_decorator to None, run_after=None
[2026-07-22T00:13:08.569+0000] {processor.py:208} INFO - Processing /home/airflow/.local/lib/python3.12/site-packages/airflow/example_dags/example_short_circuit_decorator.py took 0.096 seconds
[2026-07-22T00:13:39.358+0000] {processor.py:186} INFO - Started process (PID=832) to work on /home/airflow/.local/lib/python3.12/site-packages/airflow/example_dags/example_short_circuit_decorator.py
[2026-07-22T00:13:39.360+0000] {processor.py:914} INFO - Processing file /home/airflow/.local/lib/python3.12/site-packages/airflow/example_dags/example_short_circuit_decorator.py for tasks to queue
[2026-07-22T00:13:39.363+0000] {logging_mixin.py:190} INFO - [2026-07-22T00:13:39.363+0000] {dagbag.py:588} INFO - Filling up the DagBag from /home/airflow/.local/lib/python3.12/site-packages/airflow/example_dags/example_short_circuit_decorator.py
[2026-07-22T00:13:39.375+0000] {processor.py:925} INFO - DAG(s) 'example_short_circuit_decorator' retrieved from /home/airflow/.local/lib/python3.12/site-packages/airflow/example_dags/example_short_circuit_decorator.py
[2026-07-22T00:13:39.405+0000] {logging_mixin.py:190} INFO - [2026-07-22T00:13:39.404+0000] {dag.py:3239} INFO - Sync 1 DAGs
[2026-07-22T00:13:39.421+0000] {logging_mixin.py:190} INFO - [2026-07-22T00:13:39.421+0000] {dag.py:4180} INFO - Setting next_dagrun for example_short_circuit_decorator to None, run_after=None
[2026-07-22T00:13:39.442+0000] {processor.py:208} INFO - Processing /home/airflow/.local/lib/python3.12/site-packages/airflow/example_dags/example_short_circuit_decorator.py took 0.091 seconds
[2026-07-22T00:14:10.252+0000] {processor.py:186} INFO - Started process (PID=896) to work on /home/airflow/.local/lib/python3.12/site-packages/airflow/example_dags/example_short_circuit_decorator.py
[2026-07-22T00:14:10.253+0000] {processor.py:914} INFO - Processing file /home/airflow/.local/lib/python3.12/site-packages/airflow/example_dags/example_short_circuit_decorator.py for tasks to queue
[2026-07-22T00:14:10.256+0000] {logging_mixin.py:190} INFO - [2026-07-22T00:14:10.256+0000] {dagbag.py:588} INFO - Filling up the DagBag from /home/airflow/.local/lib/python3.12/site-packages/airflow/example_dags/example_short_circuit_decorator.py
[2026-07-22T00:14:10.269+0000] {processor.py:925} INFO - DAG(s) 'example_short_circuit_decorator' retrieved from /home/airflow/.local/lib/python3.12/site-packages/airflow/example_dags/example_short_circuit_decorator.py
[2026-07-22T00:14:10.295+0000] {logging_mixin.py:190} INFO - [2026-07-22T00:14:10.294+0000] {dag.py:3239} INFO - Sync 1 DAGs
[2026-07-22T00:14:10.312+0000] {logging_mixin.py:190} INFO - [2026-07-22T00:14:10.311+0000] {dag.py:4180} INFO - Setting next_dagrun for example_short_circuit_decorator to None, run_after=None
[2026-07-22T00:14:10.333+0000] {processor.py:208} INFO - Processing /home/airflow/.local/lib/python3.12/site-packages/airflow/example_dags/example_short_circuit_decorator.py took 0.088 seconds
[2026-07-22T00:14:41.368+0000] {processor.py:186} INFO - Started process (PID=960) to work on /home/airflow/.local/lib/python3.12/site-packages/airflow/example_dags/example_short_circuit_decorator.py
[2026-07-22T00:14:41.369+0000] {processor.py:914} INFO - Processing file /home/airflow/.local/lib/python3.12/site-packages/airflow/example_dags/example_short_circuit_decorator.py for tasks to queue
[2026-07-22T00:14:41.373+0000] {logging_mixin.py:190} INFO - [2026-07-22T00:14:41.372+0000] {dagbag.py:588} INFO - Filling up the DagBag from /home/airflow/.local/lib/python3.12/site-packages/airflow/example_dags/example_short_circuit_decorator.py
[2026-07-22T00:14:41.389+0000] {processor.py:925} INFO - DAG(s) 'example_short_circuit_decorator' retrieved from /home/airflow/.local/lib/python3.12/site-packages/airflow/example_dags/example_short_circuit_decorator.py
[2026-07-22T00:14:41.418+0000] {logging_mixin.py:190} INFO - [2026-07-22T00:14:41.417+0000] {dag.py:3239} INFO - Sync 1 DAGs
[2026-07-22T00:14:41.442+0000] {logging_mixin.py:190} INFO - [2026-07-22T00:14:41.441+0000] {dag.py:4180} INFO - Setting next_dagrun for example_short_circuit_decorator to None, run_after=None
[2026-07-22T00:14:41.469+0000] {processor.py:208} INFO - Processing /home/airflow/.local/lib/python3.12/site-packages/airflow/example_dags/example_short_circuit_decorator.py took 0.109 seconds
[2026-07-22T00:15:12.185+0000] {processor.py:186} INFO - Started process (PID=1023) to work on /home/airflow/.local/lib/python3.12/site-packages/airflow/example_dags/example_short_circuit_decorator.py
[2026-07-22T00:15:12.186+0000] {processor.py:914} INFO - Processing file /home/airflow/.local/lib/python3.12/site-packages/airflow/example_dags/example_short_circuit_decorator.py for tasks to queue
[2026-07-22T00:15:12.189+0000] {logging_mixin.py:190} INFO - [2026-07-22T00:15:12.188+0000] {dagbag.py:588} INFO - Filling up the DagBag from /home/airflow/.local/lib/python3.12/site-packages/airflow/example_dags/example_short_circuit_decorator.py
[2026-07-22T00:15:12.200+0000] {processor.py:925} INFO - DAG(s) 'example_short_circuit_decorator' retrieved from /home/airflow/.local/lib/python3.12/site-packages/airflow/example_dags/example_short_circuit_decorator.py
[2026-07-22T00:15:12.228+0000] {logging_mixin.py:190} INFO - [2026-07-22T00:15:12.227+0000] {dag.py:3239} INFO - Sync 1 DAGs
[2026-07-22T00:15:12.248+0000] {logging_mixin.py:190} INFO - [2026-07-22T00:15:12.248+0000] {dag.py:4180} INFO - Setting next_dagrun for example_short_circuit_decorator to None, run_after=None
[2026-07-22T00:15:12.270+0000] {processor.py:208} INFO - Processing /home/airflow/.local/lib/python3.12/site-packages/airflow/example_dags/example_short_circuit_decorator.py took 0.091 seconds
[2026-07-22T00:15:42.850+0000] {processor.py:186} INFO - Started process (PID=1087) to work on /home/airflow/.local/lib/python3.12/site-packages/airflow/example_dags/example_short_circuit_decorator.py
[2026-07-22T00:15:42.852+0000] {processor.py:914} INFO - Processing file /home/airflow/.local/lib/python3.12/site-packages/airflow/example_dags/example_short_circuit_decorator.py for tasks to queue
[2026-07-22T00:15:42.855+0000] {logging_mixin.py:190} INFO - [2026-07-22T00:15:42.854+0000] {dagbag.py:588} INFO - Filling up the DagBag from /home/airflow/.local/lib/python3.12/site-packages/airflow/example_dags/example_short_circuit_decorator.py
[2026-07-22T00:15:42.867+0000] {processor.py:925} INFO - DAG(s) 'example_short_circuit_decorator' retrieved from /home/airflow/.local/lib/python3.12/site-packages/airflow/example_dags/example_short_circuit_decorator.py
[2026-07-22T00:15:42.894+0000] {logging_mixin.py:190} INFO - [2026-07-22T00:15:42.893+0000] {dag.py:3239} INFO - Sync 1 DAGs
[2026-07-22T00:15:42.914+0000] {logging_mixin.py:190} INFO - [2026-07-22T00:15:42.914+0000] {dag.py:4180} INFO - Setting next_dagrun for example_short_circuit_decorator to None, run_after=None
[2026-07-22T00:15:42.936+0000] {processor.py:208} INFO - Processing /home/airflow/.local/lib/python3.12/site-packages/airflow/example_dags/example_short_circuit_decorator.py took 0.092 seconds
[2026-07-22T00:16:13.023+0000] {processor.py:186} INFO - Started process (PID=1150) to work on /home/airflow/.local/lib/python3.12/site-packages/airflow/example_dags/example_short_circuit_decorator.py
[2026-07-22T00:16:13.025+0000] {processor.py:914} INFO - Processing file /home/airflow/.local/lib/python3.12/site-packages/airflow/example_dags/example_short_circuit_decorator.py for tasks to queue
[2026-07-22T00:16:13.029+0000] {logging_mixin.py:190} INFO - [2026-07-22T00:16:13.028+0000] {dagbag.py:588} INFO - Filling up the DagBag from /home/airflow/.local/lib/python3.12/site-packages/airflow/example_dags/example_short_circuit_decorator.py
[2026-07-22T00:16:13.041+0000] {processor.py:925} INFO - DAG(s) 'example_short_circuit_decorator' retrieved from /home/airflow/.local/lib/python3.12/site-packages/airflow/example_dags/example_short_circuit_decorator.py
[2026-07-22T00:16:13.066+0000] {logging_mixin.py:190} INFO - [2026-07-22T00:16:13.065+0000] {dag.py:3239} INFO - Sync 1 DAGs
[2026-07-22T00:16:13.082+0000] {logging_mixin.py:190} INFO - [2026-07-22T00:16:13.082+0000] {dag.py:4180} INFO - Setting next_dagrun for example_short_circuit_decorator to None, run_after=None
[2026-07-22T00:16:13.105+0000] {processor.py:208} INFO - Processing /home/airflow/.local/lib/python3.12/site-packages/airflow/example_dags/example_short_circuit_decorator.py took 0.090 seconds
[2026-07-22T00:16:44.437+0000] {processor.py:186} INFO - Started process (PID=1214) to work on /home/airflow/.local/lib/python3.12/site-packages/airflow/example_dags/example_short_circuit_decorator.py
[2026-07-22T00:16:44.439+0000] {processor.py:914} INFO - Processing file /home/airflow/.local/lib/python3.12/site-packages/airflow/example_dags/example_short_circuit_decorator.py for tasks to queue
[2026-07-22T00:16:44.443+0000] {logging_mixin.py:190} INFO - [2026-07-22T00:16:44.442+0000] {dagbag.py:588} INFO - Filling up the DagBag from /home/airflow/.local/lib/python3.12/site-packages/airflow/example_dags/example_short_circuit_decorator.py
[2026-07-22T00:16:44.455+0000] {processor.py:925} INFO - DAG(s) 'example_short_circuit_decorator' retrieved from /home/airflow/.local/lib/python3.12/site-packages/airflow/example_dags/example_short_circuit_decorator.py
[2026-07-22T00:16:44.484+0000] {logging_mixin.py:190} INFO - [2026-07-22T00:16:44.484+0000] {dag.py:3239} INFO - Sync 1 DAGs
[2026-07-22T00:16:44.501+0000] {logging_mixin.py:190} INFO - [2026-07-22T00:16:44.500+0000] {dag.py:4180} INFO - Setting next_dagrun for example_short_circuit_decorator to None, run_after=None
[2026-07-22T00:16:44.527+0000] {processor.py:208} INFO - Processing /home/airflow/.local/lib/python3.12/site-packages/airflow/example_dags/example_short_circuit_decorator.py took 0.098 seconds
[2026-07-22T00:17:15.452+0000] {processor.py:186} INFO - Started process (PID=1278) to work on /home/airflow/.local/lib/python3.12/site-packages/airflow/example_dags/example_short_circuit_decorator.py
[2026-07-22T00:17:15.454+0000] {processor.py:914} INFO - Processing file /home/airflow/.local/lib/python3.12/site-packages/airflow/example_dags/example_short_circuit_decorator.py for tasks to queue
[2026-07-22T00:17:15.458+0000] {logging_mixin.py:190} INFO - [2026-07-22T00:17:15.458+0000] {dagbag.py:588} INFO - Filling up the DagBag from /home/airflow/.local/lib/python3.12/site-packages/airflow/example_dags/example_short_circuit_decorator.py
[2026-07-22T00:17:15.474+0000] {processor.py:925} INFO - DAG(s) 'example_short_circuit_decorator' retrieved from /home/airflow/.local/lib/python3.12/site-packages/airflow/example_dags/example_short_circuit_decorator.py
[2026-07-22T00:17:15.508+0000] {logging_mixin.py:190} INFO - [2026-07-22T00:17:15.507+0000] {dag.py:3239} INFO - Sync 1 DAGs
[2026-07-22T00:17:15.533+0000] {logging_mixin.py:190} INFO - [2026-07-22T00:17:15.533+0000] {dag.py:4180} INFO - Setting next_dagrun for example_short_circuit_decorator to None, run_after=None
[2026-07-22T00:17:15.561+0000] {processor.py:208} INFO - Processing /home/airflow/.local/lib/python3.12/site-packages/airflow/example_dags/example_short_circuit_decorator.py took 0.116 seconds
[2026-07-22T00:17:45.872+0000] {processor.py:186} INFO - Started process (PID=1342) to work on /home/airflow/.local/lib/python3.12/site-packages/airflow/example_dags/example_short_circuit_decorator.py
[2026-07-22T00:17:45.873+0000] {processor.py:914} INFO - Processing file /home/airflow/.local/lib/python3.12/site-packages/airflow/example_dags/example_short_circuit_decorator.py for tasks to queue
[2026-07-22T00:17:45.877+0000] {logging_mixin.py:190} INFO - [2026-07-22T00:17:45.877+0000] {dagbag.py:588} INFO - Filling up the DagBag from /home/airflow/.local/lib/python3.12/site-packages/airflow/example_dags/example_short_circuit_decorator.py
[2026-07-22T00:17:45.890+0000] {processor.py:925} INFO - DAG(s) 'example_short_circuit_decorator' retrieved from /home/airflow/.local/lib/python3.12/site-packages/airflow/example_dags/example_short_circuit_decorator.py
[2026-07-22T00:17:45.921+0000] {logging_mixin.py:190} INFO - [2026-07-22T00:17:45.921+0000] {dag.py:3239} INFO - Sync 1 DAGs
[2026-07-22T00:17:45.939+0000] {logging_mixin.py:190} INFO - [2026-07-22T00:17:45.939+0000] {dag.py:4180} INFO - Setting next_dagrun for example_short_circuit_decorator to None, run_after=None
[2026-07-22T00:17:45.965+0000] {processor.py:208} INFO - Processing /home/airflow/.local/lib/python3.12/site-packages/airflow/example_dags/example_short_circuit_decorator.py took 0.102 seconds
[2026-07-22T00:18:16.056+0000] {processor.py:186} INFO - Started process (PID=1405) to work on /home/airflow/.local/lib/python3.12/site-packages/airflow/example_dags/example_short_circuit_decorator.py
[2026-07-22T00:18:16.058+0000] {processor.py:914} INFO - Processing file /home/airflow/.local/lib/python3.12/site-packages/airflow/example_dags/example_short_circuit_decorator.py for tasks to queue
[2026-07-22T00:18:16.061+0000] {logging_mixin.py:190} INFO - [2026-07-22T00:18:16.061+0000] {dagbag.py:588} INFO - Filling up the DagBag from /home/airflow/.local/lib/python3.12/site-packages/airflow/example_dags/example_short_circuit_decorator.py
[2026-07-22T00:18:16.074+0000] {processor.py:925} INFO - DAG(s) 'example_short_circuit_decorator' retrieved from /home/airflow/.local/lib/python3.12/site-packages/airflow/example_dags/example_short_circuit_decorator.py
[2026-07-22T00:18:16.108+0000] {logging_mixin.py:190} INFO - [2026-07-22T00:18:16.108+0000] {dag.py:3239} INFO - Sync 1 DAGs
[2026-07-22T00:18:16.126+0000] {logging_mixin.py:190} INFO - [2026-07-22T00:18:16.126+0000] {dag.py:4180} INFO - Setting next_dagrun for example_short_circuit_decorator to None, run_after=None
[2026-07-22T00:18:16.151+0000] {processor.py:208} INFO - Processing /home/airflow/.local/lib/python3.12/site-packages/airflow/example_dags/example_short_circuit_decorator.py took 0.102 seconds
[2026-07-22T00:18:46.310+0000] {processor.py:186} INFO - Started process (PID=1469) to work on /home/airflow/.local/lib/python3.12/site-packages/airflow/example_dags/example_short_circuit_decorator.py
[2026-07-22T00:18:46.312+0000] {processor.py:914} INFO - Processing file /home/airflow/.local/lib/python3.12/site-packages/airflow/example_dags/example_short_circuit_decorator.py for tasks to queue
[2026-07-22T00:18:46.317+0000] {logging_mixin.py:190} INFO - [2026-07-22T00:18:46.316+0000] {dagbag.py:588} INFO - Filling up the DagBag from /home/airflow/.local/lib/python3.12/site-packages/airflow/example_dags/example_short_circuit_decorator.py
[2026-07-22T00:18:46.341+0000] {processor.py:925} INFO - DAG(s) 'example_short_circuit_decorator' retrieved from /home/airflow/.local/lib/python3.12/site-packages/airflow/example_dags/example_short_circuit_decorator.py
[2026-07-22T00:18:46.376+0000] {logging_mixin.py:190} INFO - [2026-07-22T00:18:46.375+0000] {dag.py:3239} INFO - Sync 1 DAGs
[2026-07-22T00:18:46.396+0000] {logging_mixin.py:190} INFO - [2026-07-22T00:18:46.396+0000] {dag.py:4180} INFO - Setting next_dagrun for example_short_circuit_decorator to None, run_after=None
[2026-07-22T00:18:46.431+0000] {processor.py:208} INFO - Processing /home/airflow/.local/lib/python3.12/site-packages/airflow/example_dags/example_short_circuit_decorator.py took 0.131 seconds
[2026-07-22T00:19:17.038+0000] {processor.py:186} INFO - Started process (PID=1533) to work on /home/airflow/.local/lib/python3.12/site-packages/airflow/example_dags/example_short_circuit_decorator.py
[2026-07-22T00:19:17.040+0000] {processor.py:914} INFO - Processing file /home/airflow/.local/lib/python3.12/site-packages/airflow/example_dags/example_short_circuit_decorator.py for tasks to queue
[2026-07-22T00:19:17.045+0000] {logging_mixin.py:190} INFO - [2026-07-22T00:19:17.044+0000] {dagbag.py:588} INFO - Filling up the DagBag from /home/airflow/.local/lib/python3.12/site-packages/airflow/example_dags/example_short_circuit_decorator.py
[2026-07-22T00:19:17.071+0000] {processor.py:925} INFO - DAG(s) 'example_short_circuit_decorator' retrieved from /home/airflow/.local/lib/python3.12/site-packages/airflow/example_dags/example_short_circuit_decorator.py
[2026-07-22T00:19:17.107+0000] {logging_mixin.py:190} INFO - [2026-07-22T00:19:17.107+0000] {dag.py:3239} INFO - Sync 1 DAGs
[2026-07-22T00:19:17.130+0000] {logging_mixin.py:190} INFO - [2026-07-22T00:19:17.130+0000] {dag.py:4180} INFO - Setting next_dagrun for example_short_circuit_decorator to None, run_after=None
[2026-07-22T00:19:17.155+0000] {processor.py:208} INFO - Processing /home/airflow/.local/lib/python3.12/site-packages/airflow/example_dags/example_short_circuit_decorator.py took 0.133 seconds
[2026-07-22T00:19:47.972+0000] {processor.py:186} INFO - Started process (PID=1597) to work on /home/airflow/.local/lib/python3.12/site-packages/airflow/example_dags/example_short_circuit_decorator.py
[2026-07-22T00:19:47.973+0000] {processor.py:914} INFO - Processing file /home/airflow/.local/lib/python3.12/site-packages/airflow/example_dags/example_short_circuit_decorator.py for tasks to queue
[2026-07-22T00:19:47.976+0000] {logging_mixin.py:190} INFO - [2026-07-22T00:19:47.976+0000] {dagbag.py:588} INFO - Filling up the DagBag from /home/airflow/.local/lib/python3.12/site-packages/airflow/example_dags/example_short_circuit_decorator.py
[2026-07-22T00:19:47.991+0000] {processor.py:925} INFO - DAG(s) 'example_short_circuit_decorator' retrieved from /home/airflow/.local/lib/python3.12/site-packages/airflow/example_dags/example_short_circuit_decorator.py
[2026-07-22T00:19:48.016+0000] {logging_mixin.py:190} INFO - [2026-07-22T00:19:48.016+0000] {dag.py:3239} INFO - Sync 1 DAGs
[2026-07-22T00:19:48.035+0000] {logging_mixin.py:190} INFO - [2026-07-22T00:19:48.034+0000] {dag.py:4180} INFO - Setting next_dagrun for example_short_circuit_decorator to None, run_after=None
[2026-07-22T00:19:48.057+0000] {processor.py:208} INFO - Processing /home/airflow/.local/lib/python3.12/site-packages/airflow/example_dags/example_short_circuit_decorator.py took 0.092 seconds
[2026-07-22T00:20:18.905+0000] {processor.py:186} INFO - Started process (PID=1661) to work on /home/airflow/.local/lib/python3.12/site-packages/airflow/example_dags/example_short_circuit_decorator.py
[2026-07-22T00:20:18.906+0000] {processor.py:914} INFO - Processing file /home/airflow/.local/lib/python3.12/site-packages/airflow/example_dags/example_short_circuit_decorator.py for tasks to queue
[2026-07-22T00:20:18.910+0000] {logging_mixin.py:190} INFO - [2026-07-22T00:20:18.910+0000] {dagbag.py:588} INFO - Filling up the DagBag from /home/airflow/.local/lib/python3.12/site-packages/airflow/example_dags/example_short_circuit_decorator.py
[2026-07-22T00:20:18.925+0000] {processor.py:925} INFO - DAG(s) 'example_short_circuit_decorator' retrieved from /home/airflow/.local/lib/python3.12/site-packages/airflow/example_dags/example_short_circuit_decorator.py
[2026-07-22T00:20:18.953+0000] {logging_mixin.py:190} INFO - [2026-07-22T00:20:18.953+0000] {dag.py:3239} INFO - Sync 1 DAGs
[2026-07-22T00:20:18.977+0000] {logging_mixin.py:190} INFO - [2026-07-22T00:20:18.977+0000] {dag.py:4180} INFO - Setting next_dagrun for example_short_circuit_decorator to None, run_after=None
[2026-07-22T00:20:19.001+0000] {processor.py:208} INFO - Processing /home/airflow/.local/lib/python3.12/site-packages/airflow/example_dags/example_short_circuit_decorator.py took 0.103 seconds
[2026-07-22T00:20:49.820+0000] {processor.py:186} INFO - Started process (PID=1725) to work on /home/airflow/.local/lib/python3.12/site-packages/airflow/example_dags/example_short_circuit_decorator.py
[2026-07-22T00:20:49.821+0000] {processor.py:914} INFO - Processing file /home/airflow/.local/lib/python3.12/site-packages/airflow/example_dags/example_short_circuit_decorator.py for tasks to queue
[2026-07-22T00:20:49.824+0000] {logging_mixin.py:190} INFO - [2026-07-22T00:20:49.824+0000] {dagbag.py:588} INFO - Filling up the DagBag from /home/airflow/.local/lib/python3.12/site-packages/airflow/example_dags/example_short_circuit_decorator.py
[2026-07-22T00:20:49.835+0000] {processor.py:925} INFO - DAG(s) 'example_short_circuit_decorator' retrieved from /home/airflow/.local/lib/python3.12/site-packages/airflow/example_dags/example_short_circuit_decorator.py
[2026-07-22T00:20:49.864+0000] {logging_mixin.py:190} INFO - [2026-07-22T00:20:49.864+0000] {dag.py:3239} INFO - Sync 1 DAGs
[2026-07-22T00:20:49.881+0000] {logging_mixin.py:190} INFO - [2026-07-22T00:20:49.881+0000] {dag.py:4180} INFO - Setting next_dagrun for example_short_circuit_decorator to None, run_after=None
[2026-07-22T00:20:49.902+0000] {processor.py:208} INFO - Processing /home/airflow/.local/lib/python3.12/site-packages/airflow/example_dags/example_short_circuit_decorator.py took 0.088 seconds
[2026-07-22T00:21:20.275+0000] {processor.py:186} INFO - Started process (PID=1789) to work on /home/airflow/.local/lib/python3.12/site-packages/airflow/example_dags/example_short_circuit_decorator.py
[2026-07-22T00:21:20.277+0000] {processor.py:914} INFO - Processing file /home/airflow/.local/lib/python3.12/site-packages/airflow/example_dags/example_short_circuit_decorator.py for tasks to queue
[2026-07-22T00:21:20.286+0000] {logging_mixin.py:190} INFO - [2026-07-22T00:21:20.285+0000] {dagbag.py:588} INFO - Filling up the DagBag from /home/airflow/.local/lib/python3.12/site-packages/airflow/example_dags/example_short_circuit_decorator.py
[2026-07-22T00:21:20.332+0000] {processor.py:925} INFO - DAG(s) 'example_short_circuit_decorator' retrieved from /home/airflow/.local/lib/python3.12/site-packages/airflow/example_dags/example_short_circuit_decorator.py
[2026-07-22T00:21:20.374+0000] {logging_mixin.py:190} INFO - [2026-07-22T00:21:20.373+0000] {dag.py:3239} INFO - Sync 1 DAGs
[2026-07-22T00:21:20.392+0000] {logging_mixin.py:190} INFO - [2026-07-22T00:21:20.391+0000] {dag.py:4180} INFO - Setting next_dagrun for example_short_circuit_decorator to None, run_after=None
[2026-07-22T00:21:20.418+0000] {processor.py:208} INFO - Processing /home/airflow/.local/lib/python3.12/site-packages/airflow/example_dags/example_short_circuit_decorator.py took 0.152 seconds
[2026-07-22T00:21:50.700+0000] {processor.py:186} INFO - Started process (PID=1853) to work on /home/airflow/.local/lib/python3.12/site-packages/airflow/example_dags/example_short_circuit_decorator.py
[2026-07-22T00:21:50.701+0000] {processor.py:914} INFO - Processing file /home/airflow/.local/lib/python3.12/site-packages/airflow/example_dags/example_short_circuit_decorator.py for tasks to queue
[2026-07-22T00:21:50.704+0000] {logging_mixin.py:190} INFO - [2026-07-22T00:21:50.704+0000] {dagbag.py:588} INFO - Filling up the DagBag from /home/airflow/.local/lib/python3.12/site-packages/airflow/example_dags/example_short_circuit_decorator.py
[2026-07-22T00:21:50.715+0000] {processor.py:925} INFO - DAG(s) 'example_short_circuit_decorator' retrieved from /home/airflow/.local/lib/python3.12/site-packages/airflow/example_dags/example_short_circuit_decorator.py
[2026-07-22T00:21:50.741+0000] {logging_mixin.py:190} INFO - [2026-07-22T00:21:50.740+0000] {dag.py:3239} INFO - Sync 1 DAGs
[2026-07-22T00:21:50.761+0000] {logging_mixin.py:190} INFO - [2026-07-22T00:21:50.761+0000] {dag.py:4180} INFO - Setting next_dagrun for example_short_circuit_decorator to None, run_after=None
[2026-07-22T00:21:50.783+0000] {processor.py:208} INFO - Processing /home/airflow/.local/lib/python3.12/site-packages/airflow/example_dags/example_short_circuit_decorator.py took 0.089 seconds
[2026-07-22T00:22:20.863+0000] {processor.py:186} INFO - Started process (PID=1916) to work on /home/airflow/.local/lib/python3.12/site-packages/airflow/example_dags/example_short_circuit_decorator.py
[2026-07-22T00:22:20.865+0000] {processor.py:914} INFO - Processing file /home/airflow/.local/lib/python3.12/site-packages/airflow/example_dags/example_short_circuit_decorator.py for tasks to queue
[2026-07-22T00:22:20.868+0000] {logging_mixin.py:190} INFO - [2026-07-22T00:22:20.867+0000] {dagbag.py:588} INFO - Filling up the DagBag from /home/airflow/.local/lib/python3.12/site-packages/airflow/example_dags/example_short_circuit_decorator.py
[2026-07-22T00:22:20.882+0000] {processor.py:925} INFO - DAG(s) 'example_short_circuit_decorator' retrieved from /home/airflow/.local/lib/python3.12/site-packages/airflow/example_dags/example_short_circuit_decorator.py
[2026-07-22T00:22:20.908+0000] {logging_mixin.py:190} INFO - [2026-07-22T00:22:20.908+0000] {dag.py:3239} INFO - Sync 1 DAGs
[2026-07-22T00:22:20.926+0000] {logging_mixin.py:190} INFO - [2026-07-22T00:22:20.926+0000] {dag.py:4180} INFO - Setting next_dagrun for example_short_circuit_decorator to None, run_after=None
[2026-07-22T00:22:20.951+0000] {processor.py:208} INFO - Processing /home/airflow/.local/lib/python3.12/site-packages/airflow/example_dags/example_short_circuit_decorator.py took 0.095 seconds
[2026-07-22T00:22:51.655+0000] {processor.py:186} INFO - Started process (PID=1980) to work on /home/airflow/.local/lib/python3.12/site-packages/airflow/example_dags/example_short_circuit_decorator.py
[2026-07-22T00:22:51.663+0000] {processor.py:914} INFO - Processing file /home/airflow/.local/lib/python3.12/site-packages/airflow/example_dags/example_short_circuit_decorator.py for tasks to queue
[2026-07-22T00:22:51.669+0000] {logging_mixin.py:190} INFO - [2026-07-22T00:22:51.669+0000] {dagbag.py:588} INFO - Filling up the DagBag from /home/airflow/.local/lib/python3.12/site-packages/airflow/example_dags/example_short_circuit_decorator.py
[2026-07-22T00:22:51.716+0000] {processor.py:925} INFO - DAG(s) 'example_short_circuit_decorator' retrieved from /home/airflow/.local/lib/python3.12/site-packages/airflow/example_dags/example_short_circuit_decorator.py
[2026-07-22T00:22:51.756+0000] {logging_mixin.py:190} INFO - [2026-07-22T00:22:51.755+0000] {dag.py:3239} INFO - Sync 1 DAGs
[2026-07-22T00:22:51.780+0000] {logging_mixin.py:190} INFO - [2026-07-22T00:22:51.779+0000] {dag.py:4180} INFO - Setting next_dagrun for example_short_circuit_decorator to None, run_after=None
[2026-07-22T00:22:51.814+0000] {processor.py:208} INFO - Processing /home/airflow/.local/lib/python3.12/site-packages/airflow/example_dags/example_short_circuit_decorator.py took 0.198 seconds
[2026-07-22T00:23:22.117+0000] {processor.py:186} INFO - Started process (PID=2044) to work on /home/airflow/.local/lib/python3.12/site-packages/airflow/example_dags/example_short_circuit_decorator.py
[2026-07-22T00:23:22.119+0000] {processor.py:914} INFO - Processing file /home/airflow/.local/lib/python3.12/site-packages/airflow/example_dags/example_short_circuit_decorator.py for tasks to queue
[2026-07-22T00:23:22.124+0000] {logging_mixin.py:190} INFO - [2026-07-22T00:23:22.123+0000] {dagbag.py:588} INFO - Filling up the DagBag from /home/airflow/.local/lib/python3.12/site-packages/airflow/example_dags/example_short_circuit_decorator.py
[2026-07-22T00:23:22.141+0000] {processor.py:925} INFO - DAG(s) 'example_short_circuit_decorator' retrieved from /home/airflow/.local/lib/python3.12/site-packages/airflow/example_dags/example_short_circuit_decorator.py
[2026-07-22T00:23:22.174+0000] {logging_mixin.py:190} INFO - [2026-07-22T00:23:22.174+0000] {dag.py:3239} INFO - Sync 1 DAGs
[2026-07-22T00:23:22.194+0000] {logging_mixin.py:190} INFO - [2026-07-22T00:23:22.194+0000] {dag.py:4180} INFO - Setting next_dagrun for example_short_circuit_decorator to None, run_after=None
[2026-07-22T00:23:22.221+0000] {processor.py:208} INFO - Processing /home/airflow/.local/lib/python3.12/site-packages/airflow/example_dags/example_short_circuit_decorator.py took 0.113 seconds
[2026-07-22T00:23:52.286+0000] {processor.py:186} INFO - Started process (PID=2108) to work on /home/airflow/.local/lib/python3.12/site-packages/airflow/example_dags/example_short_circuit_decorator.py
[2026-07-22T00:23:52.288+0000] {processor.py:914} INFO - Processing file /home/airflow/.local/lib/python3.12/site-packages/airflow/example_dags/example_short_circuit_decorator.py for tasks to queue
[2026-07-22T00:23:52.292+0000] {logging_mixin.py:190} INFO - [2026-07-22T00:23:52.292+0000] {dagbag.py:588} INFO - Filling up the DagBag from /home/airflow/.local/lib/python3.12/site-packages/airflow/example_dags/example_short_circuit_decorator.py
[2026-07-22T00:23:52.307+0000] {processor.py:925} INFO - DAG(s) 'example_short_circuit_decorator' retrieved from /home/airflow/.local/lib/python3.12/site-packages/airflow/example_dags/example_short_circuit_decorator.py
[2026-07-22T00:23:52.334+0000] {logging_mixin.py:190} INFO - [2026-07-22T00:23:52.334+0000] {dag.py:3239} INFO - Sync 1 DAGs
[2026-07-22T00:23:52.352+0000] {logging_mixin.py:190} INFO - [2026-07-22T00:23:52.352+0000] {dag.py:4180} INFO - Setting next_dagrun for example_short_circuit_decorator to None, run_after=None
[2026-07-22T00:23:52.376+0000] {processor.py:208} INFO - Processing /home/airflow/.local/lib/python3.12/site-packages/airflow/example_dags/example_short_circuit_decorator.py took 0.098 seconds
[2026-07-22T00:24:22.598+0000] {processor.py:186} INFO - Started process (PID=2173) to work on /home/airflow/.local/lib/python3.12/site-packages/airflow/example_dags/example_short_circuit_decorator.py
[2026-07-22T00:24:22.599+0000] {processor.py:914} INFO - Processing file /home/airflow/.local/lib/python3.12/site-packages/airflow/example_dags/example_short_circuit_decorator.py for tasks to queue
[2026-07-22T00:24:22.602+0000] {logging_mixin.py:190} INFO - [2026-07-22T00:24:22.602+0000] {dagbag.py:588} INFO - Filling up the DagBag from /home/airflow/.local/lib/python3.12/site-packages/airflow/example_dags/example_short_circuit_decorator.py
[2026-07-22T00:24:22.614+0000] {processor.py:925} INFO - DAG(s) 'example_short_circuit_decorator' retrieved from /home/airflow/.local/lib/python3.12/site-packages/airflow/example_dags/example_short_circuit_decorator.py
[2026-07-22T00:24:22.639+0000] {logging_mixin.py:190} INFO - [2026-07-22T00:24:22.639+0000] {dag.py:3239} INFO - Sync 1 DAGs
[2026-07-22T00:24:22.657+0000] {logging_mixin.py:190} INFO - [2026-07-22T00:24:22.656+0000] {dag.py:4180} INFO - Setting next_dagrun for example_short_circuit_decorator to None, run_after=None
[2026-07-22T00:24:22.688+0000] {processor.py:208} INFO - Processing /home/airflow/.local/lib/python3.12/site-packages/airflow/example_dags/example_short_circuit_decorator.py took 0.097 seconds
[2026-07-22T00:24:52.941+0000] {processor.py:186} INFO - Started process (PID=2237) to work on /home/airflow/.local/lib/python3.12/site-packages/airflow/example_dags/example_short_circuit_decorator.py
[2026-07-22T00:24:52.943+0000] {processor.py:914} INFO - Processing file /home/airflow/.local/lib/python3.12/site-packages/airflow/example_dags/example_short_circuit_decorator.py for tasks to queue
[2026-07-22T00:24:52.946+0000] {logging_mixin.py:190} INFO - [2026-07-22T00:24:52.946+0000] {dagbag.py:588} INFO - Filling up the DagBag from /home/airflow/.local/lib/python3.12/site-packages/airflow/example_dags/example_short_circuit_decorator.py
[2026-07-22T00:24:52.960+0000] {processor.py:925} INFO - DAG(s) 'example_short_circuit_decorator' retrieved from /home/airflow/.local/lib/python3.12/site-packages/airflow/example_dags/example_short_circuit_decorator.py
[2026-07-22T00:24:52.991+0000] {logging_mixin.py:190} INFO - [2026-07-22T00:24:52.991+0000] {dag.py:3239} INFO - Sync 1 DAGs
[2026-07-22T00:24:53.014+0000] {logging_mixin.py:190} INFO - [2026-07-22T00:24:53.014+0000] {dag.py:4180} INFO - Setting next_dagrun for example_short_circuit_decorator to None, run_after=None
[2026-07-22T00:24:53.043+0000] {processor.py:208} INFO - Processing /home/airflow/.local/lib/python3.12/site-packages/airflow/example_dags/example_short_circuit_decorator.py took 0.109 seconds
[2026-07-22T00:25:23.165+0000] {processor.py:186} INFO - Started process (PID=2301) to work on /home/airflow/.local/lib/python3.12/site-packages/airflow/example_dags/example_short_circuit_decorator.py
[2026-07-22T00:25:23.166+0000] {processor.py:914} INFO - Processing file /home/airflow/.local/lib/python3.12/site-packages/airflow/example_dags/example_short_circuit_decorator.py for tasks to queue
[2026-07-22T00:25:23.169+0000] {logging_mixin.py:190} INFO - [2026-07-22T00:25:23.169+0000] {dagbag.py:588} INFO - Filling up the DagBag from /home/airflow/.local/lib/python3.12/site-packages/airflow/example_dags/example_short_circuit_decorator.py
[2026-07-22T00:25:23.179+0000] {processor.py:925} INFO - DAG(s) 'example_short_circuit_decorator' retrieved from /home/airflow/.local/lib/python3.12/site-packages/airflow/example_dags/example_short_circuit_decorator.py
[2026-07-22T00:25:23.202+0000] {logging_mixin.py:190} INFO - [2026-07-22T00:25:23.201+0000] {dag.py:3239} INFO - Sync 1 DAGs
[2026-07-22T00:25:23.216+0000] {logging_mixin.py:190} INFO - [2026-07-22T00:25:23.216+0000] {dag.py:4180} INFO - Setting next_dagrun for example_short_circuit_decorator to None, run_after=None
[2026-07-22T00:25:23.239+0000] {processor.py:208} INFO - Processing /home/airflow/.local/lib/python3.12/site-packages/airflow/example_dags/example_short_circuit_decorator.py took 0.080 seconds
[2026-07-22T00:25:53.472+0000] {processor.py:186} INFO - Started process (PID=2365) to work on /home/airflow/.local/lib/python3.12/site-packages/airflow/example_dags/example_short_circuit_decorator.py
[2026-07-22T00:25:53.473+0000] {processor.py:914} INFO - Processing file /home/airflow/.local/lib/python3.12/site-packages/airflow/example_dags/example_short_circuit_decorator.py for tasks to queue
[2026-07-22T00:25:53.477+0000] {logging_mixin.py:190} INFO - [2026-07-22T00:25:53.476+0000] {dagbag.py:588} INFO - Filling up the DagBag from /home/airflow/.local/lib/python3.12/site-packages/airflow/example_dags/example_short_circuit_decorator.py
[2026-07-22T00:25:53.488+0000] {processor.py:925} INFO - DAG(s) 'example_short_circuit_decorator' retrieved from /home/airflow/.local/lib/python3.12/site-packages/airflow/example_dags/example_short_circuit_decorator.py
[2026-07-22T00:25:53.516+0000] {logging_mixin.py:190} INFO - [2026-07-22T00:25:53.516+0000] {dag.py:3239} INFO - Sync 1 DAGs
[2026-07-22T00:25:53.538+0000] {logging_mixin.py:190} INFO - [2026-07-22T00:25:53.537+0000] {dag.py:4180} INFO - Setting next_dagrun for example_short_circuit_decorator to None, run_after=None
[2026-07-22T00:25:53.561+0000] {processor.py:208} INFO - Processing /home/airflow/.local/lib/python3.12/site-packages/airflow/example_dags/example_short_circuit_decorator.py took 0.096 seconds
[2026-07-22T00:26:23.801+0000] {processor.py:186} INFO - Started process (PID=2431) to work on /home/airflow/.local/lib/python3.12/site-packages/airflow/example_dags/example_short_circuit_decorator.py
[2026-07-22T00:26:23.802+0000] {processor.py:914} INFO - Processing file /home/airflow/.local/lib/python3.12/site-packages/airflow/example_dags/example_short_circuit_decorator.py for tasks to queue
[2026-07-22T00:26:23.805+0000] {logging_mixin.py:190} INFO - [2026-07-22T00:26:23.804+0000] {dagbag.py:588} INFO - Filling up the DagBag from /home/airflow/.local/lib/python3.12/site-packages/airflow/example_dags/example_short_circuit_decorator.py
[2026-07-22T00:26:23.816+0000] {processor.py:925} INFO - DAG(s) 'example_short_circuit_decorator' retrieved from /home/airflow/.local/lib/python3.12/site-packages/airflow/example_dags/example_short_circuit_decorator.py
[2026-07-22T00:26:23.843+0000] {logging_mixin.py:190} INFO - [2026-07-22T00:26:23.843+0000] {dag.py:3239} INFO - Sync 1 DAGs
[2026-07-22T00:26:23.863+0000] {logging_mixin.py:190} INFO - [2026-07-22T00:26:23.863+0000] {dag.py:4180} INFO - Setting next_dagrun for example_short_circuit_decorator to None, run_after=None
[2026-07-22T00:26:23.903+0000] {processor.py:208} INFO - Processing /home/airflow/.local/lib/python3.12/site-packages/airflow/example_dags/example_short_circuit_decorator.py took 0.111 seconds
[2026-07-22T00:26:54.008+0000] {processor.py:186} INFO - Started process (PID=2495) to work on /home/airflow/.local/lib/python3.12/site-packages/airflow/example_dags/example_short_circuit_decorator.py
[2026-07-22T00:26:54.009+0000] {processor.py:914} INFO - Processing file /home/airflow/.local/lib/python3.12/site-packages/airflow/example_dags/example_short_circuit_decorator.py for tasks to queue
[2026-07-22T00:26:54.013+0000] {logging_mixin.py:190} INFO - [2026-07-22T00:26:54.013+0000] {dagbag.py:588} INFO - Filling up the DagBag from /home/airflow/.local/lib/python3.12/site-packages/airflow/example_dags/example_short_circuit_decorator.py
[2026-07-22T00:26:54.028+0000] {processor.py:925} INFO - DAG(s) 'example_short_circuit_decorator' retrieved from /home/airflow/.local/lib/python3.12/site-packages/airflow/example_dags/example_short_circuit_decorator.py
[2026-07-22T00:26:54.065+0000] {logging_mixin.py:190} INFO - [2026-07-22T00:26:54.065+0000] {dag.py:3239} INFO - Sync 1 DAGs
[2026-07-22T00:26:54.085+0000] {logging_mixin.py:190} INFO - [2026-07-22T00:26:54.085+0000] {dag.py:4180} INFO - Setting next_dagrun for example_short_circuit_decorator to None, run_after=None
[2026-07-22T00:26:54.106+0000] {processor.py:208} INFO - Processing /home/airflow/.local/lib/python3.12/site-packages/airflow/example_dags/example_short_circuit_decorator.py took 0.107 seconds
[2026-07-22T00:27:24.240+0000] {processor.py:186} INFO - Started process (PID=2559) to work on /home/airflow/.local/lib/python3.12/site-packages/airflow/example_dags/example_short_circuit_decorator.py
[2026-07-22T00:27:24.242+0000] {processor.py:914} INFO - Processing file /home/airflow/.local/lib/python3.12/site-packages/airflow/example_dags/example_short_circuit_decorator.py for tasks to queue
[2026-07-22T00:27:24.245+0000] {logging_mixin.py:190} INFO - [2026-07-22T00:27:24.244+0000] {dagbag.py:588} INFO - Filling up the DagBag from /home/airflow/.local/lib/python3.12/site-packages/airflow/example_dags/example_short_circuit_decorator.py
[2026-07-22T00:27:24.255+0000] {processor.py:925} INFO - DAG(s) 'example_short_circuit_decorator' retrieved from /home/airflow/.local/lib/python3.12/site-packages/airflow/example_dags/example_short_circuit_decorator.py
[2026-07-22T00:27:24.280+0000] {logging_mixin.py:190} INFO - [2026-07-22T00:27:24.280+0000] {dag.py:3239} INFO - Sync 1 DAGs
[2026-07-22T00:27:24.296+0000] {logging_mixin.py:190} INFO - [2026-07-22T00:27:24.296+0000] {dag.py:4180} INFO - Setting next_dagrun for example_short_circuit_decorator to None, run_after=None
[2026-07-22T00:27:24.326+0000] {processor.py:208} INFO - Processing /home/airflow/.local/lib/python3.12/site-packages/airflow/example_dags/example_short_circuit_decorator.py took 0.093 seconds
[2026-07-22T00:27:55.117+0000] {processor.py:186} INFO - Started process (PID=2623) to work on /home/airflow/.local/lib/python3.12/site-packages/airflow/example_dags/example_short_circuit_decorator.py
[2026-07-22T00:27:55.118+0000] {processor.py:914} INFO - Processing file /home/airflow/.local/lib/python3.12/site-packages/airflow/example_dags/example_short_circuit_decorator.py for tasks to queue
[2026-07-22T00:27:55.122+0000] {logging_mixin.py:190} INFO - [2026-07-22T00:27:55.121+0000] {dagbag.py:588} INFO - Filling up the DagBag from /home/airflow/.local/lib/python3.12/site-packages/airflow/example_dags/example_short_circuit_decorator.py
[2026-07-22T00:27:55.133+0000] {processor.py:925} INFO - DAG(s) 'example_short_circuit_decorator' retrieved from /home/airflow/.local/lib/python3.12/site-packages/airflow/example_dags/example_short_circuit_decorator.py
[2026-07-22T00:27:55.160+0000] {logging_mixin.py:190} INFO - [2026-07-22T00:27:55.160+0000] {dag.py:3239} INFO - Sync 1 DAGs
[2026-07-22T00:27:55.178+0000] {logging_mixin.py:190} INFO - [2026-07-22T00:27:55.177+0000] {dag.py:4180} INFO - Setting next_dagrun for example_short_circuit_decorator to None, run_after=None
[2026-07-22T00:27:55.202+0000] {processor.py:208} INFO - Processing /home/airflow/.local/lib/python3.12/site-packages/airflow/example_dags/example_short_circuit_decorator.py took 0.094 seconds
[2026-07-22T00:28:25.682+0000] {processor.py:186} INFO - Started process (PID=2687) to work on /home/airflow/.local/lib/python3.12/site-packages/airflow/example_dags/example_short_circuit_decorator.py
[2026-07-22T00:28:25.683+0000] {processor.py:914} INFO - Processing file /home/airflow/.local/lib/python3.12/site-packages/airflow/example_dags/example_short_circuit_decorator.py for tasks to queue
[2026-07-22T00:28:25.686+0000] {logging_mixin.py:190} INFO - [2026-07-22T00:28:25.686+0000] {dagbag.py:588} INFO - Filling up the DagBag from /home/airflow/.local/lib/python3.12/site-packages/airflow/example_dags/example_short_circuit_decorator.py
[2026-07-22T00:28:25.697+0000] {processor.py:925} INFO - DAG(s) 'example_short_circuit_decorator' retrieved from /home/airflow/.local/lib/python3.12/site-packages/airflow/example_dags/example_short_circuit_decorator.py
[2026-07-22T00:28:25.722+0000] {logging_mixin.py:190} INFO - [2026-07-22T00:28:25.722+0000] {dag.py:3239} INFO - Sync 1 DAGs
[2026-07-22T00:28:25.739+0000] {logging_mixin.py:190} INFO - [2026-07-22T00:28:25.739+0000] {dag.py:4180} INFO - Setting next_dagrun for example_short_circuit_decorator to None, run_after=None
[2026-07-22T00:28:25.762+0000] {processor.py:208} INFO - Processing /home/airflow/.local/lib/python3.12/site-packages/airflow/example_dags/example_short_circuit_decorator.py took 0.086 seconds
[2026-07-22T00:28:55.956+0000] {processor.py:186} INFO - Started process (PID=2751) to work on /home/airflow/.local/lib/python3.12/site-packages/airflow/example_dags/example_short_circuit_decorator.py
[2026-07-22T00:28:55.957+0000] {processor.py:914} INFO - Processing file /home/airflow/.local/lib/python3.12/site-packages/airflow/example_dags/example_short_circuit_decorator.py for tasks to queue
[2026-07-22T00:28:55.960+0000] {logging_mixin.py:190} INFO - [2026-07-22T00:28:55.960+0000] {dagbag.py:588} INFO - Filling up the DagBag from /home/airflow/.local/lib/python3.12/site-packages/airflow/example_dags/example_short_circuit_decorator.py
[2026-07-22T00:28:55.971+0000] {processor.py:925} INFO - DAG(s) 'example_short_circuit_decorator' retrieved from /home/airflow/.local/lib/python3.12/site-packages/airflow/example_dags/example_short_circuit_decorator.py
[2026-07-22T00:28:55.996+0000] {logging_mixin.py:190} INFO - [2026-07-22T00:28:55.996+0000] {dag.py:3239} INFO - Sync 1 DAGs
[2026-07-22T00:28:56.229+0000] {logging_mixin.py:190} INFO - [2026-07-22T00:28:56.228+0000] {dag.py:4180} INFO - Setting next_dagrun for example_short_circuit_decorator to None, run_after=None
[2026-07-22T00:28:56.257+0000] {processor.py:208} INFO - Processing /home/airflow/.local/lib/python3.12/site-packages/airflow/example_dags/example_short_circuit_decorator.py took 0.307 seconds
[2026-07-22T00:29:26.722+0000] {processor.py:186} INFO - Started process (PID=2815) to work on /home/airflow/.local/lib/python3.12/site-packages/airflow/example_dags/example_short_circuit_decorator.py
[2026-07-22T00:29:26.723+0000] {processor.py:914} INFO - Processing file /home/airflow/.local/lib/python3.12/site-packages/airflow/example_dags/example_short_circuit_decorator.py for tasks to queue
[2026-07-22T00:29:26.726+0000] {logging_mixin.py:190} INFO - [2026-07-22T00:29:26.726+0000] {dagbag.py:588} INFO - Filling up the DagBag from /home/airflow/.local/lib/python3.12/site-packages/airflow/example_dags/example_short_circuit_decorator.py
[2026-07-22T00:29:26.738+0000] {processor.py:925} INFO - DAG(s) 'example_short_circuit_decorator' retrieved from /home/airflow/.local/lib/python3.12/site-packages/airflow/example_dags/example_short_circuit_decorator.py
[2026-07-22T00:29:26.766+0000] {logging_mixin.py:190} INFO - [2026-07-22T00:29:26.765+0000] {dag.py:3239} INFO - Sync 1 DAGs
[2026-07-22T00:29:26.786+0000] {logging_mixin.py:190} INFO - [2026-07-22T00:29:26.786+0000] {dag.py:4180} INFO - Setting next_dagrun for example_short_circuit_decorator to None, run_after=None
[2026-07-22T00:29:27.022+0000] {processor.py:208} INFO - Processing /home/airflow/.local/lib/python3.12/site-packages/airflow/example_dags/example_short_circuit_decorator.py took 0.308 seconds
[2026-07-22T00:29:57.674+0000] {processor.py:186} INFO - Started process (PID=2880) to work on /home/airflow/.local/lib/python3.12/site-packages/airflow/example_dags/example_short_circuit_decorator.py
[2026-07-22T00:29:57.676+0000] {processor.py:914} INFO - Processing file /home/airflow/.local/lib/python3.12/site-packages/airflow/example_dags/example_short_circuit_decorator.py for tasks to queue
[2026-07-22T00:29:57.680+0000] {logging_mixin.py:190} INFO - [2026-07-22T00:29:57.679+0000] {dagbag.py:588} INFO - Filling up the DagBag from /home/airflow/.local/lib/python3.12/site-packages/airflow/example_dags/example_short_circuit_decorator.py
[2026-07-22T00:29:57.694+0000] {processor.py:925} INFO - DAG(s) 'example_short_circuit_decorator' retrieved from /home/airflow/.local/lib/python3.12/site-packages/airflow/example_dags/example_short_circuit_decorator.py
[2026-07-22T00:29:57.727+0000] {logging_mixin.py:190} INFO - [2026-07-22T00:29:57.726+0000] {dag.py:3239} INFO - Sync 1 DAGs
[2026-07-22T00:29:57.748+0000] {logging_mixin.py:190} INFO - [2026-07-22T00:29:57.748+0000] {dag.py:4180} INFO - Setting next_dagrun for example_short_circuit_decorator to None, run_after=None
[2026-07-22T00:29:57.782+0000] {processor.py:208} INFO - Processing /home/airflow/.local/lib/python3.12/site-packages/airflow/example_dags/example_short_circuit_decorator.py took 0.118 seconds
[2026-07-22T00:30:28.087+0000] {processor.py:186} INFO - Started process (PID=2944) to work on /home/airflow/.local/lib/python3.12/site-packages/airflow/example_dags/example_short_circuit_decorator.py
[2026-07-22T00:30:28.089+0000] {processor.py:914} INFO - Processing file /home/airflow/.local/lib/python3.12/site-packages/airflow/example_dags/example_short_circuit_decorator.py for tasks to queue
[2026-07-22T00:30:28.092+0000] {logging_mixin.py:190} INFO - [2026-07-22T00:30:28.091+0000] {dagbag.py:588} INFO - Filling up the DagBag from /home/airflow/.local/lib/python3.12/site-packages/airflow/example_dags/example_short_circuit_decorator.py
[2026-07-22T00:30:28.105+0000] {processor.py:925} INFO - DAG(s) 'example_short_circuit_decorator' retrieved from /home/airflow/.local/lib/python3.12/site-packages/airflow/example_dags/example_short_circuit_decorator.py
[2026-07-22T00:30:28.129+0000] {logging_mixin.py:190} INFO - [2026-07-22T00:30:28.129+0000] {dag.py:3239} INFO - Sync 1 DAGs
[2026-07-22T00:30:28.148+0000] {logging_mixin.py:190} INFO - [2026-07-22T00:30:28.147+0000] {dag.py:4180} INFO - Setting next_dagrun for example_short_circuit_decorator to None, run_after=None
[2026-07-22T00:30:28.171+0000] {processor.py:208} INFO - Processing /home/airflow/.local/lib/python3.12/site-packages/airflow/example_dags/example_short_circuit_decorator.py took 0.091 seconds
[2026-07-22T00:30:58.825+0000] {processor.py:186} INFO - Started process (PID=3008) to work on /home/airflow/.local/lib/python3.12/site-packages/airflow/example_dags/example_short_circuit_decorator.py
[2026-07-22T00:30:58.827+0000] {processor.py:914} INFO - Processing file /home/airflow/.local/lib/python3.12/site-packages/airflow/example_dags/example_short_circuit_decorator.py for tasks to queue
[2026-07-22T00:30:58.831+0000] {logging_mixin.py:190} INFO - [2026-07-22T00:30:58.830+0000] {dagbag.py:588} INFO - Filling up the DagBag from /home/airflow/.local/lib/python3.12/site-packages/airflow/example_dags/example_short_circuit_decorator.py
[2026-07-22T00:30:58.850+0000] {processor.py:925} INFO - DAG(s) 'example_short_circuit_decorator' retrieved from /home/airflow/.local/lib/python3.12/site-packages/airflow/example_dags/example_short_circuit_decorator.py
[2026-07-22T00:30:58.879+0000] {logging_mixin.py:190} INFO - [2026-07-22T00:30:58.879+0000] {dag.py:3239} INFO - Sync 1 DAGs
[2026-07-22T00:30:58.903+0000] {logging_mixin.py:190} INFO - [2026-07-22T00:30:58.903+0000] {dag.py:4180} INFO - Setting next_dagrun for example_short_circuit_decorator to None, run_after=None
[2026-07-22T00:30:58.932+0000] {processor.py:208} INFO - Processing /home/airflow/.local/lib/python3.12/site-packages/airflow/example_dags/example_short_circuit_decorator.py took 0.113 seconds
[2026-07-22T00:31:29.189+0000] {processor.py:186} INFO - Started process (PID=3072) to work on /home/airflow/.local/lib/python3.12/site-packages/airflow/example_dags/example_short_circuit_decorator.py
[2026-07-22T00:31:29.191+0000] {processor.py:914} INFO - Processing file /home/airflow/.local/lib/python3.12/site-packages/airflow/example_dags/example_short_circuit_decorator.py for tasks to queue
[2026-07-22T00:31:29.196+0000] {logging_mixin.py:190} INFO - [2026-07-22T00:31:29.195+0000] {dagbag.py:588} INFO - Filling up the DagBag from /home/airflow/.local/lib/python3.12/site-packages/airflow/example_dags/example_short_circuit_decorator.py
[2026-07-22T00:31:29.215+0000] {processor.py:925} INFO - DAG(s) 'example_short_circuit_decorator' retrieved from /home/airflow/.local/lib/python3.12/site-packages/airflow/example_dags/example_short_circuit_decorator.py
[2026-07-22T00:31:29.252+0000] {logging_mixin.py:190} INFO - [2026-07-22T00:31:29.251+0000] {dag.py:3239} INFO - Sync 1 DAGs
[2026-07-22T00:31:29.275+0000] {logging_mixin.py:190} INFO - [2026-07-22T00:31:29.275+0000] {dag.py:4180} INFO - Setting next_dagrun for example_short_circuit_decorator to None, run_after=None
[2026-07-22T00:31:29.305+0000] {processor.py:208} INFO - Processing /home/airflow/.local/lib/python3.12/site-packages/airflow/example_dags/example_short_circuit_decorator.py took 0.126 seconds
[2026-07-22T00:31:59.521+0000] {processor.py:186} INFO - Started process (PID=3136) to work on /home/airflow/.local/lib/python3.12/site-packages/airflow/example_dags/example_short_circuit_decorator.py
[2026-07-22T00:31:59.522+0000] {processor.py:914} INFO - Processing file /home/airflow/.local/lib/python3.12/site-packages/airflow/example_dags/example_short_circuit_decorator.py for tasks to queue
[2026-07-22T00:31:59.525+0000] {logging_mixin.py:190} INFO - [2026-07-22T00:31:59.524+0000] {dagbag.py:588} INFO - Filling up the DagBag from /home/airflow/.local/lib/python3.12/site-packages/airflow/example_dags/example_short_circuit_decorator.py
[2026-07-22T00:31:59.539+0000] {processor.py:925} INFO - DAG(s) 'example_short_circuit_decorator' retrieved from /home/airflow/.local/lib/python3.12/site-packages/airflow/example_dags/example_short_circuit_decorator.py
[2026-07-22T00:31:59.567+0000] {logging_mixin.py:190} INFO - [2026-07-22T00:31:59.567+0000] {dag.py:3239} INFO - Sync 1 DAGs
[2026-07-22T00:31:59.588+0000] {logging_mixin.py:190} INFO - [2026-07-22T00:31:59.588+0000] {dag.py:4180} INFO - Setting next_dagrun for example_short_circuit_decorator to None, run_after=None
[2026-07-22T00:31:59.615+0000] {processor.py:208} INFO - Processing /home/airflow/.local/lib/python3.12/site-packages/airflow/example_dags/example_short_circuit_decorator.py took 0.101 seconds
[2026-07-22T00:32:30.259+0000] {processor.py:186} INFO - Started process (PID=3206) to work on /home/airflow/.local/lib/python3.12/site-packages/airflow/example_dags/example_short_circuit_decorator.py
[2026-07-22T00:32:30.260+0000] {processor.py:914} INFO - Processing file /home/airflow/.local/lib/python3.12/site-packages/airflow/example_dags/example_short_circuit_decorator.py for tasks to queue
[2026-07-22T00:32:30.263+0000] {logging_mixin.py:190} INFO - [2026-07-22T00:32:30.263+0000] {dagbag.py:588} INFO - Filling up the DagBag from /home/airflow/.local/lib/python3.12/site-packages/airflow/example_dags/example_short_circuit_decorator.py
[2026-07-22T00:32:30.274+0000] {processor.py:925} INFO - DAG(s) 'example_short_circuit_decorator' retrieved from /home/airflow/.local/lib/python3.12/site-packages/airflow/example_dags/example_short_circuit_decorator.py
[2026-07-22T00:32:30.300+0000] {logging_mixin.py:190} INFO - [2026-07-22T00:32:30.300+0000] {dag.py:3239} INFO - Sync 1 DAGs
[2026-07-22T00:32:30.317+0000] {logging_mixin.py:190} INFO - [2026-07-22T00:32:30.317+0000] {dag.py:4180} INFO - Setting next_dagrun for example_short_circuit_decorator to None, run_after=None
[2026-07-22T00:32:30.343+0000] {processor.py:208} INFO - Processing /home/airflow/.local/lib/python3.12/site-packages/airflow/example_dags/example_short_circuit_decorator.py took 0.090 seconds
[2026-07-22T00:33:00.634+0000] {processor.py:186} INFO - Started process (PID=3270) to work on /home/airflow/.local/lib/python3.12/site-packages/airflow/example_dags/example_short_circuit_decorator.py
[2026-07-22T00:33:00.635+0000] {processor.py:914} INFO - Processing file /home/airflow/.local/lib/python3.12/site-packages/airflow/example_dags/example_short_circuit_decorator.py for tasks to queue
[2026-07-22T00:33:00.639+0000] {logging_mixin.py:190} INFO - [2026-07-22T00:33:00.638+0000] {dagbag.py:588} INFO - Filling up the DagBag from /home/airflow/.local/lib/python3.12/site-packages/airflow/example_dags/example_short_circuit_decorator.py
[2026-07-22T00:33:00.651+0000] {processor.py:925} INFO - DAG(s) 'example_short_circuit_decorator' retrieved from /home/airflow/.local/lib/python3.12/site-packages/airflow/example_dags/example_short_circuit_decorator.py
[2026-07-22T00:33:00.679+0000] {logging_mixin.py:190} INFO - [2026-07-22T00:33:00.678+0000] {dag.py:3239} INFO - Sync 1 DAGs
[2026-07-22T00:33:00.697+0000] {logging_mixin.py:190} INFO - [2026-07-22T00:33:00.696+0000] {dag.py:4180} INFO - Setting next_dagrun for example_short_circuit_decorator to None, run_after=None
[2026-07-22T00:33:00.724+0000] {processor.py:208} INFO - Processing /home/airflow/.local/lib/python3.12/site-packages/airflow/example_dags/example_short_circuit_decorator.py took 0.098 seconds
[2026-07-22T00:33:30.920+0000] {processor.py:186} INFO - Started process (PID=3332) to work on /home/airflow/.local/lib/python3.12/site-packages/airflow/example_dags/example_short_circuit_decorator.py
[2026-07-22T00:33:30.926+0000] {processor.py:914} INFO - Processing file /home/airflow/.local/lib/python3.12/site-packages/airflow/example_dags/example_short_circuit_decorator.py for tasks to queue
[2026-07-22T00:33:30.930+0000] {logging_mixin.py:190} INFO - [2026-07-22T00:33:30.930+0000] {dagbag.py:588} INFO - Filling up the DagBag from /home/airflow/.local/lib/python3.12/site-packages/airflow/example_dags/example_short_circuit_decorator.py
[2026-07-22T00:33:30.954+0000] {processor.py:925} INFO - DAG(s) 'example_short_circuit_decorator' retrieved from /home/airflow/.local/lib/python3.12/site-packages/airflow/example_dags/example_short_circuit_decorator.py
[2026-07-22T00:33:30.993+0000] {logging_mixin.py:190} INFO - [2026-07-22T00:33:30.992+0000] {dag.py:3239} INFO - Sync 1 DAGs
[2026-07-22T00:33:31.027+0000] {logging_mixin.py:190} INFO - [2026-07-22T00:33:31.026+0000] {dag.py:4180} INFO - Setting next_dagrun for example_short_circuit_decorator to None, run_after=None
[2026-07-22T00:33:31.064+0000] {processor.py:208} INFO - Processing /home/airflow/.local/lib/python3.12/site-packages/airflow/example_dags/example_short_circuit_decorator.py took 0.154 seconds
[2026-07-22T00:34:01.182+0000] {processor.py:186} INFO - Started process (PID=3396) to work on /home/airflow/.local/lib/python3.12/site-packages/airflow/example_dags/example_short_circuit_decorator.py
[2026-07-22T00:34:01.183+0000] {processor.py:914} INFO - Processing file /home/airflow/.local/lib/python3.12/site-packages/airflow/example_dags/example_short_circuit_decorator.py for tasks to queue
[2026-07-22T00:34:01.187+0000] {logging_mixin.py:190} INFO - [2026-07-22T00:34:01.186+0000] {dagbag.py:588} INFO - Filling up the DagBag from /home/airflow/.local/lib/python3.12/site-packages/airflow/example_dags/example_short_circuit_decorator.py
[2026-07-22T00:34:01.202+0000] {processor.py:925} INFO - DAG(s) 'example_short_circuit_decorator' retrieved from /home/airflow/.local/lib/python3.12/site-packages/airflow/example_dags/example_short_circuit_decorator.py
[2026-07-22T00:34:01.230+0000] {logging_mixin.py:190} INFO - [2026-07-22T00:34:01.229+0000] {dag.py:3239} INFO - Sync 1 DAGs
[2026-07-22T00:34:01.249+0000] {logging_mixin.py:190} INFO - [2026-07-22T00:34:01.249+0000] {dag.py:4180} INFO - Setting next_dagrun for example_short_circuit_decorator to None, run_after=None
[2026-07-22T00:34:01.279+0000] {processor.py:208} INFO - Processing /home/airflow/.local/lib/python3.12/site-packages/airflow/example_dags/example_short_circuit_decorator.py took 0.104 seconds
[2026-07-22T00:34:31.997+0000] {processor.py:186} INFO - Started process (PID=3460) to work on /home/airflow/.local/lib/python3.12/site-packages/airflow/example_dags/example_short_circuit_decorator.py
[2026-07-22T00:34:31.999+0000] {processor.py:914} INFO - Processing file /home/airflow/.local/lib/python3.12/site-packages/airflow/example_dags/example_short_circuit_decorator.py for tasks to queue
[2026-07-22T00:34:32.004+0000] {logging_mixin.py:190} INFO - [2026-07-22T00:34:32.003+0000] {dagbag.py:588} INFO - Filling up the DagBag from /home/airflow/.local/lib/python3.12/site-packages/airflow/example_dags/example_short_circuit_decorator.py
[2026-07-22T00:34:32.016+0000] {processor.py:925} INFO - DAG(s) 'example_short_circuit_decorator' retrieved from /home/airflow/.local/lib/python3.12/site-packages/airflow/example_dags/example_short_circuit_decorator.py
[2026-07-22T00:34:32.052+0000] {logging_mixin.py:190} INFO - [2026-07-22T00:34:32.051+0000] {dag.py:3239} INFO - Sync 1 DAGs
[2026-07-22T00:34:32.071+0000] {logging_mixin.py:190} INFO - [2026-07-22T00:34:32.071+0000] {dag.py:4180} INFO - Setting next_dagrun for example_short_circuit_decorator to None, run_after=None
[2026-07-22T00:34:32.096+0000] {processor.py:208} INFO - Processing /home/airflow/.local/lib/python3.12/site-packages/airflow/example_dags/example_short_circuit_decorator.py took 0.106 seconds
[2026-07-22T00:35:02.687+0000] {processor.py:186} INFO - Started process (PID=3522) to work on /home/airflow/.local/lib/python3.12/site-packages/airflow/example_dags/example_short_circuit_decorator.py
[2026-07-22T00:35:02.688+0000] {processor.py:914} INFO - Processing file /home/airflow/.local/lib/python3.12/site-packages/airflow/example_dags/example_short_circuit_decorator.py for tasks to queue
[2026-07-22T00:35:02.692+0000] {logging_mixin.py:190} INFO - [2026-07-22T00:35:02.691+0000] {dagbag.py:588} INFO - Filling up the DagBag from /home/airflow/.local/lib/python3.12/site-packages/airflow/example_dags/example_short_circuit_decorator.py
[2026-07-22T00:35:02.707+0000] {processor.py:925} INFO - DAG(s) 'example_short_circuit_decorator' retrieved from /home/airflow/.local/lib/python3.12/site-packages/airflow/example_dags/example_short_circuit_decorator.py
[2026-07-22T00:35:02.733+0000] {logging_mixin.py:190} INFO - [2026-07-22T00:35:02.733+0000] {dag.py:3239} INFO - Sync 1 DAGs
[2026-07-22T00:35:02.751+0000] {logging_mixin.py:190} INFO - [2026-07-22T00:35:02.751+0000] {dag.py:4180} INFO - Setting next_dagrun for example_short_circuit_decorator to None, run_after=None
[2026-07-22T00:35:02.772+0000] {processor.py:208} INFO - Processing /home/airflow/.local/lib/python3.12/site-packages/airflow/example_dags/example_short_circuit_decorator.py took 0.093 seconds
[2026-07-22T00:35:33.475+0000] {processor.py:186} INFO - Started process (PID=3587) to work on /home/airflow/.local/lib/python3.12/site-packages/airflow/example_dags/example_short_circuit_decorator.py
[2026-07-22T00:35:33.477+0000] {processor.py:914} INFO - Processing file /home/airflow/.local/lib/python3.12/site-packages/airflow/example_dags/example_short_circuit_decorator.py for tasks to queue
[2026-07-22T00:35:33.482+0000] {logging_mixin.py:190} INFO - [2026-07-22T00:35:33.481+0000] {dagbag.py:588} INFO - Filling up the DagBag from /home/airflow/.local/lib/python3.12/site-packages/airflow/example_dags/example_short_circuit_decorator.py
[2026-07-22T00:35:33.498+0000] {processor.py:925} INFO - DAG(s) 'example_short_circuit_decorator' retrieved from /home/airflow/.local/lib/python3.12/site-packages/airflow/example_dags/example_short_circuit_decorator.py
[2026-07-22T00:35:33.524+0000] {logging_mixin.py:190} INFO - [2026-07-22T00:35:33.524+0000] {dag.py:3239} INFO - Sync 1 DAGs
[2026-07-22T00:35:33.541+0000] {logging_mixin.py:190} INFO - [2026-07-22T00:35:33.541+0000] {dag.py:4180} INFO - Setting next_dagrun for example_short_circuit_decorator to None, run_after=None
[2026-07-22T00:35:33.562+0000] {processor.py:208} INFO - Processing /home/airflow/.local/lib/python3.12/site-packages/airflow/example_dags/example_short_circuit_decorator.py took 0.097 seconds
[2026-07-22T00:36:03.734+0000] {processor.py:186} INFO - Started process (PID=3651) to work on /home/airflow/.local/lib/python3.12/site-packages/airflow/example_dags/example_short_circuit_decorator.py
[2026-07-22T00:36:03.735+0000] {processor.py:914} INFO - Processing file /home/airflow/.local/lib/python3.12/site-packages/airflow/example_dags/example_short_circuit_decorator.py for tasks to queue
[2026-07-22T00:36:03.739+0000] {logging_mixin.py:190} INFO - [2026-07-22T00:36:03.739+0000] {dagbag.py:588} INFO - Filling up the DagBag from /home/airflow/.local/lib/python3.12/site-packages/airflow/example_dags/example_short_circuit_decorator.py
[2026-07-22T00:36:03.752+0000] {processor.py:925} INFO - DAG(s) 'example_short_circuit_decorator' retrieved from /home/airflow/.local/lib/python3.12/site-packages/airflow/example_dags/example_short_circuit_decorator.py
[2026-07-22T00:36:03.782+0000] {logging_mixin.py:190} INFO - [2026-07-22T00:36:03.781+0000] {dag.py:3239} INFO - Sync 1 DAGs
[2026-07-22T00:36:03.801+0000] {logging_mixin.py:190} INFO - [2026-07-22T00:36:03.801+0000] {dag.py:4180} INFO - Setting next_dagrun for example_short_circuit_decorator to None, run_after=None
[2026-07-22T00:36:03.835+0000] {processor.py:208} INFO - Processing /home/airflow/.local/lib/python3.12/site-packages/airflow/example_dags/example_short_circuit_decorator.py took 0.109 seconds
[2026-07-22T00:36:34.797+0000] {processor.py:186} INFO - Started process (PID=3715) to work on /home/airflow/.local/lib/python3.12/site-packages/airflow/example_dags/example_short_circuit_decorator.py
[2026-07-22T00:36:34.799+0000] {processor.py:914} INFO - Processing file /home/airflow/.local/lib/python3.12/site-packages/airflow/example_dags/example_short_circuit_decorator.py for tasks to queue
[2026-07-22T00:36:34.803+0000] {logging_mixin.py:190} INFO - [2026-07-22T00:36:34.802+0000] {dagbag.py:588} INFO - Filling up the DagBag from /home/airflow/.local/lib/python3.12/site-packages/airflow/example_dags/example_short_circuit_decorator.py
[2026-07-22T00:36:34.817+0000] {processor.py:925} INFO - DAG(s) 'example_short_circuit_decorator' retrieved from /home/airflow/.local/lib/python3.12/site-packages/airflow/example_dags/example_short_circuit_decorator.py
[2026-07-22T00:36:34.848+0000] {logging_mixin.py:190} INFO - [2026-07-22T00:36:34.848+0000] {dag.py:3239} INFO - Sync 1 DAGs
[2026-07-22T00:36:34.872+0000] {logging_mixin.py:190} INFO - [2026-07-22T00:36:34.872+0000] {dag.py:4180} INFO - Setting next_dagrun for example_short_circuit_decorator to None, run_after=None
[2026-07-22T00:36:34.902+0000] {processor.py:208} INFO - Processing /home/airflow/.local/lib/python3.12/site-packages/airflow/example_dags/example_short_circuit_decorator.py took 0.114 seconds
[2026-07-22T00:37:06.354+0000] {processor.py:186} INFO - Started process (PID=3779) to work on /home/airflow/.local/lib/python3.12/site-packages/airflow/example_dags/example_short_circuit_decorator.py
[2026-07-22T00:37:06.356+0000] {processor.py:914} INFO - Processing file /home/airflow/.local/lib/python3.12/site-packages/airflow/example_dags/example_short_circuit_decorator.py for tasks to queue
[2026-07-22T00:37:06.361+0000] {logging_mixin.py:190} INFO - [2026-07-22T00:37:06.360+0000] {dagbag.py:588} INFO - Filling up the DagBag from /home/airflow/.local/lib/python3.12/site-packages/airflow/example_dags/example_short_circuit_decorator.py
[2026-07-22T00:37:06.384+0000] {processor.py:925} INFO - DAG(s) 'example_short_circuit_decorator' retrieved from /home/airflow/.local/lib/python3.12/site-packages/airflow/example_dags/example_short_circuit_decorator.py
[2026-07-22T00:37:06.426+0000] {logging_mixin.py:190} INFO - [2026-07-22T00:37:06.425+0000] {dag.py:3239} INFO - Sync 1 DAGs
[2026-07-22T00:37:06.455+0000] {logging_mixin.py:190} INFO - [2026-07-22T00:37:06.454+0000] {dag.py:4180} INFO - Setting next_dagrun for example_short_circuit_decorator to None, run_after=None
[2026-07-22T00:37:06.488+0000] {processor.py:208} INFO - Processing /home/airflow/.local/lib/python3.12/site-packages/airflow/example_dags/example_short_circuit_decorator.py took 0.146 seconds
[2026-07-22T00:37:38.145+0000] {processor.py:186} INFO - Started process (PID=3843) to work on /home/airflow/.local/lib/python3.12/site-packages/airflow/example_dags/example_short_circuit_decorator.py
[2026-07-22T00:37:38.146+0000] {processor.py:914} INFO - Processing file /home/airflow/.local/lib/python3.12/site-packages/airflow/example_dags/example_short_circuit_decorator.py for tasks to queue
[2026-07-22T00:37:38.151+0000] {logging_mixin.py:190} INFO - [2026-07-22T00:37:38.150+0000] {dagbag.py:588} INFO - Filling up the DagBag from /home/airflow/.local/lib/python3.12/site-packages/airflow/example_dags/example_short_circuit_decorator.py
[2026-07-22T00:37:38.166+0000] {processor.py:925} INFO - DAG(s) 'example_short_circuit_decorator' retrieved from /home/airflow/.local/lib/python3.12/site-packages/airflow/example_dags/example_short_circuit_decorator.py
[2026-07-22T00:37:38.191+0000] {logging_mixin.py:190} INFO - [2026-07-22T00:37:38.191+0000] {dag.py:3239} INFO - Sync 1 DAGs
[2026-07-22T00:37:38.208+0000] {logging_mixin.py:190} INFO - [2026-07-22T00:37:38.207+0000] {dag.py:4180} INFO - Setting next_dagrun for example_short_circuit_decorator to None, run_after=None
[2026-07-22T00:37:38.229+0000] {processor.py:208} INFO - Processing /home/airflow/.local/lib/python3.12/site-packages/airflow/example_dags/example_short_circuit_decorator.py took 0.093 seconds
[2026-07-22T00:38:09.016+0000] {processor.py:186} INFO - Started process (PID=3907) to work on /home/airflow/.local/lib/python3.12/site-packages/airflow/example_dags/example_short_circuit_decorator.py
[2026-07-22T00:38:09.017+0000] {processor.py:914} INFO - Processing file /home/airflow/.local/lib/python3.12/site-packages/airflow/example_dags/example_short_circuit_decorator.py for tasks to queue
[2026-07-22T00:38:09.021+0000] {logging_mixin.py:190} INFO - [2026-07-22T00:38:09.020+0000] {dagbag.py:588} INFO - Filling up the DagBag from /home/airflow/.local/lib/python3.12/site-packages/airflow/example_dags/example_short_circuit_decorator.py
[2026-07-22T00:38:09.032+0000] {processor.py:925} INFO - DAG(s) 'example_short_circuit_decorator' retrieved from /home/airflow/.local/lib/python3.12/site-packages/airflow/example_dags/example_short_circuit_decorator.py
[2026-07-22T00:38:09.056+0000] {logging_mixin.py:190} INFO - [2026-07-22T00:38:09.055+0000] {dag.py:3239} INFO - Sync 1 DAGs
[2026-07-22T00:38:09.071+0000] {logging_mixin.py:190} INFO - [2026-07-22T00:38:09.071+0000] {dag.py:4180} INFO - Setting next_dagrun for example_short_circuit_decorator to None, run_after=None
[2026-07-22T00:38:09.091+0000] {processor.py:208} INFO - Processing /home/airflow/.local/lib/python3.12/site-packages/airflow/example_dags/example_short_circuit_decorator.py took 0.082 seconds
[2026-07-22T00:38:40.053+0000] {processor.py:186} INFO - Started process (PID=3971) to work on /home/airflow/.local/lib/python3.12/site-packages/airflow/example_dags/example_short_circuit_decorator.py
[2026-07-22T00:38:40.055+0000] {processor.py:914} INFO - Processing file /home/airflow/.local/lib/python3.12/site-packages/airflow/example_dags/example_short_circuit_decorator.py for tasks to queue
[2026-07-22T00:38:40.058+0000] {logging_mixin.py:190} INFO - [2026-07-22T00:38:40.058+0000] {dagbag.py:588} INFO - Filling up the DagBag from /home/airflow/.local/lib/python3.12/site-packages/airflow/example_dags/example_short_circuit_decorator.py
[2026-07-22T00:38:40.073+0000] {processor.py:925} INFO - DAG(s) 'example_short_circuit_decorator' retrieved from /home/airflow/.local/lib/python3.12/site-packages/airflow/example_dags/example_short_circuit_decorator.py
[2026-07-22T00:38:40.108+0000] {logging_mixin.py:190} INFO - [2026-07-22T00:38:40.108+0000] {dag.py:3239} INFO - Sync 1 DAGs
[2026-07-22T00:38:40.131+0000] {logging_mixin.py:190} INFO - [2026-07-22T00:38:40.131+0000] {dag.py:4180} INFO - Setting next_dagrun for example_short_circuit_decorator to None, run_after=None
[2026-07-22T00:38:40.158+0000] {processor.py:208} INFO - Processing /home/airflow/.local/lib/python3.12/site-packages/airflow/example_dags/example_short_circuit_decorator.py took 0.115 seconds
[2026-07-22T00:39:11.479+0000] {processor.py:186} INFO - Started process (PID=4035) to work on /home/airflow/.local/lib/python3.12/site-packages/airflow/example_dags/example_short_circuit_decorator.py
[2026-07-22T00:39:11.480+0000] {processor.py:914} INFO - Processing file /home/airflow/.local/lib/python3.12/site-packages/airflow/example_dags/example_short_circuit_decorator.py for tasks to queue
[2026-07-22T00:39:11.483+0000] {logging_mixin.py:190} INFO - [2026-07-22T00:39:11.483+0000] {dagbag.py:588} INFO - Filling up the DagBag from /home/airflow/.local/lib/python3.12/site-packages/airflow/example_dags/example_short_circuit_decorator.py
[2026-07-22T00:39:11.495+0000] {processor.py:925} INFO - DAG(s) 'example_short_circuit_decorator' retrieved from /home/airflow/.local/lib/python3.12/site-packages/airflow/example_dags/example_short_circuit_decorator.py
[2026-07-22T00:39:11.520+0000] {logging_mixin.py:190} INFO - [2026-07-22T00:39:11.520+0000] {dag.py:3239} INFO - Sync 1 DAGs
[2026-07-22T00:39:11.542+0000] {logging_mixin.py:190} INFO - [2026-07-22T00:39:11.542+0000] {dag.py:4180} INFO - Setting next_dagrun for example_short_circuit_decorator to None, run_after=None
[2026-07-22T00:39:11.564+0000] {processor.py:208} INFO - Processing /home/airflow/.local/lib/python3.12/site-packages/airflow/example_dags/example_short_circuit_decorator.py took 0.092 seconds
[2026-07-22T00:39:42.880+0000] {processor.py:186} INFO - Started process (PID=4099) to work on /home/airflow/.local/lib/python3.12/site-packages/airflow/example_dags/example_short_circuit_decorator.py
[2026-07-22T00:39:42.882+0000] {processor.py:914} INFO - Processing file /home/airflow/.local/lib/python3.12/site-packages/airflow/example_dags/example_short_circuit_decorator.py for tasks to queue
[2026-07-22T00:39:42.885+0000] {logging_mixin.py:190} INFO - [2026-07-22T00:39:42.885+0000] {dagbag.py:588} INFO - Filling up the DagBag from /home/airflow/.local/lib/python3.12/site-packages/airflow/example_dags/example_short_circuit_decorator.py
[2026-07-22T00:39:42.900+0000] {processor.py:925} INFO - DAG(s) 'example_short_circuit_decorator' retrieved from /home/airflow/.local/lib/python3.12/site-packages/airflow/example_dags/example_short_circuit_decorator.py
[2026-07-22T00:39:42.925+0000] {logging_mixin.py:190} INFO - [2026-07-22T00:39:42.925+0000] {dag.py:3239} INFO - Sync 1 DAGs
[2026-07-22T00:39:42.946+0000] {logging_mixin.py:190} INFO - [2026-07-22T00:39:42.945+0000] {dag.py:4180} INFO - Setting next_dagrun for example_short_circuit_decorator to None, run_after=None
[2026-07-22T00:39:42.968+0000] {processor.py:208} INFO - Processing /home/airflow/.local/lib/python3.12/site-packages/airflow/example_dags/example_short_circuit_decorator.py took 0.095 seconds
[2026-07-22T00:40:13.961+0000] {processor.py:186} INFO - Started process (PID=4163) to work on /home/airflow/.local/lib/python3.12/site-packages/airflow/example_dags/example_short_circuit_decorator.py
[2026-07-22T00:40:13.963+0000] {processor.py:914} INFO - Processing file /home/airflow/.local/lib/python3.12/site-packages/airflow/example_dags/example_short_circuit_decorator.py for tasks to queue
[2026-07-22T00:40:13.966+0000] {logging_mixin.py:190} INFO - [2026-07-22T00:40:13.966+0000] {dagbag.py:588} INFO - Filling up the DagBag from /home/airflow/.local/lib/python3.12/site-packages/airflow/example_dags/example_short_circuit_decorator.py
[2026-07-22T00:40:13.978+0000] {processor.py:925} INFO - DAG(s) 'example_short_circuit_decorator' retrieved from /home/airflow/.local/lib/python3.12/site-packages/airflow/example_dags/example_short_circuit_decorator.py
[2026-07-22T00:40:14.009+0000] {logging_mixin.py:190} INFO - [2026-07-22T00:40:14.008+0000] {dag.py:3239} INFO - Sync 1 DAGs
[2026-07-22T00:40:14.027+0000] {logging_mixin.py:190} INFO - [2026-07-22T00:40:14.027+0000] {dag.py:4180} INFO - Setting next_dagrun for example_short_circuit_decorator to None, run_after=None
[2026-07-22T00:40:14.052+0000] {processor.py:208} INFO - Processing /home/airflow/.local/lib/python3.12/site-packages/airflow/example_dags/example_short_circuit_decorator.py took 0.100 seconds
[2026-07-22T00:40:45.320+0000] {processor.py:186} INFO - Started process (PID=4227) to work on /home/airflow/.local/lib/python3.12/site-packages/airflow/example_dags/example_short_circuit_decorator.py
[2026-07-22T00:40:45.321+0000] {processor.py:914} INFO - Processing file /home/airflow/.local/lib/python3.12/site-packages/airflow/example_dags/example_short_circuit_decorator.py for tasks to queue
[2026-07-22T00:40:45.325+0000] {logging_mixin.py:190} INFO - [2026-07-22T00:40:45.324+0000] {dagbag.py:588} INFO - Filling up the DagBag from /home/airflow/.local/lib/python3.12/site-packages/airflow/example_dags/example_short_circuit_decorator.py
[2026-07-22T00:40:45.336+0000] {processor.py:925} INFO - DAG(s) 'example_short_circuit_decorator' retrieved from /home/airflow/.local/lib/python3.12/site-packages/airflow/example_dags/example_short_circuit_decorator.py
[2026-07-22T00:40:45.365+0000] {logging_mixin.py:190} INFO - [2026-07-22T00:40:45.365+0000] {dag.py:3239} INFO - Sync 1 DAGs
[2026-07-22T00:40:45.385+0000] {logging_mixin.py:190} INFO - [2026-07-22T00:40:45.385+0000] {dag.py:4180} INFO - Setting next_dagrun for example_short_circuit_decorator to None, run_after=None
[2026-07-22T00:40:45.408+0000] {processor.py:208} INFO - Processing /home/airflow/.local/lib/python3.12/site-packages/airflow/example_dags/example_short_circuit_decorator.py took 0.094 seconds
[2026-07-22T00:41:16.843+0000] {processor.py:186} INFO - Started process (PID=4291) to work on /home/airflow/.local/lib/python3.12/site-packages/airflow/example_dags/example_short_circuit_decorator.py
[2026-07-22T00:41:16.844+0000] {processor.py:914} INFO - Processing file /home/airflow/.local/lib/python3.12/site-packages/airflow/example_dags/example_short_circuit_decorator.py for tasks to queue
[2026-07-22T00:41:16.848+0000] {logging_mixin.py:190} INFO - [2026-07-22T00:41:16.847+0000] {dagbag.py:588} INFO - Filling up the DagBag from /home/airflow/.local/lib/python3.12/site-packages/airflow/example_dags/example_short_circuit_decorator.py
[2026-07-22T00:41:16.858+0000] {processor.py:925} INFO - DAG(s) 'example_short_circuit_decorator' retrieved from /home/airflow/.local/lib/python3.12/site-packages/airflow/example_dags/example_short_circuit_decorator.py
[2026-07-22T00:41:16.882+0000] {logging_mixin.py:190} INFO - [2026-07-22T00:41:16.882+0000] {dag.py:3239} INFO - Sync 1 DAGs
[2026-07-22T00:41:16.898+0000] {logging_mixin.py:190} INFO - [2026-07-22T00:41:16.898+0000] {dag.py:4180} INFO - Setting next_dagrun for example_short_circuit_decorator to None, run_after=None
[2026-07-22T00:41:16.918+0000] {processor.py:208} INFO - Processing /home/airflow/.local/lib/python3.12/site-packages/airflow/example_dags/example_short_circuit_decorator.py took 0.083 seconds
[2026-07-22T00:41:47.775+0000] {processor.py:186} INFO - Started process (PID=4355) to work on /home/airflow/.local/lib/python3.12/site-packages/airflow/example_dags/example_short_circuit_decorator.py
[2026-07-22T00:41:47.776+0000] {processor.py:914} INFO - Processing file /home/airflow/.local/lib/python3.12/site-packages/airflow/example_dags/example_short_circuit_decorator.py for tasks to queue
[2026-07-22T00:41:47.779+0000] {logging_mixin.py:190} INFO - [2026-07-22T00:41:47.779+0000] {dagbag.py:588} INFO - Filling up the DagBag from /home/airflow/.local/lib/python3.12/site-packages/airflow/example_dags/example_short_circuit_decorator.py
[2026-07-22T00:41:47.790+0000] {processor.py:925} INFO - DAG(s) 'example_short_circuit_decorator' retrieved from /home/airflow/.local/lib/python3.12/site-packages/airflow/example_dags/example_short_circuit_decorator.py
[2026-07-22T00:41:47.820+0000] {logging_mixin.py:190} INFO - [2026-07-22T00:41:47.819+0000] {dag.py:3239} INFO - Sync 1 DAGs
[2026-07-22T00:41:47.839+0000] {logging_mixin.py:190} INFO - [2026-07-22T00:41:47.839+0000] {dag.py:4180} INFO - Setting next_dagrun for example_short_circuit_decorator to None, run_after=None
[2026-07-22T00:41:47.862+0000] {processor.py:208} INFO - Processing /home/airflow/.local/lib/python3.12/site-packages/airflow/example_dags/example_short_circuit_decorator.py took 0.093 seconds
[2026-07-22T00:42:19.336+0000] {processor.py:186} INFO - Started process (PID=4419) to work on /home/airflow/.local/lib/python3.12/site-packages/airflow/example_dags/example_short_circuit_decorator.py
[2026-07-22T00:42:19.338+0000] {processor.py:914} INFO - Processing file /home/airflow/.local/lib/python3.12/site-packages/airflow/example_dags/example_short_circuit_decorator.py for tasks to queue
[2026-07-22T00:42:19.341+0000] {logging_mixin.py:190} INFO - [2026-07-22T00:42:19.341+0000] {dagbag.py:588} INFO - Filling up the DagBag from /home/airflow/.local/lib/python3.12/site-packages/airflow/example_dags/example_short_circuit_decorator.py
[2026-07-22T00:42:19.358+0000] {processor.py:925} INFO - DAG(s) 'example_short_circuit_decorator' retrieved from /home/airflow/.local/lib/python3.12/site-packages/airflow/example_dags/example_short_circuit_decorator.py
[2026-07-22T00:42:19.390+0000] {logging_mixin.py:190} INFO - [2026-07-22T00:42:19.390+0000] {dag.py:3239} INFO - Sync 1 DAGs
[2026-07-22T00:42:19.417+0000] {logging_mixin.py:190} INFO - [2026-07-22T00:42:19.416+0000] {dag.py:4180} INFO - Setting next_dagrun for example_short_circuit_decorator to None, run_after=None
[2026-07-22T00:42:19.444+0000] {processor.py:208} INFO - Processing /home/airflow/.local/lib/python3.12/site-packages/airflow/example_dags/example_short_circuit_decorator.py took 0.117 seconds
[2026-07-22T00:42:50.796+0000] {processor.py:186} INFO - Started process (PID=4483) to work on /home/airflow/.local/lib/python3.12/site-packages/airflow/example_dags/example_short_circuit_decorator.py
[2026-07-22T00:42:50.798+0000] {processor.py:914} INFO - Processing file /home/airflow/.local/lib/python3.12/site-packages/airflow/example_dags/example_short_circuit_decorator.py for tasks to queue
[2026-07-22T00:42:50.801+0000] {logging_mixin.py:190} INFO - [2026-07-22T00:42:50.801+0000] {dagbag.py:588} INFO - Filling up the DagBag from /home/airflow/.local/lib/python3.12/site-packages/airflow/example_dags/example_short_circuit_decorator.py
[2026-07-22T00:42:50.815+0000] {processor.py:925} INFO - DAG(s) 'example_short_circuit_decorator' retrieved from /home/airflow/.local/lib/python3.12/site-packages/airflow/example_dags/example_short_circuit_decorator.py
[2026-07-22T00:42:50.838+0000] {logging_mixin.py:190} INFO - [2026-07-22T00:42:50.838+0000] {dag.py:3239} INFO - Sync 1 DAGs
[2026-07-22T00:42:50.856+0000] {logging_mixin.py:190} INFO - [2026-07-22T00:42:50.856+0000] {dag.py:4180} INFO - Setting next_dagrun for example_short_circuit_decorator to None, run_after=None
[2026-07-22T00:42:50.882+0000] {processor.py:208} INFO - Processing /home/airflow/.local/lib/python3.12/site-packages/airflow/example_dags/example_short_circuit_decorator.py took 0.092 seconds
[2026-07-22T00:43:22.353+0000] {processor.py:186} INFO - Started process (PID=4547) to work on /home/airflow/.local/lib/python3.12/site-packages/airflow/example_dags/example_short_circuit_decorator.py
[2026-07-22T00:43:22.355+0000] {processor.py:914} INFO - Processing file /home/airflow/.local/lib/python3.12/site-packages/airflow/example_dags/example_short_circuit_decorator.py for tasks to queue
[2026-07-22T00:43:22.359+0000] {logging_mixin.py:190} INFO - [2026-07-22T00:43:22.359+0000] {dagbag.py:588} INFO - Filling up the DagBag from /home/airflow/.local/lib/python3.12/site-packages/airflow/example_dags/example_short_circuit_decorator.py
[2026-07-22T00:43:22.373+0000] {processor.py:925} INFO - DAG(s) 'example_short_circuit_decorator' retrieved from /home/airflow/.local/lib/python3.12/site-packages/airflow/example_dags/example_short_circuit_decorator.py
[2026-07-22T00:43:22.407+0000] {logging_mixin.py:190} INFO - [2026-07-22T00:43:22.407+0000] {dag.py:3239} INFO - Sync 1 DAGs
[2026-07-22T00:43:22.432+0000] {logging_mixin.py:190} INFO - [2026-07-22T00:43:22.432+0000] {dag.py:4180} INFO - Setting next_dagrun for example_short_circuit_decorator to None, run_after=None
[2026-07-22T00:43:22.459+0000] {processor.py:208} INFO - Processing /home/airflow/.local/lib/python3.12/site-packages/airflow/example_dags/example_short_circuit_decorator.py took 0.115 seconds
[2026-07-22T00:43:53.223+0000] {processor.py:186} INFO - Started process (PID=4611) to work on /home/airflow/.local/lib/python3.12/site-packages/airflow/example_dags/example_short_circuit_decorator.py
[2026-07-22T00:43:53.225+0000] {processor.py:914} INFO - Processing file /home/airflow/.local/lib/python3.12/site-packages/airflow/example_dags/example_short_circuit_decorator.py for tasks to queue
[2026-07-22T00:43:53.233+0000] {logging_mixin.py:190} INFO - [2026-07-22T00:43:53.231+0000] {dagbag.py:588} INFO - Filling up the DagBag from /home/airflow/.local/lib/python3.12/site-packages/airflow/example_dags/example_short_circuit_decorator.py
[2026-07-22T00:43:53.259+0000] {processor.py:925} INFO - DAG(s) 'example_short_circuit_decorator' retrieved from /home/airflow/.local/lib/python3.12/site-packages/airflow/example_dags/example_short_circuit_decorator.py
[2026-07-22T00:43:53.303+0000] {logging_mixin.py:190} INFO - [2026-07-22T00:43:53.302+0000] {dag.py:3239} INFO - Sync 1 DAGs
[2026-07-22T00:43:53.333+0000] {logging_mixin.py:190} INFO - [2026-07-22T00:43:53.332+0000] {dag.py:4180} INFO - Setting next_dagrun for example_short_circuit_decorator to None, run_after=None
[2026-07-22T00:43:53.362+0000] {processor.py:208} INFO - Processing /home/airflow/.local/lib/python3.12/site-packages/airflow/example_dags/example_short_circuit_decorator.py took 0.151 seconds
[2026-07-22T00:44:24.572+0000] {processor.py:186} INFO - Started process (PID=4675) to work on /home/airflow/.local/lib/python3.12/site-packages/airflow/example_dags/example_short_circuit_decorator.py
[2026-07-22T00:44:24.574+0000] {processor.py:914} INFO - Processing file /home/airflow/.local/lib/python3.12/site-packages/airflow/example_dags/example_short_circuit_decorator.py for tasks to queue
[2026-07-22T00:44:24.578+0000] {logging_mixin.py:190} INFO - [2026-07-22T00:44:24.577+0000] {dagbag.py:588} INFO - Filling up the DagBag from /home/airflow/.local/lib/python3.12/site-packages/airflow/example_dags/example_short_circuit_decorator.py
[2026-07-22T00:44:24.592+0000] {processor.py:925} INFO - DAG(s) 'example_short_circuit_decorator' retrieved from /home/airflow/.local/lib/python3.12/site-packages/airflow/example_dags/example_short_circuit_decorator.py
[2026-07-22T00:44:24.619+0000] {logging_mixin.py:190} INFO - [2026-07-22T00:44:24.619+0000] {dag.py:3239} INFO - Sync 1 DAGs
[2026-07-22T00:44:24.636+0000] {logging_mixin.py:190} INFO - [2026-07-22T00:44:24.636+0000] {dag.py:4180} INFO - Setting next_dagrun for example_short_circuit_decorator to None, run_after=None
[2026-07-22T00:44:24.660+0000] {processor.py:208} INFO - Processing /home/airflow/.local/lib/python3.12/site-packages/airflow/example_dags/example_short_circuit_decorator.py took 0.098 seconds
[2026-07-22T00:44:55.339+0000] {processor.py:186} INFO - Started process (PID=4739) to work on /home/airflow/.local/lib/python3.12/site-packages/airflow/example_dags/example_short_circuit_decorator.py
[2026-07-22T00:44:55.340+0000] {processor.py:914} INFO - Processing file /home/airflow/.local/lib/python3.12/site-packages/airflow/example_dags/example_short_circuit_decorator.py for tasks to queue
[2026-07-22T00:44:55.343+0000] {logging_mixin.py:190} INFO - [2026-07-22T00:44:55.343+0000] {dagbag.py:588} INFO - Filling up the DagBag from /home/airflow/.local/lib/python3.12/site-packages/airflow/example_dags/example_short_circuit_decorator.py
[2026-07-22T00:44:55.355+0000] {processor.py:925} INFO - DAG(s) 'example_short_circuit_decorator' retrieved from /home/airflow/.local/lib/python3.12/site-packages/airflow/example_dags/example_short_circuit_decorator.py
[2026-07-22T00:44:55.380+0000] {logging_mixin.py:190} INFO - [2026-07-22T00:44:55.380+0000] {dag.py:3239} INFO - Sync 1 DAGs
[2026-07-22T00:44:55.395+0000] {logging_mixin.py:190} INFO - [2026-07-22T00:44:55.395+0000] {dag.py:4180} INFO - Setting next_dagrun for example_short_circuit_decorator to None, run_after=None
[2026-07-22T00:44:55.418+0000] {processor.py:208} INFO - Processing /home/airflow/.local/lib/python3.12/site-packages/airflow/example_dags/example_short_circuit_decorator.py took 0.085 seconds
[2026-07-22T00:45:27.361+0000] {processor.py:186} INFO - Started process (PID=4807) to work on /home/airflow/.local/lib/python3.12/site-packages/airflow/example_dags/example_short_circuit_decorator.py
[2026-07-22T00:45:27.364+0000] {processor.py:914} INFO - Processing file /home/airflow/.local/lib/python3.12/site-packages/airflow/example_dags/example_short_circuit_decorator.py for tasks to queue
[2026-07-22T00:45:27.369+0000] {logging_mixin.py:190} INFO - [2026-07-22T00:45:27.369+0000] {dagbag.py:588} INFO - Filling up the DagBag from /home/airflow/.local/lib/python3.12/site-packages/airflow/example_dags/example_short_circuit_decorator.py
[2026-07-22T00:45:27.387+0000] {processor.py:925} INFO - DAG(s) 'example_short_circuit_decorator' retrieved from /home/airflow/.local/lib/python3.12/site-packages/airflow/example_dags/example_short_circuit_decorator.py
[2026-07-22T00:45:27.420+0000] {logging_mixin.py:190} INFO - [2026-07-22T00:45:27.420+0000] {dag.py:3239} INFO - Sync 1 DAGs
[2026-07-22T00:45:27.444+0000] {logging_mixin.py:190} INFO - [2026-07-22T00:45:27.444+0000] {dag.py:4180} INFO - Setting next_dagrun for example_short_circuit_decorator to None, run_after=None
[2026-07-22T00:45:27.486+0000] {processor.py:208} INFO - Processing /home/airflow/.local/lib/python3.12/site-packages/airflow/example_dags/example_short_circuit_decorator.py took 0.137 seconds
[2026-07-22T00:45:59.187+0000] {processor.py:186} INFO - Started process (PID=4871) to work on /home/airflow/.local/lib/python3.12/site-packages/airflow/example_dags/example_short_circuit_decorator.py
[2026-07-22T00:45:59.188+0000] {processor.py:914} INFO - Processing file /home/airflow/.local/lib/python3.12/site-packages/airflow/example_dags/example_short_circuit_decorator.py for tasks to queue
[2026-07-22T00:45:59.192+0000] {logging_mixin.py:190} INFO - [2026-07-22T00:45:59.192+0000] {dagbag.py:588} INFO - Filling up the DagBag from /home/airflow/.local/lib/python3.12/site-packages/airflow/example_dags/example_short_circuit_decorator.py
[2026-07-22T00:45:59.208+0000] {processor.py:925} INFO - DAG(s) 'example_short_circuit_decorator' retrieved from /home/airflow/.local/lib/python3.12/site-packages/airflow/example_dags/example_short_circuit_decorator.py
[2026-07-22T00:45:59.234+0000] {logging_mixin.py:190} INFO - [2026-07-22T00:45:59.233+0000] {dag.py:3239} INFO - Sync 1 DAGs
[2026-07-22T00:45:59.251+0000] {logging_mixin.py:190} INFO - [2026-07-22T00:45:59.251+0000] {dag.py:4180} INFO - Setting next_dagrun for example_short_circuit_decorator to None, run_after=None
[2026-07-22T00:45:59.281+0000] {processor.py:208} INFO - Processing /home/airflow/.local/lib/python3.12/site-packages/airflow/example_dags/example_short_circuit_decorator.py took 0.102 seconds
[2026-07-22T00:46:30.888+0000] {processor.py:186} INFO - Started process (PID=4940) to work on /home/airflow/.local/lib/python3.12/site-packages/airflow/example_dags/example_short_circuit_decorator.py
[2026-07-22T00:46:30.891+0000] {processor.py:914} INFO - Processing file /home/airflow/.local/lib/python3.12/site-packages/airflow/example_dags/example_short_circuit_decorator.py for tasks to queue
[2026-07-22T00:46:30.896+0000] {logging_mixin.py:190} INFO - [2026-07-22T00:46:30.896+0000] {dagbag.py:588} INFO - Filling up the DagBag from /home/airflow/.local/lib/python3.12/site-packages/airflow/example_dags/example_short_circuit_decorator.py
[2026-07-22T00:46:30.915+0000] {processor.py:925} INFO - DAG(s) 'example_short_circuit_decorator' retrieved from /home/airflow/.local/lib/python3.12/site-packages/airflow/example_dags/example_short_circuit_decorator.py
[2026-07-22T00:46:30.951+0000] {logging_mixin.py:190} INFO - [2026-07-22T00:46:30.951+0000] {dag.py:3239} INFO - Sync 1 DAGs
[2026-07-22T00:46:30.977+0000] {logging_mixin.py:190} INFO - [2026-07-22T00:46:30.977+0000] {dag.py:4180} INFO - Setting next_dagrun for example_short_circuit_decorator to None, run_after=None
[2026-07-22T00:46:31.010+0000] {processor.py:208} INFO - Processing /home/airflow/.local/lib/python3.12/site-packages/airflow/example_dags/example_short_circuit_decorator.py took 0.133 seconds
[2026-07-22T00:47:01.736+0000] {processor.py:186} INFO - Started process (PID=5004) to work on /home/airflow/.local/lib/python3.12/site-packages/airflow/example_dags/example_short_circuit_decorator.py
[2026-07-22T00:47:01.737+0000] {processor.py:914} INFO - Processing file /home/airflow/.local/lib/python3.12/site-packages/airflow/example_dags/example_short_circuit_decorator.py for tasks to queue
[2026-07-22T00:47:01.740+0000] {logging_mixin.py:190} INFO - [2026-07-22T00:47:01.739+0000] {dagbag.py:588} INFO - Filling up the DagBag from /home/airflow/.local/lib/python3.12/site-packages/airflow/example_dags/example_short_circuit_decorator.py
[2026-07-22T00:47:01.751+0000] {processor.py:925} INFO - DAG(s) 'example_short_circuit_decorator' retrieved from /home/airflow/.local/lib/python3.12/site-packages/airflow/example_dags/example_short_circuit_decorator.py
[2026-07-22T00:47:01.781+0000] {logging_mixin.py:190} INFO - [2026-07-22T00:47:01.781+0000] {dag.py:3239} INFO - Sync 1 DAGs
[2026-07-22T00:47:01.824+0000] {logging_mixin.py:190} INFO - [2026-07-22T00:47:01.824+0000] {dag.py:4180} INFO - Setting next_dagrun for example_short_circuit_decorator to None, run_after=None
[2026-07-22T00:47:01.857+0000] {processor.py:208} INFO - Processing /home/airflow/.local/lib/python3.12/site-packages/airflow/example_dags/example_short_circuit_decorator.py took 0.127 seconds
[2026-07-22T00:47:32.737+0000] {processor.py:186} INFO - Started process (PID=5075) to work on /home/airflow/.local/lib/python3.12/site-packages/airflow/example_dags/example_short_circuit_decorator.py
[2026-07-22T00:47:32.738+0000] {processor.py:914} INFO - Processing file /home/airflow/.local/lib/python3.12/site-packages/airflow/example_dags/example_short_circuit_decorator.py for tasks to queue
[2026-07-22T00:47:32.742+0000] {logging_mixin.py:190} INFO - [2026-07-22T00:47:32.742+0000] {dagbag.py:588} INFO - Filling up the DagBag from /home/airflow/.local/lib/python3.12/site-packages/airflow/example_dags/example_short_circuit_decorator.py
[2026-07-22T00:47:32.756+0000] {processor.py:925} INFO - DAG(s) 'example_short_circuit_decorator' retrieved from /home/airflow/.local/lib/python3.12/site-packages/airflow/example_dags/example_short_circuit_decorator.py
[2026-07-22T00:47:32.782+0000] {logging_mixin.py:190} INFO - [2026-07-22T00:47:32.781+0000] {dag.py:3239} INFO - Sync 1 DAGs
[2026-07-22T00:47:32.798+0000] {logging_mixin.py:190} INFO - [2026-07-22T00:47:32.798+0000] {dag.py:4180} INFO - Setting next_dagrun for example_short_circuit_decorator to None, run_after=None
[2026-07-22T00:47:32.825+0000] {processor.py:208} INFO - Processing /home/airflow/.local/lib/python3.12/site-packages/airflow/example_dags/example_short_circuit_decorator.py took 0.097 seconds
[2026-07-22T00:48:03.969+0000] {processor.py:186} INFO - Started process (PID=5139) to work on /home/airflow/.local/lib/python3.12/site-packages/airflow/example_dags/example_short_circuit_decorator.py
[2026-07-22T00:48:03.970+0000] {processor.py:914} INFO - Processing file /home/airflow/.local/lib/python3.12/site-packages/airflow/example_dags/example_short_circuit_decorator.py for tasks to queue
[2026-07-22T00:48:03.973+0000] {logging_mixin.py:190} INFO - [2026-07-22T00:48:03.972+0000] {dagbag.py:588} INFO - Filling up the DagBag from /home/airflow/.local/lib/python3.12/site-packages/airflow/example_dags/example_short_circuit_decorator.py
[2026-07-22T00:48:03.988+0000] {processor.py:925} INFO - DAG(s) 'example_short_circuit_decorator' retrieved from /home/airflow/.local/lib/python3.12/site-packages/airflow/example_dags/example_short_circuit_decorator.py
[2026-07-22T00:48:04.026+0000] {logging_mixin.py:190} INFO - [2026-07-22T00:48:04.025+0000] {dag.py:3239} INFO - Sync 1 DAGs
[2026-07-22T00:48:04.048+0000] {logging_mixin.py:190} INFO - [2026-07-22T00:48:04.048+0000] {dag.py:4180} INFO - Setting next_dagrun for example_short_circuit_decorator to None, run_after=None
[2026-07-22T00:48:04.075+0000] {processor.py:208} INFO - Processing /home/airflow/.local/lib/python3.12/site-packages/airflow/example_dags/example_short_circuit_decorator.py took 0.113 seconds
[2026-07-22T00:48:34.979+0000] {processor.py:186} INFO - Started process (PID=5208) to work on /home/airflow/.local/lib/python3.12/site-packages/airflow/example_dags/example_short_circuit_decorator.py
[2026-07-22T00:48:34.981+0000] {processor.py:914} INFO - Processing file /home/airflow/.local/lib/python3.12/site-packages/airflow/example_dags/example_short_circuit_decorator.py for tasks to queue
[2026-07-22T00:48:34.984+0000] {logging_mixin.py:190} INFO - [2026-07-22T00:48:34.983+0000] {dagbag.py:588} INFO - Filling up the DagBag from /home/airflow/.local/lib/python3.12/site-packages/airflow/example_dags/example_short_circuit_decorator.py
[2026-07-22T00:48:34.999+0000] {processor.py:925} INFO - DAG(s) 'example_short_circuit_decorator' retrieved from /home/airflow/.local/lib/python3.12/site-packages/airflow/example_dags/example_short_circuit_decorator.py
[2026-07-22T00:48:35.024+0000] {logging_mixin.py:190} INFO - [2026-07-22T00:48:35.024+0000] {dag.py:3239} INFO - Sync 1 DAGs
[2026-07-22T00:48:35.043+0000] {logging_mixin.py:190} INFO - [2026-07-22T00:48:35.043+0000] {dag.py:4180} INFO - Setting next_dagrun for example_short_circuit_decorator to None, run_after=None
[2026-07-22T00:48:35.066+0000] {processor.py:208} INFO - Processing /home/airflow/.local/lib/python3.12/site-packages/airflow/example_dags/example_short_circuit_decorator.py took 0.093 seconds
[2026-07-22T00:49:06.707+0000] {processor.py:186} INFO - Started process (PID=5272) to work on /home/airflow/.local/lib/python3.12/site-packages/airflow/example_dags/example_short_circuit_decorator.py
[2026-07-22T00:49:06.708+0000] {processor.py:914} INFO - Processing file /home/airflow/.local/lib/python3.12/site-packages/airflow/example_dags/example_short_circuit_decorator.py for tasks to queue
[2026-07-22T00:49:06.711+0000] {logging_mixin.py:190} INFO - [2026-07-22T00:49:06.711+0000] {dagbag.py:588} INFO - Filling up the DagBag from /home/airflow/.local/lib/python3.12/site-packages/airflow/example_dags/example_short_circuit_decorator.py
[2026-07-22T00:49:06.723+0000] {processor.py:925} INFO - DAG(s) 'example_short_circuit_decorator' retrieved from /home/airflow/.local/lib/python3.12/site-packages/airflow/example_dags/example_short_circuit_decorator.py
[2026-07-22T00:49:06.753+0000] {logging_mixin.py:190} INFO - [2026-07-22T00:49:06.753+0000] {dag.py:3239} INFO - Sync 1 DAGs
[2026-07-22T00:49:06.775+0000] {logging_mixin.py:190} INFO - [2026-07-22T00:49:06.774+0000] {dag.py:4180} INFO - Setting next_dagrun for example_short_circuit_decorator to None, run_after=None
[2026-07-22T00:49:06.797+0000] {processor.py:208} INFO - Processing /home/airflow/.local/lib/python3.12/site-packages/airflow/example_dags/example_short_circuit_decorator.py took 0.096 seconds
[2026-07-22T00:49:37.278+0000] {processor.py:186} INFO - Started process (PID=5336) to work on /home/airflow/.local/lib/python3.12/site-packages/airflow/example_dags/example_short_circuit_decorator.py
[2026-07-22T00:49:37.279+0000] {processor.py:914} INFO - Processing file /home/airflow/.local/lib/python3.12/site-packages/airflow/example_dags/example_short_circuit_decorator.py for tasks to queue
[2026-07-22T00:49:37.284+0000] {logging_mixin.py:190} INFO - [2026-07-22T00:49:37.283+0000] {dagbag.py:588} INFO - Filling up the DagBag from /home/airflow/.local/lib/python3.12/site-packages/airflow/example_dags/example_short_circuit_decorator.py
[2026-07-22T00:49:37.297+0000] {processor.py:925} INFO - DAG(s) 'example_short_circuit_decorator' retrieved from /home/airflow/.local/lib/python3.12/site-packages/airflow/example_dags/example_short_circuit_decorator.py
[2026-07-22T00:49:37.333+0000] {logging_mixin.py:190} INFO - [2026-07-22T00:49:37.332+0000] {dag.py:3239} INFO - Sync 1 DAGs
[2026-07-22T00:49:37.354+0000] {logging_mixin.py:190} INFO - [2026-07-22T00:49:37.354+0000] {dag.py:4180} INFO - Setting next_dagrun for example_short_circuit_decorator to None, run_after=None
[2026-07-22T00:49:37.378+0000] {processor.py:208} INFO - Processing /home/airflow/.local/lib/python3.12/site-packages/airflow/example_dags/example_short_circuit_decorator.py took 0.106 seconds
[2026-07-22T00:50:08.420+0000] {processor.py:186} INFO - Started process (PID=5400) to work on /home/airflow/.local/lib/python3.12/site-packages/airflow/example_dags/example_short_circuit_decorator.py
[2026-07-22T00:50:08.421+0000] {processor.py:914} INFO - Processing file /home/airflow/.local/lib/python3.12/site-packages/airflow/example_dags/example_short_circuit_decorator.py for tasks to queue
[2026-07-22T00:50:08.424+0000] {logging_mixin.py:190} INFO - [2026-07-22T00:50:08.424+0000] {dagbag.py:588} INFO - Filling up the DagBag from /home/airflow/.local/lib/python3.12/site-packages/airflow/example_dags/example_short_circuit_decorator.py
[2026-07-22T00:50:08.441+0000] {processor.py:925} INFO - DAG(s) 'example_short_circuit_decorator' retrieved from /home/airflow/.local/lib/python3.12/site-packages/airflow/example_dags/example_short_circuit_decorator.py
[2026-07-22T00:50:08.470+0000] {logging_mixin.py:190} INFO - [2026-07-22T00:50:08.470+0000] {dag.py:3239} INFO - Sync 1 DAGs
[2026-07-22T00:50:08.488+0000] {logging_mixin.py:190} INFO - [2026-07-22T00:50:08.488+0000] {dag.py:4180} INFO - Setting next_dagrun for example_short_circuit_decorator to None, run_after=None
[2026-07-22T00:50:08.511+0000] {processor.py:208} INFO - Processing /home/airflow/.local/lib/python3.12/site-packages/airflow/example_dags/example_short_circuit_decorator.py took 0.101 seconds
[2026-07-22T00:50:39.605+0000] {processor.py:186} INFO - Started process (PID=5467) to work on /home/airflow/.local/lib/python3.12/site-packages/airflow/example_dags/example_short_circuit_decorator.py
[2026-07-22T00:50:39.607+0000] {processor.py:914} INFO - Processing file /home/airflow/.local/lib/python3.12/site-packages/airflow/example_dags/example_short_circuit_decorator.py for tasks to queue
[2026-07-22T00:50:39.610+0000] {logging_mixin.py:190} INFO - [2026-07-22T00:50:39.610+0000] {dagbag.py:588} INFO - Filling up the DagBag from /home/airflow/.local/lib/python3.12/site-packages/airflow/example_dags/example_short_circuit_decorator.py
[2026-07-22T00:50:39.625+0000] {processor.py:925} INFO - DAG(s) 'example_short_circuit_decorator' retrieved from /home/airflow/.local/lib/python3.12/site-packages/airflow/example_dags/example_short_circuit_decorator.py
[2026-07-22T00:50:39.656+0000] {logging_mixin.py:190} INFO - [2026-07-22T00:50:39.656+0000] {dag.py:3239} INFO - Sync 1 DAGs
[2026-07-22T00:50:39.677+0000] {logging_mixin.py:190} INFO - [2026-07-22T00:50:39.677+0000] {dag.py:4180} INFO - Setting next_dagrun for example_short_circuit_decorator to None, run_after=None
[2026-07-22T00:50:39.703+0000] {processor.py:208} INFO - Processing /home/airflow/.local/lib/python3.12/site-packages/airflow/example_dags/example_short_circuit_decorator.py took 0.104 seconds
[2026-07-22T00:51:10.284+0000] {processor.py:186} INFO - Started process (PID=5531) to work on /home/airflow/.local/lib/python3.12/site-packages/airflow/example_dags/example_short_circuit_decorator.py
[2026-07-22T00:51:10.285+0000] {processor.py:914} INFO - Processing file /home/airflow/.local/lib/python3.12/site-packages/airflow/example_dags/example_short_circuit_decorator.py for tasks to queue
[2026-07-22T00:51:10.288+0000] {logging_mixin.py:190} INFO - [2026-07-22T00:51:10.288+0000] {dagbag.py:588} INFO - Filling up the DagBag from /home/airflow/.local/lib/python3.12/site-packages/airflow/example_dags/example_short_circuit_decorator.py
[2026-07-22T00:51:10.304+0000] {processor.py:925} INFO - DAG(s) 'example_short_circuit_decorator' retrieved from /home/airflow/.local/lib/python3.12/site-packages/airflow/example_dags/example_short_circuit_decorator.py
[2026-07-22T00:51:10.332+0000] {logging_mixin.py:190} INFO - [2026-07-22T00:51:10.332+0000] {dag.py:3239} INFO - Sync 1 DAGs
[2026-07-22T00:51:10.351+0000] {logging_mixin.py:190} INFO - [2026-07-22T00:51:10.351+0000] {dag.py:4180} INFO - Setting next_dagrun for example_short_circuit_decorator to None, run_after=None
[2026-07-22T00:51:10.372+0000] {processor.py:208} INFO - Processing /home/airflow/.local/lib/python3.12/site-packages/airflow/example_dags/example_short_circuit_decorator.py took 0.095 seconds
[2026-07-22T00:51:41.700+0000] {processor.py:186} INFO - Started process (PID=5596) to work on /home/airflow/.local/lib/python3.12/site-packages/airflow/example_dags/example_short_circuit_decorator.py
[2026-07-22T00:51:41.701+0000] {processor.py:914} INFO - Processing file /home/airflow/.local/lib/python3.12/site-packages/airflow/example_dags/example_short_circuit_decorator.py for tasks to queue
[2026-07-22T00:51:41.705+0000] {logging_mixin.py:190} INFO - [2026-07-22T00:51:41.704+0000] {dagbag.py:588} INFO - Filling up the DagBag from /home/airflow/.local/lib/python3.12/site-packages/airflow/example_dags/example_short_circuit_decorator.py
[2026-07-22T00:51:41.719+0000] {processor.py:925} INFO - DAG(s) 'example_short_circuit_decorator' retrieved from /home/airflow/.local/lib/python3.12/site-packages/airflow/example_dags/example_short_circuit_decorator.py
[2026-07-22T00:51:41.750+0000] {logging_mixin.py:190} INFO - [2026-07-22T00:51:41.749+0000] {dag.py:3239} INFO - Sync 1 DAGs
[2026-07-22T00:51:41.771+0000] {logging_mixin.py:190} INFO - [2026-07-22T00:51:41.770+0000] {dag.py:4180} INFO - Setting next_dagrun for example_short_circuit_decorator to None, run_after=None
[2026-07-22T00:51:41.793+0000] {processor.py:208} INFO - Processing /home/airflow/.local/lib/python3.12/site-packages/airflow/example_dags/example_short_circuit_decorator.py took 0.103 seconds
[2026-07-22T00:52:12.907+0000] {processor.py:186} INFO - Started process (PID=5660) to work on /home/airflow/.local/lib/python3.12/site-packages/airflow/example_dags/example_short_circuit_decorator.py
[2026-07-22T00:52:12.908+0000] {processor.py:914} INFO - Processing file /home/airflow/.local/lib/python3.12/site-packages/airflow/example_dags/example_short_circuit_decorator.py for tasks to queue
[2026-07-22T00:52:12.911+0000] {logging_mixin.py:190} INFO - [2026-07-22T00:52:12.911+0000] {dagbag.py:588} INFO - Filling up the DagBag from /home/airflow/.local/lib/python3.12/site-packages/airflow/example_dags/example_short_circuit_decorator.py
[2026-07-22T00:52:12.925+0000] {processor.py:925} INFO - DAG(s) 'example_short_circuit_decorator' retrieved from /home/airflow/.local/lib/python3.12/site-packages/airflow/example_dags/example_short_circuit_decorator.py
[2026-07-22T00:52:12.956+0000] {logging_mixin.py:190} INFO - [2026-07-22T00:52:12.955+0000] {dag.py:3239} INFO - Sync 1 DAGs
[2026-07-22T00:52:12.976+0000] {logging_mixin.py:190} INFO - [2026-07-22T00:52:12.976+0000] {dag.py:4180} INFO - Setting next_dagrun for example_short_circuit_decorator to None, run_after=None
[2026-07-22T00:52:12.998+0000] {processor.py:208} INFO - Processing /home/airflow/.local/lib/python3.12/site-packages/airflow/example_dags/example_short_circuit_decorator.py took 0.098 seconds
[2026-07-22T00:52:44.164+0000] {processor.py:186} INFO - Started process (PID=5724) to work on /home/airflow/.local/lib/python3.12/site-packages/airflow/example_dags/example_short_circuit_decorator.py
[2026-07-22T00:52:44.166+0000] {processor.py:914} INFO - Processing file /home/airflow/.local/lib/python3.12/site-packages/airflow/example_dags/example_short_circuit_decorator.py for tasks to queue
[2026-07-22T00:52:44.169+0000] {logging_mixin.py:190} INFO - [2026-07-22T00:52:44.168+0000] {dagbag.py:588} INFO - Filling up the DagBag from /home/airflow/.local/lib/python3.12/site-packages/airflow/example_dags/example_short_circuit_decorator.py
[2026-07-22T00:52:44.182+0000] {processor.py:925} INFO - DAG(s) 'example_short_circuit_decorator' retrieved from /home/airflow/.local/lib/python3.12/site-packages/airflow/example_dags/example_short_circuit_decorator.py
[2026-07-22T00:52:44.215+0000] {logging_mixin.py:190} INFO - [2026-07-22T00:52:44.214+0000] {dag.py:3239} INFO - Sync 1 DAGs
[2026-07-22T00:52:44.233+0000] {logging_mixin.py:190} INFO - [2026-07-22T00:52:44.232+0000] {dag.py:4180} INFO - Setting next_dagrun for example_short_circuit_decorator to None, run_after=None
[2026-07-22T00:52:44.256+0000] {processor.py:208} INFO - Processing /home/airflow/.local/lib/python3.12/site-packages/airflow/example_dags/example_short_circuit_decorator.py took 0.098 seconds
[2026-07-22T00:53:15.524+0000] {processor.py:186} INFO - Started process (PID=5788) to work on /home/airflow/.local/lib/python3.12/site-packages/airflow/example_dags/example_short_circuit_decorator.py
[2026-07-22T00:53:15.527+0000] {processor.py:914} INFO - Processing file /home/airflow/.local/lib/python3.12/site-packages/airflow/example_dags/example_short_circuit_decorator.py for tasks to queue
[2026-07-22T00:53:15.530+0000] {logging_mixin.py:190} INFO - [2026-07-22T00:53:15.530+0000] {dagbag.py:588} INFO - Filling up the DagBag from /home/airflow/.local/lib/python3.12/site-packages/airflow/example_dags/example_short_circuit_decorator.py
[2026-07-22T00:53:15.542+0000] {processor.py:925} INFO - DAG(s) 'example_short_circuit_decorator' retrieved from /home/airflow/.local/lib/python3.12/site-packages/airflow/example_dags/example_short_circuit_decorator.py
[2026-07-22T00:53:15.568+0000] {logging_mixin.py:190} INFO - [2026-07-22T00:53:15.568+0000] {dag.py:3239} INFO - Sync 1 DAGs
[2026-07-22T00:53:15.585+0000] {logging_mixin.py:190} INFO - [2026-07-22T00:53:15.585+0000] {dag.py:4180} INFO - Setting next_dagrun for example_short_circuit_decorator to None, run_after=None
[2026-07-22T00:53:15.606+0000] {processor.py:208} INFO - Processing /home/airflow/.local/lib/python3.12/site-packages/airflow/example_dags/example_short_circuit_decorator.py took 0.096 seconds
[2026-07-22T00:53:46.913+0000] {processor.py:186} INFO - Started process (PID=5852) to work on /home/airflow/.local/lib/python3.12/site-packages/airflow/example_dags/example_short_circuit_decorator.py
[2026-07-22T00:53:46.914+0000] {processor.py:914} INFO - Processing file /home/airflow/.local/lib/python3.12/site-packages/airflow/example_dags/example_short_circuit_decorator.py for tasks to queue
[2026-07-22T00:53:46.918+0000] {logging_mixin.py:190} INFO - [2026-07-22T00:53:46.917+0000] {dagbag.py:588} INFO - Filling up the DagBag from /home/airflow/.local/lib/python3.12/site-packages/airflow/example_dags/example_short_circuit_decorator.py
[2026-07-22T00:53:46.933+0000] {processor.py:925} INFO - DAG(s) 'example_short_circuit_decorator' retrieved from /home/airflow/.local/lib/python3.12/site-packages/airflow/example_dags/example_short_circuit_decorator.py
[2026-07-22T00:53:46.964+0000] {logging_mixin.py:190} INFO - [2026-07-22T00:53:46.963+0000] {dag.py:3239} INFO - Sync 1 DAGs
[2026-07-22T00:53:46.988+0000] {logging_mixin.py:190} INFO - [2026-07-22T00:53:46.988+0000] {dag.py:4180} INFO - Setting next_dagrun for example_short_circuit_decorator to None, run_after=None
[2026-07-22T00:53:47.013+0000] {processor.py:208} INFO - Processing /home/airflow/.local/lib/python3.12/site-packages/airflow/example_dags/example_short_circuit_decorator.py took 0.108 seconds
[2026-07-22T00:54:18.097+0000] {processor.py:186} INFO - Started process (PID=5916) to work on /home/airflow/.local/lib/python3.12/site-packages/airflow/example_dags/example_short_circuit_decorator.py
[2026-07-22T00:54:18.098+0000] {processor.py:914} INFO - Processing file /home/airflow/.local/lib/python3.12/site-packages/airflow/example_dags/example_short_circuit_decorator.py for tasks to queue
[2026-07-22T00:54:18.102+0000] {logging_mixin.py:190} INFO - [2026-07-22T00:54:18.101+0000] {dagbag.py:588} INFO - Filling up the DagBag from /home/airflow/.local/lib/python3.12/site-packages/airflow/example_dags/example_short_circuit_decorator.py
[2026-07-22T00:54:18.117+0000] {processor.py:925} INFO - DAG(s) 'example_short_circuit_decorator' retrieved from /home/airflow/.local/lib/python3.12/site-packages/airflow/example_dags/example_short_circuit_decorator.py
[2026-07-22T00:54:18.149+0000] {logging_mixin.py:190} INFO - [2026-07-22T00:54:18.148+0000] {dag.py:3239} INFO - Sync 1 DAGs
[2026-07-22T00:54:18.172+0000] {logging_mixin.py:190} INFO - [2026-07-22T00:54:18.172+0000] {dag.py:4180} INFO - Setting next_dagrun for example_short_circuit_decorator to None, run_after=None
[2026-07-22T00:54:18.199+0000] {processor.py:208} INFO - Processing /home/airflow/.local/lib/python3.12/site-packages/airflow/example_dags/example_short_circuit_decorator.py took 0.108 seconds
[2026-07-22T00:54:49.941+0000] {processor.py:186} INFO - Started process (PID=5980) to work on /home/airflow/.local/lib/python3.12/site-packages/airflow/example_dags/example_short_circuit_decorator.py
[2026-07-22T00:54:49.942+0000] {processor.py:914} INFO - Processing file /home/airflow/.local/lib/python3.12/site-packages/airflow/example_dags/example_short_circuit_decorator.py for tasks to queue
[2026-07-22T00:54:49.946+0000] {logging_mixin.py:190} INFO - [2026-07-22T00:54:49.946+0000] {dagbag.py:588} INFO - Filling up the DagBag from /home/airflow/.local/lib/python3.12/site-packages/airflow/example_dags/example_short_circuit_decorator.py
[2026-07-22T00:54:49.960+0000] {processor.py:925} INFO - DAG(s) 'example_short_circuit_decorator' retrieved from /home/airflow/.local/lib/python3.12/site-packages/airflow/example_dags/example_short_circuit_decorator.py
[2026-07-22T00:54:49.989+0000] {logging_mixin.py:190} INFO - [2026-07-22T00:54:49.989+0000] {dag.py:3239} INFO - Sync 1 DAGs
[2026-07-22T00:54:50.007+0000] {logging_mixin.py:190} INFO - [2026-07-22T00:54:50.007+0000] {dag.py:4180} INFO - Setting next_dagrun for example_short_circuit_decorator to None, run_after=None
[2026-07-22T00:54:50.032+0000] {processor.py:208} INFO - Processing /home/airflow/.local/lib/python3.12/site-packages/airflow/example_dags/example_short_circuit_decorator.py took 0.099 seconds
[2026-07-22T00:55:21.334+0000] {processor.py:186} INFO - Started process (PID=6044) to work on /home/airflow/.local/lib/python3.12/site-packages/airflow/example_dags/example_short_circuit_decorator.py
[2026-07-22T00:55:21.336+0000] {processor.py:914} INFO - Processing file /home/airflow/.local/lib/python3.12/site-packages/airflow/example_dags/example_short_circuit_decorator.py for tasks to queue
[2026-07-22T00:55:21.341+0000] {logging_mixin.py:190} INFO - [2026-07-22T00:55:21.340+0000] {dagbag.py:588} INFO - Filling up the DagBag from /home/airflow/.local/lib/python3.12/site-packages/airflow/example_dags/example_short_circuit_decorator.py
[2026-07-22T00:55:21.356+0000] {processor.py:925} INFO - DAG(s) 'example_short_circuit_decorator' retrieved from /home/airflow/.local/lib/python3.12/site-packages/airflow/example_dags/example_short_circuit_decorator.py
[2026-07-22T00:55:21.391+0000] {logging_mixin.py:190} INFO - [2026-07-22T00:55:21.390+0000] {dag.py:3239} INFO - Sync 1 DAGs
[2026-07-22T00:55:21.414+0000] {logging_mixin.py:190} INFO - [2026-07-22T00:55:21.414+0000] {dag.py:4180} INFO - Setting next_dagrun for example_short_circuit_decorator to None, run_after=None
[2026-07-22T00:55:21.441+0000] {processor.py:208} INFO - Processing /home/airflow/.local/lib/python3.12/site-packages/airflow/example_dags/example_short_circuit_decorator.py took 0.123 seconds
[2026-07-22T00:55:52.546+0000] {processor.py:186} INFO - Started process (PID=6108) to work on /home/airflow/.local/lib/python3.12/site-packages/airflow/example_dags/example_short_circuit_decorator.py
[2026-07-22T00:55:52.547+0000] {processor.py:914} INFO - Processing file /home/airflow/.local/lib/python3.12/site-packages/airflow/example_dags/example_short_circuit_decorator.py for tasks to queue
[2026-07-22T00:55:52.550+0000] {logging_mixin.py:190} INFO - [2026-07-22T00:55:52.550+0000] {dagbag.py:588} INFO - Filling up the DagBag from /home/airflow/.local/lib/python3.12/site-packages/airflow/example_dags/example_short_circuit_decorator.py
[2026-07-22T00:55:52.561+0000] {processor.py:925} INFO - DAG(s) 'example_short_circuit_decorator' retrieved from /home/airflow/.local/lib/python3.12/site-packages/airflow/example_dags/example_short_circuit_decorator.py
[2026-07-22T00:55:52.585+0000] {logging_mixin.py:190} INFO - [2026-07-22T00:55:52.585+0000] {dag.py:3239} INFO - Sync 1 DAGs
[2026-07-22T00:55:52.603+0000] {logging_mixin.py:190} INFO - [2026-07-22T00:55:52.603+0000] {dag.py:4180} INFO - Setting next_dagrun for example_short_circuit_decorator to None, run_after=None
[2026-07-22T00:55:52.626+0000] {processor.py:208} INFO - Processing /home/airflow/.local/lib/python3.12/site-packages/airflow/example_dags/example_short_circuit_decorator.py took 0.086 seconds
[2026-07-22T00:56:23.895+0000] {processor.py:186} INFO - Started process (PID=6173) to work on /home/airflow/.local/lib/python3.12/site-packages/airflow/example_dags/example_short_circuit_decorator.py
[2026-07-22T00:56:23.896+0000] {processor.py:914} INFO - Processing file /home/airflow/.local/lib/python3.12/site-packages/airflow/example_dags/example_short_circuit_decorator.py for tasks to queue
[2026-07-22T00:56:23.899+0000] {logging_mixin.py:190} INFO - [2026-07-22T00:56:23.899+0000] {dagbag.py:588} INFO - Filling up the DagBag from /home/airflow/.local/lib/python3.12/site-packages/airflow/example_dags/example_short_circuit_decorator.py
[2026-07-22T00:56:23.910+0000] {processor.py:925} INFO - DAG(s) 'example_short_circuit_decorator' retrieved from /home/airflow/.local/lib/python3.12/site-packages/airflow/example_dags/example_short_circuit_decorator.py
[2026-07-22T00:56:23.936+0000] {logging_mixin.py:190} INFO - [2026-07-22T00:56:23.935+0000] {dag.py:3239} INFO - Sync 1 DAGs
[2026-07-22T00:56:23.954+0000] {logging_mixin.py:190} INFO - [2026-07-22T00:56:23.954+0000] {dag.py:4180} INFO - Setting next_dagrun for example_short_circuit_decorator to None, run_after=None
[2026-07-22T00:56:23.978+0000] {processor.py:208} INFO - Processing /home/airflow/.local/lib/python3.12/site-packages/airflow/example_dags/example_short_circuit_decorator.py took 0.088 seconds
[2026-07-22T00:56:55.418+0000] {processor.py:186} INFO - Started process (PID=6237) to work on /home/airflow/.local/lib/python3.12/site-packages/airflow/example_dags/example_short_circuit_decorator.py
[2026-07-22T00:56:55.420+0000] {processor.py:914} INFO - Processing file /home/airflow/.local/lib/python3.12/site-packages/airflow/example_dags/example_short_circuit_decorator.py for tasks to queue
[2026-07-22T00:56:55.423+0000] {logging_mixin.py:190} INFO - [2026-07-22T00:56:55.423+0000] {dagbag.py:588} INFO - Filling up the DagBag from /home/airflow/.local/lib/python3.12/site-packages/airflow/example_dags/example_short_circuit_decorator.py
[2026-07-22T00:56:55.435+0000] {processor.py:925} INFO - DAG(s) 'example_short_circuit_decorator' retrieved from /home/airflow/.local/lib/python3.12/site-packages/airflow/example_dags/example_short_circuit_decorator.py
[2026-07-22T00:56:55.461+0000] {logging_mixin.py:190} INFO - [2026-07-22T00:56:55.461+0000] {dag.py:3239} INFO - Sync 1 DAGs
[2026-07-22T00:56:55.478+0000] {logging_mixin.py:190} INFO - [2026-07-22T00:56:55.478+0000] {dag.py:4180} INFO - Setting next_dagrun for example_short_circuit_decorator to None, run_after=None
[2026-07-22T00:56:55.499+0000] {processor.py:208} INFO - Processing /home/airflow/.local/lib/python3.12/site-packages/airflow/example_dags/example_short_circuit_decorator.py took 0.091 seconds
[2026-07-22T00:57:26.806+0000] {processor.py:186} INFO - Started process (PID=6301) to work on /home/airflow/.local/lib/python3.12/site-packages/airflow/example_dags/example_short_circuit_decorator.py
[2026-07-22T00:57:26.808+0000] {processor.py:914} INFO - Processing file /home/airflow/.local/lib/python3.12/site-packages/airflow/example_dags/example_short_circuit_decorator.py for tasks to queue
[2026-07-22T00:57:26.811+0000] {logging_mixin.py:190} INFO - [2026-07-22T00:57:26.811+0000] {dagbag.py:588} INFO - Filling up the DagBag from /home/airflow/.local/lib/python3.12/site-packages/airflow/example_dags/example_short_circuit_decorator.py
[2026-07-22T00:57:26.827+0000] {processor.py:925} INFO - DAG(s) 'example_short_circuit_decorator' retrieved from /home/airflow/.local/lib/python3.12/site-packages/airflow/example_dags/example_short_circuit_decorator.py
[2026-07-22T00:57:26.856+0000] {logging_mixin.py:190} INFO - [2026-07-22T00:57:26.856+0000] {dag.py:3239} INFO - Sync 1 DAGs
[2026-07-22T00:57:26.880+0000] {logging_mixin.py:190} INFO - [2026-07-22T00:57:26.879+0000] {dag.py:4180} INFO - Setting next_dagrun for example_short_circuit_decorator to None, run_after=None
[2026-07-22T00:57:26.903+0000] {processor.py:208} INFO - Processing /home/airflow/.local/lib/python3.12/site-packages/airflow/example_dags/example_short_circuit_decorator.py took 0.103 seconds
[2026-07-22T00:57:57.536+0000] {processor.py:186} INFO - Started process (PID=6364) to work on /home/airflow/.local/lib/python3.12/site-packages/airflow/example_dags/example_short_circuit_decorator.py
[2026-07-22T00:57:57.538+0000] {processor.py:914} INFO - Processing file /home/airflow/.local/lib/python3.12/site-packages/airflow/example_dags/example_short_circuit_decorator.py for tasks to queue
[2026-07-22T00:57:57.541+0000] {logging_mixin.py:190} INFO - [2026-07-22T00:57:57.541+0000] {dagbag.py:588} INFO - Filling up the DagBag from /home/airflow/.local/lib/python3.12/site-packages/airflow/example_dags/example_short_circuit_decorator.py
[2026-07-22T00:57:57.555+0000] {processor.py:925} INFO - DAG(s) 'example_short_circuit_decorator' retrieved from /home/airflow/.local/lib/python3.12/site-packages/airflow/example_dags/example_short_circuit_decorator.py
[2026-07-22T00:57:57.579+0000] {logging_mixin.py:190} INFO - [2026-07-22T00:57:57.579+0000] {dag.py:3239} INFO - Sync 1 DAGs
[2026-07-22T00:57:57.596+0000] {logging_mixin.py:190} INFO - [2026-07-22T00:57:57.595+0000] {dag.py:4180} INFO - Setting next_dagrun for example_short_circuit_decorator to None, run_after=None
[2026-07-22T00:57:57.617+0000] {processor.py:208} INFO - Processing /home/airflow/.local/lib/python3.12/site-packages/airflow/example_dags/example_short_circuit_decorator.py took 0.089 seconds
[2026-07-22T00:58:28.858+0000] {processor.py:186} INFO - Started process (PID=6428) to work on /home/airflow/.local/lib/python3.12/site-packages/airflow/example_dags/example_short_circuit_decorator.py
[2026-07-22T00:58:28.860+0000] {processor.py:914} INFO - Processing file /home/airflow/.local/lib/python3.12/site-packages/airflow/example_dags/example_short_circuit_decorator.py for tasks to queue
[2026-07-22T00:58:28.863+0000] {logging_mixin.py:190} INFO - [2026-07-22T00:58:28.863+0000] {dagbag.py:588} INFO - Filling up the DagBag from /home/airflow/.local/lib/python3.12/site-packages/airflow/example_dags/example_short_circuit_decorator.py
[2026-07-22T00:58:28.874+0000] {processor.py:925} INFO - DAG(s) 'example_short_circuit_decorator' retrieved from /home/airflow/.local/lib/python3.12/site-packages/airflow/example_dags/example_short_circuit_decorator.py
[2026-07-22T00:58:28.897+0000] {logging_mixin.py:190} INFO - [2026-07-22T00:58:28.897+0000] {dag.py:3239} INFO - Sync 1 DAGs
[2026-07-22T00:58:28.914+0000] {logging_mixin.py:190} INFO - [2026-07-22T00:58:28.913+0000] {dag.py:4180} INFO - Setting next_dagrun for example_short_circuit_decorator to None, run_after=None
[2026-07-22T00:58:28.938+0000] {processor.py:208} INFO - Processing /home/airflow/.local/lib/python3.12/site-packages/airflow/example_dags/example_short_circuit_decorator.py took 0.085 seconds
[2026-07-22T00:59:00.570+0000] {processor.py:186} INFO - Started process (PID=6493) to work on /home/airflow/.local/lib/python3.12/site-packages/airflow/example_dags/example_short_circuit_decorator.py
[2026-07-22T00:59:00.571+0000] {processor.py:914} INFO - Processing file /home/airflow/.local/lib/python3.12/site-packages/airflow/example_dags/example_short_circuit_decorator.py for tasks to queue
[2026-07-22T00:59:00.574+0000] {logging_mixin.py:190} INFO - [2026-07-22T00:59:00.573+0000] {dagbag.py:588} INFO - Filling up the DagBag from /home/airflow/.local/lib/python3.12/site-packages/airflow/example_dags/example_short_circuit_decorator.py
[2026-07-22T00:59:00.585+0000] {processor.py:925} INFO - DAG(s) 'example_short_circuit_decorator' retrieved from /home/airflow/.local/lib/python3.12/site-packages/airflow/example_dags/example_short_circuit_decorator.py
[2026-07-22T00:59:00.611+0000] {logging_mixin.py:190} INFO - [2026-07-22T00:59:00.611+0000] {dag.py:3239} INFO - Sync 1 DAGs
[2026-07-22T00:59:00.628+0000] {logging_mixin.py:190} INFO - [2026-07-22T00:59:00.628+0000] {dag.py:4180} INFO - Setting next_dagrun for example_short_circuit_decorator to None, run_after=None
[2026-07-22T00:59:00.650+0000] {processor.py:208} INFO - Processing /home/airflow/.local/lib/python3.12/site-packages/airflow/example_dags/example_short_circuit_decorator.py took 0.086 seconds
[2026-07-22T00:59:31.709+0000] {processor.py:186} INFO - Started process (PID=6557) to work on /home/airflow/.local/lib/python3.12/site-packages/airflow/example_dags/example_short_circuit_decorator.py
[2026-07-22T00:59:31.710+0000] {processor.py:914} INFO - Processing file /home/airflow/.local/lib/python3.12/site-packages/airflow/example_dags/example_short_circuit_decorator.py for tasks to queue
[2026-07-22T00:59:31.714+0000] {logging_mixin.py:190} INFO - [2026-07-22T00:59:31.713+0000] {dagbag.py:588} INFO - Filling up the DagBag from /home/airflow/.local/lib/python3.12/site-packages/airflow/example_dags/example_short_circuit_decorator.py
[2026-07-22T00:59:31.728+0000] {processor.py:925} INFO - DAG(s) 'example_short_circuit_decorator' retrieved from /home/airflow/.local/lib/python3.12/site-packages/airflow/example_dags/example_short_circuit_decorator.py
[2026-07-22T00:59:31.757+0000] {logging_mixin.py:190} INFO - [2026-07-22T00:59:31.757+0000] {dag.py:3239} INFO - Sync 1 DAGs
[2026-07-22T00:59:31.779+0000] {logging_mixin.py:190} INFO - [2026-07-22T00:59:31.778+0000] {dag.py:4180} INFO - Setting next_dagrun for example_short_circuit_decorator to None, run_after=None
[2026-07-22T00:59:31.810+0000] {processor.py:208} INFO - Processing /home/airflow/.local/lib/python3.12/site-packages/airflow/example_dags/example_short_circuit_decorator.py took 0.109 seconds
[2026-07-22T01:00:02.927+0000] {processor.py:186} INFO - Started process (PID=6620) to work on /home/airflow/.local/lib/python3.12/site-packages/airflow/example_dags/example_short_circuit_decorator.py
[2026-07-22T01:00:02.928+0000] {processor.py:914} INFO - Processing file /home/airflow/.local/lib/python3.12/site-packages/airflow/example_dags/example_short_circuit_decorator.py for tasks to queue
[2026-07-22T01:00:02.931+0000] {logging_mixin.py:190} INFO - [2026-07-22T01:00:02.931+0000] {dagbag.py:588} INFO - Filling up the DagBag from /home/airflow/.local/lib/python3.12/site-packages/airflow/example_dags/example_short_circuit_decorator.py
[2026-07-22T01:00:02.944+0000] {processor.py:925} INFO - DAG(s) 'example_short_circuit_decorator' retrieved from /home/airflow/.local/lib/python3.12/site-packages/airflow/example_dags/example_short_circuit_decorator.py
[2026-07-22T01:00:02.974+0000] {logging_mixin.py:190} INFO - [2026-07-22T01:00:02.973+0000] {dag.py:3239} INFO - Sync 1 DAGs
[2026-07-22T01:00:02.996+0000] {logging_mixin.py:190} INFO - [2026-07-22T01:00:02.996+0000] {dag.py:4180} INFO - Setting next_dagrun for example_short_circuit_decorator to None, run_after=None
[2026-07-22T01:00:03.025+0000] {processor.py:208} INFO - Processing /home/airflow/.local/lib/python3.12/site-packages/airflow/example_dags/example_short_circuit_decorator.py took 0.104 seconds
[2026-07-22T01:00:34.932+0000] {processor.py:186} INFO - Started process (PID=6691) to work on /home/airflow/.local/lib/python3.12/site-packages/airflow/example_dags/example_short_circuit_decorator.py
[2026-07-22T01:00:34.934+0000] {processor.py:914} INFO - Processing file /home/airflow/.local/lib/python3.12/site-packages/airflow/example_dags/example_short_circuit_decorator.py for tasks to queue
[2026-07-22T01:00:34.937+0000] {logging_mixin.py:190} INFO - [2026-07-22T01:00:34.937+0000] {dagbag.py:588} INFO - Filling up the DagBag from /home/airflow/.local/lib/python3.12/site-packages/airflow/example_dags/example_short_circuit_decorator.py
[2026-07-22T01:00:34.951+0000] {processor.py:925} INFO - DAG(s) 'example_short_circuit_decorator' retrieved from /home/airflow/.local/lib/python3.12/site-packages/airflow/example_dags/example_short_circuit_decorator.py
[2026-07-22T01:00:34.981+0000] {logging_mixin.py:190} INFO - [2026-07-22T01:00:34.980+0000] {dag.py:3239} INFO - Sync 1 DAGs
[2026-07-22T01:00:34.999+0000] {logging_mixin.py:190} INFO - [2026-07-22T01:00:34.999+0000] {dag.py:4180} INFO - Setting next_dagrun for example_short_circuit_decorator to None, run_after=None
[2026-07-22T01:00:35.031+0000] {processor.py:208} INFO - Processing /home/airflow/.local/lib/python3.12/site-packages/airflow/example_dags/example_short_circuit_decorator.py took 0.104 seconds
[2026-07-22T01:01:06.326+0000] {processor.py:186} INFO - Started process (PID=6755) to work on /home/airflow/.local/lib/python3.12/site-packages/airflow/example_dags/example_short_circuit_decorator.py
[2026-07-22T01:01:06.331+0000] {processor.py:914} INFO - Processing file /home/airflow/.local/lib/python3.12/site-packages/airflow/example_dags/example_short_circuit_decorator.py for tasks to queue
[2026-07-22T01:01:06.337+0000] {logging_mixin.py:190} INFO - [2026-07-22T01:01:06.337+0000] {dagbag.py:588} INFO - Filling up the DagBag from /home/airflow/.local/lib/python3.12/site-packages/airflow/example_dags/example_short_circuit_decorator.py
[2026-07-22T01:01:06.373+0000] {processor.py:925} INFO - DAG(s) 'example_short_circuit_decorator' retrieved from /home/airflow/.local/lib/python3.12/site-packages/airflow/example_dags/example_short_circuit_decorator.py
[2026-07-22T01:01:06.424+0000] {logging_mixin.py:190} INFO - [2026-07-22T01:01:06.423+0000] {dag.py:3239} INFO - Sync 1 DAGs
[2026-07-22T01:01:06.458+0000] {logging_mixin.py:190} INFO - [2026-07-22T01:01:06.458+0000] {dag.py:4180} INFO - Setting next_dagrun for example_short_circuit_decorator to None, run_after=None
[2026-07-22T01:01:06.490+0000] {processor.py:208} INFO - Processing /home/airflow/.local/lib/python3.12/site-packages/airflow/example_dags/example_short_circuit_decorator.py took 0.178 seconds
[2026-07-22T01:01:37.907+0000] {processor.py:186} INFO - Started process (PID=6819) to work on /home/airflow/.local/lib/python3.12/site-packages/airflow/example_dags/example_short_circuit_decorator.py
[2026-07-22T01:01:37.909+0000] {processor.py:914} INFO - Processing file /home/airflow/.local/lib/python3.12/site-packages/airflow/example_dags/example_short_circuit_decorator.py for tasks to queue
[2026-07-22T01:01:37.912+0000] {logging_mixin.py:190} INFO - [2026-07-22T01:01:37.912+0000] {dagbag.py:588} INFO - Filling up the DagBag from /home/airflow/.local/lib/python3.12/site-packages/airflow/example_dags/example_short_circuit_decorator.py
[2026-07-22T01:01:37.924+0000] {processor.py:925} INFO - DAG(s) 'example_short_circuit_decorator' retrieved from /home/airflow/.local/lib/python3.12/site-packages/airflow/example_dags/example_short_circuit_decorator.py
[2026-07-22T01:01:37.951+0000] {logging_mixin.py:190} INFO - [2026-07-22T01:01:37.950+0000] {dag.py:3239} INFO - Sync 1 DAGs
[2026-07-22T01:01:37.970+0000] {logging_mixin.py:190} INFO - [2026-07-22T01:01:37.970+0000] {dag.py:4180} INFO - Setting next_dagrun for example_short_circuit_decorator to None, run_after=None
[2026-07-22T01:01:38.001+0000] {processor.py:208} INFO - Processing /home/airflow/.local/lib/python3.12/site-packages/airflow/example_dags/example_short_circuit_decorator.py took 0.100 seconds
[2026-07-22T01:02:09.144+0000] {processor.py:186} INFO - Started process (PID=6883) to work on /home/airflow/.local/lib/python3.12/site-packages/airflow/example_dags/example_short_circuit_decorator.py
[2026-07-22T01:02:09.146+0000] {processor.py:914} INFO - Processing file /home/airflow/.local/lib/python3.12/site-packages/airflow/example_dags/example_short_circuit_decorator.py for tasks to queue
[2026-07-22T01:02:09.149+0000] {logging_mixin.py:190} INFO - [2026-07-22T01:02:09.148+0000] {dagbag.py:588} INFO - Filling up the DagBag from /home/airflow/.local/lib/python3.12/site-packages/airflow/example_dags/example_short_circuit_decorator.py
[2026-07-22T01:02:09.162+0000] {processor.py:925} INFO - DAG(s) 'example_short_circuit_decorator' retrieved from /home/airflow/.local/lib/python3.12/site-packages/airflow/example_dags/example_short_circuit_decorator.py
[2026-07-22T01:02:09.196+0000] {logging_mixin.py:190} INFO - [2026-07-22T01:02:09.195+0000] {dag.py:3239} INFO - Sync 1 DAGs
[2026-07-22T01:02:09.221+0000] {logging_mixin.py:190} INFO - [2026-07-22T01:02:09.221+0000] {dag.py:4180} INFO - Setting next_dagrun for example_short_circuit_decorator to None, run_after=None
[2026-07-22T01:02:09.246+0000] {processor.py:208} INFO - Processing /home/airflow/.local/lib/python3.12/site-packages/airflow/example_dags/example_short_circuit_decorator.py took 0.110 seconds
[2026-07-22T01:02:40.488+0000] {processor.py:186} INFO - Started process (PID=6947) to work on /home/airflow/.local/lib/python3.12/site-packages/airflow/example_dags/example_short_circuit_decorator.py
[2026-07-22T01:02:40.489+0000] {processor.py:914} INFO - Processing file /home/airflow/.local/lib/python3.12/site-packages/airflow/example_dags/example_short_circuit_decorator.py for tasks to queue
[2026-07-22T01:02:40.493+0000] {logging_mixin.py:190} INFO - [2026-07-22T01:02:40.492+0000] {dagbag.py:588} INFO - Filling up the DagBag from /home/airflow/.local/lib/python3.12/site-packages/airflow/example_dags/example_short_circuit_decorator.py
[2026-07-22T01:02:40.505+0000] {processor.py:925} INFO - DAG(s) 'example_short_circuit_decorator' retrieved from /home/airflow/.local/lib/python3.12/site-packages/airflow/example_dags/example_short_circuit_decorator.py
[2026-07-22T01:02:40.533+0000] {logging_mixin.py:190} INFO - [2026-07-22T01:02:40.532+0000] {dag.py:3239} INFO - Sync 1 DAGs
[2026-07-22T01:02:40.550+0000] {logging_mixin.py:190} INFO - [2026-07-22T01:02:40.550+0000] {dag.py:4180} INFO - Setting next_dagrun for example_short_circuit_decorator to None, run_after=None
[2026-07-22T01:02:40.572+0000] {processor.py:208} INFO - Processing /home/airflow/.local/lib/python3.12/site-packages/airflow/example_dags/example_short_circuit_decorator.py took 0.091 seconds
[2026-07-22T01:03:11.667+0000] {processor.py:186} INFO - Started process (PID=7011) to work on /home/airflow/.local/lib/python3.12/site-packages/airflow/example_dags/example_short_circuit_decorator.py
[2026-07-22T01:03:11.668+0000] {processor.py:914} INFO - Processing file /home/airflow/.local/lib/python3.12/site-packages/airflow/example_dags/example_short_circuit_decorator.py for tasks to queue
[2026-07-22T01:03:11.671+0000] {logging_mixin.py:190} INFO - [2026-07-22T01:03:11.671+0000] {dagbag.py:588} INFO - Filling up the DagBag from /home/airflow/.local/lib/python3.12/site-packages/airflow/example_dags/example_short_circuit_decorator.py
[2026-07-22T01:03:11.683+0000] {processor.py:925} INFO - DAG(s) 'example_short_circuit_decorator' retrieved from /home/airflow/.local/lib/python3.12/site-packages/airflow/example_dags/example_short_circuit_decorator.py
[2026-07-22T01:03:11.710+0000] {logging_mixin.py:190} INFO - [2026-07-22T01:03:11.710+0000] {dag.py:3239} INFO - Sync 1 DAGs
[2026-07-22T01:03:11.733+0000] {logging_mixin.py:190} INFO - [2026-07-22T01:03:11.733+0000] {dag.py:4180} INFO - Setting next_dagrun for example_short_circuit_decorator to None, run_after=None
[2026-07-22T01:03:11.762+0000] {processor.py:208} INFO - Processing /home/airflow/.local/lib/python3.12/site-packages/airflow/example_dags/example_short_circuit_decorator.py took 0.102 seconds
[2026-07-22T01:03:43.118+0000] {processor.py:186} INFO - Started process (PID=7075) to work on /home/airflow/.local/lib/python3.12/site-packages/airflow/example_dags/example_short_circuit_decorator.py
[2026-07-22T01:03:43.119+0000] {processor.py:914} INFO - Processing file /home/airflow/.local/lib/python3.12/site-packages/airflow/example_dags/example_short_circuit_decorator.py for tasks to queue
[2026-07-22T01:03:43.122+0000] {logging_mixin.py:190} INFO - [2026-07-22T01:03:43.121+0000] {dagbag.py:588} INFO - Filling up the DagBag from /home/airflow/.local/lib/python3.12/site-packages/airflow/example_dags/example_short_circuit_decorator.py
[2026-07-22T01:03:43.134+0000] {processor.py:925} INFO - DAG(s) 'example_short_circuit_decorator' retrieved from /home/airflow/.local/lib/python3.12/site-packages/airflow/example_dags/example_short_circuit_decorator.py
[2026-07-22T01:03:43.162+0000] {logging_mixin.py:190} INFO - [2026-07-22T01:03:43.162+0000] {dag.py:3239} INFO - Sync 1 DAGs
[2026-07-22T01:03:43.188+0000] {logging_mixin.py:190} INFO - [2026-07-22T01:03:43.188+0000] {dag.py:4180} INFO - Setting next_dagrun for example_short_circuit_decorator to None, run_after=None
[2026-07-22T01:03:43.220+0000] {processor.py:208} INFO - Processing /home/airflow/.local/lib/python3.12/site-packages/airflow/example_dags/example_short_circuit_decorator.py took 0.109 seconds
[2026-07-22T01:04:14.638+0000] {processor.py:186} INFO - Started process (PID=7139) to work on /home/airflow/.local/lib/python3.12/site-packages/airflow/example_dags/example_short_circuit_decorator.py
[2026-07-22T01:04:14.641+0000] {processor.py:914} INFO - Processing file /home/airflow/.local/lib/python3.12/site-packages/airflow/example_dags/example_short_circuit_decorator.py for tasks to queue
[2026-07-22T01:04:14.646+0000] {logging_mixin.py:190} INFO - [2026-07-22T01:04:14.645+0000] {dagbag.py:588} INFO - Filling up the DagBag from /home/airflow/.local/lib/python3.12/site-packages/airflow/example_dags/example_short_circuit_decorator.py
[2026-07-22T01:04:14.664+0000] {processor.py:925} INFO - DAG(s) 'example_short_circuit_decorator' retrieved from /home/airflow/.local/lib/python3.12/site-packages/airflow/example_dags/example_short_circuit_decorator.py
[2026-07-22T01:04:14.705+0000] {logging_mixin.py:190} INFO - [2026-07-22T01:04:14.704+0000] {dag.py:3239} INFO - Sync 1 DAGs
[2026-07-22T01:04:14.734+0000] {logging_mixin.py:190} INFO - [2026-07-22T01:04:14.734+0000] {dag.py:4180} INFO - Setting next_dagrun for example_short_circuit_decorator to None, run_after=None
[2026-07-22T01:04:14.785+0000] {processor.py:208} INFO - Processing /home/airflow/.local/lib/python3.12/site-packages/airflow/example_dags/example_short_circuit_decorator.py took 0.159 seconds
[2026-07-22T01:04:46.198+0000] {processor.py:186} INFO - Started process (PID=7204) to work on /home/airflow/.local/lib/python3.12/site-packages/airflow/example_dags/example_short_circuit_decorator.py
[2026-07-22T01:04:46.200+0000] {processor.py:914} INFO - Processing file /home/airflow/.local/lib/python3.12/site-packages/airflow/example_dags/example_short_circuit_decorator.py for tasks to queue
[2026-07-22T01:04:46.204+0000] {logging_mixin.py:190} INFO - [2026-07-22T01:04:46.203+0000] {dagbag.py:588} INFO - Filling up the DagBag from /home/airflow/.local/lib/python3.12/site-packages/airflow/example_dags/example_short_circuit_decorator.py
[2026-07-22T01:04:46.222+0000] {processor.py:925} INFO - DAG(s) 'example_short_circuit_decorator' retrieved from /home/airflow/.local/lib/python3.12/site-packages/airflow/example_dags/example_short_circuit_decorator.py
[2026-07-22T01:04:46.260+0000] {logging_mixin.py:190} INFO - [2026-07-22T01:04:46.260+0000] {dag.py:3239} INFO - Sync 1 DAGs
[2026-07-22T01:04:46.288+0000] {logging_mixin.py:190} INFO - [2026-07-22T01:04:46.288+0000] {dag.py:4180} INFO - Setting next_dagrun for example_short_circuit_decorator to None, run_after=None
[2026-07-22T01:04:46.333+0000] {processor.py:208} INFO - Processing /home/airflow/.local/lib/python3.12/site-packages/airflow/example_dags/example_short_circuit_decorator.py took 0.142 seconds
[2026-07-22T01:05:17.196+0000] {processor.py:186} INFO - Started process (PID=7268) to work on /home/airflow/.local/lib/python3.12/site-packages/airflow/example_dags/example_short_circuit_decorator.py
[2026-07-22T01:05:17.199+0000] {processor.py:914} INFO - Processing file /home/airflow/.local/lib/python3.12/site-packages/airflow/example_dags/example_short_circuit_decorator.py for tasks to queue
[2026-07-22T01:05:17.204+0000] {logging_mixin.py:190} INFO - [2026-07-22T01:05:17.203+0000] {dagbag.py:588} INFO - Filling up the DagBag from /home/airflow/.local/lib/python3.12/site-packages/airflow/example_dags/example_short_circuit_decorator.py
[2026-07-22T01:05:17.233+0000] {processor.py:925} INFO - DAG(s) 'example_short_circuit_decorator' retrieved from /home/airflow/.local/lib/python3.12/site-packages/airflow/example_dags/example_short_circuit_decorator.py
[2026-07-22T01:05:17.278+0000] {logging_mixin.py:190} INFO - [2026-07-22T01:05:17.278+0000] {dag.py:3239} INFO - Sync 1 DAGs
[2026-07-22T01:05:17.315+0000] {logging_mixin.py:190} INFO - [2026-07-22T01:05:17.315+0000] {dag.py:4180} INFO - Setting next_dagrun for example_short_circuit_decorator to None, run_after=None
[2026-07-22T01:05:17.365+0000] {processor.py:208} INFO - Processing /home/airflow/.local/lib/python3.12/site-packages/airflow/example_dags/example_short_circuit_decorator.py took 0.181 seconds
[2026-07-22T01:05:48.574+0000] {processor.py:186} INFO - Started process (PID=7333) to work on /home/airflow/.local/lib/python3.12/site-packages/airflow/example_dags/example_short_circuit_decorator.py
[2026-07-22T01:05:48.576+0000] {processor.py:914} INFO - Processing file /home/airflow/.local/lib/python3.12/site-packages/airflow/example_dags/example_short_circuit_decorator.py for tasks to queue
[2026-07-22T01:05:48.582+0000] {logging_mixin.py:190} INFO - [2026-07-22T01:05:48.581+0000] {dagbag.py:588} INFO - Filling up the DagBag from /home/airflow/.local/lib/python3.12/site-packages/airflow/example_dags/example_short_circuit_decorator.py
[2026-07-22T01:05:48.615+0000] {processor.py:925} INFO - DAG(s) 'example_short_circuit_decorator' retrieved from /home/airflow/.local/lib/python3.12/site-packages/airflow/example_dags/example_short_circuit_decorator.py
[2026-07-22T01:05:48.654+0000] {logging_mixin.py:190} INFO - [2026-07-22T01:05:48.653+0000] {dag.py:3239} INFO - Sync 1 DAGs
[2026-07-22T01:05:48.680+0000] {logging_mixin.py:190} INFO - [2026-07-22T01:05:48.680+0000] {dag.py:4180} INFO - Setting next_dagrun for example_short_circuit_decorator to None, run_after=None
[2026-07-22T01:05:48.716+0000] {processor.py:208} INFO - Processing /home/airflow/.local/lib/python3.12/site-packages/airflow/example_dags/example_short_circuit_decorator.py took 0.160 seconds
[2026-07-22T01:06:20.033+0000] {processor.py:186} INFO - Started process (PID=7398) to work on /home/airflow/.local/lib/python3.12/site-packages/airflow/example_dags/example_short_circuit_decorator.py
[2026-07-22T01:06:20.034+0000] {processor.py:914} INFO - Processing file /home/airflow/.local/lib/python3.12/site-packages/airflow/example_dags/example_short_circuit_decorator.py for tasks to queue
[2026-07-22T01:06:20.038+0000] {logging_mixin.py:190} INFO - [2026-07-22T01:06:20.037+0000] {dagbag.py:588} INFO - Filling up the DagBag from /home/airflow/.local/lib/python3.12/site-packages/airflow/example_dags/example_short_circuit_decorator.py
[2026-07-22T01:06:20.050+0000] {processor.py:925} INFO - DAG(s) 'example_short_circuit_decorator' retrieved from /home/airflow/.local/lib/python3.12/site-packages/airflow/example_dags/example_short_circuit_decorator.py
[2026-07-22T01:06:20.076+0000] {logging_mixin.py:190} INFO - [2026-07-22T01:06:20.076+0000] {dag.py:3239} INFO - Sync 1 DAGs
[2026-07-22T01:06:20.101+0000] {logging_mixin.py:190} INFO - [2026-07-22T01:06:20.100+0000] {dag.py:4180} INFO - Setting next_dagrun for example_short_circuit_decorator to None, run_after=None
[2026-07-22T01:06:20.126+0000] {processor.py:208} INFO - Processing /home/airflow/.local/lib/python3.12/site-packages/airflow/example_dags/example_short_circuit_decorator.py took 0.100 seconds
[2026-07-22T01:06:51.380+0000] {processor.py:186} INFO - Started process (PID=7463) to work on /home/airflow/.local/lib/python3.12/site-packages/airflow/example_dags/example_short_circuit_decorator.py
[2026-07-22T01:06:51.381+0000] {processor.py:914} INFO - Processing file /home/airflow/.local/lib/python3.12/site-packages/airflow/example_dags/example_short_circuit_decorator.py for tasks to queue
[2026-07-22T01:06:51.384+0000] {logging_mixin.py:190} INFO - [2026-07-22T01:06:51.384+0000] {dagbag.py:588} INFO - Filling up the DagBag from /home/airflow/.local/lib/python3.12/site-packages/airflow/example_dags/example_short_circuit_decorator.py
[2026-07-22T01:06:51.396+0000] {processor.py:925} INFO - DAG(s) 'example_short_circuit_decorator' retrieved from /home/airflow/.local/lib/python3.12/site-packages/airflow/example_dags/example_short_circuit_decorator.py
[2026-07-22T01:06:51.420+0000] {logging_mixin.py:190} INFO - [2026-07-22T01:06:51.420+0000] {dag.py:3239} INFO - Sync 1 DAGs
[2026-07-22T01:06:51.442+0000] {logging_mixin.py:190} INFO - [2026-07-22T01:06:51.442+0000] {dag.py:4180} INFO - Setting next_dagrun for example_short_circuit_decorator to None, run_after=None
[2026-07-22T01:06:51.465+0000] {processor.py:208} INFO - Processing /home/airflow/.local/lib/python3.12/site-packages/airflow/example_dags/example_short_circuit_decorator.py took 0.091 seconds
[2026-07-22T01:07:23.401+0000] {processor.py:186} INFO - Started process (PID=7526) to work on /home/airflow/.local/lib/python3.12/site-packages/airflow/example_dags/example_short_circuit_decorator.py
[2026-07-22T01:07:23.403+0000] {processor.py:914} INFO - Processing file /home/airflow/.local/lib/python3.12/site-packages/airflow/example_dags/example_short_circuit_decorator.py for tasks to queue
[2026-07-22T01:07:23.405+0000] {logging_mixin.py:190} INFO - [2026-07-22T01:07:23.405+0000] {dagbag.py:588} INFO - Filling up the DagBag from /home/airflow/.local/lib/python3.12/site-packages/airflow/example_dags/example_short_circuit_decorator.py
[2026-07-22T01:07:23.417+0000] {processor.py:925} INFO - DAG(s) 'example_short_circuit_decorator' retrieved from /home/airflow/.local/lib/python3.12/site-packages/airflow/example_dags/example_short_circuit_decorator.py
[2026-07-22T01:07:23.440+0000] {logging_mixin.py:190} INFO - [2026-07-22T01:07:23.440+0000] {dag.py:3239} INFO - Sync 1 DAGs
[2026-07-22T01:07:23.457+0000] {logging_mixin.py:190} INFO - [2026-07-22T01:07:23.456+0000] {dag.py:4180} INFO - Setting next_dagrun for example_short_circuit_decorator to None, run_after=None
[2026-07-22T01:07:23.479+0000] {processor.py:208} INFO - Processing /home/airflow/.local/lib/python3.12/site-packages/airflow/example_dags/example_short_circuit_decorator.py took 0.084 seconds
[2026-07-22T01:07:53.692+0000] {processor.py:186} INFO - Started process (PID=7590) to work on /home/airflow/.local/lib/python3.12/site-packages/airflow/example_dags/example_short_circuit_decorator.py
[2026-07-22T01:07:53.693+0000] {processor.py:914} INFO - Processing file /home/airflow/.local/lib/python3.12/site-packages/airflow/example_dags/example_short_circuit_decorator.py for tasks to queue
[2026-07-22T01:07:53.696+0000] {logging_mixin.py:190} INFO - [2026-07-22T01:07:53.696+0000] {dagbag.py:588} INFO - Filling up the DagBag from /home/airflow/.local/lib/python3.12/site-packages/airflow/example_dags/example_short_circuit_decorator.py
[2026-07-22T01:07:53.707+0000] {processor.py:925} INFO - DAG(s) 'example_short_circuit_decorator' retrieved from /home/airflow/.local/lib/python3.12/site-packages/airflow/example_dags/example_short_circuit_decorator.py
[2026-07-22T01:07:53.732+0000] {logging_mixin.py:190} INFO - [2026-07-22T01:07:53.731+0000] {dag.py:3239} INFO - Sync 1 DAGs
[2026-07-22T01:07:53.749+0000] {logging_mixin.py:190} INFO - [2026-07-22T01:07:53.749+0000] {dag.py:4180} INFO - Setting next_dagrun for example_short_circuit_decorator to None, run_after=None
[2026-07-22T01:07:53.777+0000] {processor.py:208} INFO - Processing /home/airflow/.local/lib/python3.12/site-packages/airflow/example_dags/example_short_circuit_decorator.py took 0.091 seconds
[2026-07-22T01:08:24.241+0000] {processor.py:186} INFO - Started process (PID=7655) to work on /home/airflow/.local/lib/python3.12/site-packages/airflow/example_dags/example_short_circuit_decorator.py
[2026-07-22T01:08:24.243+0000] {processor.py:914} INFO - Processing file /home/airflow/.local/lib/python3.12/site-packages/airflow/example_dags/example_short_circuit_decorator.py for tasks to queue
[2026-07-22T01:08:24.246+0000] {logging_mixin.py:190} INFO - [2026-07-22T01:08:24.246+0000] {dagbag.py:588} INFO - Filling up the DagBag from /home/airflow/.local/lib/python3.12/site-packages/airflow/example_dags/example_short_circuit_decorator.py
[2026-07-22T01:08:24.258+0000] {processor.py:925} INFO - DAG(s) 'example_short_circuit_decorator' retrieved from /home/airflow/.local/lib/python3.12/site-packages/airflow/example_dags/example_short_circuit_decorator.py
[2026-07-22T01:08:24.283+0000] {logging_mixin.py:190} INFO - [2026-07-22T01:08:24.282+0000] {dag.py:3239} INFO - Sync 1 DAGs
[2026-07-22T01:08:24.299+0000] {logging_mixin.py:190} INFO - [2026-07-22T01:08:24.299+0000] {dag.py:4180} INFO - Setting next_dagrun for example_short_circuit_decorator to None, run_after=None
[2026-07-22T01:08:24.321+0000] {processor.py:208} INFO - Processing /home/airflow/.local/lib/python3.12/site-packages/airflow/example_dags/example_short_circuit_decorator.py took 0.087 seconds
[2026-07-22T01:08:55.446+0000] {processor.py:186} INFO - Started process (PID=7720) to work on /home/airflow/.local/lib/python3.12/site-packages/airflow/example_dags/example_short_circuit_decorator.py
[2026-07-22T01:08:55.448+0000] {processor.py:914} INFO - Processing file /home/airflow/.local/lib/python3.12/site-packages/airflow/example_dags/example_short_circuit_decorator.py for tasks to queue
[2026-07-22T01:08:55.451+0000] {logging_mixin.py:190} INFO - [2026-07-22T01:08:55.450+0000] {dagbag.py:588} INFO - Filling up the DagBag from /home/airflow/.local/lib/python3.12/site-packages/airflow/example_dags/example_short_circuit_decorator.py
[2026-07-22T01:08:55.462+0000] {processor.py:925} INFO - DAG(s) 'example_short_circuit_decorator' retrieved from /home/airflow/.local/lib/python3.12/site-packages/airflow/example_dags/example_short_circuit_decorator.py
[2026-07-22T01:08:55.487+0000] {logging_mixin.py:190} INFO - [2026-07-22T01:08:55.486+0000] {dag.py:3239} INFO - Sync 1 DAGs
[2026-07-22T01:08:55.505+0000] {logging_mixin.py:190} INFO - [2026-07-22T01:08:55.505+0000] {dag.py:4180} INFO - Setting next_dagrun for example_short_circuit_decorator to None, run_after=None
[2026-07-22T01:08:55.527+0000] {processor.py:208} INFO - Processing /home/airflow/.local/lib/python3.12/site-packages/airflow/example_dags/example_short_circuit_decorator.py took 0.087 seconds
[2026-07-22T01:09:25.996+0000] {processor.py:186} INFO - Started process (PID=7786) to work on /home/airflow/.local/lib/python3.12/site-packages/airflow/example_dags/example_short_circuit_decorator.py
[2026-07-22T01:09:25.998+0000] {processor.py:914} INFO - Processing file /home/airflow/.local/lib/python3.12/site-packages/airflow/example_dags/example_short_circuit_decorator.py for tasks to queue
[2026-07-22T01:09:26.003+0000] {logging_mixin.py:190} INFO - [2026-07-22T01:09:26.002+0000] {dagbag.py:588} INFO - Filling up the DagBag from /home/airflow/.local/lib/python3.12/site-packages/airflow/example_dags/example_short_circuit_decorator.py
[2026-07-22T01:09:26.022+0000] {processor.py:925} INFO - DAG(s) 'example_short_circuit_decorator' retrieved from /home/airflow/.local/lib/python3.12/site-packages/airflow/example_dags/example_short_circuit_decorator.py
[2026-07-22T01:09:26.059+0000] {logging_mixin.py:190} INFO - [2026-07-22T01:09:26.059+0000] {dag.py:3239} INFO - Sync 1 DAGs
[2026-07-22T01:09:26.085+0000] {logging_mixin.py:190} INFO - [2026-07-22T01:09:26.084+0000] {dag.py:4180} INFO - Setting next_dagrun for example_short_circuit_decorator to None, run_after=None
[2026-07-22T01:09:26.116+0000] {processor.py:208} INFO - Processing /home/airflow/.local/lib/python3.12/site-packages/airflow/example_dags/example_short_circuit_decorator.py took 0.129 seconds
[2026-07-22T01:09:56.582+0000] {processor.py:186} INFO - Started process (PID=7850) to work on /home/airflow/.local/lib/python3.12/site-packages/airflow/example_dags/example_short_circuit_decorator.py
[2026-07-22T01:09:56.583+0000] {processor.py:914} INFO - Processing file /home/airflow/.local/lib/python3.12/site-packages/airflow/example_dags/example_short_circuit_decorator.py for tasks to queue
[2026-07-22T01:09:56.587+0000] {logging_mixin.py:190} INFO - [2026-07-22T01:09:56.586+0000] {dagbag.py:588} INFO - Filling up the DagBag from /home/airflow/.local/lib/python3.12/site-packages/airflow/example_dags/example_short_circuit_decorator.py
[2026-07-22T01:09:56.599+0000] {processor.py:925} INFO - DAG(s) 'example_short_circuit_decorator' retrieved from /home/airflow/.local/lib/python3.12/site-packages/airflow/example_dags/example_short_circuit_decorator.py
[2026-07-22T01:09:56.629+0000] {logging_mixin.py:190} INFO - [2026-07-22T01:09:56.629+0000] {dag.py:3239} INFO - Sync 1 DAGs
[2026-07-22T01:09:56.653+0000] {logging_mixin.py:190} INFO - [2026-07-22T01:09:56.652+0000] {dag.py:4180} INFO - Setting next_dagrun for example_short_circuit_decorator to None, run_after=None
[2026-07-22T01:09:56.683+0000] {processor.py:208} INFO - Processing /home/airflow/.local/lib/python3.12/site-packages/airflow/example_dags/example_short_circuit_decorator.py took 0.107 seconds
[2026-07-22T01:10:27.052+0000] {processor.py:186} INFO - Started process (PID=7915) to work on /home/airflow/.local/lib/python3.12/site-packages/airflow/example_dags/example_short_circuit_decorator.py
[2026-07-22T01:10:27.053+0000] {processor.py:914} INFO - Processing file /home/airflow/.local/lib/python3.12/site-packages/airflow/example_dags/example_short_circuit_decorator.py for tasks to queue
[2026-07-22T01:10:27.055+0000] {logging_mixin.py:190} INFO - [2026-07-22T01:10:27.055+0000] {dagbag.py:588} INFO - Filling up the DagBag from /home/airflow/.local/lib/python3.12/site-packages/airflow/example_dags/example_short_circuit_decorator.py
[2026-07-22T01:10:27.066+0000] {processor.py:925} INFO - DAG(s) 'example_short_circuit_decorator' retrieved from /home/airflow/.local/lib/python3.12/site-packages/airflow/example_dags/example_short_circuit_decorator.py
[2026-07-22T01:10:27.089+0000] {logging_mixin.py:190} INFO - [2026-07-22T01:10:27.088+0000] {dag.py:3239} INFO - Sync 1 DAGs
[2026-07-22T01:10:27.105+0000] {logging_mixin.py:190} INFO - [2026-07-22T01:10:27.105+0000] {dag.py:4180} INFO - Setting next_dagrun for example_short_circuit_decorator to None, run_after=None
[2026-07-22T01:10:27.143+0000] {processor.py:208} INFO - Processing /home/airflow/.local/lib/python3.12/site-packages/airflow/example_dags/example_short_circuit_decorator.py took 0.097 seconds
[2026-07-22T01:10:57.691+0000] {processor.py:186} INFO - Started process (PID=7979) to work on /home/airflow/.local/lib/python3.12/site-packages/airflow/example_dags/example_short_circuit_decorator.py
[2026-07-22T01:10:57.692+0000] {processor.py:914} INFO - Processing file /home/airflow/.local/lib/python3.12/site-packages/airflow/example_dags/example_short_circuit_decorator.py for tasks to queue
[2026-07-22T01:10:57.696+0000] {logging_mixin.py:190} INFO - [2026-07-22T01:10:57.695+0000] {dagbag.py:588} INFO - Filling up the DagBag from /home/airflow/.local/lib/python3.12/site-packages/airflow/example_dags/example_short_circuit_decorator.py
[2026-07-22T01:10:57.707+0000] {processor.py:925} INFO - DAG(s) 'example_short_circuit_decorator' retrieved from /home/airflow/.local/lib/python3.12/site-packages/airflow/example_dags/example_short_circuit_decorator.py
[2026-07-22T01:10:57.733+0000] {logging_mixin.py:190} INFO - [2026-07-22T01:10:57.733+0000] {dag.py:3239} INFO - Sync 1 DAGs
[2026-07-22T01:10:57.755+0000] {logging_mixin.py:190} INFO - [2026-07-22T01:10:57.755+0000] {dag.py:4180} INFO - Setting next_dagrun for example_short_circuit_decorator to None, run_after=None
[2026-07-22T01:10:57.777+0000] {processor.py:208} INFO - Processing /home/airflow/.local/lib/python3.12/site-packages/airflow/example_dags/example_short_circuit_decorator.py took 0.094 seconds
[2026-07-22T01:11:28.146+0000] {processor.py:186} INFO - Started process (PID=8044) to work on /home/airflow/.local/lib/python3.12/site-packages/airflow/example_dags/example_short_circuit_decorator.py
[2026-07-22T01:11:28.148+0000] {processor.py:914} INFO - Processing file /home/airflow/.local/lib/python3.12/site-packages/airflow/example_dags/example_short_circuit_decorator.py for tasks to queue
[2026-07-22T01:11:28.151+0000] {logging_mixin.py:190} INFO - [2026-07-22T01:11:28.151+0000] {dagbag.py:588} INFO - Filling up the DagBag from /home/airflow/.local/lib/python3.12/site-packages/airflow/example_dags/example_short_circuit_decorator.py
[2026-07-22T01:11:28.167+0000] {processor.py:925} INFO - DAG(s) 'example_short_circuit_decorator' retrieved from /home/airflow/.local/lib/python3.12/site-packages/airflow/example_dags/example_short_circuit_decorator.py
[2026-07-22T01:11:28.190+0000] {logging_mixin.py:190} INFO - [2026-07-22T01:11:28.189+0000] {dag.py:3239} INFO - Sync 1 DAGs
[2026-07-22T01:11:28.205+0000] {logging_mixin.py:190} INFO - [2026-07-22T01:11:28.205+0000] {dag.py:4180} INFO - Setting next_dagrun for example_short_circuit_decorator to None, run_after=None
[2026-07-22T01:11:28.228+0000] {processor.py:208} INFO - Processing /home/airflow/.local/lib/python3.12/site-packages/airflow/example_dags/example_short_circuit_decorator.py took 0.090 seconds
[2026-07-22T01:11:58.715+0000] {processor.py:186} INFO - Started process (PID=8108) to work on /home/airflow/.local/lib/python3.12/site-packages/airflow/example_dags/example_short_circuit_decorator.py
[2026-07-22T01:11:58.716+0000] {processor.py:914} INFO - Processing file /home/airflow/.local/lib/python3.12/site-packages/airflow/example_dags/example_short_circuit_decorator.py for tasks to queue
[2026-07-22T01:11:58.720+0000] {logging_mixin.py:190} INFO - [2026-07-22T01:11:58.719+0000] {dagbag.py:588} INFO - Filling up the DagBag from /home/airflow/.local/lib/python3.12/site-packages/airflow/example_dags/example_short_circuit_decorator.py
[2026-07-22T01:11:58.731+0000] {processor.py:925} INFO - DAG(s) 'example_short_circuit_decorator' retrieved from /home/airflow/.local/lib/python3.12/site-packages/airflow/example_dags/example_short_circuit_decorator.py
[2026-07-22T01:11:58.755+0000] {logging_mixin.py:190} INFO - [2026-07-22T01:11:58.755+0000] {dag.py:3239} INFO - Sync 1 DAGs
[2026-07-22T01:11:58.772+0000] {logging_mixin.py:190} INFO - [2026-07-22T01:11:58.772+0000] {dag.py:4180} INFO - Setting next_dagrun for example_short_circuit_decorator to None, run_after=None
[2026-07-22T01:11:58.795+0000] {processor.py:208} INFO - Processing /home/airflow/.local/lib/python3.12/site-packages/airflow/example_dags/example_short_circuit_decorator.py took 0.087 seconds
[2026-07-22T01:12:29.639+0000] {processor.py:186} INFO - Started process (PID=8172) to work on /home/airflow/.local/lib/python3.12/site-packages/airflow/example_dags/example_short_circuit_decorator.py
[2026-07-22T01:12:29.641+0000] {processor.py:914} INFO - Processing file /home/airflow/.local/lib/python3.12/site-packages/airflow/example_dags/example_short_circuit_decorator.py for tasks to queue
[2026-07-22T01:12:29.645+0000] {logging_mixin.py:190} INFO - [2026-07-22T01:12:29.644+0000] {dagbag.py:588} INFO - Filling up the DagBag from /home/airflow/.local/lib/python3.12/site-packages/airflow/example_dags/example_short_circuit_decorator.py
[2026-07-22T01:12:29.662+0000] {processor.py:925} INFO - DAG(s) 'example_short_circuit_decorator' retrieved from /home/airflow/.local/lib/python3.12/site-packages/airflow/example_dags/example_short_circuit_decorator.py
[2026-07-22T01:12:29.694+0000] {logging_mixin.py:190} INFO - [2026-07-22T01:12:29.693+0000] {dag.py:3239} INFO - Sync 1 DAGs
[2026-07-22T01:12:29.713+0000] {logging_mixin.py:190} INFO - [2026-07-22T01:12:29.713+0000] {dag.py:4180} INFO - Setting next_dagrun for example_short_circuit_decorator to None, run_after=None
[2026-07-22T01:12:29.740+0000] {processor.py:208} INFO - Processing /home/airflow/.local/lib/python3.12/site-packages/airflow/example_dags/example_short_circuit_decorator.py took 0.110 seconds
[2026-07-22T01:13:00.193+0000] {processor.py:186} INFO - Started process (PID=8236) to work on /home/airflow/.local/lib/python3.12/site-packages/airflow/example_dags/example_short_circuit_decorator.py
[2026-07-22T01:13:00.194+0000] {processor.py:914} INFO - Processing file /home/airflow/.local/lib/python3.12/site-packages/airflow/example_dags/example_short_circuit_decorator.py for tasks to queue
[2026-07-22T01:13:00.198+0000] {logging_mixin.py:190} INFO - [2026-07-22T01:13:00.198+0000] {dagbag.py:588} INFO - Filling up the DagBag from /home/airflow/.local/lib/python3.12/site-packages/airflow/example_dags/example_short_circuit_decorator.py
[2026-07-22T01:13:00.209+0000] {processor.py:925} INFO - DAG(s) 'example_short_circuit_decorator' retrieved from /home/airflow/.local/lib/python3.12/site-packages/airflow/example_dags/example_short_circuit_decorator.py
[2026-07-22T01:13:00.231+0000] {logging_mixin.py:190} INFO - [2026-07-22T01:13:00.230+0000] {dag.py:3239} INFO - Sync 1 DAGs
[2026-07-22T01:13:00.245+0000] {logging_mixin.py:190} INFO - [2026-07-22T01:13:00.245+0000] {dag.py:4180} INFO - Setting next_dagrun for example_short_circuit_decorator to None, run_after=None
[2026-07-22T01:13:00.267+0000] {processor.py:208} INFO - Processing /home/airflow/.local/lib/python3.12/site-packages/airflow/example_dags/example_short_circuit_decorator.py took 0.081 seconds
[2026-07-22T01:13:30.666+0000] {processor.py:186} INFO - Started process (PID=8300) to work on /home/airflow/.local/lib/python3.12/site-packages/airflow/example_dags/example_short_circuit_decorator.py
[2026-07-22T01:13:30.667+0000] {processor.py:914} INFO - Processing file /home/airflow/.local/lib/python3.12/site-packages/airflow/example_dags/example_short_circuit_decorator.py for tasks to queue
[2026-07-22T01:13:30.670+0000] {logging_mixin.py:190} INFO - [2026-07-22T01:13:30.670+0000] {dagbag.py:588} INFO - Filling up the DagBag from /home/airflow/.local/lib/python3.12/site-packages/airflow/example_dags/example_short_circuit_decorator.py
[2026-07-22T01:13:30.681+0000] {processor.py:925} INFO - DAG(s) 'example_short_circuit_decorator' retrieved from /home/airflow/.local/lib/python3.12/site-packages/airflow/example_dags/example_short_circuit_decorator.py
[2026-07-22T01:13:30.707+0000] {logging_mixin.py:190} INFO - [2026-07-22T01:13:30.707+0000] {dag.py:3239} INFO - Sync 1 DAGs
[2026-07-22T01:13:30.729+0000] {logging_mixin.py:190} INFO - [2026-07-22T01:13:30.728+0000] {dag.py:4180} INFO - Setting next_dagrun for example_short_circuit_decorator to None, run_after=None
[2026-07-22T01:13:30.751+0000] {processor.py:208} INFO - Processing /home/airflow/.local/lib/python3.12/site-packages/airflow/example_dags/example_short_circuit_decorator.py took 0.092 seconds
[2026-07-22T01:14:38.931+0000] {processor.py:186} INFO - Started process (PID=103) to work on /home/airflow/.local/lib/python3.12/site-packages/airflow/example_dags/example_short_circuit_decorator.py
[2026-07-22T01:14:38.932+0000] {processor.py:914} INFO - Processing file /home/airflow/.local/lib/python3.12/site-packages/airflow/example_dags/example_short_circuit_decorator.py for tasks to queue
[2026-07-22T01:14:38.935+0000] {logging_mixin.py:190} INFO - [2026-07-22T01:14:38.935+0000] {dagbag.py:588} INFO - Filling up the DagBag from /home/airflow/.local/lib/python3.12/site-packages/airflow/example_dags/example_short_circuit_decorator.py
[2026-07-22T01:14:38.948+0000] {processor.py:925} INFO - DAG(s) 'example_short_circuit_decorator' retrieved from /home/airflow/.local/lib/python3.12/site-packages/airflow/example_dags/example_short_circuit_decorator.py
[2026-07-22T01:14:38.974+0000] {logging_mixin.py:190} INFO - [2026-07-22T01:14:38.973+0000] {dag.py:3239} INFO - Sync 1 DAGs
[2026-07-22T01:14:38.988+0000] {logging_mixin.py:190} INFO - [2026-07-22T01:14:38.988+0000] {dag.py:4180} INFO - Setting next_dagrun for example_short_circuit_decorator to None, run_after=None
[2026-07-22T01:14:39.015+0000] {processor.py:208} INFO - Processing /home/airflow/.local/lib/python3.12/site-packages/airflow/example_dags/example_short_circuit_decorator.py took 0.090 seconds
[2026-07-22T01:15:09.571+0000] {processor.py:186} INFO - Started process (PID=167) to work on /home/airflow/.local/lib/python3.12/site-packages/airflow/example_dags/example_short_circuit_decorator.py
[2026-07-22T01:15:09.572+0000] {processor.py:914} INFO - Processing file /home/airflow/.local/lib/python3.12/site-packages/airflow/example_dags/example_short_circuit_decorator.py for tasks to queue
[2026-07-22T01:15:09.576+0000] {logging_mixin.py:190} INFO - [2026-07-22T01:15:09.576+0000] {dagbag.py:588} INFO - Filling up the DagBag from /home/airflow/.local/lib/python3.12/site-packages/airflow/example_dags/example_short_circuit_decorator.py
[2026-07-22T01:15:09.589+0000] {processor.py:925} INFO - DAG(s) 'example_short_circuit_decorator' retrieved from /home/airflow/.local/lib/python3.12/site-packages/airflow/example_dags/example_short_circuit_decorator.py
[2026-07-22T01:15:09.610+0000] {logging_mixin.py:190} INFO - [2026-07-22T01:15:09.610+0000] {dag.py:3239} INFO - Sync 1 DAGs
[2026-07-22T01:15:09.625+0000] {logging_mixin.py:190} INFO - [2026-07-22T01:15:09.624+0000] {dag.py:4180} INFO - Setting next_dagrun for example_short_circuit_decorator to None, run_after=None
[2026-07-22T01:15:09.644+0000] {processor.py:208} INFO - Processing /home/airflow/.local/lib/python3.12/site-packages/airflow/example_dags/example_short_circuit_decorator.py took 0.081 seconds
[2026-07-22T01:15:41.395+0000] {processor.py:186} INFO - Started process (PID=232) to work on /home/airflow/.local/lib/python3.12/site-packages/airflow/example_dags/example_short_circuit_decorator.py
[2026-07-22T01:15:41.397+0000] {processor.py:914} INFO - Processing file /home/airflow/.local/lib/python3.12/site-packages/airflow/example_dags/example_short_circuit_decorator.py for tasks to queue
[2026-07-22T01:15:41.401+0000] {logging_mixin.py:190} INFO - [2026-07-22T01:15:41.401+0000] {dagbag.py:588} INFO - Filling up the DagBag from /home/airflow/.local/lib/python3.12/site-packages/airflow/example_dags/example_short_circuit_decorator.py
[2026-07-22T01:15:41.414+0000] {processor.py:925} INFO - DAG(s) 'example_short_circuit_decorator' retrieved from /home/airflow/.local/lib/python3.12/site-packages/airflow/example_dags/example_short_circuit_decorator.py
[2026-07-22T01:15:41.439+0000] {logging_mixin.py:190} INFO - [2026-07-22T01:15:41.439+0000] {dag.py:3239} INFO - Sync 1 DAGs
[2026-07-22T01:15:41.458+0000] {logging_mixin.py:190} INFO - [2026-07-22T01:15:41.458+0000] {dag.py:4180} INFO - Setting next_dagrun for example_short_circuit_decorator to None, run_after=None
[2026-07-22T01:15:41.482+0000] {processor.py:208} INFO - Processing /home/airflow/.local/lib/python3.12/site-packages/airflow/example_dags/example_short_circuit_decorator.py took 0.094 seconds
[2026-07-22T01:16:12.574+0000] {processor.py:186} INFO - Started process (PID=296) to work on /home/airflow/.local/lib/python3.12/site-packages/airflow/example_dags/example_short_circuit_decorator.py
[2026-07-22T01:16:12.575+0000] {processor.py:914} INFO - Processing file /home/airflow/.local/lib/python3.12/site-packages/airflow/example_dags/example_short_circuit_decorator.py for tasks to queue
[2026-07-22T01:16:12.578+0000] {logging_mixin.py:190} INFO - [2026-07-22T01:16:12.578+0000] {dagbag.py:588} INFO - Filling up the DagBag from /home/airflow/.local/lib/python3.12/site-packages/airflow/example_dags/example_short_circuit_decorator.py
[2026-07-22T01:16:12.593+0000] {processor.py:925} INFO - DAG(s) 'example_short_circuit_decorator' retrieved from /home/airflow/.local/lib/python3.12/site-packages/airflow/example_dags/example_short_circuit_decorator.py
[2026-07-22T01:16:12.623+0000] {logging_mixin.py:190} INFO - [2026-07-22T01:16:12.622+0000] {dag.py:3239} INFO - Sync 1 DAGs
[2026-07-22T01:16:12.641+0000] {logging_mixin.py:190} INFO - [2026-07-22T01:16:12.640+0000] {dag.py:4180} INFO - Setting next_dagrun for example_short_circuit_decorator to None, run_after=None
[2026-07-22T01:16:12.663+0000] {processor.py:208} INFO - Processing /home/airflow/.local/lib/python3.12/site-packages/airflow/example_dags/example_short_circuit_decorator.py took 0.096 seconds
[2026-07-22T01:16:43.870+0000] {processor.py:186} INFO - Started process (PID=360) to work on /home/airflow/.local/lib/python3.12/site-packages/airflow/example_dags/example_short_circuit_decorator.py
[2026-07-22T01:16:43.872+0000] {processor.py:914} INFO - Processing file /home/airflow/.local/lib/python3.12/site-packages/airflow/example_dags/example_short_circuit_decorator.py for tasks to queue
[2026-07-22T01:16:43.875+0000] {logging_mixin.py:190} INFO - [2026-07-22T01:16:43.875+0000] {dagbag.py:588} INFO - Filling up the DagBag from /home/airflow/.local/lib/python3.12/site-packages/airflow/example_dags/example_short_circuit_decorator.py
[2026-07-22T01:16:43.891+0000] {processor.py:925} INFO - DAG(s) 'example_short_circuit_decorator' retrieved from /home/airflow/.local/lib/python3.12/site-packages/airflow/example_dags/example_short_circuit_decorator.py
[2026-07-22T01:16:43.921+0000] {logging_mixin.py:190} INFO - [2026-07-22T01:16:43.921+0000] {dag.py:3239} INFO - Sync 1 DAGs
[2026-07-22T01:16:43.944+0000] {logging_mixin.py:190} INFO - [2026-07-22T01:16:43.944+0000] {dag.py:4180} INFO - Setting next_dagrun for example_short_circuit_decorator to None, run_after=None
[2026-07-22T01:16:43.974+0000] {processor.py:208} INFO - Processing /home/airflow/.local/lib/python3.12/site-packages/airflow/example_dags/example_short_circuit_decorator.py took 0.111 seconds
[2026-07-22T01:17:15.699+0000] {processor.py:186} INFO - Started process (PID=424) to work on /home/airflow/.local/lib/python3.12/site-packages/airflow/example_dags/example_short_circuit_decorator.py
[2026-07-22T01:17:15.700+0000] {processor.py:914} INFO - Processing file /home/airflow/.local/lib/python3.12/site-packages/airflow/example_dags/example_short_circuit_decorator.py for tasks to queue
[2026-07-22T01:17:15.704+0000] {logging_mixin.py:190} INFO - [2026-07-22T01:17:15.703+0000] {dagbag.py:588} INFO - Filling up the DagBag from /home/airflow/.local/lib/python3.12/site-packages/airflow/example_dags/example_short_circuit_decorator.py
[2026-07-22T01:17:15.723+0000] {processor.py:925} INFO - DAG(s) 'example_short_circuit_decorator' retrieved from /home/airflow/.local/lib/python3.12/site-packages/airflow/example_dags/example_short_circuit_decorator.py
[2026-07-22T01:17:15.757+0000] {logging_mixin.py:190} INFO - [2026-07-22T01:17:15.757+0000] {dag.py:3239} INFO - Sync 1 DAGs
[2026-07-22T01:17:15.777+0000] {logging_mixin.py:190} INFO - [2026-07-22T01:17:15.776+0000] {dag.py:4180} INFO - Setting next_dagrun for example_short_circuit_decorator to None, run_after=None
[2026-07-22T01:17:15.801+0000] {processor.py:208} INFO - Processing /home/airflow/.local/lib/python3.12/site-packages/airflow/example_dags/example_short_circuit_decorator.py took 0.110 seconds
[2026-07-22T01:17:46.930+0000] {processor.py:186} INFO - Started process (PID=488) to work on /home/airflow/.local/lib/python3.12/site-packages/airflow/example_dags/example_short_circuit_decorator.py
[2026-07-22T01:17:46.931+0000] {processor.py:914} INFO - Processing file /home/airflow/.local/lib/python3.12/site-packages/airflow/example_dags/example_short_circuit_decorator.py for tasks to queue
[2026-07-22T01:17:46.934+0000] {logging_mixin.py:190} INFO - [2026-07-22T01:17:46.934+0000] {dagbag.py:588} INFO - Filling up the DagBag from /home/airflow/.local/lib/python3.12/site-packages/airflow/example_dags/example_short_circuit_decorator.py
[2026-07-22T01:17:46.945+0000] {processor.py:925} INFO - DAG(s) 'example_short_circuit_decorator' retrieved from /home/airflow/.local/lib/python3.12/site-packages/airflow/example_dags/example_short_circuit_decorator.py
[2026-07-22T01:17:46.968+0000] {logging_mixin.py:190} INFO - [2026-07-22T01:17:46.968+0000] {dag.py:3239} INFO - Sync 1 DAGs
[2026-07-22T01:17:46.984+0000] {logging_mixin.py:190} INFO - [2026-07-22T01:17:46.984+0000] {dag.py:4180} INFO - Setting next_dagrun for example_short_circuit_decorator to None, run_after=None
[2026-07-22T01:17:47.005+0000] {processor.py:208} INFO - Processing /home/airflow/.local/lib/python3.12/site-packages/airflow/example_dags/example_short_circuit_decorator.py took 0.081 seconds
[2026-07-22T01:18:17.787+0000] {processor.py:186} INFO - Started process (PID=552) to work on /home/airflow/.local/lib/python3.12/site-packages/airflow/example_dags/example_short_circuit_decorator.py
[2026-07-22T01:18:17.789+0000] {processor.py:914} INFO - Processing file /home/airflow/.local/lib/python3.12/site-packages/airflow/example_dags/example_short_circuit_decorator.py for tasks to queue
[2026-07-22T01:18:17.792+0000] {logging_mixin.py:190} INFO - [2026-07-22T01:18:17.791+0000] {dagbag.py:588} INFO - Filling up the DagBag from /home/airflow/.local/lib/python3.12/site-packages/airflow/example_dags/example_short_circuit_decorator.py
[2026-07-22T01:18:17.802+0000] {processor.py:925} INFO - DAG(s) 'example_short_circuit_decorator' retrieved from /home/airflow/.local/lib/python3.12/site-packages/airflow/example_dags/example_short_circuit_decorator.py
[2026-07-22T01:18:17.827+0000] {logging_mixin.py:190} INFO - [2026-07-22T01:18:17.826+0000] {dag.py:3239} INFO - Sync 1 DAGs
[2026-07-22T01:18:17.842+0000] {logging_mixin.py:190} INFO - [2026-07-22T01:18:17.841+0000] {dag.py:4180} INFO - Setting next_dagrun for example_short_circuit_decorator to None, run_after=None
[2026-07-22T01:18:17.861+0000] {processor.py:208} INFO - Processing /home/airflow/.local/lib/python3.12/site-packages/airflow/example_dags/example_short_circuit_decorator.py took 0.080 seconds
[2026-07-22T01:18:49.121+0000] {processor.py:186} INFO - Started process (PID=616) to work on /home/airflow/.local/lib/python3.12/site-packages/airflow/example_dags/example_short_circuit_decorator.py
[2026-07-22T01:18:49.122+0000] {processor.py:914} INFO - Processing file /home/airflow/.local/lib/python3.12/site-packages/airflow/example_dags/example_short_circuit_decorator.py for tasks to queue
[2026-07-22T01:18:49.125+0000] {logging_mixin.py:190} INFO - [2026-07-22T01:18:49.125+0000] {dagbag.py:588} INFO - Filling up the DagBag from /home/airflow/.local/lib/python3.12/site-packages/airflow/example_dags/example_short_circuit_decorator.py
[2026-07-22T01:18:49.136+0000] {processor.py:925} INFO - DAG(s) 'example_short_circuit_decorator' retrieved from /home/airflow/.local/lib/python3.12/site-packages/airflow/example_dags/example_short_circuit_decorator.py
[2026-07-22T01:18:49.159+0000] {logging_mixin.py:190} INFO - [2026-07-22T01:18:49.159+0000] {dag.py:3239} INFO - Sync 1 DAGs
[2026-07-22T01:18:49.176+0000] {logging_mixin.py:190} INFO - [2026-07-22T01:18:49.176+0000] {dag.py:4180} INFO - Setting next_dagrun for example_short_circuit_decorator to None, run_after=None
[2026-07-22T01:18:49.200+0000] {processor.py:208} INFO - Processing /home/airflow/.local/lib/python3.12/site-packages/airflow/example_dags/example_short_circuit_decorator.py took 0.086 seconds
