[2026-08-09T13:46:39.464+0000] {processor.py:186} INFO - Started process (PID=115) to work on /home/airflow/.local/lib/python3.12/site-packages/airflow/example_dags/example_branch_day_of_week_operator.py
[2026-08-09T13:46:39.466+0000] {processor.py:914} INFO - Processing file /home/airflow/.local/lib/python3.12/site-packages/airflow/example_dags/example_branch_day_of_week_operator.py for tasks to queue
[2026-08-09T13:46:39.469+0000] {logging_mixin.py:190} INFO - [2026-08-09T13:46:39.468+0000] {dagbag.py:588} INFO - Filling up the DagBag from /home/airflow/.local/lib/python3.12/site-packages/airflow/example_dags/example_branch_day_of_week_operator.py
[2026-08-09T13:46:39.485+0000] {processor.py:925} INFO - DAG(s) 'example_weekday_branch_operator' retrieved from /home/airflow/.local/lib/python3.12/site-packages/airflow/example_dags/example_branch_day_of_week_operator.py
[2026-08-09T13:46:39.603+0000] {logging_mixin.py:190} INFO - [2026-08-09T13:46:39.602+0000] {override.py:1912} INFO - Created Permission View: can edit on DAG:example_weekday_branch_operator
[2026-08-09T13:46:39.618+0000] {logging_mixin.py:190} INFO - [2026-08-09T13:46:39.617+0000] {override.py:1912} INFO - Created Permission View: can delete on DAG:example_weekday_branch_operator
[2026-08-09T13:46:39.635+0000] {logging_mixin.py:190} INFO - [2026-08-09T13:46:39.635+0000] {override.py:1912} INFO - Created Permission View: can read on DAG:example_weekday_branch_operator
[2026-08-09T13:46:39.646+0000] {logging_mixin.py:190} INFO - [2026-08-09T13:46:39.646+0000] {override.py:1912} INFO - Created Permission View: can delete on DAG Run:example_weekday_branch_operator
[2026-08-09T13:46:39.655+0000] {logging_mixin.py:190} INFO - [2026-08-09T13:46:39.655+0000] {override.py:1912} INFO - Created Permission View: can create on DAG Run:example_weekday_branch_operator
[2026-08-09T13:46:39.665+0000] {logging_mixin.py:190} INFO - [2026-08-09T13:46:39.664+0000] {override.py:1912} INFO - Created Permission View: menu access on DAG Run:example_weekday_branch_operator
[2026-08-09T13:46:39.673+0000] {logging_mixin.py:190} INFO - [2026-08-09T13:46:39.673+0000] {override.py:1912} INFO - Created Permission View: can read on DAG Run:example_weekday_branch_operator
[2026-08-09T13:46:39.674+0000] {logging_mixin.py:190} INFO - [2026-08-09T13:46:39.674+0000] {dag.py:3239} INFO - Sync 1 DAGs
[2026-08-09T13:46:39.691+0000] {logging_mixin.py:190} INFO - [2026-08-09T13:46:39.691+0000] {dag.py:3262} INFO - Creating ORM DAG for example_weekday_branch_operator
[2026-08-09T13:46:39.703+0000] {logging_mixin.py:190} INFO - [2026-08-09T13:46:39.703+0000] {dag.py:4180} INFO - Setting next_dagrun for example_weekday_branch_operator to 2026-08-08 00:00:00+00:00, run_after=2026-08-09 00:00:00+00:00
[2026-08-09T13:46:39.721+0000] {processor.py:208} INFO - Processing /home/airflow/.local/lib/python3.12/site-packages/airflow/example_dags/example_branch_day_of_week_operator.py took 0.262 seconds
[2026-08-09T13:47:09.935+0000] {processor.py:186} INFO - Started process (PID=179) to work on /home/airflow/.local/lib/python3.12/site-packages/airflow/example_dags/example_branch_day_of_week_operator.py
[2026-08-09T13:47:09.937+0000] {processor.py:914} INFO - Processing file /home/airflow/.local/lib/python3.12/site-packages/airflow/example_dags/example_branch_day_of_week_operator.py for tasks to queue
[2026-08-09T13:47:09.940+0000] {logging_mixin.py:190} INFO - [2026-08-09T13:47:09.940+0000] {dagbag.py:588} INFO - Filling up the DagBag from /home/airflow/.local/lib/python3.12/site-packages/airflow/example_dags/example_branch_day_of_week_operator.py
[2026-08-09T13:47:09.951+0000] {processor.py:925} INFO - DAG(s) 'example_weekday_branch_operator' retrieved from /home/airflow/.local/lib/python3.12/site-packages/airflow/example_dags/example_branch_day_of_week_operator.py
[2026-08-09T13:47:09.976+0000] {logging_mixin.py:190} INFO - [2026-08-09T13:47:09.976+0000] {dag.py:3239} INFO - Sync 1 DAGs
[2026-08-09T13:47:10.006+0000] {logging_mixin.py:190} INFO - [2026-08-09T13:47:10.005+0000] {dag.py:4180} INFO - Setting next_dagrun for example_weekday_branch_operator to 2026-08-08 00:00:00+00:00, run_after=2026-08-09 00:00:00+00:00
[2026-08-09T13:47:10.029+0000] {processor.py:208} INFO - Processing /home/airflow/.local/lib/python3.12/site-packages/airflow/example_dags/example_branch_day_of_week_operator.py took 0.100 seconds
[2026-08-09T13:47:40.090+0000] {processor.py:186} INFO - Started process (PID=243) to work on /home/airflow/.local/lib/python3.12/site-packages/airflow/example_dags/example_branch_day_of_week_operator.py
[2026-08-09T13:47:40.091+0000] {processor.py:914} INFO - Processing file /home/airflow/.local/lib/python3.12/site-packages/airflow/example_dags/example_branch_day_of_week_operator.py for tasks to queue
[2026-08-09T13:47:40.094+0000] {logging_mixin.py:190} INFO - [2026-08-09T13:47:40.093+0000] {dagbag.py:588} INFO - Filling up the DagBag from /home/airflow/.local/lib/python3.12/site-packages/airflow/example_dags/example_branch_day_of_week_operator.py
[2026-08-09T13:47:40.104+0000] {processor.py:925} INFO - DAG(s) 'example_weekday_branch_operator' retrieved from /home/airflow/.local/lib/python3.12/site-packages/airflow/example_dags/example_branch_day_of_week_operator.py
[2026-08-09T13:47:40.124+0000] {logging_mixin.py:190} INFO - [2026-08-09T13:47:40.124+0000] {dag.py:3239} INFO - Sync 1 DAGs
[2026-08-09T13:47:40.149+0000] {logging_mixin.py:190} INFO - [2026-08-09T13:47:40.149+0000] {dag.py:4180} INFO - Setting next_dagrun for example_weekday_branch_operator to 2026-08-08 00:00:00+00:00, run_after=2026-08-09 00:00:00+00:00
[2026-08-09T13:47:40.182+0000] {processor.py:208} INFO - Processing /home/airflow/.local/lib/python3.12/site-packages/airflow/example_dags/example_branch_day_of_week_operator.py took 0.098 seconds
[2026-08-09T13:48:10.833+0000] {processor.py:186} INFO - Started process (PID=309) to work on /home/airflow/.local/lib/python3.12/site-packages/airflow/example_dags/example_branch_day_of_week_operator.py
[2026-08-09T13:48:10.834+0000] {processor.py:914} INFO - Processing file /home/airflow/.local/lib/python3.12/site-packages/airflow/example_dags/example_branch_day_of_week_operator.py for tasks to queue
[2026-08-09T13:48:10.837+0000] {logging_mixin.py:190} INFO - [2026-08-09T13:48:10.836+0000] {dagbag.py:588} INFO - Filling up the DagBag from /home/airflow/.local/lib/python3.12/site-packages/airflow/example_dags/example_branch_day_of_week_operator.py
[2026-08-09T13:48:10.847+0000] {processor.py:925} INFO - DAG(s) 'example_weekday_branch_operator' retrieved from /home/airflow/.local/lib/python3.12/site-packages/airflow/example_dags/example_branch_day_of_week_operator.py
[2026-08-09T13:48:10.869+0000] {logging_mixin.py:190} INFO - [2026-08-09T13:48:10.868+0000] {dag.py:3239} INFO - Sync 1 DAGs
[2026-08-09T13:48:10.892+0000] {logging_mixin.py:190} INFO - [2026-08-09T13:48:10.892+0000] {dag.py:4180} INFO - Setting next_dagrun for example_weekday_branch_operator to 2026-08-08 00:00:00+00:00, run_after=2026-08-09 00:00:00+00:00
[2026-08-09T13:48:10.911+0000] {processor.py:208} INFO - Processing /home/airflow/.local/lib/python3.12/site-packages/airflow/example_dags/example_branch_day_of_week_operator.py took 0.084 seconds
[2026-08-09T13:48:43.613+0000] {processor.py:186} INFO - Started process (PID=375) to work on /home/airflow/.local/lib/python3.12/site-packages/airflow/example_dags/example_branch_day_of_week_operator.py
[2026-08-09T13:48:43.615+0000] {processor.py:914} INFO - Processing file /home/airflow/.local/lib/python3.12/site-packages/airflow/example_dags/example_branch_day_of_week_operator.py for tasks to queue
[2026-08-09T13:48:43.618+0000] {logging_mixin.py:190} INFO - [2026-08-09T13:48:43.618+0000] {dagbag.py:588} INFO - Filling up the DagBag from /home/airflow/.local/lib/python3.12/site-packages/airflow/example_dags/example_branch_day_of_week_operator.py
[2026-08-09T13:48:43.629+0000] {processor.py:925} INFO - DAG(s) 'example_weekday_branch_operator' retrieved from /home/airflow/.local/lib/python3.12/site-packages/airflow/example_dags/example_branch_day_of_week_operator.py
[2026-08-09T13:48:43.650+0000] {logging_mixin.py:190} INFO - [2026-08-09T13:48:43.650+0000] {dag.py:3239} INFO - Sync 1 DAGs
[2026-08-09T13:48:43.682+0000] {logging_mixin.py:190} INFO - [2026-08-09T13:48:43.682+0000] {dag.py:4180} INFO - Setting next_dagrun for example_weekday_branch_operator to 2026-08-08 00:00:00+00:00, run_after=2026-08-09 00:00:00+00:00
[2026-08-09T13:48:43.707+0000] {processor.py:208} INFO - Processing /home/airflow/.local/lib/python3.12/site-packages/airflow/example_dags/example_branch_day_of_week_operator.py took 0.101 seconds
[2026-08-09T13:49:14.419+0000] {processor.py:186} INFO - Started process (PID=441) to work on /home/airflow/.local/lib/python3.12/site-packages/airflow/example_dags/example_branch_day_of_week_operator.py
[2026-08-09T13:49:14.421+0000] {processor.py:914} INFO - Processing file /home/airflow/.local/lib/python3.12/site-packages/airflow/example_dags/example_branch_day_of_week_operator.py for tasks to queue
[2026-08-09T13:49:14.426+0000] {logging_mixin.py:190} INFO - [2026-08-09T13:49:14.425+0000] {dagbag.py:588} INFO - Filling up the DagBag from /home/airflow/.local/lib/python3.12/site-packages/airflow/example_dags/example_branch_day_of_week_operator.py
[2026-08-09T13:49:14.443+0000] {processor.py:925} INFO - DAG(s) 'example_weekday_branch_operator' retrieved from /home/airflow/.local/lib/python3.12/site-packages/airflow/example_dags/example_branch_day_of_week_operator.py
[2026-08-09T13:49:14.476+0000] {logging_mixin.py:190} INFO - [2026-08-09T13:49:14.476+0000] {dag.py:3239} INFO - Sync 1 DAGs
[2026-08-09T13:49:14.512+0000] {logging_mixin.py:190} INFO - [2026-08-09T13:49:14.512+0000] {dag.py:4180} INFO - Setting next_dagrun for example_weekday_branch_operator to 2026-08-08 00:00:00+00:00, run_after=2026-08-09 00:00:00+00:00
[2026-08-09T13:49:14.537+0000] {processor.py:208} INFO - Processing /home/airflow/.local/lib/python3.12/site-packages/airflow/example_dags/example_branch_day_of_week_operator.py took 0.130 seconds
[2026-08-09T13:49:44.984+0000] {processor.py:186} INFO - Started process (PID=505) to work on /home/airflow/.local/lib/python3.12/site-packages/airflow/example_dags/example_branch_day_of_week_operator.py
[2026-08-09T13:49:44.985+0000] {processor.py:914} INFO - Processing file /home/airflow/.local/lib/python3.12/site-packages/airflow/example_dags/example_branch_day_of_week_operator.py for tasks to queue
[2026-08-09T13:49:44.988+0000] {logging_mixin.py:190} INFO - [2026-08-09T13:49:44.987+0000] {dagbag.py:588} INFO - Filling up the DagBag from /home/airflow/.local/lib/python3.12/site-packages/airflow/example_dags/example_branch_day_of_week_operator.py
[2026-08-09T13:49:44.999+0000] {processor.py:925} INFO - DAG(s) 'example_weekday_branch_operator' retrieved from /home/airflow/.local/lib/python3.12/site-packages/airflow/example_dags/example_branch_day_of_week_operator.py
[2026-08-09T13:49:45.021+0000] {logging_mixin.py:190} INFO - [2026-08-09T13:49:45.021+0000] {dag.py:3239} INFO - Sync 1 DAGs
[2026-08-09T13:49:45.047+0000] {logging_mixin.py:190} INFO - [2026-08-09T13:49:45.046+0000] {dag.py:4180} INFO - Setting next_dagrun for example_weekday_branch_operator to 2026-08-08 00:00:00+00:00, run_after=2026-08-09 00:00:00+00:00
[2026-08-09T13:49:45.068+0000] {processor.py:208} INFO - Processing /home/airflow/.local/lib/python3.12/site-packages/airflow/example_dags/example_branch_day_of_week_operator.py took 0.091 seconds
[2026-08-09T13:50:16.428+0000] {processor.py:186} INFO - Started process (PID=570) to work on /home/airflow/.local/lib/python3.12/site-packages/airflow/example_dags/example_branch_day_of_week_operator.py
[2026-08-09T13:50:16.429+0000] {processor.py:914} INFO - Processing file /home/airflow/.local/lib/python3.12/site-packages/airflow/example_dags/example_branch_day_of_week_operator.py for tasks to queue
[2026-08-09T13:50:16.432+0000] {logging_mixin.py:190} INFO - [2026-08-09T13:50:16.432+0000] {dagbag.py:588} INFO - Filling up the DagBag from /home/airflow/.local/lib/python3.12/site-packages/airflow/example_dags/example_branch_day_of_week_operator.py
[2026-08-09T13:50:16.446+0000] {processor.py:925} INFO - DAG(s) 'example_weekday_branch_operator' retrieved from /home/airflow/.local/lib/python3.12/site-packages/airflow/example_dags/example_branch_day_of_week_operator.py
[2026-08-09T13:50:16.468+0000] {logging_mixin.py:190} INFO - [2026-08-09T13:50:16.468+0000] {dag.py:3239} INFO - Sync 1 DAGs
[2026-08-09T13:50:16.495+0000] {logging_mixin.py:190} INFO - [2026-08-09T13:50:16.494+0000] {dag.py:4180} INFO - Setting next_dagrun for example_weekday_branch_operator to 2026-08-08 00:00:00+00:00, run_after=2026-08-09 00:00:00+00:00
[2026-08-09T13:50:16.516+0000] {processor.py:208} INFO - Processing /home/airflow/.local/lib/python3.12/site-packages/airflow/example_dags/example_branch_day_of_week_operator.py took 0.094 seconds
[2026-08-09T13:50:47.958+0000] {processor.py:186} INFO - Started process (PID=636) to work on /home/airflow/.local/lib/python3.12/site-packages/airflow/example_dags/example_branch_day_of_week_operator.py
[2026-08-09T13:50:47.959+0000] {processor.py:914} INFO - Processing file /home/airflow/.local/lib/python3.12/site-packages/airflow/example_dags/example_branch_day_of_week_operator.py for tasks to queue
[2026-08-09T13:50:47.962+0000] {logging_mixin.py:190} INFO - [2026-08-09T13:50:47.962+0000] {dagbag.py:588} INFO - Filling up the DagBag from /home/airflow/.local/lib/python3.12/site-packages/airflow/example_dags/example_branch_day_of_week_operator.py
[2026-08-09T13:50:47.972+0000] {processor.py:925} INFO - DAG(s) 'example_weekday_branch_operator' retrieved from /home/airflow/.local/lib/python3.12/site-packages/airflow/example_dags/example_branch_day_of_week_operator.py
[2026-08-09T13:50:47.994+0000] {logging_mixin.py:190} INFO - [2026-08-09T13:50:47.994+0000] {dag.py:3239} INFO - Sync 1 DAGs
[2026-08-09T13:50:48.027+0000] {logging_mixin.py:190} INFO - [2026-08-09T13:50:48.027+0000] {dag.py:4180} INFO - Setting next_dagrun for example_weekday_branch_operator to 2026-08-08 00:00:00+00:00, run_after=2026-08-09 00:00:00+00:00
[2026-08-09T13:50:48.050+0000] {processor.py:208} INFO - Processing /home/airflow/.local/lib/python3.12/site-packages/airflow/example_dags/example_branch_day_of_week_operator.py took 0.098 seconds
[2026-08-09T13:51:18.183+0000] {processor.py:186} INFO - Started process (PID=700) to work on /home/airflow/.local/lib/python3.12/site-packages/airflow/example_dags/example_branch_day_of_week_operator.py
[2026-08-09T13:51:18.184+0000] {processor.py:914} INFO - Processing file /home/airflow/.local/lib/python3.12/site-packages/airflow/example_dags/example_branch_day_of_week_operator.py for tasks to queue
[2026-08-09T13:51:18.186+0000] {logging_mixin.py:190} INFO - [2026-08-09T13:51:18.186+0000] {dagbag.py:588} INFO - Filling up the DagBag from /home/airflow/.local/lib/python3.12/site-packages/airflow/example_dags/example_branch_day_of_week_operator.py
[2026-08-09T13:51:18.196+0000] {processor.py:925} INFO - DAG(s) 'example_weekday_branch_operator' retrieved from /home/airflow/.local/lib/python3.12/site-packages/airflow/example_dags/example_branch_day_of_week_operator.py
[2026-08-09T13:51:18.215+0000] {logging_mixin.py:190} INFO - [2026-08-09T13:51:18.214+0000] {dag.py:3239} INFO - Sync 1 DAGs
[2026-08-09T13:51:18.238+0000] {logging_mixin.py:190} INFO - [2026-08-09T13:51:18.238+0000] {dag.py:4180} INFO - Setting next_dagrun for example_weekday_branch_operator to 2026-08-08 00:00:00+00:00, run_after=2026-08-09 00:00:00+00:00
[2026-08-09T13:51:18.257+0000] {processor.py:208} INFO - Processing /home/airflow/.local/lib/python3.12/site-packages/airflow/example_dags/example_branch_day_of_week_operator.py took 0.080 seconds
[2026-08-09T13:51:48.993+0000] {processor.py:186} INFO - Started process (PID=765) to work on /home/airflow/.local/lib/python3.12/site-packages/airflow/example_dags/example_branch_day_of_week_operator.py
[2026-08-09T13:51:48.995+0000] {processor.py:914} INFO - Processing file /home/airflow/.local/lib/python3.12/site-packages/airflow/example_dags/example_branch_day_of_week_operator.py for tasks to queue
[2026-08-09T13:51:48.998+0000] {logging_mixin.py:190} INFO - [2026-08-09T13:51:48.997+0000] {dagbag.py:588} INFO - Filling up the DagBag from /home/airflow/.local/lib/python3.12/site-packages/airflow/example_dags/example_branch_day_of_week_operator.py
[2026-08-09T13:51:49.008+0000] {processor.py:925} INFO - DAG(s) 'example_weekday_branch_operator' retrieved from /home/airflow/.local/lib/python3.12/site-packages/airflow/example_dags/example_branch_day_of_week_operator.py
[2026-08-09T13:51:49.031+0000] {logging_mixin.py:190} INFO - [2026-08-09T13:51:49.030+0000] {dag.py:3239} INFO - Sync 1 DAGs
[2026-08-09T13:51:49.057+0000] {logging_mixin.py:190} INFO - [2026-08-09T13:51:49.056+0000] {dag.py:4180} INFO - Setting next_dagrun for example_weekday_branch_operator to 2026-08-08 00:00:00+00:00, run_after=2026-08-09 00:00:00+00:00
[2026-08-09T13:51:49.076+0000] {processor.py:208} INFO - Processing /home/airflow/.local/lib/python3.12/site-packages/airflow/example_dags/example_branch_day_of_week_operator.py took 0.090 seconds
[2026-08-09T13:52:20.326+0000] {processor.py:186} INFO - Started process (PID=830) to work on /home/airflow/.local/lib/python3.12/site-packages/airflow/example_dags/example_branch_day_of_week_operator.py
[2026-08-09T13:52:20.328+0000] {processor.py:914} INFO - Processing file /home/airflow/.local/lib/python3.12/site-packages/airflow/example_dags/example_branch_day_of_week_operator.py for tasks to queue
[2026-08-09T13:52:20.331+0000] {logging_mixin.py:190} INFO - [2026-08-09T13:52:20.330+0000] {dagbag.py:588} INFO - Filling up the DagBag from /home/airflow/.local/lib/python3.12/site-packages/airflow/example_dags/example_branch_day_of_week_operator.py
[2026-08-09T13:52:20.346+0000] {processor.py:925} INFO - DAG(s) 'example_weekday_branch_operator' retrieved from /home/airflow/.local/lib/python3.12/site-packages/airflow/example_dags/example_branch_day_of_week_operator.py
[2026-08-09T13:52:20.370+0000] {logging_mixin.py:190} INFO - [2026-08-09T13:52:20.370+0000] {dag.py:3239} INFO - Sync 1 DAGs
[2026-08-09T13:52:20.400+0000] {logging_mixin.py:190} INFO - [2026-08-09T13:52:20.400+0000] {dag.py:4180} INFO - Setting next_dagrun for example_weekday_branch_operator to 2026-08-08 00:00:00+00:00, run_after=2026-08-09 00:00:00+00:00
[2026-08-09T13:52:20.424+0000] {processor.py:208} INFO - Processing /home/airflow/.local/lib/python3.12/site-packages/airflow/example_dags/example_branch_day_of_week_operator.py took 0.106 seconds
[2026-08-09T13:52:51.341+0000] {processor.py:186} INFO - Started process (PID=895) to work on /home/airflow/.local/lib/python3.12/site-packages/airflow/example_dags/example_branch_day_of_week_operator.py
[2026-08-09T13:52:51.342+0000] {processor.py:914} INFO - Processing file /home/airflow/.local/lib/python3.12/site-packages/airflow/example_dags/example_branch_day_of_week_operator.py for tasks to queue
[2026-08-09T13:52:51.345+0000] {logging_mixin.py:190} INFO - [2026-08-09T13:52:51.345+0000] {dagbag.py:588} INFO - Filling up the DagBag from /home/airflow/.local/lib/python3.12/site-packages/airflow/example_dags/example_branch_day_of_week_operator.py
[2026-08-09T13:52:51.355+0000] {processor.py:925} INFO - DAG(s) 'example_weekday_branch_operator' retrieved from /home/airflow/.local/lib/python3.12/site-packages/airflow/example_dags/example_branch_day_of_week_operator.py
[2026-08-09T13:52:51.377+0000] {logging_mixin.py:190} INFO - [2026-08-09T13:52:51.377+0000] {dag.py:3239} INFO - Sync 1 DAGs
[2026-08-09T13:52:51.407+0000] {logging_mixin.py:190} INFO - [2026-08-09T13:52:51.406+0000] {dag.py:4180} INFO - Setting next_dagrun for example_weekday_branch_operator to 2026-08-08 00:00:00+00:00, run_after=2026-08-09 00:00:00+00:00
[2026-08-09T13:52:51.430+0000] {processor.py:208} INFO - Processing /home/airflow/.local/lib/python3.12/site-packages/airflow/example_dags/example_branch_day_of_week_operator.py took 0.095 seconds
[2026-08-09T13:53:23.665+0000] {processor.py:186} INFO - Started process (PID=961) to work on /home/airflow/.local/lib/python3.12/site-packages/airflow/example_dags/example_branch_day_of_week_operator.py
[2026-08-09T13:53:23.666+0000] {processor.py:914} INFO - Processing file /home/airflow/.local/lib/python3.12/site-packages/airflow/example_dags/example_branch_day_of_week_operator.py for tasks to queue
[2026-08-09T13:53:23.669+0000] {logging_mixin.py:190} INFO - [2026-08-09T13:53:23.669+0000] {dagbag.py:588} INFO - Filling up the DagBag from /home/airflow/.local/lib/python3.12/site-packages/airflow/example_dags/example_branch_day_of_week_operator.py
[2026-08-09T13:53:23.680+0000] {processor.py:925} INFO - DAG(s) 'example_weekday_branch_operator' retrieved from /home/airflow/.local/lib/python3.12/site-packages/airflow/example_dags/example_branch_day_of_week_operator.py
[2026-08-09T13:53:23.705+0000] {logging_mixin.py:190} INFO - [2026-08-09T13:53:23.704+0000] {dag.py:3239} INFO - Sync 1 DAGs
[2026-08-09T13:53:23.732+0000] {logging_mixin.py:190} INFO - [2026-08-09T13:53:23.732+0000] {dag.py:4180} INFO - Setting next_dagrun for example_weekday_branch_operator to 2026-08-08 00:00:00+00:00, run_after=2026-08-09 00:00:00+00:00
[2026-08-09T13:53:23.755+0000] {processor.py:208} INFO - Processing /home/airflow/.local/lib/python3.12/site-packages/airflow/example_dags/example_branch_day_of_week_operator.py took 0.095 seconds
[2026-08-09T13:53:54.146+0000] {processor.py:186} INFO - Started process (PID=1026) to work on /home/airflow/.local/lib/python3.12/site-packages/airflow/example_dags/example_branch_day_of_week_operator.py
[2026-08-09T13:53:54.147+0000] {processor.py:914} INFO - Processing file /home/airflow/.local/lib/python3.12/site-packages/airflow/example_dags/example_branch_day_of_week_operator.py for tasks to queue
[2026-08-09T13:53:54.151+0000] {logging_mixin.py:190} INFO - [2026-08-09T13:53:54.150+0000] {dagbag.py:588} INFO - Filling up the DagBag from /home/airflow/.local/lib/python3.12/site-packages/airflow/example_dags/example_branch_day_of_week_operator.py
[2026-08-09T13:53:54.162+0000] {processor.py:925} INFO - DAG(s) 'example_weekday_branch_operator' retrieved from /home/airflow/.local/lib/python3.12/site-packages/airflow/example_dags/example_branch_day_of_week_operator.py
[2026-08-09T13:53:54.185+0000] {logging_mixin.py:190} INFO - [2026-08-09T13:53:54.184+0000] {dag.py:3239} INFO - Sync 1 DAGs
[2026-08-09T13:53:54.215+0000] {logging_mixin.py:190} INFO - [2026-08-09T13:53:54.214+0000] {dag.py:4180} INFO - Setting next_dagrun for example_weekday_branch_operator to 2026-08-08 00:00:00+00:00, run_after=2026-08-09 00:00:00+00:00
[2026-08-09T13:53:54.237+0000] {processor.py:208} INFO - Processing /home/airflow/.local/lib/python3.12/site-packages/airflow/example_dags/example_branch_day_of_week_operator.py took 0.099 seconds
[2026-08-09T13:54:25.956+0000] {processor.py:186} INFO - Started process (PID=1091) to work on /home/airflow/.local/lib/python3.12/site-packages/airflow/example_dags/example_branch_day_of_week_operator.py
[2026-08-09T13:54:25.958+0000] {processor.py:914} INFO - Processing file /home/airflow/.local/lib/python3.12/site-packages/airflow/example_dags/example_branch_day_of_week_operator.py for tasks to queue
[2026-08-09T13:54:25.961+0000] {logging_mixin.py:190} INFO - [2026-08-09T13:54:25.960+0000] {dagbag.py:588} INFO - Filling up the DagBag from /home/airflow/.local/lib/python3.12/site-packages/airflow/example_dags/example_branch_day_of_week_operator.py
[2026-08-09T13:54:25.975+0000] {processor.py:925} INFO - DAG(s) 'example_weekday_branch_operator' retrieved from /home/airflow/.local/lib/python3.12/site-packages/airflow/example_dags/example_branch_day_of_week_operator.py
[2026-08-09T13:54:25.998+0000] {logging_mixin.py:190} INFO - [2026-08-09T13:54:25.997+0000] {dag.py:3239} INFO - Sync 1 DAGs
[2026-08-09T13:54:26.031+0000] {logging_mixin.py:190} INFO - [2026-08-09T13:54:26.031+0000] {dag.py:4180} INFO - Setting next_dagrun for example_weekday_branch_operator to 2026-08-08 00:00:00+00:00, run_after=2026-08-09 00:00:00+00:00
[2026-08-09T13:54:26.056+0000] {processor.py:208} INFO - Processing /home/airflow/.local/lib/python3.12/site-packages/airflow/example_dags/example_branch_day_of_week_operator.py took 0.106 seconds
[2026-08-09T13:54:57.352+0000] {processor.py:186} INFO - Started process (PID=1156) to work on /home/airflow/.local/lib/python3.12/site-packages/airflow/example_dags/example_branch_day_of_week_operator.py
[2026-08-09T13:54:57.353+0000] {processor.py:914} INFO - Processing file /home/airflow/.local/lib/python3.12/site-packages/airflow/example_dags/example_branch_day_of_week_operator.py for tasks to queue
[2026-08-09T13:54:57.356+0000] {logging_mixin.py:190} INFO - [2026-08-09T13:54:57.356+0000] {dagbag.py:588} INFO - Filling up the DagBag from /home/airflow/.local/lib/python3.12/site-packages/airflow/example_dags/example_branch_day_of_week_operator.py
[2026-08-09T13:54:57.367+0000] {processor.py:925} INFO - DAG(s) 'example_weekday_branch_operator' retrieved from /home/airflow/.local/lib/python3.12/site-packages/airflow/example_dags/example_branch_day_of_week_operator.py
[2026-08-09T13:54:57.392+0000] {logging_mixin.py:190} INFO - [2026-08-09T13:54:57.392+0000] {dag.py:3239} INFO - Sync 1 DAGs
[2026-08-09T13:54:57.421+0000] {logging_mixin.py:190} INFO - [2026-08-09T13:54:57.421+0000] {dag.py:4180} INFO - Setting next_dagrun for example_weekday_branch_operator to 2026-08-08 00:00:00+00:00, run_after=2026-08-09 00:00:00+00:00
[2026-08-09T13:54:57.441+0000] {processor.py:208} INFO - Processing /home/airflow/.local/lib/python3.12/site-packages/airflow/example_dags/example_branch_day_of_week_operator.py took 0.095 seconds
[2026-08-09T13:55:29.006+0000] {processor.py:186} INFO - Started process (PID=1221) to work on /home/airflow/.local/lib/python3.12/site-packages/airflow/example_dags/example_branch_day_of_week_operator.py
[2026-08-09T13:55:29.008+0000] {processor.py:914} INFO - Processing file /home/airflow/.local/lib/python3.12/site-packages/airflow/example_dags/example_branch_day_of_week_operator.py for tasks to queue
[2026-08-09T13:55:29.011+0000] {logging_mixin.py:190} INFO - [2026-08-09T13:55:29.011+0000] {dagbag.py:588} INFO - Filling up the DagBag from /home/airflow/.local/lib/python3.12/site-packages/airflow/example_dags/example_branch_day_of_week_operator.py
[2026-08-09T13:55:29.023+0000] {processor.py:925} INFO - DAG(s) 'example_weekday_branch_operator' retrieved from /home/airflow/.local/lib/python3.12/site-packages/airflow/example_dags/example_branch_day_of_week_operator.py
[2026-08-09T13:55:29.046+0000] {logging_mixin.py:190} INFO - [2026-08-09T13:55:29.045+0000] {dag.py:3239} INFO - Sync 1 DAGs
[2026-08-09T13:55:29.073+0000] {logging_mixin.py:190} INFO - [2026-08-09T13:55:29.073+0000] {dag.py:4180} INFO - Setting next_dagrun for example_weekday_branch_operator to 2026-08-08 00:00:00+00:00, run_after=2026-08-09 00:00:00+00:00
[2026-08-09T13:55:29.093+0000] {processor.py:208} INFO - Processing /home/airflow/.local/lib/python3.12/site-packages/airflow/example_dags/example_branch_day_of_week_operator.py took 0.094 seconds
[2026-08-09T13:56:00.042+0000] {processor.py:186} INFO - Started process (PID=1286) to work on /home/airflow/.local/lib/python3.12/site-packages/airflow/example_dags/example_branch_day_of_week_operator.py
[2026-08-09T13:56:00.043+0000] {processor.py:914} INFO - Processing file /home/airflow/.local/lib/python3.12/site-packages/airflow/example_dags/example_branch_day_of_week_operator.py for tasks to queue
[2026-08-09T13:56:00.047+0000] {logging_mixin.py:190} INFO - [2026-08-09T13:56:00.046+0000] {dagbag.py:588} INFO - Filling up the DagBag from /home/airflow/.local/lib/python3.12/site-packages/airflow/example_dags/example_branch_day_of_week_operator.py
[2026-08-09T13:56:00.058+0000] {processor.py:925} INFO - DAG(s) 'example_weekday_branch_operator' retrieved from /home/airflow/.local/lib/python3.12/site-packages/airflow/example_dags/example_branch_day_of_week_operator.py
[2026-08-09T13:56:00.079+0000] {logging_mixin.py:190} INFO - [2026-08-09T13:56:00.079+0000] {dag.py:3239} INFO - Sync 1 DAGs
[2026-08-09T13:56:00.108+0000] {logging_mixin.py:190} INFO - [2026-08-09T13:56:00.108+0000] {dag.py:4180} INFO - Setting next_dagrun for example_weekday_branch_operator to 2026-08-08 00:00:00+00:00, run_after=2026-08-09 00:00:00+00:00
[2026-08-09T13:56:00.130+0000] {processor.py:208} INFO - Processing /home/airflow/.local/lib/python3.12/site-packages/airflow/example_dags/example_branch_day_of_week_operator.py took 0.094 seconds
[2026-08-09T13:56:31.333+0000] {processor.py:186} INFO - Started process (PID=1351) to work on /home/airflow/.local/lib/python3.12/site-packages/airflow/example_dags/example_branch_day_of_week_operator.py
[2026-08-09T13:56:31.335+0000] {processor.py:914} INFO - Processing file /home/airflow/.local/lib/python3.12/site-packages/airflow/example_dags/example_branch_day_of_week_operator.py for tasks to queue
[2026-08-09T13:56:31.337+0000] {logging_mixin.py:190} INFO - [2026-08-09T13:56:31.337+0000] {dagbag.py:588} INFO - Filling up the DagBag from /home/airflow/.local/lib/python3.12/site-packages/airflow/example_dags/example_branch_day_of_week_operator.py
[2026-08-09T13:56:31.348+0000] {processor.py:925} INFO - DAG(s) 'example_weekday_branch_operator' retrieved from /home/airflow/.local/lib/python3.12/site-packages/airflow/example_dags/example_branch_day_of_week_operator.py
[2026-08-09T13:56:31.372+0000] {logging_mixin.py:190} INFO - [2026-08-09T13:56:31.371+0000] {dag.py:3239} INFO - Sync 1 DAGs
[2026-08-09T13:56:31.419+0000] {logging_mixin.py:190} INFO - [2026-08-09T13:56:31.419+0000] {dag.py:4180} INFO - Setting next_dagrun for example_weekday_branch_operator to 2026-08-08 00:00:00+00:00, run_after=2026-08-09 00:00:00+00:00
[2026-08-09T13:56:31.448+0000] {processor.py:208} INFO - Processing /home/airflow/.local/lib/python3.12/site-packages/airflow/example_dags/example_branch_day_of_week_operator.py took 0.121 seconds
[2026-08-09T13:57:02.634+0000] {processor.py:186} INFO - Started process (PID=1416) to work on /home/airflow/.local/lib/python3.12/site-packages/airflow/example_dags/example_branch_day_of_week_operator.py
[2026-08-09T13:57:02.636+0000] {processor.py:914} INFO - Processing file /home/airflow/.local/lib/python3.12/site-packages/airflow/example_dags/example_branch_day_of_week_operator.py for tasks to queue
[2026-08-09T13:57:02.639+0000] {logging_mixin.py:190} INFO - [2026-08-09T13:57:02.638+0000] {dagbag.py:588} INFO - Filling up the DagBag from /home/airflow/.local/lib/python3.12/site-packages/airflow/example_dags/example_branch_day_of_week_operator.py
[2026-08-09T13:57:02.651+0000] {processor.py:925} INFO - DAG(s) 'example_weekday_branch_operator' retrieved from /home/airflow/.local/lib/python3.12/site-packages/airflow/example_dags/example_branch_day_of_week_operator.py
[2026-08-09T13:57:02.672+0000] {logging_mixin.py:190} INFO - [2026-08-09T13:57:02.672+0000] {dag.py:3239} INFO - Sync 1 DAGs
[2026-08-09T13:57:02.701+0000] {logging_mixin.py:190} INFO - [2026-08-09T13:57:02.701+0000] {dag.py:4180} INFO - Setting next_dagrun for example_weekday_branch_operator to 2026-08-08 00:00:00+00:00, run_after=2026-08-09 00:00:00+00:00
[2026-08-09T13:57:02.722+0000] {processor.py:208} INFO - Processing /home/airflow/.local/lib/python3.12/site-packages/airflow/example_dags/example_branch_day_of_week_operator.py took 0.093 seconds
[2026-08-09T13:57:33.322+0000] {processor.py:186} INFO - Started process (PID=1481) to work on /home/airflow/.local/lib/python3.12/site-packages/airflow/example_dags/example_branch_day_of_week_operator.py
[2026-08-09T13:57:33.323+0000] {processor.py:914} INFO - Processing file /home/airflow/.local/lib/python3.12/site-packages/airflow/example_dags/example_branch_day_of_week_operator.py for tasks to queue
[2026-08-09T13:57:33.326+0000] {logging_mixin.py:190} INFO - [2026-08-09T13:57:33.326+0000] {dagbag.py:588} INFO - Filling up the DagBag from /home/airflow/.local/lib/python3.12/site-packages/airflow/example_dags/example_branch_day_of_week_operator.py
[2026-08-09T13:57:33.337+0000] {processor.py:925} INFO - DAG(s) 'example_weekday_branch_operator' retrieved from /home/airflow/.local/lib/python3.12/site-packages/airflow/example_dags/example_branch_day_of_week_operator.py
[2026-08-09T13:57:33.361+0000] {logging_mixin.py:190} INFO - [2026-08-09T13:57:33.360+0000] {dag.py:3239} INFO - Sync 1 DAGs
[2026-08-09T13:57:33.393+0000] {logging_mixin.py:190} INFO - [2026-08-09T13:57:33.392+0000] {dag.py:4180} INFO - Setting next_dagrun for example_weekday_branch_operator to 2026-08-08 00:00:00+00:00, run_after=2026-08-09 00:00:00+00:00
[2026-08-09T13:57:33.420+0000] {processor.py:208} INFO - Processing /home/airflow/.local/lib/python3.12/site-packages/airflow/example_dags/example_branch_day_of_week_operator.py took 0.103 seconds
[2026-08-09T13:58:04.910+0000] {processor.py:186} INFO - Started process (PID=1552) to work on /home/airflow/.local/lib/python3.12/site-packages/airflow/example_dags/example_branch_day_of_week_operator.py
[2026-08-09T13:58:04.913+0000] {processor.py:914} INFO - Processing file /home/airflow/.local/lib/python3.12/site-packages/airflow/example_dags/example_branch_day_of_week_operator.py for tasks to queue
[2026-08-09T13:58:04.918+0000] {logging_mixin.py:190} INFO - [2026-08-09T13:58:04.917+0000] {dagbag.py:588} INFO - Filling up the DagBag from /home/airflow/.local/lib/python3.12/site-packages/airflow/example_dags/example_branch_day_of_week_operator.py
[2026-08-09T13:58:04.936+0000] {processor.py:925} INFO - DAG(s) 'example_weekday_branch_operator' retrieved from /home/airflow/.local/lib/python3.12/site-packages/airflow/example_dags/example_branch_day_of_week_operator.py
[2026-08-09T13:58:04.977+0000] {logging_mixin.py:190} INFO - [2026-08-09T13:58:04.977+0000] {dag.py:3239} INFO - Sync 1 DAGs
[2026-08-09T13:58:05.009+0000] {logging_mixin.py:190} INFO - [2026-08-09T13:58:05.008+0000] {dag.py:4180} INFO - Setting next_dagrun for example_weekday_branch_operator to 2026-08-08 00:00:00+00:00, run_after=2026-08-09 00:00:00+00:00
[2026-08-09T13:58:05.034+0000] {processor.py:208} INFO - Processing /home/airflow/.local/lib/python3.12/site-packages/airflow/example_dags/example_branch_day_of_week_operator.py took 0.132 seconds
[2026-08-09T13:58:36.482+0000] {processor.py:186} INFO - Started process (PID=1617) to work on /home/airflow/.local/lib/python3.12/site-packages/airflow/example_dags/example_branch_day_of_week_operator.py
[2026-08-09T13:58:36.484+0000] {processor.py:914} INFO - Processing file /home/airflow/.local/lib/python3.12/site-packages/airflow/example_dags/example_branch_day_of_week_operator.py for tasks to queue
[2026-08-09T13:58:36.488+0000] {logging_mixin.py:190} INFO - [2026-08-09T13:58:36.487+0000] {dagbag.py:588} INFO - Filling up the DagBag from /home/airflow/.local/lib/python3.12/site-packages/airflow/example_dags/example_branch_day_of_week_operator.py
[2026-08-09T13:58:36.502+0000] {processor.py:925} INFO - DAG(s) 'example_weekday_branch_operator' retrieved from /home/airflow/.local/lib/python3.12/site-packages/airflow/example_dags/example_branch_day_of_week_operator.py
[2026-08-09T13:58:36.526+0000] {logging_mixin.py:190} INFO - [2026-08-09T13:58:36.526+0000] {dag.py:3239} INFO - Sync 1 DAGs
[2026-08-09T13:58:36.559+0000] {logging_mixin.py:190} INFO - [2026-08-09T13:58:36.558+0000] {dag.py:4180} INFO - Setting next_dagrun for example_weekday_branch_operator to 2026-08-08 00:00:00+00:00, run_after=2026-08-09 00:00:00+00:00
[2026-08-09T13:58:36.582+0000] {processor.py:208} INFO - Processing /home/airflow/.local/lib/python3.12/site-packages/airflow/example_dags/example_branch_day_of_week_operator.py took 0.107 seconds
[2026-08-09T13:59:07.366+0000] {processor.py:186} INFO - Started process (PID=1682) to work on /home/airflow/.local/lib/python3.12/site-packages/airflow/example_dags/example_branch_day_of_week_operator.py
[2026-08-09T13:59:07.367+0000] {processor.py:914} INFO - Processing file /home/airflow/.local/lib/python3.12/site-packages/airflow/example_dags/example_branch_day_of_week_operator.py for tasks to queue
[2026-08-09T13:59:07.370+0000] {logging_mixin.py:190} INFO - [2026-08-09T13:59:07.370+0000] {dagbag.py:588} INFO - Filling up the DagBag from /home/airflow/.local/lib/python3.12/site-packages/airflow/example_dags/example_branch_day_of_week_operator.py
[2026-08-09T13:59:07.384+0000] {processor.py:925} INFO - DAG(s) 'example_weekday_branch_operator' retrieved from /home/airflow/.local/lib/python3.12/site-packages/airflow/example_dags/example_branch_day_of_week_operator.py
[2026-08-09T13:59:07.412+0000] {logging_mixin.py:190} INFO - [2026-08-09T13:59:07.412+0000] {dag.py:3239} INFO - Sync 1 DAGs
[2026-08-09T13:59:07.450+0000] {logging_mixin.py:190} INFO - [2026-08-09T13:59:07.450+0000] {dag.py:4180} INFO - Setting next_dagrun for example_weekday_branch_operator to 2026-08-08 00:00:00+00:00, run_after=2026-08-09 00:00:00+00:00
[2026-08-09T13:59:07.474+0000] {processor.py:208} INFO - Processing /home/airflow/.local/lib/python3.12/site-packages/airflow/example_dags/example_branch_day_of_week_operator.py took 0.115 seconds
[2026-08-09T13:59:38.700+0000] {processor.py:186} INFO - Started process (PID=1746) to work on /home/airflow/.local/lib/python3.12/site-packages/airflow/example_dags/example_branch_day_of_week_operator.py
[2026-08-09T13:59:38.702+0000] {processor.py:914} INFO - Processing file /home/airflow/.local/lib/python3.12/site-packages/airflow/example_dags/example_branch_day_of_week_operator.py for tasks to queue
[2026-08-09T13:59:38.707+0000] {logging_mixin.py:190} INFO - [2026-08-09T13:59:38.707+0000] {dagbag.py:588} INFO - Filling up the DagBag from /home/airflow/.local/lib/python3.12/site-packages/airflow/example_dags/example_branch_day_of_week_operator.py
[2026-08-09T13:59:38.721+0000] {processor.py:925} INFO - DAG(s) 'example_weekday_branch_operator' retrieved from /home/airflow/.local/lib/python3.12/site-packages/airflow/example_dags/example_branch_day_of_week_operator.py
[2026-08-09T13:59:38.751+0000] {logging_mixin.py:190} INFO - [2026-08-09T13:59:38.751+0000] {dag.py:3239} INFO - Sync 1 DAGs
[2026-08-09T13:59:38.788+0000] {logging_mixin.py:190} INFO - [2026-08-09T13:59:38.787+0000] {dag.py:4180} INFO - Setting next_dagrun for example_weekday_branch_operator to 2026-08-08 00:00:00+00:00, run_after=2026-08-09 00:00:00+00:00
[2026-08-09T13:59:38.816+0000] {processor.py:208} INFO - Processing /home/airflow/.local/lib/python3.12/site-packages/airflow/example_dags/example_branch_day_of_week_operator.py took 0.127 seconds
[2026-08-09T14:00:09.130+0000] {processor.py:186} INFO - Started process (PID=1811) to work on /home/airflow/.local/lib/python3.12/site-packages/airflow/example_dags/example_branch_day_of_week_operator.py
[2026-08-09T14:00:09.131+0000] {processor.py:914} INFO - Processing file /home/airflow/.local/lib/python3.12/site-packages/airflow/example_dags/example_branch_day_of_week_operator.py for tasks to queue
[2026-08-09T14:00:09.135+0000] {logging_mixin.py:190} INFO - [2026-08-09T14:00:09.134+0000] {dagbag.py:588} INFO - Filling up the DagBag from /home/airflow/.local/lib/python3.12/site-packages/airflow/example_dags/example_branch_day_of_week_operator.py
[2026-08-09T14:00:09.147+0000] {processor.py:925} INFO - DAG(s) 'example_weekday_branch_operator' retrieved from /home/airflow/.local/lib/python3.12/site-packages/airflow/example_dags/example_branch_day_of_week_operator.py
[2026-08-09T14:00:09.171+0000] {logging_mixin.py:190} INFO - [2026-08-09T14:00:09.170+0000] {dag.py:3239} INFO - Sync 1 DAGs
[2026-08-09T14:00:09.197+0000] {logging_mixin.py:190} INFO - [2026-08-09T14:00:09.197+0000] {dag.py:4180} INFO - Setting next_dagrun for example_weekday_branch_operator to 2026-08-08 00:00:00+00:00, run_after=2026-08-09 00:00:00+00:00
[2026-08-09T14:00:09.218+0000] {processor.py:208} INFO - Processing /home/airflow/.local/lib/python3.12/site-packages/airflow/example_dags/example_branch_day_of_week_operator.py took 0.095 seconds
[2026-08-09T14:00:40.395+0000] {processor.py:186} INFO - Started process (PID=1876) to work on /home/airflow/.local/lib/python3.12/site-packages/airflow/example_dags/example_branch_day_of_week_operator.py
[2026-08-09T14:00:40.396+0000] {processor.py:914} INFO - Processing file /home/airflow/.local/lib/python3.12/site-packages/airflow/example_dags/example_branch_day_of_week_operator.py for tasks to queue
[2026-08-09T14:00:40.399+0000] {logging_mixin.py:190} INFO - [2026-08-09T14:00:40.399+0000] {dagbag.py:588} INFO - Filling up the DagBag from /home/airflow/.local/lib/python3.12/site-packages/airflow/example_dags/example_branch_day_of_week_operator.py
[2026-08-09T14:00:40.409+0000] {processor.py:925} INFO - DAG(s) 'example_weekday_branch_operator' retrieved from /home/airflow/.local/lib/python3.12/site-packages/airflow/example_dags/example_branch_day_of_week_operator.py
[2026-08-09T14:00:40.430+0000] {logging_mixin.py:190} INFO - [2026-08-09T14:00:40.430+0000] {dag.py:3239} INFO - Sync 1 DAGs
[2026-08-09T14:00:40.458+0000] {logging_mixin.py:190} INFO - [2026-08-09T14:00:40.458+0000] {dag.py:4180} INFO - Setting next_dagrun for example_weekday_branch_operator to 2026-08-08 00:00:00+00:00, run_after=2026-08-09 00:00:00+00:00
[2026-08-09T14:00:40.478+0000] {processor.py:208} INFO - Processing /home/airflow/.local/lib/python3.12/site-packages/airflow/example_dags/example_branch_day_of_week_operator.py took 0.088 seconds
[2026-08-09T14:01:11.635+0000] {processor.py:186} INFO - Started process (PID=1941) to work on /home/airflow/.local/lib/python3.12/site-packages/airflow/example_dags/example_branch_day_of_week_operator.py
[2026-08-09T14:01:11.636+0000] {processor.py:914} INFO - Processing file /home/airflow/.local/lib/python3.12/site-packages/airflow/example_dags/example_branch_day_of_week_operator.py for tasks to queue
[2026-08-09T14:01:11.639+0000] {logging_mixin.py:190} INFO - [2026-08-09T14:01:11.639+0000] {dagbag.py:588} INFO - Filling up the DagBag from /home/airflow/.local/lib/python3.12/site-packages/airflow/example_dags/example_branch_day_of_week_operator.py
[2026-08-09T14:01:11.653+0000] {processor.py:925} INFO - DAG(s) 'example_weekday_branch_operator' retrieved from /home/airflow/.local/lib/python3.12/site-packages/airflow/example_dags/example_branch_day_of_week_operator.py
[2026-08-09T14:01:11.674+0000] {logging_mixin.py:190} INFO - [2026-08-09T14:01:11.673+0000] {dag.py:3239} INFO - Sync 1 DAGs
[2026-08-09T14:01:11.699+0000] {logging_mixin.py:190} INFO - [2026-08-09T14:01:11.699+0000] {dag.py:4180} INFO - Setting next_dagrun for example_weekday_branch_operator to 2026-08-08 00:00:00+00:00, run_after=2026-08-09 00:00:00+00:00
[2026-08-09T14:01:11.719+0000] {processor.py:208} INFO - Processing /home/airflow/.local/lib/python3.12/site-packages/airflow/example_dags/example_branch_day_of_week_operator.py took 0.090 seconds
[2026-08-09T14:01:42.819+0000] {processor.py:186} INFO - Started process (PID=2006) to work on /home/airflow/.local/lib/python3.12/site-packages/airflow/example_dags/example_branch_day_of_week_operator.py
[2026-08-09T14:01:42.821+0000] {processor.py:914} INFO - Processing file /home/airflow/.local/lib/python3.12/site-packages/airflow/example_dags/example_branch_day_of_week_operator.py for tasks to queue
[2026-08-09T14:01:42.824+0000] {logging_mixin.py:190} INFO - [2026-08-09T14:01:42.824+0000] {dagbag.py:588} INFO - Filling up the DagBag from /home/airflow/.local/lib/python3.12/site-packages/airflow/example_dags/example_branch_day_of_week_operator.py
[2026-08-09T14:01:42.837+0000] {processor.py:925} INFO - DAG(s) 'example_weekday_branch_operator' retrieved from /home/airflow/.local/lib/python3.12/site-packages/airflow/example_dags/example_branch_day_of_week_operator.py
[2026-08-09T14:01:42.864+0000] {logging_mixin.py:190} INFO - [2026-08-09T14:01:42.864+0000] {dag.py:3239} INFO - Sync 1 DAGs
[2026-08-09T14:01:42.894+0000] {logging_mixin.py:190} INFO - [2026-08-09T14:01:42.893+0000] {dag.py:4180} INFO - Setting next_dagrun for example_weekday_branch_operator to 2026-08-08 00:00:00+00:00, run_after=2026-08-09 00:00:00+00:00
[2026-08-09T14:01:42.915+0000] {processor.py:208} INFO - Processing /home/airflow/.local/lib/python3.12/site-packages/airflow/example_dags/example_branch_day_of_week_operator.py took 0.103 seconds
[2026-08-09T14:02:14.209+0000] {processor.py:186} INFO - Started process (PID=2071) to work on /home/airflow/.local/lib/python3.12/site-packages/airflow/example_dags/example_branch_day_of_week_operator.py
[2026-08-09T14:02:14.211+0000] {processor.py:914} INFO - Processing file /home/airflow/.local/lib/python3.12/site-packages/airflow/example_dags/example_branch_day_of_week_operator.py for tasks to queue
[2026-08-09T14:02:14.214+0000] {logging_mixin.py:190} INFO - [2026-08-09T14:02:14.213+0000] {dagbag.py:588} INFO - Filling up the DagBag from /home/airflow/.local/lib/python3.12/site-packages/airflow/example_dags/example_branch_day_of_week_operator.py
[2026-08-09T14:02:14.226+0000] {processor.py:925} INFO - DAG(s) 'example_weekday_branch_operator' retrieved from /home/airflow/.local/lib/python3.12/site-packages/airflow/example_dags/example_branch_day_of_week_operator.py
[2026-08-09T14:02:14.248+0000] {logging_mixin.py:190} INFO - [2026-08-09T14:02:14.248+0000] {dag.py:3239} INFO - Sync 1 DAGs
[2026-08-09T14:02:14.275+0000] {logging_mixin.py:190} INFO - [2026-08-09T14:02:14.275+0000] {dag.py:4180} INFO - Setting next_dagrun for example_weekday_branch_operator to 2026-08-08 00:00:00+00:00, run_after=2026-08-09 00:00:00+00:00
[2026-08-09T14:02:14.298+0000] {processor.py:208} INFO - Processing /home/airflow/.local/lib/python3.12/site-packages/airflow/example_dags/example_branch_day_of_week_operator.py took 0.095 seconds
[2026-08-09T14:02:45.960+0000] {processor.py:186} INFO - Started process (PID=2136) to work on /home/airflow/.local/lib/python3.12/site-packages/airflow/example_dags/example_branch_day_of_week_operator.py
[2026-08-09T14:02:45.961+0000] {processor.py:914} INFO - Processing file /home/airflow/.local/lib/python3.12/site-packages/airflow/example_dags/example_branch_day_of_week_operator.py for tasks to queue
[2026-08-09T14:02:45.965+0000] {logging_mixin.py:190} INFO - [2026-08-09T14:02:45.964+0000] {dagbag.py:588} INFO - Filling up the DagBag from /home/airflow/.local/lib/python3.12/site-packages/airflow/example_dags/example_branch_day_of_week_operator.py
[2026-08-09T14:02:45.978+0000] {processor.py:925} INFO - DAG(s) 'example_weekday_branch_operator' retrieved from /home/airflow/.local/lib/python3.12/site-packages/airflow/example_dags/example_branch_day_of_week_operator.py
[2026-08-09T14:02:46.005+0000] {logging_mixin.py:190} INFO - [2026-08-09T14:02:46.005+0000] {dag.py:3239} INFO - Sync 1 DAGs
[2026-08-09T14:02:46.037+0000] {logging_mixin.py:190} INFO - [2026-08-09T14:02:46.037+0000] {dag.py:4180} INFO - Setting next_dagrun for example_weekday_branch_operator to 2026-08-08 00:00:00+00:00, run_after=2026-08-09 00:00:00+00:00
[2026-08-09T14:02:46.063+0000] {processor.py:208} INFO - Processing /home/airflow/.local/lib/python3.12/site-packages/airflow/example_dags/example_branch_day_of_week_operator.py took 0.112 seconds
[2026-08-09T14:03:17.621+0000] {processor.py:186} INFO - Started process (PID=2203) to work on /home/airflow/.local/lib/python3.12/site-packages/airflow/example_dags/example_branch_day_of_week_operator.py
[2026-08-09T14:03:17.623+0000] {processor.py:914} INFO - Processing file /home/airflow/.local/lib/python3.12/site-packages/airflow/example_dags/example_branch_day_of_week_operator.py for tasks to queue
[2026-08-09T14:03:17.628+0000] {logging_mixin.py:190} INFO - [2026-08-09T14:03:17.627+0000] {dagbag.py:588} INFO - Filling up the DagBag from /home/airflow/.local/lib/python3.12/site-packages/airflow/example_dags/example_branch_day_of_week_operator.py
[2026-08-09T14:03:17.642+0000] {processor.py:925} INFO - DAG(s) 'example_weekday_branch_operator' retrieved from /home/airflow/.local/lib/python3.12/site-packages/airflow/example_dags/example_branch_day_of_week_operator.py
[2026-08-09T14:03:17.671+0000] {logging_mixin.py:190} INFO - [2026-08-09T14:03:17.671+0000] {dag.py:3239} INFO - Sync 1 DAGs
[2026-08-09T14:03:17.703+0000] {logging_mixin.py:190} INFO - [2026-08-09T14:03:17.703+0000] {dag.py:4180} INFO - Setting next_dagrun for example_weekday_branch_operator to 2026-08-08 00:00:00+00:00, run_after=2026-08-09 00:00:00+00:00
[2026-08-09T14:03:17.729+0000] {processor.py:208} INFO - Processing /home/airflow/.local/lib/python3.12/site-packages/airflow/example_dags/example_branch_day_of_week_operator.py took 0.119 seconds
[2026-08-09T14:03:48.813+0000] {processor.py:186} INFO - Started process (PID=2268) to work on /home/airflow/.local/lib/python3.12/site-packages/airflow/example_dags/example_branch_day_of_week_operator.py
[2026-08-09T14:03:48.814+0000] {processor.py:914} INFO - Processing file /home/airflow/.local/lib/python3.12/site-packages/airflow/example_dags/example_branch_day_of_week_operator.py for tasks to queue
[2026-08-09T14:03:48.817+0000] {logging_mixin.py:190} INFO - [2026-08-09T14:03:48.817+0000] {dagbag.py:588} INFO - Filling up the DagBag from /home/airflow/.local/lib/python3.12/site-packages/airflow/example_dags/example_branch_day_of_week_operator.py
[2026-08-09T14:03:48.827+0000] {processor.py:925} INFO - DAG(s) 'example_weekday_branch_operator' retrieved from /home/airflow/.local/lib/python3.12/site-packages/airflow/example_dags/example_branch_day_of_week_operator.py
[2026-08-09T14:03:48.851+0000] {logging_mixin.py:190} INFO - [2026-08-09T14:03:48.851+0000] {dag.py:3239} INFO - Sync 1 DAGs
[2026-08-09T14:03:48.875+0000] {logging_mixin.py:190} INFO - [2026-08-09T14:03:48.874+0000] {dag.py:4180} INFO - Setting next_dagrun for example_weekday_branch_operator to 2026-08-08 00:00:00+00:00, run_after=2026-08-09 00:00:00+00:00
[2026-08-09T14:03:48.894+0000] {processor.py:208} INFO - Processing /home/airflow/.local/lib/python3.12/site-packages/airflow/example_dags/example_branch_day_of_week_operator.py took 0.086 seconds
[2026-08-09T14:04:19.472+0000] {processor.py:186} INFO - Started process (PID=2333) to work on /home/airflow/.local/lib/python3.12/site-packages/airflow/example_dags/example_branch_day_of_week_operator.py
[2026-08-09T14:04:19.473+0000] {processor.py:914} INFO - Processing file /home/airflow/.local/lib/python3.12/site-packages/airflow/example_dags/example_branch_day_of_week_operator.py for tasks to queue
[2026-08-09T14:04:19.476+0000] {logging_mixin.py:190} INFO - [2026-08-09T14:04:19.476+0000] {dagbag.py:588} INFO - Filling up the DagBag from /home/airflow/.local/lib/python3.12/site-packages/airflow/example_dags/example_branch_day_of_week_operator.py
[2026-08-09T14:04:19.487+0000] {processor.py:925} INFO - DAG(s) 'example_weekday_branch_operator' retrieved from /home/airflow/.local/lib/python3.12/site-packages/airflow/example_dags/example_branch_day_of_week_operator.py
[2026-08-09T14:04:19.507+0000] {logging_mixin.py:190} INFO - [2026-08-09T14:04:19.507+0000] {dag.py:3239} INFO - Sync 1 DAGs
[2026-08-09T14:04:19.531+0000] {logging_mixin.py:190} INFO - [2026-08-09T14:04:19.531+0000] {dag.py:4180} INFO - Setting next_dagrun for example_weekday_branch_operator to 2026-08-08 00:00:00+00:00, run_after=2026-08-09 00:00:00+00:00
[2026-08-09T14:04:19.550+0000] {processor.py:208} INFO - Processing /home/airflow/.local/lib/python3.12/site-packages/airflow/example_dags/example_branch_day_of_week_operator.py took 0.084 seconds
[2026-08-09T14:04:51.446+0000] {processor.py:186} INFO - Started process (PID=2404) to work on /home/airflow/.local/lib/python3.12/site-packages/airflow/example_dags/example_branch_day_of_week_operator.py
[2026-08-09T14:04:51.448+0000] {processor.py:914} INFO - Processing file /home/airflow/.local/lib/python3.12/site-packages/airflow/example_dags/example_branch_day_of_week_operator.py for tasks to queue
[2026-08-09T14:04:51.452+0000] {logging_mixin.py:190} INFO - [2026-08-09T14:04:51.452+0000] {dagbag.py:588} INFO - Filling up the DagBag from /home/airflow/.local/lib/python3.12/site-packages/airflow/example_dags/example_branch_day_of_week_operator.py
[2026-08-09T14:04:51.464+0000] {processor.py:925} INFO - DAG(s) 'example_weekday_branch_operator' retrieved from /home/airflow/.local/lib/python3.12/site-packages/airflow/example_dags/example_branch_day_of_week_operator.py
[2026-08-09T14:04:51.496+0000] {logging_mixin.py:190} INFO - [2026-08-09T14:04:51.496+0000] {dag.py:3239} INFO - Sync 1 DAGs
[2026-08-09T14:04:51.531+0000] {logging_mixin.py:190} INFO - [2026-08-09T14:04:51.531+0000] {dag.py:4180} INFO - Setting next_dagrun for example_weekday_branch_operator to 2026-08-08 00:00:00+00:00, run_after=2026-08-09 00:00:00+00:00
[2026-08-09T14:04:51.558+0000] {processor.py:208} INFO - Processing /home/airflow/.local/lib/python3.12/site-packages/airflow/example_dags/example_branch_day_of_week_operator.py took 0.127 seconds
[2026-08-09T14:05:22.947+0000] {processor.py:186} INFO - Started process (PID=2469) to work on /home/airflow/.local/lib/python3.12/site-packages/airflow/example_dags/example_branch_day_of_week_operator.py
[2026-08-09T14:05:22.948+0000] {processor.py:914} INFO - Processing file /home/airflow/.local/lib/python3.12/site-packages/airflow/example_dags/example_branch_day_of_week_operator.py for tasks to queue
[2026-08-09T14:05:22.953+0000] {logging_mixin.py:190} INFO - [2026-08-09T14:05:22.952+0000] {dagbag.py:588} INFO - Filling up the DagBag from /home/airflow/.local/lib/python3.12/site-packages/airflow/example_dags/example_branch_day_of_week_operator.py
[2026-08-09T14:05:22.969+0000] {processor.py:925} INFO - DAG(s) 'example_weekday_branch_operator' retrieved from /home/airflow/.local/lib/python3.12/site-packages/airflow/example_dags/example_branch_day_of_week_operator.py
[2026-08-09T14:05:23.002+0000] {logging_mixin.py:190} INFO - [2026-08-09T14:05:23.001+0000] {dag.py:3239} INFO - Sync 1 DAGs
[2026-08-09T14:05:23.045+0000] {logging_mixin.py:190} INFO - [2026-08-09T14:05:23.045+0000] {dag.py:4180} INFO - Setting next_dagrun for example_weekday_branch_operator to 2026-08-08 00:00:00+00:00, run_after=2026-08-09 00:00:00+00:00
[2026-08-09T14:05:23.077+0000] {processor.py:208} INFO - Processing /home/airflow/.local/lib/python3.12/site-packages/airflow/example_dags/example_branch_day_of_week_operator.py took 0.138 seconds
[2026-08-09T14:05:54.082+0000] {processor.py:186} INFO - Started process (PID=2534) to work on /home/airflow/.local/lib/python3.12/site-packages/airflow/example_dags/example_branch_day_of_week_operator.py
[2026-08-09T14:05:54.083+0000] {processor.py:914} INFO - Processing file /home/airflow/.local/lib/python3.12/site-packages/airflow/example_dags/example_branch_day_of_week_operator.py for tasks to queue
[2026-08-09T14:05:54.086+0000] {logging_mixin.py:190} INFO - [2026-08-09T14:05:54.086+0000] {dagbag.py:588} INFO - Filling up the DagBag from /home/airflow/.local/lib/python3.12/site-packages/airflow/example_dags/example_branch_day_of_week_operator.py
[2026-08-09T14:05:54.098+0000] {processor.py:925} INFO - DAG(s) 'example_weekday_branch_operator' retrieved from /home/airflow/.local/lib/python3.12/site-packages/airflow/example_dags/example_branch_day_of_week_operator.py
[2026-08-09T14:05:54.130+0000] {logging_mixin.py:190} INFO - [2026-08-09T14:05:54.130+0000] {dag.py:3239} INFO - Sync 1 DAGs
[2026-08-09T14:05:54.167+0000] {logging_mixin.py:190} INFO - [2026-08-09T14:05:54.166+0000] {dag.py:4180} INFO - Setting next_dagrun for example_weekday_branch_operator to 2026-08-08 00:00:00+00:00, run_after=2026-08-09 00:00:00+00:00
[2026-08-09T14:05:54.194+0000] {processor.py:208} INFO - Processing /home/airflow/.local/lib/python3.12/site-packages/airflow/example_dags/example_branch_day_of_week_operator.py took 0.121 seconds
[2026-08-09T14:06:24.703+0000] {processor.py:186} INFO - Started process (PID=2600) to work on /home/airflow/.local/lib/python3.12/site-packages/airflow/example_dags/example_branch_day_of_week_operator.py
[2026-08-09T14:06:24.705+0000] {processor.py:914} INFO - Processing file /home/airflow/.local/lib/python3.12/site-packages/airflow/example_dags/example_branch_day_of_week_operator.py for tasks to queue
[2026-08-09T14:06:24.708+0000] {logging_mixin.py:190} INFO - [2026-08-09T14:06:24.708+0000] {dagbag.py:588} INFO - Filling up the DagBag from /home/airflow/.local/lib/python3.12/site-packages/airflow/example_dags/example_branch_day_of_week_operator.py
[2026-08-09T14:06:24.720+0000] {processor.py:925} INFO - DAG(s) 'example_weekday_branch_operator' retrieved from /home/airflow/.local/lib/python3.12/site-packages/airflow/example_dags/example_branch_day_of_week_operator.py
[2026-08-09T14:06:24.739+0000] {logging_mixin.py:190} INFO - [2026-08-09T14:06:24.739+0000] {dag.py:3239} INFO - Sync 1 DAGs
[2026-08-09T14:06:24.764+0000] {logging_mixin.py:190} INFO - [2026-08-09T14:06:24.764+0000] {dag.py:4180} INFO - Setting next_dagrun for example_weekday_branch_operator to 2026-08-08 00:00:00+00:00, run_after=2026-08-09 00:00:00+00:00
[2026-08-09T14:06:24.785+0000] {processor.py:208} INFO - Processing /home/airflow/.local/lib/python3.12/site-packages/airflow/example_dags/example_branch_day_of_week_operator.py took 0.089 seconds
[2026-08-09T14:06:55.314+0000] {processor.py:186} INFO - Started process (PID=2665) to work on /home/airflow/.local/lib/python3.12/site-packages/airflow/example_dags/example_branch_day_of_week_operator.py
[2026-08-09T14:06:55.316+0000] {processor.py:914} INFO - Processing file /home/airflow/.local/lib/python3.12/site-packages/airflow/example_dags/example_branch_day_of_week_operator.py for tasks to queue
[2026-08-09T14:06:55.319+0000] {logging_mixin.py:190} INFO - [2026-08-09T14:06:55.319+0000] {dagbag.py:588} INFO - Filling up the DagBag from /home/airflow/.local/lib/python3.12/site-packages/airflow/example_dags/example_branch_day_of_week_operator.py
[2026-08-09T14:06:55.330+0000] {processor.py:925} INFO - DAG(s) 'example_weekday_branch_operator' retrieved from /home/airflow/.local/lib/python3.12/site-packages/airflow/example_dags/example_branch_day_of_week_operator.py
[2026-08-09T14:06:55.360+0000] {logging_mixin.py:190} INFO - [2026-08-09T14:06:55.360+0000] {dag.py:3239} INFO - Sync 1 DAGs
[2026-08-09T14:06:55.399+0000] {logging_mixin.py:190} INFO - [2026-08-09T14:06:55.399+0000] {dag.py:4180} INFO - Setting next_dagrun for example_weekday_branch_operator to 2026-08-08 00:00:00+00:00, run_after=2026-08-09 00:00:00+00:00
[2026-08-09T14:06:55.428+0000] {processor.py:208} INFO - Processing /home/airflow/.local/lib/python3.12/site-packages/airflow/example_dags/example_branch_day_of_week_operator.py took 0.123 seconds
[2026-08-09T14:07:27.049+0000] {processor.py:186} INFO - Started process (PID=2734) to work on /home/airflow/.local/lib/python3.12/site-packages/airflow/example_dags/example_branch_day_of_week_operator.py
[2026-08-09T14:07:27.050+0000] {processor.py:914} INFO - Processing file /home/airflow/.local/lib/python3.12/site-packages/airflow/example_dags/example_branch_day_of_week_operator.py for tasks to queue
[2026-08-09T14:07:27.054+0000] {logging_mixin.py:190} INFO - [2026-08-09T14:07:27.054+0000] {dagbag.py:588} INFO - Filling up the DagBag from /home/airflow/.local/lib/python3.12/site-packages/airflow/example_dags/example_branch_day_of_week_operator.py
[2026-08-09T14:07:27.067+0000] {processor.py:925} INFO - DAG(s) 'example_weekday_branch_operator' retrieved from /home/airflow/.local/lib/python3.12/site-packages/airflow/example_dags/example_branch_day_of_week_operator.py
[2026-08-09T14:07:27.094+0000] {logging_mixin.py:190} INFO - [2026-08-09T14:07:27.094+0000] {dag.py:3239} INFO - Sync 1 DAGs
[2026-08-09T14:07:27.126+0000] {logging_mixin.py:190} INFO - [2026-08-09T14:07:27.126+0000] {dag.py:4180} INFO - Setting next_dagrun for example_weekday_branch_operator to 2026-08-08 00:00:00+00:00, run_after=2026-08-09 00:00:00+00:00
[2026-08-09T14:07:27.148+0000] {processor.py:208} INFO - Processing /home/airflow/.local/lib/python3.12/site-packages/airflow/example_dags/example_branch_day_of_week_operator.py took 0.108 seconds
[2026-08-09T14:07:58.014+0000] {processor.py:186} INFO - Started process (PID=2803) to work on /home/airflow/.local/lib/python3.12/site-packages/airflow/example_dags/example_branch_day_of_week_operator.py
[2026-08-09T14:07:58.016+0000] {processor.py:914} INFO - Processing file /home/airflow/.local/lib/python3.12/site-packages/airflow/example_dags/example_branch_day_of_week_operator.py for tasks to queue
[2026-08-09T14:07:58.019+0000] {logging_mixin.py:190} INFO - [2026-08-09T14:07:58.019+0000] {dagbag.py:588} INFO - Filling up the DagBag from /home/airflow/.local/lib/python3.12/site-packages/airflow/example_dags/example_branch_day_of_week_operator.py
[2026-08-09T14:07:58.030+0000] {processor.py:925} INFO - DAG(s) 'example_weekday_branch_operator' retrieved from /home/airflow/.local/lib/python3.12/site-packages/airflow/example_dags/example_branch_day_of_week_operator.py
[2026-08-09T14:07:58.057+0000] {logging_mixin.py:190} INFO - [2026-08-09T14:07:58.056+0000] {dag.py:3239} INFO - Sync 1 DAGs
[2026-08-09T14:07:58.087+0000] {logging_mixin.py:190} INFO - [2026-08-09T14:07:58.086+0000] {dag.py:4180} INFO - Setting next_dagrun for example_weekday_branch_operator to 2026-08-08 00:00:00+00:00, run_after=2026-08-09 00:00:00+00:00
[2026-08-09T14:07:58.114+0000] {processor.py:208} INFO - Processing /home/airflow/.local/lib/python3.12/site-packages/airflow/example_dags/example_branch_day_of_week_operator.py took 0.108 seconds
[2026-08-09T14:08:28.825+0000] {processor.py:186} INFO - Started process (PID=2869) to work on /home/airflow/.local/lib/python3.12/site-packages/airflow/example_dags/example_branch_day_of_week_operator.py
[2026-08-09T14:08:28.826+0000] {processor.py:914} INFO - Processing file /home/airflow/.local/lib/python3.12/site-packages/airflow/example_dags/example_branch_day_of_week_operator.py for tasks to queue
[2026-08-09T14:08:28.829+0000] {logging_mixin.py:190} INFO - [2026-08-09T14:08:28.829+0000] {dagbag.py:588} INFO - Filling up the DagBag from /home/airflow/.local/lib/python3.12/site-packages/airflow/example_dags/example_branch_day_of_week_operator.py
[2026-08-09T14:08:28.840+0000] {processor.py:925} INFO - DAG(s) 'example_weekday_branch_operator' retrieved from /home/airflow/.local/lib/python3.12/site-packages/airflow/example_dags/example_branch_day_of_week_operator.py
[2026-08-09T14:08:28.865+0000] {logging_mixin.py:190} INFO - [2026-08-09T14:08:28.865+0000] {dag.py:3239} INFO - Sync 1 DAGs
[2026-08-09T14:08:28.898+0000] {logging_mixin.py:190} INFO - [2026-08-09T14:08:28.897+0000] {dag.py:4180} INFO - Setting next_dagrun for example_weekday_branch_operator to 2026-08-08 00:00:00+00:00, run_after=2026-08-09 00:00:00+00:00
[2026-08-09T14:08:28.926+0000] {processor.py:208} INFO - Processing /home/airflow/.local/lib/python3.12/site-packages/airflow/example_dags/example_branch_day_of_week_operator.py took 0.106 seconds
[2026-08-09T14:08:59.063+0000] {processor.py:186} INFO - Started process (PID=2934) to work on /home/airflow/.local/lib/python3.12/site-packages/airflow/example_dags/example_branch_day_of_week_operator.py
[2026-08-09T14:08:59.064+0000] {processor.py:914} INFO - Processing file /home/airflow/.local/lib/python3.12/site-packages/airflow/example_dags/example_branch_day_of_week_operator.py for tasks to queue
[2026-08-09T14:08:59.067+0000] {logging_mixin.py:190} INFO - [2026-08-09T14:08:59.067+0000] {dagbag.py:588} INFO - Filling up the DagBag from /home/airflow/.local/lib/python3.12/site-packages/airflow/example_dags/example_branch_day_of_week_operator.py
[2026-08-09T14:08:59.078+0000] {processor.py:925} INFO - DAG(s) 'example_weekday_branch_operator' retrieved from /home/airflow/.local/lib/python3.12/site-packages/airflow/example_dags/example_branch_day_of_week_operator.py
[2026-08-09T14:08:59.098+0000] {logging_mixin.py:190} INFO - [2026-08-09T14:08:59.097+0000] {dag.py:3239} INFO - Sync 1 DAGs
[2026-08-09T14:08:59.126+0000] {logging_mixin.py:190} INFO - [2026-08-09T14:08:59.125+0000] {dag.py:4180} INFO - Setting next_dagrun for example_weekday_branch_operator to 2026-08-08 00:00:00+00:00, run_after=2026-08-09 00:00:00+00:00
[2026-08-09T14:08:59.147+0000] {processor.py:208} INFO - Processing /home/airflow/.local/lib/python3.12/site-packages/airflow/example_dags/example_branch_day_of_week_operator.py took 0.090 seconds
[2026-08-09T14:09:29.287+0000] {processor.py:186} INFO - Started process (PID=2998) to work on /home/airflow/.local/lib/python3.12/site-packages/airflow/example_dags/example_branch_day_of_week_operator.py
[2026-08-09T14:09:29.289+0000] {processor.py:914} INFO - Processing file /home/airflow/.local/lib/python3.12/site-packages/airflow/example_dags/example_branch_day_of_week_operator.py for tasks to queue
[2026-08-09T14:09:29.292+0000] {logging_mixin.py:190} INFO - [2026-08-09T14:09:29.291+0000] {dagbag.py:588} INFO - Filling up the DagBag from /home/airflow/.local/lib/python3.12/site-packages/airflow/example_dags/example_branch_day_of_week_operator.py
[2026-08-09T14:09:29.303+0000] {processor.py:925} INFO - DAG(s) 'example_weekday_branch_operator' retrieved from /home/airflow/.local/lib/python3.12/site-packages/airflow/example_dags/example_branch_day_of_week_operator.py
[2026-08-09T14:09:29.325+0000] {logging_mixin.py:190} INFO - [2026-08-09T14:09:29.325+0000] {dag.py:3239} INFO - Sync 1 DAGs
[2026-08-09T14:09:29.351+0000] {logging_mixin.py:190} INFO - [2026-08-09T14:09:29.351+0000] {dag.py:4180} INFO - Setting next_dagrun for example_weekday_branch_operator to 2026-08-08 00:00:00+00:00, run_after=2026-08-09 00:00:00+00:00
[2026-08-09T14:09:29.374+0000] {processor.py:208} INFO - Processing /home/airflow/.local/lib/python3.12/site-packages/airflow/example_dags/example_branch_day_of_week_operator.py took 0.093 seconds
[2026-08-09T14:09:59.613+0000] {processor.py:186} INFO - Started process (PID=3062) to work on /home/airflow/.local/lib/python3.12/site-packages/airflow/example_dags/example_branch_day_of_week_operator.py
[2026-08-09T14:09:59.615+0000] {processor.py:914} INFO - Processing file /home/airflow/.local/lib/python3.12/site-packages/airflow/example_dags/example_branch_day_of_week_operator.py for tasks to queue
[2026-08-09T14:09:59.619+0000] {logging_mixin.py:190} INFO - [2026-08-09T14:09:59.618+0000] {dagbag.py:588} INFO - Filling up the DagBag from /home/airflow/.local/lib/python3.12/site-packages/airflow/example_dags/example_branch_day_of_week_operator.py
[2026-08-09T14:09:59.631+0000] {processor.py:925} INFO - DAG(s) 'example_weekday_branch_operator' retrieved from /home/airflow/.local/lib/python3.12/site-packages/airflow/example_dags/example_branch_day_of_week_operator.py
[2026-08-09T14:09:59.654+0000] {logging_mixin.py:190} INFO - [2026-08-09T14:09:59.654+0000] {dag.py:3239} INFO - Sync 1 DAGs
[2026-08-09T14:09:59.685+0000] {logging_mixin.py:190} INFO - [2026-08-09T14:09:59.685+0000] {dag.py:4180} INFO - Setting next_dagrun for example_weekday_branch_operator to 2026-08-08 00:00:00+00:00, run_after=2026-08-09 00:00:00+00:00
[2026-08-09T14:09:59.707+0000] {processor.py:208} INFO - Processing /home/airflow/.local/lib/python3.12/site-packages/airflow/example_dags/example_branch_day_of_week_operator.py took 0.102 seconds
[2026-08-09T14:10:30.310+0000] {processor.py:186} INFO - Started process (PID=3127) to work on /home/airflow/.local/lib/python3.12/site-packages/airflow/example_dags/example_branch_day_of_week_operator.py
[2026-08-09T14:10:30.312+0000] {processor.py:914} INFO - Processing file /home/airflow/.local/lib/python3.12/site-packages/airflow/example_dags/example_branch_day_of_week_operator.py for tasks to queue
[2026-08-09T14:10:30.315+0000] {logging_mixin.py:190} INFO - [2026-08-09T14:10:30.315+0000] {dagbag.py:588} INFO - Filling up the DagBag from /home/airflow/.local/lib/python3.12/site-packages/airflow/example_dags/example_branch_day_of_week_operator.py
[2026-08-09T14:10:30.328+0000] {processor.py:925} INFO - DAG(s) 'example_weekday_branch_operator' retrieved from /home/airflow/.local/lib/python3.12/site-packages/airflow/example_dags/example_branch_day_of_week_operator.py
[2026-08-09T14:10:30.353+0000] {logging_mixin.py:190} INFO - [2026-08-09T14:10:30.352+0000] {dag.py:3239} INFO - Sync 1 DAGs
[2026-08-09T14:10:30.382+0000] {logging_mixin.py:190} INFO - [2026-08-09T14:10:30.382+0000] {dag.py:4180} INFO - Setting next_dagrun for example_weekday_branch_operator to 2026-08-08 00:00:00+00:00, run_after=2026-08-09 00:00:00+00:00
[2026-08-09T14:10:30.405+0000] {processor.py:208} INFO - Processing /home/airflow/.local/lib/python3.12/site-packages/airflow/example_dags/example_branch_day_of_week_operator.py took 0.102 seconds
[2026-08-09T14:11:00.980+0000] {processor.py:186} INFO - Started process (PID=3192) to work on /home/airflow/.local/lib/python3.12/site-packages/airflow/example_dags/example_branch_day_of_week_operator.py
[2026-08-09T14:11:00.981+0000] {processor.py:914} INFO - Processing file /home/airflow/.local/lib/python3.12/site-packages/airflow/example_dags/example_branch_day_of_week_operator.py for tasks to queue
[2026-08-09T14:11:00.984+0000] {logging_mixin.py:190} INFO - [2026-08-09T14:11:00.984+0000] {dagbag.py:588} INFO - Filling up the DagBag from /home/airflow/.local/lib/python3.12/site-packages/airflow/example_dags/example_branch_day_of_week_operator.py
[2026-08-09T14:11:00.997+0000] {processor.py:925} INFO - DAG(s) 'example_weekday_branch_operator' retrieved from /home/airflow/.local/lib/python3.12/site-packages/airflow/example_dags/example_branch_day_of_week_operator.py
[2026-08-09T14:11:01.019+0000] {logging_mixin.py:190} INFO - [2026-08-09T14:11:01.019+0000] {dag.py:3239} INFO - Sync 1 DAGs
[2026-08-09T14:11:01.052+0000] {logging_mixin.py:190} INFO - [2026-08-09T14:11:01.052+0000] {dag.py:4180} INFO - Setting next_dagrun for example_weekday_branch_operator to 2026-08-08 00:00:00+00:00, run_after=2026-08-09 00:00:00+00:00
[2026-08-09T14:11:01.074+0000] {processor.py:208} INFO - Processing /home/airflow/.local/lib/python3.12/site-packages/airflow/example_dags/example_branch_day_of_week_operator.py took 0.102 seconds
[2026-08-09T14:11:31.574+0000] {processor.py:186} INFO - Started process (PID=3257) to work on /home/airflow/.local/lib/python3.12/site-packages/airflow/example_dags/example_branch_day_of_week_operator.py
[2026-08-09T14:11:31.576+0000] {processor.py:914} INFO - Processing file /home/airflow/.local/lib/python3.12/site-packages/airflow/example_dags/example_branch_day_of_week_operator.py for tasks to queue
[2026-08-09T14:11:31.581+0000] {logging_mixin.py:190} INFO - [2026-08-09T14:11:31.580+0000] {dagbag.py:588} INFO - Filling up the DagBag from /home/airflow/.local/lib/python3.12/site-packages/airflow/example_dags/example_branch_day_of_week_operator.py
[2026-08-09T14:11:31.595+0000] {processor.py:925} INFO - DAG(s) 'example_weekday_branch_operator' retrieved from /home/airflow/.local/lib/python3.12/site-packages/airflow/example_dags/example_branch_day_of_week_operator.py
[2026-08-09T14:11:31.621+0000] {logging_mixin.py:190} INFO - [2026-08-09T14:11:31.621+0000] {dag.py:3239} INFO - Sync 1 DAGs
[2026-08-09T14:11:31.650+0000] {logging_mixin.py:190} INFO - [2026-08-09T14:11:31.650+0000] {dag.py:4180} INFO - Setting next_dagrun for example_weekday_branch_operator to 2026-08-08 00:00:00+00:00, run_after=2026-08-09 00:00:00+00:00
[2026-08-09T14:11:31.674+0000] {processor.py:208} INFO - Processing /home/airflow/.local/lib/python3.12/site-packages/airflow/example_dags/example_branch_day_of_week_operator.py took 0.109 seconds
[2026-08-09T14:12:02.785+0000] {processor.py:186} INFO - Started process (PID=3322) to work on /home/airflow/.local/lib/python3.12/site-packages/airflow/example_dags/example_branch_day_of_week_operator.py
[2026-08-09T14:12:02.787+0000] {processor.py:914} INFO - Processing file /home/airflow/.local/lib/python3.12/site-packages/airflow/example_dags/example_branch_day_of_week_operator.py for tasks to queue
[2026-08-09T14:12:02.790+0000] {logging_mixin.py:190} INFO - [2026-08-09T14:12:02.789+0000] {dagbag.py:588} INFO - Filling up the DagBag from /home/airflow/.local/lib/python3.12/site-packages/airflow/example_dags/example_branch_day_of_week_operator.py
[2026-08-09T14:12:02.800+0000] {processor.py:925} INFO - DAG(s) 'example_weekday_branch_operator' retrieved from /home/airflow/.local/lib/python3.12/site-packages/airflow/example_dags/example_branch_day_of_week_operator.py
[2026-08-09T14:12:02.821+0000] {logging_mixin.py:190} INFO - [2026-08-09T14:12:02.820+0000] {dag.py:3239} INFO - Sync 1 DAGs
[2026-08-09T14:12:02.846+0000] {logging_mixin.py:190} INFO - [2026-08-09T14:12:02.846+0000] {dag.py:4180} INFO - Setting next_dagrun for example_weekday_branch_operator to 2026-08-08 00:00:00+00:00, run_after=2026-08-09 00:00:00+00:00
[2026-08-09T14:12:02.865+0000] {processor.py:208} INFO - Processing /home/airflow/.local/lib/python3.12/site-packages/airflow/example_dags/example_branch_day_of_week_operator.py took 0.086 seconds
[2026-08-09T14:12:34.117+0000] {processor.py:186} INFO - Started process (PID=3387) to work on /home/airflow/.local/lib/python3.12/site-packages/airflow/example_dags/example_branch_day_of_week_operator.py
[2026-08-09T14:12:34.119+0000] {processor.py:914} INFO - Processing file /home/airflow/.local/lib/python3.12/site-packages/airflow/example_dags/example_branch_day_of_week_operator.py for tasks to queue
[2026-08-09T14:12:34.123+0000] {logging_mixin.py:190} INFO - [2026-08-09T14:12:34.122+0000] {dagbag.py:588} INFO - Filling up the DagBag from /home/airflow/.local/lib/python3.12/site-packages/airflow/example_dags/example_branch_day_of_week_operator.py
[2026-08-09T14:12:34.135+0000] {processor.py:925} INFO - DAG(s) 'example_weekday_branch_operator' retrieved from /home/airflow/.local/lib/python3.12/site-packages/airflow/example_dags/example_branch_day_of_week_operator.py
[2026-08-09T14:12:34.159+0000] {logging_mixin.py:190} INFO - [2026-08-09T14:12:34.158+0000] {dag.py:3239} INFO - Sync 1 DAGs
[2026-08-09T14:12:34.186+0000] {logging_mixin.py:190} INFO - [2026-08-09T14:12:34.186+0000] {dag.py:4180} INFO - Setting next_dagrun for example_weekday_branch_operator to 2026-08-08 00:00:00+00:00, run_after=2026-08-09 00:00:00+00:00
[2026-08-09T14:12:34.208+0000] {processor.py:208} INFO - Processing /home/airflow/.local/lib/python3.12/site-packages/airflow/example_dags/example_branch_day_of_week_operator.py took 0.099 seconds
[2026-08-09T14:13:04.392+0000] {processor.py:186} INFO - Started process (PID=3452) to work on /home/airflow/.local/lib/python3.12/site-packages/airflow/example_dags/example_branch_day_of_week_operator.py
[2026-08-09T14:13:04.394+0000] {processor.py:914} INFO - Processing file /home/airflow/.local/lib/python3.12/site-packages/airflow/example_dags/example_branch_day_of_week_operator.py for tasks to queue
[2026-08-09T14:13:04.397+0000] {logging_mixin.py:190} INFO - [2026-08-09T14:13:04.397+0000] {dagbag.py:588} INFO - Filling up the DagBag from /home/airflow/.local/lib/python3.12/site-packages/airflow/example_dags/example_branch_day_of_week_operator.py
[2026-08-09T14:13:04.410+0000] {processor.py:925} INFO - DAG(s) 'example_weekday_branch_operator' retrieved from /home/airflow/.local/lib/python3.12/site-packages/airflow/example_dags/example_branch_day_of_week_operator.py
[2026-08-09T14:13:04.436+0000] {logging_mixin.py:190} INFO - [2026-08-09T14:13:04.436+0000] {dag.py:3239} INFO - Sync 1 DAGs
[2026-08-09T14:13:04.468+0000] {logging_mixin.py:190} INFO - [2026-08-09T14:13:04.468+0000] {dag.py:4180} INFO - Setting next_dagrun for example_weekday_branch_operator to 2026-08-08 00:00:00+00:00, run_after=2026-08-09 00:00:00+00:00
[2026-08-09T14:13:04.495+0000] {processor.py:208} INFO - Processing /home/airflow/.local/lib/python3.12/site-packages/airflow/example_dags/example_branch_day_of_week_operator.py took 0.113 seconds
[2026-08-09T14:13:35.144+0000] {processor.py:186} INFO - Started process (PID=3517) to work on /home/airflow/.local/lib/python3.12/site-packages/airflow/example_dags/example_branch_day_of_week_operator.py
[2026-08-09T14:13:35.146+0000] {processor.py:914} INFO - Processing file /home/airflow/.local/lib/python3.12/site-packages/airflow/example_dags/example_branch_day_of_week_operator.py for tasks to queue
[2026-08-09T14:13:35.149+0000] {logging_mixin.py:190} INFO - [2026-08-09T14:13:35.149+0000] {dagbag.py:588} INFO - Filling up the DagBag from /home/airflow/.local/lib/python3.12/site-packages/airflow/example_dags/example_branch_day_of_week_operator.py
[2026-08-09T14:13:35.164+0000] {processor.py:925} INFO - DAG(s) 'example_weekday_branch_operator' retrieved from /home/airflow/.local/lib/python3.12/site-packages/airflow/example_dags/example_branch_day_of_week_operator.py
[2026-08-09T14:13:35.193+0000] {logging_mixin.py:190} INFO - [2026-08-09T14:13:35.192+0000] {dag.py:3239} INFO - Sync 1 DAGs
[2026-08-09T14:13:35.226+0000] {logging_mixin.py:190} INFO - [2026-08-09T14:13:35.226+0000] {dag.py:4180} INFO - Setting next_dagrun for example_weekday_branch_operator to 2026-08-08 00:00:00+00:00, run_after=2026-08-09 00:00:00+00:00
[2026-08-09T14:13:35.254+0000] {processor.py:208} INFO - Processing /home/airflow/.local/lib/python3.12/site-packages/airflow/example_dags/example_branch_day_of_week_operator.py took 0.118 seconds
[2026-08-09T14:14:05.592+0000] {processor.py:186} INFO - Started process (PID=3582) to work on /home/airflow/.local/lib/python3.12/site-packages/airflow/example_dags/example_branch_day_of_week_operator.py
[2026-08-09T14:14:05.594+0000] {processor.py:914} INFO - Processing file /home/airflow/.local/lib/python3.12/site-packages/airflow/example_dags/example_branch_day_of_week_operator.py for tasks to queue
[2026-08-09T14:14:05.598+0000] {logging_mixin.py:190} INFO - [2026-08-09T14:14:05.597+0000] {dagbag.py:588} INFO - Filling up the DagBag from /home/airflow/.local/lib/python3.12/site-packages/airflow/example_dags/example_branch_day_of_week_operator.py
[2026-08-09T14:14:05.612+0000] {processor.py:925} INFO - DAG(s) 'example_weekday_branch_operator' retrieved from /home/airflow/.local/lib/python3.12/site-packages/airflow/example_dags/example_branch_day_of_week_operator.py
[2026-08-09T14:14:05.635+0000] {logging_mixin.py:190} INFO - [2026-08-09T14:14:05.634+0000] {dag.py:3239} INFO - Sync 1 DAGs
[2026-08-09T14:14:05.663+0000] {logging_mixin.py:190} INFO - [2026-08-09T14:14:05.663+0000] {dag.py:4180} INFO - Setting next_dagrun for example_weekday_branch_operator to 2026-08-08 00:00:00+00:00, run_after=2026-08-09 00:00:00+00:00
[2026-08-09T14:14:05.684+0000] {processor.py:208} INFO - Processing /home/airflow/.local/lib/python3.12/site-packages/airflow/example_dags/example_branch_day_of_week_operator.py took 0.102 seconds
[2026-08-09T14:14:35.931+0000] {processor.py:186} INFO - Started process (PID=3647) to work on /home/airflow/.local/lib/python3.12/site-packages/airflow/example_dags/example_branch_day_of_week_operator.py
[2026-08-09T14:14:35.932+0000] {processor.py:914} INFO - Processing file /home/airflow/.local/lib/python3.12/site-packages/airflow/example_dags/example_branch_day_of_week_operator.py for tasks to queue
[2026-08-09T14:14:35.935+0000] {logging_mixin.py:190} INFO - [2026-08-09T14:14:35.934+0000] {dagbag.py:588} INFO - Filling up the DagBag from /home/airflow/.local/lib/python3.12/site-packages/airflow/example_dags/example_branch_day_of_week_operator.py
[2026-08-09T14:14:35.945+0000] {processor.py:925} INFO - DAG(s) 'example_weekday_branch_operator' retrieved from /home/airflow/.local/lib/python3.12/site-packages/airflow/example_dags/example_branch_day_of_week_operator.py
[2026-08-09T14:14:35.964+0000] {logging_mixin.py:190} INFO - [2026-08-09T14:14:35.964+0000] {dag.py:3239} INFO - Sync 1 DAGs
[2026-08-09T14:14:35.990+0000] {logging_mixin.py:190} INFO - [2026-08-09T14:14:35.990+0000] {dag.py:4180} INFO - Setting next_dagrun for example_weekday_branch_operator to 2026-08-08 00:00:00+00:00, run_after=2026-08-09 00:00:00+00:00
[2026-08-09T14:14:36.010+0000] {processor.py:208} INFO - Processing /home/airflow/.local/lib/python3.12/site-packages/airflow/example_dags/example_branch_day_of_week_operator.py took 0.086 seconds
[2026-08-09T14:15:06.103+0000] {processor.py:186} INFO - Started process (PID=3712) to work on /home/airflow/.local/lib/python3.12/site-packages/airflow/example_dags/example_branch_day_of_week_operator.py
[2026-08-09T14:15:06.104+0000] {processor.py:914} INFO - Processing file /home/airflow/.local/lib/python3.12/site-packages/airflow/example_dags/example_branch_day_of_week_operator.py for tasks to queue
[2026-08-09T14:15:06.106+0000] {logging_mixin.py:190} INFO - [2026-08-09T14:15:06.106+0000] {dagbag.py:588} INFO - Filling up the DagBag from /home/airflow/.local/lib/python3.12/site-packages/airflow/example_dags/example_branch_day_of_week_operator.py
[2026-08-09T14:15:06.117+0000] {processor.py:925} INFO - DAG(s) 'example_weekday_branch_operator' retrieved from /home/airflow/.local/lib/python3.12/site-packages/airflow/example_dags/example_branch_day_of_week_operator.py
[2026-08-09T14:15:06.137+0000] {logging_mixin.py:190} INFO - [2026-08-09T14:15:06.136+0000] {dag.py:3239} INFO - Sync 1 DAGs
[2026-08-09T14:15:06.162+0000] {logging_mixin.py:190} INFO - [2026-08-09T14:15:06.162+0000] {dag.py:4180} INFO - Setting next_dagrun for example_weekday_branch_operator to 2026-08-08 00:00:00+00:00, run_after=2026-08-09 00:00:00+00:00
[2026-08-09T14:15:06.180+0000] {processor.py:208} INFO - Processing /home/airflow/.local/lib/python3.12/site-packages/airflow/example_dags/example_branch_day_of_week_operator.py took 0.083 seconds
[2026-08-09T14:15:36.319+0000] {processor.py:186} INFO - Started process (PID=3783) to work on /home/airflow/.local/lib/python3.12/site-packages/airflow/example_dags/example_branch_day_of_week_operator.py
[2026-08-09T14:15:36.322+0000] {processor.py:914} INFO - Processing file /home/airflow/.local/lib/python3.12/site-packages/airflow/example_dags/example_branch_day_of_week_operator.py for tasks to queue
[2026-08-09T14:15:36.325+0000] {logging_mixin.py:190} INFO - [2026-08-09T14:15:36.325+0000] {dagbag.py:588} INFO - Filling up the DagBag from /home/airflow/.local/lib/python3.12/site-packages/airflow/example_dags/example_branch_day_of_week_operator.py
[2026-08-09T14:15:36.336+0000] {processor.py:925} INFO - DAG(s) 'example_weekday_branch_operator' retrieved from /home/airflow/.local/lib/python3.12/site-packages/airflow/example_dags/example_branch_day_of_week_operator.py
[2026-08-09T14:15:36.364+0000] {logging_mixin.py:190} INFO - [2026-08-09T14:15:36.364+0000] {dag.py:3239} INFO - Sync 1 DAGs
[2026-08-09T14:15:36.393+0000] {logging_mixin.py:190} INFO - [2026-08-09T14:15:36.393+0000] {dag.py:4180} INFO - Setting next_dagrun for example_weekday_branch_operator to 2026-08-08 00:00:00+00:00, run_after=2026-08-09 00:00:00+00:00
[2026-08-09T14:15:36.413+0000] {processor.py:208} INFO - Processing /home/airflow/.local/lib/python3.12/site-packages/airflow/example_dags/example_branch_day_of_week_operator.py took 0.101 seconds
[2026-08-09T14:16:07.035+0000] {processor.py:186} INFO - Started process (PID=3849) to work on /home/airflow/.local/lib/python3.12/site-packages/airflow/example_dags/example_branch_day_of_week_operator.py
[2026-08-09T14:16:07.037+0000] {processor.py:914} INFO - Processing file /home/airflow/.local/lib/python3.12/site-packages/airflow/example_dags/example_branch_day_of_week_operator.py for tasks to queue
[2026-08-09T14:16:07.039+0000] {logging_mixin.py:190} INFO - [2026-08-09T14:16:07.039+0000] {dagbag.py:588} INFO - Filling up the DagBag from /home/airflow/.local/lib/python3.12/site-packages/airflow/example_dags/example_branch_day_of_week_operator.py
[2026-08-09T14:16:07.050+0000] {processor.py:925} INFO - DAG(s) 'example_weekday_branch_operator' retrieved from /home/airflow/.local/lib/python3.12/site-packages/airflow/example_dags/example_branch_day_of_week_operator.py
[2026-08-09T14:16:07.073+0000] {logging_mixin.py:190} INFO - [2026-08-09T14:16:07.073+0000] {dag.py:3239} INFO - Sync 1 DAGs
[2026-08-09T14:16:07.099+0000] {logging_mixin.py:190} INFO - [2026-08-09T14:16:07.099+0000] {dag.py:4180} INFO - Setting next_dagrun for example_weekday_branch_operator to 2026-08-08 00:00:00+00:00, run_after=2026-08-09 00:00:00+00:00
[2026-08-09T14:16:07.120+0000] {processor.py:208} INFO - Processing /home/airflow/.local/lib/python3.12/site-packages/airflow/example_dags/example_branch_day_of_week_operator.py took 0.091 seconds
[2026-08-09T14:16:37.484+0000] {processor.py:186} INFO - Started process (PID=3914) to work on /home/airflow/.local/lib/python3.12/site-packages/airflow/example_dags/example_branch_day_of_week_operator.py
[2026-08-09T14:16:37.485+0000] {processor.py:914} INFO - Processing file /home/airflow/.local/lib/python3.12/site-packages/airflow/example_dags/example_branch_day_of_week_operator.py for tasks to queue
[2026-08-09T14:16:37.489+0000] {logging_mixin.py:190} INFO - [2026-08-09T14:16:37.488+0000] {dagbag.py:588} INFO - Filling up the DagBag from /home/airflow/.local/lib/python3.12/site-packages/airflow/example_dags/example_branch_day_of_week_operator.py
[2026-08-09T14:16:37.501+0000] {processor.py:925} INFO - DAG(s) 'example_weekday_branch_operator' retrieved from /home/airflow/.local/lib/python3.12/site-packages/airflow/example_dags/example_branch_day_of_week_operator.py
[2026-08-09T14:16:37.525+0000] {logging_mixin.py:190} INFO - [2026-08-09T14:16:37.525+0000] {dag.py:3239} INFO - Sync 1 DAGs
[2026-08-09T14:16:37.552+0000] {logging_mixin.py:190} INFO - [2026-08-09T14:16:37.551+0000] {dag.py:4180} INFO - Setting next_dagrun for example_weekday_branch_operator to 2026-08-08 00:00:00+00:00, run_after=2026-08-09 00:00:00+00:00
[2026-08-09T14:16:37.573+0000] {processor.py:208} INFO - Processing /home/airflow/.local/lib/python3.12/site-packages/airflow/example_dags/example_branch_day_of_week_operator.py took 0.095 seconds
[2026-08-09T14:17:07.896+0000] {processor.py:186} INFO - Started process (PID=3979) to work on /home/airflow/.local/lib/python3.12/site-packages/airflow/example_dags/example_branch_day_of_week_operator.py
[2026-08-09T14:17:07.897+0000] {processor.py:914} INFO - Processing file /home/airflow/.local/lib/python3.12/site-packages/airflow/example_dags/example_branch_day_of_week_operator.py for tasks to queue
[2026-08-09T14:17:07.900+0000] {logging_mixin.py:190} INFO - [2026-08-09T14:17:07.900+0000] {dagbag.py:588} INFO - Filling up the DagBag from /home/airflow/.local/lib/python3.12/site-packages/airflow/example_dags/example_branch_day_of_week_operator.py
[2026-08-09T14:17:07.910+0000] {processor.py:925} INFO - DAG(s) 'example_weekday_branch_operator' retrieved from /home/airflow/.local/lib/python3.12/site-packages/airflow/example_dags/example_branch_day_of_week_operator.py
[2026-08-09T14:17:07.932+0000] {logging_mixin.py:190} INFO - [2026-08-09T14:17:07.931+0000] {dag.py:3239} INFO - Sync 1 DAGs
[2026-08-09T14:17:07.958+0000] {logging_mixin.py:190} INFO - [2026-08-09T14:17:07.958+0000] {dag.py:4180} INFO - Setting next_dagrun for example_weekday_branch_operator to 2026-08-08 00:00:00+00:00, run_after=2026-08-09 00:00:00+00:00
[2026-08-09T14:17:07.982+0000] {processor.py:208} INFO - Processing /home/airflow/.local/lib/python3.12/site-packages/airflow/example_dags/example_branch_day_of_week_operator.py took 0.093 seconds
[2026-08-09T14:17:38.464+0000] {processor.py:186} INFO - Started process (PID=4044) to work on /home/airflow/.local/lib/python3.12/site-packages/airflow/example_dags/example_branch_day_of_week_operator.py
[2026-08-09T14:17:38.466+0000] {processor.py:914} INFO - Processing file /home/airflow/.local/lib/python3.12/site-packages/airflow/example_dags/example_branch_day_of_week_operator.py for tasks to queue
[2026-08-09T14:17:38.469+0000] {logging_mixin.py:190} INFO - [2026-08-09T14:17:38.469+0000] {dagbag.py:588} INFO - Filling up the DagBag from /home/airflow/.local/lib/python3.12/site-packages/airflow/example_dags/example_branch_day_of_week_operator.py
[2026-08-09T14:17:38.482+0000] {processor.py:925} INFO - DAG(s) 'example_weekday_branch_operator' retrieved from /home/airflow/.local/lib/python3.12/site-packages/airflow/example_dags/example_branch_day_of_week_operator.py
[2026-08-09T14:17:38.505+0000] {logging_mixin.py:190} INFO - [2026-08-09T14:17:38.505+0000] {dag.py:3239} INFO - Sync 1 DAGs
[2026-08-09T14:17:38.541+0000] {logging_mixin.py:190} INFO - [2026-08-09T14:17:38.541+0000] {dag.py:4180} INFO - Setting next_dagrun for example_weekday_branch_operator to 2026-08-08 00:00:00+00:00, run_after=2026-08-09 00:00:00+00:00
[2026-08-09T14:17:38.569+0000] {processor.py:208} INFO - Processing /home/airflow/.local/lib/python3.12/site-packages/airflow/example_dags/example_branch_day_of_week_operator.py took 0.112 seconds
[2026-08-09T14:18:09.165+0000] {processor.py:186} INFO - Started process (PID=4109) to work on /home/airflow/.local/lib/python3.12/site-packages/airflow/example_dags/example_branch_day_of_week_operator.py
[2026-08-09T14:18:09.166+0000] {processor.py:914} INFO - Processing file /home/airflow/.local/lib/python3.12/site-packages/airflow/example_dags/example_branch_day_of_week_operator.py for tasks to queue
[2026-08-09T14:18:09.169+0000] {logging_mixin.py:190} INFO - [2026-08-09T14:18:09.169+0000] {dagbag.py:588} INFO - Filling up the DagBag from /home/airflow/.local/lib/python3.12/site-packages/airflow/example_dags/example_branch_day_of_week_operator.py
[2026-08-09T14:18:09.179+0000] {processor.py:925} INFO - DAG(s) 'example_weekday_branch_operator' retrieved from /home/airflow/.local/lib/python3.12/site-packages/airflow/example_dags/example_branch_day_of_week_operator.py
[2026-08-09T14:18:09.202+0000] {logging_mixin.py:190} INFO - [2026-08-09T14:18:09.202+0000] {dag.py:3239} INFO - Sync 1 DAGs
[2026-08-09T14:18:09.234+0000] {logging_mixin.py:190} INFO - [2026-08-09T14:18:09.234+0000] {dag.py:4180} INFO - Setting next_dagrun for example_weekday_branch_operator to 2026-08-08 00:00:00+00:00, run_after=2026-08-09 00:00:00+00:00
[2026-08-09T14:18:09.261+0000] {processor.py:208} INFO - Processing /home/airflow/.local/lib/python3.12/site-packages/airflow/example_dags/example_branch_day_of_week_operator.py took 0.103 seconds
[2026-08-09T14:18:39.408+0000] {processor.py:186} INFO - Started process (PID=4174) to work on /home/airflow/.local/lib/python3.12/site-packages/airflow/example_dags/example_branch_day_of_week_operator.py
[2026-08-09T14:18:39.409+0000] {processor.py:914} INFO - Processing file /home/airflow/.local/lib/python3.12/site-packages/airflow/example_dags/example_branch_day_of_week_operator.py for tasks to queue
[2026-08-09T14:18:39.412+0000] {logging_mixin.py:190} INFO - [2026-08-09T14:18:39.411+0000] {dagbag.py:588} INFO - Filling up the DagBag from /home/airflow/.local/lib/python3.12/site-packages/airflow/example_dags/example_branch_day_of_week_operator.py
[2026-08-09T14:18:39.423+0000] {processor.py:925} INFO - DAG(s) 'example_weekday_branch_operator' retrieved from /home/airflow/.local/lib/python3.12/site-packages/airflow/example_dags/example_branch_day_of_week_operator.py
[2026-08-09T14:18:39.444+0000] {logging_mixin.py:190} INFO - [2026-08-09T14:18:39.444+0000] {dag.py:3239} INFO - Sync 1 DAGs
[2026-08-09T14:18:39.470+0000] {logging_mixin.py:190} INFO - [2026-08-09T14:18:39.469+0000] {dag.py:4180} INFO - Setting next_dagrun for example_weekday_branch_operator to 2026-08-08 00:00:00+00:00, run_after=2026-08-09 00:00:00+00:00
[2026-08-09T14:18:39.491+0000] {processor.py:208} INFO - Processing /home/airflow/.local/lib/python3.12/site-packages/airflow/example_dags/example_branch_day_of_week_operator.py took 0.090 seconds
[2026-08-09T14:19:10.193+0000] {processor.py:186} INFO - Started process (PID=4240) to work on /home/airflow/.local/lib/python3.12/site-packages/airflow/example_dags/example_branch_day_of_week_operator.py
[2026-08-09T14:19:10.194+0000] {processor.py:914} INFO - Processing file /home/airflow/.local/lib/python3.12/site-packages/airflow/example_dags/example_branch_day_of_week_operator.py for tasks to queue
[2026-08-09T14:19:10.197+0000] {logging_mixin.py:190} INFO - [2026-08-09T14:19:10.197+0000] {dagbag.py:588} INFO - Filling up the DagBag from /home/airflow/.local/lib/python3.12/site-packages/airflow/example_dags/example_branch_day_of_week_operator.py
[2026-08-09T14:19:10.209+0000] {processor.py:925} INFO - DAG(s) 'example_weekday_branch_operator' retrieved from /home/airflow/.local/lib/python3.12/site-packages/airflow/example_dags/example_branch_day_of_week_operator.py
[2026-08-09T14:19:10.235+0000] {logging_mixin.py:190} INFO - [2026-08-09T14:19:10.235+0000] {dag.py:3239} INFO - Sync 1 DAGs
[2026-08-09T14:19:10.266+0000] {logging_mixin.py:190} INFO - [2026-08-09T14:19:10.266+0000] {dag.py:4180} INFO - Setting next_dagrun for example_weekday_branch_operator to 2026-08-08 00:00:00+00:00, run_after=2026-08-09 00:00:00+00:00
[2026-08-09T14:19:10.291+0000] {processor.py:208} INFO - Processing /home/airflow/.local/lib/python3.12/site-packages/airflow/example_dags/example_branch_day_of_week_operator.py took 0.106 seconds
[2026-08-09T14:19:40.643+0000] {processor.py:186} INFO - Started process (PID=4305) to work on /home/airflow/.local/lib/python3.12/site-packages/airflow/example_dags/example_branch_day_of_week_operator.py
[2026-08-09T14:19:40.644+0000] {processor.py:914} INFO - Processing file /home/airflow/.local/lib/python3.12/site-packages/airflow/example_dags/example_branch_day_of_week_operator.py for tasks to queue
[2026-08-09T14:19:40.647+0000] {logging_mixin.py:190} INFO - [2026-08-09T14:19:40.647+0000] {dagbag.py:588} INFO - Filling up the DagBag from /home/airflow/.local/lib/python3.12/site-packages/airflow/example_dags/example_branch_day_of_week_operator.py
[2026-08-09T14:19:40.658+0000] {processor.py:925} INFO - DAG(s) 'example_weekday_branch_operator' retrieved from /home/airflow/.local/lib/python3.12/site-packages/airflow/example_dags/example_branch_day_of_week_operator.py
[2026-08-09T14:19:40.681+0000] {logging_mixin.py:190} INFO - [2026-08-09T14:19:40.681+0000] {dag.py:3239} INFO - Sync 1 DAGs
[2026-08-09T14:19:40.709+0000] {logging_mixin.py:190} INFO - [2026-08-09T14:19:40.709+0000] {dag.py:4180} INFO - Setting next_dagrun for example_weekday_branch_operator to 2026-08-08 00:00:00+00:00, run_after=2026-08-09 00:00:00+00:00
[2026-08-09T14:19:40.731+0000] {processor.py:208} INFO - Processing /home/airflow/.local/lib/python3.12/site-packages/airflow/example_dags/example_branch_day_of_week_operator.py took 0.094 seconds
[2026-08-09T14:20:11.071+0000] {processor.py:186} INFO - Started process (PID=4370) to work on /home/airflow/.local/lib/python3.12/site-packages/airflow/example_dags/example_branch_day_of_week_operator.py
[2026-08-09T14:20:11.073+0000] {processor.py:914} INFO - Processing file /home/airflow/.local/lib/python3.12/site-packages/airflow/example_dags/example_branch_day_of_week_operator.py for tasks to queue
[2026-08-09T14:20:11.076+0000] {logging_mixin.py:190} INFO - [2026-08-09T14:20:11.076+0000] {dagbag.py:588} INFO - Filling up the DagBag from /home/airflow/.local/lib/python3.12/site-packages/airflow/example_dags/example_branch_day_of_week_operator.py
[2026-08-09T14:20:11.090+0000] {processor.py:925} INFO - DAG(s) 'example_weekday_branch_operator' retrieved from /home/airflow/.local/lib/python3.12/site-packages/airflow/example_dags/example_branch_day_of_week_operator.py
[2026-08-09T14:20:11.114+0000] {logging_mixin.py:190} INFO - [2026-08-09T14:20:11.114+0000] {dag.py:3239} INFO - Sync 1 DAGs
[2026-08-09T14:20:11.146+0000] {logging_mixin.py:190} INFO - [2026-08-09T14:20:11.145+0000] {dag.py:4180} INFO - Setting next_dagrun for example_weekday_branch_operator to 2026-08-08 00:00:00+00:00, run_after=2026-08-09 00:00:00+00:00
[2026-08-09T14:20:11.168+0000] {processor.py:208} INFO - Processing /home/airflow/.local/lib/python3.12/site-packages/airflow/example_dags/example_branch_day_of_week_operator.py took 0.105 seconds
[2026-08-09T14:20:41.281+0000] {processor.py:186} INFO - Started process (PID=4435) to work on /home/airflow/.local/lib/python3.12/site-packages/airflow/example_dags/example_branch_day_of_week_operator.py
[2026-08-09T14:20:41.283+0000] {processor.py:914} INFO - Processing file /home/airflow/.local/lib/python3.12/site-packages/airflow/example_dags/example_branch_day_of_week_operator.py for tasks to queue
[2026-08-09T14:20:41.287+0000] {logging_mixin.py:190} INFO - [2026-08-09T14:20:41.287+0000] {dagbag.py:588} INFO - Filling up the DagBag from /home/airflow/.local/lib/python3.12/site-packages/airflow/example_dags/example_branch_day_of_week_operator.py
[2026-08-09T14:20:41.305+0000] {processor.py:925} INFO - DAG(s) 'example_weekday_branch_operator' retrieved from /home/airflow/.local/lib/python3.12/site-packages/airflow/example_dags/example_branch_day_of_week_operator.py
[2026-08-09T14:20:41.340+0000] {logging_mixin.py:190} INFO - [2026-08-09T14:20:41.340+0000] {dag.py:3239} INFO - Sync 1 DAGs
[2026-08-09T14:20:41.418+0000] {logging_mixin.py:190} INFO - [2026-08-09T14:20:41.418+0000] {dag.py:4180} INFO - Setting next_dagrun for example_weekday_branch_operator to 2026-08-08 00:00:00+00:00, run_after=2026-08-09 00:00:00+00:00
[2026-08-09T14:20:41.443+0000] {processor.py:208} INFO - Processing /home/airflow/.local/lib/python3.12/site-packages/airflow/example_dags/example_branch_day_of_week_operator.py took 0.170 seconds
[2026-08-09T14:21:11.683+0000] {processor.py:186} INFO - Started process (PID=4500) to work on /home/airflow/.local/lib/python3.12/site-packages/airflow/example_dags/example_branch_day_of_week_operator.py
[2026-08-09T14:21:11.685+0000] {processor.py:914} INFO - Processing file /home/airflow/.local/lib/python3.12/site-packages/airflow/example_dags/example_branch_day_of_week_operator.py for tasks to queue
[2026-08-09T14:21:11.688+0000] {logging_mixin.py:190} INFO - [2026-08-09T14:21:11.688+0000] {dagbag.py:588} INFO - Filling up the DagBag from /home/airflow/.local/lib/python3.12/site-packages/airflow/example_dags/example_branch_day_of_week_operator.py
[2026-08-09T14:21:11.701+0000] {processor.py:925} INFO - DAG(s) 'example_weekday_branch_operator' retrieved from /home/airflow/.local/lib/python3.12/site-packages/airflow/example_dags/example_branch_day_of_week_operator.py
[2026-08-09T14:21:11.723+0000] {logging_mixin.py:190} INFO - [2026-08-09T14:21:11.723+0000] {dag.py:3239} INFO - Sync 1 DAGs
[2026-08-09T14:21:11.750+0000] {logging_mixin.py:190} INFO - [2026-08-09T14:21:11.750+0000] {dag.py:4180} INFO - Setting next_dagrun for example_weekday_branch_operator to 2026-08-08 00:00:00+00:00, run_after=2026-08-09 00:00:00+00:00
[2026-08-09T14:21:11.772+0000] {processor.py:208} INFO - Processing /home/airflow/.local/lib/python3.12/site-packages/airflow/example_dags/example_branch_day_of_week_operator.py took 0.094 seconds
[2026-08-09T14:21:42.224+0000] {processor.py:186} INFO - Started process (PID=4565) to work on /home/airflow/.local/lib/python3.12/site-packages/airflow/example_dags/example_branch_day_of_week_operator.py
[2026-08-09T14:21:42.225+0000] {processor.py:914} INFO - Processing file /home/airflow/.local/lib/python3.12/site-packages/airflow/example_dags/example_branch_day_of_week_operator.py for tasks to queue
[2026-08-09T14:21:42.228+0000] {logging_mixin.py:190} INFO - [2026-08-09T14:21:42.227+0000] {dagbag.py:588} INFO - Filling up the DagBag from /home/airflow/.local/lib/python3.12/site-packages/airflow/example_dags/example_branch_day_of_week_operator.py
[2026-08-09T14:21:42.238+0000] {processor.py:925} INFO - DAG(s) 'example_weekday_branch_operator' retrieved from /home/airflow/.local/lib/python3.12/site-packages/airflow/example_dags/example_branch_day_of_week_operator.py
[2026-08-09T14:21:42.258+0000] {logging_mixin.py:190} INFO - [2026-08-09T14:21:42.258+0000] {dag.py:3239} INFO - Sync 1 DAGs
[2026-08-09T14:21:42.284+0000] {logging_mixin.py:190} INFO - [2026-08-09T14:21:42.284+0000] {dag.py:4180} INFO - Setting next_dagrun for example_weekday_branch_operator to 2026-08-08 00:00:00+00:00, run_after=2026-08-09 00:00:00+00:00
[2026-08-09T14:21:42.308+0000] {processor.py:208} INFO - Processing /home/airflow/.local/lib/python3.12/site-packages/airflow/example_dags/example_branch_day_of_week_operator.py took 0.090 seconds
[2026-08-09T14:22:12.377+0000] {processor.py:186} INFO - Started process (PID=4630) to work on /home/airflow/.local/lib/python3.12/site-packages/airflow/example_dags/example_branch_day_of_week_operator.py
[2026-08-09T14:22:12.379+0000] {processor.py:914} INFO - Processing file /home/airflow/.local/lib/python3.12/site-packages/airflow/example_dags/example_branch_day_of_week_operator.py for tasks to queue
[2026-08-09T14:22:12.383+0000] {logging_mixin.py:190} INFO - [2026-08-09T14:22:12.382+0000] {dagbag.py:588} INFO - Filling up the DagBag from /home/airflow/.local/lib/python3.12/site-packages/airflow/example_dags/example_branch_day_of_week_operator.py
[2026-08-09T14:22:12.396+0000] {processor.py:925} INFO - DAG(s) 'example_weekday_branch_operator' retrieved from /home/airflow/.local/lib/python3.12/site-packages/airflow/example_dags/example_branch_day_of_week_operator.py
[2026-08-09T14:22:12.423+0000] {logging_mixin.py:190} INFO - [2026-08-09T14:22:12.423+0000] {dag.py:3239} INFO - Sync 1 DAGs
[2026-08-09T14:22:12.455+0000] {logging_mixin.py:190} INFO - [2026-08-09T14:22:12.455+0000] {dag.py:4180} INFO - Setting next_dagrun for example_weekday_branch_operator to 2026-08-08 00:00:00+00:00, run_after=2026-08-09 00:00:00+00:00
[2026-08-09T14:22:12.481+0000] {processor.py:208} INFO - Processing /home/airflow/.local/lib/python3.12/site-packages/airflow/example_dags/example_branch_day_of_week_operator.py took 0.111 seconds
[2026-08-09T14:22:42.738+0000] {processor.py:186} INFO - Started process (PID=4695) to work on /home/airflow/.local/lib/python3.12/site-packages/airflow/example_dags/example_branch_day_of_week_operator.py
[2026-08-09T14:22:42.740+0000] {processor.py:914} INFO - Processing file /home/airflow/.local/lib/python3.12/site-packages/airflow/example_dags/example_branch_day_of_week_operator.py for tasks to queue
[2026-08-09T14:22:42.743+0000] {logging_mixin.py:190} INFO - [2026-08-09T14:22:42.742+0000] {dagbag.py:588} INFO - Filling up the DagBag from /home/airflow/.local/lib/python3.12/site-packages/airflow/example_dags/example_branch_day_of_week_operator.py
[2026-08-09T14:22:42.754+0000] {processor.py:925} INFO - DAG(s) 'example_weekday_branch_operator' retrieved from /home/airflow/.local/lib/python3.12/site-packages/airflow/example_dags/example_branch_day_of_week_operator.py
[2026-08-09T14:22:42.775+0000] {logging_mixin.py:190} INFO - [2026-08-09T14:22:42.774+0000] {dag.py:3239} INFO - Sync 1 DAGs
[2026-08-09T14:22:42.802+0000] {logging_mixin.py:190} INFO - [2026-08-09T14:22:42.802+0000] {dag.py:4180} INFO - Setting next_dagrun for example_weekday_branch_operator to 2026-08-08 00:00:00+00:00, run_after=2026-08-09 00:00:00+00:00
[2026-08-09T14:22:42.826+0000] {processor.py:208} INFO - Processing /home/airflow/.local/lib/python3.12/site-packages/airflow/example_dags/example_branch_day_of_week_operator.py took 0.094 seconds
[2026-08-09T14:23:13.057+0000] {processor.py:186} INFO - Started process (PID=4760) to work on /home/airflow/.local/lib/python3.12/site-packages/airflow/example_dags/example_branch_day_of_week_operator.py
[2026-08-09T14:23:13.058+0000] {processor.py:914} INFO - Processing file /home/airflow/.local/lib/python3.12/site-packages/airflow/example_dags/example_branch_day_of_week_operator.py for tasks to queue
[2026-08-09T14:23:13.061+0000] {logging_mixin.py:190} INFO - [2026-08-09T14:23:13.060+0000] {dagbag.py:588} INFO - Filling up the DagBag from /home/airflow/.local/lib/python3.12/site-packages/airflow/example_dags/example_branch_day_of_week_operator.py
[2026-08-09T14:23:13.070+0000] {processor.py:925} INFO - DAG(s) 'example_weekday_branch_operator' retrieved from /home/airflow/.local/lib/python3.12/site-packages/airflow/example_dags/example_branch_day_of_week_operator.py
[2026-08-09T14:23:13.090+0000] {logging_mixin.py:190} INFO - [2026-08-09T14:23:13.090+0000] {dag.py:3239} INFO - Sync 1 DAGs
[2026-08-09T14:23:13.116+0000] {logging_mixin.py:190} INFO - [2026-08-09T14:23:13.116+0000] {dag.py:4180} INFO - Setting next_dagrun for example_weekday_branch_operator to 2026-08-08 00:00:00+00:00, run_after=2026-08-09 00:00:00+00:00
[2026-08-09T14:23:13.136+0000] {processor.py:208} INFO - Processing /home/airflow/.local/lib/python3.12/site-packages/airflow/example_dags/example_branch_day_of_week_operator.py took 0.085 seconds
[2026-08-09T14:23:43.331+0000] {processor.py:186} INFO - Started process (PID=4825) to work on /home/airflow/.local/lib/python3.12/site-packages/airflow/example_dags/example_branch_day_of_week_operator.py
[2026-08-09T14:23:43.333+0000] {processor.py:914} INFO - Processing file /home/airflow/.local/lib/python3.12/site-packages/airflow/example_dags/example_branch_day_of_week_operator.py for tasks to queue
[2026-08-09T14:23:43.337+0000] {logging_mixin.py:190} INFO - [2026-08-09T14:23:43.336+0000] {dagbag.py:588} INFO - Filling up the DagBag from /home/airflow/.local/lib/python3.12/site-packages/airflow/example_dags/example_branch_day_of_week_operator.py
[2026-08-09T14:23:43.350+0000] {processor.py:925} INFO - DAG(s) 'example_weekday_branch_operator' retrieved from /home/airflow/.local/lib/python3.12/site-packages/airflow/example_dags/example_branch_day_of_week_operator.py
[2026-08-09T14:23:43.376+0000] {logging_mixin.py:190} INFO - [2026-08-09T14:23:43.376+0000] {dag.py:3239} INFO - Sync 1 DAGs
[2026-08-09T14:23:43.405+0000] {logging_mixin.py:190} INFO - [2026-08-09T14:23:43.405+0000] {dag.py:4180} INFO - Setting next_dagrun for example_weekday_branch_operator to 2026-08-08 00:00:00+00:00, run_after=2026-08-09 00:00:00+00:00
[2026-08-09T14:23:43.427+0000] {processor.py:208} INFO - Processing /home/airflow/.local/lib/python3.12/site-packages/airflow/example_dags/example_branch_day_of_week_operator.py took 0.103 seconds
[2026-08-09T14:24:14.154+0000] {processor.py:186} INFO - Started process (PID=4890) to work on /home/airflow/.local/lib/python3.12/site-packages/airflow/example_dags/example_branch_day_of_week_operator.py
[2026-08-09T14:24:14.155+0000] {processor.py:914} INFO - Processing file /home/airflow/.local/lib/python3.12/site-packages/airflow/example_dags/example_branch_day_of_week_operator.py for tasks to queue
[2026-08-09T14:24:14.158+0000] {logging_mixin.py:190} INFO - [2026-08-09T14:24:14.158+0000] {dagbag.py:588} INFO - Filling up the DagBag from /home/airflow/.local/lib/python3.12/site-packages/airflow/example_dags/example_branch_day_of_week_operator.py
[2026-08-09T14:24:14.168+0000] {processor.py:925} INFO - DAG(s) 'example_weekday_branch_operator' retrieved from /home/airflow/.local/lib/python3.12/site-packages/airflow/example_dags/example_branch_day_of_week_operator.py
[2026-08-09T14:24:14.188+0000] {logging_mixin.py:190} INFO - [2026-08-09T14:24:14.188+0000] {dag.py:3239} INFO - Sync 1 DAGs
[2026-08-09T14:24:14.214+0000] {logging_mixin.py:190} INFO - [2026-08-09T14:24:14.214+0000] {dag.py:4180} INFO - Setting next_dagrun for example_weekday_branch_operator to 2026-08-08 00:00:00+00:00, run_after=2026-08-09 00:00:00+00:00
[2026-08-09T14:24:14.234+0000] {processor.py:208} INFO - Processing /home/airflow/.local/lib/python3.12/site-packages/airflow/example_dags/example_branch_day_of_week_operator.py took 0.087 seconds
[2026-08-09T14:24:45.231+0000] {processor.py:186} INFO - Started process (PID=4955) to work on /home/airflow/.local/lib/python3.12/site-packages/airflow/example_dags/example_branch_day_of_week_operator.py
[2026-08-09T14:24:45.233+0000] {processor.py:914} INFO - Processing file /home/airflow/.local/lib/python3.12/site-packages/airflow/example_dags/example_branch_day_of_week_operator.py for tasks to queue
[2026-08-09T14:24:45.236+0000] {logging_mixin.py:190} INFO - [2026-08-09T14:24:45.235+0000] {dagbag.py:588} INFO - Filling up the DagBag from /home/airflow/.local/lib/python3.12/site-packages/airflow/example_dags/example_branch_day_of_week_operator.py
[2026-08-09T14:24:45.247+0000] {processor.py:925} INFO - DAG(s) 'example_weekday_branch_operator' retrieved from /home/airflow/.local/lib/python3.12/site-packages/airflow/example_dags/example_branch_day_of_week_operator.py
[2026-08-09T14:24:45.267+0000] {logging_mixin.py:190} INFO - [2026-08-09T14:24:45.267+0000] {dag.py:3239} INFO - Sync 1 DAGs
[2026-08-09T14:24:45.296+0000] {logging_mixin.py:190} INFO - [2026-08-09T14:24:45.296+0000] {dag.py:4180} INFO - Setting next_dagrun for example_weekday_branch_operator to 2026-08-08 00:00:00+00:00, run_after=2026-08-09 00:00:00+00:00
[2026-08-09T14:24:45.320+0000] {processor.py:208} INFO - Processing /home/airflow/.local/lib/python3.12/site-packages/airflow/example_dags/example_branch_day_of_week_operator.py took 0.095 seconds
[2026-08-09T14:25:16.002+0000] {processor.py:186} INFO - Started process (PID=5020) to work on /home/airflow/.local/lib/python3.12/site-packages/airflow/example_dags/example_branch_day_of_week_operator.py
[2026-08-09T14:25:16.003+0000] {processor.py:914} INFO - Processing file /home/airflow/.local/lib/python3.12/site-packages/airflow/example_dags/example_branch_day_of_week_operator.py for tasks to queue
[2026-08-09T14:25:16.006+0000] {logging_mixin.py:190} INFO - [2026-08-09T14:25:16.006+0000] {dagbag.py:588} INFO - Filling up the DagBag from /home/airflow/.local/lib/python3.12/site-packages/airflow/example_dags/example_branch_day_of_week_operator.py
[2026-08-09T14:25:16.017+0000] {processor.py:925} INFO - DAG(s) 'example_weekday_branch_operator' retrieved from /home/airflow/.local/lib/python3.12/site-packages/airflow/example_dags/example_branch_day_of_week_operator.py
[2026-08-09T14:25:16.042+0000] {logging_mixin.py:190} INFO - [2026-08-09T14:25:16.042+0000] {dag.py:3239} INFO - Sync 1 DAGs
[2026-08-09T14:25:16.073+0000] {logging_mixin.py:190} INFO - [2026-08-09T14:25:16.073+0000] {dag.py:4180} INFO - Setting next_dagrun for example_weekday_branch_operator to 2026-08-08 00:00:00+00:00, run_after=2026-08-09 00:00:00+00:00
[2026-08-09T14:25:16.094+0000] {processor.py:208} INFO - Processing /home/airflow/.local/lib/python3.12/site-packages/airflow/example_dags/example_branch_day_of_week_operator.py took 0.098 seconds
[2026-08-09T14:25:46.883+0000] {processor.py:186} INFO - Started process (PID=5085) to work on /home/airflow/.local/lib/python3.12/site-packages/airflow/example_dags/example_branch_day_of_week_operator.py
[2026-08-09T14:25:46.884+0000] {processor.py:914} INFO - Processing file /home/airflow/.local/lib/python3.12/site-packages/airflow/example_dags/example_branch_day_of_week_operator.py for tasks to queue
[2026-08-09T14:25:46.888+0000] {logging_mixin.py:190} INFO - [2026-08-09T14:25:46.887+0000] {dagbag.py:588} INFO - Filling up the DagBag from /home/airflow/.local/lib/python3.12/site-packages/airflow/example_dags/example_branch_day_of_week_operator.py
[2026-08-09T14:25:46.901+0000] {processor.py:925} INFO - DAG(s) 'example_weekday_branch_operator' retrieved from /home/airflow/.local/lib/python3.12/site-packages/airflow/example_dags/example_branch_day_of_week_operator.py
[2026-08-09T14:25:46.925+0000] {logging_mixin.py:190} INFO - [2026-08-09T14:25:46.924+0000] {dag.py:3239} INFO - Sync 1 DAGs
[2026-08-09T14:25:46.953+0000] {logging_mixin.py:190} INFO - [2026-08-09T14:25:46.953+0000] {dag.py:4180} INFO - Setting next_dagrun for example_weekday_branch_operator to 2026-08-08 00:00:00+00:00, run_after=2026-08-09 00:00:00+00:00
[2026-08-09T14:25:46.975+0000] {processor.py:208} INFO - Processing /home/airflow/.local/lib/python3.12/site-packages/airflow/example_dags/example_branch_day_of_week_operator.py took 0.101 seconds
[2026-08-09T14:26:17.332+0000] {processor.py:186} INFO - Started process (PID=5150) to work on /home/airflow/.local/lib/python3.12/site-packages/airflow/example_dags/example_branch_day_of_week_operator.py
[2026-08-09T14:26:17.334+0000] {processor.py:914} INFO - Processing file /home/airflow/.local/lib/python3.12/site-packages/airflow/example_dags/example_branch_day_of_week_operator.py for tasks to queue
[2026-08-09T14:26:17.337+0000] {logging_mixin.py:190} INFO - [2026-08-09T14:26:17.336+0000] {dagbag.py:588} INFO - Filling up the DagBag from /home/airflow/.local/lib/python3.12/site-packages/airflow/example_dags/example_branch_day_of_week_operator.py
[2026-08-09T14:26:17.349+0000] {processor.py:925} INFO - DAG(s) 'example_weekday_branch_operator' retrieved from /home/airflow/.local/lib/python3.12/site-packages/airflow/example_dags/example_branch_day_of_week_operator.py
[2026-08-09T14:26:17.371+0000] {logging_mixin.py:190} INFO - [2026-08-09T14:26:17.371+0000] {dag.py:3239} INFO - Sync 1 DAGs
[2026-08-09T14:26:17.400+0000] {logging_mixin.py:190} INFO - [2026-08-09T14:26:17.399+0000] {dag.py:4180} INFO - Setting next_dagrun for example_weekday_branch_operator to 2026-08-08 00:00:00+00:00, run_after=2026-08-09 00:00:00+00:00
[2026-08-09T14:26:17.422+0000] {processor.py:208} INFO - Processing /home/airflow/.local/lib/python3.12/site-packages/airflow/example_dags/example_branch_day_of_week_operator.py took 0.095 seconds
[2026-08-09T14:26:47.510+0000] {processor.py:186} INFO - Started process (PID=5215) to work on /home/airflow/.local/lib/python3.12/site-packages/airflow/example_dags/example_branch_day_of_week_operator.py
[2026-08-09T14:26:47.511+0000] {processor.py:914} INFO - Processing file /home/airflow/.local/lib/python3.12/site-packages/airflow/example_dags/example_branch_day_of_week_operator.py for tasks to queue
[2026-08-09T14:26:47.514+0000] {logging_mixin.py:190} INFO - [2026-08-09T14:26:47.514+0000] {dagbag.py:588} INFO - Filling up the DagBag from /home/airflow/.local/lib/python3.12/site-packages/airflow/example_dags/example_branch_day_of_week_operator.py
[2026-08-09T14:26:47.526+0000] {processor.py:925} INFO - DAG(s) 'example_weekday_branch_operator' retrieved from /home/airflow/.local/lib/python3.12/site-packages/airflow/example_dags/example_branch_day_of_week_operator.py
[2026-08-09T14:26:47.551+0000] {logging_mixin.py:190} INFO - [2026-08-09T14:26:47.550+0000] {dag.py:3239} INFO - Sync 1 DAGs
[2026-08-09T14:26:47.585+0000] {logging_mixin.py:190} INFO - [2026-08-09T14:26:47.584+0000] {dag.py:4180} INFO - Setting next_dagrun for example_weekday_branch_operator to 2026-08-08 00:00:00+00:00, run_after=2026-08-09 00:00:00+00:00
[2026-08-09T14:26:47.608+0000] {processor.py:208} INFO - Processing /home/airflow/.local/lib/python3.12/site-packages/airflow/example_dags/example_branch_day_of_week_operator.py took 0.105 seconds
[2026-08-09T14:27:17.843+0000] {processor.py:186} INFO - Started process (PID=5280) to work on /home/airflow/.local/lib/python3.12/site-packages/airflow/example_dags/example_branch_day_of_week_operator.py
[2026-08-09T14:27:17.845+0000] {processor.py:914} INFO - Processing file /home/airflow/.local/lib/python3.12/site-packages/airflow/example_dags/example_branch_day_of_week_operator.py for tasks to queue
[2026-08-09T14:27:17.848+0000] {logging_mixin.py:190} INFO - [2026-08-09T14:27:17.847+0000] {dagbag.py:588} INFO - Filling up the DagBag from /home/airflow/.local/lib/python3.12/site-packages/airflow/example_dags/example_branch_day_of_week_operator.py
[2026-08-09T14:27:17.860+0000] {processor.py:925} INFO - DAG(s) 'example_weekday_branch_operator' retrieved from /home/airflow/.local/lib/python3.12/site-packages/airflow/example_dags/example_branch_day_of_week_operator.py
[2026-08-09T14:27:17.884+0000] {logging_mixin.py:190} INFO - [2026-08-09T14:27:17.884+0000] {dag.py:3239} INFO - Sync 1 DAGs
[2026-08-09T14:27:17.914+0000] {logging_mixin.py:190} INFO - [2026-08-09T14:27:17.914+0000] {dag.py:4180} INFO - Setting next_dagrun for example_weekday_branch_operator to 2026-08-08 00:00:00+00:00, run_after=2026-08-09 00:00:00+00:00
[2026-08-09T14:27:17.937+0000] {processor.py:208} INFO - Processing /home/airflow/.local/lib/python3.12/site-packages/airflow/example_dags/example_branch_day_of_week_operator.py took 0.100 seconds
[2026-08-09T14:27:48.713+0000] {processor.py:186} INFO - Started process (PID=5345) to work on /home/airflow/.local/lib/python3.12/site-packages/airflow/example_dags/example_branch_day_of_week_operator.py
[2026-08-09T14:27:48.715+0000] {processor.py:914} INFO - Processing file /home/airflow/.local/lib/python3.12/site-packages/airflow/example_dags/example_branch_day_of_week_operator.py for tasks to queue
[2026-08-09T14:27:48.718+0000] {logging_mixin.py:190} INFO - [2026-08-09T14:27:48.718+0000] {dagbag.py:588} INFO - Filling up the DagBag from /home/airflow/.local/lib/python3.12/site-packages/airflow/example_dags/example_branch_day_of_week_operator.py
[2026-08-09T14:27:48.732+0000] {processor.py:925} INFO - DAG(s) 'example_weekday_branch_operator' retrieved from /home/airflow/.local/lib/python3.12/site-packages/airflow/example_dags/example_branch_day_of_week_operator.py
[2026-08-09T14:27:48.756+0000] {logging_mixin.py:190} INFO - [2026-08-09T14:27:48.756+0000] {dag.py:3239} INFO - Sync 1 DAGs
[2026-08-09T14:27:48.784+0000] {logging_mixin.py:190} INFO - [2026-08-09T14:27:48.783+0000] {dag.py:4180} INFO - Setting next_dagrun for example_weekday_branch_operator to 2026-08-08 00:00:00+00:00, run_after=2026-08-09 00:00:00+00:00
[2026-08-09T14:27:48.807+0000] {processor.py:208} INFO - Processing /home/airflow/.local/lib/python3.12/site-packages/airflow/example_dags/example_branch_day_of_week_operator.py took 0.101 seconds
[2026-08-09T14:28:19.504+0000] {processor.py:186} INFO - Started process (PID=5410) to work on /home/airflow/.local/lib/python3.12/site-packages/airflow/example_dags/example_branch_day_of_week_operator.py
[2026-08-09T14:28:19.505+0000] {processor.py:914} INFO - Processing file /home/airflow/.local/lib/python3.12/site-packages/airflow/example_dags/example_branch_day_of_week_operator.py for tasks to queue
[2026-08-09T14:28:19.509+0000] {logging_mixin.py:190} INFO - [2026-08-09T14:28:19.508+0000] {dagbag.py:588} INFO - Filling up the DagBag from /home/airflow/.local/lib/python3.12/site-packages/airflow/example_dags/example_branch_day_of_week_operator.py
[2026-08-09T14:28:19.521+0000] {processor.py:925} INFO - DAG(s) 'example_weekday_branch_operator' retrieved from /home/airflow/.local/lib/python3.12/site-packages/airflow/example_dags/example_branch_day_of_week_operator.py
[2026-08-09T14:28:19.545+0000] {logging_mixin.py:190} INFO - [2026-08-09T14:28:19.544+0000] {dag.py:3239} INFO - Sync 1 DAGs
[2026-08-09T14:28:19.572+0000] {logging_mixin.py:190} INFO - [2026-08-09T14:28:19.572+0000] {dag.py:4180} INFO - Setting next_dagrun for example_weekday_branch_operator to 2026-08-08 00:00:00+00:00, run_after=2026-08-09 00:00:00+00:00
[2026-08-09T14:28:19.594+0000] {processor.py:208} INFO - Processing /home/airflow/.local/lib/python3.12/site-packages/airflow/example_dags/example_branch_day_of_week_operator.py took 0.096 seconds
[2026-08-09T14:28:50.104+0000] {processor.py:186} INFO - Started process (PID=5475) to work on /home/airflow/.local/lib/python3.12/site-packages/airflow/example_dags/example_branch_day_of_week_operator.py
[2026-08-09T14:28:50.105+0000] {processor.py:914} INFO - Processing file /home/airflow/.local/lib/python3.12/site-packages/airflow/example_dags/example_branch_day_of_week_operator.py for tasks to queue
[2026-08-09T14:28:50.108+0000] {logging_mixin.py:190} INFO - [2026-08-09T14:28:50.108+0000] {dagbag.py:588} INFO - Filling up the DagBag from /home/airflow/.local/lib/python3.12/site-packages/airflow/example_dags/example_branch_day_of_week_operator.py
[2026-08-09T14:28:50.120+0000] {processor.py:925} INFO - DAG(s) 'example_weekday_branch_operator' retrieved from /home/airflow/.local/lib/python3.12/site-packages/airflow/example_dags/example_branch_day_of_week_operator.py
[2026-08-09T14:28:50.143+0000] {logging_mixin.py:190} INFO - [2026-08-09T14:28:50.142+0000] {dag.py:3239} INFO - Sync 1 DAGs
[2026-08-09T14:28:50.169+0000] {logging_mixin.py:190} INFO - [2026-08-09T14:28:50.169+0000] {dag.py:4180} INFO - Setting next_dagrun for example_weekday_branch_operator to 2026-08-08 00:00:00+00:00, run_after=2026-08-09 00:00:00+00:00
[2026-08-09T14:28:50.189+0000] {processor.py:208} INFO - Processing /home/airflow/.local/lib/python3.12/site-packages/airflow/example_dags/example_branch_day_of_week_operator.py took 0.093 seconds
[2026-08-09T14:29:20.276+0000] {processor.py:186} INFO - Started process (PID=5540) to work on /home/airflow/.local/lib/python3.12/site-packages/airflow/example_dags/example_branch_day_of_week_operator.py
[2026-08-09T14:29:20.277+0000] {processor.py:914} INFO - Processing file /home/airflow/.local/lib/python3.12/site-packages/airflow/example_dags/example_branch_day_of_week_operator.py for tasks to queue
[2026-08-09T14:29:20.281+0000] {logging_mixin.py:190} INFO - [2026-08-09T14:29:20.280+0000] {dagbag.py:588} INFO - Filling up the DagBag from /home/airflow/.local/lib/python3.12/site-packages/airflow/example_dags/example_branch_day_of_week_operator.py
[2026-08-09T14:29:20.294+0000] {processor.py:925} INFO - DAG(s) 'example_weekday_branch_operator' retrieved from /home/airflow/.local/lib/python3.12/site-packages/airflow/example_dags/example_branch_day_of_week_operator.py
[2026-08-09T14:29:20.318+0000] {logging_mixin.py:190} INFO - [2026-08-09T14:29:20.318+0000] {dag.py:3239} INFO - Sync 1 DAGs
[2026-08-09T14:29:20.348+0000] {logging_mixin.py:190} INFO - [2026-08-09T14:29:20.348+0000] {dag.py:4180} INFO - Setting next_dagrun for example_weekday_branch_operator to 2026-08-08 00:00:00+00:00, run_after=2026-08-09 00:00:00+00:00
[2026-08-09T14:29:20.372+0000] {processor.py:208} INFO - Processing /home/airflow/.local/lib/python3.12/site-packages/airflow/example_dags/example_branch_day_of_week_operator.py took 0.103 seconds
[2026-08-09T14:29:50.738+0000] {processor.py:186} INFO - Started process (PID=5605) to work on /home/airflow/.local/lib/python3.12/site-packages/airflow/example_dags/example_branch_day_of_week_operator.py
[2026-08-09T14:29:50.739+0000] {processor.py:914} INFO - Processing file /home/airflow/.local/lib/python3.12/site-packages/airflow/example_dags/example_branch_day_of_week_operator.py for tasks to queue
[2026-08-09T14:29:50.743+0000] {logging_mixin.py:190} INFO - [2026-08-09T14:29:50.742+0000] {dagbag.py:588} INFO - Filling up the DagBag from /home/airflow/.local/lib/python3.12/site-packages/airflow/example_dags/example_branch_day_of_week_operator.py
[2026-08-09T14:29:50.756+0000] {processor.py:925} INFO - DAG(s) 'example_weekday_branch_operator' retrieved from /home/airflow/.local/lib/python3.12/site-packages/airflow/example_dags/example_branch_day_of_week_operator.py
[2026-08-09T14:29:50.780+0000] {logging_mixin.py:190} INFO - [2026-08-09T14:29:50.780+0000] {dag.py:3239} INFO - Sync 1 DAGs
[2026-08-09T14:29:50.808+0000] {logging_mixin.py:190} INFO - [2026-08-09T14:29:50.808+0000] {dag.py:4180} INFO - Setting next_dagrun for example_weekday_branch_operator to 2026-08-08 00:00:00+00:00, run_after=2026-08-09 00:00:00+00:00
[2026-08-09T14:29:50.832+0000] {processor.py:208} INFO - Processing /home/airflow/.local/lib/python3.12/site-packages/airflow/example_dags/example_branch_day_of_week_operator.py took 0.101 seconds
[2026-08-09T14:30:21.390+0000] {processor.py:186} INFO - Started process (PID=5670) to work on /home/airflow/.local/lib/python3.12/site-packages/airflow/example_dags/example_branch_day_of_week_operator.py
[2026-08-09T14:30:21.392+0000] {processor.py:914} INFO - Processing file /home/airflow/.local/lib/python3.12/site-packages/airflow/example_dags/example_branch_day_of_week_operator.py for tasks to queue
[2026-08-09T14:30:21.395+0000] {logging_mixin.py:190} INFO - [2026-08-09T14:30:21.394+0000] {dagbag.py:588} INFO - Filling up the DagBag from /home/airflow/.local/lib/python3.12/site-packages/airflow/example_dags/example_branch_day_of_week_operator.py
[2026-08-09T14:30:21.408+0000] {processor.py:925} INFO - DAG(s) 'example_weekday_branch_operator' retrieved from /home/airflow/.local/lib/python3.12/site-packages/airflow/example_dags/example_branch_day_of_week_operator.py
[2026-08-09T14:30:21.432+0000] {logging_mixin.py:190} INFO - [2026-08-09T14:30:21.431+0000] {dag.py:3239} INFO - Sync 1 DAGs
[2026-08-09T14:30:21.458+0000] {logging_mixin.py:190} INFO - [2026-08-09T14:30:21.458+0000] {dag.py:4180} INFO - Setting next_dagrun for example_weekday_branch_operator to 2026-08-08 00:00:00+00:00, run_after=2026-08-09 00:00:00+00:00
[2026-08-09T14:30:21.479+0000] {processor.py:208} INFO - Processing /home/airflow/.local/lib/python3.12/site-packages/airflow/example_dags/example_branch_day_of_week_operator.py took 0.096 seconds
[2026-08-09T14:30:52.645+0000] {processor.py:186} INFO - Started process (PID=5736) to work on /home/airflow/.local/lib/python3.12/site-packages/airflow/example_dags/example_branch_day_of_week_operator.py
[2026-08-09T14:30:52.647+0000] {processor.py:914} INFO - Processing file /home/airflow/.local/lib/python3.12/site-packages/airflow/example_dags/example_branch_day_of_week_operator.py for tasks to queue
[2026-08-09T14:30:52.650+0000] {logging_mixin.py:190} INFO - [2026-08-09T14:30:52.649+0000] {dagbag.py:588} INFO - Filling up the DagBag from /home/airflow/.local/lib/python3.12/site-packages/airflow/example_dags/example_branch_day_of_week_operator.py
[2026-08-09T14:30:52.661+0000] {processor.py:925} INFO - DAG(s) 'example_weekday_branch_operator' retrieved from /home/airflow/.local/lib/python3.12/site-packages/airflow/example_dags/example_branch_day_of_week_operator.py
[2026-08-09T14:30:52.683+0000] {logging_mixin.py:190} INFO - [2026-08-09T14:30:52.683+0000] {dag.py:3239} INFO - Sync 1 DAGs
[2026-08-09T14:30:52.711+0000] {logging_mixin.py:190} INFO - [2026-08-09T14:30:52.711+0000] {dag.py:4180} INFO - Setting next_dagrun for example_weekday_branch_operator to 2026-08-08 00:00:00+00:00, run_after=2026-08-09 00:00:00+00:00
[2026-08-09T14:30:52.733+0000] {processor.py:208} INFO - Processing /home/airflow/.local/lib/python3.12/site-packages/airflow/example_dags/example_branch_day_of_week_operator.py took 0.094 seconds
[2026-08-09T14:31:23.599+0000] {processor.py:186} INFO - Started process (PID=5802) to work on /home/airflow/.local/lib/python3.12/site-packages/airflow/example_dags/example_branch_day_of_week_operator.py
[2026-08-09T14:31:23.601+0000] {processor.py:914} INFO - Processing file /home/airflow/.local/lib/python3.12/site-packages/airflow/example_dags/example_branch_day_of_week_operator.py for tasks to queue
[2026-08-09T14:31:23.605+0000] {logging_mixin.py:190} INFO - [2026-08-09T14:31:23.605+0000] {dagbag.py:588} INFO - Filling up the DagBag from /home/airflow/.local/lib/python3.12/site-packages/airflow/example_dags/example_branch_day_of_week_operator.py
[2026-08-09T14:31:23.619+0000] {processor.py:925} INFO - DAG(s) 'example_weekday_branch_operator' retrieved from /home/airflow/.local/lib/python3.12/site-packages/airflow/example_dags/example_branch_day_of_week_operator.py
[2026-08-09T14:31:23.640+0000] {logging_mixin.py:190} INFO - [2026-08-09T14:31:23.640+0000] {dag.py:3239} INFO - Sync 1 DAGs
[2026-08-09T14:31:23.667+0000] {logging_mixin.py:190} INFO - [2026-08-09T14:31:23.667+0000] {dag.py:4180} INFO - Setting next_dagrun for example_weekday_branch_operator to 2026-08-08 00:00:00+00:00, run_after=2026-08-09 00:00:00+00:00
[2026-08-09T14:31:23.690+0000] {processor.py:208} INFO - Processing /home/airflow/.local/lib/python3.12/site-packages/airflow/example_dags/example_branch_day_of_week_operator.py took 0.098 seconds
[2026-08-09T14:31:54.165+0000] {processor.py:186} INFO - Started process (PID=5867) to work on /home/airflow/.local/lib/python3.12/site-packages/airflow/example_dags/example_branch_day_of_week_operator.py
[2026-08-09T14:31:54.166+0000] {processor.py:914} INFO - Processing file /home/airflow/.local/lib/python3.12/site-packages/airflow/example_dags/example_branch_day_of_week_operator.py for tasks to queue
[2026-08-09T14:31:54.169+0000] {logging_mixin.py:190} INFO - [2026-08-09T14:31:54.169+0000] {dagbag.py:588} INFO - Filling up the DagBag from /home/airflow/.local/lib/python3.12/site-packages/airflow/example_dags/example_branch_day_of_week_operator.py
[2026-08-09T14:31:54.179+0000] {processor.py:925} INFO - DAG(s) 'example_weekday_branch_operator' retrieved from /home/airflow/.local/lib/python3.12/site-packages/airflow/example_dags/example_branch_day_of_week_operator.py
[2026-08-09T14:31:54.199+0000] {logging_mixin.py:190} INFO - [2026-08-09T14:31:54.199+0000] {dag.py:3239} INFO - Sync 1 DAGs
[2026-08-09T14:31:54.226+0000] {logging_mixin.py:190} INFO - [2026-08-09T14:31:54.226+0000] {dag.py:4180} INFO - Setting next_dagrun for example_weekday_branch_operator to 2026-08-08 00:00:00+00:00, run_after=2026-08-09 00:00:00+00:00
[2026-08-09T14:31:54.246+0000] {processor.py:208} INFO - Processing /home/airflow/.local/lib/python3.12/site-packages/airflow/example_dags/example_branch_day_of_week_operator.py took 0.087 seconds
[2026-08-09T14:32:24.915+0000] {processor.py:186} INFO - Started process (PID=5932) to work on /home/airflow/.local/lib/python3.12/site-packages/airflow/example_dags/example_branch_day_of_week_operator.py
[2026-08-09T14:32:24.916+0000] {processor.py:914} INFO - Processing file /home/airflow/.local/lib/python3.12/site-packages/airflow/example_dags/example_branch_day_of_week_operator.py for tasks to queue
[2026-08-09T14:32:24.920+0000] {logging_mixin.py:190} INFO - [2026-08-09T14:32:24.919+0000] {dagbag.py:588} INFO - Filling up the DagBag from /home/airflow/.local/lib/python3.12/site-packages/airflow/example_dags/example_branch_day_of_week_operator.py
[2026-08-09T14:32:24.934+0000] {processor.py:925} INFO - DAG(s) 'example_weekday_branch_operator' retrieved from /home/airflow/.local/lib/python3.12/site-packages/airflow/example_dags/example_branch_day_of_week_operator.py
[2026-08-09T14:32:24.960+0000] {logging_mixin.py:190} INFO - [2026-08-09T14:32:24.959+0000] {dag.py:3239} INFO - Sync 1 DAGs
[2026-08-09T14:32:24.990+0000] {logging_mixin.py:190} INFO - [2026-08-09T14:32:24.990+0000] {dag.py:4180} INFO - Setting next_dagrun for example_weekday_branch_operator to 2026-08-08 00:00:00+00:00, run_after=2026-08-09 00:00:00+00:00
[2026-08-09T14:32:25.016+0000] {processor.py:208} INFO - Processing /home/airflow/.local/lib/python3.12/site-packages/airflow/example_dags/example_branch_day_of_week_operator.py took 0.108 seconds
[2026-08-09T14:32:56.006+0000] {processor.py:186} INFO - Started process (PID=5996) to work on /home/airflow/.local/lib/python3.12/site-packages/airflow/example_dags/example_branch_day_of_week_operator.py
[2026-08-09T14:32:56.008+0000] {processor.py:914} INFO - Processing file /home/airflow/.local/lib/python3.12/site-packages/airflow/example_dags/example_branch_day_of_week_operator.py for tasks to queue
[2026-08-09T14:32:56.012+0000] {logging_mixin.py:190} INFO - [2026-08-09T14:32:56.011+0000] {dagbag.py:588} INFO - Filling up the DagBag from /home/airflow/.local/lib/python3.12/site-packages/airflow/example_dags/example_branch_day_of_week_operator.py
[2026-08-09T14:32:56.026+0000] {processor.py:925} INFO - DAG(s) 'example_weekday_branch_operator' retrieved from /home/airflow/.local/lib/python3.12/site-packages/airflow/example_dags/example_branch_day_of_week_operator.py
[2026-08-09T14:32:56.049+0000] {logging_mixin.py:190} INFO - [2026-08-09T14:32:56.049+0000] {dag.py:3239} INFO - Sync 1 DAGs
[2026-08-09T14:32:56.076+0000] {logging_mixin.py:190} INFO - [2026-08-09T14:32:56.076+0000] {dag.py:4180} INFO - Setting next_dagrun for example_weekday_branch_operator to 2026-08-08 00:00:00+00:00, run_after=2026-08-09 00:00:00+00:00
[2026-08-09T14:32:56.097+0000] {processor.py:208} INFO - Processing /home/airflow/.local/lib/python3.12/site-packages/airflow/example_dags/example_branch_day_of_week_operator.py took 0.097 seconds
[2026-08-09T14:33:26.860+0000] {processor.py:186} INFO - Started process (PID=6061) to work on /home/airflow/.local/lib/python3.12/site-packages/airflow/example_dags/example_branch_day_of_week_operator.py
[2026-08-09T14:33:26.861+0000] {processor.py:914} INFO - Processing file /home/airflow/.local/lib/python3.12/site-packages/airflow/example_dags/example_branch_day_of_week_operator.py for tasks to queue
[2026-08-09T14:33:26.865+0000] {logging_mixin.py:190} INFO - [2026-08-09T14:33:26.865+0000] {dagbag.py:588} INFO - Filling up the DagBag from /home/airflow/.local/lib/python3.12/site-packages/airflow/example_dags/example_branch_day_of_week_operator.py
[2026-08-09T14:33:26.877+0000] {processor.py:925} INFO - DAG(s) 'example_weekday_branch_operator' retrieved from /home/airflow/.local/lib/python3.12/site-packages/airflow/example_dags/example_branch_day_of_week_operator.py
[2026-08-09T14:33:26.898+0000] {logging_mixin.py:190} INFO - [2026-08-09T14:33:26.897+0000] {dag.py:3239} INFO - Sync 1 DAGs
[2026-08-09T14:33:26.925+0000] {logging_mixin.py:190} INFO - [2026-08-09T14:33:26.925+0000] {dag.py:4180} INFO - Setting next_dagrun for example_weekday_branch_operator to 2026-08-08 00:00:00+00:00, run_after=2026-08-09 00:00:00+00:00
[2026-08-09T14:33:26.945+0000] {processor.py:208} INFO - Processing /home/airflow/.local/lib/python3.12/site-packages/airflow/example_dags/example_branch_day_of_week_operator.py took 0.092 seconds
[2026-08-09T14:33:57.011+0000] {processor.py:186} INFO - Started process (PID=6126) to work on /home/airflow/.local/lib/python3.12/site-packages/airflow/example_dags/example_branch_day_of_week_operator.py
[2026-08-09T14:33:57.012+0000] {processor.py:914} INFO - Processing file /home/airflow/.local/lib/python3.12/site-packages/airflow/example_dags/example_branch_day_of_week_operator.py for tasks to queue
[2026-08-09T14:33:57.016+0000] {logging_mixin.py:190} INFO - [2026-08-09T14:33:57.015+0000] {dagbag.py:588} INFO - Filling up the DagBag from /home/airflow/.local/lib/python3.12/site-packages/airflow/example_dags/example_branch_day_of_week_operator.py
[2026-08-09T14:33:57.030+0000] {processor.py:925} INFO - DAG(s) 'example_weekday_branch_operator' retrieved from /home/airflow/.local/lib/python3.12/site-packages/airflow/example_dags/example_branch_day_of_week_operator.py
[2026-08-09T14:33:57.055+0000] {logging_mixin.py:190} INFO - [2026-08-09T14:33:57.055+0000] {dag.py:3239} INFO - Sync 1 DAGs
[2026-08-09T14:33:57.080+0000] {logging_mixin.py:190} INFO - [2026-08-09T14:33:57.080+0000] {dag.py:4180} INFO - Setting next_dagrun for example_weekday_branch_operator to 2026-08-08 00:00:00+00:00, run_after=2026-08-09 00:00:00+00:00
[2026-08-09T14:33:57.102+0000] {processor.py:208} INFO - Processing /home/airflow/.local/lib/python3.12/site-packages/airflow/example_dags/example_branch_day_of_week_operator.py took 0.097 seconds
[2026-08-09T14:34:27.413+0000] {processor.py:186} INFO - Started process (PID=6190) to work on /home/airflow/.local/lib/python3.12/site-packages/airflow/example_dags/example_branch_day_of_week_operator.py
[2026-08-09T14:34:27.414+0000] {processor.py:914} INFO - Processing file /home/airflow/.local/lib/python3.12/site-packages/airflow/example_dags/example_branch_day_of_week_operator.py for tasks to queue
[2026-08-09T14:34:27.417+0000] {logging_mixin.py:190} INFO - [2026-08-09T14:34:27.416+0000] {dagbag.py:588} INFO - Filling up the DagBag from /home/airflow/.local/lib/python3.12/site-packages/airflow/example_dags/example_branch_day_of_week_operator.py
[2026-08-09T14:34:27.428+0000] {processor.py:925} INFO - DAG(s) 'example_weekday_branch_operator' retrieved from /home/airflow/.local/lib/python3.12/site-packages/airflow/example_dags/example_branch_day_of_week_operator.py
[2026-08-09T14:34:27.456+0000] {logging_mixin.py:190} INFO - [2026-08-09T14:34:27.456+0000] {dag.py:3239} INFO - Sync 1 DAGs
[2026-08-09T14:34:27.489+0000] {logging_mixin.py:190} INFO - [2026-08-09T14:34:27.488+0000] {dag.py:4180} INFO - Setting next_dagrun for example_weekday_branch_operator to 2026-08-08 00:00:00+00:00, run_after=2026-08-09 00:00:00+00:00
[2026-08-09T14:34:27.512+0000] {processor.py:208} INFO - Processing /home/airflow/.local/lib/python3.12/site-packages/airflow/example_dags/example_branch_day_of_week_operator.py took 0.106 seconds
[2026-08-09T14:34:58.362+0000] {processor.py:186} INFO - Started process (PID=6256) to work on /home/airflow/.local/lib/python3.12/site-packages/airflow/example_dags/example_branch_day_of_week_operator.py
[2026-08-09T14:34:58.364+0000] {processor.py:914} INFO - Processing file /home/airflow/.local/lib/python3.12/site-packages/airflow/example_dags/example_branch_day_of_week_operator.py for tasks to queue
[2026-08-09T14:34:58.367+0000] {logging_mixin.py:190} INFO - [2026-08-09T14:34:58.367+0000] {dagbag.py:588} INFO - Filling up the DagBag from /home/airflow/.local/lib/python3.12/site-packages/airflow/example_dags/example_branch_day_of_week_operator.py
[2026-08-09T14:34:58.380+0000] {processor.py:925} INFO - DAG(s) 'example_weekday_branch_operator' retrieved from /home/airflow/.local/lib/python3.12/site-packages/airflow/example_dags/example_branch_day_of_week_operator.py
[2026-08-09T14:34:58.400+0000] {logging_mixin.py:190} INFO - [2026-08-09T14:34:58.400+0000] {dag.py:3239} INFO - Sync 1 DAGs
[2026-08-09T14:34:58.427+0000] {logging_mixin.py:190} INFO - [2026-08-09T14:34:58.427+0000] {dag.py:4180} INFO - Setting next_dagrun for example_weekday_branch_operator to 2026-08-08 00:00:00+00:00, run_after=2026-08-09 00:00:00+00:00
[2026-08-09T14:34:58.447+0000] {processor.py:208} INFO - Processing /home/airflow/.local/lib/python3.12/site-packages/airflow/example_dags/example_branch_day_of_week_operator.py took 0.091 seconds
[2026-08-09T14:35:29.810+0000] {processor.py:186} INFO - Started process (PID=6325) to work on /home/airflow/.local/lib/python3.12/site-packages/airflow/example_dags/example_branch_day_of_week_operator.py
[2026-08-09T14:35:29.812+0000] {processor.py:914} INFO - Processing file /home/airflow/.local/lib/python3.12/site-packages/airflow/example_dags/example_branch_day_of_week_operator.py for tasks to queue
[2026-08-09T14:35:29.816+0000] {logging_mixin.py:190} INFO - [2026-08-09T14:35:29.815+0000] {dagbag.py:588} INFO - Filling up the DagBag from /home/airflow/.local/lib/python3.12/site-packages/airflow/example_dags/example_branch_day_of_week_operator.py
[2026-08-09T14:35:29.828+0000] {processor.py:925} INFO - DAG(s) 'example_weekday_branch_operator' retrieved from /home/airflow/.local/lib/python3.12/site-packages/airflow/example_dags/example_branch_day_of_week_operator.py
[2026-08-09T14:35:29.855+0000] {logging_mixin.py:190} INFO - [2026-08-09T14:35:29.855+0000] {dag.py:3239} INFO - Sync 1 DAGs
[2026-08-09T14:35:29.886+0000] {logging_mixin.py:190} INFO - [2026-08-09T14:35:29.885+0000] {dag.py:4180} INFO - Setting next_dagrun for example_weekday_branch_operator to 2026-08-08 00:00:00+00:00, run_after=2026-08-09 00:00:00+00:00
[2026-08-09T14:35:29.907+0000] {processor.py:208} INFO - Processing /home/airflow/.local/lib/python3.12/site-packages/airflow/example_dags/example_branch_day_of_week_operator.py took 0.103 seconds
[2026-08-09T14:36:01.378+0000] {processor.py:186} INFO - Started process (PID=6393) to work on /home/airflow/.local/lib/python3.12/site-packages/airflow/example_dags/example_branch_day_of_week_operator.py
[2026-08-09T14:36:01.380+0000] {processor.py:914} INFO - Processing file /home/airflow/.local/lib/python3.12/site-packages/airflow/example_dags/example_branch_day_of_week_operator.py for tasks to queue
[2026-08-09T14:36:01.384+0000] {logging_mixin.py:190} INFO - [2026-08-09T14:36:01.383+0000] {dagbag.py:588} INFO - Filling up the DagBag from /home/airflow/.local/lib/python3.12/site-packages/airflow/example_dags/example_branch_day_of_week_operator.py
[2026-08-09T14:36:01.402+0000] {processor.py:925} INFO - DAG(s) 'example_weekday_branch_operator' retrieved from /home/airflow/.local/lib/python3.12/site-packages/airflow/example_dags/example_branch_day_of_week_operator.py
[2026-08-09T14:36:01.433+0000] {logging_mixin.py:190} INFO - [2026-08-09T14:36:01.433+0000] {dag.py:3239} INFO - Sync 1 DAGs
[2026-08-09T14:36:01.470+0000] {logging_mixin.py:190} INFO - [2026-08-09T14:36:01.469+0000] {dag.py:4180} INFO - Setting next_dagrun for example_weekday_branch_operator to 2026-08-08 00:00:00+00:00, run_after=2026-08-09 00:00:00+00:00
[2026-08-09T14:36:01.494+0000] {processor.py:208} INFO - Processing /home/airflow/.local/lib/python3.12/site-packages/airflow/example_dags/example_branch_day_of_week_operator.py took 0.125 seconds
[2026-08-09T14:36:32.663+0000] {processor.py:186} INFO - Started process (PID=6458) to work on /home/airflow/.local/lib/python3.12/site-packages/airflow/example_dags/example_branch_day_of_week_operator.py
[2026-08-09T14:36:32.664+0000] {processor.py:914} INFO - Processing file /home/airflow/.local/lib/python3.12/site-packages/airflow/example_dags/example_branch_day_of_week_operator.py for tasks to queue
[2026-08-09T14:36:32.667+0000] {logging_mixin.py:190} INFO - [2026-08-09T14:36:32.666+0000] {dagbag.py:588} INFO - Filling up the DagBag from /home/airflow/.local/lib/python3.12/site-packages/airflow/example_dags/example_branch_day_of_week_operator.py
[2026-08-09T14:36:32.677+0000] {processor.py:925} INFO - DAG(s) 'example_weekday_branch_operator' retrieved from /home/airflow/.local/lib/python3.12/site-packages/airflow/example_dags/example_branch_day_of_week_operator.py
[2026-08-09T14:36:32.698+0000] {logging_mixin.py:190} INFO - [2026-08-09T14:36:32.698+0000] {dag.py:3239} INFO - Sync 1 DAGs
[2026-08-09T14:36:32.727+0000] {logging_mixin.py:190} INFO - [2026-08-09T14:36:32.727+0000] {dag.py:4180} INFO - Setting next_dagrun for example_weekday_branch_operator to 2026-08-08 00:00:00+00:00, run_after=2026-08-09 00:00:00+00:00
[2026-08-09T14:36:32.748+0000] {processor.py:208} INFO - Processing /home/airflow/.local/lib/python3.12/site-packages/airflow/example_dags/example_branch_day_of_week_operator.py took 0.091 seconds
[2026-08-09T14:37:03.835+0000] {processor.py:186} INFO - Started process (PID=6523) to work on /home/airflow/.local/lib/python3.12/site-packages/airflow/example_dags/example_branch_day_of_week_operator.py
[2026-08-09T14:37:03.837+0000] {processor.py:914} INFO - Processing file /home/airflow/.local/lib/python3.12/site-packages/airflow/example_dags/example_branch_day_of_week_operator.py for tasks to queue
[2026-08-09T14:37:03.842+0000] {logging_mixin.py:190} INFO - [2026-08-09T14:37:03.841+0000] {dagbag.py:588} INFO - Filling up the DagBag from /home/airflow/.local/lib/python3.12/site-packages/airflow/example_dags/example_branch_day_of_week_operator.py
[2026-08-09T14:37:03.856+0000] {processor.py:925} INFO - DAG(s) 'example_weekday_branch_operator' retrieved from /home/airflow/.local/lib/python3.12/site-packages/airflow/example_dags/example_branch_day_of_week_operator.py
[2026-08-09T14:37:03.887+0000] {logging_mixin.py:190} INFO - [2026-08-09T14:37:03.886+0000] {dag.py:3239} INFO - Sync 1 DAGs
[2026-08-09T14:37:03.919+0000] {logging_mixin.py:190} INFO - [2026-08-09T14:37:03.919+0000] {dag.py:4180} INFO - Setting next_dagrun for example_weekday_branch_operator to 2026-08-08 00:00:00+00:00, run_after=2026-08-09 00:00:00+00:00
[2026-08-09T14:37:03.945+0000] {processor.py:208} INFO - Processing /home/airflow/.local/lib/python3.12/site-packages/airflow/example_dags/example_branch_day_of_week_operator.py took 0.118 seconds
[2026-08-09T14:37:35.030+0000] {processor.py:186} INFO - Started process (PID=6589) to work on /home/airflow/.local/lib/python3.12/site-packages/airflow/example_dags/example_branch_day_of_week_operator.py
[2026-08-09T14:37:35.032+0000] {processor.py:914} INFO - Processing file /home/airflow/.local/lib/python3.12/site-packages/airflow/example_dags/example_branch_day_of_week_operator.py for tasks to queue
[2026-08-09T14:37:35.035+0000] {logging_mixin.py:190} INFO - [2026-08-09T14:37:35.035+0000] {dagbag.py:588} INFO - Filling up the DagBag from /home/airflow/.local/lib/python3.12/site-packages/airflow/example_dags/example_branch_day_of_week_operator.py
[2026-08-09T14:37:35.047+0000] {processor.py:925} INFO - DAG(s) 'example_weekday_branch_operator' retrieved from /home/airflow/.local/lib/python3.12/site-packages/airflow/example_dags/example_branch_day_of_week_operator.py
[2026-08-09T14:37:35.072+0000] {logging_mixin.py:190} INFO - [2026-08-09T14:37:35.072+0000] {dag.py:3239} INFO - Sync 1 DAGs
[2026-08-09T14:37:35.104+0000] {logging_mixin.py:190} INFO - [2026-08-09T14:37:35.104+0000] {dag.py:4180} INFO - Setting next_dagrun for example_weekday_branch_operator to 2026-08-08 00:00:00+00:00, run_after=2026-08-09 00:00:00+00:00
[2026-08-09T14:37:35.130+0000] {processor.py:208} INFO - Processing /home/airflow/.local/lib/python3.12/site-packages/airflow/example_dags/example_branch_day_of_week_operator.py took 0.106 seconds
[2026-08-09T14:38:06.706+0000] {processor.py:186} INFO - Started process (PID=6653) to work on /home/airflow/.local/lib/python3.12/site-packages/airflow/example_dags/example_branch_day_of_week_operator.py
[2026-08-09T14:38:06.707+0000] {processor.py:914} INFO - Processing file /home/airflow/.local/lib/python3.12/site-packages/airflow/example_dags/example_branch_day_of_week_operator.py for tasks to queue
[2026-08-09T14:38:06.710+0000] {logging_mixin.py:190} INFO - [2026-08-09T14:38:06.710+0000] {dagbag.py:588} INFO - Filling up the DagBag from /home/airflow/.local/lib/python3.12/site-packages/airflow/example_dags/example_branch_day_of_week_operator.py
[2026-08-09T14:38:06.722+0000] {processor.py:925} INFO - DAG(s) 'example_weekday_branch_operator' retrieved from /home/airflow/.local/lib/python3.12/site-packages/airflow/example_dags/example_branch_day_of_week_operator.py
[2026-08-09T14:38:06.746+0000] {logging_mixin.py:190} INFO - [2026-08-09T14:38:06.746+0000] {dag.py:3239} INFO - Sync 1 DAGs
[2026-08-09T14:38:06.775+0000] {logging_mixin.py:190} INFO - [2026-08-09T14:38:06.775+0000] {dag.py:4180} INFO - Setting next_dagrun for example_weekday_branch_operator to 2026-08-08 00:00:00+00:00, run_after=2026-08-09 00:00:00+00:00
[2026-08-09T14:38:06.798+0000] {processor.py:208} INFO - Processing /home/airflow/.local/lib/python3.12/site-packages/airflow/example_dags/example_branch_day_of_week_operator.py took 0.098 seconds
[2026-08-09T14:38:37.924+0000] {processor.py:186} INFO - Started process (PID=6718) to work on /home/airflow/.local/lib/python3.12/site-packages/airflow/example_dags/example_branch_day_of_week_operator.py
[2026-08-09T14:38:37.925+0000] {processor.py:914} INFO - Processing file /home/airflow/.local/lib/python3.12/site-packages/airflow/example_dags/example_branch_day_of_week_operator.py for tasks to queue
[2026-08-09T14:38:37.929+0000] {logging_mixin.py:190} INFO - [2026-08-09T14:38:37.929+0000] {dagbag.py:588} INFO - Filling up the DagBag from /home/airflow/.local/lib/python3.12/site-packages/airflow/example_dags/example_branch_day_of_week_operator.py
[2026-08-09T14:38:37.941+0000] {processor.py:925} INFO - DAG(s) 'example_weekday_branch_operator' retrieved from /home/airflow/.local/lib/python3.12/site-packages/airflow/example_dags/example_branch_day_of_week_operator.py
[2026-08-09T14:38:37.968+0000] {logging_mixin.py:190} INFO - [2026-08-09T14:38:37.968+0000] {dag.py:3239} INFO - Sync 1 DAGs
[2026-08-09T14:38:38.001+0000] {logging_mixin.py:190} INFO - [2026-08-09T14:38:38.001+0000] {dag.py:4180} INFO - Setting next_dagrun for example_weekday_branch_operator to 2026-08-08 00:00:00+00:00, run_after=2026-08-09 00:00:00+00:00
[2026-08-09T14:38:38.030+0000] {processor.py:208} INFO - Processing /home/airflow/.local/lib/python3.12/site-packages/airflow/example_dags/example_branch_day_of_week_operator.py took 0.113 seconds
[2026-08-09T14:39:09.619+0000] {processor.py:186} INFO - Started process (PID=6789) to work on /home/airflow/.local/lib/python3.12/site-packages/airflow/example_dags/example_branch_day_of_week_operator.py
[2026-08-09T14:39:09.620+0000] {processor.py:914} INFO - Processing file /home/airflow/.local/lib/python3.12/site-packages/airflow/example_dags/example_branch_day_of_week_operator.py for tasks to queue
[2026-08-09T14:39:09.624+0000] {logging_mixin.py:190} INFO - [2026-08-09T14:39:09.623+0000] {dagbag.py:588} INFO - Filling up the DagBag from /home/airflow/.local/lib/python3.12/site-packages/airflow/example_dags/example_branch_day_of_week_operator.py
[2026-08-09T14:39:09.637+0000] {processor.py:925} INFO - DAG(s) 'example_weekday_branch_operator' retrieved from /home/airflow/.local/lib/python3.12/site-packages/airflow/example_dags/example_branch_day_of_week_operator.py
[2026-08-09T14:39:09.666+0000] {logging_mixin.py:190} INFO - [2026-08-09T14:39:09.666+0000] {dag.py:3239} INFO - Sync 1 DAGs
[2026-08-09T14:39:09.702+0000] {logging_mixin.py:190} INFO - [2026-08-09T14:39:09.702+0000] {dag.py:4180} INFO - Setting next_dagrun for example_weekday_branch_operator to 2026-08-08 00:00:00+00:00, run_after=2026-08-09 00:00:00+00:00
[2026-08-09T14:39:09.730+0000] {processor.py:208} INFO - Processing /home/airflow/.local/lib/python3.12/site-packages/airflow/example_dags/example_branch_day_of_week_operator.py took 0.118 seconds
[2026-08-09T14:39:40.894+0000] {processor.py:186} INFO - Started process (PID=6854) to work on /home/airflow/.local/lib/python3.12/site-packages/airflow/example_dags/example_branch_day_of_week_operator.py
[2026-08-09T14:39:40.896+0000] {processor.py:914} INFO - Processing file /home/airflow/.local/lib/python3.12/site-packages/airflow/example_dags/example_branch_day_of_week_operator.py for tasks to queue
[2026-08-09T14:39:40.901+0000] {logging_mixin.py:190} INFO - [2026-08-09T14:39:40.900+0000] {dagbag.py:588} INFO - Filling up the DagBag from /home/airflow/.local/lib/python3.12/site-packages/airflow/example_dags/example_branch_day_of_week_operator.py
[2026-08-09T14:39:40.923+0000] {processor.py:925} INFO - DAG(s) 'example_weekday_branch_operator' retrieved from /home/airflow/.local/lib/python3.12/site-packages/airflow/example_dags/example_branch_day_of_week_operator.py
[2026-08-09T14:39:40.953+0000] {logging_mixin.py:190} INFO - [2026-08-09T14:39:40.953+0000] {dag.py:3239} INFO - Sync 1 DAGs
[2026-08-09T14:39:40.984+0000] {logging_mixin.py:190} INFO - [2026-08-09T14:39:40.983+0000] {dag.py:4180} INFO - Setting next_dagrun for example_weekday_branch_operator to 2026-08-08 00:00:00+00:00, run_after=2026-08-09 00:00:00+00:00
[2026-08-09T14:39:41.011+0000] {processor.py:208} INFO - Processing /home/airflow/.local/lib/python3.12/site-packages/airflow/example_dags/example_branch_day_of_week_operator.py took 0.126 seconds
[2026-08-09T14:40:12.017+0000] {processor.py:186} INFO - Started process (PID=6918) to work on /home/airflow/.local/lib/python3.12/site-packages/airflow/example_dags/example_branch_day_of_week_operator.py
[2026-08-09T14:40:12.018+0000] {processor.py:914} INFO - Processing file /home/airflow/.local/lib/python3.12/site-packages/airflow/example_dags/example_branch_day_of_week_operator.py for tasks to queue
[2026-08-09T14:40:12.021+0000] {logging_mixin.py:190} INFO - [2026-08-09T14:40:12.021+0000] {dagbag.py:588} INFO - Filling up the DagBag from /home/airflow/.local/lib/python3.12/site-packages/airflow/example_dags/example_branch_day_of_week_operator.py
[2026-08-09T14:40:12.035+0000] {processor.py:925} INFO - DAG(s) 'example_weekday_branch_operator' retrieved from /home/airflow/.local/lib/python3.12/site-packages/airflow/example_dags/example_branch_day_of_week_operator.py
[2026-08-09T14:40:12.057+0000] {logging_mixin.py:190} INFO - [2026-08-09T14:40:12.056+0000] {dag.py:3239} INFO - Sync 1 DAGs
[2026-08-09T14:40:12.084+0000] {logging_mixin.py:190} INFO - [2026-08-09T14:40:12.084+0000] {dag.py:4180} INFO - Setting next_dagrun for example_weekday_branch_operator to 2026-08-08 00:00:00+00:00, run_after=2026-08-09 00:00:00+00:00
[2026-08-09T14:40:12.107+0000] {processor.py:208} INFO - Processing /home/airflow/.local/lib/python3.12/site-packages/airflow/example_dags/example_branch_day_of_week_operator.py took 0.096 seconds
[2026-08-09T14:40:43.099+0000] {processor.py:186} INFO - Started process (PID=6983) to work on /home/airflow/.local/lib/python3.12/site-packages/airflow/example_dags/example_branch_day_of_week_operator.py
[2026-08-09T14:40:43.101+0000] {processor.py:914} INFO - Processing file /home/airflow/.local/lib/python3.12/site-packages/airflow/example_dags/example_branch_day_of_week_operator.py for tasks to queue
[2026-08-09T14:40:43.104+0000] {logging_mixin.py:190} INFO - [2026-08-09T14:40:43.104+0000] {dagbag.py:588} INFO - Filling up the DagBag from /home/airflow/.local/lib/python3.12/site-packages/airflow/example_dags/example_branch_day_of_week_operator.py
[2026-08-09T14:40:43.117+0000] {processor.py:925} INFO - DAG(s) 'example_weekday_branch_operator' retrieved from /home/airflow/.local/lib/python3.12/site-packages/airflow/example_dags/example_branch_day_of_week_operator.py
[2026-08-09T14:40:43.140+0000] {logging_mixin.py:190} INFO - [2026-08-09T14:40:43.139+0000] {dag.py:3239} INFO - Sync 1 DAGs
[2026-08-09T14:40:43.166+0000] {logging_mixin.py:190} INFO - [2026-08-09T14:40:43.165+0000] {dag.py:4180} INFO - Setting next_dagrun for example_weekday_branch_operator to 2026-08-08 00:00:00+00:00, run_after=2026-08-09 00:00:00+00:00
[2026-08-09T14:40:43.189+0000] {processor.py:208} INFO - Processing /home/airflow/.local/lib/python3.12/site-packages/airflow/example_dags/example_branch_day_of_week_operator.py took 0.097 seconds
[2026-08-09T14:41:14.977+0000] {processor.py:186} INFO - Started process (PID=7048) to work on /home/airflow/.local/lib/python3.12/site-packages/airflow/example_dags/example_branch_day_of_week_operator.py
[2026-08-09T14:41:14.978+0000] {processor.py:914} INFO - Processing file /home/airflow/.local/lib/python3.12/site-packages/airflow/example_dags/example_branch_day_of_week_operator.py for tasks to queue
[2026-08-09T14:41:14.982+0000] {logging_mixin.py:190} INFO - [2026-08-09T14:41:14.981+0000] {dagbag.py:588} INFO - Filling up the DagBag from /home/airflow/.local/lib/python3.12/site-packages/airflow/example_dags/example_branch_day_of_week_operator.py
[2026-08-09T14:41:14.993+0000] {processor.py:925} INFO - DAG(s) 'example_weekday_branch_operator' retrieved from /home/airflow/.local/lib/python3.12/site-packages/airflow/example_dags/example_branch_day_of_week_operator.py
[2026-08-09T14:41:15.016+0000] {logging_mixin.py:190} INFO - [2026-08-09T14:41:15.016+0000] {dag.py:3239} INFO - Sync 1 DAGs
[2026-08-09T14:41:15.044+0000] {logging_mixin.py:190} INFO - [2026-08-09T14:41:15.043+0000] {dag.py:4180} INFO - Setting next_dagrun for example_weekday_branch_operator to 2026-08-08 00:00:00+00:00, run_after=2026-08-09 00:00:00+00:00
[2026-08-09T14:41:15.065+0000] {processor.py:208} INFO - Processing /home/airflow/.local/lib/python3.12/site-packages/airflow/example_dags/example_branch_day_of_week_operator.py took 0.095 seconds
[2026-08-09T14:41:45.591+0000] {processor.py:186} INFO - Started process (PID=7113) to work on /home/airflow/.local/lib/python3.12/site-packages/airflow/example_dags/example_branch_day_of_week_operator.py
[2026-08-09T14:41:45.593+0000] {processor.py:914} INFO - Processing file /home/airflow/.local/lib/python3.12/site-packages/airflow/example_dags/example_branch_day_of_week_operator.py for tasks to queue
[2026-08-09T14:41:45.596+0000] {logging_mixin.py:190} INFO - [2026-08-09T14:41:45.595+0000] {dagbag.py:588} INFO - Filling up the DagBag from /home/airflow/.local/lib/python3.12/site-packages/airflow/example_dags/example_branch_day_of_week_operator.py
[2026-08-09T14:41:45.607+0000] {processor.py:925} INFO - DAG(s) 'example_weekday_branch_operator' retrieved from /home/airflow/.local/lib/python3.12/site-packages/airflow/example_dags/example_branch_day_of_week_operator.py
[2026-08-09T14:41:45.627+0000] {logging_mixin.py:190} INFO - [2026-08-09T14:41:45.627+0000] {dag.py:3239} INFO - Sync 1 DAGs
[2026-08-09T14:41:45.655+0000] {logging_mixin.py:190} INFO - [2026-08-09T14:41:45.654+0000] {dag.py:4180} INFO - Setting next_dagrun for example_weekday_branch_operator to 2026-08-08 00:00:00+00:00, run_after=2026-08-09 00:00:00+00:00
[2026-08-09T14:41:45.678+0000] {processor.py:208} INFO - Processing /home/airflow/.local/lib/python3.12/site-packages/airflow/example_dags/example_branch_day_of_week_operator.py took 0.093 seconds
[2026-08-09T14:42:16.622+0000] {processor.py:186} INFO - Started process (PID=7178) to work on /home/airflow/.local/lib/python3.12/site-packages/airflow/example_dags/example_branch_day_of_week_operator.py
[2026-08-09T14:42:16.623+0000] {processor.py:914} INFO - Processing file /home/airflow/.local/lib/python3.12/site-packages/airflow/example_dags/example_branch_day_of_week_operator.py for tasks to queue
[2026-08-09T14:42:16.627+0000] {logging_mixin.py:190} INFO - [2026-08-09T14:42:16.626+0000] {dagbag.py:588} INFO - Filling up the DagBag from /home/airflow/.local/lib/python3.12/site-packages/airflow/example_dags/example_branch_day_of_week_operator.py
[2026-08-09T14:42:16.641+0000] {processor.py:925} INFO - DAG(s) 'example_weekday_branch_operator' retrieved from /home/airflow/.local/lib/python3.12/site-packages/airflow/example_dags/example_branch_day_of_week_operator.py
[2026-08-09T14:42:16.665+0000] {logging_mixin.py:190} INFO - [2026-08-09T14:42:16.665+0000] {dag.py:3239} INFO - Sync 1 DAGs
[2026-08-09T14:42:16.701+0000] {logging_mixin.py:190} INFO - [2026-08-09T14:42:16.701+0000] {dag.py:4180} INFO - Setting next_dagrun for example_weekday_branch_operator to 2026-08-08 00:00:00+00:00, run_after=2026-08-09 00:00:00+00:00
[2026-08-09T14:42:16.726+0000] {processor.py:208} INFO - Processing /home/airflow/.local/lib/python3.12/site-packages/airflow/example_dags/example_branch_day_of_week_operator.py took 0.111 seconds
[2026-08-09T14:42:47.729+0000] {processor.py:186} INFO - Started process (PID=7243) to work on /home/airflow/.local/lib/python3.12/site-packages/airflow/example_dags/example_branch_day_of_week_operator.py
[2026-08-09T14:42:47.731+0000] {processor.py:914} INFO - Processing file /home/airflow/.local/lib/python3.12/site-packages/airflow/example_dags/example_branch_day_of_week_operator.py for tasks to queue
[2026-08-09T14:42:47.734+0000] {logging_mixin.py:190} INFO - [2026-08-09T14:42:47.734+0000] {dagbag.py:588} INFO - Filling up the DagBag from /home/airflow/.local/lib/python3.12/site-packages/airflow/example_dags/example_branch_day_of_week_operator.py
[2026-08-09T14:42:47.745+0000] {processor.py:925} INFO - DAG(s) 'example_weekday_branch_operator' retrieved from /home/airflow/.local/lib/python3.12/site-packages/airflow/example_dags/example_branch_day_of_week_operator.py
[2026-08-09T14:42:47.769+0000] {logging_mixin.py:190} INFO - [2026-08-09T14:42:47.769+0000] {dag.py:3239} INFO - Sync 1 DAGs
[2026-08-09T14:42:47.796+0000] {logging_mixin.py:190} INFO - [2026-08-09T14:42:47.796+0000] {dag.py:4180} INFO - Setting next_dagrun for example_weekday_branch_operator to 2026-08-08 00:00:00+00:00, run_after=2026-08-09 00:00:00+00:00
[2026-08-09T14:42:47.823+0000] {processor.py:208} INFO - Processing /home/airflow/.local/lib/python3.12/site-packages/airflow/example_dags/example_branch_day_of_week_operator.py took 0.101 seconds
[2026-08-09T14:43:19.435+0000] {processor.py:186} INFO - Started process (PID=7309) to work on /home/airflow/.local/lib/python3.12/site-packages/airflow/example_dags/example_branch_day_of_week_operator.py
[2026-08-09T14:43:19.437+0000] {processor.py:914} INFO - Processing file /home/airflow/.local/lib/python3.12/site-packages/airflow/example_dags/example_branch_day_of_week_operator.py for tasks to queue
[2026-08-09T14:43:19.441+0000] {logging_mixin.py:190} INFO - [2026-08-09T14:43:19.440+0000] {dagbag.py:588} INFO - Filling up the DagBag from /home/airflow/.local/lib/python3.12/site-packages/airflow/example_dags/example_branch_day_of_week_operator.py
[2026-08-09T14:43:19.455+0000] {processor.py:925} INFO - DAG(s) 'example_weekday_branch_operator' retrieved from /home/airflow/.local/lib/python3.12/site-packages/airflow/example_dags/example_branch_day_of_week_operator.py
[2026-08-09T14:43:19.484+0000] {logging_mixin.py:190} INFO - [2026-08-09T14:43:19.483+0000] {dag.py:3239} INFO - Sync 1 DAGs
[2026-08-09T14:43:19.518+0000] {logging_mixin.py:190} INFO - [2026-08-09T14:43:19.518+0000] {dag.py:4180} INFO - Setting next_dagrun for example_weekday_branch_operator to 2026-08-08 00:00:00+00:00, run_after=2026-08-09 00:00:00+00:00
[2026-08-09T14:43:19.541+0000] {processor.py:208} INFO - Processing /home/airflow/.local/lib/python3.12/site-packages/airflow/example_dags/example_branch_day_of_week_operator.py took 0.112 seconds
[2026-08-09T14:43:51.012+0000] {processor.py:186} INFO - Started process (PID=7374) to work on /home/airflow/.local/lib/python3.12/site-packages/airflow/example_dags/example_branch_day_of_week_operator.py
[2026-08-09T14:43:51.014+0000] {processor.py:914} INFO - Processing file /home/airflow/.local/lib/python3.12/site-packages/airflow/example_dags/example_branch_day_of_week_operator.py for tasks to queue
[2026-08-09T14:43:51.018+0000] {logging_mixin.py:190} INFO - [2026-08-09T14:43:51.017+0000] {dagbag.py:588} INFO - Filling up the DagBag from /home/airflow/.local/lib/python3.12/site-packages/airflow/example_dags/example_branch_day_of_week_operator.py
[2026-08-09T14:43:51.033+0000] {processor.py:925} INFO - DAG(s) 'example_weekday_branch_operator' retrieved from /home/airflow/.local/lib/python3.12/site-packages/airflow/example_dags/example_branch_day_of_week_operator.py
[2026-08-09T14:43:51.063+0000] {logging_mixin.py:190} INFO - [2026-08-09T14:43:51.063+0000] {dag.py:3239} INFO - Sync 1 DAGs
[2026-08-09T14:43:51.097+0000] {logging_mixin.py:190} INFO - [2026-08-09T14:43:51.097+0000] {dag.py:4180} INFO - Setting next_dagrun for example_weekday_branch_operator to 2026-08-08 00:00:00+00:00, run_after=2026-08-09 00:00:00+00:00
[2026-08-09T14:43:51.121+0000] {processor.py:208} INFO - Processing /home/airflow/.local/lib/python3.12/site-packages/airflow/example_dags/example_branch_day_of_week_operator.py took 0.119 seconds
[2026-08-09T14:44:22.535+0000] {processor.py:186} INFO - Started process (PID=7439) to work on /home/airflow/.local/lib/python3.12/site-packages/airflow/example_dags/example_branch_day_of_week_operator.py
[2026-08-09T14:44:22.536+0000] {processor.py:914} INFO - Processing file /home/airflow/.local/lib/python3.12/site-packages/airflow/example_dags/example_branch_day_of_week_operator.py for tasks to queue
[2026-08-09T14:44:22.539+0000] {logging_mixin.py:190} INFO - [2026-08-09T14:44:22.539+0000] {dagbag.py:588} INFO - Filling up the DagBag from /home/airflow/.local/lib/python3.12/site-packages/airflow/example_dags/example_branch_day_of_week_operator.py
[2026-08-09T14:44:22.553+0000] {processor.py:925} INFO - DAG(s) 'example_weekday_branch_operator' retrieved from /home/airflow/.local/lib/python3.12/site-packages/airflow/example_dags/example_branch_day_of_week_operator.py
[2026-08-09T14:44:22.578+0000] {logging_mixin.py:190} INFO - [2026-08-09T14:44:22.577+0000] {dag.py:3239} INFO - Sync 1 DAGs
[2026-08-09T14:44:22.609+0000] {logging_mixin.py:190} INFO - [2026-08-09T14:44:22.609+0000] {dag.py:4180} INFO - Setting next_dagrun for example_weekday_branch_operator to 2026-08-08 00:00:00+00:00, run_after=2026-08-09 00:00:00+00:00
[2026-08-09T14:44:22.634+0000] {processor.py:208} INFO - Processing /home/airflow/.local/lib/python3.12/site-packages/airflow/example_dags/example_branch_day_of_week_operator.py took 0.106 seconds
[2026-08-09T14:44:53.870+0000] {processor.py:186} INFO - Started process (PID=7504) to work on /home/airflow/.local/lib/python3.12/site-packages/airflow/example_dags/example_branch_day_of_week_operator.py
[2026-08-09T14:44:53.871+0000] {processor.py:914} INFO - Processing file /home/airflow/.local/lib/python3.12/site-packages/airflow/example_dags/example_branch_day_of_week_operator.py for tasks to queue
[2026-08-09T14:44:53.875+0000] {logging_mixin.py:190} INFO - [2026-08-09T14:44:53.875+0000] {dagbag.py:588} INFO - Filling up the DagBag from /home/airflow/.local/lib/python3.12/site-packages/airflow/example_dags/example_branch_day_of_week_operator.py
[2026-08-09T14:44:53.889+0000] {processor.py:925} INFO - DAG(s) 'example_weekday_branch_operator' retrieved from /home/airflow/.local/lib/python3.12/site-packages/airflow/example_dags/example_branch_day_of_week_operator.py
[2026-08-09T14:44:53.913+0000] {logging_mixin.py:190} INFO - [2026-08-09T14:44:53.912+0000] {dag.py:3239} INFO - Sync 1 DAGs
[2026-08-09T14:44:53.944+0000] {logging_mixin.py:190} INFO - [2026-08-09T14:44:53.944+0000] {dag.py:4180} INFO - Setting next_dagrun for example_weekday_branch_operator to 2026-08-08 00:00:00+00:00, run_after=2026-08-09 00:00:00+00:00
[2026-08-09T14:44:53.973+0000] {processor.py:208} INFO - Processing /home/airflow/.local/lib/python3.12/site-packages/airflow/example_dags/example_branch_day_of_week_operator.py took 0.111 seconds
[2026-08-09T14:45:25.695+0000] {processor.py:186} INFO - Started process (PID=7569) to work on /home/airflow/.local/lib/python3.12/site-packages/airflow/example_dags/example_branch_day_of_week_operator.py
[2026-08-09T14:45:25.697+0000] {processor.py:914} INFO - Processing file /home/airflow/.local/lib/python3.12/site-packages/airflow/example_dags/example_branch_day_of_week_operator.py for tasks to queue
[2026-08-09T14:45:25.700+0000] {logging_mixin.py:190} INFO - [2026-08-09T14:45:25.700+0000] {dagbag.py:588} INFO - Filling up the DagBag from /home/airflow/.local/lib/python3.12/site-packages/airflow/example_dags/example_branch_day_of_week_operator.py
[2026-08-09T14:45:25.713+0000] {processor.py:925} INFO - DAG(s) 'example_weekday_branch_operator' retrieved from /home/airflow/.local/lib/python3.12/site-packages/airflow/example_dags/example_branch_day_of_week_operator.py
[2026-08-09T14:45:25.742+0000] {logging_mixin.py:190} INFO - [2026-08-09T14:45:25.742+0000] {dag.py:3239} INFO - Sync 1 DAGs
[2026-08-09T14:45:25.774+0000] {logging_mixin.py:190} INFO - [2026-08-09T14:45:25.774+0000] {dag.py:4180} INFO - Setting next_dagrun for example_weekday_branch_operator to 2026-08-08 00:00:00+00:00, run_after=2026-08-09 00:00:00+00:00
[2026-08-09T14:45:25.802+0000] {processor.py:208} INFO - Processing /home/airflow/.local/lib/python3.12/site-packages/airflow/example_dags/example_branch_day_of_week_operator.py took 0.114 seconds
[2026-08-09T14:45:56.819+0000] {processor.py:186} INFO - Started process (PID=7634) to work on /home/airflow/.local/lib/python3.12/site-packages/airflow/example_dags/example_branch_day_of_week_operator.py
[2026-08-09T14:45:56.820+0000] {processor.py:914} INFO - Processing file /home/airflow/.local/lib/python3.12/site-packages/airflow/example_dags/example_branch_day_of_week_operator.py for tasks to queue
[2026-08-09T14:45:56.824+0000] {logging_mixin.py:190} INFO - [2026-08-09T14:45:56.823+0000] {dagbag.py:588} INFO - Filling up the DagBag from /home/airflow/.local/lib/python3.12/site-packages/airflow/example_dags/example_branch_day_of_week_operator.py
[2026-08-09T14:45:56.839+0000] {processor.py:925} INFO - DAG(s) 'example_weekday_branch_operator' retrieved from /home/airflow/.local/lib/python3.12/site-packages/airflow/example_dags/example_branch_day_of_week_operator.py
[2026-08-09T14:45:56.875+0000] {logging_mixin.py:190} INFO - [2026-08-09T14:45:56.874+0000] {dag.py:3239} INFO - Sync 1 DAGs
[2026-08-09T14:45:56.916+0000] {logging_mixin.py:190} INFO - [2026-08-09T14:45:56.916+0000] {dag.py:4180} INFO - Setting next_dagrun for example_weekday_branch_operator to 2026-08-08 00:00:00+00:00, run_after=2026-08-09 00:00:00+00:00
[2026-08-09T14:45:56.943+0000] {processor.py:208} INFO - Processing /home/airflow/.local/lib/python3.12/site-packages/airflow/example_dags/example_branch_day_of_week_operator.py took 0.133 seconds
[2026-08-09T14:46:28.048+0000] {processor.py:186} INFO - Started process (PID=7699) to work on /home/airflow/.local/lib/python3.12/site-packages/airflow/example_dags/example_branch_day_of_week_operator.py
[2026-08-09T14:46:28.049+0000] {processor.py:914} INFO - Processing file /home/airflow/.local/lib/python3.12/site-packages/airflow/example_dags/example_branch_day_of_week_operator.py for tasks to queue
[2026-08-09T14:46:28.053+0000] {logging_mixin.py:190} INFO - [2026-08-09T14:46:28.053+0000] {dagbag.py:588} INFO - Filling up the DagBag from /home/airflow/.local/lib/python3.12/site-packages/airflow/example_dags/example_branch_day_of_week_operator.py
[2026-08-09T14:46:28.067+0000] {processor.py:925} INFO - DAG(s) 'example_weekday_branch_operator' retrieved from /home/airflow/.local/lib/python3.12/site-packages/airflow/example_dags/example_branch_day_of_week_operator.py
[2026-08-09T14:46:28.090+0000] {logging_mixin.py:190} INFO - [2026-08-09T14:46:28.090+0000] {dag.py:3239} INFO - Sync 1 DAGs
[2026-08-09T14:46:28.123+0000] {logging_mixin.py:190} INFO - [2026-08-09T14:46:28.123+0000] {dag.py:4180} INFO - Setting next_dagrun for example_weekday_branch_operator to 2026-08-08 00:00:00+00:00, run_after=2026-08-09 00:00:00+00:00
[2026-08-09T14:46:28.146+0000] {processor.py:208} INFO - Processing /home/airflow/.local/lib/python3.12/site-packages/airflow/example_dags/example_branch_day_of_week_operator.py took 0.105 seconds
[2026-08-09T14:46:59.169+0000] {processor.py:186} INFO - Started process (PID=7764) to work on /home/airflow/.local/lib/python3.12/site-packages/airflow/example_dags/example_branch_day_of_week_operator.py
[2026-08-09T14:46:59.171+0000] {processor.py:914} INFO - Processing file /home/airflow/.local/lib/python3.12/site-packages/airflow/example_dags/example_branch_day_of_week_operator.py for tasks to queue
[2026-08-09T14:46:59.175+0000] {logging_mixin.py:190} INFO - [2026-08-09T14:46:59.174+0000] {dagbag.py:588} INFO - Filling up the DagBag from /home/airflow/.local/lib/python3.12/site-packages/airflow/example_dags/example_branch_day_of_week_operator.py
[2026-08-09T14:46:59.190+0000] {processor.py:925} INFO - DAG(s) 'example_weekday_branch_operator' retrieved from /home/airflow/.local/lib/python3.12/site-packages/airflow/example_dags/example_branch_day_of_week_operator.py
[2026-08-09T14:46:59.216+0000] {logging_mixin.py:190} INFO - [2026-08-09T14:46:59.216+0000] {dag.py:3239} INFO - Sync 1 DAGs
[2026-08-09T14:46:59.251+0000] {logging_mixin.py:190} INFO - [2026-08-09T14:46:59.251+0000] {dag.py:4180} INFO - Setting next_dagrun for example_weekday_branch_operator to 2026-08-08 00:00:00+00:00, run_after=2026-08-09 00:00:00+00:00
[2026-08-09T14:46:59.274+0000] {processor.py:208} INFO - Processing /home/airflow/.local/lib/python3.12/site-packages/airflow/example_dags/example_branch_day_of_week_operator.py took 0.113 seconds
[2026-08-09T14:47:30.569+0000] {processor.py:186} INFO - Started process (PID=7829) to work on /home/airflow/.local/lib/python3.12/site-packages/airflow/example_dags/example_branch_day_of_week_operator.py
[2026-08-09T14:47:30.571+0000] {processor.py:914} INFO - Processing file /home/airflow/.local/lib/python3.12/site-packages/airflow/example_dags/example_branch_day_of_week_operator.py for tasks to queue
[2026-08-09T14:47:30.574+0000] {logging_mixin.py:190} INFO - [2026-08-09T14:47:30.574+0000] {dagbag.py:588} INFO - Filling up the DagBag from /home/airflow/.local/lib/python3.12/site-packages/airflow/example_dags/example_branch_day_of_week_operator.py
[2026-08-09T14:47:30.586+0000] {processor.py:925} INFO - DAG(s) 'example_weekday_branch_operator' retrieved from /home/airflow/.local/lib/python3.12/site-packages/airflow/example_dags/example_branch_day_of_week_operator.py
[2026-08-09T14:47:30.611+0000] {logging_mixin.py:190} INFO - [2026-08-09T14:47:30.611+0000] {dag.py:3239} INFO - Sync 1 DAGs
[2026-08-09T14:47:30.641+0000] {logging_mixin.py:190} INFO - [2026-08-09T14:47:30.640+0000] {dag.py:4180} INFO - Setting next_dagrun for example_weekday_branch_operator to 2026-08-08 00:00:00+00:00, run_after=2026-08-09 00:00:00+00:00
[2026-08-09T14:47:30.664+0000] {processor.py:208} INFO - Processing /home/airflow/.local/lib/python3.12/site-packages/airflow/example_dags/example_branch_day_of_week_operator.py took 0.101 seconds
[2026-08-09T14:48:02.670+0000] {processor.py:186} INFO - Started process (PID=7896) to work on /home/airflow/.local/lib/python3.12/site-packages/airflow/example_dags/example_branch_day_of_week_operator.py
[2026-08-09T14:48:02.672+0000] {processor.py:914} INFO - Processing file /home/airflow/.local/lib/python3.12/site-packages/airflow/example_dags/example_branch_day_of_week_operator.py for tasks to queue
[2026-08-09T14:48:02.675+0000] {logging_mixin.py:190} INFO - [2026-08-09T14:48:02.674+0000] {dagbag.py:588} INFO - Filling up the DagBag from /home/airflow/.local/lib/python3.12/site-packages/airflow/example_dags/example_branch_day_of_week_operator.py
[2026-08-09T14:48:02.685+0000] {processor.py:925} INFO - DAG(s) 'example_weekday_branch_operator' retrieved from /home/airflow/.local/lib/python3.12/site-packages/airflow/example_dags/example_branch_day_of_week_operator.py
[2026-08-09T14:48:02.706+0000] {logging_mixin.py:190} INFO - [2026-08-09T14:48:02.706+0000] {dag.py:3239} INFO - Sync 1 DAGs
[2026-08-09T14:48:02.734+0000] {logging_mixin.py:190} INFO - [2026-08-09T14:48:02.734+0000] {dag.py:4180} INFO - Setting next_dagrun for example_weekday_branch_operator to 2026-08-08 00:00:00+00:00, run_after=2026-08-09 00:00:00+00:00
[2026-08-09T14:48:02.755+0000] {processor.py:208} INFO - Processing /home/airflow/.local/lib/python3.12/site-packages/airflow/example_dags/example_branch_day_of_week_operator.py took 0.092 seconds
[2026-08-09T14:48:33.329+0000] {processor.py:186} INFO - Started process (PID=7960) to work on /home/airflow/.local/lib/python3.12/site-packages/airflow/example_dags/example_branch_day_of_week_operator.py
[2026-08-09T14:48:33.331+0000] {processor.py:914} INFO - Processing file /home/airflow/.local/lib/python3.12/site-packages/airflow/example_dags/example_branch_day_of_week_operator.py for tasks to queue
[2026-08-09T14:48:33.334+0000] {logging_mixin.py:190} INFO - [2026-08-09T14:48:33.333+0000] {dagbag.py:588} INFO - Filling up the DagBag from /home/airflow/.local/lib/python3.12/site-packages/airflow/example_dags/example_branch_day_of_week_operator.py
[2026-08-09T14:48:33.344+0000] {processor.py:925} INFO - DAG(s) 'example_weekday_branch_operator' retrieved from /home/airflow/.local/lib/python3.12/site-packages/airflow/example_dags/example_branch_day_of_week_operator.py
[2026-08-09T14:48:33.368+0000] {logging_mixin.py:190} INFO - [2026-08-09T14:48:33.368+0000] {dag.py:3239} INFO - Sync 1 DAGs
[2026-08-09T14:48:33.396+0000] {logging_mixin.py:190} INFO - [2026-08-09T14:48:33.396+0000] {dag.py:4180} INFO - Setting next_dagrun for example_weekday_branch_operator to 2026-08-08 00:00:00+00:00, run_after=2026-08-09 00:00:00+00:00
[2026-08-09T14:48:33.423+0000] {processor.py:208} INFO - Processing /home/airflow/.local/lib/python3.12/site-packages/airflow/example_dags/example_branch_day_of_week_operator.py took 0.100 seconds
[2026-08-09T14:49:05.227+0000] {processor.py:186} INFO - Started process (PID=8026) to work on /home/airflow/.local/lib/python3.12/site-packages/airflow/example_dags/example_branch_day_of_week_operator.py
[2026-08-09T14:49:05.229+0000] {processor.py:914} INFO - Processing file /home/airflow/.local/lib/python3.12/site-packages/airflow/example_dags/example_branch_day_of_week_operator.py for tasks to queue
[2026-08-09T14:49:05.232+0000] {logging_mixin.py:190} INFO - [2026-08-09T14:49:05.232+0000] {dagbag.py:588} INFO - Filling up the DagBag from /home/airflow/.local/lib/python3.12/site-packages/airflow/example_dags/example_branch_day_of_week_operator.py
[2026-08-09T14:49:05.243+0000] {processor.py:925} INFO - DAG(s) 'example_weekday_branch_operator' retrieved from /home/airflow/.local/lib/python3.12/site-packages/airflow/example_dags/example_branch_day_of_week_operator.py
[2026-08-09T14:49:05.266+0000] {logging_mixin.py:190} INFO - [2026-08-09T14:49:05.266+0000] {dag.py:3239} INFO - Sync 1 DAGs
[2026-08-09T14:49:05.298+0000] {logging_mixin.py:190} INFO - [2026-08-09T14:49:05.298+0000] {dag.py:4180} INFO - Setting next_dagrun for example_weekday_branch_operator to 2026-08-08 00:00:00+00:00, run_after=2026-08-09 00:00:00+00:00
[2026-08-09T14:49:05.321+0000] {processor.py:208} INFO - Processing /home/airflow/.local/lib/python3.12/site-packages/airflow/example_dags/example_branch_day_of_week_operator.py took 0.102 seconds
[2026-08-09T14:49:36.490+0000] {processor.py:186} INFO - Started process (PID=8092) to work on /home/airflow/.local/lib/python3.12/site-packages/airflow/example_dags/example_branch_day_of_week_operator.py
[2026-08-09T14:49:36.496+0000] {processor.py:914} INFO - Processing file /home/airflow/.local/lib/python3.12/site-packages/airflow/example_dags/example_branch_day_of_week_operator.py for tasks to queue
[2026-08-09T14:49:36.500+0000] {logging_mixin.py:190} INFO - [2026-08-09T14:49:36.500+0000] {dagbag.py:588} INFO - Filling up the DagBag from /home/airflow/.local/lib/python3.12/site-packages/airflow/example_dags/example_branch_day_of_week_operator.py
[2026-08-09T14:49:36.512+0000] {processor.py:925} INFO - DAG(s) 'example_weekday_branch_operator' retrieved from /home/airflow/.local/lib/python3.12/site-packages/airflow/example_dags/example_branch_day_of_week_operator.py
[2026-08-09T14:49:36.537+0000] {logging_mixin.py:190} INFO - [2026-08-09T14:49:36.537+0000] {dag.py:3239} INFO - Sync 1 DAGs
[2026-08-09T14:49:36.568+0000] {logging_mixin.py:190} INFO - [2026-08-09T14:49:36.567+0000] {dag.py:4180} INFO - Setting next_dagrun for example_weekday_branch_operator to 2026-08-08 00:00:00+00:00, run_after=2026-08-09 00:00:00+00:00
[2026-08-09T14:49:36.590+0000] {processor.py:208} INFO - Processing /home/airflow/.local/lib/python3.12/site-packages/airflow/example_dags/example_branch_day_of_week_operator.py took 0.110 seconds
[2026-08-09T14:50:07.853+0000] {processor.py:186} INFO - Started process (PID=8156) to work on /home/airflow/.local/lib/python3.12/site-packages/airflow/example_dags/example_branch_day_of_week_operator.py
[2026-08-09T14:50:07.855+0000] {processor.py:914} INFO - Processing file /home/airflow/.local/lib/python3.12/site-packages/airflow/example_dags/example_branch_day_of_week_operator.py for tasks to queue
[2026-08-09T14:50:07.858+0000] {logging_mixin.py:190} INFO - [2026-08-09T14:50:07.858+0000] {dagbag.py:588} INFO - Filling up the DagBag from /home/airflow/.local/lib/python3.12/site-packages/airflow/example_dags/example_branch_day_of_week_operator.py
[2026-08-09T14:50:07.870+0000] {processor.py:925} INFO - DAG(s) 'example_weekday_branch_operator' retrieved from /home/airflow/.local/lib/python3.12/site-packages/airflow/example_dags/example_branch_day_of_week_operator.py
[2026-08-09T14:50:07.895+0000] {logging_mixin.py:190} INFO - [2026-08-09T14:50:07.894+0000] {dag.py:3239} INFO - Sync 1 DAGs
[2026-08-09T14:50:07.924+0000] {logging_mixin.py:190} INFO - [2026-08-09T14:50:07.923+0000] {dag.py:4180} INFO - Setting next_dagrun for example_weekday_branch_operator to 2026-08-08 00:00:00+00:00, run_after=2026-08-09 00:00:00+00:00
[2026-08-09T14:50:07.946+0000] {processor.py:208} INFO - Processing /home/airflow/.local/lib/python3.12/site-packages/airflow/example_dags/example_branch_day_of_week_operator.py took 0.101 seconds
[2026-08-09T14:50:39.798+0000] {processor.py:186} INFO - Started process (PID=8225) to work on /home/airflow/.local/lib/python3.12/site-packages/airflow/example_dags/example_branch_day_of_week_operator.py
[2026-08-09T14:50:39.800+0000] {processor.py:914} INFO - Processing file /home/airflow/.local/lib/python3.12/site-packages/airflow/example_dags/example_branch_day_of_week_operator.py for tasks to queue
[2026-08-09T14:50:39.804+0000] {logging_mixin.py:190} INFO - [2026-08-09T14:50:39.804+0000] {dagbag.py:588} INFO - Filling up the DagBag from /home/airflow/.local/lib/python3.12/site-packages/airflow/example_dags/example_branch_day_of_week_operator.py
[2026-08-09T14:50:39.824+0000] {processor.py:925} INFO - DAG(s) 'example_weekday_branch_operator' retrieved from /home/airflow/.local/lib/python3.12/site-packages/airflow/example_dags/example_branch_day_of_week_operator.py
[2026-08-09T14:50:39.857+0000] {logging_mixin.py:190} INFO - [2026-08-09T14:50:39.857+0000] {dag.py:3239} INFO - Sync 1 DAGs
[2026-08-09T14:50:39.896+0000] {logging_mixin.py:190} INFO - [2026-08-09T14:50:39.896+0000] {dag.py:4180} INFO - Setting next_dagrun for example_weekday_branch_operator to 2026-08-08 00:00:00+00:00, run_after=2026-08-09 00:00:00+00:00
[2026-08-09T14:50:39.922+0000] {processor.py:208} INFO - Processing /home/airflow/.local/lib/python3.12/site-packages/airflow/example_dags/example_branch_day_of_week_operator.py took 0.132 seconds
[2026-08-09T14:51:11.367+0000] {processor.py:186} INFO - Started process (PID=8300) to work on /home/airflow/.local/lib/python3.12/site-packages/airflow/example_dags/example_branch_day_of_week_operator.py
[2026-08-09T14:51:11.368+0000] {processor.py:914} INFO - Processing file /home/airflow/.local/lib/python3.12/site-packages/airflow/example_dags/example_branch_day_of_week_operator.py for tasks to queue
[2026-08-09T14:51:11.373+0000] {logging_mixin.py:190} INFO - [2026-08-09T14:51:11.372+0000] {dagbag.py:588} INFO - Filling up the DagBag from /home/airflow/.local/lib/python3.12/site-packages/airflow/example_dags/example_branch_day_of_week_operator.py
[2026-08-09T14:51:11.387+0000] {processor.py:925} INFO - DAG(s) 'example_weekday_branch_operator' retrieved from /home/airflow/.local/lib/python3.12/site-packages/airflow/example_dags/example_branch_day_of_week_operator.py
[2026-08-09T14:51:11.415+0000] {logging_mixin.py:190} INFO - [2026-08-09T14:51:11.415+0000] {dag.py:3239} INFO - Sync 1 DAGs
[2026-08-09T14:51:11.448+0000] {logging_mixin.py:190} INFO - [2026-08-09T14:51:11.447+0000] {dag.py:4180} INFO - Setting next_dagrun for example_weekday_branch_operator to 2026-08-08 00:00:00+00:00, run_after=2026-08-09 00:00:00+00:00
[2026-08-09T14:51:11.475+0000] {processor.py:208} INFO - Processing /home/airflow/.local/lib/python3.12/site-packages/airflow/example_dags/example_branch_day_of_week_operator.py took 0.116 seconds
[2026-08-09T14:51:42.611+0000] {processor.py:186} INFO - Started process (PID=8368) to work on /home/airflow/.local/lib/python3.12/site-packages/airflow/example_dags/example_branch_day_of_week_operator.py
[2026-08-09T14:51:42.612+0000] {processor.py:914} INFO - Processing file /home/airflow/.local/lib/python3.12/site-packages/airflow/example_dags/example_branch_day_of_week_operator.py for tasks to queue
[2026-08-09T14:51:42.617+0000] {logging_mixin.py:190} INFO - [2026-08-09T14:51:42.616+0000] {dagbag.py:588} INFO - Filling up the DagBag from /home/airflow/.local/lib/python3.12/site-packages/airflow/example_dags/example_branch_day_of_week_operator.py
[2026-08-09T14:51:42.628+0000] {processor.py:925} INFO - DAG(s) 'example_weekday_branch_operator' retrieved from /home/airflow/.local/lib/python3.12/site-packages/airflow/example_dags/example_branch_day_of_week_operator.py
[2026-08-09T14:51:42.648+0000] {logging_mixin.py:190} INFO - [2026-08-09T14:51:42.647+0000] {dag.py:3239} INFO - Sync 1 DAGs
[2026-08-09T14:51:42.674+0000] {logging_mixin.py:190} INFO - [2026-08-09T14:51:42.673+0000] {dag.py:4180} INFO - Setting next_dagrun for example_weekday_branch_operator to 2026-08-08 00:00:00+00:00, run_after=2026-08-09 00:00:00+00:00
[2026-08-09T14:51:42.696+0000] {processor.py:208} INFO - Processing /home/airflow/.local/lib/python3.12/site-packages/airflow/example_dags/example_branch_day_of_week_operator.py took 0.092 seconds
[2026-08-09T14:52:14.153+0000] {processor.py:186} INFO - Started process (PID=8433) to work on /home/airflow/.local/lib/python3.12/site-packages/airflow/example_dags/example_branch_day_of_week_operator.py
[2026-08-09T14:52:14.154+0000] {processor.py:914} INFO - Processing file /home/airflow/.local/lib/python3.12/site-packages/airflow/example_dags/example_branch_day_of_week_operator.py for tasks to queue
[2026-08-09T14:52:14.157+0000] {logging_mixin.py:190} INFO - [2026-08-09T14:52:14.157+0000] {dagbag.py:588} INFO - Filling up the DagBag from /home/airflow/.local/lib/python3.12/site-packages/airflow/example_dags/example_branch_day_of_week_operator.py
[2026-08-09T14:52:14.168+0000] {processor.py:925} INFO - DAG(s) 'example_weekday_branch_operator' retrieved from /home/airflow/.local/lib/python3.12/site-packages/airflow/example_dags/example_branch_day_of_week_operator.py
[2026-08-09T14:52:14.191+0000] {logging_mixin.py:190} INFO - [2026-08-09T14:52:14.191+0000] {dag.py:3239} INFO - Sync 1 DAGs
[2026-08-09T14:52:14.219+0000] {logging_mixin.py:190} INFO - [2026-08-09T14:52:14.219+0000] {dag.py:4180} INFO - Setting next_dagrun for example_weekday_branch_operator to 2026-08-08 00:00:00+00:00, run_after=2026-08-09 00:00:00+00:00
[2026-08-09T14:52:14.242+0000] {processor.py:208} INFO - Processing /home/airflow/.local/lib/python3.12/site-packages/airflow/example_dags/example_branch_day_of_week_operator.py took 0.097 seconds
[2026-08-09T14:52:45.327+0000] {processor.py:186} INFO - Started process (PID=8501) to work on /home/airflow/.local/lib/python3.12/site-packages/airflow/example_dags/example_branch_day_of_week_operator.py
[2026-08-09T14:52:45.328+0000] {processor.py:914} INFO - Processing file /home/airflow/.local/lib/python3.12/site-packages/airflow/example_dags/example_branch_day_of_week_operator.py for tasks to queue
[2026-08-09T14:52:45.332+0000] {logging_mixin.py:190} INFO - [2026-08-09T14:52:45.331+0000] {dagbag.py:588} INFO - Filling up the DagBag from /home/airflow/.local/lib/python3.12/site-packages/airflow/example_dags/example_branch_day_of_week_operator.py
[2026-08-09T14:52:45.346+0000] {processor.py:925} INFO - DAG(s) 'example_weekday_branch_operator' retrieved from /home/airflow/.local/lib/python3.12/site-packages/airflow/example_dags/example_branch_day_of_week_operator.py
[2026-08-09T14:52:45.368+0000] {logging_mixin.py:190} INFO - [2026-08-09T14:52:45.368+0000] {dag.py:3239} INFO - Sync 1 DAGs
[2026-08-09T14:52:45.401+0000] {logging_mixin.py:190} INFO - [2026-08-09T14:52:45.401+0000] {dag.py:4180} INFO - Setting next_dagrun for example_weekday_branch_operator to 2026-08-08 00:00:00+00:00, run_after=2026-08-09 00:00:00+00:00
[2026-08-09T14:52:45.424+0000] {processor.py:208} INFO - Processing /home/airflow/.local/lib/python3.12/site-packages/airflow/example_dags/example_branch_day_of_week_operator.py took 0.103 seconds
[2026-08-09T14:53:16.838+0000] {processor.py:186} INFO - Started process (PID=8572) to work on /home/airflow/.local/lib/python3.12/site-packages/airflow/example_dags/example_branch_day_of_week_operator.py
[2026-08-09T14:53:16.839+0000] {processor.py:914} INFO - Processing file /home/airflow/.local/lib/python3.12/site-packages/airflow/example_dags/example_branch_day_of_week_operator.py for tasks to queue
[2026-08-09T14:53:16.842+0000] {logging_mixin.py:190} INFO - [2026-08-09T14:53:16.842+0000] {dagbag.py:588} INFO - Filling up the DagBag from /home/airflow/.local/lib/python3.12/site-packages/airflow/example_dags/example_branch_day_of_week_operator.py
[2026-08-09T14:53:16.853+0000] {processor.py:925} INFO - DAG(s) 'example_weekday_branch_operator' retrieved from /home/airflow/.local/lib/python3.12/site-packages/airflow/example_dags/example_branch_day_of_week_operator.py
[2026-08-09T14:53:16.875+0000] {logging_mixin.py:190} INFO - [2026-08-09T14:53:16.875+0000] {dag.py:3239} INFO - Sync 1 DAGs
[2026-08-09T14:53:16.903+0000] {logging_mixin.py:190} INFO - [2026-08-09T14:53:16.903+0000] {dag.py:4180} INFO - Setting next_dagrun for example_weekday_branch_operator to 2026-08-08 00:00:00+00:00, run_after=2026-08-09 00:00:00+00:00
[2026-08-09T14:53:16.926+0000] {processor.py:208} INFO - Processing /home/airflow/.local/lib/python3.12/site-packages/airflow/example_dags/example_branch_day_of_week_operator.py took 0.095 seconds
[2026-08-09T14:53:48.211+0000] {processor.py:186} INFO - Started process (PID=8638) to work on /home/airflow/.local/lib/python3.12/site-packages/airflow/example_dags/example_branch_day_of_week_operator.py
[2026-08-09T14:53:48.212+0000] {processor.py:914} INFO - Processing file /home/airflow/.local/lib/python3.12/site-packages/airflow/example_dags/example_branch_day_of_week_operator.py for tasks to queue
[2026-08-09T14:53:48.215+0000] {logging_mixin.py:190} INFO - [2026-08-09T14:53:48.215+0000] {dagbag.py:588} INFO - Filling up the DagBag from /home/airflow/.local/lib/python3.12/site-packages/airflow/example_dags/example_branch_day_of_week_operator.py
[2026-08-09T14:53:48.226+0000] {processor.py:925} INFO - DAG(s) 'example_weekday_branch_operator' retrieved from /home/airflow/.local/lib/python3.12/site-packages/airflow/example_dags/example_branch_day_of_week_operator.py
[2026-08-09T14:53:48.249+0000] {logging_mixin.py:190} INFO - [2026-08-09T14:53:48.249+0000] {dag.py:3239} INFO - Sync 1 DAGs
[2026-08-09T14:53:48.279+0000] {logging_mixin.py:190} INFO - [2026-08-09T14:53:48.279+0000] {dag.py:4180} INFO - Setting next_dagrun for example_weekday_branch_operator to 2026-08-08 00:00:00+00:00, run_after=2026-08-09 00:00:00+00:00
[2026-08-09T14:53:48.304+0000] {processor.py:208} INFO - Processing /home/airflow/.local/lib/python3.12/site-packages/airflow/example_dags/example_branch_day_of_week_operator.py took 0.100 seconds
[2026-08-09T14:54:19.295+0000] {processor.py:186} INFO - Started process (PID=8703) to work on /home/airflow/.local/lib/python3.12/site-packages/airflow/example_dags/example_branch_day_of_week_operator.py
[2026-08-09T14:54:19.296+0000] {processor.py:914} INFO - Processing file /home/airflow/.local/lib/python3.12/site-packages/airflow/example_dags/example_branch_day_of_week_operator.py for tasks to queue
[2026-08-09T14:54:19.300+0000] {logging_mixin.py:190} INFO - [2026-08-09T14:54:19.300+0000] {dagbag.py:588} INFO - Filling up the DagBag from /home/airflow/.local/lib/python3.12/site-packages/airflow/example_dags/example_branch_day_of_week_operator.py
[2026-08-09T14:54:19.315+0000] {processor.py:925} INFO - DAG(s) 'example_weekday_branch_operator' retrieved from /home/airflow/.local/lib/python3.12/site-packages/airflow/example_dags/example_branch_day_of_week_operator.py
[2026-08-09T14:54:19.340+0000] {logging_mixin.py:190} INFO - [2026-08-09T14:54:19.340+0000] {dag.py:3239} INFO - Sync 1 DAGs
[2026-08-09T14:54:19.369+0000] {logging_mixin.py:190} INFO - [2026-08-09T14:54:19.369+0000] {dag.py:4180} INFO - Setting next_dagrun for example_weekday_branch_operator to 2026-08-08 00:00:00+00:00, run_after=2026-08-09 00:00:00+00:00
[2026-08-09T14:54:19.394+0000] {processor.py:208} INFO - Processing /home/airflow/.local/lib/python3.12/site-packages/airflow/example_dags/example_branch_day_of_week_operator.py took 0.107 seconds
[2026-08-09T14:54:50.816+0000] {processor.py:186} INFO - Started process (PID=8768) to work on /home/airflow/.local/lib/python3.12/site-packages/airflow/example_dags/example_branch_day_of_week_operator.py
[2026-08-09T14:54:50.818+0000] {processor.py:914} INFO - Processing file /home/airflow/.local/lib/python3.12/site-packages/airflow/example_dags/example_branch_day_of_week_operator.py for tasks to queue
[2026-08-09T14:54:50.821+0000] {logging_mixin.py:190} INFO - [2026-08-09T14:54:50.821+0000] {dagbag.py:588} INFO - Filling up the DagBag from /home/airflow/.local/lib/python3.12/site-packages/airflow/example_dags/example_branch_day_of_week_operator.py
[2026-08-09T14:54:50.834+0000] {processor.py:925} INFO - DAG(s) 'example_weekday_branch_operator' retrieved from /home/airflow/.local/lib/python3.12/site-packages/airflow/example_dags/example_branch_day_of_week_operator.py
[2026-08-09T14:54:50.857+0000] {logging_mixin.py:190} INFO - [2026-08-09T14:54:50.857+0000] {dag.py:3239} INFO - Sync 1 DAGs
[2026-08-09T14:54:50.885+0000] {logging_mixin.py:190} INFO - [2026-08-09T14:54:50.885+0000] {dag.py:4180} INFO - Setting next_dagrun for example_weekday_branch_operator to 2026-08-08 00:00:00+00:00, run_after=2026-08-09 00:00:00+00:00
[2026-08-09T14:54:50.907+0000] {processor.py:208} INFO - Processing /home/airflow/.local/lib/python3.12/site-packages/airflow/example_dags/example_branch_day_of_week_operator.py took 0.098 seconds
[2026-08-09T14:55:21.711+0000] {processor.py:186} INFO - Started process (PID=8833) to work on /home/airflow/.local/lib/python3.12/site-packages/airflow/example_dags/example_branch_day_of_week_operator.py
[2026-08-09T14:55:21.712+0000] {processor.py:914} INFO - Processing file /home/airflow/.local/lib/python3.12/site-packages/airflow/example_dags/example_branch_day_of_week_operator.py for tasks to queue
[2026-08-09T14:55:21.715+0000] {logging_mixin.py:190} INFO - [2026-08-09T14:55:21.715+0000] {dagbag.py:588} INFO - Filling up the DagBag from /home/airflow/.local/lib/python3.12/site-packages/airflow/example_dags/example_branch_day_of_week_operator.py
[2026-08-09T14:55:21.726+0000] {processor.py:925} INFO - DAG(s) 'example_weekday_branch_operator' retrieved from /home/airflow/.local/lib/python3.12/site-packages/airflow/example_dags/example_branch_day_of_week_operator.py
[2026-08-09T14:55:21.749+0000] {logging_mixin.py:190} INFO - [2026-08-09T14:55:21.749+0000] {dag.py:3239} INFO - Sync 1 DAGs
[2026-08-09T14:55:21.778+0000] {logging_mixin.py:190} INFO - [2026-08-09T14:55:21.777+0000] {dag.py:4180} INFO - Setting next_dagrun for example_weekday_branch_operator to 2026-08-08 00:00:00+00:00, run_after=2026-08-09 00:00:00+00:00
[2026-08-09T14:55:21.801+0000] {processor.py:208} INFO - Processing /home/airflow/.local/lib/python3.12/site-packages/airflow/example_dags/example_branch_day_of_week_operator.py took 0.097 seconds
[2026-08-09T14:55:53.168+0000] {processor.py:186} INFO - Started process (PID=8898) to work on /home/airflow/.local/lib/python3.12/site-packages/airflow/example_dags/example_branch_day_of_week_operator.py
[2026-08-09T14:55:53.169+0000] {processor.py:914} INFO - Processing file /home/airflow/.local/lib/python3.12/site-packages/airflow/example_dags/example_branch_day_of_week_operator.py for tasks to queue
[2026-08-09T14:55:53.173+0000] {logging_mixin.py:190} INFO - [2026-08-09T14:55:53.172+0000] {dagbag.py:588} INFO - Filling up the DagBag from /home/airflow/.local/lib/python3.12/site-packages/airflow/example_dags/example_branch_day_of_week_operator.py
[2026-08-09T14:55:53.185+0000] {processor.py:925} INFO - DAG(s) 'example_weekday_branch_operator' retrieved from /home/airflow/.local/lib/python3.12/site-packages/airflow/example_dags/example_branch_day_of_week_operator.py
[2026-08-09T14:55:53.212+0000] {logging_mixin.py:190} INFO - [2026-08-09T14:55:53.211+0000] {dag.py:3239} INFO - Sync 1 DAGs
[2026-08-09T14:55:53.239+0000] {logging_mixin.py:190} INFO - [2026-08-09T14:55:53.239+0000] {dag.py:4180} INFO - Setting next_dagrun for example_weekday_branch_operator to 2026-08-08 00:00:00+00:00, run_after=2026-08-09 00:00:00+00:00
[2026-08-09T14:55:53.260+0000] {processor.py:208} INFO - Processing /home/airflow/.local/lib/python3.12/site-packages/airflow/example_dags/example_branch_day_of_week_operator.py took 0.100 seconds
[2026-08-09T14:56:24.803+0000] {processor.py:186} INFO - Started process (PID=8964) to work on /home/airflow/.local/lib/python3.12/site-packages/airflow/example_dags/example_branch_day_of_week_operator.py
[2026-08-09T14:56:24.805+0000] {processor.py:914} INFO - Processing file /home/airflow/.local/lib/python3.12/site-packages/airflow/example_dags/example_branch_day_of_week_operator.py for tasks to queue
[2026-08-09T14:56:24.808+0000] {logging_mixin.py:190} INFO - [2026-08-09T14:56:24.808+0000] {dagbag.py:588} INFO - Filling up the DagBag from /home/airflow/.local/lib/python3.12/site-packages/airflow/example_dags/example_branch_day_of_week_operator.py
[2026-08-09T14:56:24.822+0000] {processor.py:925} INFO - DAG(s) 'example_weekday_branch_operator' retrieved from /home/airflow/.local/lib/python3.12/site-packages/airflow/example_dags/example_branch_day_of_week_operator.py
[2026-08-09T14:56:24.846+0000] {logging_mixin.py:190} INFO - [2026-08-09T14:56:24.845+0000] {dag.py:3239} INFO - Sync 1 DAGs
[2026-08-09T14:56:24.877+0000] {logging_mixin.py:190} INFO - [2026-08-09T14:56:24.877+0000] {dag.py:4180} INFO - Setting next_dagrun for example_weekday_branch_operator to 2026-08-08 00:00:00+00:00, run_after=2026-08-09 00:00:00+00:00
[2026-08-09T14:56:24.899+0000] {processor.py:208} INFO - Processing /home/airflow/.local/lib/python3.12/site-packages/airflow/example_dags/example_branch_day_of_week_operator.py took 0.103 seconds
[2026-08-09T14:56:55.758+0000] {processor.py:186} INFO - Started process (PID=9029) to work on /home/airflow/.local/lib/python3.12/site-packages/airflow/example_dags/example_branch_day_of_week_operator.py
[2026-08-09T14:56:55.759+0000] {processor.py:914} INFO - Processing file /home/airflow/.local/lib/python3.12/site-packages/airflow/example_dags/example_branch_day_of_week_operator.py for tasks to queue
[2026-08-09T14:56:55.763+0000] {logging_mixin.py:190} INFO - [2026-08-09T14:56:55.762+0000] {dagbag.py:588} INFO - Filling up the DagBag from /home/airflow/.local/lib/python3.12/site-packages/airflow/example_dags/example_branch_day_of_week_operator.py
[2026-08-09T14:56:55.775+0000] {processor.py:925} INFO - DAG(s) 'example_weekday_branch_operator' retrieved from /home/airflow/.local/lib/python3.12/site-packages/airflow/example_dags/example_branch_day_of_week_operator.py
[2026-08-09T14:56:55.798+0000] {logging_mixin.py:190} INFO - [2026-08-09T14:56:55.798+0000] {dag.py:3239} INFO - Sync 1 DAGs
[2026-08-09T14:56:55.826+0000] {logging_mixin.py:190} INFO - [2026-08-09T14:56:55.826+0000] {dag.py:4180} INFO - Setting next_dagrun for example_weekday_branch_operator to 2026-08-08 00:00:00+00:00, run_after=2026-08-09 00:00:00+00:00
[2026-08-09T14:56:55.850+0000] {processor.py:208} INFO - Processing /home/airflow/.local/lib/python3.12/site-packages/airflow/example_dags/example_branch_day_of_week_operator.py took 0.100 seconds
[2026-08-09T14:57:28.155+0000] {processor.py:186} INFO - Started process (PID=9094) to work on /home/airflow/.local/lib/python3.12/site-packages/airflow/example_dags/example_branch_day_of_week_operator.py
[2026-08-09T14:57:28.157+0000] {processor.py:914} INFO - Processing file /home/airflow/.local/lib/python3.12/site-packages/airflow/example_dags/example_branch_day_of_week_operator.py for tasks to queue
[2026-08-09T14:57:28.161+0000] {logging_mixin.py:190} INFO - [2026-08-09T14:57:28.160+0000] {dagbag.py:588} INFO - Filling up the DagBag from /home/airflow/.local/lib/python3.12/site-packages/airflow/example_dags/example_branch_day_of_week_operator.py
[2026-08-09T14:57:28.176+0000] {processor.py:925} INFO - DAG(s) 'example_weekday_branch_operator' retrieved from /home/airflow/.local/lib/python3.12/site-packages/airflow/example_dags/example_branch_day_of_week_operator.py
[2026-08-09T14:57:28.208+0000] {logging_mixin.py:190} INFO - [2026-08-09T14:57:28.208+0000] {dag.py:3239} INFO - Sync 1 DAGs
[2026-08-09T14:57:28.246+0000] {logging_mixin.py:190} INFO - [2026-08-09T14:57:28.246+0000] {dag.py:4180} INFO - Setting next_dagrun for example_weekday_branch_operator to 2026-08-08 00:00:00+00:00, run_after=2026-08-09 00:00:00+00:00
[2026-08-09T14:57:28.274+0000] {processor.py:208} INFO - Processing /home/airflow/.local/lib/python3.12/site-packages/airflow/example_dags/example_branch_day_of_week_operator.py took 0.127 seconds
[2026-08-09T14:57:58.663+0000] {processor.py:186} INFO - Started process (PID=9159) to work on /home/airflow/.local/lib/python3.12/site-packages/airflow/example_dags/example_branch_day_of_week_operator.py
[2026-08-09T14:57:58.665+0000] {processor.py:914} INFO - Processing file /home/airflow/.local/lib/python3.12/site-packages/airflow/example_dags/example_branch_day_of_week_operator.py for tasks to queue
[2026-08-09T14:57:58.668+0000] {logging_mixin.py:190} INFO - [2026-08-09T14:57:58.667+0000] {dagbag.py:588} INFO - Filling up the DagBag from /home/airflow/.local/lib/python3.12/site-packages/airflow/example_dags/example_branch_day_of_week_operator.py
[2026-08-09T14:57:58.682+0000] {processor.py:925} INFO - DAG(s) 'example_weekday_branch_operator' retrieved from /home/airflow/.local/lib/python3.12/site-packages/airflow/example_dags/example_branch_day_of_week_operator.py
[2026-08-09T14:57:58.702+0000] {logging_mixin.py:190} INFO - [2026-08-09T14:57:58.701+0000] {dag.py:3239} INFO - Sync 1 DAGs
[2026-08-09T14:57:58.729+0000] {logging_mixin.py:190} INFO - [2026-08-09T14:57:58.728+0000] {dag.py:4180} INFO - Setting next_dagrun for example_weekday_branch_operator to 2026-08-08 00:00:00+00:00, run_after=2026-08-09 00:00:00+00:00
[2026-08-09T14:57:58.754+0000] {processor.py:208} INFO - Processing /home/airflow/.local/lib/python3.12/site-packages/airflow/example_dags/example_branch_day_of_week_operator.py took 0.097 seconds
[2026-08-09T14:58:29.780+0000] {processor.py:186} INFO - Started process (PID=9224) to work on /home/airflow/.local/lib/python3.12/site-packages/airflow/example_dags/example_branch_day_of_week_operator.py
[2026-08-09T14:58:29.781+0000] {processor.py:914} INFO - Processing file /home/airflow/.local/lib/python3.12/site-packages/airflow/example_dags/example_branch_day_of_week_operator.py for tasks to queue
[2026-08-09T14:58:29.785+0000] {logging_mixin.py:190} INFO - [2026-08-09T14:58:29.784+0000] {dagbag.py:588} INFO - Filling up the DagBag from /home/airflow/.local/lib/python3.12/site-packages/airflow/example_dags/example_branch_day_of_week_operator.py
[2026-08-09T14:58:29.797+0000] {processor.py:925} INFO - DAG(s) 'example_weekday_branch_operator' retrieved from /home/airflow/.local/lib/python3.12/site-packages/airflow/example_dags/example_branch_day_of_week_operator.py
[2026-08-09T14:58:29.821+0000] {logging_mixin.py:190} INFO - [2026-08-09T14:58:29.820+0000] {dag.py:3239} INFO - Sync 1 DAGs
[2026-08-09T14:58:29.850+0000] {logging_mixin.py:190} INFO - [2026-08-09T14:58:29.849+0000] {dag.py:4180} INFO - Setting next_dagrun for example_weekday_branch_operator to 2026-08-08 00:00:00+00:00, run_after=2026-08-09 00:00:00+00:00
[2026-08-09T14:58:29.872+0000] {processor.py:208} INFO - Processing /home/airflow/.local/lib/python3.12/site-packages/airflow/example_dags/example_branch_day_of_week_operator.py took 0.099 seconds
[2026-08-09T14:59:01.327+0000] {processor.py:186} INFO - Started process (PID=9289) to work on /home/airflow/.local/lib/python3.12/site-packages/airflow/example_dags/example_branch_day_of_week_operator.py
[2026-08-09T14:59:01.328+0000] {processor.py:914} INFO - Processing file /home/airflow/.local/lib/python3.12/site-packages/airflow/example_dags/example_branch_day_of_week_operator.py for tasks to queue
[2026-08-09T14:59:01.335+0000] {logging_mixin.py:190} INFO - [2026-08-09T14:59:01.334+0000] {dagbag.py:588} INFO - Filling up the DagBag from /home/airflow/.local/lib/python3.12/site-packages/airflow/example_dags/example_branch_day_of_week_operator.py
[2026-08-09T14:59:01.348+0000] {processor.py:925} INFO - DAG(s) 'example_weekday_branch_operator' retrieved from /home/airflow/.local/lib/python3.12/site-packages/airflow/example_dags/example_branch_day_of_week_operator.py
[2026-08-09T14:59:01.372+0000] {logging_mixin.py:190} INFO - [2026-08-09T14:59:01.372+0000] {dag.py:3239} INFO - Sync 1 DAGs
[2026-08-09T14:59:01.404+0000] {logging_mixin.py:190} INFO - [2026-08-09T14:59:01.404+0000] {dag.py:4180} INFO - Setting next_dagrun for example_weekday_branch_operator to 2026-08-08 00:00:00+00:00, run_after=2026-08-09 00:00:00+00:00
[2026-08-09T14:59:01.461+0000] {processor.py:208} INFO - Processing /home/airflow/.local/lib/python3.12/site-packages/airflow/example_dags/example_branch_day_of_week_operator.py took 0.141 seconds
[2026-08-09T14:59:31.971+0000] {processor.py:186} INFO - Started process (PID=9354) to work on /home/airflow/.local/lib/python3.12/site-packages/airflow/example_dags/example_branch_day_of_week_operator.py
[2026-08-09T14:59:31.972+0000] {processor.py:914} INFO - Processing file /home/airflow/.local/lib/python3.12/site-packages/airflow/example_dags/example_branch_day_of_week_operator.py for tasks to queue
[2026-08-09T14:59:31.975+0000] {logging_mixin.py:190} INFO - [2026-08-09T14:59:31.975+0000] {dagbag.py:588} INFO - Filling up the DagBag from /home/airflow/.local/lib/python3.12/site-packages/airflow/example_dags/example_branch_day_of_week_operator.py
[2026-08-09T14:59:31.986+0000] {processor.py:925} INFO - DAG(s) 'example_weekday_branch_operator' retrieved from /home/airflow/.local/lib/python3.12/site-packages/airflow/example_dags/example_branch_day_of_week_operator.py
[2026-08-09T14:59:32.005+0000] {logging_mixin.py:190} INFO - [2026-08-09T14:59:32.005+0000] {dag.py:3239} INFO - Sync 1 DAGs
[2026-08-09T14:59:32.030+0000] {logging_mixin.py:190} INFO - [2026-08-09T14:59:32.030+0000] {dag.py:4180} INFO - Setting next_dagrun for example_weekday_branch_operator to 2026-08-08 00:00:00+00:00, run_after=2026-08-09 00:00:00+00:00
[2026-08-09T14:59:32.051+0000] {processor.py:208} INFO - Processing /home/airflow/.local/lib/python3.12/site-packages/airflow/example_dags/example_branch_day_of_week_operator.py took 0.087 seconds
[2026-08-09T15:00:03.632+0000] {processor.py:186} INFO - Started process (PID=9419) to work on /home/airflow/.local/lib/python3.12/site-packages/airflow/example_dags/example_branch_day_of_week_operator.py
[2026-08-09T15:00:03.633+0000] {processor.py:914} INFO - Processing file /home/airflow/.local/lib/python3.12/site-packages/airflow/example_dags/example_branch_day_of_week_operator.py for tasks to queue
[2026-08-09T15:00:03.637+0000] {logging_mixin.py:190} INFO - [2026-08-09T15:00:03.636+0000] {dagbag.py:588} INFO - Filling up the DagBag from /home/airflow/.local/lib/python3.12/site-packages/airflow/example_dags/example_branch_day_of_week_operator.py
[2026-08-09T15:00:03.648+0000] {processor.py:925} INFO - DAG(s) 'example_weekday_branch_operator' retrieved from /home/airflow/.local/lib/python3.12/site-packages/airflow/example_dags/example_branch_day_of_week_operator.py
[2026-08-09T15:00:03.668+0000] {logging_mixin.py:190} INFO - [2026-08-09T15:00:03.668+0000] {dag.py:3239} INFO - Sync 1 DAGs
[2026-08-09T15:00:03.695+0000] {logging_mixin.py:190} INFO - [2026-08-09T15:00:03.695+0000] {dag.py:4180} INFO - Setting next_dagrun for example_weekday_branch_operator to 2026-08-08 00:00:00+00:00, run_after=2026-08-09 00:00:00+00:00
[2026-08-09T15:00:03.720+0000] {processor.py:208} INFO - Processing /home/airflow/.local/lib/python3.12/site-packages/airflow/example_dags/example_branch_day_of_week_operator.py took 0.095 seconds
[2026-08-09T15:00:34.997+0000] {processor.py:186} INFO - Started process (PID=9484) to work on /home/airflow/.local/lib/python3.12/site-packages/airflow/example_dags/example_branch_day_of_week_operator.py
[2026-08-09T15:00:34.998+0000] {processor.py:914} INFO - Processing file /home/airflow/.local/lib/python3.12/site-packages/airflow/example_dags/example_branch_day_of_week_operator.py for tasks to queue
[2026-08-09T15:00:35.002+0000] {logging_mixin.py:190} INFO - [2026-08-09T15:00:35.001+0000] {dagbag.py:588} INFO - Filling up the DagBag from /home/airflow/.local/lib/python3.12/site-packages/airflow/example_dags/example_branch_day_of_week_operator.py
[2026-08-09T15:00:35.013+0000] {processor.py:925} INFO - DAG(s) 'example_weekday_branch_operator' retrieved from /home/airflow/.local/lib/python3.12/site-packages/airflow/example_dags/example_branch_day_of_week_operator.py
[2026-08-09T15:00:35.033+0000] {logging_mixin.py:190} INFO - [2026-08-09T15:00:35.033+0000] {dag.py:3239} INFO - Sync 1 DAGs
[2026-08-09T15:00:35.059+0000] {logging_mixin.py:190} INFO - [2026-08-09T15:00:35.059+0000] {dag.py:4180} INFO - Setting next_dagrun for example_weekday_branch_operator to 2026-08-08 00:00:00+00:00, run_after=2026-08-09 00:00:00+00:00
[2026-08-09T15:00:35.080+0000] {processor.py:208} INFO - Processing /home/airflow/.local/lib/python3.12/site-packages/airflow/example_dags/example_branch_day_of_week_operator.py took 0.089 seconds
[2026-08-09T15:01:05.910+0000] {processor.py:186} INFO - Started process (PID=9549) to work on /home/airflow/.local/lib/python3.12/site-packages/airflow/example_dags/example_branch_day_of_week_operator.py
[2026-08-09T15:01:05.911+0000] {processor.py:914} INFO - Processing file /home/airflow/.local/lib/python3.12/site-packages/airflow/example_dags/example_branch_day_of_week_operator.py for tasks to queue
[2026-08-09T15:01:05.914+0000] {logging_mixin.py:190} INFO - [2026-08-09T15:01:05.914+0000] {dagbag.py:588} INFO - Filling up the DagBag from /home/airflow/.local/lib/python3.12/site-packages/airflow/example_dags/example_branch_day_of_week_operator.py
[2026-08-09T15:01:05.924+0000] {processor.py:925} INFO - DAG(s) 'example_weekday_branch_operator' retrieved from /home/airflow/.local/lib/python3.12/site-packages/airflow/example_dags/example_branch_day_of_week_operator.py
[2026-08-09T15:01:05.944+0000] {logging_mixin.py:190} INFO - [2026-08-09T15:01:05.944+0000] {dag.py:3239} INFO - Sync 1 DAGs
[2026-08-09T15:01:05.969+0000] {logging_mixin.py:190} INFO - [2026-08-09T15:01:05.968+0000] {dag.py:4180} INFO - Setting next_dagrun for example_weekday_branch_operator to 2026-08-08 00:00:00+00:00, run_after=2026-08-09 00:00:00+00:00
[2026-08-09T15:01:05.992+0000] {processor.py:208} INFO - Processing /home/airflow/.local/lib/python3.12/site-packages/airflow/example_dags/example_branch_day_of_week_operator.py took 0.088 seconds
[2026-08-09T15:01:37.299+0000] {processor.py:186} INFO - Started process (PID=9614) to work on /home/airflow/.local/lib/python3.12/site-packages/airflow/example_dags/example_branch_day_of_week_operator.py
[2026-08-09T15:01:37.301+0000] {processor.py:914} INFO - Processing file /home/airflow/.local/lib/python3.12/site-packages/airflow/example_dags/example_branch_day_of_week_operator.py for tasks to queue
[2026-08-09T15:01:37.303+0000] {logging_mixin.py:190} INFO - [2026-08-09T15:01:37.303+0000] {dagbag.py:588} INFO - Filling up the DagBag from /home/airflow/.local/lib/python3.12/site-packages/airflow/example_dags/example_branch_day_of_week_operator.py
[2026-08-09T15:01:37.317+0000] {processor.py:925} INFO - DAG(s) 'example_weekday_branch_operator' retrieved from /home/airflow/.local/lib/python3.12/site-packages/airflow/example_dags/example_branch_day_of_week_operator.py
[2026-08-09T15:01:37.342+0000] {logging_mixin.py:190} INFO - [2026-08-09T15:01:37.342+0000] {dag.py:3239} INFO - Sync 1 DAGs
[2026-08-09T15:01:37.370+0000] {logging_mixin.py:190} INFO - [2026-08-09T15:01:37.369+0000] {dag.py:4180} INFO - Setting next_dagrun for example_weekday_branch_operator to 2026-08-08 00:00:00+00:00, run_after=2026-08-09 00:00:00+00:00
[2026-08-09T15:01:37.392+0000] {processor.py:208} INFO - Processing /home/airflow/.local/lib/python3.12/site-packages/airflow/example_dags/example_branch_day_of_week_operator.py took 0.099 seconds
[2026-08-09T15:02:08.552+0000] {processor.py:186} INFO - Started process (PID=9679) to work on /home/airflow/.local/lib/python3.12/site-packages/airflow/example_dags/example_branch_day_of_week_operator.py
[2026-08-09T15:02:08.553+0000] {processor.py:914} INFO - Processing file /home/airflow/.local/lib/python3.12/site-packages/airflow/example_dags/example_branch_day_of_week_operator.py for tasks to queue
[2026-08-09T15:02:08.557+0000] {logging_mixin.py:190} INFO - [2026-08-09T15:02:08.556+0000] {dagbag.py:588} INFO - Filling up the DagBag from /home/airflow/.local/lib/python3.12/site-packages/airflow/example_dags/example_branch_day_of_week_operator.py
[2026-08-09T15:02:08.573+0000] {processor.py:925} INFO - DAG(s) 'example_weekday_branch_operator' retrieved from /home/airflow/.local/lib/python3.12/site-packages/airflow/example_dags/example_branch_day_of_week_operator.py
[2026-08-09T15:02:08.598+0000] {logging_mixin.py:190} INFO - [2026-08-09T15:02:08.597+0000] {dag.py:3239} INFO - Sync 1 DAGs
[2026-08-09T15:02:08.631+0000] {logging_mixin.py:190} INFO - [2026-08-09T15:02:08.631+0000] {dag.py:4180} INFO - Setting next_dagrun for example_weekday_branch_operator to 2026-08-08 00:00:00+00:00, run_after=2026-08-09 00:00:00+00:00
[2026-08-09T15:02:08.652+0000] {processor.py:208} INFO - Processing /home/airflow/.local/lib/python3.12/site-packages/airflow/example_dags/example_branch_day_of_week_operator.py took 0.107 seconds
[2026-08-09T15:02:40.381+0000] {processor.py:186} INFO - Started process (PID=9746) to work on /home/airflow/.local/lib/python3.12/site-packages/airflow/example_dags/example_branch_day_of_week_operator.py
[2026-08-09T15:02:40.383+0000] {processor.py:914} INFO - Processing file /home/airflow/.local/lib/python3.12/site-packages/airflow/example_dags/example_branch_day_of_week_operator.py for tasks to queue
[2026-08-09T15:02:40.386+0000] {logging_mixin.py:190} INFO - [2026-08-09T15:02:40.385+0000] {dagbag.py:588} INFO - Filling up the DagBag from /home/airflow/.local/lib/python3.12/site-packages/airflow/example_dags/example_branch_day_of_week_operator.py
[2026-08-09T15:02:40.398+0000] {processor.py:925} INFO - DAG(s) 'example_weekday_branch_operator' retrieved from /home/airflow/.local/lib/python3.12/site-packages/airflow/example_dags/example_branch_day_of_week_operator.py
[2026-08-09T15:02:40.427+0000] {logging_mixin.py:190} INFO - [2026-08-09T15:02:40.427+0000] {dag.py:3239} INFO - Sync 1 DAGs
[2026-08-09T15:02:40.470+0000] {logging_mixin.py:190} INFO - [2026-08-09T15:02:40.469+0000] {dag.py:4180} INFO - Setting next_dagrun for example_weekday_branch_operator to 2026-08-08 00:00:00+00:00, run_after=2026-08-09 00:00:00+00:00
[2026-08-09T15:02:40.496+0000] {processor.py:208} INFO - Processing /home/airflow/.local/lib/python3.12/site-packages/airflow/example_dags/example_branch_day_of_week_operator.py took 0.122 seconds
[2026-08-09T15:03:11.619+0000] {processor.py:186} INFO - Started process (PID=9811) to work on /home/airflow/.local/lib/python3.12/site-packages/airflow/example_dags/example_branch_day_of_week_operator.py
[2026-08-09T15:03:11.621+0000] {processor.py:914} INFO - Processing file /home/airflow/.local/lib/python3.12/site-packages/airflow/example_dags/example_branch_day_of_week_operator.py for tasks to queue
[2026-08-09T15:03:11.623+0000] {logging_mixin.py:190} INFO - [2026-08-09T15:03:11.623+0000] {dagbag.py:588} INFO - Filling up the DagBag from /home/airflow/.local/lib/python3.12/site-packages/airflow/example_dags/example_branch_day_of_week_operator.py
[2026-08-09T15:03:11.634+0000] {processor.py:925} INFO - DAG(s) 'example_weekday_branch_operator' retrieved from /home/airflow/.local/lib/python3.12/site-packages/airflow/example_dags/example_branch_day_of_week_operator.py
[2026-08-09T15:03:11.657+0000] {logging_mixin.py:190} INFO - [2026-08-09T15:03:11.657+0000] {dag.py:3239} INFO - Sync 1 DAGs
[2026-08-09T15:03:11.685+0000] {logging_mixin.py:190} INFO - [2026-08-09T15:03:11.685+0000] {dag.py:4180} INFO - Setting next_dagrun for example_weekday_branch_operator to 2026-08-08 00:00:00+00:00, run_after=2026-08-09 00:00:00+00:00
[2026-08-09T15:03:11.707+0000] {processor.py:208} INFO - Processing /home/airflow/.local/lib/python3.12/site-packages/airflow/example_dags/example_branch_day_of_week_operator.py took 0.095 seconds
[2026-08-09T15:03:42.714+0000] {processor.py:186} INFO - Started process (PID=9876) to work on /home/airflow/.local/lib/python3.12/site-packages/airflow/example_dags/example_branch_day_of_week_operator.py
[2026-08-09T15:03:42.716+0000] {processor.py:914} INFO - Processing file /home/airflow/.local/lib/python3.12/site-packages/airflow/example_dags/example_branch_day_of_week_operator.py for tasks to queue
[2026-08-09T15:03:42.719+0000] {logging_mixin.py:190} INFO - [2026-08-09T15:03:42.718+0000] {dagbag.py:588} INFO - Filling up the DagBag from /home/airflow/.local/lib/python3.12/site-packages/airflow/example_dags/example_branch_day_of_week_operator.py
[2026-08-09T15:03:42.731+0000] {processor.py:925} INFO - DAG(s) 'example_weekday_branch_operator' retrieved from /home/airflow/.local/lib/python3.12/site-packages/airflow/example_dags/example_branch_day_of_week_operator.py
[2026-08-09T15:03:42.754+0000] {logging_mixin.py:190} INFO - [2026-08-09T15:03:42.754+0000] {dag.py:3239} INFO - Sync 1 DAGs
[2026-08-09T15:03:42.784+0000] {logging_mixin.py:190} INFO - [2026-08-09T15:03:42.783+0000] {dag.py:4180} INFO - Setting next_dagrun for example_weekday_branch_operator to 2026-08-08 00:00:00+00:00, run_after=2026-08-09 00:00:00+00:00
[2026-08-09T15:03:42.803+0000] {processor.py:208} INFO - Processing /home/airflow/.local/lib/python3.12/site-packages/airflow/example_dags/example_branch_day_of_week_operator.py took 0.098 seconds
[2026-08-09T15:04:13.839+0000] {processor.py:186} INFO - Started process (PID=9947) to work on /home/airflow/.local/lib/python3.12/site-packages/airflow/example_dags/example_branch_day_of_week_operator.py
[2026-08-09T15:04:13.840+0000] {processor.py:914} INFO - Processing file /home/airflow/.local/lib/python3.12/site-packages/airflow/example_dags/example_branch_day_of_week_operator.py for tasks to queue
[2026-08-09T15:04:13.843+0000] {logging_mixin.py:190} INFO - [2026-08-09T15:04:13.843+0000] {dagbag.py:588} INFO - Filling up the DagBag from /home/airflow/.local/lib/python3.12/site-packages/airflow/example_dags/example_branch_day_of_week_operator.py
[2026-08-09T15:04:13.854+0000] {processor.py:925} INFO - DAG(s) 'example_weekday_branch_operator' retrieved from /home/airflow/.local/lib/python3.12/site-packages/airflow/example_dags/example_branch_day_of_week_operator.py
[2026-08-09T15:04:13.876+0000] {logging_mixin.py:190} INFO - [2026-08-09T15:04:13.876+0000] {dag.py:3239} INFO - Sync 1 DAGs
[2026-08-09T15:04:13.911+0000] {logging_mixin.py:190} INFO - [2026-08-09T15:04:13.911+0000] {dag.py:4180} INFO - Setting next_dagrun for example_weekday_branch_operator to 2026-08-08 00:00:00+00:00, run_after=2026-08-09 00:00:00+00:00
[2026-08-09T15:04:13.933+0000] {processor.py:208} INFO - Processing /home/airflow/.local/lib/python3.12/site-packages/airflow/example_dags/example_branch_day_of_week_operator.py took 0.101 seconds
[2026-08-09T15:04:45.617+0000] {processor.py:186} INFO - Started process (PID=10012) to work on /home/airflow/.local/lib/python3.12/site-packages/airflow/example_dags/example_branch_day_of_week_operator.py
[2026-08-09T15:04:45.619+0000] {processor.py:914} INFO - Processing file /home/airflow/.local/lib/python3.12/site-packages/airflow/example_dags/example_branch_day_of_week_operator.py for tasks to queue
[2026-08-09T15:04:45.622+0000] {logging_mixin.py:190} INFO - [2026-08-09T15:04:45.622+0000] {dagbag.py:588} INFO - Filling up the DagBag from /home/airflow/.local/lib/python3.12/site-packages/airflow/example_dags/example_branch_day_of_week_operator.py
[2026-08-09T15:04:45.633+0000] {processor.py:925} INFO - DAG(s) 'example_weekday_branch_operator' retrieved from /home/airflow/.local/lib/python3.12/site-packages/airflow/example_dags/example_branch_day_of_week_operator.py
[2026-08-09T15:04:45.655+0000] {logging_mixin.py:190} INFO - [2026-08-09T15:04:45.655+0000] {dag.py:3239} INFO - Sync 1 DAGs
[2026-08-09T15:04:45.681+0000] {logging_mixin.py:190} INFO - [2026-08-09T15:04:45.681+0000] {dag.py:4180} INFO - Setting next_dagrun for example_weekday_branch_operator to 2026-08-08 00:00:00+00:00, run_after=2026-08-09 00:00:00+00:00
[2026-08-09T15:04:45.702+0000] {processor.py:208} INFO - Processing /home/airflow/.local/lib/python3.12/site-packages/airflow/example_dags/example_branch_day_of_week_operator.py took 0.091 seconds
[2026-08-09T15:05:16.735+0000] {processor.py:186} INFO - Started process (PID=10077) to work on /home/airflow/.local/lib/python3.12/site-packages/airflow/example_dags/example_branch_day_of_week_operator.py
[2026-08-09T15:05:16.736+0000] {processor.py:914} INFO - Processing file /home/airflow/.local/lib/python3.12/site-packages/airflow/example_dags/example_branch_day_of_week_operator.py for tasks to queue
[2026-08-09T15:05:16.739+0000] {logging_mixin.py:190} INFO - [2026-08-09T15:05:16.739+0000] {dagbag.py:588} INFO - Filling up the DagBag from /home/airflow/.local/lib/python3.12/site-packages/airflow/example_dags/example_branch_day_of_week_operator.py
[2026-08-09T15:05:16.749+0000] {processor.py:925} INFO - DAG(s) 'example_weekday_branch_operator' retrieved from /home/airflow/.local/lib/python3.12/site-packages/airflow/example_dags/example_branch_day_of_week_operator.py
[2026-08-09T15:05:16.773+0000] {logging_mixin.py:190} INFO - [2026-08-09T15:05:16.773+0000] {dag.py:3239} INFO - Sync 1 DAGs
[2026-08-09T15:05:16.803+0000] {logging_mixin.py:190} INFO - [2026-08-09T15:05:16.802+0000] {dag.py:4180} INFO - Setting next_dagrun for example_weekday_branch_operator to 2026-08-08 00:00:00+00:00, run_after=2026-08-09 00:00:00+00:00
[2026-08-09T15:05:16.823+0000] {processor.py:208} INFO - Processing /home/airflow/.local/lib/python3.12/site-packages/airflow/example_dags/example_branch_day_of_week_operator.py took 0.095 seconds
[2026-08-09T15:05:48.026+0000] {processor.py:186} INFO - Started process (PID=10141) to work on /home/airflow/.local/lib/python3.12/site-packages/airflow/example_dags/example_branch_day_of_week_operator.py
[2026-08-09T15:05:48.028+0000] {processor.py:914} INFO - Processing file /home/airflow/.local/lib/python3.12/site-packages/airflow/example_dags/example_branch_day_of_week_operator.py for tasks to queue
[2026-08-09T15:05:48.031+0000] {logging_mixin.py:190} INFO - [2026-08-09T15:05:48.031+0000] {dagbag.py:588} INFO - Filling up the DagBag from /home/airflow/.local/lib/python3.12/site-packages/airflow/example_dags/example_branch_day_of_week_operator.py
[2026-08-09T15:05:48.044+0000] {processor.py:925} INFO - DAG(s) 'example_weekday_branch_operator' retrieved from /home/airflow/.local/lib/python3.12/site-packages/airflow/example_dags/example_branch_day_of_week_operator.py
[2026-08-09T15:05:48.065+0000] {logging_mixin.py:190} INFO - [2026-08-09T15:05:48.065+0000] {dag.py:3239} INFO - Sync 1 DAGs
[2026-08-09T15:05:48.094+0000] {logging_mixin.py:190} INFO - [2026-08-09T15:05:48.094+0000] {dag.py:4180} INFO - Setting next_dagrun for example_weekday_branch_operator to 2026-08-08 00:00:00+00:00, run_after=2026-08-09 00:00:00+00:00
[2026-08-09T15:05:48.114+0000] {processor.py:208} INFO - Processing /home/airflow/.local/lib/python3.12/site-packages/airflow/example_dags/example_branch_day_of_week_operator.py took 0.095 seconds
[2026-08-09T15:06:18.614+0000] {processor.py:186} INFO - Started process (PID=10206) to work on /home/airflow/.local/lib/python3.12/site-packages/airflow/example_dags/example_branch_day_of_week_operator.py
[2026-08-09T15:06:18.616+0000] {processor.py:914} INFO - Processing file /home/airflow/.local/lib/python3.12/site-packages/airflow/example_dags/example_branch_day_of_week_operator.py for tasks to queue
[2026-08-09T15:06:18.618+0000] {logging_mixin.py:190} INFO - [2026-08-09T15:06:18.618+0000] {dagbag.py:588} INFO - Filling up the DagBag from /home/airflow/.local/lib/python3.12/site-packages/airflow/example_dags/example_branch_day_of_week_operator.py
[2026-08-09T15:06:18.629+0000] {processor.py:925} INFO - DAG(s) 'example_weekday_branch_operator' retrieved from /home/airflow/.local/lib/python3.12/site-packages/airflow/example_dags/example_branch_day_of_week_operator.py
[2026-08-09T15:06:18.649+0000] {logging_mixin.py:190} INFO - [2026-08-09T15:06:18.649+0000] {dag.py:3239} INFO - Sync 1 DAGs
[2026-08-09T15:06:18.673+0000] {logging_mixin.py:190} INFO - [2026-08-09T15:06:18.673+0000] {dag.py:4180} INFO - Setting next_dagrun for example_weekday_branch_operator to 2026-08-08 00:00:00+00:00, run_after=2026-08-09 00:00:00+00:00
[2026-08-09T15:06:18.695+0000] {processor.py:208} INFO - Processing /home/airflow/.local/lib/python3.12/site-packages/airflow/example_dags/example_branch_day_of_week_operator.py took 0.086 seconds
[2026-08-09T15:06:49.721+0000] {processor.py:186} INFO - Started process (PID=10271) to work on /home/airflow/.local/lib/python3.12/site-packages/airflow/example_dags/example_branch_day_of_week_operator.py
[2026-08-09T15:06:49.723+0000] {processor.py:914} INFO - Processing file /home/airflow/.local/lib/python3.12/site-packages/airflow/example_dags/example_branch_day_of_week_operator.py for tasks to queue
[2026-08-09T15:06:49.727+0000] {logging_mixin.py:190} INFO - [2026-08-09T15:06:49.726+0000] {dagbag.py:588} INFO - Filling up the DagBag from /home/airflow/.local/lib/python3.12/site-packages/airflow/example_dags/example_branch_day_of_week_operator.py
[2026-08-09T15:06:49.738+0000] {processor.py:925} INFO - DAG(s) 'example_weekday_branch_operator' retrieved from /home/airflow/.local/lib/python3.12/site-packages/airflow/example_dags/example_branch_day_of_week_operator.py
[2026-08-09T15:06:49.761+0000] {logging_mixin.py:190} INFO - [2026-08-09T15:06:49.761+0000] {dag.py:3239} INFO - Sync 1 DAGs
[2026-08-09T15:06:49.791+0000] {logging_mixin.py:190} INFO - [2026-08-09T15:06:49.790+0000] {dag.py:4180} INFO - Setting next_dagrun for example_weekday_branch_operator to 2026-08-08 00:00:00+00:00, run_after=2026-08-09 00:00:00+00:00
[2026-08-09T15:06:49.822+0000] {processor.py:208} INFO - Processing /home/airflow/.local/lib/python3.12/site-packages/airflow/example_dags/example_branch_day_of_week_operator.py took 0.109 seconds
[2026-08-09T15:07:21.007+0000] {processor.py:186} INFO - Started process (PID=10336) to work on /home/airflow/.local/lib/python3.12/site-packages/airflow/example_dags/example_branch_day_of_week_operator.py
[2026-08-09T15:07:21.008+0000] {processor.py:914} INFO - Processing file /home/airflow/.local/lib/python3.12/site-packages/airflow/example_dags/example_branch_day_of_week_operator.py for tasks to queue
[2026-08-09T15:07:21.013+0000] {logging_mixin.py:190} INFO - [2026-08-09T15:07:21.012+0000] {dagbag.py:588} INFO - Filling up the DagBag from /home/airflow/.local/lib/python3.12/site-packages/airflow/example_dags/example_branch_day_of_week_operator.py
[2026-08-09T15:07:21.025+0000] {processor.py:925} INFO - DAG(s) 'example_weekday_branch_operator' retrieved from /home/airflow/.local/lib/python3.12/site-packages/airflow/example_dags/example_branch_day_of_week_operator.py
[2026-08-09T15:07:21.049+0000] {logging_mixin.py:190} INFO - [2026-08-09T15:07:21.049+0000] {dag.py:3239} INFO - Sync 1 DAGs
[2026-08-09T15:07:21.077+0000] {logging_mixin.py:190} INFO - [2026-08-09T15:07:21.077+0000] {dag.py:4180} INFO - Setting next_dagrun for example_weekday_branch_operator to 2026-08-08 00:00:00+00:00, run_after=2026-08-09 00:00:00+00:00
[2026-08-09T15:07:21.101+0000] {processor.py:208} INFO - Processing /home/airflow/.local/lib/python3.12/site-packages/airflow/example_dags/example_branch_day_of_week_operator.py took 0.102 seconds
[2026-08-09T15:07:52.264+0000] {processor.py:186} INFO - Started process (PID=10402) to work on /home/airflow/.local/lib/python3.12/site-packages/airflow/example_dags/example_branch_day_of_week_operator.py
[2026-08-09T15:07:52.266+0000] {processor.py:914} INFO - Processing file /home/airflow/.local/lib/python3.12/site-packages/airflow/example_dags/example_branch_day_of_week_operator.py for tasks to queue
[2026-08-09T15:07:52.268+0000] {logging_mixin.py:190} INFO - [2026-08-09T15:07:52.268+0000] {dagbag.py:588} INFO - Filling up the DagBag from /home/airflow/.local/lib/python3.12/site-packages/airflow/example_dags/example_branch_day_of_week_operator.py
[2026-08-09T15:07:52.279+0000] {processor.py:925} INFO - DAG(s) 'example_weekday_branch_operator' retrieved from /home/airflow/.local/lib/python3.12/site-packages/airflow/example_dags/example_branch_day_of_week_operator.py
[2026-08-09T15:07:52.302+0000] {logging_mixin.py:190} INFO - [2026-08-09T15:07:52.302+0000] {dag.py:3239} INFO - Sync 1 DAGs
[2026-08-09T15:07:52.332+0000] {logging_mixin.py:190} INFO - [2026-08-09T15:07:52.332+0000] {dag.py:4180} INFO - Setting next_dagrun for example_weekday_branch_operator to 2026-08-08 00:00:00+00:00, run_after=2026-08-09 00:00:00+00:00
[2026-08-09T15:07:52.355+0000] {processor.py:208} INFO - Processing /home/airflow/.local/lib/python3.12/site-packages/airflow/example_dags/example_branch_day_of_week_operator.py took 0.097 seconds
[2026-08-09T15:08:23.246+0000] {processor.py:186} INFO - Started process (PID=10467) to work on /home/airflow/.local/lib/python3.12/site-packages/airflow/example_dags/example_branch_day_of_week_operator.py
[2026-08-09T15:08:23.247+0000] {processor.py:914} INFO - Processing file /home/airflow/.local/lib/python3.12/site-packages/airflow/example_dags/example_branch_day_of_week_operator.py for tasks to queue
[2026-08-09T15:08:23.250+0000] {logging_mixin.py:190} INFO - [2026-08-09T15:08:23.250+0000] {dagbag.py:588} INFO - Filling up the DagBag from /home/airflow/.local/lib/python3.12/site-packages/airflow/example_dags/example_branch_day_of_week_operator.py
[2026-08-09T15:08:23.261+0000] {processor.py:925} INFO - DAG(s) 'example_weekday_branch_operator' retrieved from /home/airflow/.local/lib/python3.12/site-packages/airflow/example_dags/example_branch_day_of_week_operator.py
[2026-08-09T15:08:23.283+0000] {logging_mixin.py:190} INFO - [2026-08-09T15:08:23.283+0000] {dag.py:3239} INFO - Sync 1 DAGs
[2026-08-09T15:08:23.316+0000] {logging_mixin.py:190} INFO - [2026-08-09T15:08:23.316+0000] {dag.py:4180} INFO - Setting next_dagrun for example_weekday_branch_operator to 2026-08-08 00:00:00+00:00, run_after=2026-08-09 00:00:00+00:00
[2026-08-09T15:08:23.339+0000] {processor.py:208} INFO - Processing /home/airflow/.local/lib/python3.12/site-packages/airflow/example_dags/example_branch_day_of_week_operator.py took 0.099 seconds
[2026-08-09T15:08:54.545+0000] {processor.py:186} INFO - Started process (PID=10533) to work on /home/airflow/.local/lib/python3.12/site-packages/airflow/example_dags/example_branch_day_of_week_operator.py
[2026-08-09T15:08:54.547+0000] {processor.py:914} INFO - Processing file /home/airflow/.local/lib/python3.12/site-packages/airflow/example_dags/example_branch_day_of_week_operator.py for tasks to queue
[2026-08-09T15:08:54.551+0000] {logging_mixin.py:190} INFO - [2026-08-09T15:08:54.550+0000] {dagbag.py:588} INFO - Filling up the DagBag from /home/airflow/.local/lib/python3.12/site-packages/airflow/example_dags/example_branch_day_of_week_operator.py
[2026-08-09T15:08:54.566+0000] {processor.py:925} INFO - DAG(s) 'example_weekday_branch_operator' retrieved from /home/airflow/.local/lib/python3.12/site-packages/airflow/example_dags/example_branch_day_of_week_operator.py
[2026-08-09T15:08:54.595+0000] {logging_mixin.py:190} INFO - [2026-08-09T15:08:54.594+0000] {dag.py:3239} INFO - Sync 1 DAGs
[2026-08-09T15:08:54.623+0000] {logging_mixin.py:190} INFO - [2026-08-09T15:08:54.623+0000] {dag.py:4180} INFO - Setting next_dagrun for example_weekday_branch_operator to 2026-08-08 00:00:00+00:00, run_after=2026-08-09 00:00:00+00:00
[2026-08-09T15:08:54.647+0000] {processor.py:208} INFO - Processing /home/airflow/.local/lib/python3.12/site-packages/airflow/example_dags/example_branch_day_of_week_operator.py took 0.113 seconds
[2026-08-09T15:09:25.774+0000] {processor.py:186} INFO - Started process (PID=10600) to work on /home/airflow/.local/lib/python3.12/site-packages/airflow/example_dags/example_branch_day_of_week_operator.py
[2026-08-09T15:09:25.776+0000] {processor.py:914} INFO - Processing file /home/airflow/.local/lib/python3.12/site-packages/airflow/example_dags/example_branch_day_of_week_operator.py for tasks to queue
[2026-08-09T15:09:25.780+0000] {logging_mixin.py:190} INFO - [2026-08-09T15:09:25.779+0000] {dagbag.py:588} INFO - Filling up the DagBag from /home/airflow/.local/lib/python3.12/site-packages/airflow/example_dags/example_branch_day_of_week_operator.py
[2026-08-09T15:09:25.794+0000] {processor.py:925} INFO - DAG(s) 'example_weekday_branch_operator' retrieved from /home/airflow/.local/lib/python3.12/site-packages/airflow/example_dags/example_branch_day_of_week_operator.py
[2026-08-09T15:09:25.820+0000] {logging_mixin.py:190} INFO - [2026-08-09T15:09:25.820+0000] {dag.py:3239} INFO - Sync 1 DAGs
[2026-08-09T15:09:25.848+0000] {logging_mixin.py:190} INFO - [2026-08-09T15:09:25.847+0000] {dag.py:4180} INFO - Setting next_dagrun for example_weekday_branch_operator to 2026-08-08 00:00:00+00:00, run_after=2026-08-09 00:00:00+00:00
[2026-08-09T15:09:25.870+0000] {processor.py:208} INFO - Processing /home/airflow/.local/lib/python3.12/site-packages/airflow/example_dags/example_branch_day_of_week_operator.py took 0.104 seconds
[2026-08-09T15:09:56.657+0000] {processor.py:186} INFO - Started process (PID=10665) to work on /home/airflow/.local/lib/python3.12/site-packages/airflow/example_dags/example_branch_day_of_week_operator.py
[2026-08-09T15:09:56.659+0000] {processor.py:914} INFO - Processing file /home/airflow/.local/lib/python3.12/site-packages/airflow/example_dags/example_branch_day_of_week_operator.py for tasks to queue
[2026-08-09T15:09:56.663+0000] {logging_mixin.py:190} INFO - [2026-08-09T15:09:56.662+0000] {dagbag.py:588} INFO - Filling up the DagBag from /home/airflow/.local/lib/python3.12/site-packages/airflow/example_dags/example_branch_day_of_week_operator.py
[2026-08-09T15:09:56.679+0000] {processor.py:925} INFO - DAG(s) 'example_weekday_branch_operator' retrieved from /home/airflow/.local/lib/python3.12/site-packages/airflow/example_dags/example_branch_day_of_week_operator.py
[2026-08-09T15:09:56.708+0000] {logging_mixin.py:190} INFO - [2026-08-09T15:09:56.708+0000] {dag.py:3239} INFO - Sync 1 DAGs
[2026-08-09T15:09:56.745+0000] {logging_mixin.py:190} INFO - [2026-08-09T15:09:56.743+0000] {dag.py:4180} INFO - Setting next_dagrun for example_weekday_branch_operator to 2026-08-08 00:00:00+00:00, run_after=2026-08-09 00:00:00+00:00
[2026-08-09T15:09:56.768+0000] {processor.py:208} INFO - Processing /home/airflow/.local/lib/python3.12/site-packages/airflow/example_dags/example_branch_day_of_week_operator.py took 0.121 seconds
[2026-08-09T15:10:28.268+0000] {processor.py:186} INFO - Started process (PID=10730) to work on /home/airflow/.local/lib/python3.12/site-packages/airflow/example_dags/example_branch_day_of_week_operator.py
[2026-08-09T15:10:28.270+0000] {processor.py:914} INFO - Processing file /home/airflow/.local/lib/python3.12/site-packages/airflow/example_dags/example_branch_day_of_week_operator.py for tasks to queue
[2026-08-09T15:10:28.273+0000] {logging_mixin.py:190} INFO - [2026-08-09T15:10:28.272+0000] {dagbag.py:588} INFO - Filling up the DagBag from /home/airflow/.local/lib/python3.12/site-packages/airflow/example_dags/example_branch_day_of_week_operator.py
[2026-08-09T15:10:28.286+0000] {processor.py:925} INFO - DAG(s) 'example_weekday_branch_operator' retrieved from /home/airflow/.local/lib/python3.12/site-packages/airflow/example_dags/example_branch_day_of_week_operator.py
[2026-08-09T15:10:28.310+0000] {logging_mixin.py:190} INFO - [2026-08-09T15:10:28.310+0000] {dag.py:3239} INFO - Sync 1 DAGs
[2026-08-09T15:10:28.340+0000] {logging_mixin.py:190} INFO - [2026-08-09T15:10:28.339+0000] {dag.py:4180} INFO - Setting next_dagrun for example_weekday_branch_operator to 2026-08-08 00:00:00+00:00, run_after=2026-08-09 00:00:00+00:00
[2026-08-09T15:10:28.364+0000] {processor.py:208} INFO - Processing /home/airflow/.local/lib/python3.12/site-packages/airflow/example_dags/example_branch_day_of_week_operator.py took 0.102 seconds
[2026-08-09T15:10:59.852+0000] {processor.py:186} INFO - Started process (PID=10795) to work on /home/airflow/.local/lib/python3.12/site-packages/airflow/example_dags/example_branch_day_of_week_operator.py
[2026-08-09T15:10:59.854+0000] {processor.py:914} INFO - Processing file /home/airflow/.local/lib/python3.12/site-packages/airflow/example_dags/example_branch_day_of_week_operator.py for tasks to queue
[2026-08-09T15:10:59.858+0000] {logging_mixin.py:190} INFO - [2026-08-09T15:10:59.857+0000] {dagbag.py:588} INFO - Filling up the DagBag from /home/airflow/.local/lib/python3.12/site-packages/airflow/example_dags/example_branch_day_of_week_operator.py
[2026-08-09T15:10:59.869+0000] {processor.py:925} INFO - DAG(s) 'example_weekday_branch_operator' retrieved from /home/airflow/.local/lib/python3.12/site-packages/airflow/example_dags/example_branch_day_of_week_operator.py
[2026-08-09T15:10:59.891+0000] {logging_mixin.py:190} INFO - [2026-08-09T15:10:59.890+0000] {dag.py:3239} INFO - Sync 1 DAGs
[2026-08-09T15:10:59.916+0000] {logging_mixin.py:190} INFO - [2026-08-09T15:10:59.916+0000] {dag.py:4180} INFO - Setting next_dagrun for example_weekday_branch_operator to 2026-08-08 00:00:00+00:00, run_after=2026-08-09 00:00:00+00:00
[2026-08-09T15:10:59.940+0000] {processor.py:208} INFO - Processing /home/airflow/.local/lib/python3.12/site-packages/airflow/example_dags/example_branch_day_of_week_operator.py took 0.106 seconds
[2026-08-09T15:11:31.545+0000] {processor.py:186} INFO - Started process (PID=10860) to work on /home/airflow/.local/lib/python3.12/site-packages/airflow/example_dags/example_branch_day_of_week_operator.py
[2026-08-09T15:11:31.546+0000] {processor.py:914} INFO - Processing file /home/airflow/.local/lib/python3.12/site-packages/airflow/example_dags/example_branch_day_of_week_operator.py for tasks to queue
[2026-08-09T15:11:31.550+0000] {logging_mixin.py:190} INFO - [2026-08-09T15:11:31.550+0000] {dagbag.py:588} INFO - Filling up the DagBag from /home/airflow/.local/lib/python3.12/site-packages/airflow/example_dags/example_branch_day_of_week_operator.py
[2026-08-09T15:11:31.563+0000] {processor.py:925} INFO - DAG(s) 'example_weekday_branch_operator' retrieved from /home/airflow/.local/lib/python3.12/site-packages/airflow/example_dags/example_branch_day_of_week_operator.py
[2026-08-09T15:11:31.588+0000] {logging_mixin.py:190} INFO - [2026-08-09T15:11:31.588+0000] {dag.py:3239} INFO - Sync 1 DAGs
[2026-08-09T15:11:31.619+0000] {logging_mixin.py:190} INFO - [2026-08-09T15:11:31.619+0000] {dag.py:4180} INFO - Setting next_dagrun for example_weekday_branch_operator to 2026-08-08 00:00:00+00:00, run_after=2026-08-09 00:00:00+00:00
[2026-08-09T15:11:31.642+0000] {processor.py:208} INFO - Processing /home/airflow/.local/lib/python3.12/site-packages/airflow/example_dags/example_branch_day_of_week_operator.py took 0.104 seconds
[2026-08-09T15:12:02.069+0000] {processor.py:186} INFO - Started process (PID=10924) to work on /home/airflow/.local/lib/python3.12/site-packages/airflow/example_dags/example_branch_day_of_week_operator.py
[2026-08-09T15:12:02.070+0000] {processor.py:914} INFO - Processing file /home/airflow/.local/lib/python3.12/site-packages/airflow/example_dags/example_branch_day_of_week_operator.py for tasks to queue
[2026-08-09T15:12:02.074+0000] {logging_mixin.py:190} INFO - [2026-08-09T15:12:02.073+0000] {dagbag.py:588} INFO - Filling up the DagBag from /home/airflow/.local/lib/python3.12/site-packages/airflow/example_dags/example_branch_day_of_week_operator.py
[2026-08-09T15:12:02.085+0000] {processor.py:925} INFO - DAG(s) 'example_weekday_branch_operator' retrieved from /home/airflow/.local/lib/python3.12/site-packages/airflow/example_dags/example_branch_day_of_week_operator.py
[2026-08-09T15:12:02.105+0000] {logging_mixin.py:190} INFO - [2026-08-09T15:12:02.105+0000] {dag.py:3239} INFO - Sync 1 DAGs
[2026-08-09T15:12:02.131+0000] {logging_mixin.py:190} INFO - [2026-08-09T15:12:02.131+0000] {dag.py:4180} INFO - Setting next_dagrun for example_weekday_branch_operator to 2026-08-08 00:00:00+00:00, run_after=2026-08-09 00:00:00+00:00
[2026-08-09T15:12:02.151+0000] {processor.py:208} INFO - Processing /home/airflow/.local/lib/python3.12/site-packages/airflow/example_dags/example_branch_day_of_week_operator.py took 0.089 seconds
[2026-08-09T15:12:32.712+0000] {processor.py:186} INFO - Started process (PID=10990) to work on /home/airflow/.local/lib/python3.12/site-packages/airflow/example_dags/example_branch_day_of_week_operator.py
[2026-08-09T15:12:32.713+0000] {processor.py:914} INFO - Processing file /home/airflow/.local/lib/python3.12/site-packages/airflow/example_dags/example_branch_day_of_week_operator.py for tasks to queue
[2026-08-09T15:12:32.716+0000] {logging_mixin.py:190} INFO - [2026-08-09T15:12:32.716+0000] {dagbag.py:588} INFO - Filling up the DagBag from /home/airflow/.local/lib/python3.12/site-packages/airflow/example_dags/example_branch_day_of_week_operator.py
[2026-08-09T15:12:32.728+0000] {processor.py:925} INFO - DAG(s) 'example_weekday_branch_operator' retrieved from /home/airflow/.local/lib/python3.12/site-packages/airflow/example_dags/example_branch_day_of_week_operator.py
[2026-08-09T15:12:32.749+0000] {logging_mixin.py:190} INFO - [2026-08-09T15:12:32.749+0000] {dag.py:3239} INFO - Sync 1 DAGs
[2026-08-09T15:12:32.777+0000] {logging_mixin.py:190} INFO - [2026-08-09T15:12:32.776+0000] {dag.py:4180} INFO - Setting next_dagrun for example_weekday_branch_operator to 2026-08-08 00:00:00+00:00, run_after=2026-08-09 00:00:00+00:00
[2026-08-09T15:12:32.799+0000] {processor.py:208} INFO - Processing /home/airflow/.local/lib/python3.12/site-packages/airflow/example_dags/example_branch_day_of_week_operator.py took 0.093 seconds
[2026-08-09T15:13:04.094+0000] {processor.py:186} INFO - Started process (PID=11059) to work on /home/airflow/.local/lib/python3.12/site-packages/airflow/example_dags/example_branch_day_of_week_operator.py
[2026-08-09T15:13:04.095+0000] {processor.py:914} INFO - Processing file /home/airflow/.local/lib/python3.12/site-packages/airflow/example_dags/example_branch_day_of_week_operator.py for tasks to queue
[2026-08-09T15:13:04.098+0000] {logging_mixin.py:190} INFO - [2026-08-09T15:13:04.097+0000] {dagbag.py:588} INFO - Filling up the DagBag from /home/airflow/.local/lib/python3.12/site-packages/airflow/example_dags/example_branch_day_of_week_operator.py
[2026-08-09T15:13:04.108+0000] {processor.py:925} INFO - DAG(s) 'example_weekday_branch_operator' retrieved from /home/airflow/.local/lib/python3.12/site-packages/airflow/example_dags/example_branch_day_of_week_operator.py
[2026-08-09T15:13:04.127+0000] {logging_mixin.py:190} INFO - [2026-08-09T15:13:04.127+0000] {dag.py:3239} INFO - Sync 1 DAGs
[2026-08-09T15:13:04.152+0000] {logging_mixin.py:190} INFO - [2026-08-09T15:13:04.152+0000] {dag.py:4180} INFO - Setting next_dagrun for example_weekday_branch_operator to 2026-08-08 00:00:00+00:00, run_after=2026-08-09 00:00:00+00:00
[2026-08-09T15:13:04.171+0000] {processor.py:208} INFO - Processing /home/airflow/.local/lib/python3.12/site-packages/airflow/example_dags/example_branch_day_of_week_operator.py took 0.084 seconds
[2026-08-09T15:13:34.881+0000] {processor.py:186} INFO - Started process (PID=11124) to work on /home/airflow/.local/lib/python3.12/site-packages/airflow/example_dags/example_branch_day_of_week_operator.py
[2026-08-09T15:13:34.882+0000] {processor.py:914} INFO - Processing file /home/airflow/.local/lib/python3.12/site-packages/airflow/example_dags/example_branch_day_of_week_operator.py for tasks to queue
[2026-08-09T15:13:34.885+0000] {logging_mixin.py:190} INFO - [2026-08-09T15:13:34.885+0000] {dagbag.py:588} INFO - Filling up the DagBag from /home/airflow/.local/lib/python3.12/site-packages/airflow/example_dags/example_branch_day_of_week_operator.py
[2026-08-09T15:13:34.895+0000] {processor.py:925} INFO - DAG(s) 'example_weekday_branch_operator' retrieved from /home/airflow/.local/lib/python3.12/site-packages/airflow/example_dags/example_branch_day_of_week_operator.py
[2026-08-09T15:13:34.915+0000] {logging_mixin.py:190} INFO - [2026-08-09T15:13:34.915+0000] {dag.py:3239} INFO - Sync 1 DAGs
[2026-08-09T15:13:34.939+0000] {logging_mixin.py:190} INFO - [2026-08-09T15:13:34.939+0000] {dag.py:4180} INFO - Setting next_dagrun for example_weekday_branch_operator to 2026-08-08 00:00:00+00:00, run_after=2026-08-09 00:00:00+00:00
[2026-08-09T15:13:34.958+0000] {processor.py:208} INFO - Processing /home/airflow/.local/lib/python3.12/site-packages/airflow/example_dags/example_branch_day_of_week_operator.py took 0.083 seconds
[2026-08-09T15:14:06.701+0000] {processor.py:186} INFO - Started process (PID=11194) to work on /home/airflow/.local/lib/python3.12/site-packages/airflow/example_dags/example_branch_day_of_week_operator.py
[2026-08-09T15:14:06.702+0000] {processor.py:914} INFO - Processing file /home/airflow/.local/lib/python3.12/site-packages/airflow/example_dags/example_branch_day_of_week_operator.py for tasks to queue
[2026-08-09T15:14:06.705+0000] {logging_mixin.py:190} INFO - [2026-08-09T15:14:06.704+0000] {dagbag.py:588} INFO - Filling up the DagBag from /home/airflow/.local/lib/python3.12/site-packages/airflow/example_dags/example_branch_day_of_week_operator.py
[2026-08-09T15:14:06.714+0000] {processor.py:925} INFO - DAG(s) 'example_weekday_branch_operator' retrieved from /home/airflow/.local/lib/python3.12/site-packages/airflow/example_dags/example_branch_day_of_week_operator.py
[2026-08-09T15:14:06.734+0000] {logging_mixin.py:190} INFO - [2026-08-09T15:14:06.733+0000] {dag.py:3239} INFO - Sync 1 DAGs
[2026-08-09T15:14:06.759+0000] {logging_mixin.py:190} INFO - [2026-08-09T15:14:06.758+0000] {dag.py:4180} INFO - Setting next_dagrun for example_weekday_branch_operator to 2026-08-08 00:00:00+00:00, run_after=2026-08-09 00:00:00+00:00
[2026-08-09T15:14:06.779+0000] {processor.py:208} INFO - Processing /home/airflow/.local/lib/python3.12/site-packages/airflow/example_dags/example_branch_day_of_week_operator.py took 0.085 seconds
[2026-08-09T15:14:38.139+0000] {processor.py:186} INFO - Started process (PID=11262) to work on /home/airflow/.local/lib/python3.12/site-packages/airflow/example_dags/example_branch_day_of_week_operator.py
[2026-08-09T15:14:38.141+0000] {processor.py:914} INFO - Processing file /home/airflow/.local/lib/python3.12/site-packages/airflow/example_dags/example_branch_day_of_week_operator.py for tasks to queue
[2026-08-09T15:14:38.143+0000] {logging_mixin.py:190} INFO - [2026-08-09T15:14:38.143+0000] {dagbag.py:588} INFO - Filling up the DagBag from /home/airflow/.local/lib/python3.12/site-packages/airflow/example_dags/example_branch_day_of_week_operator.py
[2026-08-09T15:14:38.154+0000] {processor.py:925} INFO - DAG(s) 'example_weekday_branch_operator' retrieved from /home/airflow/.local/lib/python3.12/site-packages/airflow/example_dags/example_branch_day_of_week_operator.py
[2026-08-09T15:14:38.173+0000] {logging_mixin.py:190} INFO - [2026-08-09T15:14:38.173+0000] {dag.py:3239} INFO - Sync 1 DAGs
[2026-08-09T15:14:38.197+0000] {logging_mixin.py:190} INFO - [2026-08-09T15:14:38.197+0000] {dag.py:4180} INFO - Setting next_dagrun for example_weekday_branch_operator to 2026-08-08 00:00:00+00:00, run_after=2026-08-09 00:00:00+00:00
[2026-08-09T15:14:38.222+0000] {processor.py:208} INFO - Processing /home/airflow/.local/lib/python3.12/site-packages/airflow/example_dags/example_branch_day_of_week_operator.py took 0.089 seconds
[2026-08-09T15:15:09.637+0000] {processor.py:186} INFO - Started process (PID=11326) to work on /home/airflow/.local/lib/python3.12/site-packages/airflow/example_dags/example_branch_day_of_week_operator.py
[2026-08-09T15:15:09.638+0000] {processor.py:914} INFO - Processing file /home/airflow/.local/lib/python3.12/site-packages/airflow/example_dags/example_branch_day_of_week_operator.py for tasks to queue
[2026-08-09T15:15:09.641+0000] {logging_mixin.py:190} INFO - [2026-08-09T15:15:09.641+0000] {dagbag.py:588} INFO - Filling up the DagBag from /home/airflow/.local/lib/python3.12/site-packages/airflow/example_dags/example_branch_day_of_week_operator.py
[2026-08-09T15:15:09.653+0000] {processor.py:925} INFO - DAG(s) 'example_weekday_branch_operator' retrieved from /home/airflow/.local/lib/python3.12/site-packages/airflow/example_dags/example_branch_day_of_week_operator.py
[2026-08-09T15:15:09.675+0000] {logging_mixin.py:190} INFO - [2026-08-09T15:15:09.674+0000] {dag.py:3239} INFO - Sync 1 DAGs
[2026-08-09T15:15:09.699+0000] {logging_mixin.py:190} INFO - [2026-08-09T15:15:09.698+0000] {dag.py:4180} INFO - Setting next_dagrun for example_weekday_branch_operator to 2026-08-08 00:00:00+00:00, run_after=2026-08-09 00:00:00+00:00
[2026-08-09T15:15:09.718+0000] {processor.py:208} INFO - Processing /home/airflow/.local/lib/python3.12/site-packages/airflow/example_dags/example_branch_day_of_week_operator.py took 0.087 seconds
[2026-08-09T15:15:40.938+0000] {processor.py:186} INFO - Started process (PID=11393) to work on /home/airflow/.local/lib/python3.12/site-packages/airflow/example_dags/example_branch_day_of_week_operator.py
[2026-08-09T15:15:40.939+0000] {processor.py:914} INFO - Processing file /home/airflow/.local/lib/python3.12/site-packages/airflow/example_dags/example_branch_day_of_week_operator.py for tasks to queue
[2026-08-09T15:15:40.943+0000] {logging_mixin.py:190} INFO - [2026-08-09T15:15:40.942+0000] {dagbag.py:588} INFO - Filling up the DagBag from /home/airflow/.local/lib/python3.12/site-packages/airflow/example_dags/example_branch_day_of_week_operator.py
[2026-08-09T15:15:40.955+0000] {processor.py:925} INFO - DAG(s) 'example_weekday_branch_operator' retrieved from /home/airflow/.local/lib/python3.12/site-packages/airflow/example_dags/example_branch_day_of_week_operator.py
[2026-08-09T15:15:40.976+0000] {logging_mixin.py:190} INFO - [2026-08-09T15:15:40.976+0000] {dag.py:3239} INFO - Sync 1 DAGs
[2026-08-09T15:15:41.004+0000] {logging_mixin.py:190} INFO - [2026-08-09T15:15:41.004+0000] {dag.py:4180} INFO - Setting next_dagrun for example_weekday_branch_operator to 2026-08-08 00:00:00+00:00, run_after=2026-08-09 00:00:00+00:00
[2026-08-09T15:15:41.027+0000] {processor.py:208} INFO - Processing /home/airflow/.local/lib/python3.12/site-packages/airflow/example_dags/example_branch_day_of_week_operator.py took 0.095 seconds
[2026-08-09T15:16:12.677+0000] {processor.py:186} INFO - Started process (PID=11464) to work on /home/airflow/.local/lib/python3.12/site-packages/airflow/example_dags/example_branch_day_of_week_operator.py
[2026-08-09T15:16:12.678+0000] {processor.py:914} INFO - Processing file /home/airflow/.local/lib/python3.12/site-packages/airflow/example_dags/example_branch_day_of_week_operator.py for tasks to queue
[2026-08-09T15:16:12.681+0000] {logging_mixin.py:190} INFO - [2026-08-09T15:16:12.680+0000] {dagbag.py:588} INFO - Filling up the DagBag from /home/airflow/.local/lib/python3.12/site-packages/airflow/example_dags/example_branch_day_of_week_operator.py
[2026-08-09T15:16:12.692+0000] {processor.py:925} INFO - DAG(s) 'example_weekday_branch_operator' retrieved from /home/airflow/.local/lib/python3.12/site-packages/airflow/example_dags/example_branch_day_of_week_operator.py
[2026-08-09T15:16:12.714+0000] {logging_mixin.py:190} INFO - [2026-08-09T15:16:12.714+0000] {dag.py:3239} INFO - Sync 1 DAGs
[2026-08-09T15:16:12.741+0000] {logging_mixin.py:190} INFO - [2026-08-09T15:16:12.741+0000] {dag.py:4180} INFO - Setting next_dagrun for example_weekday_branch_operator to 2026-08-08 00:00:00+00:00, run_after=2026-08-09 00:00:00+00:00
[2026-08-09T15:16:12.762+0000] {processor.py:208} INFO - Processing /home/airflow/.local/lib/python3.12/site-packages/airflow/example_dags/example_branch_day_of_week_operator.py took 0.091 seconds
[2026-08-09T15:16:44.419+0000] {processor.py:186} INFO - Started process (PID=11536) to work on /home/airflow/.local/lib/python3.12/site-packages/airflow/example_dags/example_branch_day_of_week_operator.py
[2026-08-09T15:16:44.421+0000] {processor.py:914} INFO - Processing file /home/airflow/.local/lib/python3.12/site-packages/airflow/example_dags/example_branch_day_of_week_operator.py for tasks to queue
[2026-08-09T15:16:44.423+0000] {logging_mixin.py:190} INFO - [2026-08-09T15:16:44.423+0000] {dagbag.py:588} INFO - Filling up the DagBag from /home/airflow/.local/lib/python3.12/site-packages/airflow/example_dags/example_branch_day_of_week_operator.py
[2026-08-09T15:16:44.436+0000] {processor.py:925} INFO - DAG(s) 'example_weekday_branch_operator' retrieved from /home/airflow/.local/lib/python3.12/site-packages/airflow/example_dags/example_branch_day_of_week_operator.py
[2026-08-09T15:16:44.459+0000] {logging_mixin.py:190} INFO - [2026-08-09T15:16:44.458+0000] {dag.py:3239} INFO - Sync 1 DAGs
[2026-08-09T15:16:44.487+0000] {logging_mixin.py:190} INFO - [2026-08-09T15:16:44.486+0000] {dag.py:4180} INFO - Setting next_dagrun for example_weekday_branch_operator to 2026-08-08 00:00:00+00:00, run_after=2026-08-09 00:00:00+00:00
[2026-08-09T15:16:44.508+0000] {processor.py:208} INFO - Processing /home/airflow/.local/lib/python3.12/site-packages/airflow/example_dags/example_branch_day_of_week_operator.py took 0.094 seconds
[2026-08-09T15:17:15.548+0000] {processor.py:186} INFO - Started process (PID=11601) to work on /home/airflow/.local/lib/python3.12/site-packages/airflow/example_dags/example_branch_day_of_week_operator.py
[2026-08-09T15:17:15.549+0000] {processor.py:914} INFO - Processing file /home/airflow/.local/lib/python3.12/site-packages/airflow/example_dags/example_branch_day_of_week_operator.py for tasks to queue
[2026-08-09T15:17:15.552+0000] {logging_mixin.py:190} INFO - [2026-08-09T15:17:15.552+0000] {dagbag.py:588} INFO - Filling up the DagBag from /home/airflow/.local/lib/python3.12/site-packages/airflow/example_dags/example_branch_day_of_week_operator.py
[2026-08-09T15:17:15.563+0000] {processor.py:925} INFO - DAG(s) 'example_weekday_branch_operator' retrieved from /home/airflow/.local/lib/python3.12/site-packages/airflow/example_dags/example_branch_day_of_week_operator.py
[2026-08-09T15:17:15.587+0000] {logging_mixin.py:190} INFO - [2026-08-09T15:17:15.586+0000] {dag.py:3239} INFO - Sync 1 DAGs
[2026-08-09T15:17:15.614+0000] {logging_mixin.py:190} INFO - [2026-08-09T15:17:15.614+0000] {dag.py:4180} INFO - Setting next_dagrun for example_weekday_branch_operator to 2026-08-08 00:00:00+00:00, run_after=2026-08-09 00:00:00+00:00
[2026-08-09T15:17:15.636+0000] {processor.py:208} INFO - Processing /home/airflow/.local/lib/python3.12/site-packages/airflow/example_dags/example_branch_day_of_week_operator.py took 0.094 seconds
[2026-08-09T15:17:46.131+0000] {processor.py:186} INFO - Started process (PID=11665) to work on /home/airflow/.local/lib/python3.12/site-packages/airflow/example_dags/example_branch_day_of_week_operator.py
[2026-08-09T15:17:46.132+0000] {processor.py:914} INFO - Processing file /home/airflow/.local/lib/python3.12/site-packages/airflow/example_dags/example_branch_day_of_week_operator.py for tasks to queue
[2026-08-09T15:17:46.135+0000] {logging_mixin.py:190} INFO - [2026-08-09T15:17:46.134+0000] {dagbag.py:588} INFO - Filling up the DagBag from /home/airflow/.local/lib/python3.12/site-packages/airflow/example_dags/example_branch_day_of_week_operator.py
[2026-08-09T15:17:46.146+0000] {processor.py:925} INFO - DAG(s) 'example_weekday_branch_operator' retrieved from /home/airflow/.local/lib/python3.12/site-packages/airflow/example_dags/example_branch_day_of_week_operator.py
[2026-08-09T15:17:46.167+0000] {logging_mixin.py:190} INFO - [2026-08-09T15:17:46.167+0000] {dag.py:3239} INFO - Sync 1 DAGs
[2026-08-09T15:17:46.191+0000] {logging_mixin.py:190} INFO - [2026-08-09T15:17:46.191+0000] {dag.py:4180} INFO - Setting next_dagrun for example_weekday_branch_operator to 2026-08-08 00:00:00+00:00, run_after=2026-08-09 00:00:00+00:00
[2026-08-09T15:17:46.210+0000] {processor.py:208} INFO - Processing /home/airflow/.local/lib/python3.12/site-packages/airflow/example_dags/example_branch_day_of_week_operator.py took 0.085 seconds
[2026-08-09T15:18:17.828+0000] {processor.py:186} INFO - Started process (PID=11730) to work on /home/airflow/.local/lib/python3.12/site-packages/airflow/example_dags/example_branch_day_of_week_operator.py
[2026-08-09T15:18:17.830+0000] {processor.py:914} INFO - Processing file /home/airflow/.local/lib/python3.12/site-packages/airflow/example_dags/example_branch_day_of_week_operator.py for tasks to queue
[2026-08-09T15:18:17.834+0000] {logging_mixin.py:190} INFO - [2026-08-09T15:18:17.833+0000] {dagbag.py:588} INFO - Filling up the DagBag from /home/airflow/.local/lib/python3.12/site-packages/airflow/example_dags/example_branch_day_of_week_operator.py
[2026-08-09T15:18:17.845+0000] {processor.py:925} INFO - DAG(s) 'example_weekday_branch_operator' retrieved from /home/airflow/.local/lib/python3.12/site-packages/airflow/example_dags/example_branch_day_of_week_operator.py
[2026-08-09T15:18:17.868+0000] {logging_mixin.py:190} INFO - [2026-08-09T15:18:17.868+0000] {dag.py:3239} INFO - Sync 1 DAGs
[2026-08-09T15:18:17.897+0000] {logging_mixin.py:190} INFO - [2026-08-09T15:18:17.897+0000] {dag.py:4180} INFO - Setting next_dagrun for example_weekday_branch_operator to 2026-08-08 00:00:00+00:00, run_after=2026-08-09 00:00:00+00:00
[2026-08-09T15:18:17.917+0000] {processor.py:208} INFO - Processing /home/airflow/.local/lib/python3.12/site-packages/airflow/example_dags/example_branch_day_of_week_operator.py took 0.096 seconds
[2026-08-09T15:18:49.247+0000] {processor.py:186} INFO - Started process (PID=11796) to work on /home/airflow/.local/lib/python3.12/site-packages/airflow/example_dags/example_branch_day_of_week_operator.py
[2026-08-09T15:18:49.248+0000] {processor.py:914} INFO - Processing file /home/airflow/.local/lib/python3.12/site-packages/airflow/example_dags/example_branch_day_of_week_operator.py for tasks to queue
[2026-08-09T15:18:49.252+0000] {logging_mixin.py:190} INFO - [2026-08-09T15:18:49.251+0000] {dagbag.py:588} INFO - Filling up the DagBag from /home/airflow/.local/lib/python3.12/site-packages/airflow/example_dags/example_branch_day_of_week_operator.py
[2026-08-09T15:18:49.265+0000] {processor.py:925} INFO - DAG(s) 'example_weekday_branch_operator' retrieved from /home/airflow/.local/lib/python3.12/site-packages/airflow/example_dags/example_branch_day_of_week_operator.py
[2026-08-09T15:18:49.287+0000] {logging_mixin.py:190} INFO - [2026-08-09T15:18:49.287+0000] {dag.py:3239} INFO - Sync 1 DAGs
[2026-08-09T15:18:49.315+0000] {logging_mixin.py:190} INFO - [2026-08-09T15:18:49.315+0000] {dag.py:4180} INFO - Setting next_dagrun for example_weekday_branch_operator to 2026-08-08 00:00:00+00:00, run_after=2026-08-09 00:00:00+00:00
[2026-08-09T15:18:49.339+0000] {processor.py:208} INFO - Processing /home/airflow/.local/lib/python3.12/site-packages/airflow/example_dags/example_branch_day_of_week_operator.py took 0.099 seconds
[2026-08-09T15:19:20.231+0000] {processor.py:186} INFO - Started process (PID=11861) to work on /home/airflow/.local/lib/python3.12/site-packages/airflow/example_dags/example_branch_day_of_week_operator.py
[2026-08-09T15:19:20.232+0000] {processor.py:914} INFO - Processing file /home/airflow/.local/lib/python3.12/site-packages/airflow/example_dags/example_branch_day_of_week_operator.py for tasks to queue
[2026-08-09T15:19:20.236+0000] {logging_mixin.py:190} INFO - [2026-08-09T15:19:20.236+0000] {dagbag.py:588} INFO - Filling up the DagBag from /home/airflow/.local/lib/python3.12/site-packages/airflow/example_dags/example_branch_day_of_week_operator.py
[2026-08-09T15:19:20.247+0000] {processor.py:925} INFO - DAG(s) 'example_weekday_branch_operator' retrieved from /home/airflow/.local/lib/python3.12/site-packages/airflow/example_dags/example_branch_day_of_week_operator.py
[2026-08-09T15:19:20.271+0000] {logging_mixin.py:190} INFO - [2026-08-09T15:19:20.271+0000] {dag.py:3239} INFO - Sync 1 DAGs
[2026-08-09T15:19:20.301+0000] {logging_mixin.py:190} INFO - [2026-08-09T15:19:20.300+0000] {dag.py:4180} INFO - Setting next_dagrun for example_weekday_branch_operator to 2026-08-08 00:00:00+00:00, run_after=2026-08-09 00:00:00+00:00
[2026-08-09T15:19:20.323+0000] {processor.py:208} INFO - Processing /home/airflow/.local/lib/python3.12/site-packages/airflow/example_dags/example_branch_day_of_week_operator.py took 0.098 seconds
[2026-08-09T15:19:50.979+0000] {processor.py:186} INFO - Started process (PID=11926) to work on /home/airflow/.local/lib/python3.12/site-packages/airflow/example_dags/example_branch_day_of_week_operator.py
[2026-08-09T15:19:50.980+0000] {processor.py:914} INFO - Processing file /home/airflow/.local/lib/python3.12/site-packages/airflow/example_dags/example_branch_day_of_week_operator.py for tasks to queue
[2026-08-09T15:19:50.983+0000] {logging_mixin.py:190} INFO - [2026-08-09T15:19:50.983+0000] {dagbag.py:588} INFO - Filling up the DagBag from /home/airflow/.local/lib/python3.12/site-packages/airflow/example_dags/example_branch_day_of_week_operator.py
[2026-08-09T15:19:50.995+0000] {processor.py:925} INFO - DAG(s) 'example_weekday_branch_operator' retrieved from /home/airflow/.local/lib/python3.12/site-packages/airflow/example_dags/example_branch_day_of_week_operator.py
[2026-08-09T15:19:51.021+0000] {logging_mixin.py:190} INFO - [2026-08-09T15:19:51.021+0000] {dag.py:3239} INFO - Sync 1 DAGs
[2026-08-09T15:19:51.052+0000] {logging_mixin.py:190} INFO - [2026-08-09T15:19:51.052+0000] {dag.py:4180} INFO - Setting next_dagrun for example_weekday_branch_operator to 2026-08-08 00:00:00+00:00, run_after=2026-08-09 00:00:00+00:00
[2026-08-09T15:19:51.077+0000] {processor.py:208} INFO - Processing /home/airflow/.local/lib/python3.12/site-packages/airflow/example_dags/example_branch_day_of_week_operator.py took 0.104 seconds
[2026-08-09T15:20:23.235+0000] {processor.py:186} INFO - Started process (PID=11993) to work on /home/airflow/.local/lib/python3.12/site-packages/airflow/example_dags/example_branch_day_of_week_operator.py
[2026-08-09T15:20:23.237+0000] {processor.py:914} INFO - Processing file /home/airflow/.local/lib/python3.12/site-packages/airflow/example_dags/example_branch_day_of_week_operator.py for tasks to queue
[2026-08-09T15:20:23.240+0000] {logging_mixin.py:190} INFO - [2026-08-09T15:20:23.239+0000] {dagbag.py:588} INFO - Filling up the DagBag from /home/airflow/.local/lib/python3.12/site-packages/airflow/example_dags/example_branch_day_of_week_operator.py
[2026-08-09T15:20:23.250+0000] {processor.py:925} INFO - DAG(s) 'example_weekday_branch_operator' retrieved from /home/airflow/.local/lib/python3.12/site-packages/airflow/example_dags/example_branch_day_of_week_operator.py
[2026-08-09T15:20:23.274+0000] {logging_mixin.py:190} INFO - [2026-08-09T15:20:23.274+0000] {dag.py:3239} INFO - Sync 1 DAGs
[2026-08-09T15:20:23.302+0000] {logging_mixin.py:190} INFO - [2026-08-09T15:20:23.301+0000] {dag.py:4180} INFO - Setting next_dagrun for example_weekday_branch_operator to 2026-08-08 00:00:00+00:00, run_after=2026-08-09 00:00:00+00:00
[2026-08-09T15:20:23.324+0000] {processor.py:208} INFO - Processing /home/airflow/.local/lib/python3.12/site-packages/airflow/example_dags/example_branch_day_of_week_operator.py took 0.095 seconds
[2026-08-09T15:20:54.464+0000] {processor.py:186} INFO - Started process (PID=12058) to work on /home/airflow/.local/lib/python3.12/site-packages/airflow/example_dags/example_branch_day_of_week_operator.py
[2026-08-09T15:20:54.465+0000] {processor.py:914} INFO - Processing file /home/airflow/.local/lib/python3.12/site-packages/airflow/example_dags/example_branch_day_of_week_operator.py for tasks to queue
[2026-08-09T15:20:54.468+0000] {logging_mixin.py:190} INFO - [2026-08-09T15:20:54.468+0000] {dagbag.py:588} INFO - Filling up the DagBag from /home/airflow/.local/lib/python3.12/site-packages/airflow/example_dags/example_branch_day_of_week_operator.py
[2026-08-09T15:20:54.480+0000] {processor.py:925} INFO - DAG(s) 'example_weekday_branch_operator' retrieved from /home/airflow/.local/lib/python3.12/site-packages/airflow/example_dags/example_branch_day_of_week_operator.py
[2026-08-09T15:20:54.504+0000] {logging_mixin.py:190} INFO - [2026-08-09T15:20:54.504+0000] {dag.py:3239} INFO - Sync 1 DAGs
[2026-08-09T15:20:54.539+0000] {logging_mixin.py:190} INFO - [2026-08-09T15:20:54.538+0000] {dag.py:4180} INFO - Setting next_dagrun for example_weekday_branch_operator to 2026-08-08 00:00:00+00:00, run_after=2026-08-09 00:00:00+00:00
[2026-08-09T15:20:54.560+0000] {processor.py:208} INFO - Processing /home/airflow/.local/lib/python3.12/site-packages/airflow/example_dags/example_branch_day_of_week_operator.py took 0.102 seconds
[2026-08-09T15:21:25.761+0000] {processor.py:186} INFO - Started process (PID=12123) to work on /home/airflow/.local/lib/python3.12/site-packages/airflow/example_dags/example_branch_day_of_week_operator.py
[2026-08-09T15:21:25.762+0000] {processor.py:914} INFO - Processing file /home/airflow/.local/lib/python3.12/site-packages/airflow/example_dags/example_branch_day_of_week_operator.py for tasks to queue
[2026-08-09T15:21:25.765+0000] {logging_mixin.py:190} INFO - [2026-08-09T15:21:25.765+0000] {dagbag.py:588} INFO - Filling up the DagBag from /home/airflow/.local/lib/python3.12/site-packages/airflow/example_dags/example_branch_day_of_week_operator.py
[2026-08-09T15:21:25.777+0000] {processor.py:925} INFO - DAG(s) 'example_weekday_branch_operator' retrieved from /home/airflow/.local/lib/python3.12/site-packages/airflow/example_dags/example_branch_day_of_week_operator.py
[2026-08-09T15:21:25.799+0000] {logging_mixin.py:190} INFO - [2026-08-09T15:21:25.799+0000] {dag.py:3239} INFO - Sync 1 DAGs
[2026-08-09T15:21:25.825+0000] {logging_mixin.py:190} INFO - [2026-08-09T15:21:25.825+0000] {dag.py:4180} INFO - Setting next_dagrun for example_weekday_branch_operator to 2026-08-08 00:00:00+00:00, run_after=2026-08-09 00:00:00+00:00
[2026-08-09T15:21:25.846+0000] {processor.py:208} INFO - Processing /home/airflow/.local/lib/python3.12/site-packages/airflow/example_dags/example_branch_day_of_week_operator.py took 0.091 seconds
[2026-08-09T15:21:57.002+0000] {processor.py:186} INFO - Started process (PID=12188) to work on /home/airflow/.local/lib/python3.12/site-packages/airflow/example_dags/example_branch_day_of_week_operator.py
[2026-08-09T15:21:57.003+0000] {processor.py:914} INFO - Processing file /home/airflow/.local/lib/python3.12/site-packages/airflow/example_dags/example_branch_day_of_week_operator.py for tasks to queue
[2026-08-09T15:21:57.006+0000] {logging_mixin.py:190} INFO - [2026-08-09T15:21:57.006+0000] {dagbag.py:588} INFO - Filling up the DagBag from /home/airflow/.local/lib/python3.12/site-packages/airflow/example_dags/example_branch_day_of_week_operator.py
[2026-08-09T15:21:57.016+0000] {processor.py:925} INFO - DAG(s) 'example_weekday_branch_operator' retrieved from /home/airflow/.local/lib/python3.12/site-packages/airflow/example_dags/example_branch_day_of_week_operator.py
[2026-08-09T15:21:57.038+0000] {logging_mixin.py:190} INFO - [2026-08-09T15:21:57.037+0000] {dag.py:3239} INFO - Sync 1 DAGs
[2026-08-09T15:21:57.066+0000] {logging_mixin.py:190} INFO - [2026-08-09T15:21:57.065+0000] {dag.py:4180} INFO - Setting next_dagrun for example_weekday_branch_operator to 2026-08-08 00:00:00+00:00, run_after=2026-08-09 00:00:00+00:00
[2026-08-09T15:21:57.086+0000] {processor.py:208} INFO - Processing /home/airflow/.local/lib/python3.12/site-packages/airflow/example_dags/example_branch_day_of_week_operator.py took 0.089 seconds
[2026-08-09T15:22:28.252+0000] {processor.py:186} INFO - Started process (PID=12253) to work on /home/airflow/.local/lib/python3.12/site-packages/airflow/example_dags/example_branch_day_of_week_operator.py
[2026-08-09T15:22:28.253+0000] {processor.py:914} INFO - Processing file /home/airflow/.local/lib/python3.12/site-packages/airflow/example_dags/example_branch_day_of_week_operator.py for tasks to queue
[2026-08-09T15:22:28.256+0000] {logging_mixin.py:190} INFO - [2026-08-09T15:22:28.256+0000] {dagbag.py:588} INFO - Filling up the DagBag from /home/airflow/.local/lib/python3.12/site-packages/airflow/example_dags/example_branch_day_of_week_operator.py
[2026-08-09T15:22:28.267+0000] {processor.py:925} INFO - DAG(s) 'example_weekday_branch_operator' retrieved from /home/airflow/.local/lib/python3.12/site-packages/airflow/example_dags/example_branch_day_of_week_operator.py
[2026-08-09T15:22:28.289+0000] {logging_mixin.py:190} INFO - [2026-08-09T15:22:28.289+0000] {dag.py:3239} INFO - Sync 1 DAGs
[2026-08-09T15:22:28.316+0000] {logging_mixin.py:190} INFO - [2026-08-09T15:22:28.316+0000] {dag.py:4180} INFO - Setting next_dagrun for example_weekday_branch_operator to 2026-08-08 00:00:00+00:00, run_after=2026-08-09 00:00:00+00:00
[2026-08-09T15:22:28.335+0000] {processor.py:208} INFO - Processing /home/airflow/.local/lib/python3.12/site-packages/airflow/example_dags/example_branch_day_of_week_operator.py took 0.089 seconds
[2026-08-09T15:22:59.260+0000] {processor.py:186} INFO - Started process (PID=12318) to work on /home/airflow/.local/lib/python3.12/site-packages/airflow/example_dags/example_branch_day_of_week_operator.py
[2026-08-09T15:22:59.262+0000] {processor.py:914} INFO - Processing file /home/airflow/.local/lib/python3.12/site-packages/airflow/example_dags/example_branch_day_of_week_operator.py for tasks to queue
[2026-08-09T15:22:59.265+0000] {logging_mixin.py:190} INFO - [2026-08-09T15:22:59.264+0000] {dagbag.py:588} INFO - Filling up the DagBag from /home/airflow/.local/lib/python3.12/site-packages/airflow/example_dags/example_branch_day_of_week_operator.py
[2026-08-09T15:22:59.275+0000] {processor.py:925} INFO - DAG(s) 'example_weekday_branch_operator' retrieved from /home/airflow/.local/lib/python3.12/site-packages/airflow/example_dags/example_branch_day_of_week_operator.py
[2026-08-09T15:22:59.296+0000] {logging_mixin.py:190} INFO - [2026-08-09T15:22:59.296+0000] {dag.py:3239} INFO - Sync 1 DAGs
[2026-08-09T15:22:59.324+0000] {logging_mixin.py:190} INFO - [2026-08-09T15:22:59.323+0000] {dag.py:4180} INFO - Setting next_dagrun for example_weekday_branch_operator to 2026-08-08 00:00:00+00:00, run_after=2026-08-09 00:00:00+00:00
[2026-08-09T15:22:59.344+0000] {processor.py:208} INFO - Processing /home/airflow/.local/lib/python3.12/site-packages/airflow/example_dags/example_branch_day_of_week_operator.py took 0.090 seconds
[2026-08-09T15:23:30.410+0000] {processor.py:186} INFO - Started process (PID=12383) to work on /home/airflow/.local/lib/python3.12/site-packages/airflow/example_dags/example_branch_day_of_week_operator.py
[2026-08-09T15:23:30.411+0000] {processor.py:914} INFO - Processing file /home/airflow/.local/lib/python3.12/site-packages/airflow/example_dags/example_branch_day_of_week_operator.py for tasks to queue
[2026-08-09T15:23:30.414+0000] {logging_mixin.py:190} INFO - [2026-08-09T15:23:30.413+0000] {dagbag.py:588} INFO - Filling up the DagBag from /home/airflow/.local/lib/python3.12/site-packages/airflow/example_dags/example_branch_day_of_week_operator.py
[2026-08-09T15:23:30.424+0000] {processor.py:925} INFO - DAG(s) 'example_weekday_branch_operator' retrieved from /home/airflow/.local/lib/python3.12/site-packages/airflow/example_dags/example_branch_day_of_week_operator.py
[2026-08-09T15:23:30.447+0000] {logging_mixin.py:190} INFO - [2026-08-09T15:23:30.447+0000] {dag.py:3239} INFO - Sync 1 DAGs
[2026-08-09T15:23:30.475+0000] {logging_mixin.py:190} INFO - [2026-08-09T15:23:30.475+0000] {dag.py:4180} INFO - Setting next_dagrun for example_weekday_branch_operator to 2026-08-08 00:00:00+00:00, run_after=2026-08-09 00:00:00+00:00
[2026-08-09T15:23:30.495+0000] {processor.py:208} INFO - Processing /home/airflow/.local/lib/python3.12/site-packages/airflow/example_dags/example_branch_day_of_week_operator.py took 0.091 seconds
[2026-08-09T15:24:01.514+0000] {processor.py:186} INFO - Started process (PID=12448) to work on /home/airflow/.local/lib/python3.12/site-packages/airflow/example_dags/example_branch_day_of_week_operator.py
[2026-08-09T15:24:01.515+0000] {processor.py:914} INFO - Processing file /home/airflow/.local/lib/python3.12/site-packages/airflow/example_dags/example_branch_day_of_week_operator.py for tasks to queue
[2026-08-09T15:24:01.518+0000] {logging_mixin.py:190} INFO - [2026-08-09T15:24:01.517+0000] {dagbag.py:588} INFO - Filling up the DagBag from /home/airflow/.local/lib/python3.12/site-packages/airflow/example_dags/example_branch_day_of_week_operator.py
[2026-08-09T15:24:01.528+0000] {processor.py:925} INFO - DAG(s) 'example_weekday_branch_operator' retrieved from /home/airflow/.local/lib/python3.12/site-packages/airflow/example_dags/example_branch_day_of_week_operator.py
[2026-08-09T15:24:01.547+0000] {logging_mixin.py:190} INFO - [2026-08-09T15:24:01.546+0000] {dag.py:3239} INFO - Sync 1 DAGs
[2026-08-09T15:24:01.571+0000] {logging_mixin.py:190} INFO - [2026-08-09T15:24:01.571+0000] {dag.py:4180} INFO - Setting next_dagrun for example_weekday_branch_operator to 2026-08-08 00:00:00+00:00, run_after=2026-08-09 00:00:00+00:00
[2026-08-09T15:24:01.590+0000] {processor.py:208} INFO - Processing /home/airflow/.local/lib/python3.12/site-packages/airflow/example_dags/example_branch_day_of_week_operator.py took 0.082 seconds
[2026-08-09T15:24:32.584+0000] {processor.py:186} INFO - Started process (PID=12513) to work on /home/airflow/.local/lib/python3.12/site-packages/airflow/example_dags/example_branch_day_of_week_operator.py
[2026-08-09T15:24:32.585+0000] {processor.py:914} INFO - Processing file /home/airflow/.local/lib/python3.12/site-packages/airflow/example_dags/example_branch_day_of_week_operator.py for tasks to queue
[2026-08-09T15:24:32.588+0000] {logging_mixin.py:190} INFO - [2026-08-09T15:24:32.588+0000] {dagbag.py:588} INFO - Filling up the DagBag from /home/airflow/.local/lib/python3.12/site-packages/airflow/example_dags/example_branch_day_of_week_operator.py
[2026-08-09T15:24:32.598+0000] {processor.py:925} INFO - DAG(s) 'example_weekday_branch_operator' retrieved from /home/airflow/.local/lib/python3.12/site-packages/airflow/example_dags/example_branch_day_of_week_operator.py
[2026-08-09T15:24:32.618+0000] {logging_mixin.py:190} INFO - [2026-08-09T15:24:32.617+0000] {dag.py:3239} INFO - Sync 1 DAGs
[2026-08-09T15:24:32.644+0000] {logging_mixin.py:190} INFO - [2026-08-09T15:24:32.644+0000] {dag.py:4180} INFO - Setting next_dagrun for example_weekday_branch_operator to 2026-08-08 00:00:00+00:00, run_after=2026-08-09 00:00:00+00:00
[2026-08-09T15:24:32.664+0000] {processor.py:208} INFO - Processing /home/airflow/.local/lib/python3.12/site-packages/airflow/example_dags/example_branch_day_of_week_operator.py took 0.086 seconds
[2026-08-09T15:25:03.764+0000] {processor.py:186} INFO - Started process (PID=12578) to work on /home/airflow/.local/lib/python3.12/site-packages/airflow/example_dags/example_branch_day_of_week_operator.py
[2026-08-09T15:25:03.765+0000] {processor.py:914} INFO - Processing file /home/airflow/.local/lib/python3.12/site-packages/airflow/example_dags/example_branch_day_of_week_operator.py for tasks to queue
[2026-08-09T15:25:03.768+0000] {logging_mixin.py:190} INFO - [2026-08-09T15:25:03.767+0000] {dagbag.py:588} INFO - Filling up the DagBag from /home/airflow/.local/lib/python3.12/site-packages/airflow/example_dags/example_branch_day_of_week_operator.py
[2026-08-09T15:25:03.778+0000] {processor.py:925} INFO - DAG(s) 'example_weekday_branch_operator' retrieved from /home/airflow/.local/lib/python3.12/site-packages/airflow/example_dags/example_branch_day_of_week_operator.py
[2026-08-09T15:25:03.797+0000] {logging_mixin.py:190} INFO - [2026-08-09T15:25:03.797+0000] {dag.py:3239} INFO - Sync 1 DAGs
[2026-08-09T15:25:03.823+0000] {logging_mixin.py:190} INFO - [2026-08-09T15:25:03.823+0000] {dag.py:4180} INFO - Setting next_dagrun for example_weekday_branch_operator to 2026-08-08 00:00:00+00:00, run_after=2026-08-09 00:00:00+00:00
[2026-08-09T15:25:03.846+0000] {processor.py:208} INFO - Processing /home/airflow/.local/lib/python3.12/site-packages/airflow/example_dags/example_branch_day_of_week_operator.py took 0.089 seconds
[2026-08-09T15:25:35.159+0000] {processor.py:186} INFO - Started process (PID=12643) to work on /home/airflow/.local/lib/python3.12/site-packages/airflow/example_dags/example_branch_day_of_week_operator.py
[2026-08-09T15:25:35.160+0000] {processor.py:914} INFO - Processing file /home/airflow/.local/lib/python3.12/site-packages/airflow/example_dags/example_branch_day_of_week_operator.py for tasks to queue
[2026-08-09T15:25:35.163+0000] {logging_mixin.py:190} INFO - [2026-08-09T15:25:35.163+0000] {dagbag.py:588} INFO - Filling up the DagBag from /home/airflow/.local/lib/python3.12/site-packages/airflow/example_dags/example_branch_day_of_week_operator.py
[2026-08-09T15:25:35.174+0000] {processor.py:925} INFO - DAG(s) 'example_weekday_branch_operator' retrieved from /home/airflow/.local/lib/python3.12/site-packages/airflow/example_dags/example_branch_day_of_week_operator.py
[2026-08-09T15:25:35.195+0000] {logging_mixin.py:190} INFO - [2026-08-09T15:25:35.195+0000] {dag.py:3239} INFO - Sync 1 DAGs
[2026-08-09T15:25:35.221+0000] {logging_mixin.py:190} INFO - [2026-08-09T15:25:35.221+0000] {dag.py:4180} INFO - Setting next_dagrun for example_weekday_branch_operator to 2026-08-08 00:00:00+00:00, run_after=2026-08-09 00:00:00+00:00
[2026-08-09T15:25:35.241+0000] {processor.py:208} INFO - Processing /home/airflow/.local/lib/python3.12/site-packages/airflow/example_dags/example_branch_day_of_week_operator.py took 0.088 seconds
[2026-08-09T15:26:06.582+0000] {processor.py:186} INFO - Started process (PID=12708) to work on /home/airflow/.local/lib/python3.12/site-packages/airflow/example_dags/example_branch_day_of_week_operator.py
[2026-08-09T15:26:06.583+0000] {processor.py:914} INFO - Processing file /home/airflow/.local/lib/python3.12/site-packages/airflow/example_dags/example_branch_day_of_week_operator.py for tasks to queue
[2026-08-09T15:26:06.586+0000] {logging_mixin.py:190} INFO - [2026-08-09T15:26:06.586+0000] {dagbag.py:588} INFO - Filling up the DagBag from /home/airflow/.local/lib/python3.12/site-packages/airflow/example_dags/example_branch_day_of_week_operator.py
[2026-08-09T15:26:06.597+0000] {processor.py:925} INFO - DAG(s) 'example_weekday_branch_operator' retrieved from /home/airflow/.local/lib/python3.12/site-packages/airflow/example_dags/example_branch_day_of_week_operator.py
[2026-08-09T15:26:06.618+0000] {logging_mixin.py:190} INFO - [2026-08-09T15:26:06.618+0000] {dag.py:3239} INFO - Sync 1 DAGs
[2026-08-09T15:26:06.647+0000] {logging_mixin.py:190} INFO - [2026-08-09T15:26:06.647+0000] {dag.py:4180} INFO - Setting next_dagrun for example_weekday_branch_operator to 2026-08-08 00:00:00+00:00, run_after=2026-08-09 00:00:00+00:00
[2026-08-09T15:26:06.667+0000] {processor.py:208} INFO - Processing /home/airflow/.local/lib/python3.12/site-packages/airflow/example_dags/example_branch_day_of_week_operator.py took 0.092 seconds
[2026-08-09T15:26:37.789+0000] {processor.py:186} INFO - Started process (PID=12773) to work on /home/airflow/.local/lib/python3.12/site-packages/airflow/example_dags/example_branch_day_of_week_operator.py
[2026-08-09T15:26:37.790+0000] {processor.py:914} INFO - Processing file /home/airflow/.local/lib/python3.12/site-packages/airflow/example_dags/example_branch_day_of_week_operator.py for tasks to queue
[2026-08-09T15:26:37.793+0000] {logging_mixin.py:190} INFO - [2026-08-09T15:26:37.792+0000] {dagbag.py:588} INFO - Filling up the DagBag from /home/airflow/.local/lib/python3.12/site-packages/airflow/example_dags/example_branch_day_of_week_operator.py
[2026-08-09T15:26:37.803+0000] {processor.py:925} INFO - DAG(s) 'example_weekday_branch_operator' retrieved from /home/airflow/.local/lib/python3.12/site-packages/airflow/example_dags/example_branch_day_of_week_operator.py
[2026-08-09T15:26:37.822+0000] {logging_mixin.py:190} INFO - [2026-08-09T15:26:37.822+0000] {dag.py:3239} INFO - Sync 1 DAGs
[2026-08-09T15:26:37.848+0000] {logging_mixin.py:190} INFO - [2026-08-09T15:26:37.847+0000] {dag.py:4180} INFO - Setting next_dagrun for example_weekday_branch_operator to 2026-08-08 00:00:00+00:00, run_after=2026-08-09 00:00:00+00:00
[2026-08-09T15:26:37.867+0000] {processor.py:208} INFO - Processing /home/airflow/.local/lib/python3.12/site-packages/airflow/example_dags/example_branch_day_of_week_operator.py took 0.084 seconds
[2026-08-09T15:27:08.975+0000] {processor.py:186} INFO - Started process (PID=12838) to work on /home/airflow/.local/lib/python3.12/site-packages/airflow/example_dags/example_branch_day_of_week_operator.py
[2026-08-09T15:27:08.976+0000] {processor.py:914} INFO - Processing file /home/airflow/.local/lib/python3.12/site-packages/airflow/example_dags/example_branch_day_of_week_operator.py for tasks to queue
[2026-08-09T15:27:08.979+0000] {logging_mixin.py:190} INFO - [2026-08-09T15:27:08.979+0000] {dagbag.py:588} INFO - Filling up the DagBag from /home/airflow/.local/lib/python3.12/site-packages/airflow/example_dags/example_branch_day_of_week_operator.py
[2026-08-09T15:27:08.989+0000] {processor.py:925} INFO - DAG(s) 'example_weekday_branch_operator' retrieved from /home/airflow/.local/lib/python3.12/site-packages/airflow/example_dags/example_branch_day_of_week_operator.py
[2026-08-09T15:27:09.011+0000] {logging_mixin.py:190} INFO - [2026-08-09T15:27:09.010+0000] {dag.py:3239} INFO - Sync 1 DAGs
[2026-08-09T15:27:09.038+0000] {logging_mixin.py:190} INFO - [2026-08-09T15:27:09.038+0000] {dag.py:4180} INFO - Setting next_dagrun for example_weekday_branch_operator to 2026-08-08 00:00:00+00:00, run_after=2026-08-09 00:00:00+00:00
[2026-08-09T15:27:09.060+0000] {processor.py:208} INFO - Processing /home/airflow/.local/lib/python3.12/site-packages/airflow/example_dags/example_branch_day_of_week_operator.py took 0.091 seconds
[2026-08-09T15:27:40.700+0000] {processor.py:186} INFO - Started process (PID=12903) to work on /home/airflow/.local/lib/python3.12/site-packages/airflow/example_dags/example_branch_day_of_week_operator.py
[2026-08-09T15:27:40.702+0000] {processor.py:914} INFO - Processing file /home/airflow/.local/lib/python3.12/site-packages/airflow/example_dags/example_branch_day_of_week_operator.py for tasks to queue
[2026-08-09T15:27:40.704+0000] {logging_mixin.py:190} INFO - [2026-08-09T15:27:40.704+0000] {dagbag.py:588} INFO - Filling up the DagBag from /home/airflow/.local/lib/python3.12/site-packages/airflow/example_dags/example_branch_day_of_week_operator.py
[2026-08-09T15:27:40.717+0000] {processor.py:925} INFO - DAG(s) 'example_weekday_branch_operator' retrieved from /home/airflow/.local/lib/python3.12/site-packages/airflow/example_dags/example_branch_day_of_week_operator.py
[2026-08-09T15:27:40.738+0000] {logging_mixin.py:190} INFO - [2026-08-09T15:27:40.738+0000] {dag.py:3239} INFO - Sync 1 DAGs
[2026-08-09T15:27:40.765+0000] {logging_mixin.py:190} INFO - [2026-08-09T15:27:40.764+0000] {dag.py:4180} INFO - Setting next_dagrun for example_weekday_branch_operator to 2026-08-08 00:00:00+00:00, run_after=2026-08-09 00:00:00+00:00
[2026-08-09T15:27:40.785+0000] {processor.py:208} INFO - Processing /home/airflow/.local/lib/python3.12/site-packages/airflow/example_dags/example_branch_day_of_week_operator.py took 0.091 seconds
[2026-08-09T15:28:11.923+0000] {processor.py:186} INFO - Started process (PID=12968) to work on /home/airflow/.local/lib/python3.12/site-packages/airflow/example_dags/example_branch_day_of_week_operator.py
[2026-08-09T15:28:11.924+0000] {processor.py:914} INFO - Processing file /home/airflow/.local/lib/python3.12/site-packages/airflow/example_dags/example_branch_day_of_week_operator.py for tasks to queue
[2026-08-09T15:28:11.926+0000] {logging_mixin.py:190} INFO - [2026-08-09T15:28:11.926+0000] {dagbag.py:588} INFO - Filling up the DagBag from /home/airflow/.local/lib/python3.12/site-packages/airflow/example_dags/example_branch_day_of_week_operator.py
[2026-08-09T15:28:11.936+0000] {processor.py:925} INFO - DAG(s) 'example_weekday_branch_operator' retrieved from /home/airflow/.local/lib/python3.12/site-packages/airflow/example_dags/example_branch_day_of_week_operator.py
[2026-08-09T15:28:11.956+0000] {logging_mixin.py:190} INFO - [2026-08-09T15:28:11.955+0000] {dag.py:3239} INFO - Sync 1 DAGs
[2026-08-09T15:28:11.980+0000] {logging_mixin.py:190} INFO - [2026-08-09T15:28:11.980+0000] {dag.py:4180} INFO - Setting next_dagrun for example_weekday_branch_operator to 2026-08-08 00:00:00+00:00, run_after=2026-08-09 00:00:00+00:00
[2026-08-09T15:28:12.000+0000] {processor.py:208} INFO - Processing /home/airflow/.local/lib/python3.12/site-packages/airflow/example_dags/example_branch_day_of_week_operator.py took 0.084 seconds
[2026-08-09T15:28:43.180+0000] {processor.py:186} INFO - Started process (PID=13034) to work on /home/airflow/.local/lib/python3.12/site-packages/airflow/example_dags/example_branch_day_of_week_operator.py
[2026-08-09T15:28:43.182+0000] {processor.py:914} INFO - Processing file /home/airflow/.local/lib/python3.12/site-packages/airflow/example_dags/example_branch_day_of_week_operator.py for tasks to queue
[2026-08-09T15:28:43.185+0000] {logging_mixin.py:190} INFO - [2026-08-09T15:28:43.185+0000] {dagbag.py:588} INFO - Filling up the DagBag from /home/airflow/.local/lib/python3.12/site-packages/airflow/example_dags/example_branch_day_of_week_operator.py
[2026-08-09T15:28:43.197+0000] {processor.py:925} INFO - DAG(s) 'example_weekday_branch_operator' retrieved from /home/airflow/.local/lib/python3.12/site-packages/airflow/example_dags/example_branch_day_of_week_operator.py
[2026-08-09T15:28:43.219+0000] {logging_mixin.py:190} INFO - [2026-08-09T15:28:43.218+0000] {dag.py:3239} INFO - Sync 1 DAGs
[2026-08-09T15:28:43.249+0000] {logging_mixin.py:190} INFO - [2026-08-09T15:28:43.248+0000] {dag.py:4180} INFO - Setting next_dagrun for example_weekday_branch_operator to 2026-08-08 00:00:00+00:00, run_after=2026-08-09 00:00:00+00:00
[2026-08-09T15:28:43.270+0000] {processor.py:208} INFO - Processing /home/airflow/.local/lib/python3.12/site-packages/airflow/example_dags/example_branch_day_of_week_operator.py took 0.097 seconds
[2026-08-09T15:29:14.656+0000] {processor.py:186} INFO - Started process (PID=13105) to work on /home/airflow/.local/lib/python3.12/site-packages/airflow/example_dags/example_branch_day_of_week_operator.py
[2026-08-09T15:29:14.657+0000] {processor.py:914} INFO - Processing file /home/airflow/.local/lib/python3.12/site-packages/airflow/example_dags/example_branch_day_of_week_operator.py for tasks to queue
[2026-08-09T15:29:14.660+0000] {logging_mixin.py:190} INFO - [2026-08-09T15:29:14.659+0000] {dagbag.py:588} INFO - Filling up the DagBag from /home/airflow/.local/lib/python3.12/site-packages/airflow/example_dags/example_branch_day_of_week_operator.py
[2026-08-09T15:29:14.670+0000] {processor.py:925} INFO - DAG(s) 'example_weekday_branch_operator' retrieved from /home/airflow/.local/lib/python3.12/site-packages/airflow/example_dags/example_branch_day_of_week_operator.py
[2026-08-09T15:29:14.689+0000] {logging_mixin.py:190} INFO - [2026-08-09T15:29:14.689+0000] {dag.py:3239} INFO - Sync 1 DAGs
[2026-08-09T15:29:14.713+0000] {logging_mixin.py:190} INFO - [2026-08-09T15:29:14.713+0000] {dag.py:4180} INFO - Setting next_dagrun for example_weekday_branch_operator to 2026-08-08 00:00:00+00:00, run_after=2026-08-09 00:00:00+00:00
[2026-08-09T15:29:14.734+0000] {processor.py:208} INFO - Processing /home/airflow/.local/lib/python3.12/site-packages/airflow/example_dags/example_branch_day_of_week_operator.py took 0.084 seconds
[2026-08-09T15:29:45.805+0000] {processor.py:186} INFO - Started process (PID=13170) to work on /home/airflow/.local/lib/python3.12/site-packages/airflow/example_dags/example_branch_day_of_week_operator.py
[2026-08-09T15:29:45.806+0000] {processor.py:914} INFO - Processing file /home/airflow/.local/lib/python3.12/site-packages/airflow/example_dags/example_branch_day_of_week_operator.py for tasks to queue
[2026-08-09T15:29:45.809+0000] {logging_mixin.py:190} INFO - [2026-08-09T15:29:45.808+0000] {dagbag.py:588} INFO - Filling up the DagBag from /home/airflow/.local/lib/python3.12/site-packages/airflow/example_dags/example_branch_day_of_week_operator.py
[2026-08-09T15:29:45.824+0000] {processor.py:925} INFO - DAG(s) 'example_weekday_branch_operator' retrieved from /home/airflow/.local/lib/python3.12/site-packages/airflow/example_dags/example_branch_day_of_week_operator.py
[2026-08-09T15:29:45.846+0000] {logging_mixin.py:190} INFO - [2026-08-09T15:29:45.846+0000] {dag.py:3239} INFO - Sync 1 DAGs
[2026-08-09T15:29:45.876+0000] {logging_mixin.py:190} INFO - [2026-08-09T15:29:45.876+0000] {dag.py:4180} INFO - Setting next_dagrun for example_weekday_branch_operator to 2026-08-08 00:00:00+00:00, run_after=2026-08-09 00:00:00+00:00
[2026-08-09T15:29:45.903+0000] {processor.py:208} INFO - Processing /home/airflow/.local/lib/python3.12/site-packages/airflow/example_dags/example_branch_day_of_week_operator.py took 0.105 seconds
[2026-08-09T15:30:18.046+0000] {processor.py:186} INFO - Started process (PID=13240) to work on /home/airflow/.local/lib/python3.12/site-packages/airflow/example_dags/example_branch_day_of_week_operator.py
[2026-08-09T15:30:18.047+0000] {processor.py:914} INFO - Processing file /home/airflow/.local/lib/python3.12/site-packages/airflow/example_dags/example_branch_day_of_week_operator.py for tasks to queue
[2026-08-09T15:30:18.051+0000] {logging_mixin.py:190} INFO - [2026-08-09T15:30:18.051+0000] {dagbag.py:588} INFO - Filling up the DagBag from /home/airflow/.local/lib/python3.12/site-packages/airflow/example_dags/example_branch_day_of_week_operator.py
[2026-08-09T15:30:18.065+0000] {processor.py:925} INFO - DAG(s) 'example_weekday_branch_operator' retrieved from /home/airflow/.local/lib/python3.12/site-packages/airflow/example_dags/example_branch_day_of_week_operator.py
[2026-08-09T15:30:18.090+0000] {logging_mixin.py:190} INFO - [2026-08-09T15:30:18.090+0000] {dag.py:3239} INFO - Sync 1 DAGs
[2026-08-09T15:30:18.122+0000] {logging_mixin.py:190} INFO - [2026-08-09T15:30:18.122+0000] {dag.py:4180} INFO - Setting next_dagrun for example_weekday_branch_operator to 2026-08-08 00:00:00+00:00, run_after=2026-08-09 00:00:00+00:00
[2026-08-09T15:30:18.145+0000] {processor.py:208} INFO - Processing /home/airflow/.local/lib/python3.12/site-packages/airflow/example_dags/example_branch_day_of_week_operator.py took 0.106 seconds
[2026-08-09T15:30:48.610+0000] {processor.py:186} INFO - Started process (PID=13304) to work on /home/airflow/.local/lib/python3.12/site-packages/airflow/example_dags/example_branch_day_of_week_operator.py
[2026-08-09T15:30:48.612+0000] {processor.py:914} INFO - Processing file /home/airflow/.local/lib/python3.12/site-packages/airflow/example_dags/example_branch_day_of_week_operator.py for tasks to queue
[2026-08-09T15:30:48.615+0000] {logging_mixin.py:190} INFO - [2026-08-09T15:30:48.615+0000] {dagbag.py:588} INFO - Filling up the DagBag from /home/airflow/.local/lib/python3.12/site-packages/airflow/example_dags/example_branch_day_of_week_operator.py
[2026-08-09T15:30:48.627+0000] {processor.py:925} INFO - DAG(s) 'example_weekday_branch_operator' retrieved from /home/airflow/.local/lib/python3.12/site-packages/airflow/example_dags/example_branch_day_of_week_operator.py
[2026-08-09T15:30:48.649+0000] {logging_mixin.py:190} INFO - [2026-08-09T15:30:48.649+0000] {dag.py:3239} INFO - Sync 1 DAGs
[2026-08-09T15:30:48.678+0000] {logging_mixin.py:190} INFO - [2026-08-09T15:30:48.678+0000] {dag.py:4180} INFO - Setting next_dagrun for example_weekday_branch_operator to 2026-08-08 00:00:00+00:00, run_after=2026-08-09 00:00:00+00:00
[2026-08-09T15:30:48.701+0000] {processor.py:208} INFO - Processing /home/airflow/.local/lib/python3.12/site-packages/airflow/example_dags/example_branch_day_of_week_operator.py took 0.097 seconds
[2026-08-09T15:31:19.655+0000] {processor.py:186} INFO - Started process (PID=13371) to work on /home/airflow/.local/lib/python3.12/site-packages/airflow/example_dags/example_branch_day_of_week_operator.py
[2026-08-09T15:31:19.656+0000] {processor.py:914} INFO - Processing file /home/airflow/.local/lib/python3.12/site-packages/airflow/example_dags/example_branch_day_of_week_operator.py for tasks to queue
[2026-08-09T15:31:19.659+0000] {logging_mixin.py:190} INFO - [2026-08-09T15:31:19.659+0000] {dagbag.py:588} INFO - Filling up the DagBag from /home/airflow/.local/lib/python3.12/site-packages/airflow/example_dags/example_branch_day_of_week_operator.py
[2026-08-09T15:31:19.672+0000] {processor.py:925} INFO - DAG(s) 'example_weekday_branch_operator' retrieved from /home/airflow/.local/lib/python3.12/site-packages/airflow/example_dags/example_branch_day_of_week_operator.py
[2026-08-09T15:31:19.694+0000] {logging_mixin.py:190} INFO - [2026-08-09T15:31:19.694+0000] {dag.py:3239} INFO - Sync 1 DAGs
[2026-08-09T15:31:19.722+0000] {logging_mixin.py:190} INFO - [2026-08-09T15:31:19.722+0000] {dag.py:4180} INFO - Setting next_dagrun for example_weekday_branch_operator to 2026-08-08 00:00:00+00:00, run_after=2026-08-09 00:00:00+00:00
[2026-08-09T15:31:19.745+0000] {processor.py:208} INFO - Processing /home/airflow/.local/lib/python3.12/site-packages/airflow/example_dags/example_branch_day_of_week_operator.py took 0.096 seconds
[2026-08-09T15:31:50.048+0000] {processor.py:186} INFO - Started process (PID=13435) to work on /home/airflow/.local/lib/python3.12/site-packages/airflow/example_dags/example_branch_day_of_week_operator.py
[2026-08-09T15:31:50.049+0000] {processor.py:914} INFO - Processing file /home/airflow/.local/lib/python3.12/site-packages/airflow/example_dags/example_branch_day_of_week_operator.py for tasks to queue
[2026-08-09T15:31:50.053+0000] {logging_mixin.py:190} INFO - [2026-08-09T15:31:50.052+0000] {dagbag.py:588} INFO - Filling up the DagBag from /home/airflow/.local/lib/python3.12/site-packages/airflow/example_dags/example_branch_day_of_week_operator.py
[2026-08-09T15:31:50.063+0000] {processor.py:925} INFO - DAG(s) 'example_weekday_branch_operator' retrieved from /home/airflow/.local/lib/python3.12/site-packages/airflow/example_dags/example_branch_day_of_week_operator.py
[2026-08-09T15:31:50.085+0000] {logging_mixin.py:190} INFO - [2026-08-09T15:31:50.085+0000] {dag.py:3239} INFO - Sync 1 DAGs
[2026-08-09T15:31:50.110+0000] {logging_mixin.py:190} INFO - [2026-08-09T15:31:50.110+0000] {dag.py:4180} INFO - Setting next_dagrun for example_weekday_branch_operator to 2026-08-08 00:00:00+00:00, run_after=2026-08-09 00:00:00+00:00
[2026-08-09T15:31:50.133+0000] {processor.py:208} INFO - Processing /home/airflow/.local/lib/python3.12/site-packages/airflow/example_dags/example_branch_day_of_week_operator.py took 0.092 seconds
[2026-08-09T15:32:20.867+0000] {processor.py:186} INFO - Started process (PID=13502) to work on /home/airflow/.local/lib/python3.12/site-packages/airflow/example_dags/example_branch_day_of_week_operator.py
[2026-08-09T15:32:20.869+0000] {processor.py:914} INFO - Processing file /home/airflow/.local/lib/python3.12/site-packages/airflow/example_dags/example_branch_day_of_week_operator.py for tasks to queue
[2026-08-09T15:32:20.873+0000] {logging_mixin.py:190} INFO - [2026-08-09T15:32:20.872+0000] {dagbag.py:588} INFO - Filling up the DagBag from /home/airflow/.local/lib/python3.12/site-packages/airflow/example_dags/example_branch_day_of_week_operator.py
[2026-08-09T15:32:20.886+0000] {processor.py:925} INFO - DAG(s) 'example_weekday_branch_operator' retrieved from /home/airflow/.local/lib/python3.12/site-packages/airflow/example_dags/example_branch_day_of_week_operator.py
[2026-08-09T15:32:20.910+0000] {logging_mixin.py:190} INFO - [2026-08-09T15:32:20.909+0000] {dag.py:3239} INFO - Sync 1 DAGs
[2026-08-09T15:32:20.940+0000] {logging_mixin.py:190} INFO - [2026-08-09T15:32:20.940+0000] {dag.py:4180} INFO - Setting next_dagrun for example_weekday_branch_operator to 2026-08-08 00:00:00+00:00, run_after=2026-08-09 00:00:00+00:00
[2026-08-09T15:32:20.963+0000] {processor.py:208} INFO - Processing /home/airflow/.local/lib/python3.12/site-packages/airflow/example_dags/example_branch_day_of_week_operator.py took 0.103 seconds
[2026-08-09T15:32:51.639+0000] {processor.py:186} INFO - Started process (PID=13568) to work on /home/airflow/.local/lib/python3.12/site-packages/airflow/example_dags/example_branch_day_of_week_operator.py
[2026-08-09T15:32:51.641+0000] {processor.py:914} INFO - Processing file /home/airflow/.local/lib/python3.12/site-packages/airflow/example_dags/example_branch_day_of_week_operator.py for tasks to queue
[2026-08-09T15:32:51.644+0000] {logging_mixin.py:190} INFO - [2026-08-09T15:32:51.644+0000] {dagbag.py:588} INFO - Filling up the DagBag from /home/airflow/.local/lib/python3.12/site-packages/airflow/example_dags/example_branch_day_of_week_operator.py
[2026-08-09T15:32:51.657+0000] {processor.py:925} INFO - DAG(s) 'example_weekday_branch_operator' retrieved from /home/airflow/.local/lib/python3.12/site-packages/airflow/example_dags/example_branch_day_of_week_operator.py
[2026-08-09T15:32:51.682+0000] {logging_mixin.py:190} INFO - [2026-08-09T15:32:51.682+0000] {dag.py:3239} INFO - Sync 1 DAGs
[2026-08-09T15:32:51.718+0000] {logging_mixin.py:190} INFO - [2026-08-09T15:32:51.718+0000] {dag.py:4180} INFO - Setting next_dagrun for example_weekday_branch_operator to 2026-08-08 00:00:00+00:00, run_after=2026-08-09 00:00:00+00:00
[2026-08-09T15:32:51.744+0000] {processor.py:208} INFO - Processing /home/airflow/.local/lib/python3.12/site-packages/airflow/example_dags/example_branch_day_of_week_operator.py took 0.113 seconds
[2026-08-09T15:33:21.896+0000] {processor.py:186} INFO - Started process (PID=13633) to work on /home/airflow/.local/lib/python3.12/site-packages/airflow/example_dags/example_branch_day_of_week_operator.py
[2026-08-09T15:33:21.897+0000] {processor.py:914} INFO - Processing file /home/airflow/.local/lib/python3.12/site-packages/airflow/example_dags/example_branch_day_of_week_operator.py for tasks to queue
[2026-08-09T15:33:21.901+0000] {logging_mixin.py:190} INFO - [2026-08-09T15:33:21.900+0000] {dagbag.py:588} INFO - Filling up the DagBag from /home/airflow/.local/lib/python3.12/site-packages/airflow/example_dags/example_branch_day_of_week_operator.py
[2026-08-09T15:33:21.911+0000] {processor.py:925} INFO - DAG(s) 'example_weekday_branch_operator' retrieved from /home/airflow/.local/lib/python3.12/site-packages/airflow/example_dags/example_branch_day_of_week_operator.py
[2026-08-09T15:33:21.932+0000] {logging_mixin.py:190} INFO - [2026-08-09T15:33:21.932+0000] {dag.py:3239} INFO - Sync 1 DAGs
[2026-08-09T15:33:21.960+0000] {logging_mixin.py:190} INFO - [2026-08-09T15:33:21.960+0000] {dag.py:4180} INFO - Setting next_dagrun for example_weekday_branch_operator to 2026-08-08 00:00:00+00:00, run_after=2026-08-09 00:00:00+00:00
[2026-08-09T15:33:21.983+0000] {processor.py:208} INFO - Processing /home/airflow/.local/lib/python3.12/site-packages/airflow/example_dags/example_branch_day_of_week_operator.py took 0.093 seconds
[2026-08-09T15:33:52.597+0000] {processor.py:186} INFO - Started process (PID=13698) to work on /home/airflow/.local/lib/python3.12/site-packages/airflow/example_dags/example_branch_day_of_week_operator.py
[2026-08-09T15:33:52.598+0000] {processor.py:914} INFO - Processing file /home/airflow/.local/lib/python3.12/site-packages/airflow/example_dags/example_branch_day_of_week_operator.py for tasks to queue
[2026-08-09T15:33:52.601+0000] {logging_mixin.py:190} INFO - [2026-08-09T15:33:52.601+0000] {dagbag.py:588} INFO - Filling up the DagBag from /home/airflow/.local/lib/python3.12/site-packages/airflow/example_dags/example_branch_day_of_week_operator.py
[2026-08-09T15:33:52.616+0000] {processor.py:925} INFO - DAG(s) 'example_weekday_branch_operator' retrieved from /home/airflow/.local/lib/python3.12/site-packages/airflow/example_dags/example_branch_day_of_week_operator.py
[2026-08-09T15:33:52.643+0000] {logging_mixin.py:190} INFO - [2026-08-09T15:33:52.642+0000] {dag.py:3239} INFO - Sync 1 DAGs
[2026-08-09T15:33:52.678+0000] {logging_mixin.py:190} INFO - [2026-08-09T15:33:52.678+0000] {dag.py:4180} INFO - Setting next_dagrun for example_weekday_branch_operator to 2026-08-08 00:00:00+00:00, run_after=2026-08-09 00:00:00+00:00
[2026-08-09T15:33:52.705+0000] {processor.py:208} INFO - Processing /home/airflow/.local/lib/python3.12/site-packages/airflow/example_dags/example_branch_day_of_week_operator.py took 0.117 seconds
[2026-08-09T15:34:23.229+0000] {processor.py:186} INFO - Started process (PID=13762) to work on /home/airflow/.local/lib/python3.12/site-packages/airflow/example_dags/example_branch_day_of_week_operator.py
[2026-08-09T15:34:23.230+0000] {processor.py:914} INFO - Processing file /home/airflow/.local/lib/python3.12/site-packages/airflow/example_dags/example_branch_day_of_week_operator.py for tasks to queue
[2026-08-09T15:34:23.234+0000] {logging_mixin.py:190} INFO - [2026-08-09T15:34:23.233+0000] {dagbag.py:588} INFO - Filling up the DagBag from /home/airflow/.local/lib/python3.12/site-packages/airflow/example_dags/example_branch_day_of_week_operator.py
[2026-08-09T15:34:23.246+0000] {processor.py:925} INFO - DAG(s) 'example_weekday_branch_operator' retrieved from /home/airflow/.local/lib/python3.12/site-packages/airflow/example_dags/example_branch_day_of_week_operator.py
[2026-08-09T15:34:23.268+0000] {logging_mixin.py:190} INFO - [2026-08-09T15:34:23.267+0000] {dag.py:3239} INFO - Sync 1 DAGs
[2026-08-09T15:34:23.297+0000] {logging_mixin.py:190} INFO - [2026-08-09T15:34:23.296+0000] {dag.py:4180} INFO - Setting next_dagrun for example_weekday_branch_operator to 2026-08-08 00:00:00+00:00, run_after=2026-08-09 00:00:00+00:00
[2026-08-09T15:34:23.319+0000] {processor.py:208} INFO - Processing /home/airflow/.local/lib/python3.12/site-packages/airflow/example_dags/example_branch_day_of_week_operator.py took 0.096 seconds
[2026-08-09T15:34:53.468+0000] {processor.py:186} INFO - Started process (PID=13827) to work on /home/airflow/.local/lib/python3.12/site-packages/airflow/example_dags/example_branch_day_of_week_operator.py
[2026-08-09T15:34:53.469+0000] {processor.py:914} INFO - Processing file /home/airflow/.local/lib/python3.12/site-packages/airflow/example_dags/example_branch_day_of_week_operator.py for tasks to queue
[2026-08-09T15:34:53.473+0000] {logging_mixin.py:190} INFO - [2026-08-09T15:34:53.472+0000] {dagbag.py:588} INFO - Filling up the DagBag from /home/airflow/.local/lib/python3.12/site-packages/airflow/example_dags/example_branch_day_of_week_operator.py
[2026-08-09T15:34:53.486+0000] {processor.py:925} INFO - DAG(s) 'example_weekday_branch_operator' retrieved from /home/airflow/.local/lib/python3.12/site-packages/airflow/example_dags/example_branch_day_of_week_operator.py
[2026-08-09T15:34:53.509+0000] {logging_mixin.py:190} INFO - [2026-08-09T15:34:53.509+0000] {dag.py:3239} INFO - Sync 1 DAGs
[2026-08-09T15:34:53.539+0000] {logging_mixin.py:190} INFO - [2026-08-09T15:34:53.539+0000] {dag.py:4180} INFO - Setting next_dagrun for example_weekday_branch_operator to 2026-08-08 00:00:00+00:00, run_after=2026-08-09 00:00:00+00:00
[2026-08-09T15:34:53.562+0000] {processor.py:208} INFO - Processing /home/airflow/.local/lib/python3.12/site-packages/airflow/example_dags/example_branch_day_of_week_operator.py took 0.103 seconds
[2026-08-09T15:35:24.035+0000] {processor.py:186} INFO - Started process (PID=13892) to work on /home/airflow/.local/lib/python3.12/site-packages/airflow/example_dags/example_branch_day_of_week_operator.py
[2026-08-09T15:35:24.036+0000] {processor.py:914} INFO - Processing file /home/airflow/.local/lib/python3.12/site-packages/airflow/example_dags/example_branch_day_of_week_operator.py for tasks to queue
[2026-08-09T15:35:24.039+0000] {logging_mixin.py:190} INFO - [2026-08-09T15:35:24.039+0000] {dagbag.py:588} INFO - Filling up the DagBag from /home/airflow/.local/lib/python3.12/site-packages/airflow/example_dags/example_branch_day_of_week_operator.py
[2026-08-09T15:35:24.050+0000] {processor.py:925} INFO - DAG(s) 'example_weekday_branch_operator' retrieved from /home/airflow/.local/lib/python3.12/site-packages/airflow/example_dags/example_branch_day_of_week_operator.py
[2026-08-09T15:35:24.073+0000] {logging_mixin.py:190} INFO - [2026-08-09T15:35:24.072+0000] {dag.py:3239} INFO - Sync 1 DAGs
[2026-08-09T15:35:24.102+0000] {logging_mixin.py:190} INFO - [2026-08-09T15:35:24.101+0000] {dag.py:4180} INFO - Setting next_dagrun for example_weekday_branch_operator to 2026-08-08 00:00:00+00:00, run_after=2026-08-09 00:00:00+00:00
[2026-08-09T15:35:24.132+0000] {processor.py:208} INFO - Processing /home/airflow/.local/lib/python3.12/site-packages/airflow/example_dags/example_branch_day_of_week_operator.py took 0.104 seconds
[2026-08-09T15:35:55.501+0000] {processor.py:186} INFO - Started process (PID=13957) to work on /home/airflow/.local/lib/python3.12/site-packages/airflow/example_dags/example_branch_day_of_week_operator.py
[2026-08-09T15:35:55.502+0000] {processor.py:914} INFO - Processing file /home/airflow/.local/lib/python3.12/site-packages/airflow/example_dags/example_branch_day_of_week_operator.py for tasks to queue
[2026-08-09T15:35:55.505+0000] {logging_mixin.py:190} INFO - [2026-08-09T15:35:55.505+0000] {dagbag.py:588} INFO - Filling up the DagBag from /home/airflow/.local/lib/python3.12/site-packages/airflow/example_dags/example_branch_day_of_week_operator.py
[2026-08-09T15:35:55.516+0000] {processor.py:925} INFO - DAG(s) 'example_weekday_branch_operator' retrieved from /home/airflow/.local/lib/python3.12/site-packages/airflow/example_dags/example_branch_day_of_week_operator.py
[2026-08-09T15:35:55.537+0000] {logging_mixin.py:190} INFO - [2026-08-09T15:35:55.537+0000] {dag.py:3239} INFO - Sync 1 DAGs
[2026-08-09T15:35:55.563+0000] {logging_mixin.py:190} INFO - [2026-08-09T15:35:55.563+0000] {dag.py:4180} INFO - Setting next_dagrun for example_weekday_branch_operator to 2026-08-08 00:00:00+00:00, run_after=2026-08-09 00:00:00+00:00
[2026-08-09T15:35:55.584+0000] {processor.py:208} INFO - Processing /home/airflow/.local/lib/python3.12/site-packages/airflow/example_dags/example_branch_day_of_week_operator.py took 0.089 seconds
[2026-08-09T15:36:27.186+0000] {processor.py:186} INFO - Started process (PID=14024) to work on /home/airflow/.local/lib/python3.12/site-packages/airflow/example_dags/example_branch_day_of_week_operator.py
[2026-08-09T15:36:27.188+0000] {processor.py:914} INFO - Processing file /home/airflow/.local/lib/python3.12/site-packages/airflow/example_dags/example_branch_day_of_week_operator.py for tasks to queue
[2026-08-09T15:36:27.191+0000] {logging_mixin.py:190} INFO - [2026-08-09T15:36:27.191+0000] {dagbag.py:588} INFO - Filling up the DagBag from /home/airflow/.local/lib/python3.12/site-packages/airflow/example_dags/example_branch_day_of_week_operator.py
[2026-08-09T15:36:27.202+0000] {processor.py:925} INFO - DAG(s) 'example_weekday_branch_operator' retrieved from /home/airflow/.local/lib/python3.12/site-packages/airflow/example_dags/example_branch_day_of_week_operator.py
[2026-08-09T15:36:27.223+0000] {logging_mixin.py:190} INFO - [2026-08-09T15:36:27.223+0000] {dag.py:3239} INFO - Sync 1 DAGs
[2026-08-09T15:36:27.253+0000] {logging_mixin.py:190} INFO - [2026-08-09T15:36:27.253+0000] {dag.py:4180} INFO - Setting next_dagrun for example_weekday_branch_operator to 2026-08-08 00:00:00+00:00, run_after=2026-08-09 00:00:00+00:00
[2026-08-09T15:36:27.275+0000] {processor.py:208} INFO - Processing /home/airflow/.local/lib/python3.12/site-packages/airflow/example_dags/example_branch_day_of_week_operator.py took 0.096 seconds
[2026-08-09T15:36:58.296+0000] {processor.py:186} INFO - Started process (PID=14092) to work on /home/airflow/.local/lib/python3.12/site-packages/airflow/example_dags/example_branch_day_of_week_operator.py
[2026-08-09T15:36:58.297+0000] {processor.py:914} INFO - Processing file /home/airflow/.local/lib/python3.12/site-packages/airflow/example_dags/example_branch_day_of_week_operator.py for tasks to queue
[2026-08-09T15:36:58.300+0000] {logging_mixin.py:190} INFO - [2026-08-09T15:36:58.299+0000] {dagbag.py:588} INFO - Filling up the DagBag from /home/airflow/.local/lib/python3.12/site-packages/airflow/example_dags/example_branch_day_of_week_operator.py
[2026-08-09T15:36:58.310+0000] {processor.py:925} INFO - DAG(s) 'example_weekday_branch_operator' retrieved from /home/airflow/.local/lib/python3.12/site-packages/airflow/example_dags/example_branch_day_of_week_operator.py
[2026-08-09T15:36:58.329+0000] {logging_mixin.py:190} INFO - [2026-08-09T15:36:58.329+0000] {dag.py:3239} INFO - Sync 1 DAGs
[2026-08-09T15:36:58.355+0000] {logging_mixin.py:190} INFO - [2026-08-09T15:36:58.355+0000] {dag.py:4180} INFO - Setting next_dagrun for example_weekday_branch_operator to 2026-08-08 00:00:00+00:00, run_after=2026-08-09 00:00:00+00:00
[2026-08-09T15:36:58.378+0000] {processor.py:208} INFO - Processing /home/airflow/.local/lib/python3.12/site-packages/airflow/example_dags/example_branch_day_of_week_operator.py took 0.088 seconds
[2026-08-09T15:37:28.722+0000] {processor.py:186} INFO - Started process (PID=14156) to work on /home/airflow/.local/lib/python3.12/site-packages/airflow/example_dags/example_branch_day_of_week_operator.py
[2026-08-09T15:37:28.723+0000] {processor.py:914} INFO - Processing file /home/airflow/.local/lib/python3.12/site-packages/airflow/example_dags/example_branch_day_of_week_operator.py for tasks to queue
[2026-08-09T15:37:28.726+0000] {logging_mixin.py:190} INFO - [2026-08-09T15:37:28.726+0000] {dagbag.py:588} INFO - Filling up the DagBag from /home/airflow/.local/lib/python3.12/site-packages/airflow/example_dags/example_branch_day_of_week_operator.py
[2026-08-09T15:37:28.738+0000] {processor.py:925} INFO - DAG(s) 'example_weekday_branch_operator' retrieved from /home/airflow/.local/lib/python3.12/site-packages/airflow/example_dags/example_branch_day_of_week_operator.py
[2026-08-09T15:37:28.762+0000] {logging_mixin.py:190} INFO - [2026-08-09T15:37:28.762+0000] {dag.py:3239} INFO - Sync 1 DAGs
[2026-08-09T15:37:28.793+0000] {logging_mixin.py:190} INFO - [2026-08-09T15:37:28.792+0000] {dag.py:4180} INFO - Setting next_dagrun for example_weekday_branch_operator to 2026-08-08 00:00:00+00:00, run_after=2026-08-09 00:00:00+00:00
[2026-08-09T15:37:28.818+0000] {processor.py:208} INFO - Processing /home/airflow/.local/lib/python3.12/site-packages/airflow/example_dags/example_branch_day_of_week_operator.py took 0.103 seconds
[2026-08-09T15:37:59.470+0000] {processor.py:186} INFO - Started process (PID=14221) to work on /home/airflow/.local/lib/python3.12/site-packages/airflow/example_dags/example_branch_day_of_week_operator.py
[2026-08-09T15:37:59.472+0000] {processor.py:914} INFO - Processing file /home/airflow/.local/lib/python3.12/site-packages/airflow/example_dags/example_branch_day_of_week_operator.py for tasks to queue
[2026-08-09T15:37:59.477+0000] {logging_mixin.py:190} INFO - [2026-08-09T15:37:59.476+0000] {dagbag.py:588} INFO - Filling up the DagBag from /home/airflow/.local/lib/python3.12/site-packages/airflow/example_dags/example_branch_day_of_week_operator.py
[2026-08-09T15:37:59.490+0000] {processor.py:925} INFO - DAG(s) 'example_weekday_branch_operator' retrieved from /home/airflow/.local/lib/python3.12/site-packages/airflow/example_dags/example_branch_day_of_week_operator.py
[2026-08-09T15:37:59.515+0000] {logging_mixin.py:190} INFO - [2026-08-09T15:37:59.515+0000] {dag.py:3239} INFO - Sync 1 DAGs
[2026-08-09T15:37:59.549+0000] {logging_mixin.py:190} INFO - [2026-08-09T15:37:59.549+0000] {dag.py:4180} INFO - Setting next_dagrun for example_weekday_branch_operator to 2026-08-08 00:00:00+00:00, run_after=2026-08-09 00:00:00+00:00
[2026-08-09T15:37:59.571+0000] {processor.py:208} INFO - Processing /home/airflow/.local/lib/python3.12/site-packages/airflow/example_dags/example_branch_day_of_week_operator.py took 0.110 seconds
[2026-08-09T15:38:29.929+0000] {processor.py:186} INFO - Started process (PID=14286) to work on /home/airflow/.local/lib/python3.12/site-packages/airflow/example_dags/example_branch_day_of_week_operator.py
[2026-08-09T15:38:29.930+0000] {processor.py:914} INFO - Processing file /home/airflow/.local/lib/python3.12/site-packages/airflow/example_dags/example_branch_day_of_week_operator.py for tasks to queue
[2026-08-09T15:38:29.934+0000] {logging_mixin.py:190} INFO - [2026-08-09T15:38:29.934+0000] {dagbag.py:588} INFO - Filling up the DagBag from /home/airflow/.local/lib/python3.12/site-packages/airflow/example_dags/example_branch_day_of_week_operator.py
[2026-08-09T15:38:29.946+0000] {processor.py:925} INFO - DAG(s) 'example_weekday_branch_operator' retrieved from /home/airflow/.local/lib/python3.12/site-packages/airflow/example_dags/example_branch_day_of_week_operator.py
[2026-08-09T15:38:29.970+0000] {logging_mixin.py:190} INFO - [2026-08-09T15:38:29.969+0000] {dag.py:3239} INFO - Sync 1 DAGs
[2026-08-09T15:38:30.001+0000] {logging_mixin.py:190} INFO - [2026-08-09T15:38:30.001+0000] {dag.py:4180} INFO - Setting next_dagrun for example_weekday_branch_operator to 2026-08-08 00:00:00+00:00, run_after=2026-08-09 00:00:00+00:00
[2026-08-09T15:38:30.024+0000] {processor.py:208} INFO - Processing /home/airflow/.local/lib/python3.12/site-packages/airflow/example_dags/example_branch_day_of_week_operator.py took 0.102 seconds
[2026-08-09T15:39:00.333+0000] {processor.py:186} INFO - Started process (PID=14351) to work on /home/airflow/.local/lib/python3.12/site-packages/airflow/example_dags/example_branch_day_of_week_operator.py
[2026-08-09T15:39:00.335+0000] {processor.py:914} INFO - Processing file /home/airflow/.local/lib/python3.12/site-packages/airflow/example_dags/example_branch_day_of_week_operator.py for tasks to queue
[2026-08-09T15:39:00.339+0000] {logging_mixin.py:190} INFO - [2026-08-09T15:39:00.338+0000] {dagbag.py:588} INFO - Filling up the DagBag from /home/airflow/.local/lib/python3.12/site-packages/airflow/example_dags/example_branch_day_of_week_operator.py
[2026-08-09T15:39:00.358+0000] {processor.py:925} INFO - DAG(s) 'example_weekday_branch_operator' retrieved from /home/airflow/.local/lib/python3.12/site-packages/airflow/example_dags/example_branch_day_of_week_operator.py
[2026-08-09T15:39:00.392+0000] {logging_mixin.py:190} INFO - [2026-08-09T15:39:00.392+0000] {dag.py:3239} INFO - Sync 1 DAGs
[2026-08-09T15:39:00.435+0000] {logging_mixin.py:190} INFO - [2026-08-09T15:39:00.435+0000] {dag.py:4180} INFO - Setting next_dagrun for example_weekday_branch_operator to 2026-08-08 00:00:00+00:00, run_after=2026-08-09 00:00:00+00:00
[2026-08-09T15:39:00.464+0000] {processor.py:208} INFO - Processing /home/airflow/.local/lib/python3.12/site-packages/airflow/example_dags/example_branch_day_of_week_operator.py took 0.139 seconds
[2026-08-09T15:39:30.520+0000] {processor.py:186} INFO - Started process (PID=14416) to work on /home/airflow/.local/lib/python3.12/site-packages/airflow/example_dags/example_branch_day_of_week_operator.py
[2026-08-09T15:39:30.522+0000] {processor.py:914} INFO - Processing file /home/airflow/.local/lib/python3.12/site-packages/airflow/example_dags/example_branch_day_of_week_operator.py for tasks to queue
[2026-08-09T15:39:30.526+0000] {logging_mixin.py:190} INFO - [2026-08-09T15:39:30.525+0000] {dagbag.py:588} INFO - Filling up the DagBag from /home/airflow/.local/lib/python3.12/site-packages/airflow/example_dags/example_branch_day_of_week_operator.py
[2026-08-09T15:39:30.538+0000] {processor.py:925} INFO - DAG(s) 'example_weekday_branch_operator' retrieved from /home/airflow/.local/lib/python3.12/site-packages/airflow/example_dags/example_branch_day_of_week_operator.py
[2026-08-09T15:39:30.561+0000] {logging_mixin.py:190} INFO - [2026-08-09T15:39:30.560+0000] {dag.py:3239} INFO - Sync 1 DAGs
[2026-08-09T15:39:30.588+0000] {logging_mixin.py:190} INFO - [2026-08-09T15:39:30.587+0000] {dag.py:4180} INFO - Setting next_dagrun for example_weekday_branch_operator to 2026-08-08 00:00:00+00:00, run_after=2026-08-09 00:00:00+00:00
[2026-08-09T15:39:30.610+0000] {processor.py:208} INFO - Processing /home/airflow/.local/lib/python3.12/site-packages/airflow/example_dags/example_branch_day_of_week_operator.py took 0.098 seconds
[2026-08-09T15:40:00.765+0000] {processor.py:186} INFO - Started process (PID=14481) to work on /home/airflow/.local/lib/python3.12/site-packages/airflow/example_dags/example_branch_day_of_week_operator.py
[2026-08-09T15:40:00.766+0000] {processor.py:914} INFO - Processing file /home/airflow/.local/lib/python3.12/site-packages/airflow/example_dags/example_branch_day_of_week_operator.py for tasks to queue
[2026-08-09T15:40:00.770+0000] {logging_mixin.py:190} INFO - [2026-08-09T15:40:00.769+0000] {dagbag.py:588} INFO - Filling up the DagBag from /home/airflow/.local/lib/python3.12/site-packages/airflow/example_dags/example_branch_day_of_week_operator.py
[2026-08-09T15:40:00.783+0000] {processor.py:925} INFO - DAG(s) 'example_weekday_branch_operator' retrieved from /home/airflow/.local/lib/python3.12/site-packages/airflow/example_dags/example_branch_day_of_week_operator.py
[2026-08-09T15:40:00.802+0000] {logging_mixin.py:190} INFO - [2026-08-09T15:40:00.802+0000] {dag.py:3239} INFO - Sync 1 DAGs
[2026-08-09T15:40:00.829+0000] {logging_mixin.py:190} INFO - [2026-08-09T15:40:00.829+0000] {dag.py:4180} INFO - Setting next_dagrun for example_weekday_branch_operator to 2026-08-08 00:00:00+00:00, run_after=2026-08-09 00:00:00+00:00
[2026-08-09T15:40:00.850+0000] {processor.py:208} INFO - Processing /home/airflow/.local/lib/python3.12/site-packages/airflow/example_dags/example_branch_day_of_week_operator.py took 0.093 seconds
[2026-08-09T15:40:31.170+0000] {processor.py:186} INFO - Started process (PID=14546) to work on /home/airflow/.local/lib/python3.12/site-packages/airflow/example_dags/example_branch_day_of_week_operator.py
[2026-08-09T15:40:31.171+0000] {processor.py:914} INFO - Processing file /home/airflow/.local/lib/python3.12/site-packages/airflow/example_dags/example_branch_day_of_week_operator.py for tasks to queue
[2026-08-09T15:40:31.174+0000] {logging_mixin.py:190} INFO - [2026-08-09T15:40:31.173+0000] {dagbag.py:588} INFO - Filling up the DagBag from /home/airflow/.local/lib/python3.12/site-packages/airflow/example_dags/example_branch_day_of_week_operator.py
[2026-08-09T15:40:31.186+0000] {processor.py:925} INFO - DAG(s) 'example_weekday_branch_operator' retrieved from /home/airflow/.local/lib/python3.12/site-packages/airflow/example_dags/example_branch_day_of_week_operator.py
[2026-08-09T15:40:31.207+0000] {logging_mixin.py:190} INFO - [2026-08-09T15:40:31.206+0000] {dag.py:3239} INFO - Sync 1 DAGs
[2026-08-09T15:40:31.231+0000] {logging_mixin.py:190} INFO - [2026-08-09T15:40:31.230+0000] {dag.py:4180} INFO - Setting next_dagrun for example_weekday_branch_operator to 2026-08-08 00:00:00+00:00, run_after=2026-08-09 00:00:00+00:00
[2026-08-09T15:40:31.250+0000] {processor.py:208} INFO - Processing /home/airflow/.local/lib/python3.12/site-packages/airflow/example_dags/example_branch_day_of_week_operator.py took 0.086 seconds
[2026-08-09T15:41:01.558+0000] {processor.py:186} INFO - Started process (PID=14611) to work on /home/airflow/.local/lib/python3.12/site-packages/airflow/example_dags/example_branch_day_of_week_operator.py
[2026-08-09T15:41:01.560+0000] {processor.py:914} INFO - Processing file /home/airflow/.local/lib/python3.12/site-packages/airflow/example_dags/example_branch_day_of_week_operator.py for tasks to queue
[2026-08-09T15:41:01.563+0000] {logging_mixin.py:190} INFO - [2026-08-09T15:41:01.563+0000] {dagbag.py:588} INFO - Filling up the DagBag from /home/airflow/.local/lib/python3.12/site-packages/airflow/example_dags/example_branch_day_of_week_operator.py
[2026-08-09T15:41:01.578+0000] {processor.py:925} INFO - DAG(s) 'example_weekday_branch_operator' retrieved from /home/airflow/.local/lib/python3.12/site-packages/airflow/example_dags/example_branch_day_of_week_operator.py
[2026-08-09T15:41:01.604+0000] {logging_mixin.py:190} INFO - [2026-08-09T15:41:01.604+0000] {dag.py:3239} INFO - Sync 1 DAGs
[2026-08-09T15:41:01.633+0000] {logging_mixin.py:190} INFO - [2026-08-09T15:41:01.633+0000] {dag.py:4180} INFO - Setting next_dagrun for example_weekday_branch_operator to 2026-08-08 00:00:00+00:00, run_after=2026-08-09 00:00:00+00:00
[2026-08-09T15:41:01.656+0000] {processor.py:208} INFO - Processing /home/airflow/.local/lib/python3.12/site-packages/airflow/example_dags/example_branch_day_of_week_operator.py took 0.105 seconds
[2026-08-09T15:41:31.825+0000] {processor.py:186} INFO - Started process (PID=14676) to work on /home/airflow/.local/lib/python3.12/site-packages/airflow/example_dags/example_branch_day_of_week_operator.py
[2026-08-09T15:41:31.827+0000] {processor.py:914} INFO - Processing file /home/airflow/.local/lib/python3.12/site-packages/airflow/example_dags/example_branch_day_of_week_operator.py for tasks to queue
[2026-08-09T15:41:31.830+0000] {logging_mixin.py:190} INFO - [2026-08-09T15:41:31.830+0000] {dagbag.py:588} INFO - Filling up the DagBag from /home/airflow/.local/lib/python3.12/site-packages/airflow/example_dags/example_branch_day_of_week_operator.py
[2026-08-09T15:41:31.842+0000] {processor.py:925} INFO - DAG(s) 'example_weekday_branch_operator' retrieved from /home/airflow/.local/lib/python3.12/site-packages/airflow/example_dags/example_branch_day_of_week_operator.py
[2026-08-09T15:41:31.865+0000] {logging_mixin.py:190} INFO - [2026-08-09T15:41:31.865+0000] {dag.py:3239} INFO - Sync 1 DAGs
[2026-08-09T15:41:31.893+0000] {logging_mixin.py:190} INFO - [2026-08-09T15:41:31.892+0000] {dag.py:4180} INFO - Setting next_dagrun for example_weekday_branch_operator to 2026-08-08 00:00:00+00:00, run_after=2026-08-09 00:00:00+00:00
[2026-08-09T15:41:31.916+0000] {processor.py:208} INFO - Processing /home/airflow/.local/lib/python3.12/site-packages/airflow/example_dags/example_branch_day_of_week_operator.py took 0.098 seconds
[2026-08-09T15:42:02.046+0000] {processor.py:186} INFO - Started process (PID=14740) to work on /home/airflow/.local/lib/python3.12/site-packages/airflow/example_dags/example_branch_day_of_week_operator.py
[2026-08-09T15:42:02.047+0000] {processor.py:914} INFO - Processing file /home/airflow/.local/lib/python3.12/site-packages/airflow/example_dags/example_branch_day_of_week_operator.py for tasks to queue
[2026-08-09T15:42:02.051+0000] {logging_mixin.py:190} INFO - [2026-08-09T15:42:02.050+0000] {dagbag.py:588} INFO - Filling up the DagBag from /home/airflow/.local/lib/python3.12/site-packages/airflow/example_dags/example_branch_day_of_week_operator.py
[2026-08-09T15:42:02.063+0000] {processor.py:925} INFO - DAG(s) 'example_weekday_branch_operator' retrieved from /home/airflow/.local/lib/python3.12/site-packages/airflow/example_dags/example_branch_day_of_week_operator.py
[2026-08-09T15:42:02.084+0000] {logging_mixin.py:190} INFO - [2026-08-09T15:42:02.084+0000] {dag.py:3239} INFO - Sync 1 DAGs
[2026-08-09T15:42:02.109+0000] {logging_mixin.py:190} INFO - [2026-08-09T15:42:02.109+0000] {dag.py:4180} INFO - Setting next_dagrun for example_weekday_branch_operator to 2026-08-08 00:00:00+00:00, run_after=2026-08-09 00:00:00+00:00
[2026-08-09T15:42:02.129+0000] {processor.py:208} INFO - Processing /home/airflow/.local/lib/python3.12/site-packages/airflow/example_dags/example_branch_day_of_week_operator.py took 0.090 seconds
[2026-08-09T15:42:32.477+0000] {processor.py:186} INFO - Started process (PID=14805) to work on /home/airflow/.local/lib/python3.12/site-packages/airflow/example_dags/example_branch_day_of_week_operator.py
[2026-08-09T15:42:32.478+0000] {processor.py:914} INFO - Processing file /home/airflow/.local/lib/python3.12/site-packages/airflow/example_dags/example_branch_day_of_week_operator.py for tasks to queue
[2026-08-09T15:42:32.481+0000] {logging_mixin.py:190} INFO - [2026-08-09T15:42:32.481+0000] {dagbag.py:588} INFO - Filling up the DagBag from /home/airflow/.local/lib/python3.12/site-packages/airflow/example_dags/example_branch_day_of_week_operator.py
[2026-08-09T15:42:32.494+0000] {processor.py:925} INFO - DAG(s) 'example_weekday_branch_operator' retrieved from /home/airflow/.local/lib/python3.12/site-packages/airflow/example_dags/example_branch_day_of_week_operator.py
[2026-08-09T15:42:32.518+0000] {logging_mixin.py:190} INFO - [2026-08-09T15:42:32.518+0000] {dag.py:3239} INFO - Sync 1 DAGs
[2026-08-09T15:42:32.545+0000] {logging_mixin.py:190} INFO - [2026-08-09T15:42:32.545+0000] {dag.py:4180} INFO - Setting next_dagrun for example_weekday_branch_operator to 2026-08-08 00:00:00+00:00, run_after=2026-08-09 00:00:00+00:00
[2026-08-09T15:42:32.567+0000] {processor.py:208} INFO - Processing /home/airflow/.local/lib/python3.12/site-packages/airflow/example_dags/example_branch_day_of_week_operator.py took 0.097 seconds
[2026-08-09T15:43:03.320+0000] {processor.py:186} INFO - Started process (PID=14870) to work on /home/airflow/.local/lib/python3.12/site-packages/airflow/example_dags/example_branch_day_of_week_operator.py
[2026-08-09T15:43:03.322+0000] {processor.py:914} INFO - Processing file /home/airflow/.local/lib/python3.12/site-packages/airflow/example_dags/example_branch_day_of_week_operator.py for tasks to queue
[2026-08-09T15:43:03.326+0000] {logging_mixin.py:190} INFO - [2026-08-09T15:43:03.325+0000] {dagbag.py:588} INFO - Filling up the DagBag from /home/airflow/.local/lib/python3.12/site-packages/airflow/example_dags/example_branch_day_of_week_operator.py
[2026-08-09T15:43:03.337+0000] {processor.py:925} INFO - DAG(s) 'example_weekday_branch_operator' retrieved from /home/airflow/.local/lib/python3.12/site-packages/airflow/example_dags/example_branch_day_of_week_operator.py
[2026-08-09T15:43:03.357+0000] {logging_mixin.py:190} INFO - [2026-08-09T15:43:03.356+0000] {dag.py:3239} INFO - Sync 1 DAGs
[2026-08-09T15:43:03.392+0000] {logging_mixin.py:190} INFO - [2026-08-09T15:43:03.391+0000] {dag.py:4180} INFO - Setting next_dagrun for example_weekday_branch_operator to 2026-08-08 00:00:00+00:00, run_after=2026-08-09 00:00:00+00:00
[2026-08-09T15:43:03.414+0000] {processor.py:208} INFO - Processing /home/airflow/.local/lib/python3.12/site-packages/airflow/example_dags/example_branch_day_of_week_operator.py took 0.100 seconds
[2026-08-09T15:43:33.880+0000] {processor.py:186} INFO - Started process (PID=14935) to work on /home/airflow/.local/lib/python3.12/site-packages/airflow/example_dags/example_branch_day_of_week_operator.py
[2026-08-09T15:43:33.882+0000] {processor.py:914} INFO - Processing file /home/airflow/.local/lib/python3.12/site-packages/airflow/example_dags/example_branch_day_of_week_operator.py for tasks to queue
[2026-08-09T15:43:33.885+0000] {logging_mixin.py:190} INFO - [2026-08-09T15:43:33.885+0000] {dagbag.py:588} INFO - Filling up the DagBag from /home/airflow/.local/lib/python3.12/site-packages/airflow/example_dags/example_branch_day_of_week_operator.py
[2026-08-09T15:43:33.898+0000] {processor.py:925} INFO - DAG(s) 'example_weekday_branch_operator' retrieved from /home/airflow/.local/lib/python3.12/site-packages/airflow/example_dags/example_branch_day_of_week_operator.py
[2026-08-09T15:43:33.922+0000] {logging_mixin.py:190} INFO - [2026-08-09T15:43:33.922+0000] {dag.py:3239} INFO - Sync 1 DAGs
[2026-08-09T15:43:33.953+0000] {logging_mixin.py:190} INFO - [2026-08-09T15:43:33.952+0000] {dag.py:4180} INFO - Setting next_dagrun for example_weekday_branch_operator to 2026-08-08 00:00:00+00:00, run_after=2026-08-09 00:00:00+00:00
[2026-08-09T15:43:33.976+0000] {processor.py:208} INFO - Processing /home/airflow/.local/lib/python3.12/site-packages/airflow/example_dags/example_branch_day_of_week_operator.py took 0.103 seconds
[2026-08-09T15:44:04.321+0000] {processor.py:186} INFO - Started process (PID=15000) to work on /home/airflow/.local/lib/python3.12/site-packages/airflow/example_dags/example_branch_day_of_week_operator.py
[2026-08-09T15:44:04.322+0000] {processor.py:914} INFO - Processing file /home/airflow/.local/lib/python3.12/site-packages/airflow/example_dags/example_branch_day_of_week_operator.py for tasks to queue
[2026-08-09T15:44:04.326+0000] {logging_mixin.py:190} INFO - [2026-08-09T15:44:04.326+0000] {dagbag.py:588} INFO - Filling up the DagBag from /home/airflow/.local/lib/python3.12/site-packages/airflow/example_dags/example_branch_day_of_week_operator.py
[2026-08-09T15:44:04.340+0000] {processor.py:925} INFO - DAG(s) 'example_weekday_branch_operator' retrieved from /home/airflow/.local/lib/python3.12/site-packages/airflow/example_dags/example_branch_day_of_week_operator.py
[2026-08-09T15:44:04.367+0000] {logging_mixin.py:190} INFO - [2026-08-09T15:44:04.367+0000] {dag.py:3239} INFO - Sync 1 DAGs
[2026-08-09T15:44:04.403+0000] {logging_mixin.py:190} INFO - [2026-08-09T15:44:04.403+0000] {dag.py:4180} INFO - Setting next_dagrun for example_weekday_branch_operator to 2026-08-08 00:00:00+00:00, run_after=2026-08-09 00:00:00+00:00
[2026-08-09T15:44:04.426+0000] {processor.py:208} INFO - Processing /home/airflow/.local/lib/python3.12/site-packages/airflow/example_dags/example_branch_day_of_week_operator.py took 0.112 seconds
[2026-08-09T15:44:34.663+0000] {processor.py:186} INFO - Started process (PID=15065) to work on /home/airflow/.local/lib/python3.12/site-packages/airflow/example_dags/example_branch_day_of_week_operator.py
[2026-08-09T15:44:34.665+0000] {processor.py:914} INFO - Processing file /home/airflow/.local/lib/python3.12/site-packages/airflow/example_dags/example_branch_day_of_week_operator.py for tasks to queue
[2026-08-09T15:44:34.669+0000] {logging_mixin.py:190} INFO - [2026-08-09T15:44:34.668+0000] {dagbag.py:588} INFO - Filling up the DagBag from /home/airflow/.local/lib/python3.12/site-packages/airflow/example_dags/example_branch_day_of_week_operator.py
[2026-08-09T15:44:34.682+0000] {processor.py:925} INFO - DAG(s) 'example_weekday_branch_operator' retrieved from /home/airflow/.local/lib/python3.12/site-packages/airflow/example_dags/example_branch_day_of_week_operator.py
[2026-08-09T15:44:34.704+0000] {logging_mixin.py:190} INFO - [2026-08-09T15:44:34.704+0000] {dag.py:3239} INFO - Sync 1 DAGs
[2026-08-09T15:44:34.734+0000] {logging_mixin.py:190} INFO - [2026-08-09T15:44:34.734+0000] {dag.py:4180} INFO - Setting next_dagrun for example_weekday_branch_operator to 2026-08-08 00:00:00+00:00, run_after=2026-08-09 00:00:00+00:00
[2026-08-09T15:44:34.756+0000] {processor.py:208} INFO - Processing /home/airflow/.local/lib/python3.12/site-packages/airflow/example_dags/example_branch_day_of_week_operator.py took 0.100 seconds
[2026-08-09T15:45:05.246+0000] {processor.py:186} INFO - Started process (PID=15130) to work on /home/airflow/.local/lib/python3.12/site-packages/airflow/example_dags/example_branch_day_of_week_operator.py
[2026-08-09T15:45:05.247+0000] {processor.py:914} INFO - Processing file /home/airflow/.local/lib/python3.12/site-packages/airflow/example_dags/example_branch_day_of_week_operator.py for tasks to queue
[2026-08-09T15:45:05.251+0000] {logging_mixin.py:190} INFO - [2026-08-09T15:45:05.251+0000] {dagbag.py:588} INFO - Filling up the DagBag from /home/airflow/.local/lib/python3.12/site-packages/airflow/example_dags/example_branch_day_of_week_operator.py
[2026-08-09T15:45:05.264+0000] {processor.py:925} INFO - DAG(s) 'example_weekday_branch_operator' retrieved from /home/airflow/.local/lib/python3.12/site-packages/airflow/example_dags/example_branch_day_of_week_operator.py
[2026-08-09T15:45:05.286+0000] {logging_mixin.py:190} INFO - [2026-08-09T15:45:05.286+0000] {dag.py:3239} INFO - Sync 1 DAGs
[2026-08-09T15:45:05.314+0000] {logging_mixin.py:190} INFO - [2026-08-09T15:45:05.314+0000] {dag.py:4180} INFO - Setting next_dagrun for example_weekday_branch_operator to 2026-08-08 00:00:00+00:00, run_after=2026-08-09 00:00:00+00:00
[2026-08-09T15:45:05.336+0000] {processor.py:208} INFO - Processing /home/airflow/.local/lib/python3.12/site-packages/airflow/example_dags/example_branch_day_of_week_operator.py took 0.098 seconds
[2026-08-09T15:45:35.504+0000] {processor.py:186} INFO - Started process (PID=15195) to work on /home/airflow/.local/lib/python3.12/site-packages/airflow/example_dags/example_branch_day_of_week_operator.py
[2026-08-09T15:45:35.506+0000] {processor.py:914} INFO - Processing file /home/airflow/.local/lib/python3.12/site-packages/airflow/example_dags/example_branch_day_of_week_operator.py for tasks to queue
[2026-08-09T15:45:35.510+0000] {logging_mixin.py:190} INFO - [2026-08-09T15:45:35.509+0000] {dagbag.py:588} INFO - Filling up the DagBag from /home/airflow/.local/lib/python3.12/site-packages/airflow/example_dags/example_branch_day_of_week_operator.py
[2026-08-09T15:45:35.522+0000] {processor.py:925} INFO - DAG(s) 'example_weekday_branch_operator' retrieved from /home/airflow/.local/lib/python3.12/site-packages/airflow/example_dags/example_branch_day_of_week_operator.py
[2026-08-09T15:45:35.547+0000] {logging_mixin.py:190} INFO - [2026-08-09T15:45:35.547+0000] {dag.py:3239} INFO - Sync 1 DAGs
[2026-08-09T15:45:35.578+0000] {logging_mixin.py:190} INFO - [2026-08-09T15:45:35.577+0000] {dag.py:4180} INFO - Setting next_dagrun for example_weekday_branch_operator to 2026-08-08 00:00:00+00:00, run_after=2026-08-09 00:00:00+00:00
[2026-08-09T15:45:35.781+0000] {processor.py:208} INFO - Processing /home/airflow/.local/lib/python3.12/site-packages/airflow/example_dags/example_branch_day_of_week_operator.py took 0.283 seconds
[2026-08-09T15:46:06.553+0000] {processor.py:186} INFO - Started process (PID=15260) to work on /home/airflow/.local/lib/python3.12/site-packages/airflow/example_dags/example_branch_day_of_week_operator.py
[2026-08-09T15:46:06.554+0000] {processor.py:914} INFO - Processing file /home/airflow/.local/lib/python3.12/site-packages/airflow/example_dags/example_branch_day_of_week_operator.py for tasks to queue
[2026-08-09T15:46:06.558+0000] {logging_mixin.py:190} INFO - [2026-08-09T15:46:06.557+0000] {dagbag.py:588} INFO - Filling up the DagBag from /home/airflow/.local/lib/python3.12/site-packages/airflow/example_dags/example_branch_day_of_week_operator.py
[2026-08-09T15:46:06.573+0000] {processor.py:925} INFO - DAG(s) 'example_weekday_branch_operator' retrieved from /home/airflow/.local/lib/python3.12/site-packages/airflow/example_dags/example_branch_day_of_week_operator.py
[2026-08-09T15:46:06.596+0000] {logging_mixin.py:190} INFO - [2026-08-09T15:46:06.596+0000] {dag.py:3239} INFO - Sync 1 DAGs
[2026-08-09T15:46:06.625+0000] {logging_mixin.py:190} INFO - [2026-08-09T15:46:06.625+0000] {dag.py:4180} INFO - Setting next_dagrun for example_weekday_branch_operator to 2026-08-08 00:00:00+00:00, run_after=2026-08-09 00:00:00+00:00
[2026-08-09T15:46:06.650+0000] {processor.py:208} INFO - Processing /home/airflow/.local/lib/python3.12/site-packages/airflow/example_dags/example_branch_day_of_week_operator.py took 0.104 seconds
[2026-08-09T15:46:36.948+0000] {processor.py:186} INFO - Started process (PID=15325) to work on /home/airflow/.local/lib/python3.12/site-packages/airflow/example_dags/example_branch_day_of_week_operator.py
[2026-08-09T15:46:36.950+0000] {processor.py:914} INFO - Processing file /home/airflow/.local/lib/python3.12/site-packages/airflow/example_dags/example_branch_day_of_week_operator.py for tasks to queue
[2026-08-09T15:46:36.954+0000] {logging_mixin.py:190} INFO - [2026-08-09T15:46:36.954+0000] {dagbag.py:588} INFO - Filling up the DagBag from /home/airflow/.local/lib/python3.12/site-packages/airflow/example_dags/example_branch_day_of_week_operator.py
[2026-08-09T15:46:36.969+0000] {processor.py:925} INFO - DAG(s) 'example_weekday_branch_operator' retrieved from /home/airflow/.local/lib/python3.12/site-packages/airflow/example_dags/example_branch_day_of_week_operator.py
[2026-08-09T15:46:36.989+0000] {logging_mixin.py:190} INFO - [2026-08-09T15:46:36.989+0000] {dag.py:3239} INFO - Sync 1 DAGs
[2026-08-09T15:46:37.018+0000] {logging_mixin.py:190} INFO - [2026-08-09T15:46:37.018+0000] {dag.py:4180} INFO - Setting next_dagrun for example_weekday_branch_operator to 2026-08-08 00:00:00+00:00, run_after=2026-08-09 00:00:00+00:00
[2026-08-09T15:46:37.040+0000] {processor.py:208} INFO - Processing /home/airflow/.local/lib/python3.12/site-packages/airflow/example_dags/example_branch_day_of_week_operator.py took 0.099 seconds
[2026-08-09T15:47:07.152+0000] {processor.py:186} INFO - Started process (PID=15390) to work on /home/airflow/.local/lib/python3.12/site-packages/airflow/example_dags/example_branch_day_of_week_operator.py
[2026-08-09T15:47:07.153+0000] {processor.py:914} INFO - Processing file /home/airflow/.local/lib/python3.12/site-packages/airflow/example_dags/example_branch_day_of_week_operator.py for tasks to queue
[2026-08-09T15:47:07.156+0000] {logging_mixin.py:190} INFO - [2026-08-09T15:47:07.156+0000] {dagbag.py:588} INFO - Filling up the DagBag from /home/airflow/.local/lib/python3.12/site-packages/airflow/example_dags/example_branch_day_of_week_operator.py
[2026-08-09T15:47:07.168+0000] {processor.py:925} INFO - DAG(s) 'example_weekday_branch_operator' retrieved from /home/airflow/.local/lib/python3.12/site-packages/airflow/example_dags/example_branch_day_of_week_operator.py
[2026-08-09T15:47:07.187+0000] {logging_mixin.py:190} INFO - [2026-08-09T15:47:07.187+0000] {dag.py:3239} INFO - Sync 1 DAGs
[2026-08-09T15:47:07.211+0000] {logging_mixin.py:190} INFO - [2026-08-09T15:47:07.211+0000] {dag.py:4180} INFO - Setting next_dagrun for example_weekday_branch_operator to 2026-08-08 00:00:00+00:00, run_after=2026-08-09 00:00:00+00:00
[2026-08-09T15:47:07.230+0000] {processor.py:208} INFO - Processing /home/airflow/.local/lib/python3.12/site-packages/airflow/example_dags/example_branch_day_of_week_operator.py took 0.084 seconds
[2026-08-09T15:47:37.436+0000] {processor.py:186} INFO - Started process (PID=15455) to work on /home/airflow/.local/lib/python3.12/site-packages/airflow/example_dags/example_branch_day_of_week_operator.py
[2026-08-09T15:47:37.438+0000] {processor.py:914} INFO - Processing file /home/airflow/.local/lib/python3.12/site-packages/airflow/example_dags/example_branch_day_of_week_operator.py for tasks to queue
[2026-08-09T15:47:37.442+0000] {logging_mixin.py:190} INFO - [2026-08-09T15:47:37.441+0000] {dagbag.py:588} INFO - Filling up the DagBag from /home/airflow/.local/lib/python3.12/site-packages/airflow/example_dags/example_branch_day_of_week_operator.py
[2026-08-09T15:47:37.454+0000] {processor.py:925} INFO - DAG(s) 'example_weekday_branch_operator' retrieved from /home/airflow/.local/lib/python3.12/site-packages/airflow/example_dags/example_branch_day_of_week_operator.py
[2026-08-09T15:47:37.477+0000] {logging_mixin.py:190} INFO - [2026-08-09T15:47:37.477+0000] {dag.py:3239} INFO - Sync 1 DAGs
[2026-08-09T15:47:37.506+0000] {logging_mixin.py:190} INFO - [2026-08-09T15:47:37.505+0000] {dag.py:4180} INFO - Setting next_dagrun for example_weekday_branch_operator to 2026-08-08 00:00:00+00:00, run_after=2026-08-09 00:00:00+00:00
[2026-08-09T15:47:37.528+0000] {processor.py:208} INFO - Processing /home/airflow/.local/lib/python3.12/site-packages/airflow/example_dags/example_branch_day_of_week_operator.py took 0.099 seconds
[2026-08-09T15:48:08.519+0000] {processor.py:186} INFO - Started process (PID=15520) to work on /home/airflow/.local/lib/python3.12/site-packages/airflow/example_dags/example_branch_day_of_week_operator.py
[2026-08-09T15:48:08.520+0000] {processor.py:914} INFO - Processing file /home/airflow/.local/lib/python3.12/site-packages/airflow/example_dags/example_branch_day_of_week_operator.py for tasks to queue
[2026-08-09T15:48:08.523+0000] {logging_mixin.py:190} INFO - [2026-08-09T15:48:08.523+0000] {dagbag.py:588} INFO - Filling up the DagBag from /home/airflow/.local/lib/python3.12/site-packages/airflow/example_dags/example_branch_day_of_week_operator.py
[2026-08-09T15:48:08.535+0000] {processor.py:925} INFO - DAG(s) 'example_weekday_branch_operator' retrieved from /home/airflow/.local/lib/python3.12/site-packages/airflow/example_dags/example_branch_day_of_week_operator.py
[2026-08-09T15:48:08.724+0000] {logging_mixin.py:190} INFO - [2026-08-09T15:48:08.724+0000] {dag.py:3239} INFO - Sync 1 DAGs
[2026-08-09T15:48:08.748+0000] {logging_mixin.py:190} INFO - [2026-08-09T15:48:08.748+0000] {dag.py:4180} INFO - Setting next_dagrun for example_weekday_branch_operator to 2026-08-08 00:00:00+00:00, run_after=2026-08-09 00:00:00+00:00
[2026-08-09T15:48:08.768+0000] {processor.py:208} INFO - Processing /home/airflow/.local/lib/python3.12/site-packages/airflow/example_dags/example_branch_day_of_week_operator.py took 0.256 seconds
[2026-08-09T15:48:38.930+0000] {processor.py:186} INFO - Started process (PID=15585) to work on /home/airflow/.local/lib/python3.12/site-packages/airflow/example_dags/example_branch_day_of_week_operator.py
[2026-08-09T15:48:38.932+0000] {processor.py:914} INFO - Processing file /home/airflow/.local/lib/python3.12/site-packages/airflow/example_dags/example_branch_day_of_week_operator.py for tasks to queue
[2026-08-09T15:48:38.935+0000] {logging_mixin.py:190} INFO - [2026-08-09T15:48:38.935+0000] {dagbag.py:588} INFO - Filling up the DagBag from /home/airflow/.local/lib/python3.12/site-packages/airflow/example_dags/example_branch_day_of_week_operator.py
[2026-08-09T15:48:38.950+0000] {processor.py:925} INFO - DAG(s) 'example_weekday_branch_operator' retrieved from /home/airflow/.local/lib/python3.12/site-packages/airflow/example_dags/example_branch_day_of_week_operator.py
[2026-08-09T15:48:38.974+0000] {logging_mixin.py:190} INFO - [2026-08-09T15:48:38.973+0000] {dag.py:3239} INFO - Sync 1 DAGs
[2026-08-09T15:48:39.002+0000] {logging_mixin.py:190} INFO - [2026-08-09T15:48:39.001+0000] {dag.py:4180} INFO - Setting next_dagrun for example_weekday_branch_operator to 2026-08-08 00:00:00+00:00, run_after=2026-08-09 00:00:00+00:00
[2026-08-09T15:48:39.024+0000] {processor.py:208} INFO - Processing /home/airflow/.local/lib/python3.12/site-packages/airflow/example_dags/example_branch_day_of_week_operator.py took 0.102 seconds
[2026-08-09T15:49:09.147+0000] {processor.py:186} INFO - Started process (PID=15650) to work on /home/airflow/.local/lib/python3.12/site-packages/airflow/example_dags/example_branch_day_of_week_operator.py
[2026-08-09T15:49:09.149+0000] {processor.py:914} INFO - Processing file /home/airflow/.local/lib/python3.12/site-packages/airflow/example_dags/example_branch_day_of_week_operator.py for tasks to queue
[2026-08-09T15:49:09.152+0000] {logging_mixin.py:190} INFO - [2026-08-09T15:49:09.151+0000] {dagbag.py:588} INFO - Filling up the DagBag from /home/airflow/.local/lib/python3.12/site-packages/airflow/example_dags/example_branch_day_of_week_operator.py
[2026-08-09T15:49:09.164+0000] {processor.py:925} INFO - DAG(s) 'example_weekday_branch_operator' retrieved from /home/airflow/.local/lib/python3.12/site-packages/airflow/example_dags/example_branch_day_of_week_operator.py
[2026-08-09T15:49:09.184+0000] {logging_mixin.py:190} INFO - [2026-08-09T15:49:09.184+0000] {dag.py:3239} INFO - Sync 1 DAGs
[2026-08-09T15:49:09.210+0000] {logging_mixin.py:190} INFO - [2026-08-09T15:49:09.209+0000] {dag.py:4180} INFO - Setting next_dagrun for example_weekday_branch_operator to 2026-08-08 00:00:00+00:00, run_after=2026-08-09 00:00:00+00:00
[2026-08-09T15:49:09.228+0000] {processor.py:208} INFO - Processing /home/airflow/.local/lib/python3.12/site-packages/airflow/example_dags/example_branch_day_of_week_operator.py took 0.087 seconds
[2026-08-09T15:49:39.419+0000] {processor.py:186} INFO - Started process (PID=15715) to work on /home/airflow/.local/lib/python3.12/site-packages/airflow/example_dags/example_branch_day_of_week_operator.py
[2026-08-09T15:49:39.421+0000] {processor.py:914} INFO - Processing file /home/airflow/.local/lib/python3.12/site-packages/airflow/example_dags/example_branch_day_of_week_operator.py for tasks to queue
[2026-08-09T15:49:39.424+0000] {logging_mixin.py:190} INFO - [2026-08-09T15:49:39.424+0000] {dagbag.py:588} INFO - Filling up the DagBag from /home/airflow/.local/lib/python3.12/site-packages/airflow/example_dags/example_branch_day_of_week_operator.py
[2026-08-09T15:49:39.436+0000] {processor.py:925} INFO - DAG(s) 'example_weekday_branch_operator' retrieved from /home/airflow/.local/lib/python3.12/site-packages/airflow/example_dags/example_branch_day_of_week_operator.py
[2026-08-09T15:49:39.467+0000] {logging_mixin.py:190} INFO - [2026-08-09T15:49:39.467+0000] {dag.py:3239} INFO - Sync 1 DAGs
[2026-08-09T15:49:39.496+0000] {logging_mixin.py:190} INFO - [2026-08-09T15:49:39.496+0000] {dag.py:4180} INFO - Setting next_dagrun for example_weekday_branch_operator to 2026-08-08 00:00:00+00:00, run_after=2026-08-09 00:00:00+00:00
[2026-08-09T15:49:39.516+0000] {processor.py:208} INFO - Processing /home/airflow/.local/lib/python3.12/site-packages/airflow/example_dags/example_branch_day_of_week_operator.py took 0.105 seconds
[2026-08-09T15:50:09.815+0000] {processor.py:186} INFO - Started process (PID=15780) to work on /home/airflow/.local/lib/python3.12/site-packages/airflow/example_dags/example_branch_day_of_week_operator.py
[2026-08-09T15:50:09.817+0000] {processor.py:914} INFO - Processing file /home/airflow/.local/lib/python3.12/site-packages/airflow/example_dags/example_branch_day_of_week_operator.py for tasks to queue
[2026-08-09T15:50:09.820+0000] {logging_mixin.py:190} INFO - [2026-08-09T15:50:09.820+0000] {dagbag.py:588} INFO - Filling up the DagBag from /home/airflow/.local/lib/python3.12/site-packages/airflow/example_dags/example_branch_day_of_week_operator.py
[2026-08-09T15:50:09.833+0000] {processor.py:925} INFO - DAG(s) 'example_weekday_branch_operator' retrieved from /home/airflow/.local/lib/python3.12/site-packages/airflow/example_dags/example_branch_day_of_week_operator.py
[2026-08-09T15:50:09.852+0000] {logging_mixin.py:190} INFO - [2026-08-09T15:50:09.852+0000] {dag.py:3239} INFO - Sync 1 DAGs
[2026-08-09T15:50:09.879+0000] {logging_mixin.py:190} INFO - [2026-08-09T15:50:09.879+0000] {dag.py:4180} INFO - Setting next_dagrun for example_weekday_branch_operator to 2026-08-08 00:00:00+00:00, run_after=2026-08-09 00:00:00+00:00
[2026-08-09T15:50:09.900+0000] {processor.py:208} INFO - Processing /home/airflow/.local/lib/python3.12/site-packages/airflow/example_dags/example_branch_day_of_week_operator.py took 0.094 seconds
[2026-08-09T15:50:40.457+0000] {processor.py:186} INFO - Started process (PID=15845) to work on /home/airflow/.local/lib/python3.12/site-packages/airflow/example_dags/example_branch_day_of_week_operator.py
[2026-08-09T15:50:40.459+0000] {processor.py:914} INFO - Processing file /home/airflow/.local/lib/python3.12/site-packages/airflow/example_dags/example_branch_day_of_week_operator.py for tasks to queue
[2026-08-09T15:50:40.462+0000] {logging_mixin.py:190} INFO - [2026-08-09T15:50:40.462+0000] {dagbag.py:588} INFO - Filling up the DagBag from /home/airflow/.local/lib/python3.12/site-packages/airflow/example_dags/example_branch_day_of_week_operator.py
[2026-08-09T15:50:40.477+0000] {processor.py:925} INFO - DAG(s) 'example_weekday_branch_operator' retrieved from /home/airflow/.local/lib/python3.12/site-packages/airflow/example_dags/example_branch_day_of_week_operator.py
[2026-08-09T15:50:40.499+0000] {logging_mixin.py:190} INFO - [2026-08-09T15:50:40.499+0000] {dag.py:3239} INFO - Sync 1 DAGs
[2026-08-09T15:50:40.526+0000] {logging_mixin.py:190} INFO - [2026-08-09T15:50:40.526+0000] {dag.py:4180} INFO - Setting next_dagrun for example_weekday_branch_operator to 2026-08-08 00:00:00+00:00, run_after=2026-08-09 00:00:00+00:00
[2026-08-09T15:50:40.548+0000] {processor.py:208} INFO - Processing /home/airflow/.local/lib/python3.12/site-packages/airflow/example_dags/example_branch_day_of_week_operator.py took 0.098 seconds
[2026-08-09T15:51:10.962+0000] {processor.py:186} INFO - Started process (PID=15910) to work on /home/airflow/.local/lib/python3.12/site-packages/airflow/example_dags/example_branch_day_of_week_operator.py
[2026-08-09T15:51:10.964+0000] {processor.py:914} INFO - Processing file /home/airflow/.local/lib/python3.12/site-packages/airflow/example_dags/example_branch_day_of_week_operator.py for tasks to queue
[2026-08-09T15:51:10.967+0000] {logging_mixin.py:190} INFO - [2026-08-09T15:51:10.966+0000] {dagbag.py:588} INFO - Filling up the DagBag from /home/airflow/.local/lib/python3.12/site-packages/airflow/example_dags/example_branch_day_of_week_operator.py
[2026-08-09T15:51:10.980+0000] {processor.py:925} INFO - DAG(s) 'example_weekday_branch_operator' retrieved from /home/airflow/.local/lib/python3.12/site-packages/airflow/example_dags/example_branch_day_of_week_operator.py
[2026-08-09T15:51:11.000+0000] {logging_mixin.py:190} INFO - [2026-08-09T15:51:11.000+0000] {dag.py:3239} INFO - Sync 1 DAGs
[2026-08-09T15:51:11.028+0000] {logging_mixin.py:190} INFO - [2026-08-09T15:51:11.027+0000] {dag.py:4180} INFO - Setting next_dagrun for example_weekday_branch_operator to 2026-08-08 00:00:00+00:00, run_after=2026-08-09 00:00:00+00:00
[2026-08-09T15:51:11.050+0000] {processor.py:208} INFO - Processing /home/airflow/.local/lib/python3.12/site-packages/airflow/example_dags/example_branch_day_of_week_operator.py took 0.094 seconds
[2026-08-09T15:51:41.603+0000] {processor.py:186} INFO - Started process (PID=15975) to work on /home/airflow/.local/lib/python3.12/site-packages/airflow/example_dags/example_branch_day_of_week_operator.py
[2026-08-09T15:51:41.604+0000] {processor.py:914} INFO - Processing file /home/airflow/.local/lib/python3.12/site-packages/airflow/example_dags/example_branch_day_of_week_operator.py for tasks to queue
[2026-08-09T15:51:41.608+0000] {logging_mixin.py:190} INFO - [2026-08-09T15:51:41.608+0000] {dagbag.py:588} INFO - Filling up the DagBag from /home/airflow/.local/lib/python3.12/site-packages/airflow/example_dags/example_branch_day_of_week_operator.py
[2026-08-09T15:51:41.621+0000] {processor.py:925} INFO - DAG(s) 'example_weekday_branch_operator' retrieved from /home/airflow/.local/lib/python3.12/site-packages/airflow/example_dags/example_branch_day_of_week_operator.py
[2026-08-09T15:51:41.641+0000] {logging_mixin.py:190} INFO - [2026-08-09T15:51:41.641+0000] {dag.py:3239} INFO - Sync 1 DAGs
[2026-08-09T15:51:41.668+0000] {logging_mixin.py:190} INFO - [2026-08-09T15:51:41.668+0000] {dag.py:4180} INFO - Setting next_dagrun for example_weekday_branch_operator to 2026-08-08 00:00:00+00:00, run_after=2026-08-09 00:00:00+00:00
[2026-08-09T15:51:41.689+0000] {processor.py:208} INFO - Processing /home/airflow/.local/lib/python3.12/site-packages/airflow/example_dags/example_branch_day_of_week_operator.py took 0.095 seconds
[2026-08-09T15:52:12.047+0000] {processor.py:186} INFO - Started process (PID=16040) to work on /home/airflow/.local/lib/python3.12/site-packages/airflow/example_dags/example_branch_day_of_week_operator.py
[2026-08-09T15:52:12.048+0000] {processor.py:914} INFO - Processing file /home/airflow/.local/lib/python3.12/site-packages/airflow/example_dags/example_branch_day_of_week_operator.py for tasks to queue
[2026-08-09T15:52:12.051+0000] {logging_mixin.py:190} INFO - [2026-08-09T15:52:12.051+0000] {dagbag.py:588} INFO - Filling up the DagBag from /home/airflow/.local/lib/python3.12/site-packages/airflow/example_dags/example_branch_day_of_week_operator.py
[2026-08-09T15:52:12.062+0000] {processor.py:925} INFO - DAG(s) 'example_weekday_branch_operator' retrieved from /home/airflow/.local/lib/python3.12/site-packages/airflow/example_dags/example_branch_day_of_week_operator.py
[2026-08-09T15:52:12.082+0000] {logging_mixin.py:190} INFO - [2026-08-09T15:52:12.081+0000] {dag.py:3239} INFO - Sync 1 DAGs
[2026-08-09T15:52:12.106+0000] {logging_mixin.py:190} INFO - [2026-08-09T15:52:12.106+0000] {dag.py:4180} INFO - Setting next_dagrun for example_weekday_branch_operator to 2026-08-08 00:00:00+00:00, run_after=2026-08-09 00:00:00+00:00
[2026-08-09T15:52:12.125+0000] {processor.py:208} INFO - Processing /home/airflow/.local/lib/python3.12/site-packages/airflow/example_dags/example_branch_day_of_week_operator.py took 0.085 seconds
[2026-08-09T15:52:42.179+0000] {processor.py:186} INFO - Started process (PID=16105) to work on /home/airflow/.local/lib/python3.12/site-packages/airflow/example_dags/example_branch_day_of_week_operator.py
[2026-08-09T15:52:42.181+0000] {processor.py:914} INFO - Processing file /home/airflow/.local/lib/python3.12/site-packages/airflow/example_dags/example_branch_day_of_week_operator.py for tasks to queue
[2026-08-09T15:52:42.184+0000] {logging_mixin.py:190} INFO - [2026-08-09T15:52:42.183+0000] {dagbag.py:588} INFO - Filling up the DagBag from /home/airflow/.local/lib/python3.12/site-packages/airflow/example_dags/example_branch_day_of_week_operator.py
[2026-08-09T15:52:42.195+0000] {processor.py:925} INFO - DAG(s) 'example_weekday_branch_operator' retrieved from /home/airflow/.local/lib/python3.12/site-packages/airflow/example_dags/example_branch_day_of_week_operator.py
[2026-08-09T15:52:42.213+0000] {logging_mixin.py:190} INFO - [2026-08-09T15:52:42.213+0000] {dag.py:3239} INFO - Sync 1 DAGs
[2026-08-09T15:52:42.236+0000] {logging_mixin.py:190} INFO - [2026-08-09T15:52:42.236+0000] {dag.py:4180} INFO - Setting next_dagrun for example_weekday_branch_operator to 2026-08-08 00:00:00+00:00, run_after=2026-08-09 00:00:00+00:00
[2026-08-09T15:52:42.255+0000] {processor.py:208} INFO - Processing /home/airflow/.local/lib/python3.12/site-packages/airflow/example_dags/example_branch_day_of_week_operator.py took 0.081 seconds
[2026-08-09T15:53:12.647+0000] {processor.py:186} INFO - Started process (PID=16170) to work on /home/airflow/.local/lib/python3.12/site-packages/airflow/example_dags/example_branch_day_of_week_operator.py
[2026-08-09T15:53:12.649+0000] {processor.py:914} INFO - Processing file /home/airflow/.local/lib/python3.12/site-packages/airflow/example_dags/example_branch_day_of_week_operator.py for tasks to queue
[2026-08-09T15:53:12.651+0000] {logging_mixin.py:190} INFO - [2026-08-09T15:53:12.651+0000] {dagbag.py:588} INFO - Filling up the DagBag from /home/airflow/.local/lib/python3.12/site-packages/airflow/example_dags/example_branch_day_of_week_operator.py
[2026-08-09T15:53:12.662+0000] {processor.py:925} INFO - DAG(s) 'example_weekday_branch_operator' retrieved from /home/airflow/.local/lib/python3.12/site-packages/airflow/example_dags/example_branch_day_of_week_operator.py
[2026-08-09T15:53:12.683+0000] {logging_mixin.py:190} INFO - [2026-08-09T15:53:12.683+0000] {dag.py:3239} INFO - Sync 1 DAGs
[2026-08-09T15:53:12.709+0000] {logging_mixin.py:190} INFO - [2026-08-09T15:53:12.708+0000] {dag.py:4180} INFO - Setting next_dagrun for example_weekday_branch_operator to 2026-08-08 00:00:00+00:00, run_after=2026-08-09 00:00:00+00:00
[2026-08-09T15:53:12.730+0000] {processor.py:208} INFO - Processing /home/airflow/.local/lib/python3.12/site-packages/airflow/example_dags/example_branch_day_of_week_operator.py took 0.089 seconds
[2026-08-09T15:53:42.798+0000] {processor.py:186} INFO - Started process (PID=16235) to work on /home/airflow/.local/lib/python3.12/site-packages/airflow/example_dags/example_branch_day_of_week_operator.py
[2026-08-09T15:53:42.799+0000] {processor.py:914} INFO - Processing file /home/airflow/.local/lib/python3.12/site-packages/airflow/example_dags/example_branch_day_of_week_operator.py for tasks to queue
[2026-08-09T15:53:42.803+0000] {logging_mixin.py:190} INFO - [2026-08-09T15:53:42.803+0000] {dagbag.py:588} INFO - Filling up the DagBag from /home/airflow/.local/lib/python3.12/site-packages/airflow/example_dags/example_branch_day_of_week_operator.py
[2026-08-09T15:53:42.816+0000] {processor.py:925} INFO - DAG(s) 'example_weekday_branch_operator' retrieved from /home/airflow/.local/lib/python3.12/site-packages/airflow/example_dags/example_branch_day_of_week_operator.py
[2026-08-09T15:53:42.837+0000] {logging_mixin.py:190} INFO - [2026-08-09T15:53:42.837+0000] {dag.py:3239} INFO - Sync 1 DAGs
[2026-08-09T15:53:42.864+0000] {logging_mixin.py:190} INFO - [2026-08-09T15:53:42.864+0000] {dag.py:4180} INFO - Setting next_dagrun for example_weekday_branch_operator to 2026-08-08 00:00:00+00:00, run_after=2026-08-09 00:00:00+00:00
[2026-08-09T15:53:42.886+0000] {processor.py:208} INFO - Processing /home/airflow/.local/lib/python3.12/site-packages/airflow/example_dags/example_branch_day_of_week_operator.py took 0.097 seconds
[2026-08-09T15:54:13.242+0000] {processor.py:186} INFO - Started process (PID=16300) to work on /home/airflow/.local/lib/python3.12/site-packages/airflow/example_dags/example_branch_day_of_week_operator.py
[2026-08-09T15:54:13.243+0000] {processor.py:914} INFO - Processing file /home/airflow/.local/lib/python3.12/site-packages/airflow/example_dags/example_branch_day_of_week_operator.py for tasks to queue
[2026-08-09T15:54:13.246+0000] {logging_mixin.py:190} INFO - [2026-08-09T15:54:13.246+0000] {dagbag.py:588} INFO - Filling up the DagBag from /home/airflow/.local/lib/python3.12/site-packages/airflow/example_dags/example_branch_day_of_week_operator.py
[2026-08-09T15:54:13.260+0000] {processor.py:925} INFO - DAG(s) 'example_weekday_branch_operator' retrieved from /home/airflow/.local/lib/python3.12/site-packages/airflow/example_dags/example_branch_day_of_week_operator.py
[2026-08-09T15:54:13.278+0000] {logging_mixin.py:190} INFO - [2026-08-09T15:54:13.277+0000] {dag.py:3239} INFO - Sync 1 DAGs
[2026-08-09T15:54:13.301+0000] {logging_mixin.py:190} INFO - [2026-08-09T15:54:13.301+0000] {dag.py:4180} INFO - Setting next_dagrun for example_weekday_branch_operator to 2026-08-08 00:00:00+00:00, run_after=2026-08-09 00:00:00+00:00
[2026-08-09T15:54:13.320+0000] {processor.py:208} INFO - Processing /home/airflow/.local/lib/python3.12/site-packages/airflow/example_dags/example_branch_day_of_week_operator.py took 0.085 seconds
[2026-08-09T15:54:44.109+0000] {processor.py:186} INFO - Started process (PID=16365) to work on /home/airflow/.local/lib/python3.12/site-packages/airflow/example_dags/example_branch_day_of_week_operator.py
[2026-08-09T15:54:44.111+0000] {processor.py:914} INFO - Processing file /home/airflow/.local/lib/python3.12/site-packages/airflow/example_dags/example_branch_day_of_week_operator.py for tasks to queue
[2026-08-09T15:54:44.114+0000] {logging_mixin.py:190} INFO - [2026-08-09T15:54:44.113+0000] {dagbag.py:588} INFO - Filling up the DagBag from /home/airflow/.local/lib/python3.12/site-packages/airflow/example_dags/example_branch_day_of_week_operator.py
[2026-08-09T15:54:44.124+0000] {processor.py:925} INFO - DAG(s) 'example_weekday_branch_operator' retrieved from /home/airflow/.local/lib/python3.12/site-packages/airflow/example_dags/example_branch_day_of_week_operator.py
[2026-08-09T15:54:44.145+0000] {logging_mixin.py:190} INFO - [2026-08-09T15:54:44.144+0000] {dag.py:3239} INFO - Sync 1 DAGs
[2026-08-09T15:54:44.172+0000] {logging_mixin.py:190} INFO - [2026-08-09T15:54:44.172+0000] {dag.py:4180} INFO - Setting next_dagrun for example_weekday_branch_operator to 2026-08-08 00:00:00+00:00, run_after=2026-08-09 00:00:00+00:00
[2026-08-09T15:54:44.193+0000] {processor.py:208} INFO - Processing /home/airflow/.local/lib/python3.12/site-packages/airflow/example_dags/example_branch_day_of_week_operator.py took 0.090 seconds
[2026-08-09T15:55:14.534+0000] {processor.py:186} INFO - Started process (PID=16430) to work on /home/airflow/.local/lib/python3.12/site-packages/airflow/example_dags/example_branch_day_of_week_operator.py
[2026-08-09T15:55:14.535+0000] {processor.py:914} INFO - Processing file /home/airflow/.local/lib/python3.12/site-packages/airflow/example_dags/example_branch_day_of_week_operator.py for tasks to queue
[2026-08-09T15:55:14.538+0000] {logging_mixin.py:190} INFO - [2026-08-09T15:55:14.538+0000] {dagbag.py:588} INFO - Filling up the DagBag from /home/airflow/.local/lib/python3.12/site-packages/airflow/example_dags/example_branch_day_of_week_operator.py
[2026-08-09T15:55:14.550+0000] {processor.py:925} INFO - DAG(s) 'example_weekday_branch_operator' retrieved from /home/airflow/.local/lib/python3.12/site-packages/airflow/example_dags/example_branch_day_of_week_operator.py
[2026-08-09T15:55:14.579+0000] {logging_mixin.py:190} INFO - [2026-08-09T15:55:14.579+0000] {dag.py:3239} INFO - Sync 1 DAGs
[2026-08-09T15:55:14.614+0000] {logging_mixin.py:190} INFO - [2026-08-09T15:55:14.613+0000] {dag.py:4180} INFO - Setting next_dagrun for example_weekday_branch_operator to 2026-08-08 00:00:00+00:00, run_after=2026-08-09 00:00:00+00:00
[2026-08-09T15:55:14.636+0000] {processor.py:208} INFO - Processing /home/airflow/.local/lib/python3.12/site-packages/airflow/example_dags/example_branch_day_of_week_operator.py took 0.109 seconds
[2026-08-09T15:55:45.099+0000] {processor.py:186} INFO - Started process (PID=16495) to work on /home/airflow/.local/lib/python3.12/site-packages/airflow/example_dags/example_branch_day_of_week_operator.py
[2026-08-09T15:55:45.101+0000] {processor.py:914} INFO - Processing file /home/airflow/.local/lib/python3.12/site-packages/airflow/example_dags/example_branch_day_of_week_operator.py for tasks to queue
[2026-08-09T15:55:45.105+0000] {logging_mixin.py:190} INFO - [2026-08-09T15:55:45.104+0000] {dagbag.py:588} INFO - Filling up the DagBag from /home/airflow/.local/lib/python3.12/site-packages/airflow/example_dags/example_branch_day_of_week_operator.py
[2026-08-09T15:55:45.115+0000] {processor.py:925} INFO - DAG(s) 'example_weekday_branch_operator' retrieved from /home/airflow/.local/lib/python3.12/site-packages/airflow/example_dags/example_branch_day_of_week_operator.py
[2026-08-09T15:55:45.133+0000] {logging_mixin.py:190} INFO - [2026-08-09T15:55:45.133+0000] {dag.py:3239} INFO - Sync 1 DAGs
[2026-08-09T15:55:45.156+0000] {logging_mixin.py:190} INFO - [2026-08-09T15:55:45.156+0000] {dag.py:4180} INFO - Setting next_dagrun for example_weekday_branch_operator to 2026-08-08 00:00:00+00:00, run_after=2026-08-09 00:00:00+00:00
[2026-08-09T15:55:45.175+0000] {processor.py:208} INFO - Processing /home/airflow/.local/lib/python3.12/site-packages/airflow/example_dags/example_branch_day_of_week_operator.py took 0.083 seconds
[2026-08-09T15:56:15.352+0000] {processor.py:186} INFO - Started process (PID=16560) to work on /home/airflow/.local/lib/python3.12/site-packages/airflow/example_dags/example_branch_day_of_week_operator.py
[2026-08-09T15:56:15.353+0000] {processor.py:914} INFO - Processing file /home/airflow/.local/lib/python3.12/site-packages/airflow/example_dags/example_branch_day_of_week_operator.py for tasks to queue
[2026-08-09T15:56:15.356+0000] {logging_mixin.py:190} INFO - [2026-08-09T15:56:15.356+0000] {dagbag.py:588} INFO - Filling up the DagBag from /home/airflow/.local/lib/python3.12/site-packages/airflow/example_dags/example_branch_day_of_week_operator.py
[2026-08-09T15:56:15.372+0000] {processor.py:925} INFO - DAG(s) 'example_weekday_branch_operator' retrieved from /home/airflow/.local/lib/python3.12/site-packages/airflow/example_dags/example_branch_day_of_week_operator.py
[2026-08-09T15:56:15.395+0000] {logging_mixin.py:190} INFO - [2026-08-09T15:56:15.394+0000] {dag.py:3239} INFO - Sync 1 DAGs
[2026-08-09T15:56:15.422+0000] {logging_mixin.py:190} INFO - [2026-08-09T15:56:15.422+0000] {dag.py:4180} INFO - Setting next_dagrun for example_weekday_branch_operator to 2026-08-08 00:00:00+00:00, run_after=2026-08-09 00:00:00+00:00
[2026-08-09T15:56:15.444+0000] {processor.py:208} INFO - Processing /home/airflow/.local/lib/python3.12/site-packages/airflow/example_dags/example_branch_day_of_week_operator.py took 0.098 seconds
[2026-08-09T15:56:45.760+0000] {processor.py:186} INFO - Started process (PID=16625) to work on /home/airflow/.local/lib/python3.12/site-packages/airflow/example_dags/example_branch_day_of_week_operator.py
[2026-08-09T15:56:45.761+0000] {processor.py:914} INFO - Processing file /home/airflow/.local/lib/python3.12/site-packages/airflow/example_dags/example_branch_day_of_week_operator.py for tasks to queue
[2026-08-09T15:56:45.765+0000] {logging_mixin.py:190} INFO - [2026-08-09T15:56:45.764+0000] {dagbag.py:588} INFO - Filling up the DagBag from /home/airflow/.local/lib/python3.12/site-packages/airflow/example_dags/example_branch_day_of_week_operator.py
[2026-08-09T15:56:45.776+0000] {processor.py:925} INFO - DAG(s) 'example_weekday_branch_operator' retrieved from /home/airflow/.local/lib/python3.12/site-packages/airflow/example_dags/example_branch_day_of_week_operator.py
[2026-08-09T15:56:45.796+0000] {logging_mixin.py:190} INFO - [2026-08-09T15:56:45.795+0000] {dag.py:3239} INFO - Sync 1 DAGs
[2026-08-09T15:56:45.820+0000] {logging_mixin.py:190} INFO - [2026-08-09T15:56:45.819+0000] {dag.py:4180} INFO - Setting next_dagrun for example_weekday_branch_operator to 2026-08-08 00:00:00+00:00, run_after=2026-08-09 00:00:00+00:00
[2026-08-09T15:56:45.838+0000] {processor.py:208} INFO - Processing /home/airflow/.local/lib/python3.12/site-packages/airflow/example_dags/example_branch_day_of_week_operator.py took 0.087 seconds
[2026-08-09T15:57:16.340+0000] {processor.py:186} INFO - Started process (PID=16690) to work on /home/airflow/.local/lib/python3.12/site-packages/airflow/example_dags/example_branch_day_of_week_operator.py
[2026-08-09T15:57:16.341+0000] {processor.py:914} INFO - Processing file /home/airflow/.local/lib/python3.12/site-packages/airflow/example_dags/example_branch_day_of_week_operator.py for tasks to queue
[2026-08-09T15:57:16.345+0000] {logging_mixin.py:190} INFO - [2026-08-09T15:57:16.345+0000] {dagbag.py:588} INFO - Filling up the DagBag from /home/airflow/.local/lib/python3.12/site-packages/airflow/example_dags/example_branch_day_of_week_operator.py
[2026-08-09T15:57:16.361+0000] {processor.py:925} INFO - DAG(s) 'example_weekday_branch_operator' retrieved from /home/airflow/.local/lib/python3.12/site-packages/airflow/example_dags/example_branch_day_of_week_operator.py
[2026-08-09T15:57:16.386+0000] {logging_mixin.py:190} INFO - [2026-08-09T15:57:16.386+0000] {dag.py:3239} INFO - Sync 1 DAGs
[2026-08-09T15:57:16.414+0000] {logging_mixin.py:190} INFO - [2026-08-09T15:57:16.414+0000] {dag.py:4180} INFO - Setting next_dagrun for example_weekday_branch_operator to 2026-08-08 00:00:00+00:00, run_after=2026-08-09 00:00:00+00:00
[2026-08-09T15:57:16.437+0000] {processor.py:208} INFO - Processing /home/airflow/.local/lib/python3.12/site-packages/airflow/example_dags/example_branch_day_of_week_operator.py took 0.105 seconds
[2026-08-09T15:57:46.838+0000] {processor.py:186} INFO - Started process (PID=16754) to work on /home/airflow/.local/lib/python3.12/site-packages/airflow/example_dags/example_branch_day_of_week_operator.py
[2026-08-09T15:57:46.839+0000] {processor.py:914} INFO - Processing file /home/airflow/.local/lib/python3.12/site-packages/airflow/example_dags/example_branch_day_of_week_operator.py for tasks to queue
[2026-08-09T15:57:46.842+0000] {logging_mixin.py:190} INFO - [2026-08-09T15:57:46.842+0000] {dagbag.py:588} INFO - Filling up the DagBag from /home/airflow/.local/lib/python3.12/site-packages/airflow/example_dags/example_branch_day_of_week_operator.py
[2026-08-09T15:57:46.856+0000] {processor.py:925} INFO - DAG(s) 'example_weekday_branch_operator' retrieved from /home/airflow/.local/lib/python3.12/site-packages/airflow/example_dags/example_branch_day_of_week_operator.py
[2026-08-09T15:57:46.883+0000] {logging_mixin.py:190} INFO - [2026-08-09T15:57:46.882+0000] {dag.py:3239} INFO - Sync 1 DAGs
[2026-08-09T15:57:46.916+0000] {logging_mixin.py:190} INFO - [2026-08-09T15:57:46.916+0000] {dag.py:4180} INFO - Setting next_dagrun for example_weekday_branch_operator to 2026-08-08 00:00:00+00:00, run_after=2026-08-09 00:00:00+00:00
[2026-08-09T15:57:46.939+0000] {processor.py:208} INFO - Processing /home/airflow/.local/lib/python3.12/site-packages/airflow/example_dags/example_branch_day_of_week_operator.py took 0.110 seconds
[2026-08-09T15:58:17.265+0000] {processor.py:186} INFO - Started process (PID=16819) to work on /home/airflow/.local/lib/python3.12/site-packages/airflow/example_dags/example_branch_day_of_week_operator.py
[2026-08-09T15:58:17.266+0000] {processor.py:914} INFO - Processing file /home/airflow/.local/lib/python3.12/site-packages/airflow/example_dags/example_branch_day_of_week_operator.py for tasks to queue
[2026-08-09T15:58:17.269+0000] {logging_mixin.py:190} INFO - [2026-08-09T15:58:17.268+0000] {dagbag.py:588} INFO - Filling up the DagBag from /home/airflow/.local/lib/python3.12/site-packages/airflow/example_dags/example_branch_day_of_week_operator.py
[2026-08-09T15:58:17.279+0000] {processor.py:925} INFO - DAG(s) 'example_weekday_branch_operator' retrieved from /home/airflow/.local/lib/python3.12/site-packages/airflow/example_dags/example_branch_day_of_week_operator.py
[2026-08-09T15:58:17.298+0000] {logging_mixin.py:190} INFO - [2026-08-09T15:58:17.298+0000] {dag.py:3239} INFO - Sync 1 DAGs
[2026-08-09T15:58:17.324+0000] {logging_mixin.py:190} INFO - [2026-08-09T15:58:17.324+0000] {dag.py:4180} INFO - Setting next_dagrun for example_weekday_branch_operator to 2026-08-08 00:00:00+00:00, run_after=2026-08-09 00:00:00+00:00
[2026-08-09T15:58:17.344+0000] {processor.py:208} INFO - Processing /home/airflow/.local/lib/python3.12/site-packages/airflow/example_dags/example_branch_day_of_week_operator.py took 0.085 seconds
[2026-08-09T15:58:47.445+0000] {processor.py:186} INFO - Started process (PID=16884) to work on /home/airflow/.local/lib/python3.12/site-packages/airflow/example_dags/example_branch_day_of_week_operator.py
[2026-08-09T15:58:47.447+0000] {processor.py:914} INFO - Processing file /home/airflow/.local/lib/python3.12/site-packages/airflow/example_dags/example_branch_day_of_week_operator.py for tasks to queue
[2026-08-09T15:58:47.450+0000] {logging_mixin.py:190} INFO - [2026-08-09T15:58:47.450+0000] {dagbag.py:588} INFO - Filling up the DagBag from /home/airflow/.local/lib/python3.12/site-packages/airflow/example_dags/example_branch_day_of_week_operator.py
[2026-08-09T15:58:47.464+0000] {processor.py:925} INFO - DAG(s) 'example_weekday_branch_operator' retrieved from /home/airflow/.local/lib/python3.12/site-packages/airflow/example_dags/example_branch_day_of_week_operator.py
[2026-08-09T15:58:47.488+0000] {logging_mixin.py:190} INFO - [2026-08-09T15:58:47.488+0000] {dag.py:3239} INFO - Sync 1 DAGs
[2026-08-09T15:58:47.518+0000] {logging_mixin.py:190} INFO - [2026-08-09T15:58:47.518+0000] {dag.py:4180} INFO - Setting next_dagrun for example_weekday_branch_operator to 2026-08-08 00:00:00+00:00, run_after=2026-08-09 00:00:00+00:00
[2026-08-09T15:58:47.541+0000] {processor.py:208} INFO - Processing /home/airflow/.local/lib/python3.12/site-packages/airflow/example_dags/example_branch_day_of_week_operator.py took 0.104 seconds
[2026-08-09T15:59:17.640+0000] {processor.py:186} INFO - Started process (PID=16948) to work on /home/airflow/.local/lib/python3.12/site-packages/airflow/example_dags/example_branch_day_of_week_operator.py
[2026-08-09T15:59:17.641+0000] {processor.py:914} INFO - Processing file /home/airflow/.local/lib/python3.12/site-packages/airflow/example_dags/example_branch_day_of_week_operator.py for tasks to queue
[2026-08-09T15:59:17.645+0000] {logging_mixin.py:190} INFO - [2026-08-09T15:59:17.645+0000] {dagbag.py:588} INFO - Filling up the DagBag from /home/airflow/.local/lib/python3.12/site-packages/airflow/example_dags/example_branch_day_of_week_operator.py
[2026-08-09T15:59:17.658+0000] {processor.py:925} INFO - DAG(s) 'example_weekday_branch_operator' retrieved from /home/airflow/.local/lib/python3.12/site-packages/airflow/example_dags/example_branch_day_of_week_operator.py
[2026-08-09T15:59:17.682+0000] {logging_mixin.py:190} INFO - [2026-08-09T15:59:17.681+0000] {dag.py:3239} INFO - Sync 1 DAGs
[2026-08-09T15:59:17.714+0000] {logging_mixin.py:190} INFO - [2026-08-09T15:59:17.713+0000] {dag.py:4180} INFO - Setting next_dagrun for example_weekday_branch_operator to 2026-08-08 00:00:00+00:00, run_after=2026-08-09 00:00:00+00:00
[2026-08-09T15:59:17.736+0000] {processor.py:208} INFO - Processing /home/airflow/.local/lib/python3.12/site-packages/airflow/example_dags/example_branch_day_of_week_operator.py took 0.104 seconds
[2026-08-09T15:59:48.452+0000] {processor.py:186} INFO - Started process (PID=17018) to work on /home/airflow/.local/lib/python3.12/site-packages/airflow/example_dags/example_branch_day_of_week_operator.py
[2026-08-09T15:59:48.453+0000] {processor.py:914} INFO - Processing file /home/airflow/.local/lib/python3.12/site-packages/airflow/example_dags/example_branch_day_of_week_operator.py for tasks to queue
[2026-08-09T15:59:48.456+0000] {logging_mixin.py:190} INFO - [2026-08-09T15:59:48.455+0000] {dagbag.py:588} INFO - Filling up the DagBag from /home/airflow/.local/lib/python3.12/site-packages/airflow/example_dags/example_branch_day_of_week_operator.py
[2026-08-09T15:59:48.467+0000] {processor.py:925} INFO - DAG(s) 'example_weekday_branch_operator' retrieved from /home/airflow/.local/lib/python3.12/site-packages/airflow/example_dags/example_branch_day_of_week_operator.py
[2026-08-09T15:59:48.492+0000] {logging_mixin.py:190} INFO - [2026-08-09T15:59:48.491+0000] {dag.py:3239} INFO - Sync 1 DAGs
[2026-08-09T15:59:48.521+0000] {logging_mixin.py:190} INFO - [2026-08-09T15:59:48.521+0000] {dag.py:4180} INFO - Setting next_dagrun for example_weekday_branch_operator to 2026-08-08 00:00:00+00:00, run_after=2026-08-09 00:00:00+00:00
[2026-08-09T15:59:48.543+0000] {processor.py:208} INFO - Processing /home/airflow/.local/lib/python3.12/site-packages/airflow/example_dags/example_branch_day_of_week_operator.py took 0.098 seconds
[2026-08-09T16:00:20.841+0000] {processor.py:186} INFO - Started process (PID=17086) to work on /home/airflow/.local/lib/python3.12/site-packages/airflow/example_dags/example_branch_day_of_week_operator.py
[2026-08-09T16:00:20.843+0000] {processor.py:914} INFO - Processing file /home/airflow/.local/lib/python3.12/site-packages/airflow/example_dags/example_branch_day_of_week_operator.py for tasks to queue
[2026-08-09T16:00:20.846+0000] {logging_mixin.py:190} INFO - [2026-08-09T16:00:20.846+0000] {dagbag.py:588} INFO - Filling up the DagBag from /home/airflow/.local/lib/python3.12/site-packages/airflow/example_dags/example_branch_day_of_week_operator.py
[2026-08-09T16:00:20.860+0000] {processor.py:925} INFO - DAG(s) 'example_weekday_branch_operator' retrieved from /home/airflow/.local/lib/python3.12/site-packages/airflow/example_dags/example_branch_day_of_week_operator.py
[2026-08-09T16:00:20.883+0000] {logging_mixin.py:190} INFO - [2026-08-09T16:00:20.882+0000] {dag.py:3239} INFO - Sync 1 DAGs
[2026-08-09T16:00:20.910+0000] {logging_mixin.py:190} INFO - [2026-08-09T16:00:20.910+0000] {dag.py:4180} INFO - Setting next_dagrun for example_weekday_branch_operator to 2026-08-08 00:00:00+00:00, run_after=2026-08-09 00:00:00+00:00
[2026-08-09T16:00:20.932+0000] {processor.py:208} INFO - Processing /home/airflow/.local/lib/python3.12/site-packages/airflow/example_dags/example_branch_day_of_week_operator.py took 0.098 seconds
[2026-08-09T16:00:51.901+0000] {processor.py:186} INFO - Started process (PID=17151) to work on /home/airflow/.local/lib/python3.12/site-packages/airflow/example_dags/example_branch_day_of_week_operator.py
[2026-08-09T16:00:51.903+0000] {processor.py:914} INFO - Processing file /home/airflow/.local/lib/python3.12/site-packages/airflow/example_dags/example_branch_day_of_week_operator.py for tasks to queue
[2026-08-09T16:00:51.906+0000] {logging_mixin.py:190} INFO - [2026-08-09T16:00:51.905+0000] {dagbag.py:588} INFO - Filling up the DagBag from /home/airflow/.local/lib/python3.12/site-packages/airflow/example_dags/example_branch_day_of_week_operator.py
[2026-08-09T16:00:51.917+0000] {processor.py:925} INFO - DAG(s) 'example_weekday_branch_operator' retrieved from /home/airflow/.local/lib/python3.12/site-packages/airflow/example_dags/example_branch_day_of_week_operator.py
[2026-08-09T16:00:51.942+0000] {logging_mixin.py:190} INFO - [2026-08-09T16:00:51.942+0000] {dag.py:3239} INFO - Sync 1 DAGs
[2026-08-09T16:00:51.970+0000] {logging_mixin.py:190} INFO - [2026-08-09T16:00:51.970+0000] {dag.py:4180} INFO - Setting next_dagrun for example_weekday_branch_operator to 2026-08-08 00:00:00+00:00, run_after=2026-08-09 00:00:00+00:00
[2026-08-09T16:00:51.991+0000] {processor.py:208} INFO - Processing /home/airflow/.local/lib/python3.12/site-packages/airflow/example_dags/example_branch_day_of_week_operator.py took 0.097 seconds
[2026-08-09T16:01:23.446+0000] {processor.py:186} INFO - Started process (PID=17216) to work on /home/airflow/.local/lib/python3.12/site-packages/airflow/example_dags/example_branch_day_of_week_operator.py
[2026-08-09T16:01:23.447+0000] {processor.py:914} INFO - Processing file /home/airflow/.local/lib/python3.12/site-packages/airflow/example_dags/example_branch_day_of_week_operator.py for tasks to queue
[2026-08-09T16:01:23.452+0000] {logging_mixin.py:190} INFO - [2026-08-09T16:01:23.451+0000] {dagbag.py:588} INFO - Filling up the DagBag from /home/airflow/.local/lib/python3.12/site-packages/airflow/example_dags/example_branch_day_of_week_operator.py
[2026-08-09T16:01:23.465+0000] {processor.py:925} INFO - DAG(s) 'example_weekday_branch_operator' retrieved from /home/airflow/.local/lib/python3.12/site-packages/airflow/example_dags/example_branch_day_of_week_operator.py
[2026-08-09T16:01:23.488+0000] {logging_mixin.py:190} INFO - [2026-08-09T16:01:23.487+0000] {dag.py:3239} INFO - Sync 1 DAGs
[2026-08-09T16:01:23.517+0000] {logging_mixin.py:190} INFO - [2026-08-09T16:01:23.517+0000] {dag.py:4180} INFO - Setting next_dagrun for example_weekday_branch_operator to 2026-08-08 00:00:00+00:00, run_after=2026-08-09 00:00:00+00:00
[2026-08-09T16:01:23.537+0000] {processor.py:208} INFO - Processing /home/airflow/.local/lib/python3.12/site-packages/airflow/example_dags/example_branch_day_of_week_operator.py took 0.099 seconds
[2026-08-09T16:01:54.861+0000] {processor.py:186} INFO - Started process (PID=17282) to work on /home/airflow/.local/lib/python3.12/site-packages/airflow/example_dags/example_branch_day_of_week_operator.py
[2026-08-09T16:01:54.862+0000] {processor.py:914} INFO - Processing file /home/airflow/.local/lib/python3.12/site-packages/airflow/example_dags/example_branch_day_of_week_operator.py for tasks to queue
[2026-08-09T16:01:54.865+0000] {logging_mixin.py:190} INFO - [2026-08-09T16:01:54.865+0000] {dagbag.py:588} INFO - Filling up the DagBag from /home/airflow/.local/lib/python3.12/site-packages/airflow/example_dags/example_branch_day_of_week_operator.py
[2026-08-09T16:01:54.879+0000] {processor.py:925} INFO - DAG(s) 'example_weekday_branch_operator' retrieved from /home/airflow/.local/lib/python3.12/site-packages/airflow/example_dags/example_branch_day_of_week_operator.py
[2026-08-09T16:01:54.910+0000] {logging_mixin.py:190} INFO - [2026-08-09T16:01:54.909+0000] {dag.py:3239} INFO - Sync 1 DAGs
[2026-08-09T16:01:54.943+0000] {logging_mixin.py:190} INFO - [2026-08-09T16:01:54.942+0000] {dag.py:4180} INFO - Setting next_dagrun for example_weekday_branch_operator to 2026-08-08 00:00:00+00:00, run_after=2026-08-09 00:00:00+00:00
[2026-08-09T16:01:54.965+0000] {processor.py:208} INFO - Processing /home/airflow/.local/lib/python3.12/site-packages/airflow/example_dags/example_branch_day_of_week_operator.py took 0.111 seconds
[2026-08-09T16:02:25.964+0000] {processor.py:186} INFO - Started process (PID=17350) to work on /home/airflow/.local/lib/python3.12/site-packages/airflow/example_dags/example_branch_day_of_week_operator.py
[2026-08-09T16:02:25.965+0000] {processor.py:914} INFO - Processing file /home/airflow/.local/lib/python3.12/site-packages/airflow/example_dags/example_branch_day_of_week_operator.py for tasks to queue
[2026-08-09T16:02:25.968+0000] {logging_mixin.py:190} INFO - [2026-08-09T16:02:25.968+0000] {dagbag.py:588} INFO - Filling up the DagBag from /home/airflow/.local/lib/python3.12/site-packages/airflow/example_dags/example_branch_day_of_week_operator.py
[2026-08-09T16:02:25.979+0000] {processor.py:925} INFO - DAG(s) 'example_weekday_branch_operator' retrieved from /home/airflow/.local/lib/python3.12/site-packages/airflow/example_dags/example_branch_day_of_week_operator.py
[2026-08-09T16:02:26.000+0000] {logging_mixin.py:190} INFO - [2026-08-09T16:02:26.000+0000] {dag.py:3239} INFO - Sync 1 DAGs
[2026-08-09T16:02:26.028+0000] {logging_mixin.py:190} INFO - [2026-08-09T16:02:26.028+0000] {dag.py:4180} INFO - Setting next_dagrun for example_weekday_branch_operator to 2026-08-08 00:00:00+00:00, run_after=2026-08-09 00:00:00+00:00
[2026-08-09T16:02:26.050+0000] {processor.py:208} INFO - Processing /home/airflow/.local/lib/python3.12/site-packages/airflow/example_dags/example_branch_day_of_week_operator.py took 0.092 seconds
[2026-08-09T16:02:57.623+0000] {processor.py:186} INFO - Started process (PID=17415) to work on /home/airflow/.local/lib/python3.12/site-packages/airflow/example_dags/example_branch_day_of_week_operator.py
[2026-08-09T16:02:57.624+0000] {processor.py:914} INFO - Processing file /home/airflow/.local/lib/python3.12/site-packages/airflow/example_dags/example_branch_day_of_week_operator.py for tasks to queue
[2026-08-09T16:02:57.628+0000] {logging_mixin.py:190} INFO - [2026-08-09T16:02:57.628+0000] {dagbag.py:588} INFO - Filling up the DagBag from /home/airflow/.local/lib/python3.12/site-packages/airflow/example_dags/example_branch_day_of_week_operator.py
[2026-08-09T16:02:57.641+0000] {processor.py:925} INFO - DAG(s) 'example_weekday_branch_operator' retrieved from /home/airflow/.local/lib/python3.12/site-packages/airflow/example_dags/example_branch_day_of_week_operator.py
[2026-08-09T16:02:57.663+0000] {logging_mixin.py:190} INFO - [2026-08-09T16:02:57.662+0000] {dag.py:3239} INFO - Sync 1 DAGs
[2026-08-09T16:02:57.691+0000] {logging_mixin.py:190} INFO - [2026-08-09T16:02:57.691+0000] {dag.py:4180} INFO - Setting next_dagrun for example_weekday_branch_operator to 2026-08-08 00:00:00+00:00, run_after=2026-08-09 00:00:00+00:00
[2026-08-09T16:02:57.714+0000] {processor.py:208} INFO - Processing /home/airflow/.local/lib/python3.12/site-packages/airflow/example_dags/example_branch_day_of_week_operator.py took 0.098 seconds
[2026-08-09T16:03:28.910+0000] {processor.py:186} INFO - Started process (PID=17480) to work on /home/airflow/.local/lib/python3.12/site-packages/airflow/example_dags/example_branch_day_of_week_operator.py
[2026-08-09T16:03:28.911+0000] {processor.py:914} INFO - Processing file /home/airflow/.local/lib/python3.12/site-packages/airflow/example_dags/example_branch_day_of_week_operator.py for tasks to queue
[2026-08-09T16:03:28.914+0000] {logging_mixin.py:190} INFO - [2026-08-09T16:03:28.914+0000] {dagbag.py:588} INFO - Filling up the DagBag from /home/airflow/.local/lib/python3.12/site-packages/airflow/example_dags/example_branch_day_of_week_operator.py
[2026-08-09T16:03:28.926+0000] {processor.py:925} INFO - DAG(s) 'example_weekday_branch_operator' retrieved from /home/airflow/.local/lib/python3.12/site-packages/airflow/example_dags/example_branch_day_of_week_operator.py
[2026-08-09T16:03:28.953+0000] {logging_mixin.py:190} INFO - [2026-08-09T16:03:28.953+0000] {dag.py:3239} INFO - Sync 1 DAGs
[2026-08-09T16:03:28.982+0000] {logging_mixin.py:190} INFO - [2026-08-09T16:03:28.982+0000] {dag.py:4180} INFO - Setting next_dagrun for example_weekday_branch_operator to 2026-08-08 00:00:00+00:00, run_after=2026-08-09 00:00:00+00:00
[2026-08-09T16:03:29.005+0000] {processor.py:208} INFO - Processing /home/airflow/.local/lib/python3.12/site-packages/airflow/example_dags/example_branch_day_of_week_operator.py took 0.101 seconds
[2026-08-09T16:04:00.551+0000] {processor.py:186} INFO - Started process (PID=17547) to work on /home/airflow/.local/lib/python3.12/site-packages/airflow/example_dags/example_branch_day_of_week_operator.py
[2026-08-09T16:04:00.552+0000] {processor.py:914} INFO - Processing file /home/airflow/.local/lib/python3.12/site-packages/airflow/example_dags/example_branch_day_of_week_operator.py for tasks to queue
[2026-08-09T16:04:00.556+0000] {logging_mixin.py:190} INFO - [2026-08-09T16:04:00.556+0000] {dagbag.py:588} INFO - Filling up the DagBag from /home/airflow/.local/lib/python3.12/site-packages/airflow/example_dags/example_branch_day_of_week_operator.py
[2026-08-09T16:04:00.570+0000] {processor.py:925} INFO - DAG(s) 'example_weekday_branch_operator' retrieved from /home/airflow/.local/lib/python3.12/site-packages/airflow/example_dags/example_branch_day_of_week_operator.py
[2026-08-09T16:04:00.591+0000] {logging_mixin.py:190} INFO - [2026-08-09T16:04:00.591+0000] {dag.py:3239} INFO - Sync 1 DAGs
[2026-08-09T16:04:00.617+0000] {logging_mixin.py:190} INFO - [2026-08-09T16:04:00.616+0000] {dag.py:4180} INFO - Setting next_dagrun for example_weekday_branch_operator to 2026-08-08 00:00:00+00:00, run_after=2026-08-09 00:00:00+00:00
[2026-08-09T16:04:00.636+0000] {processor.py:208} INFO - Processing /home/airflow/.local/lib/python3.12/site-packages/airflow/example_dags/example_branch_day_of_week_operator.py took 0.092 seconds
[2026-08-09T16:04:32.191+0000] {processor.py:186} INFO - Started process (PID=17613) to work on /home/airflow/.local/lib/python3.12/site-packages/airflow/example_dags/example_branch_day_of_week_operator.py
[2026-08-09T16:04:32.192+0000] {processor.py:914} INFO - Processing file /home/airflow/.local/lib/python3.12/site-packages/airflow/example_dags/example_branch_day_of_week_operator.py for tasks to queue
[2026-08-09T16:04:32.195+0000] {logging_mixin.py:190} INFO - [2026-08-09T16:04:32.195+0000] {dagbag.py:588} INFO - Filling up the DagBag from /home/airflow/.local/lib/python3.12/site-packages/airflow/example_dags/example_branch_day_of_week_operator.py
[2026-08-09T16:04:32.206+0000] {processor.py:925} INFO - DAG(s) 'example_weekday_branch_operator' retrieved from /home/airflow/.local/lib/python3.12/site-packages/airflow/example_dags/example_branch_day_of_week_operator.py
[2026-08-09T16:04:32.226+0000] {logging_mixin.py:190} INFO - [2026-08-09T16:04:32.226+0000] {dag.py:3239} INFO - Sync 1 DAGs
[2026-08-09T16:04:32.250+0000] {logging_mixin.py:190} INFO - [2026-08-09T16:04:32.250+0000] {dag.py:4180} INFO - Setting next_dagrun for example_weekday_branch_operator to 2026-08-08 00:00:00+00:00, run_after=2026-08-09 00:00:00+00:00
[2026-08-09T16:04:32.268+0000] {processor.py:208} INFO - Processing /home/airflow/.local/lib/python3.12/site-packages/airflow/example_dags/example_branch_day_of_week_operator.py took 0.083 seconds
[2026-08-09T16:05:03.428+0000] {processor.py:186} INFO - Started process (PID=17679) to work on /home/airflow/.local/lib/python3.12/site-packages/airflow/example_dags/example_branch_day_of_week_operator.py
[2026-08-09T16:05:03.430+0000] {processor.py:914} INFO - Processing file /home/airflow/.local/lib/python3.12/site-packages/airflow/example_dags/example_branch_day_of_week_operator.py for tasks to queue
[2026-08-09T16:05:03.434+0000] {logging_mixin.py:190} INFO - [2026-08-09T16:05:03.433+0000] {dagbag.py:588} INFO - Filling up the DagBag from /home/airflow/.local/lib/python3.12/site-packages/airflow/example_dags/example_branch_day_of_week_operator.py
[2026-08-09T16:05:03.446+0000] {processor.py:925} INFO - DAG(s) 'example_weekday_branch_operator' retrieved from /home/airflow/.local/lib/python3.12/site-packages/airflow/example_dags/example_branch_day_of_week_operator.py
[2026-08-09T16:05:03.469+0000] {logging_mixin.py:190} INFO - [2026-08-09T16:05:03.469+0000] {dag.py:3239} INFO - Sync 1 DAGs
[2026-08-09T16:05:03.500+0000] {logging_mixin.py:190} INFO - [2026-08-09T16:05:03.500+0000] {dag.py:4180} INFO - Setting next_dagrun for example_weekday_branch_operator to 2026-08-08 00:00:00+00:00, run_after=2026-08-09 00:00:00+00:00
[2026-08-09T16:05:03.521+0000] {processor.py:208} INFO - Processing /home/airflow/.local/lib/python3.12/site-packages/airflow/example_dags/example_branch_day_of_week_operator.py took 0.099 seconds
[2026-08-09T16:05:34.059+0000] {processor.py:186} INFO - Started process (PID=17743) to work on /home/airflow/.local/lib/python3.12/site-packages/airflow/example_dags/example_branch_day_of_week_operator.py
[2026-08-09T16:05:34.060+0000] {processor.py:914} INFO - Processing file /home/airflow/.local/lib/python3.12/site-packages/airflow/example_dags/example_branch_day_of_week_operator.py for tasks to queue
[2026-08-09T16:05:34.063+0000] {logging_mixin.py:190} INFO - [2026-08-09T16:05:34.063+0000] {dagbag.py:588} INFO - Filling up the DagBag from /home/airflow/.local/lib/python3.12/site-packages/airflow/example_dags/example_branch_day_of_week_operator.py
[2026-08-09T16:05:34.074+0000] {processor.py:925} INFO - DAG(s) 'example_weekday_branch_operator' retrieved from /home/airflow/.local/lib/python3.12/site-packages/airflow/example_dags/example_branch_day_of_week_operator.py
[2026-08-09T16:05:34.094+0000] {logging_mixin.py:190} INFO - [2026-08-09T16:05:34.094+0000] {dag.py:3239} INFO - Sync 1 DAGs
[2026-08-09T16:05:34.119+0000] {logging_mixin.py:190} INFO - [2026-08-09T16:05:34.119+0000] {dag.py:4180} INFO - Setting next_dagrun for example_weekday_branch_operator to 2026-08-08 00:00:00+00:00, run_after=2026-08-09 00:00:00+00:00
[2026-08-09T16:05:34.138+0000] {processor.py:208} INFO - Processing /home/airflow/.local/lib/python3.12/site-packages/airflow/example_dags/example_branch_day_of_week_operator.py took 0.087 seconds
[2026-08-09T16:06:05.359+0000] {processor.py:186} INFO - Started process (PID=17809) to work on /home/airflow/.local/lib/python3.12/site-packages/airflow/example_dags/example_branch_day_of_week_operator.py
[2026-08-09T16:06:05.361+0000] {processor.py:914} INFO - Processing file /home/airflow/.local/lib/python3.12/site-packages/airflow/example_dags/example_branch_day_of_week_operator.py for tasks to queue
[2026-08-09T16:06:05.365+0000] {logging_mixin.py:190} INFO - [2026-08-09T16:06:05.364+0000] {dagbag.py:588} INFO - Filling up the DagBag from /home/airflow/.local/lib/python3.12/site-packages/airflow/example_dags/example_branch_day_of_week_operator.py
[2026-08-09T16:06:05.378+0000] {processor.py:925} INFO - DAG(s) 'example_weekday_branch_operator' retrieved from /home/airflow/.local/lib/python3.12/site-packages/airflow/example_dags/example_branch_day_of_week_operator.py
[2026-08-09T16:06:05.402+0000] {logging_mixin.py:190} INFO - [2026-08-09T16:06:05.401+0000] {dag.py:3239} INFO - Sync 1 DAGs
[2026-08-09T16:06:05.437+0000] {logging_mixin.py:190} INFO - [2026-08-09T16:06:05.436+0000] {dag.py:4180} INFO - Setting next_dagrun for example_weekday_branch_operator to 2026-08-08 00:00:00+00:00, run_after=2026-08-09 00:00:00+00:00
[2026-08-09T16:06:05.467+0000] {processor.py:208} INFO - Processing /home/airflow/.local/lib/python3.12/site-packages/airflow/example_dags/example_branch_day_of_week_operator.py took 0.114 seconds
[2026-08-09T16:06:36.565+0000] {processor.py:186} INFO - Started process (PID=17874) to work on /home/airflow/.local/lib/python3.12/site-packages/airflow/example_dags/example_branch_day_of_week_operator.py
[2026-08-09T16:06:36.567+0000] {processor.py:914} INFO - Processing file /home/airflow/.local/lib/python3.12/site-packages/airflow/example_dags/example_branch_day_of_week_operator.py for tasks to queue
[2026-08-09T16:06:36.571+0000] {logging_mixin.py:190} INFO - [2026-08-09T16:06:36.570+0000] {dagbag.py:588} INFO - Filling up the DagBag from /home/airflow/.local/lib/python3.12/site-packages/airflow/example_dags/example_branch_day_of_week_operator.py
[2026-08-09T16:06:36.587+0000] {processor.py:925} INFO - DAG(s) 'example_weekday_branch_operator' retrieved from /home/airflow/.local/lib/python3.12/site-packages/airflow/example_dags/example_branch_day_of_week_operator.py
[2026-08-09T16:06:36.613+0000] {logging_mixin.py:190} INFO - [2026-08-09T16:06:36.613+0000] {dag.py:3239} INFO - Sync 1 DAGs
[2026-08-09T16:06:36.642+0000] {logging_mixin.py:190} INFO - [2026-08-09T16:06:36.642+0000] {dag.py:4180} INFO - Setting next_dagrun for example_weekday_branch_operator to 2026-08-08 00:00:00+00:00, run_after=2026-08-09 00:00:00+00:00
[2026-08-09T16:06:36.663+0000] {processor.py:208} INFO - Processing /home/airflow/.local/lib/python3.12/site-packages/airflow/example_dags/example_branch_day_of_week_operator.py took 0.106 seconds
[2026-08-09T16:07:07.517+0000] {processor.py:186} INFO - Started process (PID=17939) to work on /home/airflow/.local/lib/python3.12/site-packages/airflow/example_dags/example_branch_day_of_week_operator.py
[2026-08-09T16:07:07.518+0000] {processor.py:914} INFO - Processing file /home/airflow/.local/lib/python3.12/site-packages/airflow/example_dags/example_branch_day_of_week_operator.py for tasks to queue
[2026-08-09T16:07:07.521+0000] {logging_mixin.py:190} INFO - [2026-08-09T16:07:07.521+0000] {dagbag.py:588} INFO - Filling up the DagBag from /home/airflow/.local/lib/python3.12/site-packages/airflow/example_dags/example_branch_day_of_week_operator.py
[2026-08-09T16:07:07.532+0000] {processor.py:925} INFO - DAG(s) 'example_weekday_branch_operator' retrieved from /home/airflow/.local/lib/python3.12/site-packages/airflow/example_dags/example_branch_day_of_week_operator.py
[2026-08-09T16:07:07.553+0000] {logging_mixin.py:190} INFO - [2026-08-09T16:07:07.553+0000] {dag.py:3239} INFO - Sync 1 DAGs
[2026-08-09T16:07:07.581+0000] {logging_mixin.py:190} INFO - [2026-08-09T16:07:07.580+0000] {dag.py:4180} INFO - Setting next_dagrun for example_weekday_branch_operator to 2026-08-08 00:00:00+00:00, run_after=2026-08-09 00:00:00+00:00
[2026-08-09T16:07:07.603+0000] {processor.py:208} INFO - Processing /home/airflow/.local/lib/python3.12/site-packages/airflow/example_dags/example_branch_day_of_week_operator.py took 0.092 seconds
[2026-08-09T16:07:38.180+0000] {processor.py:186} INFO - Started process (PID=18003) to work on /home/airflow/.local/lib/python3.12/site-packages/airflow/example_dags/example_branch_day_of_week_operator.py
[2026-08-09T16:07:38.182+0000] {processor.py:914} INFO - Processing file /home/airflow/.local/lib/python3.12/site-packages/airflow/example_dags/example_branch_day_of_week_operator.py for tasks to queue
[2026-08-09T16:07:38.186+0000] {logging_mixin.py:190} INFO - [2026-08-09T16:07:38.186+0000] {dagbag.py:588} INFO - Filling up the DagBag from /home/airflow/.local/lib/python3.12/site-packages/airflow/example_dags/example_branch_day_of_week_operator.py
[2026-08-09T16:07:38.203+0000] {processor.py:925} INFO - DAG(s) 'example_weekday_branch_operator' retrieved from /home/airflow/.local/lib/python3.12/site-packages/airflow/example_dags/example_branch_day_of_week_operator.py
[2026-08-09T16:07:38.228+0000] {logging_mixin.py:190} INFO - [2026-08-09T16:07:38.228+0000] {dag.py:3239} INFO - Sync 1 DAGs
[2026-08-09T16:07:38.258+0000] {logging_mixin.py:190} INFO - [2026-08-09T16:07:38.257+0000] {dag.py:4180} INFO - Setting next_dagrun for example_weekday_branch_operator to 2026-08-08 00:00:00+00:00, run_after=2026-08-09 00:00:00+00:00
[2026-08-09T16:07:38.281+0000] {processor.py:208} INFO - Processing /home/airflow/.local/lib/python3.12/site-packages/airflow/example_dags/example_branch_day_of_week_operator.py took 0.109 seconds
[2026-08-09T16:08:09.491+0000] {processor.py:186} INFO - Started process (PID=18068) to work on /home/airflow/.local/lib/python3.12/site-packages/airflow/example_dags/example_branch_day_of_week_operator.py
[2026-08-09T16:08:09.492+0000] {processor.py:914} INFO - Processing file /home/airflow/.local/lib/python3.12/site-packages/airflow/example_dags/example_branch_day_of_week_operator.py for tasks to queue
[2026-08-09T16:08:09.496+0000] {logging_mixin.py:190} INFO - [2026-08-09T16:08:09.495+0000] {dagbag.py:588} INFO - Filling up the DagBag from /home/airflow/.local/lib/python3.12/site-packages/airflow/example_dags/example_branch_day_of_week_operator.py
[2026-08-09T16:08:09.508+0000] {processor.py:925} INFO - DAG(s) 'example_weekday_branch_operator' retrieved from /home/airflow/.local/lib/python3.12/site-packages/airflow/example_dags/example_branch_day_of_week_operator.py
[2026-08-09T16:08:09.531+0000] {logging_mixin.py:190} INFO - [2026-08-09T16:08:09.530+0000] {dag.py:3239} INFO - Sync 1 DAGs
[2026-08-09T16:08:09.558+0000] {logging_mixin.py:190} INFO - [2026-08-09T16:08:09.557+0000] {dag.py:4180} INFO - Setting next_dagrun for example_weekday_branch_operator to 2026-08-08 00:00:00+00:00, run_after=2026-08-09 00:00:00+00:00
[2026-08-09T16:08:09.579+0000] {processor.py:208} INFO - Processing /home/airflow/.local/lib/python3.12/site-packages/airflow/example_dags/example_branch_day_of_week_operator.py took 0.096 seconds
[2026-08-09T16:08:40.616+0000] {processor.py:186} INFO - Started process (PID=18133) to work on /home/airflow/.local/lib/python3.12/site-packages/airflow/example_dags/example_branch_day_of_week_operator.py
[2026-08-09T16:08:40.617+0000] {processor.py:914} INFO - Processing file /home/airflow/.local/lib/python3.12/site-packages/airflow/example_dags/example_branch_day_of_week_operator.py for tasks to queue
[2026-08-09T16:08:40.621+0000] {logging_mixin.py:190} INFO - [2026-08-09T16:08:40.620+0000] {dagbag.py:588} INFO - Filling up the DagBag from /home/airflow/.local/lib/python3.12/site-packages/airflow/example_dags/example_branch_day_of_week_operator.py
[2026-08-09T16:08:40.631+0000] {processor.py:925} INFO - DAG(s) 'example_weekday_branch_operator' retrieved from /home/airflow/.local/lib/python3.12/site-packages/airflow/example_dags/example_branch_day_of_week_operator.py
[2026-08-09T16:08:40.655+0000] {logging_mixin.py:190} INFO - [2026-08-09T16:08:40.655+0000] {dag.py:3239} INFO - Sync 1 DAGs
[2026-08-09T16:08:40.682+0000] {logging_mixin.py:190} INFO - [2026-08-09T16:08:40.682+0000] {dag.py:4180} INFO - Setting next_dagrun for example_weekday_branch_operator to 2026-08-08 00:00:00+00:00, run_after=2026-08-09 00:00:00+00:00
[2026-08-09T16:08:40.703+0000] {processor.py:208} INFO - Processing /home/airflow/.local/lib/python3.12/site-packages/airflow/example_dags/example_branch_day_of_week_operator.py took 0.094 seconds
[2026-08-09T16:09:11.770+0000] {processor.py:186} INFO - Started process (PID=18199) to work on /home/airflow/.local/lib/python3.12/site-packages/airflow/example_dags/example_branch_day_of_week_operator.py
[2026-08-09T16:09:11.771+0000] {processor.py:914} INFO - Processing file /home/airflow/.local/lib/python3.12/site-packages/airflow/example_dags/example_branch_day_of_week_operator.py for tasks to queue
[2026-08-09T16:09:11.774+0000] {logging_mixin.py:190} INFO - [2026-08-09T16:09:11.774+0000] {dagbag.py:588} INFO - Filling up the DagBag from /home/airflow/.local/lib/python3.12/site-packages/airflow/example_dags/example_branch_day_of_week_operator.py
[2026-08-09T16:09:11.784+0000] {processor.py:925} INFO - DAG(s) 'example_weekday_branch_operator' retrieved from /home/airflow/.local/lib/python3.12/site-packages/airflow/example_dags/example_branch_day_of_week_operator.py
[2026-08-09T16:09:11.806+0000] {logging_mixin.py:190} INFO - [2026-08-09T16:09:11.806+0000] {dag.py:3239} INFO - Sync 1 DAGs
[2026-08-09T16:09:11.837+0000] {logging_mixin.py:190} INFO - [2026-08-09T16:09:11.837+0000] {dag.py:4180} INFO - Setting next_dagrun for example_weekday_branch_operator to 2026-08-08 00:00:00+00:00, run_after=2026-08-09 00:00:00+00:00
[2026-08-09T16:09:11.859+0000] {processor.py:208} INFO - Processing /home/airflow/.local/lib/python3.12/site-packages/airflow/example_dags/example_branch_day_of_week_operator.py took 0.095 seconds
[2026-08-09T16:09:43.704+0000] {processor.py:186} INFO - Started process (PID=18264) to work on /home/airflow/.local/lib/python3.12/site-packages/airflow/example_dags/example_branch_day_of_week_operator.py
[2026-08-09T16:09:43.705+0000] {processor.py:914} INFO - Processing file /home/airflow/.local/lib/python3.12/site-packages/airflow/example_dags/example_branch_day_of_week_operator.py for tasks to queue
[2026-08-09T16:09:43.708+0000] {logging_mixin.py:190} INFO - [2026-08-09T16:09:43.708+0000] {dagbag.py:588} INFO - Filling up the DagBag from /home/airflow/.local/lib/python3.12/site-packages/airflow/example_dags/example_branch_day_of_week_operator.py
[2026-08-09T16:09:43.720+0000] {processor.py:925} INFO - DAG(s) 'example_weekday_branch_operator' retrieved from /home/airflow/.local/lib/python3.12/site-packages/airflow/example_dags/example_branch_day_of_week_operator.py
[2026-08-09T16:09:43.741+0000] {logging_mixin.py:190} INFO - [2026-08-09T16:09:43.740+0000] {dag.py:3239} INFO - Sync 1 DAGs
[2026-08-09T16:09:43.767+0000] {logging_mixin.py:190} INFO - [2026-08-09T16:09:43.767+0000] {dag.py:4180} INFO - Setting next_dagrun for example_weekday_branch_operator to 2026-08-08 00:00:00+00:00, run_after=2026-08-09 00:00:00+00:00
[2026-08-09T16:09:43.786+0000] {processor.py:208} INFO - Processing /home/airflow/.local/lib/python3.12/site-packages/airflow/example_dags/example_branch_day_of_week_operator.py took 0.089 seconds
[2026-08-09T16:10:14.614+0000] {processor.py:186} INFO - Started process (PID=18329) to work on /home/airflow/.local/lib/python3.12/site-packages/airflow/example_dags/example_branch_day_of_week_operator.py
[2026-08-09T16:10:14.615+0000] {processor.py:914} INFO - Processing file /home/airflow/.local/lib/python3.12/site-packages/airflow/example_dags/example_branch_day_of_week_operator.py for tasks to queue
[2026-08-09T16:10:14.619+0000] {logging_mixin.py:190} INFO - [2026-08-09T16:10:14.618+0000] {dagbag.py:588} INFO - Filling up the DagBag from /home/airflow/.local/lib/python3.12/site-packages/airflow/example_dags/example_branch_day_of_week_operator.py
[2026-08-09T16:10:14.634+0000] {processor.py:925} INFO - DAG(s) 'example_weekday_branch_operator' retrieved from /home/airflow/.local/lib/python3.12/site-packages/airflow/example_dags/example_branch_day_of_week_operator.py
[2026-08-09T16:10:14.657+0000] {logging_mixin.py:190} INFO - [2026-08-09T16:10:14.657+0000] {dag.py:3239} INFO - Sync 1 DAGs
[2026-08-09T16:10:14.685+0000] {logging_mixin.py:190} INFO - [2026-08-09T16:10:14.685+0000] {dag.py:4180} INFO - Setting next_dagrun for example_weekday_branch_operator to 2026-08-08 00:00:00+00:00, run_after=2026-08-09 00:00:00+00:00
[2026-08-09T16:10:14.705+0000] {processor.py:208} INFO - Processing /home/airflow/.local/lib/python3.12/site-packages/airflow/example_dags/example_branch_day_of_week_operator.py took 0.099 seconds
[2026-08-09T16:10:46.387+0000] {processor.py:186} INFO - Started process (PID=18394) to work on /home/airflow/.local/lib/python3.12/site-packages/airflow/example_dags/example_branch_day_of_week_operator.py
[2026-08-09T16:10:46.388+0000] {processor.py:914} INFO - Processing file /home/airflow/.local/lib/python3.12/site-packages/airflow/example_dags/example_branch_day_of_week_operator.py for tasks to queue
[2026-08-09T16:10:46.391+0000] {logging_mixin.py:190} INFO - [2026-08-09T16:10:46.390+0000] {dagbag.py:588} INFO - Filling up the DagBag from /home/airflow/.local/lib/python3.12/site-packages/airflow/example_dags/example_branch_day_of_week_operator.py
[2026-08-09T16:10:46.401+0000] {processor.py:925} INFO - DAG(s) 'example_weekday_branch_operator' retrieved from /home/airflow/.local/lib/python3.12/site-packages/airflow/example_dags/example_branch_day_of_week_operator.py
[2026-08-09T16:10:46.421+0000] {logging_mixin.py:190} INFO - [2026-08-09T16:10:46.421+0000] {dag.py:3239} INFO - Sync 1 DAGs
[2026-08-09T16:10:46.446+0000] {logging_mixin.py:190} INFO - [2026-08-09T16:10:46.445+0000] {dag.py:4180} INFO - Setting next_dagrun for example_weekday_branch_operator to 2026-08-08 00:00:00+00:00, run_after=2026-08-09 00:00:00+00:00
[2026-08-09T16:10:46.464+0000] {processor.py:208} INFO - Processing /home/airflow/.local/lib/python3.12/site-packages/airflow/example_dags/example_branch_day_of_week_operator.py took 0.084 seconds
[2026-08-09T16:11:17.022+0000] {processor.py:186} INFO - Started process (PID=18459) to work on /home/airflow/.local/lib/python3.12/site-packages/airflow/example_dags/example_branch_day_of_week_operator.py
[2026-08-09T16:11:17.023+0000] {processor.py:914} INFO - Processing file /home/airflow/.local/lib/python3.12/site-packages/airflow/example_dags/example_branch_day_of_week_operator.py for tasks to queue
[2026-08-09T16:11:17.026+0000] {logging_mixin.py:190} INFO - [2026-08-09T16:11:17.026+0000] {dagbag.py:588} INFO - Filling up the DagBag from /home/airflow/.local/lib/python3.12/site-packages/airflow/example_dags/example_branch_day_of_week_operator.py
[2026-08-09T16:11:17.038+0000] {processor.py:925} INFO - DAG(s) 'example_weekday_branch_operator' retrieved from /home/airflow/.local/lib/python3.12/site-packages/airflow/example_dags/example_branch_day_of_week_operator.py
[2026-08-09T16:11:17.062+0000] {logging_mixin.py:190} INFO - [2026-08-09T16:11:17.061+0000] {dag.py:3239} INFO - Sync 1 DAGs
[2026-08-09T16:11:17.095+0000] {logging_mixin.py:190} INFO - [2026-08-09T16:11:17.094+0000] {dag.py:4180} INFO - Setting next_dagrun for example_weekday_branch_operator to 2026-08-08 00:00:00+00:00, run_after=2026-08-09 00:00:00+00:00
[2026-08-09T16:11:17.117+0000] {processor.py:208} INFO - Processing /home/airflow/.local/lib/python3.12/site-packages/airflow/example_dags/example_branch_day_of_week_operator.py took 0.101 seconds
[2026-08-09T16:11:48.706+0000] {processor.py:186} INFO - Started process (PID=18524) to work on /home/airflow/.local/lib/python3.12/site-packages/airflow/example_dags/example_branch_day_of_week_operator.py
[2026-08-09T16:11:48.707+0000] {processor.py:914} INFO - Processing file /home/airflow/.local/lib/python3.12/site-packages/airflow/example_dags/example_branch_day_of_week_operator.py for tasks to queue
[2026-08-09T16:11:48.710+0000] {logging_mixin.py:190} INFO - [2026-08-09T16:11:48.710+0000] {dagbag.py:588} INFO - Filling up the DagBag from /home/airflow/.local/lib/python3.12/site-packages/airflow/example_dags/example_branch_day_of_week_operator.py
[2026-08-09T16:11:48.722+0000] {processor.py:925} INFO - DAG(s) 'example_weekday_branch_operator' retrieved from /home/airflow/.local/lib/python3.12/site-packages/airflow/example_dags/example_branch_day_of_week_operator.py
[2026-08-09T16:11:48.744+0000] {logging_mixin.py:190} INFO - [2026-08-09T16:11:48.743+0000] {dag.py:3239} INFO - Sync 1 DAGs
[2026-08-09T16:11:48.771+0000] {logging_mixin.py:190} INFO - [2026-08-09T16:11:48.771+0000] {dag.py:4180} INFO - Setting next_dagrun for example_weekday_branch_operator to 2026-08-08 00:00:00+00:00, run_after=2026-08-09 00:00:00+00:00
[2026-08-09T16:11:48.793+0000] {processor.py:208} INFO - Processing /home/airflow/.local/lib/python3.12/site-packages/airflow/example_dags/example_branch_day_of_week_operator.py took 0.094 seconds
[2026-08-09T16:12:19.996+0000] {processor.py:186} INFO - Started process (PID=18595) to work on /home/airflow/.local/lib/python3.12/site-packages/airflow/example_dags/example_branch_day_of_week_operator.py
[2026-08-09T16:12:19.997+0000] {processor.py:914} INFO - Processing file /home/airflow/.local/lib/python3.12/site-packages/airflow/example_dags/example_branch_day_of_week_operator.py for tasks to queue
[2026-08-09T16:12:20.001+0000] {logging_mixin.py:190} INFO - [2026-08-09T16:12:20.000+0000] {dagbag.py:588} INFO - Filling up the DagBag from /home/airflow/.local/lib/python3.12/site-packages/airflow/example_dags/example_branch_day_of_week_operator.py
[2026-08-09T16:12:20.013+0000] {processor.py:925} INFO - DAG(s) 'example_weekday_branch_operator' retrieved from /home/airflow/.local/lib/python3.12/site-packages/airflow/example_dags/example_branch_day_of_week_operator.py
[2026-08-09T16:12:20.034+0000] {logging_mixin.py:190} INFO - [2026-08-09T16:12:20.034+0000] {dag.py:3239} INFO - Sync 1 DAGs
[2026-08-09T16:12:20.062+0000] {logging_mixin.py:190} INFO - [2026-08-09T16:12:20.061+0000] {dag.py:4180} INFO - Setting next_dagrun for example_weekday_branch_operator to 2026-08-08 00:00:00+00:00, run_after=2026-08-09 00:00:00+00:00
[2026-08-09T16:12:20.082+0000] {processor.py:208} INFO - Processing /home/airflow/.local/lib/python3.12/site-packages/airflow/example_dags/example_branch_day_of_week_operator.py took 0.094 seconds
[2026-08-09T16:12:51.262+0000] {processor.py:186} INFO - Started process (PID=18661) to work on /home/airflow/.local/lib/python3.12/site-packages/airflow/example_dags/example_branch_day_of_week_operator.py
[2026-08-09T16:12:51.263+0000] {processor.py:914} INFO - Processing file /home/airflow/.local/lib/python3.12/site-packages/airflow/example_dags/example_branch_day_of_week_operator.py for tasks to queue
[2026-08-09T16:12:51.266+0000] {logging_mixin.py:190} INFO - [2026-08-09T16:12:51.266+0000] {dagbag.py:588} INFO - Filling up the DagBag from /home/airflow/.local/lib/python3.12/site-packages/airflow/example_dags/example_branch_day_of_week_operator.py
[2026-08-09T16:12:51.276+0000] {processor.py:925} INFO - DAG(s) 'example_weekday_branch_operator' retrieved from /home/airflow/.local/lib/python3.12/site-packages/airflow/example_dags/example_branch_day_of_week_operator.py
[2026-08-09T16:12:51.296+0000] {logging_mixin.py:190} INFO - [2026-08-09T16:12:51.295+0000] {dag.py:3239} INFO - Sync 1 DAGs
[2026-08-09T16:12:51.320+0000] {logging_mixin.py:190} INFO - [2026-08-09T16:12:51.320+0000] {dag.py:4180} INFO - Setting next_dagrun for example_weekday_branch_operator to 2026-08-08 00:00:00+00:00, run_after=2026-08-09 00:00:00+00:00
[2026-08-09T16:12:51.344+0000] {processor.py:208} INFO - Processing /home/airflow/.local/lib/python3.12/site-packages/airflow/example_dags/example_branch_day_of_week_operator.py took 0.088 seconds
[2026-08-09T16:13:22.758+0000] {processor.py:186} INFO - Started process (PID=18726) to work on /home/airflow/.local/lib/python3.12/site-packages/airflow/example_dags/example_branch_day_of_week_operator.py
[2026-08-09T16:13:22.759+0000] {processor.py:914} INFO - Processing file /home/airflow/.local/lib/python3.12/site-packages/airflow/example_dags/example_branch_day_of_week_operator.py for tasks to queue
[2026-08-09T16:13:22.763+0000] {logging_mixin.py:190} INFO - [2026-08-09T16:13:22.762+0000] {dagbag.py:588} INFO - Filling up the DagBag from /home/airflow/.local/lib/python3.12/site-packages/airflow/example_dags/example_branch_day_of_week_operator.py
[2026-08-09T16:13:22.774+0000] {processor.py:925} INFO - DAG(s) 'example_weekday_branch_operator' retrieved from /home/airflow/.local/lib/python3.12/site-packages/airflow/example_dags/example_branch_day_of_week_operator.py
[2026-08-09T16:13:22.794+0000] {logging_mixin.py:190} INFO - [2026-08-09T16:13:22.794+0000] {dag.py:3239} INFO - Sync 1 DAGs
[2026-08-09T16:13:22.820+0000] {logging_mixin.py:190} INFO - [2026-08-09T16:13:22.820+0000] {dag.py:4180} INFO - Setting next_dagrun for example_weekday_branch_operator to 2026-08-08 00:00:00+00:00, run_after=2026-08-09 00:00:00+00:00
[2026-08-09T16:13:22.841+0000] {processor.py:208} INFO - Processing /home/airflow/.local/lib/python3.12/site-packages/airflow/example_dags/example_branch_day_of_week_operator.py took 0.091 seconds
[2026-08-09T16:13:54.131+0000] {processor.py:186} INFO - Started process (PID=18792) to work on /home/airflow/.local/lib/python3.12/site-packages/airflow/example_dags/example_branch_day_of_week_operator.py
[2026-08-09T16:13:54.132+0000] {processor.py:914} INFO - Processing file /home/airflow/.local/lib/python3.12/site-packages/airflow/example_dags/example_branch_day_of_week_operator.py for tasks to queue
[2026-08-09T16:13:54.135+0000] {logging_mixin.py:190} INFO - [2026-08-09T16:13:54.135+0000] {dagbag.py:588} INFO - Filling up the DagBag from /home/airflow/.local/lib/python3.12/site-packages/airflow/example_dags/example_branch_day_of_week_operator.py
[2026-08-09T16:13:54.145+0000] {processor.py:925} INFO - DAG(s) 'example_weekday_branch_operator' retrieved from /home/airflow/.local/lib/python3.12/site-packages/airflow/example_dags/example_branch_day_of_week_operator.py
[2026-08-09T16:13:54.165+0000] {logging_mixin.py:190} INFO - [2026-08-09T16:13:54.165+0000] {dag.py:3239} INFO - Sync 1 DAGs
[2026-08-09T16:13:54.189+0000] {logging_mixin.py:190} INFO - [2026-08-09T16:13:54.189+0000] {dag.py:4180} INFO - Setting next_dagrun for example_weekday_branch_operator to 2026-08-08 00:00:00+00:00, run_after=2026-08-09 00:00:00+00:00
[2026-08-09T16:13:54.209+0000] {processor.py:208} INFO - Processing /home/airflow/.local/lib/python3.12/site-packages/airflow/example_dags/example_branch_day_of_week_operator.py took 0.084 seconds
[2026-08-09T16:14:25.656+0000] {processor.py:186} INFO - Started process (PID=18856) to work on /home/airflow/.local/lib/python3.12/site-packages/airflow/example_dags/example_branch_day_of_week_operator.py
[2026-08-09T16:14:25.657+0000] {processor.py:914} INFO - Processing file /home/airflow/.local/lib/python3.12/site-packages/airflow/example_dags/example_branch_day_of_week_operator.py for tasks to queue
[2026-08-09T16:14:25.661+0000] {logging_mixin.py:190} INFO - [2026-08-09T16:14:25.661+0000] {dagbag.py:588} INFO - Filling up the DagBag from /home/airflow/.local/lib/python3.12/site-packages/airflow/example_dags/example_branch_day_of_week_operator.py
[2026-08-09T16:14:25.678+0000] {processor.py:925} INFO - DAG(s) 'example_weekday_branch_operator' retrieved from /home/airflow/.local/lib/python3.12/site-packages/airflow/example_dags/example_branch_day_of_week_operator.py
[2026-08-09T16:14:25.705+0000] {logging_mixin.py:190} INFO - [2026-08-09T16:14:25.705+0000] {dag.py:3239} INFO - Sync 1 DAGs
[2026-08-09T16:14:25.738+0000] {logging_mixin.py:190} INFO - [2026-08-09T16:14:25.738+0000] {dag.py:4180} INFO - Setting next_dagrun for example_weekday_branch_operator to 2026-08-08 00:00:00+00:00, run_after=2026-08-09 00:00:00+00:00
[2026-08-09T16:14:25.761+0000] {processor.py:208} INFO - Processing /home/airflow/.local/lib/python3.12/site-packages/airflow/example_dags/example_branch_day_of_week_operator.py took 0.113 seconds
[2026-08-09T16:14:57.717+0000] {processor.py:186} INFO - Started process (PID=18921) to work on /home/airflow/.local/lib/python3.12/site-packages/airflow/example_dags/example_branch_day_of_week_operator.py
[2026-08-09T16:14:57.719+0000] {processor.py:914} INFO - Processing file /home/airflow/.local/lib/python3.12/site-packages/airflow/example_dags/example_branch_day_of_week_operator.py for tasks to queue
[2026-08-09T16:14:57.722+0000] {logging_mixin.py:190} INFO - [2026-08-09T16:14:57.722+0000] {dagbag.py:588} INFO - Filling up the DagBag from /home/airflow/.local/lib/python3.12/site-packages/airflow/example_dags/example_branch_day_of_week_operator.py
[2026-08-09T16:14:57.736+0000] {processor.py:925} INFO - DAG(s) 'example_weekday_branch_operator' retrieved from /home/airflow/.local/lib/python3.12/site-packages/airflow/example_dags/example_branch_day_of_week_operator.py
[2026-08-09T16:14:57.762+0000] {logging_mixin.py:190} INFO - [2026-08-09T16:14:57.762+0000] {dag.py:3239} INFO - Sync 1 DAGs
[2026-08-09T16:14:57.792+0000] {logging_mixin.py:190} INFO - [2026-08-09T16:14:57.792+0000] {dag.py:4180} INFO - Setting next_dagrun for example_weekday_branch_operator to 2026-08-08 00:00:00+00:00, run_after=2026-08-09 00:00:00+00:00
[2026-08-09T16:14:57.814+0000] {processor.py:208} INFO - Processing /home/airflow/.local/lib/python3.12/site-packages/airflow/example_dags/example_branch_day_of_week_operator.py took 0.106 seconds
[2026-08-09T16:15:28.303+0000] {processor.py:186} INFO - Started process (PID=18986) to work on /home/airflow/.local/lib/python3.12/site-packages/airflow/example_dags/example_branch_day_of_week_operator.py
[2026-08-09T16:15:28.304+0000] {processor.py:914} INFO - Processing file /home/airflow/.local/lib/python3.12/site-packages/airflow/example_dags/example_branch_day_of_week_operator.py for tasks to queue
[2026-08-09T16:15:28.307+0000] {logging_mixin.py:190} INFO - [2026-08-09T16:15:28.307+0000] {dagbag.py:588} INFO - Filling up the DagBag from /home/airflow/.local/lib/python3.12/site-packages/airflow/example_dags/example_branch_day_of_week_operator.py
[2026-08-09T16:15:28.319+0000] {processor.py:925} INFO - DAG(s) 'example_weekday_branch_operator' retrieved from /home/airflow/.local/lib/python3.12/site-packages/airflow/example_dags/example_branch_day_of_week_operator.py
[2026-08-09T16:15:28.339+0000] {logging_mixin.py:190} INFO - [2026-08-09T16:15:28.339+0000] {dag.py:3239} INFO - Sync 1 DAGs
[2026-08-09T16:15:28.368+0000] {logging_mixin.py:190} INFO - [2026-08-09T16:15:28.368+0000] {dag.py:4180} INFO - Setting next_dagrun for example_weekday_branch_operator to 2026-08-08 00:00:00+00:00, run_after=2026-08-09 00:00:00+00:00
[2026-08-09T16:15:28.390+0000] {processor.py:208} INFO - Processing /home/airflow/.local/lib/python3.12/site-packages/airflow/example_dags/example_branch_day_of_week_operator.py took 0.093 seconds
[2026-08-09T16:16:00.196+0000] {processor.py:186} INFO - Started process (PID=19053) to work on /home/airflow/.local/lib/python3.12/site-packages/airflow/example_dags/example_branch_day_of_week_operator.py
[2026-08-09T16:16:00.198+0000] {processor.py:914} INFO - Processing file /home/airflow/.local/lib/python3.12/site-packages/airflow/example_dags/example_branch_day_of_week_operator.py for tasks to queue
[2026-08-09T16:16:00.202+0000] {logging_mixin.py:190} INFO - [2026-08-09T16:16:00.202+0000] {dagbag.py:588} INFO - Filling up the DagBag from /home/airflow/.local/lib/python3.12/site-packages/airflow/example_dags/example_branch_day_of_week_operator.py
[2026-08-09T16:16:00.216+0000] {processor.py:925} INFO - DAG(s) 'example_weekday_branch_operator' retrieved from /home/airflow/.local/lib/python3.12/site-packages/airflow/example_dags/example_branch_day_of_week_operator.py
[2026-08-09T16:16:00.238+0000] {logging_mixin.py:190} INFO - [2026-08-09T16:16:00.238+0000] {dag.py:3239} INFO - Sync 1 DAGs
[2026-08-09T16:16:00.270+0000] {logging_mixin.py:190} INFO - [2026-08-09T16:16:00.269+0000] {dag.py:4180} INFO - Setting next_dagrun for example_weekday_branch_operator to 2026-08-08 00:00:00+00:00, run_after=2026-08-09 00:00:00+00:00
[2026-08-09T16:16:00.292+0000] {processor.py:208} INFO - Processing /home/airflow/.local/lib/python3.12/site-packages/airflow/example_dags/example_branch_day_of_week_operator.py took 0.103 seconds
[2026-08-09T16:16:31.415+0000] {processor.py:186} INFO - Started process (PID=19120) to work on /home/airflow/.local/lib/python3.12/site-packages/airflow/example_dags/example_branch_day_of_week_operator.py
[2026-08-09T16:16:31.416+0000] {processor.py:914} INFO - Processing file /home/airflow/.local/lib/python3.12/site-packages/airflow/example_dags/example_branch_day_of_week_operator.py for tasks to queue
[2026-08-09T16:16:31.419+0000] {logging_mixin.py:190} INFO - [2026-08-09T16:16:31.419+0000] {dagbag.py:588} INFO - Filling up the DagBag from /home/airflow/.local/lib/python3.12/site-packages/airflow/example_dags/example_branch_day_of_week_operator.py
[2026-08-09T16:16:31.430+0000] {processor.py:925} INFO - DAG(s) 'example_weekday_branch_operator' retrieved from /home/airflow/.local/lib/python3.12/site-packages/airflow/example_dags/example_branch_day_of_week_operator.py
[2026-08-09T16:16:31.452+0000] {logging_mixin.py:190} INFO - [2026-08-09T16:16:31.452+0000] {dag.py:3239} INFO - Sync 1 DAGs
[2026-08-09T16:16:31.480+0000] {logging_mixin.py:190} INFO - [2026-08-09T16:16:31.480+0000] {dag.py:4180} INFO - Setting next_dagrun for example_weekday_branch_operator to 2026-08-08 00:00:00+00:00, run_after=2026-08-09 00:00:00+00:00
[2026-08-09T16:16:31.503+0000] {processor.py:208} INFO - Processing /home/airflow/.local/lib/python3.12/site-packages/airflow/example_dags/example_branch_day_of_week_operator.py took 0.094 seconds
[2026-08-09T16:17:03.451+0000] {processor.py:186} INFO - Started process (PID=19185) to work on /home/airflow/.local/lib/python3.12/site-packages/airflow/example_dags/example_branch_day_of_week_operator.py
[2026-08-09T16:17:03.453+0000] {processor.py:914} INFO - Processing file /home/airflow/.local/lib/python3.12/site-packages/airflow/example_dags/example_branch_day_of_week_operator.py for tasks to queue
[2026-08-09T16:17:03.460+0000] {logging_mixin.py:190} INFO - [2026-08-09T16:17:03.459+0000] {dagbag.py:588} INFO - Filling up the DagBag from /home/airflow/.local/lib/python3.12/site-packages/airflow/example_dags/example_branch_day_of_week_operator.py
[2026-08-09T16:17:03.474+0000] {processor.py:925} INFO - DAG(s) 'example_weekday_branch_operator' retrieved from /home/airflow/.local/lib/python3.12/site-packages/airflow/example_dags/example_branch_day_of_week_operator.py
[2026-08-09T16:17:03.497+0000] {logging_mixin.py:190} INFO - [2026-08-09T16:17:03.497+0000] {dag.py:3239} INFO - Sync 1 DAGs
[2026-08-09T16:17:03.525+0000] {logging_mixin.py:190} INFO - [2026-08-09T16:17:03.525+0000] {dag.py:4180} INFO - Setting next_dagrun for example_weekday_branch_operator to 2026-08-08 00:00:00+00:00, run_after=2026-08-09 00:00:00+00:00
[2026-08-09T16:17:03.546+0000] {processor.py:208} INFO - Processing /home/airflow/.local/lib/python3.12/site-packages/airflow/example_dags/example_branch_day_of_week_operator.py took 0.104 seconds
[2026-08-09T16:17:34.260+0000] {processor.py:186} INFO - Started process (PID=19251) to work on /home/airflow/.local/lib/python3.12/site-packages/airflow/example_dags/example_branch_day_of_week_operator.py
[2026-08-09T16:17:34.262+0000] {processor.py:914} INFO - Processing file /home/airflow/.local/lib/python3.12/site-packages/airflow/example_dags/example_branch_day_of_week_operator.py for tasks to queue
[2026-08-09T16:17:34.265+0000] {logging_mixin.py:190} INFO - [2026-08-09T16:17:34.264+0000] {dagbag.py:588} INFO - Filling up the DagBag from /home/airflow/.local/lib/python3.12/site-packages/airflow/example_dags/example_branch_day_of_week_operator.py
[2026-08-09T16:17:34.275+0000] {processor.py:925} INFO - DAG(s) 'example_weekday_branch_operator' retrieved from /home/airflow/.local/lib/python3.12/site-packages/airflow/example_dags/example_branch_day_of_week_operator.py
[2026-08-09T16:17:34.296+0000] {logging_mixin.py:190} INFO - [2026-08-09T16:17:34.296+0000] {dag.py:3239} INFO - Sync 1 DAGs
[2026-08-09T16:17:34.321+0000] {logging_mixin.py:190} INFO - [2026-08-09T16:17:34.321+0000] {dag.py:4180} INFO - Setting next_dagrun for example_weekday_branch_operator to 2026-08-08 00:00:00+00:00, run_after=2026-08-09 00:00:00+00:00
[2026-08-09T16:17:34.342+0000] {processor.py:208} INFO - Processing /home/airflow/.local/lib/python3.12/site-packages/airflow/example_dags/example_branch_day_of_week_operator.py took 0.088 seconds
[2026-08-09T16:18:05.514+0000] {processor.py:186} INFO - Started process (PID=19316) to work on /home/airflow/.local/lib/python3.12/site-packages/airflow/example_dags/example_branch_day_of_week_operator.py
[2026-08-09T16:18:05.515+0000] {processor.py:914} INFO - Processing file /home/airflow/.local/lib/python3.12/site-packages/airflow/example_dags/example_branch_day_of_week_operator.py for tasks to queue
[2026-08-09T16:18:05.518+0000] {logging_mixin.py:190} INFO - [2026-08-09T16:18:05.518+0000] {dagbag.py:588} INFO - Filling up the DagBag from /home/airflow/.local/lib/python3.12/site-packages/airflow/example_dags/example_branch_day_of_week_operator.py
[2026-08-09T16:18:05.529+0000] {processor.py:925} INFO - DAG(s) 'example_weekday_branch_operator' retrieved from /home/airflow/.local/lib/python3.12/site-packages/airflow/example_dags/example_branch_day_of_week_operator.py
[2026-08-09T16:18:05.552+0000] {logging_mixin.py:190} INFO - [2026-08-09T16:18:05.552+0000] {dag.py:3239} INFO - Sync 1 DAGs
[2026-08-09T16:18:05.580+0000] {logging_mixin.py:190} INFO - [2026-08-09T16:18:05.579+0000] {dag.py:4180} INFO - Setting next_dagrun for example_weekday_branch_operator to 2026-08-08 00:00:00+00:00, run_after=2026-08-09 00:00:00+00:00
[2026-08-09T16:18:05.607+0000] {processor.py:208} INFO - Processing /home/airflow/.local/lib/python3.12/site-packages/airflow/example_dags/example_branch_day_of_week_operator.py took 0.099 seconds
[2026-08-09T16:18:37.585+0000] {processor.py:186} INFO - Started process (PID=19386) to work on /home/airflow/.local/lib/python3.12/site-packages/airflow/example_dags/example_branch_day_of_week_operator.py
[2026-08-09T16:18:37.587+0000] {processor.py:914} INFO - Processing file /home/airflow/.local/lib/python3.12/site-packages/airflow/example_dags/example_branch_day_of_week_operator.py for tasks to queue
[2026-08-09T16:18:37.590+0000] {logging_mixin.py:190} INFO - [2026-08-09T16:18:37.590+0000] {dagbag.py:588} INFO - Filling up the DagBag from /home/airflow/.local/lib/python3.12/site-packages/airflow/example_dags/example_branch_day_of_week_operator.py
[2026-08-09T16:18:37.604+0000] {processor.py:925} INFO - DAG(s) 'example_weekday_branch_operator' retrieved from /home/airflow/.local/lib/python3.12/site-packages/airflow/example_dags/example_branch_day_of_week_operator.py
[2026-08-09T16:18:37.633+0000] {logging_mixin.py:190} INFO - [2026-08-09T16:18:37.632+0000] {dag.py:3239} INFO - Sync 1 DAGs
[2026-08-09T16:18:37.665+0000] {logging_mixin.py:190} INFO - [2026-08-09T16:18:37.664+0000] {dag.py:4180} INFO - Setting next_dagrun for example_weekday_branch_operator to 2026-08-08 00:00:00+00:00, run_after=2026-08-09 00:00:00+00:00
[2026-08-09T16:18:37.690+0000] {processor.py:208} INFO - Processing /home/airflow/.local/lib/python3.12/site-packages/airflow/example_dags/example_branch_day_of_week_operator.py took 0.112 seconds
[2026-08-09T16:19:08.704+0000] {processor.py:186} INFO - Started process (PID=19451) to work on /home/airflow/.local/lib/python3.12/site-packages/airflow/example_dags/example_branch_day_of_week_operator.py
[2026-08-09T16:19:08.705+0000] {processor.py:914} INFO - Processing file /home/airflow/.local/lib/python3.12/site-packages/airflow/example_dags/example_branch_day_of_week_operator.py for tasks to queue
[2026-08-09T16:19:08.709+0000] {logging_mixin.py:190} INFO - [2026-08-09T16:19:08.709+0000] {dagbag.py:588} INFO - Filling up the DagBag from /home/airflow/.local/lib/python3.12/site-packages/airflow/example_dags/example_branch_day_of_week_operator.py
[2026-08-09T16:19:08.722+0000] {processor.py:925} INFO - DAG(s) 'example_weekday_branch_operator' retrieved from /home/airflow/.local/lib/python3.12/site-packages/airflow/example_dags/example_branch_day_of_week_operator.py
[2026-08-09T16:19:08.748+0000] {logging_mixin.py:190} INFO - [2026-08-09T16:19:08.748+0000] {dag.py:3239} INFO - Sync 1 DAGs
[2026-08-09T16:19:08.782+0000] {logging_mixin.py:190} INFO - [2026-08-09T16:19:08.782+0000] {dag.py:4180} INFO - Setting next_dagrun for example_weekday_branch_operator to 2026-08-08 00:00:00+00:00, run_after=2026-08-09 00:00:00+00:00
[2026-08-09T16:19:08.807+0000] {processor.py:208} INFO - Processing /home/airflow/.local/lib/python3.12/site-packages/airflow/example_dags/example_branch_day_of_week_operator.py took 0.110 seconds
[2026-08-09T16:19:40.260+0000] {processor.py:186} INFO - Started process (PID=19518) to work on /home/airflow/.local/lib/python3.12/site-packages/airflow/example_dags/example_branch_day_of_week_operator.py
[2026-08-09T16:19:40.262+0000] {processor.py:914} INFO - Processing file /home/airflow/.local/lib/python3.12/site-packages/airflow/example_dags/example_branch_day_of_week_operator.py for tasks to queue
[2026-08-09T16:19:40.265+0000] {logging_mixin.py:190} INFO - [2026-08-09T16:19:40.265+0000] {dagbag.py:588} INFO - Filling up the DagBag from /home/airflow/.local/lib/python3.12/site-packages/airflow/example_dags/example_branch_day_of_week_operator.py
[2026-08-09T16:19:40.277+0000] {processor.py:925} INFO - DAG(s) 'example_weekday_branch_operator' retrieved from /home/airflow/.local/lib/python3.12/site-packages/airflow/example_dags/example_branch_day_of_week_operator.py
[2026-08-09T16:19:40.300+0000] {logging_mixin.py:190} INFO - [2026-08-09T16:19:40.300+0000] {dag.py:3239} INFO - Sync 1 DAGs
[2026-08-09T16:19:40.328+0000] {logging_mixin.py:190} INFO - [2026-08-09T16:19:40.328+0000] {dag.py:4180} INFO - Setting next_dagrun for example_weekday_branch_operator to 2026-08-08 00:00:00+00:00, run_after=2026-08-09 00:00:00+00:00
[2026-08-09T16:19:40.350+0000] {processor.py:208} INFO - Processing /home/airflow/.local/lib/python3.12/site-packages/airflow/example_dags/example_branch_day_of_week_operator.py took 0.097 seconds
[2026-08-09T16:20:11.204+0000] {processor.py:186} INFO - Started process (PID=19584) to work on /home/airflow/.local/lib/python3.12/site-packages/airflow/example_dags/example_branch_day_of_week_operator.py
[2026-08-09T16:20:11.205+0000] {processor.py:914} INFO - Processing file /home/airflow/.local/lib/python3.12/site-packages/airflow/example_dags/example_branch_day_of_week_operator.py for tasks to queue
[2026-08-09T16:20:11.209+0000] {logging_mixin.py:190} INFO - [2026-08-09T16:20:11.208+0000] {dagbag.py:588} INFO - Filling up the DagBag from /home/airflow/.local/lib/python3.12/site-packages/airflow/example_dags/example_branch_day_of_week_operator.py
[2026-08-09T16:20:11.222+0000] {processor.py:925} INFO - DAG(s) 'example_weekday_branch_operator' retrieved from /home/airflow/.local/lib/python3.12/site-packages/airflow/example_dags/example_branch_day_of_week_operator.py
[2026-08-09T16:20:11.247+0000] {logging_mixin.py:190} INFO - [2026-08-09T16:20:11.247+0000] {dag.py:3239} INFO - Sync 1 DAGs
[2026-08-09T16:20:11.274+0000] {logging_mixin.py:190} INFO - [2026-08-09T16:20:11.273+0000] {dag.py:4180} INFO - Setting next_dagrun for example_weekday_branch_operator to 2026-08-08 00:00:00+00:00, run_after=2026-08-09 00:00:00+00:00
[2026-08-09T16:20:11.294+0000] {processor.py:208} INFO - Processing /home/airflow/.local/lib/python3.12/site-packages/airflow/example_dags/example_branch_day_of_week_operator.py took 0.099 seconds
[2026-08-09T16:20:41.344+0000] {processor.py:186} INFO - Started process (PID=19648) to work on /home/airflow/.local/lib/python3.12/site-packages/airflow/example_dags/example_branch_day_of_week_operator.py
[2026-08-09T16:20:41.345+0000] {processor.py:914} INFO - Processing file /home/airflow/.local/lib/python3.12/site-packages/airflow/example_dags/example_branch_day_of_week_operator.py for tasks to queue
[2026-08-09T16:20:41.348+0000] {logging_mixin.py:190} INFO - [2026-08-09T16:20:41.347+0000] {dagbag.py:588} INFO - Filling up the DagBag from /home/airflow/.local/lib/python3.12/site-packages/airflow/example_dags/example_branch_day_of_week_operator.py
[2026-08-09T16:20:41.362+0000] {processor.py:925} INFO - DAG(s) 'example_weekday_branch_operator' retrieved from /home/airflow/.local/lib/python3.12/site-packages/airflow/example_dags/example_branch_day_of_week_operator.py
[2026-08-09T16:20:41.384+0000] {logging_mixin.py:190} INFO - [2026-08-09T16:20:41.383+0000] {dag.py:3239} INFO - Sync 1 DAGs
[2026-08-09T16:20:41.413+0000] {logging_mixin.py:190} INFO - [2026-08-09T16:20:41.413+0000] {dag.py:4180} INFO - Setting next_dagrun for example_weekday_branch_operator to 2026-08-08 00:00:00+00:00, run_after=2026-08-09 00:00:00+00:00
[2026-08-09T16:20:41.439+0000] {processor.py:208} INFO - Processing /home/airflow/.local/lib/python3.12/site-packages/airflow/example_dags/example_branch_day_of_week_operator.py took 0.101 seconds
[2026-08-09T16:21:11.987+0000] {processor.py:186} INFO - Started process (PID=19713) to work on /home/airflow/.local/lib/python3.12/site-packages/airflow/example_dags/example_branch_day_of_week_operator.py
[2026-08-09T16:21:11.989+0000] {processor.py:914} INFO - Processing file /home/airflow/.local/lib/python3.12/site-packages/airflow/example_dags/example_branch_day_of_week_operator.py for tasks to queue
[2026-08-09T16:21:11.992+0000] {logging_mixin.py:190} INFO - [2026-08-09T16:21:11.991+0000] {dagbag.py:588} INFO - Filling up the DagBag from /home/airflow/.local/lib/python3.12/site-packages/airflow/example_dags/example_branch_day_of_week_operator.py
[2026-08-09T16:21:12.003+0000] {processor.py:925} INFO - DAG(s) 'example_weekday_branch_operator' retrieved from /home/airflow/.local/lib/python3.12/site-packages/airflow/example_dags/example_branch_day_of_week_operator.py
[2026-08-09T16:21:12.028+0000] {logging_mixin.py:190} INFO - [2026-08-09T16:21:12.027+0000] {dag.py:3239} INFO - Sync 1 DAGs
[2026-08-09T16:21:12.056+0000] {logging_mixin.py:190} INFO - [2026-08-09T16:21:12.056+0000] {dag.py:4180} INFO - Setting next_dagrun for example_weekday_branch_operator to 2026-08-08 00:00:00+00:00, run_after=2026-08-09 00:00:00+00:00
[2026-08-09T16:21:12.079+0000] {processor.py:208} INFO - Processing /home/airflow/.local/lib/python3.12/site-packages/airflow/example_dags/example_branch_day_of_week_operator.py took 0.097 seconds
[2026-08-09T16:21:43.185+0000] {processor.py:186} INFO - Started process (PID=19778) to work on /home/airflow/.local/lib/python3.12/site-packages/airflow/example_dags/example_branch_day_of_week_operator.py
[2026-08-09T16:21:43.186+0000] {processor.py:914} INFO - Processing file /home/airflow/.local/lib/python3.12/site-packages/airflow/example_dags/example_branch_day_of_week_operator.py for tasks to queue
[2026-08-09T16:21:43.189+0000] {logging_mixin.py:190} INFO - [2026-08-09T16:21:43.189+0000] {dagbag.py:588} INFO - Filling up the DagBag from /home/airflow/.local/lib/python3.12/site-packages/airflow/example_dags/example_branch_day_of_week_operator.py
[2026-08-09T16:21:43.200+0000] {processor.py:925} INFO - DAG(s) 'example_weekday_branch_operator' retrieved from /home/airflow/.local/lib/python3.12/site-packages/airflow/example_dags/example_branch_day_of_week_operator.py
[2026-08-09T16:21:43.222+0000] {logging_mixin.py:190} INFO - [2026-08-09T16:21:43.222+0000] {dag.py:3239} INFO - Sync 1 DAGs
[2026-08-09T16:21:43.248+0000] {logging_mixin.py:190} INFO - [2026-08-09T16:21:43.247+0000] {dag.py:4180} INFO - Setting next_dagrun for example_weekday_branch_operator to 2026-08-08 00:00:00+00:00, run_after=2026-08-09 00:00:00+00:00
[2026-08-09T16:21:43.268+0000] {processor.py:208} INFO - Processing /home/airflow/.local/lib/python3.12/site-packages/airflow/example_dags/example_branch_day_of_week_operator.py took 0.089 seconds
[2026-08-09T16:22:14.510+0000] {processor.py:186} INFO - Started process (PID=19846) to work on /home/airflow/.local/lib/python3.12/site-packages/airflow/example_dags/example_branch_day_of_week_operator.py
[2026-08-09T16:22:14.511+0000] {processor.py:914} INFO - Processing file /home/airflow/.local/lib/python3.12/site-packages/airflow/example_dags/example_branch_day_of_week_operator.py for tasks to queue
[2026-08-09T16:22:14.514+0000] {logging_mixin.py:190} INFO - [2026-08-09T16:22:14.514+0000] {dagbag.py:588} INFO - Filling up the DagBag from /home/airflow/.local/lib/python3.12/site-packages/airflow/example_dags/example_branch_day_of_week_operator.py
[2026-08-09T16:22:14.525+0000] {processor.py:925} INFO - DAG(s) 'example_weekday_branch_operator' retrieved from /home/airflow/.local/lib/python3.12/site-packages/airflow/example_dags/example_branch_day_of_week_operator.py
[2026-08-09T16:22:14.547+0000] {logging_mixin.py:190} INFO - [2026-08-09T16:22:14.546+0000] {dag.py:3239} INFO - Sync 1 DAGs
[2026-08-09T16:22:14.572+0000] {logging_mixin.py:190} INFO - [2026-08-09T16:22:14.572+0000] {dag.py:4180} INFO - Setting next_dagrun for example_weekday_branch_operator to 2026-08-08 00:00:00+00:00, run_after=2026-08-09 00:00:00+00:00
[2026-08-09T16:22:14.593+0000] {processor.py:208} INFO - Processing /home/airflow/.local/lib/python3.12/site-packages/airflow/example_dags/example_branch_day_of_week_operator.py took 0.090 seconds
[2026-08-09T16:22:45.332+0000] {processor.py:186} INFO - Started process (PID=19911) to work on /home/airflow/.local/lib/python3.12/site-packages/airflow/example_dags/example_branch_day_of_week_operator.py
[2026-08-09T16:22:45.334+0000] {processor.py:914} INFO - Processing file /home/airflow/.local/lib/python3.12/site-packages/airflow/example_dags/example_branch_day_of_week_operator.py for tasks to queue
[2026-08-09T16:22:45.337+0000] {logging_mixin.py:190} INFO - [2026-08-09T16:22:45.336+0000] {dagbag.py:588} INFO - Filling up the DagBag from /home/airflow/.local/lib/python3.12/site-packages/airflow/example_dags/example_branch_day_of_week_operator.py
[2026-08-09T16:22:45.347+0000] {processor.py:925} INFO - DAG(s) 'example_weekday_branch_operator' retrieved from /home/airflow/.local/lib/python3.12/site-packages/airflow/example_dags/example_branch_day_of_week_operator.py
[2026-08-09T16:22:45.372+0000] {logging_mixin.py:190} INFO - [2026-08-09T16:22:45.372+0000] {dag.py:3239} INFO - Sync 1 DAGs
[2026-08-09T16:22:45.400+0000] {logging_mixin.py:190} INFO - [2026-08-09T16:22:45.400+0000] {dag.py:4180} INFO - Setting next_dagrun for example_weekday_branch_operator to 2026-08-08 00:00:00+00:00, run_after=2026-08-09 00:00:00+00:00
[2026-08-09T16:22:45.424+0000] {processor.py:208} INFO - Processing /home/airflow/.local/lib/python3.12/site-packages/airflow/example_dags/example_branch_day_of_week_operator.py took 0.098 seconds
[2026-08-09T16:23:16.213+0000] {processor.py:186} INFO - Started process (PID=19976) to work on /home/airflow/.local/lib/python3.12/site-packages/airflow/example_dags/example_branch_day_of_week_operator.py
[2026-08-09T16:23:16.214+0000] {processor.py:914} INFO - Processing file /home/airflow/.local/lib/python3.12/site-packages/airflow/example_dags/example_branch_day_of_week_operator.py for tasks to queue
[2026-08-09T16:23:16.217+0000] {logging_mixin.py:190} INFO - [2026-08-09T16:23:16.217+0000] {dagbag.py:588} INFO - Filling up the DagBag from /home/airflow/.local/lib/python3.12/site-packages/airflow/example_dags/example_branch_day_of_week_operator.py
[2026-08-09T16:23:16.228+0000] {processor.py:925} INFO - DAG(s) 'example_weekday_branch_operator' retrieved from /home/airflow/.local/lib/python3.12/site-packages/airflow/example_dags/example_branch_day_of_week_operator.py
[2026-08-09T16:23:16.248+0000] {logging_mixin.py:190} INFO - [2026-08-09T16:23:16.247+0000] {dag.py:3239} INFO - Sync 1 DAGs
[2026-08-09T16:23:16.273+0000] {logging_mixin.py:190} INFO - [2026-08-09T16:23:16.272+0000] {dag.py:4180} INFO - Setting next_dagrun for example_weekday_branch_operator to 2026-08-08 00:00:00+00:00, run_after=2026-08-09 00:00:00+00:00
[2026-08-09T16:23:16.293+0000] {processor.py:208} INFO - Processing /home/airflow/.local/lib/python3.12/site-packages/airflow/example_dags/example_branch_day_of_week_operator.py took 0.086 seconds
[2026-08-09T16:23:47.504+0000] {processor.py:186} INFO - Started process (PID=20041) to work on /home/airflow/.local/lib/python3.12/site-packages/airflow/example_dags/example_branch_day_of_week_operator.py
[2026-08-09T16:23:47.506+0000] {processor.py:914} INFO - Processing file /home/airflow/.local/lib/python3.12/site-packages/airflow/example_dags/example_branch_day_of_week_operator.py for tasks to queue
[2026-08-09T16:23:47.509+0000] {logging_mixin.py:190} INFO - [2026-08-09T16:23:47.509+0000] {dagbag.py:588} INFO - Filling up the DagBag from /home/airflow/.local/lib/python3.12/site-packages/airflow/example_dags/example_branch_day_of_week_operator.py
[2026-08-09T16:23:47.520+0000] {processor.py:925} INFO - DAG(s) 'example_weekday_branch_operator' retrieved from /home/airflow/.local/lib/python3.12/site-packages/airflow/example_dags/example_branch_day_of_week_operator.py
[2026-08-09T16:23:47.542+0000] {logging_mixin.py:190} INFO - [2026-08-09T16:23:47.542+0000] {dag.py:3239} INFO - Sync 1 DAGs
[2026-08-09T16:23:47.571+0000] {logging_mixin.py:190} INFO - [2026-08-09T16:23:47.571+0000] {dag.py:4180} INFO - Setting next_dagrun for example_weekday_branch_operator to 2026-08-08 00:00:00+00:00, run_after=2026-08-09 00:00:00+00:00
[2026-08-09T16:23:47.595+0000] {processor.py:208} INFO - Processing /home/airflow/.local/lib/python3.12/site-packages/airflow/example_dags/example_branch_day_of_week_operator.py took 0.097 seconds
[2026-08-09T16:24:18.758+0000] {processor.py:186} INFO - Started process (PID=20106) to work on /home/airflow/.local/lib/python3.12/site-packages/airflow/example_dags/example_branch_day_of_week_operator.py
[2026-08-09T16:24:18.760+0000] {processor.py:914} INFO - Processing file /home/airflow/.local/lib/python3.12/site-packages/airflow/example_dags/example_branch_day_of_week_operator.py for tasks to queue
[2026-08-09T16:24:18.764+0000] {logging_mixin.py:190} INFO - [2026-08-09T16:24:18.764+0000] {dagbag.py:588} INFO - Filling up the DagBag from /home/airflow/.local/lib/python3.12/site-packages/airflow/example_dags/example_branch_day_of_week_operator.py
[2026-08-09T16:24:18.782+0000] {processor.py:925} INFO - DAG(s) 'example_weekday_branch_operator' retrieved from /home/airflow/.local/lib/python3.12/site-packages/airflow/example_dags/example_branch_day_of_week_operator.py
[2026-08-09T16:24:18.813+0000] {logging_mixin.py:190} INFO - [2026-08-09T16:24:18.813+0000] {dag.py:3239} INFO - Sync 1 DAGs
[2026-08-09T16:24:18.850+0000] {logging_mixin.py:190} INFO - [2026-08-09T16:24:18.849+0000] {dag.py:4180} INFO - Setting next_dagrun for example_weekday_branch_operator to 2026-08-08 00:00:00+00:00, run_after=2026-08-09 00:00:00+00:00
[2026-08-09T16:24:18.877+0000] {processor.py:208} INFO - Processing /home/airflow/.local/lib/python3.12/site-packages/airflow/example_dags/example_branch_day_of_week_operator.py took 0.128 seconds
[2026-08-09T16:24:50.130+0000] {processor.py:186} INFO - Started process (PID=20173) to work on /home/airflow/.local/lib/python3.12/site-packages/airflow/example_dags/example_branch_day_of_week_operator.py
[2026-08-09T16:24:50.132+0000] {processor.py:914} INFO - Processing file /home/airflow/.local/lib/python3.12/site-packages/airflow/example_dags/example_branch_day_of_week_operator.py for tasks to queue
[2026-08-09T16:24:50.135+0000] {logging_mixin.py:190} INFO - [2026-08-09T16:24:50.134+0000] {dagbag.py:588} INFO - Filling up the DagBag from /home/airflow/.local/lib/python3.12/site-packages/airflow/example_dags/example_branch_day_of_week_operator.py
[2026-08-09T16:24:50.145+0000] {processor.py:925} INFO - DAG(s) 'example_weekday_branch_operator' retrieved from /home/airflow/.local/lib/python3.12/site-packages/airflow/example_dags/example_branch_day_of_week_operator.py
[2026-08-09T16:24:50.167+0000] {logging_mixin.py:190} INFO - [2026-08-09T16:24:50.166+0000] {dag.py:3239} INFO - Sync 1 DAGs
[2026-08-09T16:24:50.197+0000] {logging_mixin.py:190} INFO - [2026-08-09T16:24:50.197+0000] {dag.py:4180} INFO - Setting next_dagrun for example_weekday_branch_operator to 2026-08-08 00:00:00+00:00, run_after=2026-08-09 00:00:00+00:00
[2026-08-09T16:24:50.221+0000] {processor.py:208} INFO - Processing /home/airflow/.local/lib/python3.12/site-packages/airflow/example_dags/example_branch_day_of_week_operator.py took 0.096 seconds
[2026-08-09T16:25:21.574+0000] {processor.py:186} INFO - Started process (PID=20239) to work on /home/airflow/.local/lib/python3.12/site-packages/airflow/example_dags/example_branch_day_of_week_operator.py
[2026-08-09T16:25:21.575+0000] {processor.py:914} INFO - Processing file /home/airflow/.local/lib/python3.12/site-packages/airflow/example_dags/example_branch_day_of_week_operator.py for tasks to queue
[2026-08-09T16:25:21.580+0000] {logging_mixin.py:190} INFO - [2026-08-09T16:25:21.580+0000] {dagbag.py:588} INFO - Filling up the DagBag from /home/airflow/.local/lib/python3.12/site-packages/airflow/example_dags/example_branch_day_of_week_operator.py
[2026-08-09T16:25:21.597+0000] {processor.py:925} INFO - DAG(s) 'example_weekday_branch_operator' retrieved from /home/airflow/.local/lib/python3.12/site-packages/airflow/example_dags/example_branch_day_of_week_operator.py
[2026-08-09T16:25:21.622+0000] {logging_mixin.py:190} INFO - [2026-08-09T16:25:21.622+0000] {dag.py:3239} INFO - Sync 1 DAGs
[2026-08-09T16:25:21.653+0000] {logging_mixin.py:190} INFO - [2026-08-09T16:25:21.652+0000] {dag.py:4180} INFO - Setting next_dagrun for example_weekday_branch_operator to 2026-08-08 00:00:00+00:00, run_after=2026-08-09 00:00:00+00:00
[2026-08-09T16:25:21.675+0000] {processor.py:208} INFO - Processing /home/airflow/.local/lib/python3.12/site-packages/airflow/example_dags/example_branch_day_of_week_operator.py took 0.107 seconds
[2026-08-09T16:25:52.735+0000] {processor.py:186} INFO - Started process (PID=20310) to work on /home/airflow/.local/lib/python3.12/site-packages/airflow/example_dags/example_branch_day_of_week_operator.py
[2026-08-09T16:25:52.736+0000] {processor.py:914} INFO - Processing file /home/airflow/.local/lib/python3.12/site-packages/airflow/example_dags/example_branch_day_of_week_operator.py for tasks to queue
[2026-08-09T16:25:52.739+0000] {logging_mixin.py:190} INFO - [2026-08-09T16:25:52.739+0000] {dagbag.py:588} INFO - Filling up the DagBag from /home/airflow/.local/lib/python3.12/site-packages/airflow/example_dags/example_branch_day_of_week_operator.py
[2026-08-09T16:25:52.750+0000] {processor.py:925} INFO - DAG(s) 'example_weekday_branch_operator' retrieved from /home/airflow/.local/lib/python3.12/site-packages/airflow/example_dags/example_branch_day_of_week_operator.py
[2026-08-09T16:25:52.775+0000] {logging_mixin.py:190} INFO - [2026-08-09T16:25:52.775+0000] {dag.py:3239} INFO - Sync 1 DAGs
[2026-08-09T16:25:52.803+0000] {logging_mixin.py:190} INFO - [2026-08-09T16:25:52.802+0000] {dag.py:4180} INFO - Setting next_dagrun for example_weekday_branch_operator to 2026-08-08 00:00:00+00:00, run_after=2026-08-09 00:00:00+00:00
[2026-08-09T16:25:52.824+0000] {processor.py:208} INFO - Processing /home/airflow/.local/lib/python3.12/site-packages/airflow/example_dags/example_branch_day_of_week_operator.py took 0.095 seconds
[2026-08-09T16:26:23.544+0000] {processor.py:186} INFO - Started process (PID=20376) to work on /home/airflow/.local/lib/python3.12/site-packages/airflow/example_dags/example_branch_day_of_week_operator.py
[2026-08-09T16:26:23.545+0000] {processor.py:914} INFO - Processing file /home/airflow/.local/lib/python3.12/site-packages/airflow/example_dags/example_branch_day_of_week_operator.py for tasks to queue
[2026-08-09T16:26:23.549+0000] {logging_mixin.py:190} INFO - [2026-08-09T16:26:23.548+0000] {dagbag.py:588} INFO - Filling up the DagBag from /home/airflow/.local/lib/python3.12/site-packages/airflow/example_dags/example_branch_day_of_week_operator.py
[2026-08-09T16:26:23.559+0000] {processor.py:925} INFO - DAG(s) 'example_weekday_branch_operator' retrieved from /home/airflow/.local/lib/python3.12/site-packages/airflow/example_dags/example_branch_day_of_week_operator.py
[2026-08-09T16:26:23.584+0000] {logging_mixin.py:190} INFO - [2026-08-09T16:26:23.584+0000] {dag.py:3239} INFO - Sync 1 DAGs
[2026-08-09T16:26:23.614+0000] {logging_mixin.py:190} INFO - [2026-08-09T16:26:23.614+0000] {dag.py:4180} INFO - Setting next_dagrun for example_weekday_branch_operator to 2026-08-08 00:00:00+00:00, run_after=2026-08-09 00:00:00+00:00
[2026-08-09T16:26:23.635+0000] {processor.py:208} INFO - Processing /home/airflow/.local/lib/python3.12/site-packages/airflow/example_dags/example_branch_day_of_week_operator.py took 0.098 seconds
[2026-08-09T16:26:54.585+0000] {processor.py:186} INFO - Started process (PID=20441) to work on /home/airflow/.local/lib/python3.12/site-packages/airflow/example_dags/example_branch_day_of_week_operator.py
[2026-08-09T16:26:54.586+0000] {processor.py:914} INFO - Processing file /home/airflow/.local/lib/python3.12/site-packages/airflow/example_dags/example_branch_day_of_week_operator.py for tasks to queue
[2026-08-09T16:26:54.589+0000] {logging_mixin.py:190} INFO - [2026-08-09T16:26:54.589+0000] {dagbag.py:588} INFO - Filling up the DagBag from /home/airflow/.local/lib/python3.12/site-packages/airflow/example_dags/example_branch_day_of_week_operator.py
[2026-08-09T16:26:54.601+0000] {processor.py:925} INFO - DAG(s) 'example_weekday_branch_operator' retrieved from /home/airflow/.local/lib/python3.12/site-packages/airflow/example_dags/example_branch_day_of_week_operator.py
[2026-08-09T16:26:54.624+0000] {logging_mixin.py:190} INFO - [2026-08-09T16:26:54.624+0000] {dag.py:3239} INFO - Sync 1 DAGs
[2026-08-09T16:26:54.656+0000] {logging_mixin.py:190} INFO - [2026-08-09T16:26:54.656+0000] {dag.py:4180} INFO - Setting next_dagrun for example_weekday_branch_operator to 2026-08-08 00:00:00+00:00, run_after=2026-08-09 00:00:00+00:00
[2026-08-09T16:26:54.679+0000] {processor.py:208} INFO - Processing /home/airflow/.local/lib/python3.12/site-packages/airflow/example_dags/example_branch_day_of_week_operator.py took 0.100 seconds
[2026-08-09T16:27:25.484+0000] {processor.py:186} INFO - Started process (PID=20506) to work on /home/airflow/.local/lib/python3.12/site-packages/airflow/example_dags/example_branch_day_of_week_operator.py
[2026-08-09T16:27:25.486+0000] {processor.py:914} INFO - Processing file /home/airflow/.local/lib/python3.12/site-packages/airflow/example_dags/example_branch_day_of_week_operator.py for tasks to queue
[2026-08-09T16:27:25.489+0000] {logging_mixin.py:190} INFO - [2026-08-09T16:27:25.488+0000] {dagbag.py:588} INFO - Filling up the DagBag from /home/airflow/.local/lib/python3.12/site-packages/airflow/example_dags/example_branch_day_of_week_operator.py
[2026-08-09T16:27:25.501+0000] {processor.py:925} INFO - DAG(s) 'example_weekday_branch_operator' retrieved from /home/airflow/.local/lib/python3.12/site-packages/airflow/example_dags/example_branch_day_of_week_operator.py
[2026-08-09T16:27:25.524+0000] {logging_mixin.py:190} INFO - [2026-08-09T16:27:25.524+0000] {dag.py:3239} INFO - Sync 1 DAGs
[2026-08-09T16:27:25.553+0000] {logging_mixin.py:190} INFO - [2026-08-09T16:27:25.553+0000] {dag.py:4180} INFO - Setting next_dagrun for example_weekday_branch_operator to 2026-08-08 00:00:00+00:00, run_after=2026-08-09 00:00:00+00:00
[2026-08-09T16:27:25.576+0000] {processor.py:208} INFO - Processing /home/airflow/.local/lib/python3.12/site-packages/airflow/example_dags/example_branch_day_of_week_operator.py took 0.098 seconds
[2026-08-09T16:27:56.090+0000] {processor.py:186} INFO - Started process (PID=20572) to work on /home/airflow/.local/lib/python3.12/site-packages/airflow/example_dags/example_branch_day_of_week_operator.py
[2026-08-09T16:27:56.091+0000] {processor.py:914} INFO - Processing file /home/airflow/.local/lib/python3.12/site-packages/airflow/example_dags/example_branch_day_of_week_operator.py for tasks to queue
[2026-08-09T16:27:56.094+0000] {logging_mixin.py:190} INFO - [2026-08-09T16:27:56.094+0000] {dagbag.py:588} INFO - Filling up the DagBag from /home/airflow/.local/lib/python3.12/site-packages/airflow/example_dags/example_branch_day_of_week_operator.py
[2026-08-09T16:27:56.106+0000] {processor.py:925} INFO - DAG(s) 'example_weekday_branch_operator' retrieved from /home/airflow/.local/lib/python3.12/site-packages/airflow/example_dags/example_branch_day_of_week_operator.py
[2026-08-09T16:27:56.127+0000] {logging_mixin.py:190} INFO - [2026-08-09T16:27:56.127+0000] {dag.py:3239} INFO - Sync 1 DAGs
[2026-08-09T16:27:56.153+0000] {logging_mixin.py:190} INFO - [2026-08-09T16:27:56.152+0000] {dag.py:4180} INFO - Setting next_dagrun for example_weekday_branch_operator to 2026-08-08 00:00:00+00:00, run_after=2026-08-09 00:00:00+00:00
[2026-08-09T16:27:56.174+0000] {processor.py:208} INFO - Processing /home/airflow/.local/lib/python3.12/site-packages/airflow/example_dags/example_branch_day_of_week_operator.py took 0.091 seconds
[2026-08-09T16:28:26.543+0000] {processor.py:186} INFO - Started process (PID=20636) to work on /home/airflow/.local/lib/python3.12/site-packages/airflow/example_dags/example_branch_day_of_week_operator.py
[2026-08-09T16:28:26.544+0000] {processor.py:914} INFO - Processing file /home/airflow/.local/lib/python3.12/site-packages/airflow/example_dags/example_branch_day_of_week_operator.py for tasks to queue
[2026-08-09T16:28:26.547+0000] {logging_mixin.py:190} INFO - [2026-08-09T16:28:26.547+0000] {dagbag.py:588} INFO - Filling up the DagBag from /home/airflow/.local/lib/python3.12/site-packages/airflow/example_dags/example_branch_day_of_week_operator.py
[2026-08-09T16:28:26.560+0000] {processor.py:925} INFO - DAG(s) 'example_weekday_branch_operator' retrieved from /home/airflow/.local/lib/python3.12/site-packages/airflow/example_dags/example_branch_day_of_week_operator.py
[2026-08-09T16:28:26.582+0000] {logging_mixin.py:190} INFO - [2026-08-09T16:28:26.582+0000] {dag.py:3239} INFO - Sync 1 DAGs
[2026-08-09T16:28:26.611+0000] {logging_mixin.py:190} INFO - [2026-08-09T16:28:26.610+0000] {dag.py:4180} INFO - Setting next_dagrun for example_weekday_branch_operator to 2026-08-08 00:00:00+00:00, run_after=2026-08-09 00:00:00+00:00
[2026-08-09T16:28:26.630+0000] {processor.py:208} INFO - Processing /home/airflow/.local/lib/python3.12/site-packages/airflow/example_dags/example_branch_day_of_week_operator.py took 0.097 seconds
[2026-08-09T16:28:56.977+0000] {processor.py:186} INFO - Started process (PID=20701) to work on /home/airflow/.local/lib/python3.12/site-packages/airflow/example_dags/example_branch_day_of_week_operator.py
[2026-08-09T16:28:56.979+0000] {processor.py:914} INFO - Processing file /home/airflow/.local/lib/python3.12/site-packages/airflow/example_dags/example_branch_day_of_week_operator.py for tasks to queue
[2026-08-09T16:28:56.982+0000] {logging_mixin.py:190} INFO - [2026-08-09T16:28:56.982+0000] {dagbag.py:588} INFO - Filling up the DagBag from /home/airflow/.local/lib/python3.12/site-packages/airflow/example_dags/example_branch_day_of_week_operator.py
[2026-08-09T16:28:56.994+0000] {processor.py:925} INFO - DAG(s) 'example_weekday_branch_operator' retrieved from /home/airflow/.local/lib/python3.12/site-packages/airflow/example_dags/example_branch_day_of_week_operator.py
[2026-08-09T16:28:57.019+0000] {logging_mixin.py:190} INFO - [2026-08-09T16:28:57.019+0000] {dag.py:3239} INFO - Sync 1 DAGs
[2026-08-09T16:28:57.050+0000] {logging_mixin.py:190} INFO - [2026-08-09T16:28:57.050+0000] {dag.py:4180} INFO - Setting next_dagrun for example_weekday_branch_operator to 2026-08-08 00:00:00+00:00, run_after=2026-08-09 00:00:00+00:00
[2026-08-09T16:28:57.074+0000] {processor.py:208} INFO - Processing /home/airflow/.local/lib/python3.12/site-packages/airflow/example_dags/example_branch_day_of_week_operator.py took 0.106 seconds
[2026-08-09T16:29:27.203+0000] {processor.py:186} INFO - Started process (PID=20765) to work on /home/airflow/.local/lib/python3.12/site-packages/airflow/example_dags/example_branch_day_of_week_operator.py
[2026-08-09T16:29:27.204+0000] {processor.py:914} INFO - Processing file /home/airflow/.local/lib/python3.12/site-packages/airflow/example_dags/example_branch_day_of_week_operator.py for tasks to queue
[2026-08-09T16:29:27.207+0000] {logging_mixin.py:190} INFO - [2026-08-09T16:29:27.207+0000] {dagbag.py:588} INFO - Filling up the DagBag from /home/airflow/.local/lib/python3.12/site-packages/airflow/example_dags/example_branch_day_of_week_operator.py
[2026-08-09T16:29:27.218+0000] {processor.py:925} INFO - DAG(s) 'example_weekday_branch_operator' retrieved from /home/airflow/.local/lib/python3.12/site-packages/airflow/example_dags/example_branch_day_of_week_operator.py
[2026-08-09T16:29:27.238+0000] {logging_mixin.py:190} INFO - [2026-08-09T16:29:27.238+0000] {dag.py:3239} INFO - Sync 1 DAGs
[2026-08-09T16:29:27.264+0000] {logging_mixin.py:190} INFO - [2026-08-09T16:29:27.263+0000] {dag.py:4180} INFO - Setting next_dagrun for example_weekday_branch_operator to 2026-08-08 00:00:00+00:00, run_after=2026-08-09 00:00:00+00:00
[2026-08-09T16:29:27.283+0000] {processor.py:208} INFO - Processing /home/airflow/.local/lib/python3.12/site-packages/airflow/example_dags/example_branch_day_of_week_operator.py took 0.086 seconds
[2026-08-09T16:29:57.381+0000] {processor.py:186} INFO - Started process (PID=20830) to work on /home/airflow/.local/lib/python3.12/site-packages/airflow/example_dags/example_branch_day_of_week_operator.py
[2026-08-09T16:29:57.382+0000] {processor.py:914} INFO - Processing file /home/airflow/.local/lib/python3.12/site-packages/airflow/example_dags/example_branch_day_of_week_operator.py for tasks to queue
[2026-08-09T16:29:57.385+0000] {logging_mixin.py:190} INFO - [2026-08-09T16:29:57.385+0000] {dagbag.py:588} INFO - Filling up the DagBag from /home/airflow/.local/lib/python3.12/site-packages/airflow/example_dags/example_branch_day_of_week_operator.py
[2026-08-09T16:29:57.396+0000] {processor.py:925} INFO - DAG(s) 'example_weekday_branch_operator' retrieved from /home/airflow/.local/lib/python3.12/site-packages/airflow/example_dags/example_branch_day_of_week_operator.py
[2026-08-09T16:29:57.418+0000] {logging_mixin.py:190} INFO - [2026-08-09T16:29:57.418+0000] {dag.py:3239} INFO - Sync 1 DAGs
[2026-08-09T16:29:57.445+0000] {logging_mixin.py:190} INFO - [2026-08-09T16:29:57.445+0000] {dag.py:4180} INFO - Setting next_dagrun for example_weekday_branch_operator to 2026-08-08 00:00:00+00:00, run_after=2026-08-09 00:00:00+00:00
[2026-08-09T16:29:57.466+0000] {processor.py:208} INFO - Processing /home/airflow/.local/lib/python3.12/site-packages/airflow/example_dags/example_branch_day_of_week_operator.py took 0.091 seconds
[2026-08-09T16:30:27.853+0000] {processor.py:186} INFO - Started process (PID=20895) to work on /home/airflow/.local/lib/python3.12/site-packages/airflow/example_dags/example_branch_day_of_week_operator.py
[2026-08-09T16:30:27.854+0000] {processor.py:914} INFO - Processing file /home/airflow/.local/lib/python3.12/site-packages/airflow/example_dags/example_branch_day_of_week_operator.py for tasks to queue
[2026-08-09T16:30:27.858+0000] {logging_mixin.py:190} INFO - [2026-08-09T16:30:27.858+0000] {dagbag.py:588} INFO - Filling up the DagBag from /home/airflow/.local/lib/python3.12/site-packages/airflow/example_dags/example_branch_day_of_week_operator.py
[2026-08-09T16:30:27.871+0000] {processor.py:925} INFO - DAG(s) 'example_weekday_branch_operator' retrieved from /home/airflow/.local/lib/python3.12/site-packages/airflow/example_dags/example_branch_day_of_week_operator.py
[2026-08-09T16:30:27.893+0000] {logging_mixin.py:190} INFO - [2026-08-09T16:30:27.893+0000] {dag.py:3239} INFO - Sync 1 DAGs
[2026-08-09T16:30:27.921+0000] {logging_mixin.py:190} INFO - [2026-08-09T16:30:27.921+0000] {dag.py:4180} INFO - Setting next_dagrun for example_weekday_branch_operator to 2026-08-08 00:00:00+00:00, run_after=2026-08-09 00:00:00+00:00
[2026-08-09T16:30:27.942+0000] {processor.py:208} INFO - Processing /home/airflow/.local/lib/python3.12/site-packages/airflow/example_dags/example_branch_day_of_week_operator.py took 0.096 seconds
[2026-08-09T16:30:58.312+0000] {processor.py:186} INFO - Started process (PID=20960) to work on /home/airflow/.local/lib/python3.12/site-packages/airflow/example_dags/example_branch_day_of_week_operator.py
[2026-08-09T16:30:58.313+0000] {processor.py:914} INFO - Processing file /home/airflow/.local/lib/python3.12/site-packages/airflow/example_dags/example_branch_day_of_week_operator.py for tasks to queue
[2026-08-09T16:30:58.317+0000] {logging_mixin.py:190} INFO - [2026-08-09T16:30:58.316+0000] {dagbag.py:588} INFO - Filling up the DagBag from /home/airflow/.local/lib/python3.12/site-packages/airflow/example_dags/example_branch_day_of_week_operator.py
[2026-08-09T16:30:58.329+0000] {processor.py:925} INFO - DAG(s) 'example_weekday_branch_operator' retrieved from /home/airflow/.local/lib/python3.12/site-packages/airflow/example_dags/example_branch_day_of_week_operator.py
[2026-08-09T16:30:58.352+0000] {logging_mixin.py:190} INFO - [2026-08-09T16:30:58.352+0000] {dag.py:3239} INFO - Sync 1 DAGs
[2026-08-09T16:30:58.382+0000] {logging_mixin.py:190} INFO - [2026-08-09T16:30:58.381+0000] {dag.py:4180} INFO - Setting next_dagrun for example_weekday_branch_operator to 2026-08-08 00:00:00+00:00, run_after=2026-08-09 00:00:00+00:00
[2026-08-09T16:30:58.402+0000] {processor.py:208} INFO - Processing /home/airflow/.local/lib/python3.12/site-packages/airflow/example_dags/example_branch_day_of_week_operator.py took 0.096 seconds
[2026-08-09T16:31:28.546+0000] {processor.py:186} INFO - Started process (PID=21025) to work on /home/airflow/.local/lib/python3.12/site-packages/airflow/example_dags/example_branch_day_of_week_operator.py
[2026-08-09T16:31:28.548+0000] {processor.py:914} INFO - Processing file /home/airflow/.local/lib/python3.12/site-packages/airflow/example_dags/example_branch_day_of_week_operator.py for tasks to queue
[2026-08-09T16:31:28.552+0000] {logging_mixin.py:190} INFO - [2026-08-09T16:31:28.551+0000] {dagbag.py:588} INFO - Filling up the DagBag from /home/airflow/.local/lib/python3.12/site-packages/airflow/example_dags/example_branch_day_of_week_operator.py
[2026-08-09T16:31:28.564+0000] {processor.py:925} INFO - DAG(s) 'example_weekday_branch_operator' retrieved from /home/airflow/.local/lib/python3.12/site-packages/airflow/example_dags/example_branch_day_of_week_operator.py
[2026-08-09T16:31:28.586+0000] {logging_mixin.py:190} INFO - [2026-08-09T16:31:28.586+0000] {dag.py:3239} INFO - Sync 1 DAGs
[2026-08-09T16:31:28.614+0000] {logging_mixin.py:190} INFO - [2026-08-09T16:31:28.614+0000] {dag.py:4180} INFO - Setting next_dagrun for example_weekday_branch_operator to 2026-08-08 00:00:00+00:00, run_after=2026-08-09 00:00:00+00:00
[2026-08-09T16:31:28.635+0000] {processor.py:208} INFO - Processing /home/airflow/.local/lib/python3.12/site-packages/airflow/example_dags/example_branch_day_of_week_operator.py took 0.096 seconds
[2026-08-09T16:31:58.950+0000] {processor.py:186} INFO - Started process (PID=21090) to work on /home/airflow/.local/lib/python3.12/site-packages/airflow/example_dags/example_branch_day_of_week_operator.py
[2026-08-09T16:31:58.951+0000] {processor.py:914} INFO - Processing file /home/airflow/.local/lib/python3.12/site-packages/airflow/example_dags/example_branch_day_of_week_operator.py for tasks to queue
[2026-08-09T16:31:58.954+0000] {logging_mixin.py:190} INFO - [2026-08-09T16:31:58.954+0000] {dagbag.py:588} INFO - Filling up the DagBag from /home/airflow/.local/lib/python3.12/site-packages/airflow/example_dags/example_branch_day_of_week_operator.py
[2026-08-09T16:31:58.966+0000] {processor.py:925} INFO - DAG(s) 'example_weekday_branch_operator' retrieved from /home/airflow/.local/lib/python3.12/site-packages/airflow/example_dags/example_branch_day_of_week_operator.py
[2026-08-09T16:31:58.988+0000] {logging_mixin.py:190} INFO - [2026-08-09T16:31:58.988+0000] {dag.py:3239} INFO - Sync 1 DAGs
[2026-08-09T16:31:59.014+0000] {logging_mixin.py:190} INFO - [2026-08-09T16:31:59.013+0000] {dag.py:4180} INFO - Setting next_dagrun for example_weekday_branch_operator to 2026-08-08 00:00:00+00:00, run_after=2026-08-09 00:00:00+00:00
[2026-08-09T16:31:59.034+0000] {processor.py:208} INFO - Processing /home/airflow/.local/lib/python3.12/site-packages/airflow/example_dags/example_branch_day_of_week_operator.py took 0.091 seconds
[2026-08-09T16:32:29.259+0000] {processor.py:186} INFO - Started process (PID=21155) to work on /home/airflow/.local/lib/python3.12/site-packages/airflow/example_dags/example_branch_day_of_week_operator.py
[2026-08-09T16:32:29.262+0000] {processor.py:914} INFO - Processing file /home/airflow/.local/lib/python3.12/site-packages/airflow/example_dags/example_branch_day_of_week_operator.py for tasks to queue
[2026-08-09T16:32:29.266+0000] {logging_mixin.py:190} INFO - [2026-08-09T16:32:29.265+0000] {dagbag.py:588} INFO - Filling up the DagBag from /home/airflow/.local/lib/python3.12/site-packages/airflow/example_dags/example_branch_day_of_week_operator.py
[2026-08-09T16:32:29.277+0000] {processor.py:925} INFO - DAG(s) 'example_weekday_branch_operator' retrieved from /home/airflow/.local/lib/python3.12/site-packages/airflow/example_dags/example_branch_day_of_week_operator.py
[2026-08-09T16:32:29.297+0000] {logging_mixin.py:190} INFO - [2026-08-09T16:32:29.296+0000] {dag.py:3239} INFO - Sync 1 DAGs
[2026-08-09T16:32:29.325+0000] {logging_mixin.py:190} INFO - [2026-08-09T16:32:29.324+0000] {dag.py:4180} INFO - Setting next_dagrun for example_weekday_branch_operator to 2026-08-08 00:00:00+00:00, run_after=2026-08-09 00:00:00+00:00
[2026-08-09T16:32:29.344+0000] {processor.py:208} INFO - Processing /home/airflow/.local/lib/python3.12/site-packages/airflow/example_dags/example_branch_day_of_week_operator.py took 0.091 seconds
[2026-08-09T16:33:00.420+0000] {processor.py:186} INFO - Started process (PID=21220) to work on /home/airflow/.local/lib/python3.12/site-packages/airflow/example_dags/example_branch_day_of_week_operator.py
[2026-08-09T16:33:00.421+0000] {processor.py:914} INFO - Processing file /home/airflow/.local/lib/python3.12/site-packages/airflow/example_dags/example_branch_day_of_week_operator.py for tasks to queue
[2026-08-09T16:33:00.425+0000] {logging_mixin.py:190} INFO - [2026-08-09T16:33:00.425+0000] {dagbag.py:588} INFO - Filling up the DagBag from /home/airflow/.local/lib/python3.12/site-packages/airflow/example_dags/example_branch_day_of_week_operator.py
[2026-08-09T16:33:00.438+0000] {processor.py:925} INFO - DAG(s) 'example_weekday_branch_operator' retrieved from /home/airflow/.local/lib/python3.12/site-packages/airflow/example_dags/example_branch_day_of_week_operator.py
[2026-08-09T16:33:00.464+0000] {logging_mixin.py:190} INFO - [2026-08-09T16:33:00.464+0000] {dag.py:3239} INFO - Sync 1 DAGs
[2026-08-09T16:33:00.494+0000] {logging_mixin.py:190} INFO - [2026-08-09T16:33:00.494+0000] {dag.py:4180} INFO - Setting next_dagrun for example_weekday_branch_operator to 2026-08-08 00:00:00+00:00, run_after=2026-08-09 00:00:00+00:00
[2026-08-09T16:33:00.518+0000] {processor.py:208} INFO - Processing /home/airflow/.local/lib/python3.12/site-packages/airflow/example_dags/example_branch_day_of_week_operator.py took 0.107 seconds
[2026-08-09T16:33:31.459+0000] {processor.py:186} INFO - Started process (PID=21285) to work on /home/airflow/.local/lib/python3.12/site-packages/airflow/example_dags/example_branch_day_of_week_operator.py
[2026-08-09T16:33:31.461+0000] {processor.py:914} INFO - Processing file /home/airflow/.local/lib/python3.12/site-packages/airflow/example_dags/example_branch_day_of_week_operator.py for tasks to queue
[2026-08-09T16:33:31.464+0000] {logging_mixin.py:190} INFO - [2026-08-09T16:33:31.463+0000] {dagbag.py:588} INFO - Filling up the DagBag from /home/airflow/.local/lib/python3.12/site-packages/airflow/example_dags/example_branch_day_of_week_operator.py
[2026-08-09T16:33:31.474+0000] {processor.py:925} INFO - DAG(s) 'example_weekday_branch_operator' retrieved from /home/airflow/.local/lib/python3.12/site-packages/airflow/example_dags/example_branch_day_of_week_operator.py
[2026-08-09T16:33:31.497+0000] {logging_mixin.py:190} INFO - [2026-08-09T16:33:31.497+0000] {dag.py:3239} INFO - Sync 1 DAGs
[2026-08-09T16:33:31.525+0000] {logging_mixin.py:190} INFO - [2026-08-09T16:33:31.524+0000] {dag.py:4180} INFO - Setting next_dagrun for example_weekday_branch_operator to 2026-08-08 00:00:00+00:00, run_after=2026-08-09 00:00:00+00:00
[2026-08-09T16:33:31.548+0000] {processor.py:208} INFO - Processing /home/airflow/.local/lib/python3.12/site-packages/airflow/example_dags/example_branch_day_of_week_operator.py took 0.095 seconds
[2026-08-09T16:34:02.755+0000] {processor.py:186} INFO - Started process (PID=21352) to work on /home/airflow/.local/lib/python3.12/site-packages/airflow/example_dags/example_branch_day_of_week_operator.py
[2026-08-09T16:34:02.756+0000] {processor.py:914} INFO - Processing file /home/airflow/.local/lib/python3.12/site-packages/airflow/example_dags/example_branch_day_of_week_operator.py for tasks to queue
[2026-08-09T16:34:02.759+0000] {logging_mixin.py:190} INFO - [2026-08-09T16:34:02.759+0000] {dagbag.py:588} INFO - Filling up the DagBag from /home/airflow/.local/lib/python3.12/site-packages/airflow/example_dags/example_branch_day_of_week_operator.py
[2026-08-09T16:34:02.770+0000] {processor.py:925} INFO - DAG(s) 'example_weekday_branch_operator' retrieved from /home/airflow/.local/lib/python3.12/site-packages/airflow/example_dags/example_branch_day_of_week_operator.py
[2026-08-09T16:34:02.793+0000] {logging_mixin.py:190} INFO - [2026-08-09T16:34:02.793+0000] {dag.py:3239} INFO - Sync 1 DAGs
[2026-08-09T16:34:02.822+0000] {logging_mixin.py:190} INFO - [2026-08-09T16:34:02.822+0000] {dag.py:4180} INFO - Setting next_dagrun for example_weekday_branch_operator to 2026-08-08 00:00:00+00:00, run_after=2026-08-09 00:00:00+00:00
[2026-08-09T16:34:02.846+0000] {processor.py:208} INFO - Processing /home/airflow/.local/lib/python3.12/site-packages/airflow/example_dags/example_branch_day_of_week_operator.py took 0.098 seconds
[2026-08-09T16:34:33.023+0000] {processor.py:186} INFO - Started process (PID=21418) to work on /home/airflow/.local/lib/python3.12/site-packages/airflow/example_dags/example_branch_day_of_week_operator.py
[2026-08-09T16:34:33.025+0000] {processor.py:914} INFO - Processing file /home/airflow/.local/lib/python3.12/site-packages/airflow/example_dags/example_branch_day_of_week_operator.py for tasks to queue
[2026-08-09T16:34:33.028+0000] {logging_mixin.py:190} INFO - [2026-08-09T16:34:33.027+0000] {dagbag.py:588} INFO - Filling up the DagBag from /home/airflow/.local/lib/python3.12/site-packages/airflow/example_dags/example_branch_day_of_week_operator.py
[2026-08-09T16:34:33.038+0000] {processor.py:925} INFO - DAG(s) 'example_weekday_branch_operator' retrieved from /home/airflow/.local/lib/python3.12/site-packages/airflow/example_dags/example_branch_day_of_week_operator.py
[2026-08-09T16:34:33.060+0000] {logging_mixin.py:190} INFO - [2026-08-09T16:34:33.060+0000] {dag.py:3239} INFO - Sync 1 DAGs
[2026-08-09T16:34:33.093+0000] {logging_mixin.py:190} INFO - [2026-08-09T16:34:33.092+0000] {dag.py:4180} INFO - Setting next_dagrun for example_weekday_branch_operator to 2026-08-08 00:00:00+00:00, run_after=2026-08-09 00:00:00+00:00
[2026-08-09T16:34:33.113+0000] {processor.py:208} INFO - Processing /home/airflow/.local/lib/python3.12/site-packages/airflow/example_dags/example_branch_day_of_week_operator.py took 0.096 seconds
[2026-08-09T16:35:03.494+0000] {processor.py:186} INFO - Started process (PID=21485) to work on /home/airflow/.local/lib/python3.12/site-packages/airflow/example_dags/example_branch_day_of_week_operator.py
[2026-08-09T16:35:03.496+0000] {processor.py:914} INFO - Processing file /home/airflow/.local/lib/python3.12/site-packages/airflow/example_dags/example_branch_day_of_week_operator.py for tasks to queue
[2026-08-09T16:35:03.499+0000] {logging_mixin.py:190} INFO - [2026-08-09T16:35:03.499+0000] {dagbag.py:588} INFO - Filling up the DagBag from /home/airflow/.local/lib/python3.12/site-packages/airflow/example_dags/example_branch_day_of_week_operator.py
[2026-08-09T16:35:03.511+0000] {processor.py:925} INFO - DAG(s) 'example_weekday_branch_operator' retrieved from /home/airflow/.local/lib/python3.12/site-packages/airflow/example_dags/example_branch_day_of_week_operator.py
[2026-08-09T16:35:03.535+0000] {logging_mixin.py:190} INFO - [2026-08-09T16:35:03.535+0000] {dag.py:3239} INFO - Sync 1 DAGs
[2026-08-09T16:35:03.564+0000] {logging_mixin.py:190} INFO - [2026-08-09T16:35:03.563+0000] {dag.py:4180} INFO - Setting next_dagrun for example_weekday_branch_operator to 2026-08-08 00:00:00+00:00, run_after=2026-08-09 00:00:00+00:00
[2026-08-09T16:35:03.584+0000] {processor.py:208} INFO - Processing /home/airflow/.local/lib/python3.12/site-packages/airflow/example_dags/example_branch_day_of_week_operator.py took 0.097 seconds
[2026-08-09T16:35:33.794+0000] {processor.py:186} INFO - Started process (PID=21550) to work on /home/airflow/.local/lib/python3.12/site-packages/airflow/example_dags/example_branch_day_of_week_operator.py
[2026-08-09T16:35:33.795+0000] {processor.py:914} INFO - Processing file /home/airflow/.local/lib/python3.12/site-packages/airflow/example_dags/example_branch_day_of_week_operator.py for tasks to queue
[2026-08-09T16:35:33.799+0000] {logging_mixin.py:190} INFO - [2026-08-09T16:35:33.798+0000] {dagbag.py:588} INFO - Filling up the DagBag from /home/airflow/.local/lib/python3.12/site-packages/airflow/example_dags/example_branch_day_of_week_operator.py
[2026-08-09T16:35:33.810+0000] {processor.py:925} INFO - DAG(s) 'example_weekday_branch_operator' retrieved from /home/airflow/.local/lib/python3.12/site-packages/airflow/example_dags/example_branch_day_of_week_operator.py
[2026-08-09T16:35:33.831+0000] {logging_mixin.py:190} INFO - [2026-08-09T16:35:33.830+0000] {dag.py:3239} INFO - Sync 1 DAGs
[2026-08-09T16:35:33.856+0000] {logging_mixin.py:190} INFO - [2026-08-09T16:35:33.856+0000] {dag.py:4180} INFO - Setting next_dagrun for example_weekday_branch_operator to 2026-08-08 00:00:00+00:00, run_after=2026-08-09 00:00:00+00:00
[2026-08-09T16:35:33.876+0000] {processor.py:208} INFO - Processing /home/airflow/.local/lib/python3.12/site-packages/airflow/example_dags/example_branch_day_of_week_operator.py took 0.090 seconds
[2026-08-09T16:36:04.570+0000] {processor.py:186} INFO - Started process (PID=21615) to work on /home/airflow/.local/lib/python3.12/site-packages/airflow/example_dags/example_branch_day_of_week_operator.py
[2026-08-09T16:36:04.572+0000] {processor.py:914} INFO - Processing file /home/airflow/.local/lib/python3.12/site-packages/airflow/example_dags/example_branch_day_of_week_operator.py for tasks to queue
[2026-08-09T16:36:04.576+0000] {logging_mixin.py:190} INFO - [2026-08-09T16:36:04.576+0000] {dagbag.py:588} INFO - Filling up the DagBag from /home/airflow/.local/lib/python3.12/site-packages/airflow/example_dags/example_branch_day_of_week_operator.py
[2026-08-09T16:36:04.596+0000] {processor.py:925} INFO - DAG(s) 'example_weekday_branch_operator' retrieved from /home/airflow/.local/lib/python3.12/site-packages/airflow/example_dags/example_branch_day_of_week_operator.py
[2026-08-09T16:36:04.624+0000] {logging_mixin.py:190} INFO - [2026-08-09T16:36:04.623+0000] {dag.py:3239} INFO - Sync 1 DAGs
[2026-08-09T16:36:04.654+0000] {logging_mixin.py:190} INFO - [2026-08-09T16:36:04.654+0000] {dag.py:4180} INFO - Setting next_dagrun for example_weekday_branch_operator to 2026-08-08 00:00:00+00:00, run_after=2026-08-09 00:00:00+00:00
[2026-08-09T16:36:04.678+0000] {processor.py:208} INFO - Processing /home/airflow/.local/lib/python3.12/site-packages/airflow/example_dags/example_branch_day_of_week_operator.py took 0.114 seconds
[2026-08-09T16:36:36.348+0000] {processor.py:186} INFO - Started process (PID=21680) to work on /home/airflow/.local/lib/python3.12/site-packages/airflow/example_dags/example_branch_day_of_week_operator.py
[2026-08-09T16:36:36.349+0000] {processor.py:914} INFO - Processing file /home/airflow/.local/lib/python3.12/site-packages/airflow/example_dags/example_branch_day_of_week_operator.py for tasks to queue
[2026-08-09T16:36:36.353+0000] {logging_mixin.py:190} INFO - [2026-08-09T16:36:36.352+0000] {dagbag.py:588} INFO - Filling up the DagBag from /home/airflow/.local/lib/python3.12/site-packages/airflow/example_dags/example_branch_day_of_week_operator.py
[2026-08-09T16:36:36.364+0000] {processor.py:925} INFO - DAG(s) 'example_weekday_branch_operator' retrieved from /home/airflow/.local/lib/python3.12/site-packages/airflow/example_dags/example_branch_day_of_week_operator.py
[2026-08-09T16:36:36.387+0000] {logging_mixin.py:190} INFO - [2026-08-09T16:36:36.387+0000] {dag.py:3239} INFO - Sync 1 DAGs
[2026-08-09T16:36:36.618+0000] {logging_mixin.py:190} INFO - [2026-08-09T16:36:36.618+0000] {dag.py:4180} INFO - Setting next_dagrun for example_weekday_branch_operator to 2026-08-08 00:00:00+00:00, run_after=2026-08-09 00:00:00+00:00
[2026-08-09T16:36:36.637+0000] {processor.py:208} INFO - Processing /home/airflow/.local/lib/python3.12/site-packages/airflow/example_dags/example_branch_day_of_week_operator.py took 0.296 seconds
[2026-08-09T16:37:07.230+0000] {processor.py:186} INFO - Started process (PID=21745) to work on /home/airflow/.local/lib/python3.12/site-packages/airflow/example_dags/example_branch_day_of_week_operator.py
[2026-08-09T16:37:07.231+0000] {processor.py:914} INFO - Processing file /home/airflow/.local/lib/python3.12/site-packages/airflow/example_dags/example_branch_day_of_week_operator.py for tasks to queue
[2026-08-09T16:37:07.234+0000] {logging_mixin.py:190} INFO - [2026-08-09T16:37:07.233+0000] {dagbag.py:588} INFO - Filling up the DagBag from /home/airflow/.local/lib/python3.12/site-packages/airflow/example_dags/example_branch_day_of_week_operator.py
[2026-08-09T16:37:07.244+0000] {processor.py:925} INFO - DAG(s) 'example_weekday_branch_operator' retrieved from /home/airflow/.local/lib/python3.12/site-packages/airflow/example_dags/example_branch_day_of_week_operator.py
[2026-08-09T16:37:07.266+0000] {logging_mixin.py:190} INFO - [2026-08-09T16:37:07.266+0000] {dag.py:3239} INFO - Sync 1 DAGs
[2026-08-09T16:37:07.457+0000] {logging_mixin.py:190} INFO - [2026-08-09T16:37:07.457+0000] {dag.py:4180} INFO - Setting next_dagrun for example_weekday_branch_operator to 2026-08-08 00:00:00+00:00, run_after=2026-08-09 00:00:00+00:00
[2026-08-09T16:37:07.477+0000] {processor.py:208} INFO - Processing /home/airflow/.local/lib/python3.12/site-packages/airflow/example_dags/example_branch_day_of_week_operator.py took 0.253 seconds
[2026-08-09T16:37:38.369+0000] {processor.py:186} INFO - Started process (PID=21810) to work on /home/airflow/.local/lib/python3.12/site-packages/airflow/example_dags/example_branch_day_of_week_operator.py
[2026-08-09T16:37:38.371+0000] {processor.py:914} INFO - Processing file /home/airflow/.local/lib/python3.12/site-packages/airflow/example_dags/example_branch_day_of_week_operator.py for tasks to queue
[2026-08-09T16:37:38.374+0000] {logging_mixin.py:190} INFO - [2026-08-09T16:37:38.374+0000] {dagbag.py:588} INFO - Filling up the DagBag from /home/airflow/.local/lib/python3.12/site-packages/airflow/example_dags/example_branch_day_of_week_operator.py
[2026-08-09T16:37:38.388+0000] {processor.py:925} INFO - DAG(s) 'example_weekday_branch_operator' retrieved from /home/airflow/.local/lib/python3.12/site-packages/airflow/example_dags/example_branch_day_of_week_operator.py
[2026-08-09T16:37:38.412+0000] {logging_mixin.py:190} INFO - [2026-08-09T16:37:38.412+0000] {dag.py:3239} INFO - Sync 1 DAGs
[2026-08-09T16:37:38.445+0000] {logging_mixin.py:190} INFO - [2026-08-09T16:37:38.445+0000] {dag.py:4180} INFO - Setting next_dagrun for example_weekday_branch_operator to 2026-08-08 00:00:00+00:00, run_after=2026-08-09 00:00:00+00:00
[2026-08-09T16:37:38.467+0000] {processor.py:208} INFO - Processing /home/airflow/.local/lib/python3.12/site-packages/airflow/example_dags/example_branch_day_of_week_operator.py took 0.106 seconds
[2026-08-09T16:38:08.765+0000] {processor.py:186} INFO - Started process (PID=21875) to work on /home/airflow/.local/lib/python3.12/site-packages/airflow/example_dags/example_branch_day_of_week_operator.py
[2026-08-09T16:38:08.766+0000] {processor.py:914} INFO - Processing file /home/airflow/.local/lib/python3.12/site-packages/airflow/example_dags/example_branch_day_of_week_operator.py for tasks to queue
[2026-08-09T16:38:08.769+0000] {logging_mixin.py:190} INFO - [2026-08-09T16:38:08.769+0000] {dagbag.py:588} INFO - Filling up the DagBag from /home/airflow/.local/lib/python3.12/site-packages/airflow/example_dags/example_branch_day_of_week_operator.py
[2026-08-09T16:38:08.783+0000] {processor.py:925} INFO - DAG(s) 'example_weekday_branch_operator' retrieved from /home/airflow/.local/lib/python3.12/site-packages/airflow/example_dags/example_branch_day_of_week_operator.py
[2026-08-09T16:38:08.812+0000] {logging_mixin.py:190} INFO - [2026-08-09T16:38:08.811+0000] {dag.py:3239} INFO - Sync 1 DAGs
[2026-08-09T16:38:08.848+0000] {logging_mixin.py:190} INFO - [2026-08-09T16:38:08.847+0000] {dag.py:4180} INFO - Setting next_dagrun for example_weekday_branch_operator to 2026-08-08 00:00:00+00:00, run_after=2026-08-09 00:00:00+00:00
[2026-08-09T16:38:08.879+0000] {processor.py:208} INFO - Processing /home/airflow/.local/lib/python3.12/site-packages/airflow/example_dags/example_branch_day_of_week_operator.py took 0.121 seconds
[2026-08-09T16:38:39.194+0000] {processor.py:186} INFO - Started process (PID=21940) to work on /home/airflow/.local/lib/python3.12/site-packages/airflow/example_dags/example_branch_day_of_week_operator.py
[2026-08-09T16:38:39.195+0000] {processor.py:914} INFO - Processing file /home/airflow/.local/lib/python3.12/site-packages/airflow/example_dags/example_branch_day_of_week_operator.py for tasks to queue
[2026-08-09T16:38:39.199+0000] {logging_mixin.py:190} INFO - [2026-08-09T16:38:39.199+0000] {dagbag.py:588} INFO - Filling up the DagBag from /home/airflow/.local/lib/python3.12/site-packages/airflow/example_dags/example_branch_day_of_week_operator.py
[2026-08-09T16:38:39.214+0000] {processor.py:925} INFO - DAG(s) 'example_weekday_branch_operator' retrieved from /home/airflow/.local/lib/python3.12/site-packages/airflow/example_dags/example_branch_day_of_week_operator.py
[2026-08-09T16:38:39.241+0000] {logging_mixin.py:190} INFO - [2026-08-09T16:38:39.241+0000] {dag.py:3239} INFO - Sync 1 DAGs
[2026-08-09T16:38:39.269+0000] {logging_mixin.py:190} INFO - [2026-08-09T16:38:39.269+0000] {dag.py:4180} INFO - Setting next_dagrun for example_weekday_branch_operator to 2026-08-08 00:00:00+00:00, run_after=2026-08-09 00:00:00+00:00
[2026-08-09T16:38:39.291+0000] {processor.py:208} INFO - Processing /home/airflow/.local/lib/python3.12/site-packages/airflow/example_dags/example_branch_day_of_week_operator.py took 0.104 seconds
[2026-08-09T16:39:09.413+0000] {processor.py:186} INFO - Started process (PID=22005) to work on /home/airflow/.local/lib/python3.12/site-packages/airflow/example_dags/example_branch_day_of_week_operator.py
[2026-08-09T16:39:09.414+0000] {processor.py:914} INFO - Processing file /home/airflow/.local/lib/python3.12/site-packages/airflow/example_dags/example_branch_day_of_week_operator.py for tasks to queue
[2026-08-09T16:39:09.418+0000] {logging_mixin.py:190} INFO - [2026-08-09T16:39:09.417+0000] {dagbag.py:588} INFO - Filling up the DagBag from /home/airflow/.local/lib/python3.12/site-packages/airflow/example_dags/example_branch_day_of_week_operator.py
[2026-08-09T16:39:09.429+0000] {processor.py:925} INFO - DAG(s) 'example_weekday_branch_operator' retrieved from /home/airflow/.local/lib/python3.12/site-packages/airflow/example_dags/example_branch_day_of_week_operator.py
[2026-08-09T16:39:09.451+0000] {logging_mixin.py:190} INFO - [2026-08-09T16:39:09.450+0000] {dag.py:3239} INFO - Sync 1 DAGs
[2026-08-09T16:39:09.477+0000] {logging_mixin.py:190} INFO - [2026-08-09T16:39:09.476+0000] {dag.py:4180} INFO - Setting next_dagrun for example_weekday_branch_operator to 2026-08-08 00:00:00+00:00, run_after=2026-08-09 00:00:00+00:00
[2026-08-09T16:39:09.497+0000] {processor.py:208} INFO - Processing /home/airflow/.local/lib/python3.12/site-packages/airflow/example_dags/example_branch_day_of_week_operator.py took 0.090 seconds
[2026-08-09T16:39:39.948+0000] {processor.py:186} INFO - Started process (PID=22070) to work on /home/airflow/.local/lib/python3.12/site-packages/airflow/example_dags/example_branch_day_of_week_operator.py
[2026-08-09T16:39:39.950+0000] {processor.py:914} INFO - Processing file /home/airflow/.local/lib/python3.12/site-packages/airflow/example_dags/example_branch_day_of_week_operator.py for tasks to queue
[2026-08-09T16:39:39.953+0000] {logging_mixin.py:190} INFO - [2026-08-09T16:39:39.952+0000] {dagbag.py:588} INFO - Filling up the DagBag from /home/airflow/.local/lib/python3.12/site-packages/airflow/example_dags/example_branch_day_of_week_operator.py
[2026-08-09T16:39:39.964+0000] {processor.py:925} INFO - DAG(s) 'example_weekday_branch_operator' retrieved from /home/airflow/.local/lib/python3.12/site-packages/airflow/example_dags/example_branch_day_of_week_operator.py
[2026-08-09T16:39:39.992+0000] {logging_mixin.py:190} INFO - [2026-08-09T16:39:39.992+0000] {dag.py:3239} INFO - Sync 1 DAGs
[2026-08-09T16:39:40.021+0000] {logging_mixin.py:190} INFO - [2026-08-09T16:39:40.021+0000] {dag.py:4180} INFO - Setting next_dagrun for example_weekday_branch_operator to 2026-08-08 00:00:00+00:00, run_after=2026-08-09 00:00:00+00:00
[2026-08-09T16:39:40.043+0000] {processor.py:208} INFO - Processing /home/airflow/.local/lib/python3.12/site-packages/airflow/example_dags/example_branch_day_of_week_operator.py took 0.102 seconds
[2026-08-09T16:40:10.511+0000] {processor.py:186} INFO - Started process (PID=22135) to work on /home/airflow/.local/lib/python3.12/site-packages/airflow/example_dags/example_branch_day_of_week_operator.py
[2026-08-09T16:40:10.512+0000] {processor.py:914} INFO - Processing file /home/airflow/.local/lib/python3.12/site-packages/airflow/example_dags/example_branch_day_of_week_operator.py for tasks to queue
[2026-08-09T16:40:10.517+0000] {logging_mixin.py:190} INFO - [2026-08-09T16:40:10.517+0000] {dagbag.py:588} INFO - Filling up the DagBag from /home/airflow/.local/lib/python3.12/site-packages/airflow/example_dags/example_branch_day_of_week_operator.py
[2026-08-09T16:40:10.533+0000] {processor.py:925} INFO - DAG(s) 'example_weekday_branch_operator' retrieved from /home/airflow/.local/lib/python3.12/site-packages/airflow/example_dags/example_branch_day_of_week_operator.py
[2026-08-09T16:40:10.561+0000] {logging_mixin.py:190} INFO - [2026-08-09T16:40:10.561+0000] {dag.py:3239} INFO - Sync 1 DAGs
[2026-08-09T16:40:10.596+0000] {logging_mixin.py:190} INFO - [2026-08-09T16:40:10.596+0000] {dag.py:4180} INFO - Setting next_dagrun for example_weekday_branch_operator to 2026-08-08 00:00:00+00:00, run_after=2026-08-09 00:00:00+00:00
[2026-08-09T16:40:10.620+0000] {processor.py:208} INFO - Processing /home/airflow/.local/lib/python3.12/site-packages/airflow/example_dags/example_branch_day_of_week_operator.py took 0.117 seconds
[2026-08-09T16:40:41.433+0000] {processor.py:186} INFO - Started process (PID=22200) to work on /home/airflow/.local/lib/python3.12/site-packages/airflow/example_dags/example_branch_day_of_week_operator.py
[2026-08-09T16:40:41.435+0000] {processor.py:914} INFO - Processing file /home/airflow/.local/lib/python3.12/site-packages/airflow/example_dags/example_branch_day_of_week_operator.py for tasks to queue
[2026-08-09T16:40:41.438+0000] {logging_mixin.py:190} INFO - [2026-08-09T16:40:41.437+0000] {dagbag.py:588} INFO - Filling up the DagBag from /home/airflow/.local/lib/python3.12/site-packages/airflow/example_dags/example_branch_day_of_week_operator.py
[2026-08-09T16:40:41.448+0000] {processor.py:925} INFO - DAG(s) 'example_weekday_branch_operator' retrieved from /home/airflow/.local/lib/python3.12/site-packages/airflow/example_dags/example_branch_day_of_week_operator.py
[2026-08-09T16:40:41.468+0000] {logging_mixin.py:190} INFO - [2026-08-09T16:40:41.468+0000] {dag.py:3239} INFO - Sync 1 DAGs
[2026-08-09T16:40:41.495+0000] {logging_mixin.py:190} INFO - [2026-08-09T16:40:41.494+0000] {dag.py:4180} INFO - Setting next_dagrun for example_weekday_branch_operator to 2026-08-08 00:00:00+00:00, run_after=2026-08-09 00:00:00+00:00
[2026-08-09T16:40:41.517+0000] {processor.py:208} INFO - Processing /home/airflow/.local/lib/python3.12/site-packages/airflow/example_dags/example_branch_day_of_week_operator.py took 0.090 seconds
[2026-08-09T16:41:11.943+0000] {processor.py:186} INFO - Started process (PID=22265) to work on /home/airflow/.local/lib/python3.12/site-packages/airflow/example_dags/example_branch_day_of_week_operator.py
[2026-08-09T16:41:11.945+0000] {processor.py:914} INFO - Processing file /home/airflow/.local/lib/python3.12/site-packages/airflow/example_dags/example_branch_day_of_week_operator.py for tasks to queue
[2026-08-09T16:41:11.948+0000] {logging_mixin.py:190} INFO - [2026-08-09T16:41:11.948+0000] {dagbag.py:588} INFO - Filling up the DagBag from /home/airflow/.local/lib/python3.12/site-packages/airflow/example_dags/example_branch_day_of_week_operator.py
[2026-08-09T16:41:11.963+0000] {processor.py:925} INFO - DAG(s) 'example_weekday_branch_operator' retrieved from /home/airflow/.local/lib/python3.12/site-packages/airflow/example_dags/example_branch_day_of_week_operator.py
[2026-08-09T16:41:11.986+0000] {logging_mixin.py:190} INFO - [2026-08-09T16:41:11.986+0000] {dag.py:3239} INFO - Sync 1 DAGs
[2026-08-09T16:41:12.015+0000] {logging_mixin.py:190} INFO - [2026-08-09T16:41:12.014+0000] {dag.py:4180} INFO - Setting next_dagrun for example_weekday_branch_operator to 2026-08-08 00:00:00+00:00, run_after=2026-08-09 00:00:00+00:00
[2026-08-09T16:41:12.037+0000] {processor.py:208} INFO - Processing /home/airflow/.local/lib/python3.12/site-packages/airflow/example_dags/example_branch_day_of_week_operator.py took 0.102 seconds
[2026-08-09T16:41:42.202+0000] {processor.py:186} INFO - Started process (PID=22330) to work on /home/airflow/.local/lib/python3.12/site-packages/airflow/example_dags/example_branch_day_of_week_operator.py
[2026-08-09T16:41:42.204+0000] {processor.py:914} INFO - Processing file /home/airflow/.local/lib/python3.12/site-packages/airflow/example_dags/example_branch_day_of_week_operator.py for tasks to queue
[2026-08-09T16:41:42.207+0000] {logging_mixin.py:190} INFO - [2026-08-09T16:41:42.207+0000] {dagbag.py:588} INFO - Filling up the DagBag from /home/airflow/.local/lib/python3.12/site-packages/airflow/example_dags/example_branch_day_of_week_operator.py
[2026-08-09T16:41:42.223+0000] {processor.py:925} INFO - DAG(s) 'example_weekday_branch_operator' retrieved from /home/airflow/.local/lib/python3.12/site-packages/airflow/example_dags/example_branch_day_of_week_operator.py
[2026-08-09T16:41:42.244+0000] {logging_mixin.py:190} INFO - [2026-08-09T16:41:42.244+0000] {dag.py:3239} INFO - Sync 1 DAGs
[2026-08-09T16:41:42.272+0000] {logging_mixin.py:190} INFO - [2026-08-09T16:41:42.272+0000] {dag.py:4180} INFO - Setting next_dagrun for example_weekday_branch_operator to 2026-08-08 00:00:00+00:00, run_after=2026-08-09 00:00:00+00:00
[2026-08-09T16:41:42.292+0000] {processor.py:208} INFO - Processing /home/airflow/.local/lib/python3.12/site-packages/airflow/example_dags/example_branch_day_of_week_operator.py took 0.097 seconds
[2026-08-09T16:42:12.512+0000] {processor.py:186} INFO - Started process (PID=22395) to work on /home/airflow/.local/lib/python3.12/site-packages/airflow/example_dags/example_branch_day_of_week_operator.py
[2026-08-09T16:42:12.514+0000] {processor.py:914} INFO - Processing file /home/airflow/.local/lib/python3.12/site-packages/airflow/example_dags/example_branch_day_of_week_operator.py for tasks to queue
[2026-08-09T16:42:12.517+0000] {logging_mixin.py:190} INFO - [2026-08-09T16:42:12.516+0000] {dagbag.py:588} INFO - Filling up the DagBag from /home/airflow/.local/lib/python3.12/site-packages/airflow/example_dags/example_branch_day_of_week_operator.py
[2026-08-09T16:42:12.528+0000] {processor.py:925} INFO - DAG(s) 'example_weekday_branch_operator' retrieved from /home/airflow/.local/lib/python3.12/site-packages/airflow/example_dags/example_branch_day_of_week_operator.py
[2026-08-09T16:42:12.551+0000] {logging_mixin.py:190} INFO - [2026-08-09T16:42:12.551+0000] {dag.py:3239} INFO - Sync 1 DAGs
[2026-08-09T16:42:12.577+0000] {logging_mixin.py:190} INFO - [2026-08-09T16:42:12.577+0000] {dag.py:4180} INFO - Setting next_dagrun for example_weekday_branch_operator to 2026-08-08 00:00:00+00:00, run_after=2026-08-09 00:00:00+00:00
[2026-08-09T16:42:12.599+0000] {processor.py:208} INFO - Processing /home/airflow/.local/lib/python3.12/site-packages/airflow/example_dags/example_branch_day_of_week_operator.py took 0.093 seconds
[2026-08-09T16:42:43.065+0000] {processor.py:186} INFO - Started process (PID=22460) to work on /home/airflow/.local/lib/python3.12/site-packages/airflow/example_dags/example_branch_day_of_week_operator.py
[2026-08-09T16:42:43.066+0000] {processor.py:914} INFO - Processing file /home/airflow/.local/lib/python3.12/site-packages/airflow/example_dags/example_branch_day_of_week_operator.py for tasks to queue
[2026-08-09T16:42:43.069+0000] {logging_mixin.py:190} INFO - [2026-08-09T16:42:43.069+0000] {dagbag.py:588} INFO - Filling up the DagBag from /home/airflow/.local/lib/python3.12/site-packages/airflow/example_dags/example_branch_day_of_week_operator.py
[2026-08-09T16:42:43.080+0000] {processor.py:925} INFO - DAG(s) 'example_weekday_branch_operator' retrieved from /home/airflow/.local/lib/python3.12/site-packages/airflow/example_dags/example_branch_day_of_week_operator.py
[2026-08-09T16:42:43.102+0000] {logging_mixin.py:190} INFO - [2026-08-09T16:42:43.102+0000] {dag.py:3239} INFO - Sync 1 DAGs
[2026-08-09T16:42:43.130+0000] {logging_mixin.py:190} INFO - [2026-08-09T16:42:43.129+0000] {dag.py:4180} INFO - Setting next_dagrun for example_weekday_branch_operator to 2026-08-08 00:00:00+00:00, run_after=2026-08-09 00:00:00+00:00
[2026-08-09T16:42:43.151+0000] {processor.py:208} INFO - Processing /home/airflow/.local/lib/python3.12/site-packages/airflow/example_dags/example_branch_day_of_week_operator.py took 0.092 seconds
[2026-08-09T16:43:13.389+0000] {processor.py:186} INFO - Started process (PID=22525) to work on /home/airflow/.local/lib/python3.12/site-packages/airflow/example_dags/example_branch_day_of_week_operator.py
[2026-08-09T16:43:13.390+0000] {processor.py:914} INFO - Processing file /home/airflow/.local/lib/python3.12/site-packages/airflow/example_dags/example_branch_day_of_week_operator.py for tasks to queue
[2026-08-09T16:43:13.393+0000] {logging_mixin.py:190} INFO - [2026-08-09T16:43:13.393+0000] {dagbag.py:588} INFO - Filling up the DagBag from /home/airflow/.local/lib/python3.12/site-packages/airflow/example_dags/example_branch_day_of_week_operator.py
[2026-08-09T16:43:13.404+0000] {processor.py:925} INFO - DAG(s) 'example_weekday_branch_operator' retrieved from /home/airflow/.local/lib/python3.12/site-packages/airflow/example_dags/example_branch_day_of_week_operator.py
[2026-08-09T16:43:13.427+0000] {logging_mixin.py:190} INFO - [2026-08-09T16:43:13.427+0000] {dag.py:3239} INFO - Sync 1 DAGs
[2026-08-09T16:43:13.454+0000] {logging_mixin.py:190} INFO - [2026-08-09T16:43:13.454+0000] {dag.py:4180} INFO - Setting next_dagrun for example_weekday_branch_operator to 2026-08-08 00:00:00+00:00, run_after=2026-08-09 00:00:00+00:00
[2026-08-09T16:43:13.518+0000] {processor.py:208} INFO - Processing /home/airflow/.local/lib/python3.12/site-packages/airflow/example_dags/example_branch_day_of_week_operator.py took 0.136 seconds
[2026-08-09T16:43:43.914+0000] {processor.py:186} INFO - Started process (PID=22590) to work on /home/airflow/.local/lib/python3.12/site-packages/airflow/example_dags/example_branch_day_of_week_operator.py
[2026-08-09T16:43:43.915+0000] {processor.py:914} INFO - Processing file /home/airflow/.local/lib/python3.12/site-packages/airflow/example_dags/example_branch_day_of_week_operator.py for tasks to queue
[2026-08-09T16:43:43.919+0000] {logging_mixin.py:190} INFO - [2026-08-09T16:43:43.919+0000] {dagbag.py:588} INFO - Filling up the DagBag from /home/airflow/.local/lib/python3.12/site-packages/airflow/example_dags/example_branch_day_of_week_operator.py
[2026-08-09T16:43:43.933+0000] {processor.py:925} INFO - DAG(s) 'example_weekday_branch_operator' retrieved from /home/airflow/.local/lib/python3.12/site-packages/airflow/example_dags/example_branch_day_of_week_operator.py
[2026-08-09T16:43:43.960+0000] {logging_mixin.py:190} INFO - [2026-08-09T16:43:43.959+0000] {dag.py:3239} INFO - Sync 1 DAGs
[2026-08-09T16:43:43.989+0000] {logging_mixin.py:190} INFO - [2026-08-09T16:43:43.989+0000] {dag.py:4180} INFO - Setting next_dagrun for example_weekday_branch_operator to 2026-08-08 00:00:00+00:00, run_after=2026-08-09 00:00:00+00:00
[2026-08-09T16:43:44.013+0000] {processor.py:208} INFO - Processing /home/airflow/.local/lib/python3.12/site-packages/airflow/example_dags/example_branch_day_of_week_operator.py took 0.107 seconds
[2026-08-09T16:44:14.645+0000] {processor.py:186} INFO - Started process (PID=22655) to work on /home/airflow/.local/lib/python3.12/site-packages/airflow/example_dags/example_branch_day_of_week_operator.py
[2026-08-09T16:44:14.647+0000] {processor.py:914} INFO - Processing file /home/airflow/.local/lib/python3.12/site-packages/airflow/example_dags/example_branch_day_of_week_operator.py for tasks to queue
[2026-08-09T16:44:14.651+0000] {logging_mixin.py:190} INFO - [2026-08-09T16:44:14.650+0000] {dagbag.py:588} INFO - Filling up the DagBag from /home/airflow/.local/lib/python3.12/site-packages/airflow/example_dags/example_branch_day_of_week_operator.py
[2026-08-09T16:44:14.664+0000] {processor.py:925} INFO - DAG(s) 'example_weekday_branch_operator' retrieved from /home/airflow/.local/lib/python3.12/site-packages/airflow/example_dags/example_branch_day_of_week_operator.py
[2026-08-09T16:44:14.685+0000] {logging_mixin.py:190} INFO - [2026-08-09T16:44:14.684+0000] {dag.py:3239} INFO - Sync 1 DAGs
[2026-08-09T16:44:14.710+0000] {logging_mixin.py:190} INFO - [2026-08-09T16:44:14.710+0000] {dag.py:4180} INFO - Setting next_dagrun for example_weekday_branch_operator to 2026-08-08 00:00:00+00:00, run_after=2026-08-09 00:00:00+00:00
[2026-08-09T16:44:14.733+0000] {processor.py:208} INFO - Processing /home/airflow/.local/lib/python3.12/site-packages/airflow/example_dags/example_branch_day_of_week_operator.py took 0.096 seconds
[2026-08-09T16:44:44.928+0000] {processor.py:186} INFO - Started process (PID=22721) to work on /home/airflow/.local/lib/python3.12/site-packages/airflow/example_dags/example_branch_day_of_week_operator.py
[2026-08-09T16:44:44.930+0000] {processor.py:914} INFO - Processing file /home/airflow/.local/lib/python3.12/site-packages/airflow/example_dags/example_branch_day_of_week_operator.py for tasks to queue
[2026-08-09T16:44:44.934+0000] {logging_mixin.py:190} INFO - [2026-08-09T16:44:44.933+0000] {dagbag.py:588} INFO - Filling up the DagBag from /home/airflow/.local/lib/python3.12/site-packages/airflow/example_dags/example_branch_day_of_week_operator.py
[2026-08-09T16:44:44.948+0000] {processor.py:925} INFO - DAG(s) 'example_weekday_branch_operator' retrieved from /home/airflow/.local/lib/python3.12/site-packages/airflow/example_dags/example_branch_day_of_week_operator.py
[2026-08-09T16:44:44.970+0000] {logging_mixin.py:190} INFO - [2026-08-09T16:44:44.969+0000] {dag.py:3239} INFO - Sync 1 DAGs
[2026-08-09T16:44:44.996+0000] {logging_mixin.py:190} INFO - [2026-08-09T16:44:44.996+0000] {dag.py:4180} INFO - Setting next_dagrun for example_weekday_branch_operator to 2026-08-08 00:00:00+00:00, run_after=2026-08-09 00:00:00+00:00
[2026-08-09T16:44:45.018+0000] {processor.py:208} INFO - Processing /home/airflow/.local/lib/python3.12/site-packages/airflow/example_dags/example_branch_day_of_week_operator.py took 0.098 seconds
[2026-08-09T16:45:15.252+0000] {processor.py:186} INFO - Started process (PID=22786) to work on /home/airflow/.local/lib/python3.12/site-packages/airflow/example_dags/example_branch_day_of_week_operator.py
[2026-08-09T16:45:15.254+0000] {processor.py:914} INFO - Processing file /home/airflow/.local/lib/python3.12/site-packages/airflow/example_dags/example_branch_day_of_week_operator.py for tasks to queue
[2026-08-09T16:45:15.257+0000] {logging_mixin.py:190} INFO - [2026-08-09T16:45:15.256+0000] {dagbag.py:588} INFO - Filling up the DagBag from /home/airflow/.local/lib/python3.12/site-packages/airflow/example_dags/example_branch_day_of_week_operator.py
[2026-08-09T16:45:15.272+0000] {processor.py:925} INFO - DAG(s) 'example_weekday_branch_operator' retrieved from /home/airflow/.local/lib/python3.12/site-packages/airflow/example_dags/example_branch_day_of_week_operator.py
[2026-08-09T16:45:15.293+0000] {logging_mixin.py:190} INFO - [2026-08-09T16:45:15.293+0000] {dag.py:3239} INFO - Sync 1 DAGs
[2026-08-09T16:45:15.319+0000] {logging_mixin.py:190} INFO - [2026-08-09T16:45:15.319+0000] {dag.py:4180} INFO - Setting next_dagrun for example_weekday_branch_operator to 2026-08-08 00:00:00+00:00, run_after=2026-08-09 00:00:00+00:00
[2026-08-09T16:45:15.340+0000] {processor.py:208} INFO - Processing /home/airflow/.local/lib/python3.12/site-packages/airflow/example_dags/example_branch_day_of_week_operator.py took 0.094 seconds
[2026-08-09T16:45:45.767+0000] {processor.py:186} INFO - Started process (PID=22851) to work on /home/airflow/.local/lib/python3.12/site-packages/airflow/example_dags/example_branch_day_of_week_operator.py
[2026-08-09T16:45:45.768+0000] {processor.py:914} INFO - Processing file /home/airflow/.local/lib/python3.12/site-packages/airflow/example_dags/example_branch_day_of_week_operator.py for tasks to queue
[2026-08-09T16:45:45.771+0000] {logging_mixin.py:190} INFO - [2026-08-09T16:45:45.770+0000] {dagbag.py:588} INFO - Filling up the DagBag from /home/airflow/.local/lib/python3.12/site-packages/airflow/example_dags/example_branch_day_of_week_operator.py
[2026-08-09T16:45:45.782+0000] {processor.py:925} INFO - DAG(s) 'example_weekday_branch_operator' retrieved from /home/airflow/.local/lib/python3.12/site-packages/airflow/example_dags/example_branch_day_of_week_operator.py
[2026-08-09T16:45:45.805+0000] {logging_mixin.py:190} INFO - [2026-08-09T16:45:45.804+0000] {dag.py:3239} INFO - Sync 1 DAGs
[2026-08-09T16:45:45.833+0000] {logging_mixin.py:190} INFO - [2026-08-09T16:45:45.832+0000] {dag.py:4180} INFO - Setting next_dagrun for example_weekday_branch_operator to 2026-08-08 00:00:00+00:00, run_after=2026-08-09 00:00:00+00:00
[2026-08-09T16:45:45.855+0000] {processor.py:208} INFO - Processing /home/airflow/.local/lib/python3.12/site-packages/airflow/example_dags/example_branch_day_of_week_operator.py took 0.095 seconds
[2026-08-09T16:46:16.552+0000] {processor.py:186} INFO - Started process (PID=22916) to work on /home/airflow/.local/lib/python3.12/site-packages/airflow/example_dags/example_branch_day_of_week_operator.py
[2026-08-09T16:46:16.554+0000] {processor.py:914} INFO - Processing file /home/airflow/.local/lib/python3.12/site-packages/airflow/example_dags/example_branch_day_of_week_operator.py for tasks to queue
[2026-08-09T16:46:16.557+0000] {logging_mixin.py:190} INFO - [2026-08-09T16:46:16.557+0000] {dagbag.py:588} INFO - Filling up the DagBag from /home/airflow/.local/lib/python3.12/site-packages/airflow/example_dags/example_branch_day_of_week_operator.py
[2026-08-09T16:46:16.568+0000] {processor.py:925} INFO - DAG(s) 'example_weekday_branch_operator' retrieved from /home/airflow/.local/lib/python3.12/site-packages/airflow/example_dags/example_branch_day_of_week_operator.py
[2026-08-09T16:46:16.589+0000] {logging_mixin.py:190} INFO - [2026-08-09T16:46:16.589+0000] {dag.py:3239} INFO - Sync 1 DAGs
[2026-08-09T16:46:16.617+0000] {logging_mixin.py:190} INFO - [2026-08-09T16:46:16.617+0000] {dag.py:4180} INFO - Setting next_dagrun for example_weekday_branch_operator to 2026-08-08 00:00:00+00:00, run_after=2026-08-09 00:00:00+00:00
[2026-08-09T16:46:16.639+0000] {processor.py:208} INFO - Processing /home/airflow/.local/lib/python3.12/site-packages/airflow/example_dags/example_branch_day_of_week_operator.py took 0.094 seconds
[2026-08-09T16:46:47.348+0000] {processor.py:186} INFO - Started process (PID=22982) to work on /home/airflow/.local/lib/python3.12/site-packages/airflow/example_dags/example_branch_day_of_week_operator.py
[2026-08-09T16:46:47.349+0000] {processor.py:914} INFO - Processing file /home/airflow/.local/lib/python3.12/site-packages/airflow/example_dags/example_branch_day_of_week_operator.py for tasks to queue
[2026-08-09T16:46:47.353+0000] {logging_mixin.py:190} INFO - [2026-08-09T16:46:47.353+0000] {dagbag.py:588} INFO - Filling up the DagBag from /home/airflow/.local/lib/python3.12/site-packages/airflow/example_dags/example_branch_day_of_week_operator.py
[2026-08-09T16:46:47.366+0000] {processor.py:925} INFO - DAG(s) 'example_weekday_branch_operator' retrieved from /home/airflow/.local/lib/python3.12/site-packages/airflow/example_dags/example_branch_day_of_week_operator.py
[2026-08-09T16:46:47.386+0000] {logging_mixin.py:190} INFO - [2026-08-09T16:46:47.385+0000] {dag.py:3239} INFO - Sync 1 DAGs
[2026-08-09T16:46:47.412+0000] {logging_mixin.py:190} INFO - [2026-08-09T16:46:47.412+0000] {dag.py:4180} INFO - Setting next_dagrun for example_weekday_branch_operator to 2026-08-08 00:00:00+00:00, run_after=2026-08-09 00:00:00+00:00
[2026-08-09T16:46:47.434+0000] {processor.py:208} INFO - Processing /home/airflow/.local/lib/python3.12/site-packages/airflow/example_dags/example_branch_day_of_week_operator.py took 0.093 seconds
[2026-08-09T16:47:17.492+0000] {processor.py:186} INFO - Started process (PID=23047) to work on /home/airflow/.local/lib/python3.12/site-packages/airflow/example_dags/example_branch_day_of_week_operator.py
[2026-08-09T16:47:17.493+0000] {processor.py:914} INFO - Processing file /home/airflow/.local/lib/python3.12/site-packages/airflow/example_dags/example_branch_day_of_week_operator.py for tasks to queue
[2026-08-09T16:47:17.496+0000] {logging_mixin.py:190} INFO - [2026-08-09T16:47:17.496+0000] {dagbag.py:588} INFO - Filling up the DagBag from /home/airflow/.local/lib/python3.12/site-packages/airflow/example_dags/example_branch_day_of_week_operator.py
[2026-08-09T16:47:17.507+0000] {processor.py:925} INFO - DAG(s) 'example_weekday_branch_operator' retrieved from /home/airflow/.local/lib/python3.12/site-packages/airflow/example_dags/example_branch_day_of_week_operator.py
[2026-08-09T16:47:17.528+0000] {logging_mixin.py:190} INFO - [2026-08-09T16:47:17.528+0000] {dag.py:3239} INFO - Sync 1 DAGs
[2026-08-09T16:47:17.555+0000] {logging_mixin.py:190} INFO - [2026-08-09T16:47:17.555+0000] {dag.py:4180} INFO - Setting next_dagrun for example_weekday_branch_operator to 2026-08-08 00:00:00+00:00, run_after=2026-08-09 00:00:00+00:00
[2026-08-09T16:47:17.581+0000] {processor.py:208} INFO - Processing /home/airflow/.local/lib/python3.12/site-packages/airflow/example_dags/example_branch_day_of_week_operator.py took 0.096 seconds
[2026-08-09T16:47:47.962+0000] {processor.py:186} INFO - Started process (PID=23112) to work on /home/airflow/.local/lib/python3.12/site-packages/airflow/example_dags/example_branch_day_of_week_operator.py
[2026-08-09T16:47:47.963+0000] {processor.py:914} INFO - Processing file /home/airflow/.local/lib/python3.12/site-packages/airflow/example_dags/example_branch_day_of_week_operator.py for tasks to queue
[2026-08-09T16:47:47.968+0000] {logging_mixin.py:190} INFO - [2026-08-09T16:47:47.967+0000] {dagbag.py:588} INFO - Filling up the DagBag from /home/airflow/.local/lib/python3.12/site-packages/airflow/example_dags/example_branch_day_of_week_operator.py
[2026-08-09T16:47:47.983+0000] {processor.py:925} INFO - DAG(s) 'example_weekday_branch_operator' retrieved from /home/airflow/.local/lib/python3.12/site-packages/airflow/example_dags/example_branch_day_of_week_operator.py
[2026-08-09T16:47:48.005+0000] {logging_mixin.py:190} INFO - [2026-08-09T16:47:48.005+0000] {dag.py:3239} INFO - Sync 1 DAGs
[2026-08-09T16:47:48.032+0000] {logging_mixin.py:190} INFO - [2026-08-09T16:47:48.032+0000] {dag.py:4180} INFO - Setting next_dagrun for example_weekday_branch_operator to 2026-08-08 00:00:00+00:00, run_after=2026-08-09 00:00:00+00:00
[2026-08-09T16:47:48.053+0000] {processor.py:208} INFO - Processing /home/airflow/.local/lib/python3.12/site-packages/airflow/example_dags/example_branch_day_of_week_operator.py took 0.097 seconds
[2026-08-09T16:48:18.818+0000] {processor.py:186} INFO - Started process (PID=23177) to work on /home/airflow/.local/lib/python3.12/site-packages/airflow/example_dags/example_branch_day_of_week_operator.py
[2026-08-09T16:48:18.819+0000] {processor.py:914} INFO - Processing file /home/airflow/.local/lib/python3.12/site-packages/airflow/example_dags/example_branch_day_of_week_operator.py for tasks to queue
[2026-08-09T16:48:18.823+0000] {logging_mixin.py:190} INFO - [2026-08-09T16:48:18.822+0000] {dagbag.py:588} INFO - Filling up the DagBag from /home/airflow/.local/lib/python3.12/site-packages/airflow/example_dags/example_branch_day_of_week_operator.py
[2026-08-09T16:48:18.833+0000] {processor.py:925} INFO - DAG(s) 'example_weekday_branch_operator' retrieved from /home/airflow/.local/lib/python3.12/site-packages/airflow/example_dags/example_branch_day_of_week_operator.py
[2026-08-09T16:48:18.857+0000] {logging_mixin.py:190} INFO - [2026-08-09T16:48:18.857+0000] {dag.py:3239} INFO - Sync 1 DAGs
[2026-08-09T16:48:18.887+0000] {logging_mixin.py:190} INFO - [2026-08-09T16:48:18.886+0000] {dag.py:4180} INFO - Setting next_dagrun for example_weekday_branch_operator to 2026-08-08 00:00:00+00:00, run_after=2026-08-09 00:00:00+00:00
[2026-08-09T16:48:18.910+0000] {processor.py:208} INFO - Processing /home/airflow/.local/lib/python3.12/site-packages/airflow/example_dags/example_branch_day_of_week_operator.py took 0.099 seconds
[2026-08-09T16:48:49.318+0000] {processor.py:186} INFO - Started process (PID=23242) to work on /home/airflow/.local/lib/python3.12/site-packages/airflow/example_dags/example_branch_day_of_week_operator.py
[2026-08-09T16:48:49.319+0000] {processor.py:914} INFO - Processing file /home/airflow/.local/lib/python3.12/site-packages/airflow/example_dags/example_branch_day_of_week_operator.py for tasks to queue
[2026-08-09T16:48:49.323+0000] {logging_mixin.py:190} INFO - [2026-08-09T16:48:49.323+0000] {dagbag.py:588} INFO - Filling up the DagBag from /home/airflow/.local/lib/python3.12/site-packages/airflow/example_dags/example_branch_day_of_week_operator.py
[2026-08-09T16:48:49.337+0000] {processor.py:925} INFO - DAG(s) 'example_weekday_branch_operator' retrieved from /home/airflow/.local/lib/python3.12/site-packages/airflow/example_dags/example_branch_day_of_week_operator.py
[2026-08-09T16:48:49.359+0000] {logging_mixin.py:190} INFO - [2026-08-09T16:48:49.359+0000] {dag.py:3239} INFO - Sync 1 DAGs
[2026-08-09T16:48:49.389+0000] {logging_mixin.py:190} INFO - [2026-08-09T16:48:49.389+0000] {dag.py:4180} INFO - Setting next_dagrun for example_weekday_branch_operator to 2026-08-08 00:00:00+00:00, run_after=2026-08-09 00:00:00+00:00
[2026-08-09T16:48:49.412+0000] {processor.py:208} INFO - Processing /home/airflow/.local/lib/python3.12/site-packages/airflow/example_dags/example_branch_day_of_week_operator.py took 0.100 seconds
[2026-08-09T16:49:19.815+0000] {processor.py:186} INFO - Started process (PID=23307) to work on /home/airflow/.local/lib/python3.12/site-packages/airflow/example_dags/example_branch_day_of_week_operator.py
[2026-08-09T16:49:19.817+0000] {processor.py:914} INFO - Processing file /home/airflow/.local/lib/python3.12/site-packages/airflow/example_dags/example_branch_day_of_week_operator.py for tasks to queue
[2026-08-09T16:49:19.820+0000] {logging_mixin.py:190} INFO - [2026-08-09T16:49:19.819+0000] {dagbag.py:588} INFO - Filling up the DagBag from /home/airflow/.local/lib/python3.12/site-packages/airflow/example_dags/example_branch_day_of_week_operator.py
[2026-08-09T16:49:19.831+0000] {processor.py:925} INFO - DAG(s) 'example_weekday_branch_operator' retrieved from /home/airflow/.local/lib/python3.12/site-packages/airflow/example_dags/example_branch_day_of_week_operator.py
[2026-08-09T16:49:19.853+0000] {logging_mixin.py:190} INFO - [2026-08-09T16:49:19.853+0000] {dag.py:3239} INFO - Sync 1 DAGs
[2026-08-09T16:49:19.886+0000] {logging_mixin.py:190} INFO - [2026-08-09T16:49:19.886+0000] {dag.py:4180} INFO - Setting next_dagrun for example_weekday_branch_operator to 2026-08-08 00:00:00+00:00, run_after=2026-08-09 00:00:00+00:00
[2026-08-09T16:49:19.907+0000] {processor.py:208} INFO - Processing /home/airflow/.local/lib/python3.12/site-packages/airflow/example_dags/example_branch_day_of_week_operator.py took 0.098 seconds
[2026-08-09T16:49:50.126+0000] {processor.py:186} INFO - Started process (PID=23373) to work on /home/airflow/.local/lib/python3.12/site-packages/airflow/example_dags/example_branch_day_of_week_operator.py
[2026-08-09T16:49:50.127+0000] {processor.py:914} INFO - Processing file /home/airflow/.local/lib/python3.12/site-packages/airflow/example_dags/example_branch_day_of_week_operator.py for tasks to queue
[2026-08-09T16:49:50.130+0000] {logging_mixin.py:190} INFO - [2026-08-09T16:49:50.129+0000] {dagbag.py:588} INFO - Filling up the DagBag from /home/airflow/.local/lib/python3.12/site-packages/airflow/example_dags/example_branch_day_of_week_operator.py
[2026-08-09T16:49:50.140+0000] {processor.py:925} INFO - DAG(s) 'example_weekday_branch_operator' retrieved from /home/airflow/.local/lib/python3.12/site-packages/airflow/example_dags/example_branch_day_of_week_operator.py
[2026-08-09T16:49:50.163+0000] {logging_mixin.py:190} INFO - [2026-08-09T16:49:50.162+0000] {dag.py:3239} INFO - Sync 1 DAGs
[2026-08-09T16:49:50.190+0000] {logging_mixin.py:190} INFO - [2026-08-09T16:49:50.189+0000] {dag.py:4180} INFO - Setting next_dagrun for example_weekday_branch_operator to 2026-08-08 00:00:00+00:00, run_after=2026-08-09 00:00:00+00:00
[2026-08-09T16:49:50.211+0000] {processor.py:208} INFO - Processing /home/airflow/.local/lib/python3.12/site-packages/airflow/example_dags/example_branch_day_of_week_operator.py took 0.091 seconds
[2026-08-09T16:50:20.741+0000] {processor.py:186} INFO - Started process (PID=23438) to work on /home/airflow/.local/lib/python3.12/site-packages/airflow/example_dags/example_branch_day_of_week_operator.py
[2026-08-09T16:50:20.742+0000] {processor.py:914} INFO - Processing file /home/airflow/.local/lib/python3.12/site-packages/airflow/example_dags/example_branch_day_of_week_operator.py for tasks to queue
[2026-08-09T16:50:20.745+0000] {logging_mixin.py:190} INFO - [2026-08-09T16:50:20.745+0000] {dagbag.py:588} INFO - Filling up the DagBag from /home/airflow/.local/lib/python3.12/site-packages/airflow/example_dags/example_branch_day_of_week_operator.py
[2026-08-09T16:50:20.756+0000] {processor.py:925} INFO - DAG(s) 'example_weekday_branch_operator' retrieved from /home/airflow/.local/lib/python3.12/site-packages/airflow/example_dags/example_branch_day_of_week_operator.py
[2026-08-09T16:50:20.779+0000] {logging_mixin.py:190} INFO - [2026-08-09T16:50:20.778+0000] {dag.py:3239} INFO - Sync 1 DAGs
[2026-08-09T16:50:20.809+0000] {logging_mixin.py:190} INFO - [2026-08-09T16:50:20.809+0000] {dag.py:4180} INFO - Setting next_dagrun for example_weekday_branch_operator to 2026-08-08 00:00:00+00:00, run_after=2026-08-09 00:00:00+00:00
[2026-08-09T16:50:20.832+0000] {processor.py:208} INFO - Processing /home/airflow/.local/lib/python3.12/site-packages/airflow/example_dags/example_branch_day_of_week_operator.py took 0.097 seconds
[2026-08-09T16:50:51.649+0000] {processor.py:186} INFO - Started process (PID=23503) to work on /home/airflow/.local/lib/python3.12/site-packages/airflow/example_dags/example_branch_day_of_week_operator.py
[2026-08-09T16:50:51.652+0000] {processor.py:914} INFO - Processing file /home/airflow/.local/lib/python3.12/site-packages/airflow/example_dags/example_branch_day_of_week_operator.py for tasks to queue
[2026-08-09T16:50:51.656+0000] {logging_mixin.py:190} INFO - [2026-08-09T16:50:51.655+0000] {dagbag.py:588} INFO - Filling up the DagBag from /home/airflow/.local/lib/python3.12/site-packages/airflow/example_dags/example_branch_day_of_week_operator.py
[2026-08-09T16:50:51.678+0000] {processor.py:925} INFO - DAG(s) 'example_weekday_branch_operator' retrieved from /home/airflow/.local/lib/python3.12/site-packages/airflow/example_dags/example_branch_day_of_week_operator.py
[2026-08-09T16:50:51.711+0000] {logging_mixin.py:190} INFO - [2026-08-09T16:50:51.711+0000] {dag.py:3239} INFO - Sync 1 DAGs
[2026-08-09T16:50:51.745+0000] {logging_mixin.py:190} INFO - [2026-08-09T16:50:51.744+0000] {dag.py:4180} INFO - Setting next_dagrun for example_weekday_branch_operator to 2026-08-08 00:00:00+00:00, run_after=2026-08-09 00:00:00+00:00
[2026-08-09T16:50:51.767+0000] {processor.py:208} INFO - Processing /home/airflow/.local/lib/python3.12/site-packages/airflow/example_dags/example_branch_day_of_week_operator.py took 0.126 seconds
[2026-08-09T16:51:23.128+0000] {processor.py:186} INFO - Started process (PID=23568) to work on /home/airflow/.local/lib/python3.12/site-packages/airflow/example_dags/example_branch_day_of_week_operator.py
[2026-08-09T16:51:23.129+0000] {processor.py:914} INFO - Processing file /home/airflow/.local/lib/python3.12/site-packages/airflow/example_dags/example_branch_day_of_week_operator.py for tasks to queue
[2026-08-09T16:51:23.133+0000] {logging_mixin.py:190} INFO - [2026-08-09T16:51:23.132+0000] {dagbag.py:588} INFO - Filling up the DagBag from /home/airflow/.local/lib/python3.12/site-packages/airflow/example_dags/example_branch_day_of_week_operator.py
[2026-08-09T16:51:23.145+0000] {processor.py:925} INFO - DAG(s) 'example_weekday_branch_operator' retrieved from /home/airflow/.local/lib/python3.12/site-packages/airflow/example_dags/example_branch_day_of_week_operator.py
[2026-08-09T16:51:23.172+0000] {logging_mixin.py:190} INFO - [2026-08-09T16:51:23.172+0000] {dag.py:3239} INFO - Sync 1 DAGs
[2026-08-09T16:51:23.202+0000] {logging_mixin.py:190} INFO - [2026-08-09T16:51:23.202+0000] {dag.py:4180} INFO - Setting next_dagrun for example_weekday_branch_operator to 2026-08-08 00:00:00+00:00, run_after=2026-08-09 00:00:00+00:00
[2026-08-09T16:51:23.224+0000] {processor.py:208} INFO - Processing /home/airflow/.local/lib/python3.12/site-packages/airflow/example_dags/example_branch_day_of_week_operator.py took 0.103 seconds
[2026-08-09T16:51:53.458+0000] {processor.py:186} INFO - Started process (PID=23632) to work on /home/airflow/.local/lib/python3.12/site-packages/airflow/example_dags/example_branch_day_of_week_operator.py
[2026-08-09T16:51:53.459+0000] {processor.py:914} INFO - Processing file /home/airflow/.local/lib/python3.12/site-packages/airflow/example_dags/example_branch_day_of_week_operator.py for tasks to queue
[2026-08-09T16:51:53.463+0000] {logging_mixin.py:190} INFO - [2026-08-09T16:51:53.462+0000] {dagbag.py:588} INFO - Filling up the DagBag from /home/airflow/.local/lib/python3.12/site-packages/airflow/example_dags/example_branch_day_of_week_operator.py
[2026-08-09T16:51:53.477+0000] {processor.py:925} INFO - DAG(s) 'example_weekday_branch_operator' retrieved from /home/airflow/.local/lib/python3.12/site-packages/airflow/example_dags/example_branch_day_of_week_operator.py
[2026-08-09T16:51:53.497+0000] {logging_mixin.py:190} INFO - [2026-08-09T16:51:53.497+0000] {dag.py:3239} INFO - Sync 1 DAGs
[2026-08-09T16:51:53.526+0000] {logging_mixin.py:190} INFO - [2026-08-09T16:51:53.525+0000] {dag.py:4180} INFO - Setting next_dagrun for example_weekday_branch_operator to 2026-08-08 00:00:00+00:00, run_after=2026-08-09 00:00:00+00:00
[2026-08-09T16:51:53.548+0000] {processor.py:208} INFO - Processing /home/airflow/.local/lib/python3.12/site-packages/airflow/example_dags/example_branch_day_of_week_operator.py took 0.096 seconds
[2026-08-09T16:52:23.741+0000] {processor.py:186} INFO - Started process (PID=23696) to work on /home/airflow/.local/lib/python3.12/site-packages/airflow/example_dags/example_branch_day_of_week_operator.py
[2026-08-09T16:52:23.742+0000] {processor.py:914} INFO - Processing file /home/airflow/.local/lib/python3.12/site-packages/airflow/example_dags/example_branch_day_of_week_operator.py for tasks to queue
[2026-08-09T16:52:23.746+0000] {logging_mixin.py:190} INFO - [2026-08-09T16:52:23.745+0000] {dagbag.py:588} INFO - Filling up the DagBag from /home/airflow/.local/lib/python3.12/site-packages/airflow/example_dags/example_branch_day_of_week_operator.py
[2026-08-09T16:52:23.762+0000] {processor.py:925} INFO - DAG(s) 'example_weekday_branch_operator' retrieved from /home/airflow/.local/lib/python3.12/site-packages/airflow/example_dags/example_branch_day_of_week_operator.py
[2026-08-09T16:52:23.786+0000] {logging_mixin.py:190} INFO - [2026-08-09T16:52:23.786+0000] {dag.py:3239} INFO - Sync 1 DAGs
[2026-08-09T16:52:23.817+0000] {logging_mixin.py:190} INFO - [2026-08-09T16:52:23.817+0000] {dag.py:4180} INFO - Setting next_dagrun for example_weekday_branch_operator to 2026-08-08 00:00:00+00:00, run_after=2026-08-09 00:00:00+00:00
[2026-08-09T16:52:23.841+0000] {processor.py:208} INFO - Processing /home/airflow/.local/lib/python3.12/site-packages/airflow/example_dags/example_branch_day_of_week_operator.py took 0.107 seconds
[2026-08-09T16:52:54.380+0000] {processor.py:186} INFO - Started process (PID=23760) to work on /home/airflow/.local/lib/python3.12/site-packages/airflow/example_dags/example_branch_day_of_week_operator.py
[2026-08-09T16:52:54.382+0000] {processor.py:914} INFO - Processing file /home/airflow/.local/lib/python3.12/site-packages/airflow/example_dags/example_branch_day_of_week_operator.py for tasks to queue
[2026-08-09T16:52:54.385+0000] {logging_mixin.py:190} INFO - [2026-08-09T16:52:54.385+0000] {dagbag.py:588} INFO - Filling up the DagBag from /home/airflow/.local/lib/python3.12/site-packages/airflow/example_dags/example_branch_day_of_week_operator.py
[2026-08-09T16:52:54.396+0000] {processor.py:925} INFO - DAG(s) 'example_weekday_branch_operator' retrieved from /home/airflow/.local/lib/python3.12/site-packages/airflow/example_dags/example_branch_day_of_week_operator.py
[2026-08-09T16:52:54.419+0000] {logging_mixin.py:190} INFO - [2026-08-09T16:52:54.419+0000] {dag.py:3239} INFO - Sync 1 DAGs
[2026-08-09T16:52:54.448+0000] {logging_mixin.py:190} INFO - [2026-08-09T16:52:54.448+0000] {dag.py:4180} INFO - Setting next_dagrun for example_weekday_branch_operator to 2026-08-08 00:00:00+00:00, run_after=2026-08-09 00:00:00+00:00
[2026-08-09T16:52:54.470+0000] {processor.py:208} INFO - Processing /home/airflow/.local/lib/python3.12/site-packages/airflow/example_dags/example_branch_day_of_week_operator.py took 0.096 seconds
[2026-08-09T16:53:25.228+0000] {processor.py:186} INFO - Started process (PID=23831) to work on /home/airflow/.local/lib/python3.12/site-packages/airflow/example_dags/example_branch_day_of_week_operator.py
[2026-08-09T16:53:25.229+0000] {processor.py:914} INFO - Processing file /home/airflow/.local/lib/python3.12/site-packages/airflow/example_dags/example_branch_day_of_week_operator.py for tasks to queue
[2026-08-09T16:53:25.233+0000] {logging_mixin.py:190} INFO - [2026-08-09T16:53:25.233+0000] {dagbag.py:588} INFO - Filling up the DagBag from /home/airflow/.local/lib/python3.12/site-packages/airflow/example_dags/example_branch_day_of_week_operator.py
[2026-08-09T16:53:25.248+0000] {processor.py:925} INFO - DAG(s) 'example_weekday_branch_operator' retrieved from /home/airflow/.local/lib/python3.12/site-packages/airflow/example_dags/example_branch_day_of_week_operator.py
[2026-08-09T16:53:25.272+0000] {logging_mixin.py:190} INFO - [2026-08-09T16:53:25.271+0000] {dag.py:3239} INFO - Sync 1 DAGs
[2026-08-09T16:53:25.300+0000] {logging_mixin.py:190} INFO - [2026-08-09T16:53:25.300+0000] {dag.py:4180} INFO - Setting next_dagrun for example_weekday_branch_operator to 2026-08-08 00:00:00+00:00, run_after=2026-08-09 00:00:00+00:00
[2026-08-09T16:53:25.321+0000] {processor.py:208} INFO - Processing /home/airflow/.local/lib/python3.12/site-packages/airflow/example_dags/example_branch_day_of_week_operator.py took 0.104 seconds
[2026-08-09T16:53:55.982+0000] {processor.py:186} INFO - Started process (PID=23896) to work on /home/airflow/.local/lib/python3.12/site-packages/airflow/example_dags/example_branch_day_of_week_operator.py
[2026-08-09T16:53:55.983+0000] {processor.py:914} INFO - Processing file /home/airflow/.local/lib/python3.12/site-packages/airflow/example_dags/example_branch_day_of_week_operator.py for tasks to queue
[2026-08-09T16:53:55.986+0000] {logging_mixin.py:190} INFO - [2026-08-09T16:53:55.986+0000] {dagbag.py:588} INFO - Filling up the DagBag from /home/airflow/.local/lib/python3.12/site-packages/airflow/example_dags/example_branch_day_of_week_operator.py
[2026-08-09T16:53:55.997+0000] {processor.py:925} INFO - DAG(s) 'example_weekday_branch_operator' retrieved from /home/airflow/.local/lib/python3.12/site-packages/airflow/example_dags/example_branch_day_of_week_operator.py
[2026-08-09T16:53:56.019+0000] {logging_mixin.py:190} INFO - [2026-08-09T16:53:56.019+0000] {dag.py:3239} INFO - Sync 1 DAGs
[2026-08-09T16:53:56.046+0000] {logging_mixin.py:190} INFO - [2026-08-09T16:53:56.046+0000] {dag.py:4180} INFO - Setting next_dagrun for example_weekday_branch_operator to 2026-08-08 00:00:00+00:00, run_after=2026-08-09 00:00:00+00:00
[2026-08-09T16:53:56.068+0000] {processor.py:208} INFO - Processing /home/airflow/.local/lib/python3.12/site-packages/airflow/example_dags/example_branch_day_of_week_operator.py took 0.092 seconds
[2026-08-09T16:54:26.885+0000] {processor.py:186} INFO - Started process (PID=23961) to work on /home/airflow/.local/lib/python3.12/site-packages/airflow/example_dags/example_branch_day_of_week_operator.py
[2026-08-09T16:54:26.887+0000] {processor.py:914} INFO - Processing file /home/airflow/.local/lib/python3.12/site-packages/airflow/example_dags/example_branch_day_of_week_operator.py for tasks to queue
[2026-08-09T16:54:26.891+0000] {logging_mixin.py:190} INFO - [2026-08-09T16:54:26.890+0000] {dagbag.py:588} INFO - Filling up the DagBag from /home/airflow/.local/lib/python3.12/site-packages/airflow/example_dags/example_branch_day_of_week_operator.py
[2026-08-09T16:54:26.904+0000] {processor.py:925} INFO - DAG(s) 'example_weekday_branch_operator' retrieved from /home/airflow/.local/lib/python3.12/site-packages/airflow/example_dags/example_branch_day_of_week_operator.py
[2026-08-09T16:54:26.930+0000] {logging_mixin.py:190} INFO - [2026-08-09T16:54:26.930+0000] {dag.py:3239} INFO - Sync 1 DAGs
[2026-08-09T16:54:26.959+0000] {logging_mixin.py:190} INFO - [2026-08-09T16:54:26.959+0000] {dag.py:4180} INFO - Setting next_dagrun for example_weekday_branch_operator to 2026-08-08 00:00:00+00:00, run_after=2026-08-09 00:00:00+00:00
[2026-08-09T16:54:26.981+0000] {processor.py:208} INFO - Processing /home/airflow/.local/lib/python3.12/site-packages/airflow/example_dags/example_branch_day_of_week_operator.py took 0.104 seconds
[2026-08-09T16:54:57.708+0000] {processor.py:186} INFO - Started process (PID=24026) to work on /home/airflow/.local/lib/python3.12/site-packages/airflow/example_dags/example_branch_day_of_week_operator.py
[2026-08-09T16:54:57.710+0000] {processor.py:914} INFO - Processing file /home/airflow/.local/lib/python3.12/site-packages/airflow/example_dags/example_branch_day_of_week_operator.py for tasks to queue
[2026-08-09T16:54:57.713+0000] {logging_mixin.py:190} INFO - [2026-08-09T16:54:57.713+0000] {dagbag.py:588} INFO - Filling up the DagBag from /home/airflow/.local/lib/python3.12/site-packages/airflow/example_dags/example_branch_day_of_week_operator.py
[2026-08-09T16:54:57.725+0000] {processor.py:925} INFO - DAG(s) 'example_weekday_branch_operator' retrieved from /home/airflow/.local/lib/python3.12/site-packages/airflow/example_dags/example_branch_day_of_week_operator.py
[2026-08-09T16:54:57.748+0000] {logging_mixin.py:190} INFO - [2026-08-09T16:54:57.748+0000] {dag.py:3239} INFO - Sync 1 DAGs
[2026-08-09T16:54:57.780+0000] {logging_mixin.py:190} INFO - [2026-08-09T16:54:57.779+0000] {dag.py:4180} INFO - Setting next_dagrun for example_weekday_branch_operator to 2026-08-08 00:00:00+00:00, run_after=2026-08-09 00:00:00+00:00
[2026-08-09T16:54:57.801+0000] {processor.py:208} INFO - Processing /home/airflow/.local/lib/python3.12/site-packages/airflow/example_dags/example_branch_day_of_week_operator.py took 0.099 seconds
[2026-08-09T16:55:27.951+0000] {processor.py:186} INFO - Started process (PID=24091) to work on /home/airflow/.local/lib/python3.12/site-packages/airflow/example_dags/example_branch_day_of_week_operator.py
[2026-08-09T16:55:27.952+0000] {processor.py:914} INFO - Processing file /home/airflow/.local/lib/python3.12/site-packages/airflow/example_dags/example_branch_day_of_week_operator.py for tasks to queue
[2026-08-09T16:55:27.956+0000] {logging_mixin.py:190} INFO - [2026-08-09T16:55:27.956+0000] {dagbag.py:588} INFO - Filling up the DagBag from /home/airflow/.local/lib/python3.12/site-packages/airflow/example_dags/example_branch_day_of_week_operator.py
[2026-08-09T16:55:27.970+0000] {processor.py:925} INFO - DAG(s) 'example_weekday_branch_operator' retrieved from /home/airflow/.local/lib/python3.12/site-packages/airflow/example_dags/example_branch_day_of_week_operator.py
[2026-08-09T16:55:27.997+0000] {logging_mixin.py:190} INFO - [2026-08-09T16:55:27.997+0000] {dag.py:3239} INFO - Sync 1 DAGs
[2026-08-09T16:55:28.031+0000] {logging_mixin.py:190} INFO - [2026-08-09T16:55:28.031+0000] {dag.py:4180} INFO - Setting next_dagrun for example_weekday_branch_operator to 2026-08-08 00:00:00+00:00, run_after=2026-08-09 00:00:00+00:00
[2026-08-09T16:55:28.055+0000] {processor.py:208} INFO - Processing /home/airflow/.local/lib/python3.12/site-packages/airflow/example_dags/example_branch_day_of_week_operator.py took 0.113 seconds
[2026-08-09T16:55:58.862+0000] {processor.py:186} INFO - Started process (PID=24156) to work on /home/airflow/.local/lib/python3.12/site-packages/airflow/example_dags/example_branch_day_of_week_operator.py
[2026-08-09T16:55:58.863+0000] {processor.py:914} INFO - Processing file /home/airflow/.local/lib/python3.12/site-packages/airflow/example_dags/example_branch_day_of_week_operator.py for tasks to queue
[2026-08-09T16:55:58.867+0000] {logging_mixin.py:190} INFO - [2026-08-09T16:55:58.866+0000] {dagbag.py:588} INFO - Filling up the DagBag from /home/airflow/.local/lib/python3.12/site-packages/airflow/example_dags/example_branch_day_of_week_operator.py
[2026-08-09T16:55:58.878+0000] {processor.py:925} INFO - DAG(s) 'example_weekday_branch_operator' retrieved from /home/airflow/.local/lib/python3.12/site-packages/airflow/example_dags/example_branch_day_of_week_operator.py
[2026-08-09T16:55:58.902+0000] {logging_mixin.py:190} INFO - [2026-08-09T16:55:58.902+0000] {dag.py:3239} INFO - Sync 1 DAGs
[2026-08-09T16:55:58.931+0000] {logging_mixin.py:190} INFO - [2026-08-09T16:55:58.931+0000] {dag.py:4180} INFO - Setting next_dagrun for example_weekday_branch_operator to 2026-08-08 00:00:00+00:00, run_after=2026-08-09 00:00:00+00:00
[2026-08-09T16:55:58.952+0000] {processor.py:208} INFO - Processing /home/airflow/.local/lib/python3.12/site-packages/airflow/example_dags/example_branch_day_of_week_operator.py took 0.097 seconds
[2026-08-09T16:56:29.502+0000] {processor.py:186} INFO - Started process (PID=24221) to work on /home/airflow/.local/lib/python3.12/site-packages/airflow/example_dags/example_branch_day_of_week_operator.py
[2026-08-09T16:56:29.504+0000] {processor.py:914} INFO - Processing file /home/airflow/.local/lib/python3.12/site-packages/airflow/example_dags/example_branch_day_of_week_operator.py for tasks to queue
[2026-08-09T16:56:29.507+0000] {logging_mixin.py:190} INFO - [2026-08-09T16:56:29.507+0000] {dagbag.py:588} INFO - Filling up the DagBag from /home/airflow/.local/lib/python3.12/site-packages/airflow/example_dags/example_branch_day_of_week_operator.py
[2026-08-09T16:56:29.519+0000] {processor.py:925} INFO - DAG(s) 'example_weekday_branch_operator' retrieved from /home/airflow/.local/lib/python3.12/site-packages/airflow/example_dags/example_branch_day_of_week_operator.py
[2026-08-09T16:56:29.542+0000] {logging_mixin.py:190} INFO - [2026-08-09T16:56:29.542+0000] {dag.py:3239} INFO - Sync 1 DAGs
[2026-08-09T16:56:29.573+0000] {logging_mixin.py:190} INFO - [2026-08-09T16:56:29.573+0000] {dag.py:4180} INFO - Setting next_dagrun for example_weekday_branch_operator to 2026-08-08 00:00:00+00:00, run_after=2026-08-09 00:00:00+00:00
[2026-08-09T16:56:29.595+0000] {processor.py:208} INFO - Processing /home/airflow/.local/lib/python3.12/site-packages/airflow/example_dags/example_branch_day_of_week_operator.py took 0.099 seconds
[2026-08-09T16:57:00.170+0000] {processor.py:186} INFO - Started process (PID=24286) to work on /home/airflow/.local/lib/python3.12/site-packages/airflow/example_dags/example_branch_day_of_week_operator.py
[2026-08-09T16:57:00.171+0000] {processor.py:914} INFO - Processing file /home/airflow/.local/lib/python3.12/site-packages/airflow/example_dags/example_branch_day_of_week_operator.py for tasks to queue
[2026-08-09T16:57:00.174+0000] {logging_mixin.py:190} INFO - [2026-08-09T16:57:00.174+0000] {dagbag.py:588} INFO - Filling up the DagBag from /home/airflow/.local/lib/python3.12/site-packages/airflow/example_dags/example_branch_day_of_week_operator.py
[2026-08-09T16:57:00.185+0000] {processor.py:925} INFO - DAG(s) 'example_weekday_branch_operator' retrieved from /home/airflow/.local/lib/python3.12/site-packages/airflow/example_dags/example_branch_day_of_week_operator.py
[2026-08-09T16:57:00.208+0000] {logging_mixin.py:190} INFO - [2026-08-09T16:57:00.207+0000] {dag.py:3239} INFO - Sync 1 DAGs
[2026-08-09T16:57:00.236+0000] {logging_mixin.py:190} INFO - [2026-08-09T16:57:00.236+0000] {dag.py:4180} INFO - Setting next_dagrun for example_weekday_branch_operator to 2026-08-08 00:00:00+00:00, run_after=2026-08-09 00:00:00+00:00
[2026-08-09T16:57:00.257+0000] {processor.py:208} INFO - Processing /home/airflow/.local/lib/python3.12/site-packages/airflow/example_dags/example_branch_day_of_week_operator.py took 0.093 seconds
[2026-08-09T16:57:30.633+0000] {processor.py:186} INFO - Started process (PID=24351) to work on /home/airflow/.local/lib/python3.12/site-packages/airflow/example_dags/example_branch_day_of_week_operator.py
[2026-08-09T16:57:30.634+0000] {processor.py:914} INFO - Processing file /home/airflow/.local/lib/python3.12/site-packages/airflow/example_dags/example_branch_day_of_week_operator.py for tasks to queue
[2026-08-09T16:57:30.638+0000] {logging_mixin.py:190} INFO - [2026-08-09T16:57:30.638+0000] {dagbag.py:588} INFO - Filling up the DagBag from /home/airflow/.local/lib/python3.12/site-packages/airflow/example_dags/example_branch_day_of_week_operator.py
[2026-08-09T16:57:30.650+0000] {processor.py:925} INFO - DAG(s) 'example_weekday_branch_operator' retrieved from /home/airflow/.local/lib/python3.12/site-packages/airflow/example_dags/example_branch_day_of_week_operator.py
[2026-08-09T16:57:30.670+0000] {logging_mixin.py:190} INFO - [2026-08-09T16:57:30.670+0000] {dag.py:3239} INFO - Sync 1 DAGs
[2026-08-09T16:57:30.696+0000] {logging_mixin.py:190} INFO - [2026-08-09T16:57:30.696+0000] {dag.py:4180} INFO - Setting next_dagrun for example_weekday_branch_operator to 2026-08-08 00:00:00+00:00, run_after=2026-08-09 00:00:00+00:00
[2026-08-09T16:57:30.717+0000] {processor.py:208} INFO - Processing /home/airflow/.local/lib/python3.12/site-packages/airflow/example_dags/example_branch_day_of_week_operator.py took 0.091 seconds
[2026-08-09T16:58:02.085+0000] {processor.py:186} INFO - Started process (PID=24416) to work on /home/airflow/.local/lib/python3.12/site-packages/airflow/example_dags/example_branch_day_of_week_operator.py
[2026-08-09T16:58:02.087+0000] {processor.py:914} INFO - Processing file /home/airflow/.local/lib/python3.12/site-packages/airflow/example_dags/example_branch_day_of_week_operator.py for tasks to queue
[2026-08-09T16:58:02.090+0000] {logging_mixin.py:190} INFO - [2026-08-09T16:58:02.090+0000] {dagbag.py:588} INFO - Filling up the DagBag from /home/airflow/.local/lib/python3.12/site-packages/airflow/example_dags/example_branch_day_of_week_operator.py
[2026-08-09T16:58:02.101+0000] {processor.py:925} INFO - DAG(s) 'example_weekday_branch_operator' retrieved from /home/airflow/.local/lib/python3.12/site-packages/airflow/example_dags/example_branch_day_of_week_operator.py
[2026-08-09T16:58:02.123+0000] {logging_mixin.py:190} INFO - [2026-08-09T16:58:02.123+0000] {dag.py:3239} INFO - Sync 1 DAGs
[2026-08-09T16:58:02.148+0000] {logging_mixin.py:190} INFO - [2026-08-09T16:58:02.148+0000] {dag.py:4180} INFO - Setting next_dagrun for example_weekday_branch_operator to 2026-08-08 00:00:00+00:00, run_after=2026-08-09 00:00:00+00:00
[2026-08-09T16:58:02.167+0000] {processor.py:208} INFO - Processing /home/airflow/.local/lib/python3.12/site-packages/airflow/example_dags/example_branch_day_of_week_operator.py took 0.088 seconds
[2026-08-09T16:58:33.684+0000] {processor.py:186} INFO - Started process (PID=24482) to work on /home/airflow/.local/lib/python3.12/site-packages/airflow/example_dags/example_branch_day_of_week_operator.py
[2026-08-09T16:58:33.686+0000] {processor.py:914} INFO - Processing file /home/airflow/.local/lib/python3.12/site-packages/airflow/example_dags/example_branch_day_of_week_operator.py for tasks to queue
[2026-08-09T16:58:33.689+0000] {logging_mixin.py:190} INFO - [2026-08-09T16:58:33.689+0000] {dagbag.py:588} INFO - Filling up the DagBag from /home/airflow/.local/lib/python3.12/site-packages/airflow/example_dags/example_branch_day_of_week_operator.py
[2026-08-09T16:58:33.700+0000] {processor.py:925} INFO - DAG(s) 'example_weekday_branch_operator' retrieved from /home/airflow/.local/lib/python3.12/site-packages/airflow/example_dags/example_branch_day_of_week_operator.py
[2026-08-09T16:58:33.723+0000] {logging_mixin.py:190} INFO - [2026-08-09T16:58:33.722+0000] {dag.py:3239} INFO - Sync 1 DAGs
[2026-08-09T16:58:33.750+0000] {logging_mixin.py:190} INFO - [2026-08-09T16:58:33.750+0000] {dag.py:4180} INFO - Setting next_dagrun for example_weekday_branch_operator to 2026-08-08 00:00:00+00:00, run_after=2026-08-09 00:00:00+00:00
[2026-08-09T16:58:33.771+0000] {processor.py:208} INFO - Processing /home/airflow/.local/lib/python3.12/site-packages/airflow/example_dags/example_branch_day_of_week_operator.py took 0.093 seconds
[2026-08-09T16:59:05.164+0000] {processor.py:186} INFO - Started process (PID=24547) to work on /home/airflow/.local/lib/python3.12/site-packages/airflow/example_dags/example_branch_day_of_week_operator.py
[2026-08-09T16:59:05.165+0000] {processor.py:914} INFO - Processing file /home/airflow/.local/lib/python3.12/site-packages/airflow/example_dags/example_branch_day_of_week_operator.py for tasks to queue
[2026-08-09T16:59:05.168+0000] {logging_mixin.py:190} INFO - [2026-08-09T16:59:05.168+0000] {dagbag.py:588} INFO - Filling up the DagBag from /home/airflow/.local/lib/python3.12/site-packages/airflow/example_dags/example_branch_day_of_week_operator.py
[2026-08-09T16:59:05.179+0000] {processor.py:925} INFO - DAG(s) 'example_weekday_branch_operator' retrieved from /home/airflow/.local/lib/python3.12/site-packages/airflow/example_dags/example_branch_day_of_week_operator.py
[2026-08-09T16:59:05.199+0000] {logging_mixin.py:190} INFO - [2026-08-09T16:59:05.199+0000] {dag.py:3239} INFO - Sync 1 DAGs
[2026-08-09T16:59:05.226+0000] {logging_mixin.py:190} INFO - [2026-08-09T16:59:05.225+0000] {dag.py:4180} INFO - Setting next_dagrun for example_weekday_branch_operator to 2026-08-08 00:00:00+00:00, run_after=2026-08-09 00:00:00+00:00
[2026-08-09T16:59:05.246+0000] {processor.py:208} INFO - Processing /home/airflow/.local/lib/python3.12/site-packages/airflow/example_dags/example_branch_day_of_week_operator.py took 0.088 seconds
[2026-08-09T16:59:36.649+0000] {processor.py:186} INFO - Started process (PID=24612) to work on /home/airflow/.local/lib/python3.12/site-packages/airflow/example_dags/example_branch_day_of_week_operator.py
[2026-08-09T16:59:36.650+0000] {processor.py:914} INFO - Processing file /home/airflow/.local/lib/python3.12/site-packages/airflow/example_dags/example_branch_day_of_week_operator.py for tasks to queue
[2026-08-09T16:59:36.653+0000] {logging_mixin.py:190} INFO - [2026-08-09T16:59:36.653+0000] {dagbag.py:588} INFO - Filling up the DagBag from /home/airflow/.local/lib/python3.12/site-packages/airflow/example_dags/example_branch_day_of_week_operator.py
[2026-08-09T16:59:36.665+0000] {processor.py:925} INFO - DAG(s) 'example_weekday_branch_operator' retrieved from /home/airflow/.local/lib/python3.12/site-packages/airflow/example_dags/example_branch_day_of_week_operator.py
[2026-08-09T16:59:36.689+0000] {logging_mixin.py:190} INFO - [2026-08-09T16:59:36.688+0000] {dag.py:3239} INFO - Sync 1 DAGs
[2026-08-09T16:59:36.719+0000] {logging_mixin.py:190} INFO - [2026-08-09T16:59:36.719+0000] {dag.py:4180} INFO - Setting next_dagrun for example_weekday_branch_operator to 2026-08-08 00:00:00+00:00, run_after=2026-08-09 00:00:00+00:00
[2026-08-09T16:59:36.746+0000] {processor.py:208} INFO - Processing /home/airflow/.local/lib/python3.12/site-packages/airflow/example_dags/example_branch_day_of_week_operator.py took 0.104 seconds
[2026-08-09T17:00:08.309+0000] {processor.py:186} INFO - Started process (PID=24677) to work on /home/airflow/.local/lib/python3.12/site-packages/airflow/example_dags/example_branch_day_of_week_operator.py
[2026-08-09T17:00:08.311+0000] {processor.py:914} INFO - Processing file /home/airflow/.local/lib/python3.12/site-packages/airflow/example_dags/example_branch_day_of_week_operator.py for tasks to queue
[2026-08-09T17:00:08.314+0000] {logging_mixin.py:190} INFO - [2026-08-09T17:00:08.314+0000] {dagbag.py:588} INFO - Filling up the DagBag from /home/airflow/.local/lib/python3.12/site-packages/airflow/example_dags/example_branch_day_of_week_operator.py
[2026-08-09T17:00:08.325+0000] {processor.py:925} INFO - DAG(s) 'example_weekday_branch_operator' retrieved from /home/airflow/.local/lib/python3.12/site-packages/airflow/example_dags/example_branch_day_of_week_operator.py
[2026-08-09T17:00:08.351+0000] {logging_mixin.py:190} INFO - [2026-08-09T17:00:08.351+0000] {dag.py:3239} INFO - Sync 1 DAGs
[2026-08-09T17:00:08.385+0000] {logging_mixin.py:190} INFO - [2026-08-09T17:00:08.384+0000] {dag.py:4180} INFO - Setting next_dagrun for example_weekday_branch_operator to 2026-08-08 00:00:00+00:00, run_after=2026-08-09 00:00:00+00:00
[2026-08-09T17:00:08.409+0000] {processor.py:208} INFO - Processing /home/airflow/.local/lib/python3.12/site-packages/airflow/example_dags/example_branch_day_of_week_operator.py took 0.107 seconds
[2026-08-09T17:00:39.145+0000] {processor.py:186} INFO - Started process (PID=24742) to work on /home/airflow/.local/lib/python3.12/site-packages/airflow/example_dags/example_branch_day_of_week_operator.py
[2026-08-09T17:00:39.146+0000] {processor.py:914} INFO - Processing file /home/airflow/.local/lib/python3.12/site-packages/airflow/example_dags/example_branch_day_of_week_operator.py for tasks to queue
[2026-08-09T17:00:39.149+0000] {logging_mixin.py:190} INFO - [2026-08-09T17:00:39.148+0000] {dagbag.py:588} INFO - Filling up the DagBag from /home/airflow/.local/lib/python3.12/site-packages/airflow/example_dags/example_branch_day_of_week_operator.py
[2026-08-09T17:00:39.161+0000] {processor.py:925} INFO - DAG(s) 'example_weekday_branch_operator' retrieved from /home/airflow/.local/lib/python3.12/site-packages/airflow/example_dags/example_branch_day_of_week_operator.py
[2026-08-09T17:00:39.182+0000] {logging_mixin.py:190} INFO - [2026-08-09T17:00:39.182+0000] {dag.py:3239} INFO - Sync 1 DAGs
[2026-08-09T17:00:39.211+0000] {logging_mixin.py:190} INFO - [2026-08-09T17:00:39.210+0000] {dag.py:4180} INFO - Setting next_dagrun for example_weekday_branch_operator to 2026-08-08 00:00:00+00:00, run_after=2026-08-09 00:00:00+00:00
[2026-08-09T17:00:39.230+0000] {processor.py:208} INFO - Processing /home/airflow/.local/lib/python3.12/site-packages/airflow/example_dags/example_branch_day_of_week_operator.py took 0.092 seconds
[2026-08-09T17:01:10.786+0000] {processor.py:186} INFO - Started process (PID=24807) to work on /home/airflow/.local/lib/python3.12/site-packages/airflow/example_dags/example_branch_day_of_week_operator.py
[2026-08-09T17:01:10.787+0000] {processor.py:914} INFO - Processing file /home/airflow/.local/lib/python3.12/site-packages/airflow/example_dags/example_branch_day_of_week_operator.py for tasks to queue
[2026-08-09T17:01:10.791+0000] {logging_mixin.py:190} INFO - [2026-08-09T17:01:10.790+0000] {dagbag.py:588} INFO - Filling up the DagBag from /home/airflow/.local/lib/python3.12/site-packages/airflow/example_dags/example_branch_day_of_week_operator.py
[2026-08-09T17:01:10.807+0000] {processor.py:925} INFO - DAG(s) 'example_weekday_branch_operator' retrieved from /home/airflow/.local/lib/python3.12/site-packages/airflow/example_dags/example_branch_day_of_week_operator.py
[2026-08-09T17:01:10.833+0000] {logging_mixin.py:190} INFO - [2026-08-09T17:01:10.833+0000] {dag.py:3239} INFO - Sync 1 DAGs
[2026-08-09T17:01:10.866+0000] {logging_mixin.py:190} INFO - [2026-08-09T17:01:10.866+0000] {dag.py:4180} INFO - Setting next_dagrun for example_weekday_branch_operator to 2026-08-08 00:00:00+00:00, run_after=2026-08-09 00:00:00+00:00
[2026-08-09T17:01:10.890+0000] {processor.py:208} INFO - Processing /home/airflow/.local/lib/python3.12/site-packages/airflow/example_dags/example_branch_day_of_week_operator.py took 0.112 seconds
[2026-08-09T17:01:41.886+0000] {processor.py:186} INFO - Started process (PID=24872) to work on /home/airflow/.local/lib/python3.12/site-packages/airflow/example_dags/example_branch_day_of_week_operator.py
[2026-08-09T17:01:41.888+0000] {processor.py:914} INFO - Processing file /home/airflow/.local/lib/python3.12/site-packages/airflow/example_dags/example_branch_day_of_week_operator.py for tasks to queue
[2026-08-09T17:01:41.892+0000] {logging_mixin.py:190} INFO - [2026-08-09T17:01:41.891+0000] {dagbag.py:588} INFO - Filling up the DagBag from /home/airflow/.local/lib/python3.12/site-packages/airflow/example_dags/example_branch_day_of_week_operator.py
[2026-08-09T17:01:41.903+0000] {processor.py:925} INFO - DAG(s) 'example_weekday_branch_operator' retrieved from /home/airflow/.local/lib/python3.12/site-packages/airflow/example_dags/example_branch_day_of_week_operator.py
[2026-08-09T17:01:41.926+0000] {logging_mixin.py:190} INFO - [2026-08-09T17:01:41.926+0000] {dag.py:3239} INFO - Sync 1 DAGs
[2026-08-09T17:01:41.956+0000] {logging_mixin.py:190} INFO - [2026-08-09T17:01:41.956+0000] {dag.py:4180} INFO - Setting next_dagrun for example_weekday_branch_operator to 2026-08-08 00:00:00+00:00, run_after=2026-08-09 00:00:00+00:00
[2026-08-09T17:01:41.977+0000] {processor.py:208} INFO - Processing /home/airflow/.local/lib/python3.12/site-packages/airflow/example_dags/example_branch_day_of_week_operator.py took 0.097 seconds
[2026-08-09T17:02:13.129+0000] {processor.py:186} INFO - Started process (PID=24937) to work on /home/airflow/.local/lib/python3.12/site-packages/airflow/example_dags/example_branch_day_of_week_operator.py
[2026-08-09T17:02:13.131+0000] {processor.py:914} INFO - Processing file /home/airflow/.local/lib/python3.12/site-packages/airflow/example_dags/example_branch_day_of_week_operator.py for tasks to queue
[2026-08-09T17:02:13.134+0000] {logging_mixin.py:190} INFO - [2026-08-09T17:02:13.133+0000] {dagbag.py:588} INFO - Filling up the DagBag from /home/airflow/.local/lib/python3.12/site-packages/airflow/example_dags/example_branch_day_of_week_operator.py
[2026-08-09T17:02:13.145+0000] {processor.py:925} INFO - DAG(s) 'example_weekday_branch_operator' retrieved from /home/airflow/.local/lib/python3.12/site-packages/airflow/example_dags/example_branch_day_of_week_operator.py
[2026-08-09T17:02:13.166+0000] {logging_mixin.py:190} INFO - [2026-08-09T17:02:13.166+0000] {dag.py:3239} INFO - Sync 1 DAGs
[2026-08-09T17:02:13.192+0000] {logging_mixin.py:190} INFO - [2026-08-09T17:02:13.191+0000] {dag.py:4180} INFO - Setting next_dagrun for example_weekday_branch_operator to 2026-08-08 00:00:00+00:00, run_after=2026-08-09 00:00:00+00:00
[2026-08-09T17:02:13.213+0000] {processor.py:208} INFO - Processing /home/airflow/.local/lib/python3.12/site-packages/airflow/example_dags/example_branch_day_of_week_operator.py took 0.090 seconds
[2026-08-09T17:02:44.405+0000] {processor.py:186} INFO - Started process (PID=25002) to work on /home/airflow/.local/lib/python3.12/site-packages/airflow/example_dags/example_branch_day_of_week_operator.py
[2026-08-09T17:02:44.407+0000] {processor.py:914} INFO - Processing file /home/airflow/.local/lib/python3.12/site-packages/airflow/example_dags/example_branch_day_of_week_operator.py for tasks to queue
[2026-08-09T17:02:44.411+0000] {logging_mixin.py:190} INFO - [2026-08-09T17:02:44.410+0000] {dagbag.py:588} INFO - Filling up the DagBag from /home/airflow/.local/lib/python3.12/site-packages/airflow/example_dags/example_branch_day_of_week_operator.py
[2026-08-09T17:02:44.424+0000] {processor.py:925} INFO - DAG(s) 'example_weekday_branch_operator' retrieved from /home/airflow/.local/lib/python3.12/site-packages/airflow/example_dags/example_branch_day_of_week_operator.py
[2026-08-09T17:02:44.449+0000] {logging_mixin.py:190} INFO - [2026-08-09T17:02:44.448+0000] {dag.py:3239} INFO - Sync 1 DAGs
[2026-08-09T17:02:44.477+0000] {logging_mixin.py:190} INFO - [2026-08-09T17:02:44.477+0000] {dag.py:4180} INFO - Setting next_dagrun for example_weekday_branch_operator to 2026-08-08 00:00:00+00:00, run_after=2026-08-09 00:00:00+00:00
[2026-08-09T17:02:44.500+0000] {processor.py:208} INFO - Processing /home/airflow/.local/lib/python3.12/site-packages/airflow/example_dags/example_branch_day_of_week_operator.py took 0.102 seconds
[2026-08-09T17:03:15.789+0000] {processor.py:186} INFO - Started process (PID=25067) to work on /home/airflow/.local/lib/python3.12/site-packages/airflow/example_dags/example_branch_day_of_week_operator.py
[2026-08-09T17:03:15.791+0000] {processor.py:914} INFO - Processing file /home/airflow/.local/lib/python3.12/site-packages/airflow/example_dags/example_branch_day_of_week_operator.py for tasks to queue
[2026-08-09T17:03:15.795+0000] {logging_mixin.py:190} INFO - [2026-08-09T17:03:15.794+0000] {dagbag.py:588} INFO - Filling up the DagBag from /home/airflow/.local/lib/python3.12/site-packages/airflow/example_dags/example_branch_day_of_week_operator.py
[2026-08-09T17:03:15.807+0000] {processor.py:925} INFO - DAG(s) 'example_weekday_branch_operator' retrieved from /home/airflow/.local/lib/python3.12/site-packages/airflow/example_dags/example_branch_day_of_week_operator.py
[2026-08-09T17:03:15.831+0000] {logging_mixin.py:190} INFO - [2026-08-09T17:03:15.831+0000] {dag.py:3239} INFO - Sync 1 DAGs
[2026-08-09T17:03:15.862+0000] {logging_mixin.py:190} INFO - [2026-08-09T17:03:15.861+0000] {dag.py:4180} INFO - Setting next_dagrun for example_weekday_branch_operator to 2026-08-08 00:00:00+00:00, run_after=2026-08-09 00:00:00+00:00
[2026-08-09T17:03:15.883+0000] {processor.py:208} INFO - Processing /home/airflow/.local/lib/python3.12/site-packages/airflow/example_dags/example_branch_day_of_week_operator.py took 0.102 seconds
[2026-08-09T17:03:47.114+0000] {processor.py:186} INFO - Started process (PID=25133) to work on /home/airflow/.local/lib/python3.12/site-packages/airflow/example_dags/example_branch_day_of_week_operator.py
[2026-08-09T17:03:47.115+0000] {processor.py:914} INFO - Processing file /home/airflow/.local/lib/python3.12/site-packages/airflow/example_dags/example_branch_day_of_week_operator.py for tasks to queue
[2026-08-09T17:03:47.118+0000] {logging_mixin.py:190} INFO - [2026-08-09T17:03:47.118+0000] {dagbag.py:588} INFO - Filling up the DagBag from /home/airflow/.local/lib/python3.12/site-packages/airflow/example_dags/example_branch_day_of_week_operator.py
[2026-08-09T17:03:47.128+0000] {processor.py:925} INFO - DAG(s) 'example_weekday_branch_operator' retrieved from /home/airflow/.local/lib/python3.12/site-packages/airflow/example_dags/example_branch_day_of_week_operator.py
[2026-08-09T17:03:47.150+0000] {logging_mixin.py:190} INFO - [2026-08-09T17:03:47.150+0000] {dag.py:3239} INFO - Sync 1 DAGs
[2026-08-09T17:03:47.179+0000] {logging_mixin.py:190} INFO - [2026-08-09T17:03:47.179+0000] {dag.py:4180} INFO - Setting next_dagrun for example_weekday_branch_operator to 2026-08-08 00:00:00+00:00, run_after=2026-08-09 00:00:00+00:00
[2026-08-09T17:03:47.203+0000] {processor.py:208} INFO - Processing /home/airflow/.local/lib/python3.12/site-packages/airflow/example_dags/example_branch_day_of_week_operator.py took 0.095 seconds
[2026-08-09T17:04:17.779+0000] {processor.py:186} INFO - Started process (PID=25198) to work on /home/airflow/.local/lib/python3.12/site-packages/airflow/example_dags/example_branch_day_of_week_operator.py
[2026-08-09T17:04:17.781+0000] {processor.py:914} INFO - Processing file /home/airflow/.local/lib/python3.12/site-packages/airflow/example_dags/example_branch_day_of_week_operator.py for tasks to queue
[2026-08-09T17:04:17.784+0000] {logging_mixin.py:190} INFO - [2026-08-09T17:04:17.784+0000] {dagbag.py:588} INFO - Filling up the DagBag from /home/airflow/.local/lib/python3.12/site-packages/airflow/example_dags/example_branch_day_of_week_operator.py
[2026-08-09T17:04:17.796+0000] {processor.py:925} INFO - DAG(s) 'example_weekday_branch_operator' retrieved from /home/airflow/.local/lib/python3.12/site-packages/airflow/example_dags/example_branch_day_of_week_operator.py
[2026-08-09T17:04:17.816+0000] {logging_mixin.py:190} INFO - [2026-08-09T17:04:17.816+0000] {dag.py:3239} INFO - Sync 1 DAGs
[2026-08-09T17:04:17.845+0000] {logging_mixin.py:190} INFO - [2026-08-09T17:04:17.845+0000] {dag.py:4180} INFO - Setting next_dagrun for example_weekday_branch_operator to 2026-08-08 00:00:00+00:00, run_after=2026-08-09 00:00:00+00:00
[2026-08-09T17:04:17.867+0000] {processor.py:208} INFO - Processing /home/airflow/.local/lib/python3.12/site-packages/airflow/example_dags/example_branch_day_of_week_operator.py took 0.094 seconds
[2026-08-09T17:04:50.010+0000] {processor.py:186} INFO - Started process (PID=25265) to work on /home/airflow/.local/lib/python3.12/site-packages/airflow/example_dags/example_branch_day_of_week_operator.py
[2026-08-09T17:04:50.011+0000] {processor.py:914} INFO - Processing file /home/airflow/.local/lib/python3.12/site-packages/airflow/example_dags/example_branch_day_of_week_operator.py for tasks to queue
[2026-08-09T17:04:50.015+0000] {logging_mixin.py:190} INFO - [2026-08-09T17:04:50.014+0000] {dagbag.py:588} INFO - Filling up the DagBag from /home/airflow/.local/lib/python3.12/site-packages/airflow/example_dags/example_branch_day_of_week_operator.py
[2026-08-09T17:04:50.037+0000] {processor.py:925} INFO - DAG(s) 'example_weekday_branch_operator' retrieved from /home/airflow/.local/lib/python3.12/site-packages/airflow/example_dags/example_branch_day_of_week_operator.py
[2026-08-09T17:04:50.061+0000] {logging_mixin.py:190} INFO - [2026-08-09T17:04:50.061+0000] {dag.py:3239} INFO - Sync 1 DAGs
[2026-08-09T17:04:50.091+0000] {logging_mixin.py:190} INFO - [2026-08-09T17:04:50.091+0000] {dag.py:4180} INFO - Setting next_dagrun for example_weekday_branch_operator to 2026-08-08 00:00:00+00:00, run_after=2026-08-09 00:00:00+00:00
[2026-08-09T17:04:50.116+0000] {processor.py:208} INFO - Processing /home/airflow/.local/lib/python3.12/site-packages/airflow/example_dags/example_branch_day_of_week_operator.py took 0.113 seconds
[2026-08-09T17:05:21.121+0000] {processor.py:186} INFO - Started process (PID=25330) to work on /home/airflow/.local/lib/python3.12/site-packages/airflow/example_dags/example_branch_day_of_week_operator.py
[2026-08-09T17:05:21.122+0000] {processor.py:914} INFO - Processing file /home/airflow/.local/lib/python3.12/site-packages/airflow/example_dags/example_branch_day_of_week_operator.py for tasks to queue
[2026-08-09T17:05:21.125+0000] {logging_mixin.py:190} INFO - [2026-08-09T17:05:21.125+0000] {dagbag.py:588} INFO - Filling up the DagBag from /home/airflow/.local/lib/python3.12/site-packages/airflow/example_dags/example_branch_day_of_week_operator.py
[2026-08-09T17:05:21.139+0000] {processor.py:925} INFO - DAG(s) 'example_weekday_branch_operator' retrieved from /home/airflow/.local/lib/python3.12/site-packages/airflow/example_dags/example_branch_day_of_week_operator.py
[2026-08-09T17:05:21.163+0000] {logging_mixin.py:190} INFO - [2026-08-09T17:05:21.162+0000] {dag.py:3239} INFO - Sync 1 DAGs
[2026-08-09T17:05:21.190+0000] {logging_mixin.py:190} INFO - [2026-08-09T17:05:21.190+0000] {dag.py:4180} INFO - Setting next_dagrun for example_weekday_branch_operator to 2026-08-08 00:00:00+00:00, run_after=2026-08-09 00:00:00+00:00
[2026-08-09T17:05:21.212+0000] {processor.py:208} INFO - Processing /home/airflow/.local/lib/python3.12/site-packages/airflow/example_dags/example_branch_day_of_week_operator.py took 0.097 seconds
[2026-08-09T17:05:53.248+0000] {processor.py:186} INFO - Started process (PID=25400) to work on /home/airflow/.local/lib/python3.12/site-packages/airflow/example_dags/example_branch_day_of_week_operator.py
[2026-08-09T17:05:53.249+0000] {processor.py:914} INFO - Processing file /home/airflow/.local/lib/python3.12/site-packages/airflow/example_dags/example_branch_day_of_week_operator.py for tasks to queue
[2026-08-09T17:05:53.252+0000] {logging_mixin.py:190} INFO - [2026-08-09T17:05:53.252+0000] {dagbag.py:588} INFO - Filling up the DagBag from /home/airflow/.local/lib/python3.12/site-packages/airflow/example_dags/example_branch_day_of_week_operator.py
[2026-08-09T17:05:53.263+0000] {processor.py:925} INFO - DAG(s) 'example_weekday_branch_operator' retrieved from /home/airflow/.local/lib/python3.12/site-packages/airflow/example_dags/example_branch_day_of_week_operator.py
[2026-08-09T17:05:53.296+0000] {logging_mixin.py:190} INFO - [2026-08-09T17:05:53.295+0000] {dag.py:3239} INFO - Sync 1 DAGs
[2026-08-09T17:05:53.343+0000] {logging_mixin.py:190} INFO - [2026-08-09T17:05:53.343+0000] {dag.py:4180} INFO - Setting next_dagrun for example_weekday_branch_operator to 2026-08-08 00:00:00+00:00, run_after=2026-08-09 00:00:00+00:00
[2026-08-09T17:05:53.370+0000] {processor.py:208} INFO - Processing /home/airflow/.local/lib/python3.12/site-packages/airflow/example_dags/example_branch_day_of_week_operator.py took 0.129 seconds
[2026-08-09T17:06:24.713+0000] {processor.py:186} INFO - Started process (PID=25467) to work on /home/airflow/.local/lib/python3.12/site-packages/airflow/example_dags/example_branch_day_of_week_operator.py
[2026-08-09T17:06:24.715+0000] {processor.py:914} INFO - Processing file /home/airflow/.local/lib/python3.12/site-packages/airflow/example_dags/example_branch_day_of_week_operator.py for tasks to queue
[2026-08-09T17:06:24.718+0000] {logging_mixin.py:190} INFO - [2026-08-09T17:06:24.718+0000] {dagbag.py:588} INFO - Filling up the DagBag from /home/airflow/.local/lib/python3.12/site-packages/airflow/example_dags/example_branch_day_of_week_operator.py
[2026-08-09T17:06:24.731+0000] {processor.py:925} INFO - DAG(s) 'example_weekday_branch_operator' retrieved from /home/airflow/.local/lib/python3.12/site-packages/airflow/example_dags/example_branch_day_of_week_operator.py
[2026-08-09T17:06:24.754+0000] {logging_mixin.py:190} INFO - [2026-08-09T17:06:24.753+0000] {dag.py:3239} INFO - Sync 1 DAGs
[2026-08-09T17:06:24.784+0000] {logging_mixin.py:190} INFO - [2026-08-09T17:06:24.784+0000] {dag.py:4180} INFO - Setting next_dagrun for example_weekday_branch_operator to 2026-08-08 00:00:00+00:00, run_after=2026-08-09 00:00:00+00:00
[2026-08-09T17:06:24.807+0000] {processor.py:208} INFO - Processing /home/airflow/.local/lib/python3.12/site-packages/airflow/example_dags/example_branch_day_of_week_operator.py took 0.101 seconds
[2026-08-09T17:06:56.325+0000] {processor.py:186} INFO - Started process (PID=25534) to work on /home/airflow/.local/lib/python3.12/site-packages/airflow/example_dags/example_branch_day_of_week_operator.py
[2026-08-09T17:06:56.327+0000] {processor.py:914} INFO - Processing file /home/airflow/.local/lib/python3.12/site-packages/airflow/example_dags/example_branch_day_of_week_operator.py for tasks to queue
[2026-08-09T17:06:56.332+0000] {logging_mixin.py:190} INFO - [2026-08-09T17:06:56.331+0000] {dagbag.py:588} INFO - Filling up the DagBag from /home/airflow/.local/lib/python3.12/site-packages/airflow/example_dags/example_branch_day_of_week_operator.py
[2026-08-09T17:06:56.343+0000] {processor.py:925} INFO - DAG(s) 'example_weekday_branch_operator' retrieved from /home/airflow/.local/lib/python3.12/site-packages/airflow/example_dags/example_branch_day_of_week_operator.py
[2026-08-09T17:06:56.366+0000] {logging_mixin.py:190} INFO - [2026-08-09T17:06:56.366+0000] {dag.py:3239} INFO - Sync 1 DAGs
[2026-08-09T17:06:56.392+0000] {logging_mixin.py:190} INFO - [2026-08-09T17:06:56.392+0000] {dag.py:4180} INFO - Setting next_dagrun for example_weekday_branch_operator to 2026-08-08 00:00:00+00:00, run_after=2026-08-09 00:00:00+00:00
[2026-08-09T17:06:56.416+0000] {processor.py:208} INFO - Processing /home/airflow/.local/lib/python3.12/site-packages/airflow/example_dags/example_branch_day_of_week_operator.py took 0.097 seconds
[2026-08-09T17:07:27.356+0000] {processor.py:186} INFO - Started process (PID=25605) to work on /home/airflow/.local/lib/python3.12/site-packages/airflow/example_dags/example_branch_day_of_week_operator.py
[2026-08-09T17:07:27.358+0000] {processor.py:914} INFO - Processing file /home/airflow/.local/lib/python3.12/site-packages/airflow/example_dags/example_branch_day_of_week_operator.py for tasks to queue
[2026-08-09T17:07:27.361+0000] {logging_mixin.py:190} INFO - [2026-08-09T17:07:27.361+0000] {dagbag.py:588} INFO - Filling up the DagBag from /home/airflow/.local/lib/python3.12/site-packages/airflow/example_dags/example_branch_day_of_week_operator.py
[2026-08-09T17:07:27.374+0000] {processor.py:925} INFO - DAG(s) 'example_weekday_branch_operator' retrieved from /home/airflow/.local/lib/python3.12/site-packages/airflow/example_dags/example_branch_day_of_week_operator.py
[2026-08-09T17:07:27.396+0000] {logging_mixin.py:190} INFO - [2026-08-09T17:07:27.396+0000] {dag.py:3239} INFO - Sync 1 DAGs
[2026-08-09T17:07:27.423+0000] {logging_mixin.py:190} INFO - [2026-08-09T17:07:27.423+0000] {dag.py:4180} INFO - Setting next_dagrun for example_weekday_branch_operator to 2026-08-08 00:00:00+00:00, run_after=2026-08-09 00:00:00+00:00
[2026-08-09T17:07:27.445+0000] {processor.py:208} INFO - Processing /home/airflow/.local/lib/python3.12/site-packages/airflow/example_dags/example_branch_day_of_week_operator.py took 0.094 seconds
[2026-08-09T17:07:58.561+0000] {processor.py:186} INFO - Started process (PID=25672) to work on /home/airflow/.local/lib/python3.12/site-packages/airflow/example_dags/example_branch_day_of_week_operator.py
[2026-08-09T17:07:58.563+0000] {processor.py:914} INFO - Processing file /home/airflow/.local/lib/python3.12/site-packages/airflow/example_dags/example_branch_day_of_week_operator.py for tasks to queue
[2026-08-09T17:07:58.566+0000] {logging_mixin.py:190} INFO - [2026-08-09T17:07:58.566+0000] {dagbag.py:588} INFO - Filling up the DagBag from /home/airflow/.local/lib/python3.12/site-packages/airflow/example_dags/example_branch_day_of_week_operator.py
[2026-08-09T17:07:58.579+0000] {processor.py:925} INFO - DAG(s) 'example_weekday_branch_operator' retrieved from /home/airflow/.local/lib/python3.12/site-packages/airflow/example_dags/example_branch_day_of_week_operator.py
[2026-08-09T17:07:58.606+0000] {logging_mixin.py:190} INFO - [2026-08-09T17:07:58.606+0000] {dag.py:3239} INFO - Sync 1 DAGs
[2026-08-09T17:07:58.642+0000] {logging_mixin.py:190} INFO - [2026-08-09T17:07:58.642+0000] {dag.py:4180} INFO - Setting next_dagrun for example_weekday_branch_operator to 2026-08-08 00:00:00+00:00, run_after=2026-08-09 00:00:00+00:00
[2026-08-09T17:07:58.665+0000] {processor.py:208} INFO - Processing /home/airflow/.local/lib/python3.12/site-packages/airflow/example_dags/example_branch_day_of_week_operator.py took 0.112 seconds
[2026-08-09T17:08:28.814+0000] {processor.py:186} INFO - Started process (PID=25736) to work on /home/airflow/.local/lib/python3.12/site-packages/airflow/example_dags/example_branch_day_of_week_operator.py
[2026-08-09T17:08:28.815+0000] {processor.py:914} INFO - Processing file /home/airflow/.local/lib/python3.12/site-packages/airflow/example_dags/example_branch_day_of_week_operator.py for tasks to queue
[2026-08-09T17:08:28.819+0000] {logging_mixin.py:190} INFO - [2026-08-09T17:08:28.818+0000] {dagbag.py:588} INFO - Filling up the DagBag from /home/airflow/.local/lib/python3.12/site-packages/airflow/example_dags/example_branch_day_of_week_operator.py
[2026-08-09T17:08:28.830+0000] {processor.py:925} INFO - DAG(s) 'example_weekday_branch_operator' retrieved from /home/airflow/.local/lib/python3.12/site-packages/airflow/example_dags/example_branch_day_of_week_operator.py
[2026-08-09T17:08:28.853+0000] {logging_mixin.py:190} INFO - [2026-08-09T17:08:28.853+0000] {dag.py:3239} INFO - Sync 1 DAGs
[2026-08-09T17:08:28.883+0000] {logging_mixin.py:190} INFO - [2026-08-09T17:08:28.883+0000] {dag.py:4180} INFO - Setting next_dagrun for example_weekday_branch_operator to 2026-08-08 00:00:00+00:00, run_after=2026-08-09 00:00:00+00:00
[2026-08-09T17:08:28.905+0000] {processor.py:208} INFO - Processing /home/airflow/.local/lib/python3.12/site-packages/airflow/example_dags/example_branch_day_of_week_operator.py took 0.098 seconds
[2026-08-09T17:09:00.296+0000] {processor.py:186} INFO - Started process (PID=25804) to work on /home/airflow/.local/lib/python3.12/site-packages/airflow/example_dags/example_branch_day_of_week_operator.py
[2026-08-09T17:09:00.298+0000] {processor.py:914} INFO - Processing file /home/airflow/.local/lib/python3.12/site-packages/airflow/example_dags/example_branch_day_of_week_operator.py for tasks to queue
[2026-08-09T17:09:00.303+0000] {logging_mixin.py:190} INFO - [2026-08-09T17:09:00.302+0000] {dagbag.py:588} INFO - Filling up the DagBag from /home/airflow/.local/lib/python3.12/site-packages/airflow/example_dags/example_branch_day_of_week_operator.py
[2026-08-09T17:09:00.322+0000] {processor.py:925} INFO - DAG(s) 'example_weekday_branch_operator' retrieved from /home/airflow/.local/lib/python3.12/site-packages/airflow/example_dags/example_branch_day_of_week_operator.py
[2026-08-09T17:09:00.354+0000] {logging_mixin.py:190} INFO - [2026-08-09T17:09:00.354+0000] {dag.py:3239} INFO - Sync 1 DAGs
[2026-08-09T17:09:00.397+0000] {logging_mixin.py:190} INFO - [2026-08-09T17:09:00.397+0000] {dag.py:4180} INFO - Setting next_dagrun for example_weekday_branch_operator to 2026-08-08 00:00:00+00:00, run_after=2026-08-09 00:00:00+00:00
[2026-08-09T17:09:00.434+0000] {processor.py:208} INFO - Processing /home/airflow/.local/lib/python3.12/site-packages/airflow/example_dags/example_branch_day_of_week_operator.py took 0.149 seconds
[2026-08-09T17:09:31.858+0000] {processor.py:186} INFO - Started process (PID=25869) to work on /home/airflow/.local/lib/python3.12/site-packages/airflow/example_dags/example_branch_day_of_week_operator.py
[2026-08-09T17:09:31.859+0000] {processor.py:914} INFO - Processing file /home/airflow/.local/lib/python3.12/site-packages/airflow/example_dags/example_branch_day_of_week_operator.py for tasks to queue
[2026-08-09T17:09:31.862+0000] {logging_mixin.py:190} INFO - [2026-08-09T17:09:31.862+0000] {dagbag.py:588} INFO - Filling up the DagBag from /home/airflow/.local/lib/python3.12/site-packages/airflow/example_dags/example_branch_day_of_week_operator.py
[2026-08-09T17:09:31.878+0000] {processor.py:925} INFO - DAG(s) 'example_weekday_branch_operator' retrieved from /home/airflow/.local/lib/python3.12/site-packages/airflow/example_dags/example_branch_day_of_week_operator.py
[2026-08-09T17:09:31.904+0000] {logging_mixin.py:190} INFO - [2026-08-09T17:09:31.904+0000] {dag.py:3239} INFO - Sync 1 DAGs
[2026-08-09T17:09:31.954+0000] {logging_mixin.py:190} INFO - [2026-08-09T17:09:31.954+0000] {dag.py:4180} INFO - Setting next_dagrun for example_weekday_branch_operator to 2026-08-08 00:00:00+00:00, run_after=2026-08-09 00:00:00+00:00
[2026-08-09T17:09:31.980+0000] {processor.py:208} INFO - Processing /home/airflow/.local/lib/python3.12/site-packages/airflow/example_dags/example_branch_day_of_week_operator.py took 0.130 seconds
[2026-08-09T17:10:03.289+0000] {processor.py:186} INFO - Started process (PID=25938) to work on /home/airflow/.local/lib/python3.12/site-packages/airflow/example_dags/example_branch_day_of_week_operator.py
[2026-08-09T17:10:03.291+0000] {processor.py:914} INFO - Processing file /home/airflow/.local/lib/python3.12/site-packages/airflow/example_dags/example_branch_day_of_week_operator.py for tasks to queue
[2026-08-09T17:10:03.296+0000] {logging_mixin.py:190} INFO - [2026-08-09T17:10:03.296+0000] {dagbag.py:588} INFO - Filling up the DagBag from /home/airflow/.local/lib/python3.12/site-packages/airflow/example_dags/example_branch_day_of_week_operator.py
[2026-08-09T17:10:03.319+0000] {processor.py:925} INFO - DAG(s) 'example_weekday_branch_operator' retrieved from /home/airflow/.local/lib/python3.12/site-packages/airflow/example_dags/example_branch_day_of_week_operator.py
[2026-08-09T17:10:03.353+0000] {logging_mixin.py:190} INFO - [2026-08-09T17:10:03.352+0000] {dag.py:3239} INFO - Sync 1 DAGs
[2026-08-09T17:10:03.392+0000] {logging_mixin.py:190} INFO - [2026-08-09T17:10:03.392+0000] {dag.py:4180} INFO - Setting next_dagrun for example_weekday_branch_operator to 2026-08-08 00:00:00+00:00, run_after=2026-08-09 00:00:00+00:00
[2026-08-09T17:10:03.425+0000] {processor.py:208} INFO - Processing /home/airflow/.local/lib/python3.12/site-packages/airflow/example_dags/example_branch_day_of_week_operator.py took 0.148 seconds
[2026-08-09T17:10:33.900+0000] {processor.py:186} INFO - Started process (PID=26004) to work on /home/airflow/.local/lib/python3.12/site-packages/airflow/example_dags/example_branch_day_of_week_operator.py
[2026-08-09T17:10:33.902+0000] {processor.py:914} INFO - Processing file /home/airflow/.local/lib/python3.12/site-packages/airflow/example_dags/example_branch_day_of_week_operator.py for tasks to queue
[2026-08-09T17:10:33.905+0000] {logging_mixin.py:190} INFO - [2026-08-09T17:10:33.905+0000] {dagbag.py:588} INFO - Filling up the DagBag from /home/airflow/.local/lib/python3.12/site-packages/airflow/example_dags/example_branch_day_of_week_operator.py
[2026-08-09T17:10:33.918+0000] {processor.py:925} INFO - DAG(s) 'example_weekday_branch_operator' retrieved from /home/airflow/.local/lib/python3.12/site-packages/airflow/example_dags/example_branch_day_of_week_operator.py
[2026-08-09T17:10:33.943+0000] {logging_mixin.py:190} INFO - [2026-08-09T17:10:33.942+0000] {dag.py:3239} INFO - Sync 1 DAGs
[2026-08-09T17:10:33.971+0000] {logging_mixin.py:190} INFO - [2026-08-09T17:10:33.971+0000] {dag.py:4180} INFO - Setting next_dagrun for example_weekday_branch_operator to 2026-08-08 00:00:00+00:00, run_after=2026-08-09 00:00:00+00:00
[2026-08-09T17:10:33.995+0000] {processor.py:208} INFO - Processing /home/airflow/.local/lib/python3.12/site-packages/airflow/example_dags/example_branch_day_of_week_operator.py took 0.103 seconds
[2026-08-09T17:11:05.139+0000] {processor.py:186} INFO - Started process (PID=26071) to work on /home/airflow/.local/lib/python3.12/site-packages/airflow/example_dags/example_branch_day_of_week_operator.py
[2026-08-09T17:11:05.140+0000] {processor.py:914} INFO - Processing file /home/airflow/.local/lib/python3.12/site-packages/airflow/example_dags/example_branch_day_of_week_operator.py for tasks to queue
[2026-08-09T17:11:05.144+0000] {logging_mixin.py:190} INFO - [2026-08-09T17:11:05.143+0000] {dagbag.py:588} INFO - Filling up the DagBag from /home/airflow/.local/lib/python3.12/site-packages/airflow/example_dags/example_branch_day_of_week_operator.py
[2026-08-09T17:11:05.157+0000] {processor.py:925} INFO - DAG(s) 'example_weekday_branch_operator' retrieved from /home/airflow/.local/lib/python3.12/site-packages/airflow/example_dags/example_branch_day_of_week_operator.py
[2026-08-09T17:11:05.182+0000] {logging_mixin.py:190} INFO - [2026-08-09T17:11:05.182+0000] {dag.py:3239} INFO - Sync 1 DAGs
[2026-08-09T17:11:05.216+0000] {logging_mixin.py:190} INFO - [2026-08-09T17:11:05.215+0000] {dag.py:4180} INFO - Setting next_dagrun for example_weekday_branch_operator to 2026-08-08 00:00:00+00:00, run_after=2026-08-09 00:00:00+00:00
[2026-08-09T17:11:05.238+0000] {processor.py:208} INFO - Processing /home/airflow/.local/lib/python3.12/site-packages/airflow/example_dags/example_branch_day_of_week_operator.py took 0.106 seconds
[2026-08-09T17:11:35.504+0000] {processor.py:186} INFO - Started process (PID=26136) to work on /home/airflow/.local/lib/python3.12/site-packages/airflow/example_dags/example_branch_day_of_week_operator.py
[2026-08-09T17:11:35.505+0000] {processor.py:914} INFO - Processing file /home/airflow/.local/lib/python3.12/site-packages/airflow/example_dags/example_branch_day_of_week_operator.py for tasks to queue
[2026-08-09T17:11:35.509+0000] {logging_mixin.py:190} INFO - [2026-08-09T17:11:35.508+0000] {dagbag.py:588} INFO - Filling up the DagBag from /home/airflow/.local/lib/python3.12/site-packages/airflow/example_dags/example_branch_day_of_week_operator.py
[2026-08-09T17:11:35.520+0000] {processor.py:925} INFO - DAG(s) 'example_weekday_branch_operator' retrieved from /home/airflow/.local/lib/python3.12/site-packages/airflow/example_dags/example_branch_day_of_week_operator.py
[2026-08-09T17:11:35.548+0000] {logging_mixin.py:190} INFO - [2026-08-09T17:11:35.548+0000] {dag.py:3239} INFO - Sync 1 DAGs
[2026-08-09T17:11:35.585+0000] {logging_mixin.py:190} INFO - [2026-08-09T17:11:35.584+0000] {dag.py:4180} INFO - Setting next_dagrun for example_weekday_branch_operator to 2026-08-08 00:00:00+00:00, run_after=2026-08-09 00:00:00+00:00
[2026-08-09T17:11:35.610+0000] {processor.py:208} INFO - Processing /home/airflow/.local/lib/python3.12/site-packages/airflow/example_dags/example_branch_day_of_week_operator.py took 0.115 seconds
[2026-08-09T17:12:06.205+0000] {processor.py:186} INFO - Started process (PID=26200) to work on /home/airflow/.local/lib/python3.12/site-packages/airflow/example_dags/example_branch_day_of_week_operator.py
[2026-08-09T17:12:06.207+0000] {processor.py:914} INFO - Processing file /home/airflow/.local/lib/python3.12/site-packages/airflow/example_dags/example_branch_day_of_week_operator.py for tasks to queue
[2026-08-09T17:12:06.211+0000] {logging_mixin.py:190} INFO - [2026-08-09T17:12:06.211+0000] {dagbag.py:588} INFO - Filling up the DagBag from /home/airflow/.local/lib/python3.12/site-packages/airflow/example_dags/example_branch_day_of_week_operator.py
[2026-08-09T17:12:06.224+0000] {processor.py:925} INFO - DAG(s) 'example_weekday_branch_operator' retrieved from /home/airflow/.local/lib/python3.12/site-packages/airflow/example_dags/example_branch_day_of_week_operator.py
[2026-08-09T17:12:06.248+0000] {logging_mixin.py:190} INFO - [2026-08-09T17:12:06.247+0000] {dag.py:3239} INFO - Sync 1 DAGs
[2026-08-09T17:12:06.279+0000] {logging_mixin.py:190} INFO - [2026-08-09T17:12:06.279+0000] {dag.py:4180} INFO - Setting next_dagrun for example_weekday_branch_operator to 2026-08-08 00:00:00+00:00, run_after=2026-08-09 00:00:00+00:00
[2026-08-09T17:12:06.303+0000] {processor.py:208} INFO - Processing /home/airflow/.local/lib/python3.12/site-packages/airflow/example_dags/example_branch_day_of_week_operator.py took 0.109 seconds
[2026-08-09T17:12:36.892+0000] {processor.py:186} INFO - Started process (PID=26265) to work on /home/airflow/.local/lib/python3.12/site-packages/airflow/example_dags/example_branch_day_of_week_operator.py
[2026-08-09T17:12:36.894+0000] {processor.py:914} INFO - Processing file /home/airflow/.local/lib/python3.12/site-packages/airflow/example_dags/example_branch_day_of_week_operator.py for tasks to queue
[2026-08-09T17:12:36.897+0000] {logging_mixin.py:190} INFO - [2026-08-09T17:12:36.896+0000] {dagbag.py:588} INFO - Filling up the DagBag from /home/airflow/.local/lib/python3.12/site-packages/airflow/example_dags/example_branch_day_of_week_operator.py
[2026-08-09T17:12:36.910+0000] {processor.py:925} INFO - DAG(s) 'example_weekday_branch_operator' retrieved from /home/airflow/.local/lib/python3.12/site-packages/airflow/example_dags/example_branch_day_of_week_operator.py
[2026-08-09T17:12:36.938+0000] {logging_mixin.py:190} INFO - [2026-08-09T17:12:36.937+0000] {dag.py:3239} INFO - Sync 1 DAGs
[2026-08-09T17:12:36.970+0000] {logging_mixin.py:190} INFO - [2026-08-09T17:12:36.970+0000] {dag.py:4180} INFO - Setting next_dagrun for example_weekday_branch_operator to 2026-08-08 00:00:00+00:00, run_after=2026-08-09 00:00:00+00:00
[2026-08-09T17:12:36.993+0000] {processor.py:208} INFO - Processing /home/airflow/.local/lib/python3.12/site-packages/airflow/example_dags/example_branch_day_of_week_operator.py took 0.109 seconds
[2026-08-09T17:13:07.390+0000] {processor.py:186} INFO - Started process (PID=26330) to work on /home/airflow/.local/lib/python3.12/site-packages/airflow/example_dags/example_branch_day_of_week_operator.py
[2026-08-09T17:13:07.391+0000] {processor.py:914} INFO - Processing file /home/airflow/.local/lib/python3.12/site-packages/airflow/example_dags/example_branch_day_of_week_operator.py for tasks to queue
[2026-08-09T17:13:07.398+0000] {logging_mixin.py:190} INFO - [2026-08-09T17:13:07.397+0000] {dagbag.py:588} INFO - Filling up the DagBag from /home/airflow/.local/lib/python3.12/site-packages/airflow/example_dags/example_branch_day_of_week_operator.py
[2026-08-09T17:13:07.413+0000] {processor.py:925} INFO - DAG(s) 'example_weekday_branch_operator' retrieved from /home/airflow/.local/lib/python3.12/site-packages/airflow/example_dags/example_branch_day_of_week_operator.py
[2026-08-09T17:13:07.444+0000] {logging_mixin.py:190} INFO - [2026-08-09T17:13:07.444+0000] {dag.py:3239} INFO - Sync 1 DAGs
[2026-08-09T17:13:07.482+0000] {logging_mixin.py:190} INFO - [2026-08-09T17:13:07.482+0000] {dag.py:4180} INFO - Setting next_dagrun for example_weekday_branch_operator to 2026-08-08 00:00:00+00:00, run_after=2026-08-09 00:00:00+00:00
[2026-08-09T17:13:07.510+0000] {processor.py:208} INFO - Processing /home/airflow/.local/lib/python3.12/site-packages/airflow/example_dags/example_branch_day_of_week_operator.py took 0.130 seconds
[2026-08-09T17:13:38.165+0000] {processor.py:186} INFO - Started process (PID=26395) to work on /home/airflow/.local/lib/python3.12/site-packages/airflow/example_dags/example_branch_day_of_week_operator.py
[2026-08-09T17:13:38.166+0000] {processor.py:914} INFO - Processing file /home/airflow/.local/lib/python3.12/site-packages/airflow/example_dags/example_branch_day_of_week_operator.py for tasks to queue
[2026-08-09T17:13:38.170+0000] {logging_mixin.py:190} INFO - [2026-08-09T17:13:38.170+0000] {dagbag.py:588} INFO - Filling up the DagBag from /home/airflow/.local/lib/python3.12/site-packages/airflow/example_dags/example_branch_day_of_week_operator.py
[2026-08-09T17:13:38.186+0000] {processor.py:925} INFO - DAG(s) 'example_weekday_branch_operator' retrieved from /home/airflow/.local/lib/python3.12/site-packages/airflow/example_dags/example_branch_day_of_week_operator.py
[2026-08-09T17:13:38.214+0000] {logging_mixin.py:190} INFO - [2026-08-09T17:13:38.214+0000] {dag.py:3239} INFO - Sync 1 DAGs
[2026-08-09T17:13:38.271+0000] {logging_mixin.py:190} INFO - [2026-08-09T17:13:38.271+0000] {dag.py:4180} INFO - Setting next_dagrun for example_weekday_branch_operator to 2026-08-08 00:00:00+00:00, run_after=2026-08-09 00:00:00+00:00
[2026-08-09T17:13:38.328+0000] {processor.py:208} INFO - Processing /home/airflow/.local/lib/python3.12/site-packages/airflow/example_dags/example_branch_day_of_week_operator.py took 0.169 seconds
[2026-08-09T17:14:08.814+0000] {processor.py:186} INFO - Started process (PID=26460) to work on /home/airflow/.local/lib/python3.12/site-packages/airflow/example_dags/example_branch_day_of_week_operator.py
[2026-08-09T17:14:08.815+0000] {processor.py:914} INFO - Processing file /home/airflow/.local/lib/python3.12/site-packages/airflow/example_dags/example_branch_day_of_week_operator.py for tasks to queue
[2026-08-09T17:14:08.818+0000] {logging_mixin.py:190} INFO - [2026-08-09T17:14:08.818+0000] {dagbag.py:588} INFO - Filling up the DagBag from /home/airflow/.local/lib/python3.12/site-packages/airflow/example_dags/example_branch_day_of_week_operator.py
[2026-08-09T17:14:08.830+0000] {processor.py:925} INFO - DAG(s) 'example_weekday_branch_operator' retrieved from /home/airflow/.local/lib/python3.12/site-packages/airflow/example_dags/example_branch_day_of_week_operator.py
[2026-08-09T17:14:08.856+0000] {logging_mixin.py:190} INFO - [2026-08-09T17:14:08.856+0000] {dag.py:3239} INFO - Sync 1 DAGs
[2026-08-09T17:14:08.885+0000] {logging_mixin.py:190} INFO - [2026-08-09T17:14:08.885+0000] {dag.py:4180} INFO - Setting next_dagrun for example_weekday_branch_operator to 2026-08-08 00:00:00+00:00, run_after=2026-08-09 00:00:00+00:00
[2026-08-09T17:14:08.909+0000] {processor.py:208} INFO - Processing /home/airflow/.local/lib/python3.12/site-packages/airflow/example_dags/example_branch_day_of_week_operator.py took 0.102 seconds
[2026-08-09T17:14:39.737+0000] {processor.py:186} INFO - Started process (PID=26525) to work on /home/airflow/.local/lib/python3.12/site-packages/airflow/example_dags/example_branch_day_of_week_operator.py
[2026-08-09T17:14:39.738+0000] {processor.py:914} INFO - Processing file /home/airflow/.local/lib/python3.12/site-packages/airflow/example_dags/example_branch_day_of_week_operator.py for tasks to queue
[2026-08-09T17:14:39.741+0000] {logging_mixin.py:190} INFO - [2026-08-09T17:14:39.741+0000] {dagbag.py:588} INFO - Filling up the DagBag from /home/airflow/.local/lib/python3.12/site-packages/airflow/example_dags/example_branch_day_of_week_operator.py
[2026-08-09T17:14:39.758+0000] {processor.py:925} INFO - DAG(s) 'example_weekday_branch_operator' retrieved from /home/airflow/.local/lib/python3.12/site-packages/airflow/example_dags/example_branch_day_of_week_operator.py
[2026-08-09T17:14:39.782+0000] {logging_mixin.py:190} INFO - [2026-08-09T17:14:39.781+0000] {dag.py:3239} INFO - Sync 1 DAGs
[2026-08-09T17:14:39.809+0000] {logging_mixin.py:190} INFO - [2026-08-09T17:14:39.809+0000] {dag.py:4180} INFO - Setting next_dagrun for example_weekday_branch_operator to 2026-08-08 00:00:00+00:00, run_after=2026-08-09 00:00:00+00:00
[2026-08-09T17:14:39.832+0000] {processor.py:208} INFO - Processing /home/airflow/.local/lib/python3.12/site-packages/airflow/example_dags/example_branch_day_of_week_operator.py took 0.103 seconds
[2026-08-09T17:15:10.165+0000] {processor.py:186} INFO - Started process (PID=26590) to work on /home/airflow/.local/lib/python3.12/site-packages/airflow/example_dags/example_branch_day_of_week_operator.py
[2026-08-09T17:15:10.167+0000] {processor.py:914} INFO - Processing file /home/airflow/.local/lib/python3.12/site-packages/airflow/example_dags/example_branch_day_of_week_operator.py for tasks to queue
[2026-08-09T17:15:10.171+0000] {logging_mixin.py:190} INFO - [2026-08-09T17:15:10.170+0000] {dagbag.py:588} INFO - Filling up the DagBag from /home/airflow/.local/lib/python3.12/site-packages/airflow/example_dags/example_branch_day_of_week_operator.py
[2026-08-09T17:15:10.186+0000] {processor.py:925} INFO - DAG(s) 'example_weekday_branch_operator' retrieved from /home/airflow/.local/lib/python3.12/site-packages/airflow/example_dags/example_branch_day_of_week_operator.py
[2026-08-09T17:15:10.212+0000] {logging_mixin.py:190} INFO - [2026-08-09T17:15:10.212+0000] {dag.py:3239} INFO - Sync 1 DAGs
[2026-08-09T17:15:10.241+0000] {logging_mixin.py:190} INFO - [2026-08-09T17:15:10.240+0000] {dag.py:4180} INFO - Setting next_dagrun for example_weekday_branch_operator to 2026-08-08 00:00:00+00:00, run_after=2026-08-09 00:00:00+00:00
[2026-08-09T17:15:10.262+0000] {processor.py:208} INFO - Processing /home/airflow/.local/lib/python3.12/site-packages/airflow/example_dags/example_branch_day_of_week_operator.py took 0.105 seconds
[2026-08-09T17:15:40.760+0000] {processor.py:186} INFO - Started process (PID=26655) to work on /home/airflow/.local/lib/python3.12/site-packages/airflow/example_dags/example_branch_day_of_week_operator.py
[2026-08-09T17:15:40.761+0000] {processor.py:914} INFO - Processing file /home/airflow/.local/lib/python3.12/site-packages/airflow/example_dags/example_branch_day_of_week_operator.py for tasks to queue
[2026-08-09T17:15:40.765+0000] {logging_mixin.py:190} INFO - [2026-08-09T17:15:40.764+0000] {dagbag.py:588} INFO - Filling up the DagBag from /home/airflow/.local/lib/python3.12/site-packages/airflow/example_dags/example_branch_day_of_week_operator.py
[2026-08-09T17:15:40.780+0000] {processor.py:925} INFO - DAG(s) 'example_weekday_branch_operator' retrieved from /home/airflow/.local/lib/python3.12/site-packages/airflow/example_dags/example_branch_day_of_week_operator.py
[2026-08-09T17:15:40.814+0000] {logging_mixin.py:190} INFO - [2026-08-09T17:15:40.814+0000] {dag.py:3239} INFO - Sync 1 DAGs
[2026-08-09T17:15:40.854+0000] {logging_mixin.py:190} INFO - [2026-08-09T17:15:40.854+0000] {dag.py:4180} INFO - Setting next_dagrun for example_weekday_branch_operator to 2026-08-08 00:00:00+00:00, run_after=2026-08-09 00:00:00+00:00
[2026-08-09T17:15:40.881+0000] {processor.py:208} INFO - Processing /home/airflow/.local/lib/python3.12/site-packages/airflow/example_dags/example_branch_day_of_week_operator.py took 0.130 seconds
[2026-08-09T17:16:10.927+0000] {processor.py:186} INFO - Started process (PID=26720) to work on /home/airflow/.local/lib/python3.12/site-packages/airflow/example_dags/example_branch_day_of_week_operator.py
[2026-08-09T17:16:10.929+0000] {processor.py:914} INFO - Processing file /home/airflow/.local/lib/python3.12/site-packages/airflow/example_dags/example_branch_day_of_week_operator.py for tasks to queue
[2026-08-09T17:16:10.932+0000] {logging_mixin.py:190} INFO - [2026-08-09T17:16:10.932+0000] {dagbag.py:588} INFO - Filling up the DagBag from /home/airflow/.local/lib/python3.12/site-packages/airflow/example_dags/example_branch_day_of_week_operator.py
[2026-08-09T17:16:10.947+0000] {processor.py:925} INFO - DAG(s) 'example_weekday_branch_operator' retrieved from /home/airflow/.local/lib/python3.12/site-packages/airflow/example_dags/example_branch_day_of_week_operator.py
[2026-08-09T17:16:10.968+0000] {logging_mixin.py:190} INFO - [2026-08-09T17:16:10.968+0000] {dag.py:3239} INFO - Sync 1 DAGs
[2026-08-09T17:16:11.001+0000] {logging_mixin.py:190} INFO - [2026-08-09T17:16:11.001+0000] {dag.py:4180} INFO - Setting next_dagrun for example_weekday_branch_operator to 2026-08-08 00:00:00+00:00, run_after=2026-08-09 00:00:00+00:00
[2026-08-09T17:16:11.024+0000] {processor.py:208} INFO - Processing /home/airflow/.local/lib/python3.12/site-packages/airflow/example_dags/example_branch_day_of_week_operator.py took 0.104 seconds
[2026-08-09T17:16:41.383+0000] {processor.py:186} INFO - Started process (PID=26785) to work on /home/airflow/.local/lib/python3.12/site-packages/airflow/example_dags/example_branch_day_of_week_operator.py
[2026-08-09T17:16:41.384+0000] {processor.py:914} INFO - Processing file /home/airflow/.local/lib/python3.12/site-packages/airflow/example_dags/example_branch_day_of_week_operator.py for tasks to queue
[2026-08-09T17:16:41.388+0000] {logging_mixin.py:190} INFO - [2026-08-09T17:16:41.387+0000] {dagbag.py:588} INFO - Filling up the DagBag from /home/airflow/.local/lib/python3.12/site-packages/airflow/example_dags/example_branch_day_of_week_operator.py
[2026-08-09T17:16:41.400+0000] {processor.py:925} INFO - DAG(s) 'example_weekday_branch_operator' retrieved from /home/airflow/.local/lib/python3.12/site-packages/airflow/example_dags/example_branch_day_of_week_operator.py
[2026-08-09T17:16:41.425+0000] {logging_mixin.py:190} INFO - [2026-08-09T17:16:41.425+0000] {dag.py:3239} INFO - Sync 1 DAGs
[2026-08-09T17:16:41.455+0000] {logging_mixin.py:190} INFO - [2026-08-09T17:16:41.455+0000] {dag.py:4180} INFO - Setting next_dagrun for example_weekday_branch_operator to 2026-08-08 00:00:00+00:00, run_after=2026-08-09 00:00:00+00:00
[2026-08-09T17:16:41.479+0000] {processor.py:208} INFO - Processing /home/airflow/.local/lib/python3.12/site-packages/airflow/example_dags/example_branch_day_of_week_operator.py took 0.102 seconds
[2026-08-09T17:17:11.720+0000] {processor.py:186} INFO - Started process (PID=26850) to work on /home/airflow/.local/lib/python3.12/site-packages/airflow/example_dags/example_branch_day_of_week_operator.py
[2026-08-09T17:17:11.722+0000] {processor.py:914} INFO - Processing file /home/airflow/.local/lib/python3.12/site-packages/airflow/example_dags/example_branch_day_of_week_operator.py for tasks to queue
[2026-08-09T17:17:11.726+0000] {logging_mixin.py:190} INFO - [2026-08-09T17:17:11.725+0000] {dagbag.py:588} INFO - Filling up the DagBag from /home/airflow/.local/lib/python3.12/site-packages/airflow/example_dags/example_branch_day_of_week_operator.py
[2026-08-09T17:17:11.742+0000] {processor.py:925} INFO - DAG(s) 'example_weekday_branch_operator' retrieved from /home/airflow/.local/lib/python3.12/site-packages/airflow/example_dags/example_branch_day_of_week_operator.py
[2026-08-09T17:17:11.772+0000] {logging_mixin.py:190} INFO - [2026-08-09T17:17:11.772+0000] {dag.py:3239} INFO - Sync 1 DAGs
[2026-08-09T17:17:11.806+0000] {logging_mixin.py:190} INFO - [2026-08-09T17:17:11.806+0000] {dag.py:4180} INFO - Setting next_dagrun for example_weekday_branch_operator to 2026-08-08 00:00:00+00:00, run_after=2026-08-09 00:00:00+00:00
[2026-08-09T17:17:11.830+0000] {processor.py:208} INFO - Processing /home/airflow/.local/lib/python3.12/site-packages/airflow/example_dags/example_branch_day_of_week_operator.py took 0.118 seconds
[2026-08-09T17:17:42.106+0000] {processor.py:186} INFO - Started process (PID=26915) to work on /home/airflow/.local/lib/python3.12/site-packages/airflow/example_dags/example_branch_day_of_week_operator.py
[2026-08-09T17:17:42.108+0000] {processor.py:914} INFO - Processing file /home/airflow/.local/lib/python3.12/site-packages/airflow/example_dags/example_branch_day_of_week_operator.py for tasks to queue
[2026-08-09T17:17:42.112+0000] {logging_mixin.py:190} INFO - [2026-08-09T17:17:42.111+0000] {dagbag.py:588} INFO - Filling up the DagBag from /home/airflow/.local/lib/python3.12/site-packages/airflow/example_dags/example_branch_day_of_week_operator.py
[2026-08-09T17:17:42.128+0000] {processor.py:925} INFO - DAG(s) 'example_weekday_branch_operator' retrieved from /home/airflow/.local/lib/python3.12/site-packages/airflow/example_dags/example_branch_day_of_week_operator.py
[2026-08-09T17:17:42.160+0000] {logging_mixin.py:190} INFO - [2026-08-09T17:17:42.159+0000] {dag.py:3239} INFO - Sync 1 DAGs
[2026-08-09T17:17:42.198+0000] {logging_mixin.py:190} INFO - [2026-08-09T17:17:42.197+0000] {dag.py:4180} INFO - Setting next_dagrun for example_weekday_branch_operator to 2026-08-08 00:00:00+00:00, run_after=2026-08-09 00:00:00+00:00
[2026-08-09T17:17:42.221+0000] {processor.py:208} INFO - Processing /home/airflow/.local/lib/python3.12/site-packages/airflow/example_dags/example_branch_day_of_week_operator.py took 0.127 seconds
[2026-08-09T17:18:13.004+0000] {processor.py:186} INFO - Started process (PID=26980) to work on /home/airflow/.local/lib/python3.12/site-packages/airflow/example_dags/example_branch_day_of_week_operator.py
[2026-08-09T17:18:13.006+0000] {processor.py:914} INFO - Processing file /home/airflow/.local/lib/python3.12/site-packages/airflow/example_dags/example_branch_day_of_week_operator.py for tasks to queue
[2026-08-09T17:18:13.010+0000] {logging_mixin.py:190} INFO - [2026-08-09T17:18:13.010+0000] {dagbag.py:588} INFO - Filling up the DagBag from /home/airflow/.local/lib/python3.12/site-packages/airflow/example_dags/example_branch_day_of_week_operator.py
[2026-08-09T17:18:13.029+0000] {processor.py:925} INFO - DAG(s) 'example_weekday_branch_operator' retrieved from /home/airflow/.local/lib/python3.12/site-packages/airflow/example_dags/example_branch_day_of_week_operator.py
[2026-08-09T17:18:13.057+0000] {logging_mixin.py:190} INFO - [2026-08-09T17:18:13.057+0000] {dag.py:3239} INFO - Sync 1 DAGs
[2026-08-09T17:18:13.092+0000] {logging_mixin.py:190} INFO - [2026-08-09T17:18:13.092+0000] {dag.py:4180} INFO - Setting next_dagrun for example_weekday_branch_operator to 2026-08-08 00:00:00+00:00, run_after=2026-08-09 00:00:00+00:00
[2026-08-09T17:18:13.118+0000] {processor.py:208} INFO - Processing /home/airflow/.local/lib/python3.12/site-packages/airflow/example_dags/example_branch_day_of_week_operator.py took 0.122 seconds
[2026-08-09T17:18:43.315+0000] {processor.py:186} INFO - Started process (PID=27045) to work on /home/airflow/.local/lib/python3.12/site-packages/airflow/example_dags/example_branch_day_of_week_operator.py
[2026-08-09T17:18:43.316+0000] {processor.py:914} INFO - Processing file /home/airflow/.local/lib/python3.12/site-packages/airflow/example_dags/example_branch_day_of_week_operator.py for tasks to queue
[2026-08-09T17:18:43.320+0000] {logging_mixin.py:190} INFO - [2026-08-09T17:18:43.319+0000] {dagbag.py:588} INFO - Filling up the DagBag from /home/airflow/.local/lib/python3.12/site-packages/airflow/example_dags/example_branch_day_of_week_operator.py
[2026-08-09T17:18:43.332+0000] {processor.py:925} INFO - DAG(s) 'example_weekday_branch_operator' retrieved from /home/airflow/.local/lib/python3.12/site-packages/airflow/example_dags/example_branch_day_of_week_operator.py
[2026-08-09T17:18:43.354+0000] {logging_mixin.py:190} INFO - [2026-08-09T17:18:43.354+0000] {dag.py:3239} INFO - Sync 1 DAGs
[2026-08-09T17:18:43.384+0000] {logging_mixin.py:190} INFO - [2026-08-09T17:18:43.384+0000] {dag.py:4180} INFO - Setting next_dagrun for example_weekday_branch_operator to 2026-08-08 00:00:00+00:00, run_after=2026-08-09 00:00:00+00:00
[2026-08-09T17:18:43.408+0000] {processor.py:208} INFO - Processing /home/airflow/.local/lib/python3.12/site-packages/airflow/example_dags/example_branch_day_of_week_operator.py took 0.101 seconds
[2026-08-09T17:19:13.713+0000] {processor.py:186} INFO - Started process (PID=27110) to work on /home/airflow/.local/lib/python3.12/site-packages/airflow/example_dags/example_branch_day_of_week_operator.py
[2026-08-09T17:19:13.715+0000] {processor.py:914} INFO - Processing file /home/airflow/.local/lib/python3.12/site-packages/airflow/example_dags/example_branch_day_of_week_operator.py for tasks to queue
[2026-08-09T17:19:13.719+0000] {logging_mixin.py:190} INFO - [2026-08-09T17:19:13.718+0000] {dagbag.py:588} INFO - Filling up the DagBag from /home/airflow/.local/lib/python3.12/site-packages/airflow/example_dags/example_branch_day_of_week_operator.py
[2026-08-09T17:19:13.734+0000] {processor.py:925} INFO - DAG(s) 'example_weekday_branch_operator' retrieved from /home/airflow/.local/lib/python3.12/site-packages/airflow/example_dags/example_branch_day_of_week_operator.py
[2026-08-09T17:19:13.761+0000] {logging_mixin.py:190} INFO - [2026-08-09T17:19:13.761+0000] {dag.py:3239} INFO - Sync 1 DAGs
[2026-08-09T17:19:13.794+0000] {logging_mixin.py:190} INFO - [2026-08-09T17:19:13.793+0000] {dag.py:4180} INFO - Setting next_dagrun for example_weekday_branch_operator to 2026-08-08 00:00:00+00:00, run_after=2026-08-09 00:00:00+00:00
[2026-08-09T17:19:13.817+0000] {processor.py:208} INFO - Processing /home/airflow/.local/lib/python3.12/site-packages/airflow/example_dags/example_branch_day_of_week_operator.py took 0.112 seconds
[2026-08-09T17:19:44.553+0000] {processor.py:186} INFO - Started process (PID=27175) to work on /home/airflow/.local/lib/python3.12/site-packages/airflow/example_dags/example_branch_day_of_week_operator.py
[2026-08-09T17:19:44.554+0000] {processor.py:914} INFO - Processing file /home/airflow/.local/lib/python3.12/site-packages/airflow/example_dags/example_branch_day_of_week_operator.py for tasks to queue
[2026-08-09T17:19:44.559+0000] {logging_mixin.py:190} INFO - [2026-08-09T17:19:44.558+0000] {dagbag.py:588} INFO - Filling up the DagBag from /home/airflow/.local/lib/python3.12/site-packages/airflow/example_dags/example_branch_day_of_week_operator.py
[2026-08-09T17:19:44.572+0000] {processor.py:925} INFO - DAG(s) 'example_weekday_branch_operator' retrieved from /home/airflow/.local/lib/python3.12/site-packages/airflow/example_dags/example_branch_day_of_week_operator.py
[2026-08-09T17:19:44.597+0000] {logging_mixin.py:190} INFO - [2026-08-09T17:19:44.597+0000] {dag.py:3239} INFO - Sync 1 DAGs
[2026-08-09T17:19:44.628+0000] {logging_mixin.py:190} INFO - [2026-08-09T17:19:44.627+0000] {dag.py:4180} INFO - Setting next_dagrun for example_weekday_branch_operator to 2026-08-08 00:00:00+00:00, run_after=2026-08-09 00:00:00+00:00
[2026-08-09T17:19:44.650+0000] {processor.py:208} INFO - Processing /home/airflow/.local/lib/python3.12/site-packages/airflow/example_dags/example_branch_day_of_week_operator.py took 0.105 seconds
[2026-08-09T17:20:15.575+0000] {processor.py:186} INFO - Started process (PID=27240) to work on /home/airflow/.local/lib/python3.12/site-packages/airflow/example_dags/example_branch_day_of_week_operator.py
[2026-08-09T17:20:15.576+0000] {processor.py:914} INFO - Processing file /home/airflow/.local/lib/python3.12/site-packages/airflow/example_dags/example_branch_day_of_week_operator.py for tasks to queue
[2026-08-09T17:20:15.579+0000] {logging_mixin.py:190} INFO - [2026-08-09T17:20:15.578+0000] {dagbag.py:588} INFO - Filling up the DagBag from /home/airflow/.local/lib/python3.12/site-packages/airflow/example_dags/example_branch_day_of_week_operator.py
[2026-08-09T17:20:15.591+0000] {processor.py:925} INFO - DAG(s) 'example_weekday_branch_operator' retrieved from /home/airflow/.local/lib/python3.12/site-packages/airflow/example_dags/example_branch_day_of_week_operator.py
[2026-08-09T17:20:15.614+0000] {logging_mixin.py:190} INFO - [2026-08-09T17:20:15.613+0000] {dag.py:3239} INFO - Sync 1 DAGs
[2026-08-09T17:20:15.646+0000] {logging_mixin.py:190} INFO - [2026-08-09T17:20:15.646+0000] {dag.py:4180} INFO - Setting next_dagrun for example_weekday_branch_operator to 2026-08-08 00:00:00+00:00, run_after=2026-08-09 00:00:00+00:00
[2026-08-09T17:20:15.671+0000] {processor.py:208} INFO - Processing /home/airflow/.local/lib/python3.12/site-packages/airflow/example_dags/example_branch_day_of_week_operator.py took 0.103 seconds
[2026-08-09T17:20:46.198+0000] {processor.py:186} INFO - Started process (PID=27305) to work on /home/airflow/.local/lib/python3.12/site-packages/airflow/example_dags/example_branch_day_of_week_operator.py
[2026-08-09T17:20:46.199+0000] {processor.py:914} INFO - Processing file /home/airflow/.local/lib/python3.12/site-packages/airflow/example_dags/example_branch_day_of_week_operator.py for tasks to queue
[2026-08-09T17:20:46.202+0000] {logging_mixin.py:190} INFO - [2026-08-09T17:20:46.202+0000] {dagbag.py:588} INFO - Filling up the DagBag from /home/airflow/.local/lib/python3.12/site-packages/airflow/example_dags/example_branch_day_of_week_operator.py
[2026-08-09T17:20:46.217+0000] {processor.py:925} INFO - DAG(s) 'example_weekday_branch_operator' retrieved from /home/airflow/.local/lib/python3.12/site-packages/airflow/example_dags/example_branch_day_of_week_operator.py
[2026-08-09T17:20:46.244+0000] {logging_mixin.py:190} INFO - [2026-08-09T17:20:46.244+0000] {dag.py:3239} INFO - Sync 1 DAGs
[2026-08-09T17:20:46.276+0000] {logging_mixin.py:190} INFO - [2026-08-09T17:20:46.276+0000] {dag.py:4180} INFO - Setting next_dagrun for example_weekday_branch_operator to 2026-08-08 00:00:00+00:00, run_after=2026-08-09 00:00:00+00:00
[2026-08-09T17:20:46.303+0000] {processor.py:208} INFO - Processing /home/airflow/.local/lib/python3.12/site-packages/airflow/example_dags/example_branch_day_of_week_operator.py took 0.112 seconds
[2026-08-09T17:21:16.547+0000] {processor.py:186} INFO - Started process (PID=27371) to work on /home/airflow/.local/lib/python3.12/site-packages/airflow/example_dags/example_branch_day_of_week_operator.py
[2026-08-09T17:21:16.548+0000] {processor.py:914} INFO - Processing file /home/airflow/.local/lib/python3.12/site-packages/airflow/example_dags/example_branch_day_of_week_operator.py for tasks to queue
[2026-08-09T17:21:16.553+0000] {logging_mixin.py:190} INFO - [2026-08-09T17:21:16.552+0000] {dagbag.py:588} INFO - Filling up the DagBag from /home/airflow/.local/lib/python3.12/site-packages/airflow/example_dags/example_branch_day_of_week_operator.py
[2026-08-09T17:21:16.571+0000] {processor.py:925} INFO - DAG(s) 'example_weekday_branch_operator' retrieved from /home/airflow/.local/lib/python3.12/site-packages/airflow/example_dags/example_branch_day_of_week_operator.py
[2026-08-09T17:21:16.603+0000] {logging_mixin.py:190} INFO - [2026-08-09T17:21:16.603+0000] {dag.py:3239} INFO - Sync 1 DAGs
[2026-08-09T17:21:16.644+0000] {logging_mixin.py:190} INFO - [2026-08-09T17:21:16.643+0000] {dag.py:4180} INFO - Setting next_dagrun for example_weekday_branch_operator to 2026-08-08 00:00:00+00:00, run_after=2026-08-09 00:00:00+00:00
[2026-08-09T17:21:16.670+0000] {processor.py:208} INFO - Processing /home/airflow/.local/lib/python3.12/site-packages/airflow/example_dags/example_branch_day_of_week_operator.py took 0.132 seconds
[2026-08-09T17:21:47.266+0000] {processor.py:186} INFO - Started process (PID=27438) to work on /home/airflow/.local/lib/python3.12/site-packages/airflow/example_dags/example_branch_day_of_week_operator.py
[2026-08-09T17:21:47.268+0000] {processor.py:914} INFO - Processing file /home/airflow/.local/lib/python3.12/site-packages/airflow/example_dags/example_branch_day_of_week_operator.py for tasks to queue
[2026-08-09T17:21:47.273+0000] {logging_mixin.py:190} INFO - [2026-08-09T17:21:47.272+0000] {dagbag.py:588} INFO - Filling up the DagBag from /home/airflow/.local/lib/python3.12/site-packages/airflow/example_dags/example_branch_day_of_week_operator.py
[2026-08-09T17:21:47.286+0000] {processor.py:925} INFO - DAG(s) 'example_weekday_branch_operator' retrieved from /home/airflow/.local/lib/python3.12/site-packages/airflow/example_dags/example_branch_day_of_week_operator.py
[2026-08-09T17:21:47.311+0000] {logging_mixin.py:190} INFO - [2026-08-09T17:21:47.311+0000] {dag.py:3239} INFO - Sync 1 DAGs
[2026-08-09T17:21:47.339+0000] {logging_mixin.py:190} INFO - [2026-08-09T17:21:47.339+0000] {dag.py:4180} INFO - Setting next_dagrun for example_weekday_branch_operator to 2026-08-08 00:00:00+00:00, run_after=2026-08-09 00:00:00+00:00
[2026-08-09T17:21:47.367+0000] {processor.py:208} INFO - Processing /home/airflow/.local/lib/python3.12/site-packages/airflow/example_dags/example_branch_day_of_week_operator.py took 0.110 seconds
[2026-08-09T17:22:17.791+0000] {processor.py:186} INFO - Started process (PID=27503) to work on /home/airflow/.local/lib/python3.12/site-packages/airflow/example_dags/example_branch_day_of_week_operator.py
[2026-08-09T17:22:17.792+0000] {processor.py:914} INFO - Processing file /home/airflow/.local/lib/python3.12/site-packages/airflow/example_dags/example_branch_day_of_week_operator.py for tasks to queue
[2026-08-09T17:22:17.797+0000] {logging_mixin.py:190} INFO - [2026-08-09T17:22:17.796+0000] {dagbag.py:588} INFO - Filling up the DagBag from /home/airflow/.local/lib/python3.12/site-packages/airflow/example_dags/example_branch_day_of_week_operator.py
[2026-08-09T17:22:17.811+0000] {processor.py:925} INFO - DAG(s) 'example_weekday_branch_operator' retrieved from /home/airflow/.local/lib/python3.12/site-packages/airflow/example_dags/example_branch_day_of_week_operator.py
[2026-08-09T17:22:17.836+0000] {logging_mixin.py:190} INFO - [2026-08-09T17:22:17.836+0000] {dag.py:3239} INFO - Sync 1 DAGs
[2026-08-09T17:22:17.865+0000] {logging_mixin.py:190} INFO - [2026-08-09T17:22:17.865+0000] {dag.py:4180} INFO - Setting next_dagrun for example_weekday_branch_operator to 2026-08-08 00:00:00+00:00, run_after=2026-08-09 00:00:00+00:00
[2026-08-09T17:22:17.891+0000] {processor.py:208} INFO - Processing /home/airflow/.local/lib/python3.12/site-packages/airflow/example_dags/example_branch_day_of_week_operator.py took 0.108 seconds
[2026-08-09T17:22:48.041+0000] {processor.py:186} INFO - Started process (PID=27568) to work on /home/airflow/.local/lib/python3.12/site-packages/airflow/example_dags/example_branch_day_of_week_operator.py
[2026-08-09T17:22:48.042+0000] {processor.py:914} INFO - Processing file /home/airflow/.local/lib/python3.12/site-packages/airflow/example_dags/example_branch_day_of_week_operator.py for tasks to queue
[2026-08-09T17:22:48.045+0000] {logging_mixin.py:190} INFO - [2026-08-09T17:22:48.045+0000] {dagbag.py:588} INFO - Filling up the DagBag from /home/airflow/.local/lib/python3.12/site-packages/airflow/example_dags/example_branch_day_of_week_operator.py
[2026-08-09T17:22:48.057+0000] {processor.py:925} INFO - DAG(s) 'example_weekday_branch_operator' retrieved from /home/airflow/.local/lib/python3.12/site-packages/airflow/example_dags/example_branch_day_of_week_operator.py
[2026-08-09T17:22:48.081+0000] {logging_mixin.py:190} INFO - [2026-08-09T17:22:48.081+0000] {dag.py:3239} INFO - Sync 1 DAGs
[2026-08-09T17:22:48.110+0000] {logging_mixin.py:190} INFO - [2026-08-09T17:22:48.110+0000] {dag.py:4180} INFO - Setting next_dagrun for example_weekday_branch_operator to 2026-08-08 00:00:00+00:00, run_after=2026-08-09 00:00:00+00:00
[2026-08-09T17:22:48.135+0000] {processor.py:208} INFO - Processing /home/airflow/.local/lib/python3.12/site-packages/airflow/example_dags/example_branch_day_of_week_operator.py took 0.103 seconds
[2026-08-09T17:23:18.271+0000] {processor.py:186} INFO - Started process (PID=27632) to work on /home/airflow/.local/lib/python3.12/site-packages/airflow/example_dags/example_branch_day_of_week_operator.py
[2026-08-09T17:23:18.272+0000] {processor.py:914} INFO - Processing file /home/airflow/.local/lib/python3.12/site-packages/airflow/example_dags/example_branch_day_of_week_operator.py for tasks to queue
[2026-08-09T17:23:18.276+0000] {logging_mixin.py:190} INFO - [2026-08-09T17:23:18.275+0000] {dagbag.py:588} INFO - Filling up the DagBag from /home/airflow/.local/lib/python3.12/site-packages/airflow/example_dags/example_branch_day_of_week_operator.py
[2026-08-09T17:23:18.289+0000] {processor.py:925} INFO - DAG(s) 'example_weekday_branch_operator' retrieved from /home/airflow/.local/lib/python3.12/site-packages/airflow/example_dags/example_branch_day_of_week_operator.py
[2026-08-09T17:23:18.315+0000] {logging_mixin.py:190} INFO - [2026-08-09T17:23:18.315+0000] {dag.py:3239} INFO - Sync 1 DAGs
[2026-08-09T17:23:18.344+0000] {logging_mixin.py:190} INFO - [2026-08-09T17:23:18.343+0000] {dag.py:4180} INFO - Setting next_dagrun for example_weekday_branch_operator to 2026-08-08 00:00:00+00:00, run_after=2026-08-09 00:00:00+00:00
[2026-08-09T17:23:18.368+0000] {processor.py:208} INFO - Processing /home/airflow/.local/lib/python3.12/site-packages/airflow/example_dags/example_branch_day_of_week_operator.py took 0.105 seconds
[2026-08-09T17:23:48.747+0000] {processor.py:186} INFO - Started process (PID=27697) to work on /home/airflow/.local/lib/python3.12/site-packages/airflow/example_dags/example_branch_day_of_week_operator.py
[2026-08-09T17:23:48.748+0000] {processor.py:914} INFO - Processing file /home/airflow/.local/lib/python3.12/site-packages/airflow/example_dags/example_branch_day_of_week_operator.py for tasks to queue
[2026-08-09T17:23:48.752+0000] {logging_mixin.py:190} INFO - [2026-08-09T17:23:48.751+0000] {dagbag.py:588} INFO - Filling up the DagBag from /home/airflow/.local/lib/python3.12/site-packages/airflow/example_dags/example_branch_day_of_week_operator.py
[2026-08-09T17:23:48.763+0000] {processor.py:925} INFO - DAG(s) 'example_weekday_branch_operator' retrieved from /home/airflow/.local/lib/python3.12/site-packages/airflow/example_dags/example_branch_day_of_week_operator.py
[2026-08-09T17:23:48.787+0000] {logging_mixin.py:190} INFO - [2026-08-09T17:23:48.787+0000] {dag.py:3239} INFO - Sync 1 DAGs
[2026-08-09T17:23:48.817+0000] {logging_mixin.py:190} INFO - [2026-08-09T17:23:48.816+0000] {dag.py:4180} INFO - Setting next_dagrun for example_weekday_branch_operator to 2026-08-08 00:00:00+00:00, run_after=2026-08-09 00:00:00+00:00
[2026-08-09T17:23:48.841+0000] {processor.py:208} INFO - Processing /home/airflow/.local/lib/python3.12/site-packages/airflow/example_dags/example_branch_day_of_week_operator.py took 0.101 seconds
[2026-08-09T17:24:19.040+0000] {processor.py:186} INFO - Started process (PID=27763) to work on /home/airflow/.local/lib/python3.12/site-packages/airflow/example_dags/example_branch_day_of_week_operator.py
[2026-08-09T17:24:19.042+0000] {processor.py:914} INFO - Processing file /home/airflow/.local/lib/python3.12/site-packages/airflow/example_dags/example_branch_day_of_week_operator.py for tasks to queue
[2026-08-09T17:24:19.046+0000] {logging_mixin.py:190} INFO - [2026-08-09T17:24:19.045+0000] {dagbag.py:588} INFO - Filling up the DagBag from /home/airflow/.local/lib/python3.12/site-packages/airflow/example_dags/example_branch_day_of_week_operator.py
[2026-08-09T17:24:19.061+0000] {processor.py:925} INFO - DAG(s) 'example_weekday_branch_operator' retrieved from /home/airflow/.local/lib/python3.12/site-packages/airflow/example_dags/example_branch_day_of_week_operator.py
[2026-08-09T17:24:19.090+0000] {logging_mixin.py:190} INFO - [2026-08-09T17:24:19.089+0000] {dag.py:3239} INFO - Sync 1 DAGs
[2026-08-09T17:24:19.123+0000] {logging_mixin.py:190} INFO - [2026-08-09T17:24:19.123+0000] {dag.py:4180} INFO - Setting next_dagrun for example_weekday_branch_operator to 2026-08-08 00:00:00+00:00, run_after=2026-08-09 00:00:00+00:00
[2026-08-09T17:24:19.152+0000] {processor.py:208} INFO - Processing /home/airflow/.local/lib/python3.12/site-packages/airflow/example_dags/example_branch_day_of_week_operator.py took 0.122 seconds
[2026-08-09T17:24:50.151+0000] {processor.py:186} INFO - Started process (PID=27830) to work on /home/airflow/.local/lib/python3.12/site-packages/airflow/example_dags/example_branch_day_of_week_operator.py
[2026-08-09T17:24:50.152+0000] {processor.py:914} INFO - Processing file /home/airflow/.local/lib/python3.12/site-packages/airflow/example_dags/example_branch_day_of_week_operator.py for tasks to queue
[2026-08-09T17:24:50.155+0000] {logging_mixin.py:190} INFO - [2026-08-09T17:24:50.155+0000] {dagbag.py:588} INFO - Filling up the DagBag from /home/airflow/.local/lib/python3.12/site-packages/airflow/example_dags/example_branch_day_of_week_operator.py
[2026-08-09T17:24:50.166+0000] {processor.py:925} INFO - DAG(s) 'example_weekday_branch_operator' retrieved from /home/airflow/.local/lib/python3.12/site-packages/airflow/example_dags/example_branch_day_of_week_operator.py
[2026-08-09T17:24:50.188+0000] {logging_mixin.py:190} INFO - [2026-08-09T17:24:50.187+0000] {dag.py:3239} INFO - Sync 1 DAGs
[2026-08-09T17:24:50.213+0000] {logging_mixin.py:190} INFO - [2026-08-09T17:24:50.213+0000] {dag.py:4180} INFO - Setting next_dagrun for example_weekday_branch_operator to 2026-08-08 00:00:00+00:00, run_after=2026-08-09 00:00:00+00:00
[2026-08-09T17:24:50.235+0000] {processor.py:208} INFO - Processing /home/airflow/.local/lib/python3.12/site-packages/airflow/example_dags/example_branch_day_of_week_operator.py took 0.090 seconds
[2026-08-09T17:25:21.385+0000] {processor.py:186} INFO - Started process (PID=27895) to work on /home/airflow/.local/lib/python3.12/site-packages/airflow/example_dags/example_branch_day_of_week_operator.py
[2026-08-09T17:25:21.386+0000] {processor.py:914} INFO - Processing file /home/airflow/.local/lib/python3.12/site-packages/airflow/example_dags/example_branch_day_of_week_operator.py for tasks to queue
[2026-08-09T17:25:21.390+0000] {logging_mixin.py:190} INFO - [2026-08-09T17:25:21.389+0000] {dagbag.py:588} INFO - Filling up the DagBag from /home/airflow/.local/lib/python3.12/site-packages/airflow/example_dags/example_branch_day_of_week_operator.py
[2026-08-09T17:25:21.402+0000] {processor.py:925} INFO - DAG(s) 'example_weekday_branch_operator' retrieved from /home/airflow/.local/lib/python3.12/site-packages/airflow/example_dags/example_branch_day_of_week_operator.py
[2026-08-09T17:25:21.427+0000] {logging_mixin.py:190} INFO - [2026-08-09T17:25:21.426+0000] {dag.py:3239} INFO - Sync 1 DAGs
[2026-08-09T17:25:21.458+0000] {logging_mixin.py:190} INFO - [2026-08-09T17:25:21.457+0000] {dag.py:4180} INFO - Setting next_dagrun for example_weekday_branch_operator to 2026-08-08 00:00:00+00:00, run_after=2026-08-09 00:00:00+00:00
[2026-08-09T17:25:21.480+0000] {processor.py:208} INFO - Processing /home/airflow/.local/lib/python3.12/site-packages/airflow/example_dags/example_branch_day_of_week_operator.py took 0.101 seconds
[2026-08-09T17:25:52.282+0000] {processor.py:186} INFO - Started process (PID=27960) to work on /home/airflow/.local/lib/python3.12/site-packages/airflow/example_dags/example_branch_day_of_week_operator.py
[2026-08-09T17:25:52.283+0000] {processor.py:914} INFO - Processing file /home/airflow/.local/lib/python3.12/site-packages/airflow/example_dags/example_branch_day_of_week_operator.py for tasks to queue
[2026-08-09T17:25:52.286+0000] {logging_mixin.py:190} INFO - [2026-08-09T17:25:52.286+0000] {dagbag.py:588} INFO - Filling up the DagBag from /home/airflow/.local/lib/python3.12/site-packages/airflow/example_dags/example_branch_day_of_week_operator.py
[2026-08-09T17:25:52.297+0000] {processor.py:925} INFO - DAG(s) 'example_weekday_branch_operator' retrieved from /home/airflow/.local/lib/python3.12/site-packages/airflow/example_dags/example_branch_day_of_week_operator.py
[2026-08-09T17:25:52.318+0000] {logging_mixin.py:190} INFO - [2026-08-09T17:25:52.318+0000] {dag.py:3239} INFO - Sync 1 DAGs
[2026-08-09T17:25:52.345+0000] {logging_mixin.py:190} INFO - [2026-08-09T17:25:52.345+0000] {dag.py:4180} INFO - Setting next_dagrun for example_weekday_branch_operator to 2026-08-08 00:00:00+00:00, run_after=2026-08-09 00:00:00+00:00
[2026-08-09T17:25:52.365+0000] {processor.py:208} INFO - Processing /home/airflow/.local/lib/python3.12/site-packages/airflow/example_dags/example_branch_day_of_week_operator.py took 0.089 seconds
[2026-08-09T17:26:23.511+0000] {processor.py:186} INFO - Started process (PID=28026) to work on /home/airflow/.local/lib/python3.12/site-packages/airflow/example_dags/example_branch_day_of_week_operator.py
[2026-08-09T17:26:23.512+0000] {processor.py:914} INFO - Processing file /home/airflow/.local/lib/python3.12/site-packages/airflow/example_dags/example_branch_day_of_week_operator.py for tasks to queue
[2026-08-09T17:26:23.516+0000] {logging_mixin.py:190} INFO - [2026-08-09T17:26:23.515+0000] {dagbag.py:588} INFO - Filling up the DagBag from /home/airflow/.local/lib/python3.12/site-packages/airflow/example_dags/example_branch_day_of_week_operator.py
[2026-08-09T17:26:23.526+0000] {processor.py:925} INFO - DAG(s) 'example_weekday_branch_operator' retrieved from /home/airflow/.local/lib/python3.12/site-packages/airflow/example_dags/example_branch_day_of_week_operator.py
[2026-08-09T17:26:23.549+0000] {logging_mixin.py:190} INFO - [2026-08-09T17:26:23.549+0000] {dag.py:3239} INFO - Sync 1 DAGs
[2026-08-09T17:26:23.578+0000] {logging_mixin.py:190} INFO - [2026-08-09T17:26:23.578+0000] {dag.py:4180} INFO - Setting next_dagrun for example_weekday_branch_operator to 2026-08-08 00:00:00+00:00, run_after=2026-08-09 00:00:00+00:00
[2026-08-09T17:26:23.600+0000] {processor.py:208} INFO - Processing /home/airflow/.local/lib/python3.12/site-packages/airflow/example_dags/example_branch_day_of_week_operator.py took 0.095 seconds
[2026-08-09T17:26:54.951+0000] {processor.py:186} INFO - Started process (PID=28091) to work on /home/airflow/.local/lib/python3.12/site-packages/airflow/example_dags/example_branch_day_of_week_operator.py
[2026-08-09T17:26:54.952+0000] {processor.py:914} INFO - Processing file /home/airflow/.local/lib/python3.12/site-packages/airflow/example_dags/example_branch_day_of_week_operator.py for tasks to queue
[2026-08-09T17:26:54.956+0000] {logging_mixin.py:190} INFO - [2026-08-09T17:26:54.955+0000] {dagbag.py:588} INFO - Filling up the DagBag from /home/airflow/.local/lib/python3.12/site-packages/airflow/example_dags/example_branch_day_of_week_operator.py
[2026-08-09T17:26:54.967+0000] {processor.py:925} INFO - DAG(s) 'example_weekday_branch_operator' retrieved from /home/airflow/.local/lib/python3.12/site-packages/airflow/example_dags/example_branch_day_of_week_operator.py
[2026-08-09T17:26:54.990+0000] {logging_mixin.py:190} INFO - [2026-08-09T17:26:54.990+0000] {dag.py:3239} INFO - Sync 1 DAGs
[2026-08-09T17:26:55.018+0000] {logging_mixin.py:190} INFO - [2026-08-09T17:26:55.018+0000] {dag.py:4180} INFO - Setting next_dagrun for example_weekday_branch_operator to 2026-08-08 00:00:00+00:00, run_after=2026-08-09 00:00:00+00:00
[2026-08-09T17:26:55.244+0000] {processor.py:208} INFO - Processing /home/airflow/.local/lib/python3.12/site-packages/airflow/example_dags/example_branch_day_of_week_operator.py took 0.300 seconds
[2026-08-09T17:27:25.934+0000] {processor.py:186} INFO - Started process (PID=28156) to work on /home/airflow/.local/lib/python3.12/site-packages/airflow/example_dags/example_branch_day_of_week_operator.py
[2026-08-09T17:27:25.935+0000] {processor.py:914} INFO - Processing file /home/airflow/.local/lib/python3.12/site-packages/airflow/example_dags/example_branch_day_of_week_operator.py for tasks to queue
[2026-08-09T17:27:25.940+0000] {logging_mixin.py:190} INFO - [2026-08-09T17:27:25.939+0000] {dagbag.py:588} INFO - Filling up the DagBag from /home/airflow/.local/lib/python3.12/site-packages/airflow/example_dags/example_branch_day_of_week_operator.py
[2026-08-09T17:27:25.953+0000] {processor.py:925} INFO - DAG(s) 'example_weekday_branch_operator' retrieved from /home/airflow/.local/lib/python3.12/site-packages/airflow/example_dags/example_branch_day_of_week_operator.py
[2026-08-09T17:27:25.977+0000] {logging_mixin.py:190} INFO - [2026-08-09T17:27:25.977+0000] {dag.py:3239} INFO - Sync 1 DAGs
[2026-08-09T17:27:26.006+0000] {logging_mixin.py:190} INFO - [2026-08-09T17:27:26.006+0000] {dag.py:4180} INFO - Setting next_dagrun for example_weekday_branch_operator to 2026-08-08 00:00:00+00:00, run_after=2026-08-09 00:00:00+00:00
[2026-08-09T17:27:26.212+0000] {processor.py:208} INFO - Processing /home/airflow/.local/lib/python3.12/site-packages/airflow/example_dags/example_branch_day_of_week_operator.py took 0.286 seconds
[2026-08-09T17:27:56.856+0000] {processor.py:186} INFO - Started process (PID=28221) to work on /home/airflow/.local/lib/python3.12/site-packages/airflow/example_dags/example_branch_day_of_week_operator.py
[2026-08-09T17:27:56.858+0000] {processor.py:914} INFO - Processing file /home/airflow/.local/lib/python3.12/site-packages/airflow/example_dags/example_branch_day_of_week_operator.py for tasks to queue
[2026-08-09T17:27:56.862+0000] {logging_mixin.py:190} INFO - [2026-08-09T17:27:56.861+0000] {dagbag.py:588} INFO - Filling up the DagBag from /home/airflow/.local/lib/python3.12/site-packages/airflow/example_dags/example_branch_day_of_week_operator.py
[2026-08-09T17:27:56.874+0000] {processor.py:925} INFO - DAG(s) 'example_weekday_branch_operator' retrieved from /home/airflow/.local/lib/python3.12/site-packages/airflow/example_dags/example_branch_day_of_week_operator.py
[2026-08-09T17:27:56.898+0000] {logging_mixin.py:190} INFO - [2026-08-09T17:27:56.898+0000] {dag.py:3239} INFO - Sync 1 DAGs
[2026-08-09T17:27:56.933+0000] {logging_mixin.py:190} INFO - [2026-08-09T17:27:56.933+0000] {dag.py:4180} INFO - Setting next_dagrun for example_weekday_branch_operator to 2026-08-08 00:00:00+00:00, run_after=2026-08-09 00:00:00+00:00
[2026-08-09T17:27:57.141+0000] {processor.py:208} INFO - Processing /home/airflow/.local/lib/python3.12/site-packages/airflow/example_dags/example_branch_day_of_week_operator.py took 0.291 seconds
[2026-08-09T17:28:28.364+0000] {processor.py:186} INFO - Started process (PID=28286) to work on /home/airflow/.local/lib/python3.12/site-packages/airflow/example_dags/example_branch_day_of_week_operator.py
[2026-08-09T17:28:28.366+0000] {processor.py:914} INFO - Processing file /home/airflow/.local/lib/python3.12/site-packages/airflow/example_dags/example_branch_day_of_week_operator.py for tasks to queue
[2026-08-09T17:28:28.370+0000] {logging_mixin.py:190} INFO - [2026-08-09T17:28:28.369+0000] {dagbag.py:588} INFO - Filling up the DagBag from /home/airflow/.local/lib/python3.12/site-packages/airflow/example_dags/example_branch_day_of_week_operator.py
[2026-08-09T17:28:28.381+0000] {processor.py:925} INFO - DAG(s) 'example_weekday_branch_operator' retrieved from /home/airflow/.local/lib/python3.12/site-packages/airflow/example_dags/example_branch_day_of_week_operator.py
[2026-08-09T17:28:28.408+0000] {logging_mixin.py:190} INFO - [2026-08-09T17:28:28.407+0000] {dag.py:3239} INFO - Sync 1 DAGs
[2026-08-09T17:28:28.437+0000] {logging_mixin.py:190} INFO - [2026-08-09T17:28:28.436+0000] {dag.py:4180} INFO - Setting next_dagrun for example_weekday_branch_operator to 2026-08-08 00:00:00+00:00, run_after=2026-08-09 00:00:00+00:00
[2026-08-09T17:28:28.462+0000] {processor.py:208} INFO - Processing /home/airflow/.local/lib/python3.12/site-packages/airflow/example_dags/example_branch_day_of_week_operator.py took 0.105 seconds
[2026-08-09T17:28:59.910+0000] {processor.py:186} INFO - Started process (PID=28353) to work on /home/airflow/.local/lib/python3.12/site-packages/airflow/example_dags/example_branch_day_of_week_operator.py
[2026-08-09T17:28:59.911+0000] {processor.py:914} INFO - Processing file /home/airflow/.local/lib/python3.12/site-packages/airflow/example_dags/example_branch_day_of_week_operator.py for tasks to queue
[2026-08-09T17:28:59.915+0000] {logging_mixin.py:190} INFO - [2026-08-09T17:28:59.914+0000] {dagbag.py:588} INFO - Filling up the DagBag from /home/airflow/.local/lib/python3.12/site-packages/airflow/example_dags/example_branch_day_of_week_operator.py
[2026-08-09T17:28:59.928+0000] {processor.py:925} INFO - DAG(s) 'example_weekday_branch_operator' retrieved from /home/airflow/.local/lib/python3.12/site-packages/airflow/example_dags/example_branch_day_of_week_operator.py
[2026-08-09T17:28:59.950+0000] {logging_mixin.py:190} INFO - [2026-08-09T17:28:59.950+0000] {dag.py:3239} INFO - Sync 1 DAGs
[2026-08-09T17:29:00.189+0000] {logging_mixin.py:190} INFO - [2026-08-09T17:29:00.189+0000] {dag.py:4180} INFO - Setting next_dagrun for example_weekday_branch_operator to 2026-08-08 00:00:00+00:00, run_after=2026-08-09 00:00:00+00:00
[2026-08-09T17:29:00.209+0000] {processor.py:208} INFO - Processing /home/airflow/.local/lib/python3.12/site-packages/airflow/example_dags/example_branch_day_of_week_operator.py took 0.306 seconds
[2026-08-09T17:29:31.559+0000] {processor.py:186} INFO - Started process (PID=28424) to work on /home/airflow/.local/lib/python3.12/site-packages/airflow/example_dags/example_branch_day_of_week_operator.py
[2026-08-09T17:29:31.560+0000] {processor.py:914} INFO - Processing file /home/airflow/.local/lib/python3.12/site-packages/airflow/example_dags/example_branch_day_of_week_operator.py for tasks to queue
[2026-08-09T17:29:31.563+0000] {logging_mixin.py:190} INFO - [2026-08-09T17:29:31.563+0000] {dagbag.py:588} INFO - Filling up the DagBag from /home/airflow/.local/lib/python3.12/site-packages/airflow/example_dags/example_branch_day_of_week_operator.py
[2026-08-09T17:29:31.576+0000] {processor.py:925} INFO - DAG(s) 'example_weekday_branch_operator' retrieved from /home/airflow/.local/lib/python3.12/site-packages/airflow/example_dags/example_branch_day_of_week_operator.py
[2026-08-09T17:29:31.600+0000] {logging_mixin.py:190} INFO - [2026-08-09T17:29:31.599+0000] {dag.py:3239} INFO - Sync 1 DAGs
[2026-08-09T17:29:31.794+0000] {logging_mixin.py:190} INFO - [2026-08-09T17:29:31.794+0000] {dag.py:4180} INFO - Setting next_dagrun for example_weekday_branch_operator to 2026-08-08 00:00:00+00:00, run_after=2026-08-09 00:00:00+00:00
[2026-08-09T17:29:31.818+0000] {processor.py:208} INFO - Processing /home/airflow/.local/lib/python3.12/site-packages/airflow/example_dags/example_branch_day_of_week_operator.py took 0.266 seconds
[2026-08-09T17:30:02.314+0000] {processor.py:186} INFO - Started process (PID=28489) to work on /home/airflow/.local/lib/python3.12/site-packages/airflow/example_dags/example_branch_day_of_week_operator.py
[2026-08-09T17:30:02.315+0000] {processor.py:914} INFO - Processing file /home/airflow/.local/lib/python3.12/site-packages/airflow/example_dags/example_branch_day_of_week_operator.py for tasks to queue
[2026-08-09T17:30:02.318+0000] {logging_mixin.py:190} INFO - [2026-08-09T17:30:02.318+0000] {dagbag.py:588} INFO - Filling up the DagBag from /home/airflow/.local/lib/python3.12/site-packages/airflow/example_dags/example_branch_day_of_week_operator.py
[2026-08-09T17:30:02.333+0000] {processor.py:925} INFO - DAG(s) 'example_weekday_branch_operator' retrieved from /home/airflow/.local/lib/python3.12/site-packages/airflow/example_dags/example_branch_day_of_week_operator.py
[2026-08-09T17:30:02.360+0000] {logging_mixin.py:190} INFO - [2026-08-09T17:30:02.360+0000] {dag.py:3239} INFO - Sync 1 DAGs
[2026-08-09T17:30:02.393+0000] {logging_mixin.py:190} INFO - [2026-08-09T17:30:02.393+0000] {dag.py:4180} INFO - Setting next_dagrun for example_weekday_branch_operator to 2026-08-08 00:00:00+00:00, run_after=2026-08-09 00:00:00+00:00
[2026-08-09T17:30:02.417+0000] {processor.py:208} INFO - Processing /home/airflow/.local/lib/python3.12/site-packages/airflow/example_dags/example_branch_day_of_week_operator.py took 0.111 seconds
[2026-08-09T17:30:32.869+0000] {processor.py:186} INFO - Started process (PID=28554) to work on /home/airflow/.local/lib/python3.12/site-packages/airflow/example_dags/example_branch_day_of_week_operator.py
[2026-08-09T17:30:32.871+0000] {processor.py:914} INFO - Processing file /home/airflow/.local/lib/python3.12/site-packages/airflow/example_dags/example_branch_day_of_week_operator.py for tasks to queue
[2026-08-09T17:30:32.875+0000] {logging_mixin.py:190} INFO - [2026-08-09T17:30:32.875+0000] {dagbag.py:588} INFO - Filling up the DagBag from /home/airflow/.local/lib/python3.12/site-packages/airflow/example_dags/example_branch_day_of_week_operator.py
[2026-08-09T17:30:32.890+0000] {processor.py:925} INFO - DAG(s) 'example_weekday_branch_operator' retrieved from /home/airflow/.local/lib/python3.12/site-packages/airflow/example_dags/example_branch_day_of_week_operator.py
[2026-08-09T17:30:32.915+0000] {logging_mixin.py:190} INFO - [2026-08-09T17:30:32.915+0000] {dag.py:3239} INFO - Sync 1 DAGs
[2026-08-09T17:30:32.948+0000] {logging_mixin.py:190} INFO - [2026-08-09T17:30:32.947+0000] {dag.py:4180} INFO - Setting next_dagrun for example_weekday_branch_operator to 2026-08-08 00:00:00+00:00, run_after=2026-08-09 00:00:00+00:00
[2026-08-09T17:30:32.975+0000] {processor.py:208} INFO - Processing /home/airflow/.local/lib/python3.12/site-packages/airflow/example_dags/example_branch_day_of_week_operator.py took 0.114 seconds
[2026-08-09T17:31:04.226+0000] {processor.py:186} INFO - Started process (PID=28619) to work on /home/airflow/.local/lib/python3.12/site-packages/airflow/example_dags/example_branch_day_of_week_operator.py
[2026-08-09T17:31:04.228+0000] {processor.py:914} INFO - Processing file /home/airflow/.local/lib/python3.12/site-packages/airflow/example_dags/example_branch_day_of_week_operator.py for tasks to queue
[2026-08-09T17:31:04.231+0000] {logging_mixin.py:190} INFO - [2026-08-09T17:31:04.231+0000] {dagbag.py:588} INFO - Filling up the DagBag from /home/airflow/.local/lib/python3.12/site-packages/airflow/example_dags/example_branch_day_of_week_operator.py
[2026-08-09T17:31:04.243+0000] {processor.py:925} INFO - DAG(s) 'example_weekday_branch_operator' retrieved from /home/airflow/.local/lib/python3.12/site-packages/airflow/example_dags/example_branch_day_of_week_operator.py
[2026-08-09T17:31:04.267+0000] {logging_mixin.py:190} INFO - [2026-08-09T17:31:04.267+0000] {dag.py:3239} INFO - Sync 1 DAGs
[2026-08-09T17:31:04.294+0000] {logging_mixin.py:190} INFO - [2026-08-09T17:31:04.294+0000] {dag.py:4180} INFO - Setting next_dagrun for example_weekday_branch_operator to 2026-08-08 00:00:00+00:00, run_after=2026-08-09 00:00:00+00:00
[2026-08-09T17:31:04.316+0000] {processor.py:208} INFO - Processing /home/airflow/.local/lib/python3.12/site-packages/airflow/example_dags/example_branch_day_of_week_operator.py took 0.098 seconds
[2026-08-09T17:31:35.001+0000] {processor.py:186} INFO - Started process (PID=28684) to work on /home/airflow/.local/lib/python3.12/site-packages/airflow/example_dags/example_branch_day_of_week_operator.py
[2026-08-09T17:31:35.003+0000] {processor.py:914} INFO - Processing file /home/airflow/.local/lib/python3.12/site-packages/airflow/example_dags/example_branch_day_of_week_operator.py for tasks to queue
[2026-08-09T17:31:35.007+0000] {logging_mixin.py:190} INFO - [2026-08-09T17:31:35.006+0000] {dagbag.py:588} INFO - Filling up the DagBag from /home/airflow/.local/lib/python3.12/site-packages/airflow/example_dags/example_branch_day_of_week_operator.py
[2026-08-09T17:31:35.021+0000] {processor.py:925} INFO - DAG(s) 'example_weekday_branch_operator' retrieved from /home/airflow/.local/lib/python3.12/site-packages/airflow/example_dags/example_branch_day_of_week_operator.py
[2026-08-09T17:31:35.054+0000] {logging_mixin.py:190} INFO - [2026-08-09T17:31:35.053+0000] {dag.py:3239} INFO - Sync 1 DAGs
[2026-08-09T17:31:35.086+0000] {logging_mixin.py:190} INFO - [2026-08-09T17:31:35.086+0000] {dag.py:4180} INFO - Setting next_dagrun for example_weekday_branch_operator to 2026-08-08 00:00:00+00:00, run_after=2026-08-09 00:00:00+00:00
[2026-08-09T17:31:35.108+0000] {processor.py:208} INFO - Processing /home/airflow/.local/lib/python3.12/site-packages/airflow/example_dags/example_branch_day_of_week_operator.py took 0.116 seconds
[2026-08-09T17:32:06.379+0000] {processor.py:186} INFO - Started process (PID=28749) to work on /home/airflow/.local/lib/python3.12/site-packages/airflow/example_dags/example_branch_day_of_week_operator.py
[2026-08-09T17:32:06.380+0000] {processor.py:914} INFO - Processing file /home/airflow/.local/lib/python3.12/site-packages/airflow/example_dags/example_branch_day_of_week_operator.py for tasks to queue
[2026-08-09T17:32:06.383+0000] {logging_mixin.py:190} INFO - [2026-08-09T17:32:06.382+0000] {dagbag.py:588} INFO - Filling up the DagBag from /home/airflow/.local/lib/python3.12/site-packages/airflow/example_dags/example_branch_day_of_week_operator.py
[2026-08-09T17:32:06.393+0000] {processor.py:925} INFO - DAG(s) 'example_weekday_branch_operator' retrieved from /home/airflow/.local/lib/python3.12/site-packages/airflow/example_dags/example_branch_day_of_week_operator.py
[2026-08-09T17:32:06.418+0000] {logging_mixin.py:190} INFO - [2026-08-09T17:32:06.417+0000] {dag.py:3239} INFO - Sync 1 DAGs
[2026-08-09T17:32:06.449+0000] {logging_mixin.py:190} INFO - [2026-08-09T17:32:06.448+0000] {dag.py:4180} INFO - Setting next_dagrun for example_weekday_branch_operator to 2026-08-08 00:00:00+00:00, run_after=2026-08-09 00:00:00+00:00
[2026-08-09T17:32:06.472+0000] {processor.py:208} INFO - Processing /home/airflow/.local/lib/python3.12/site-packages/airflow/example_dags/example_branch_day_of_week_operator.py took 0.100 seconds
[2026-08-09T17:32:37.753+0000] {processor.py:186} INFO - Started process (PID=28814) to work on /home/airflow/.local/lib/python3.12/site-packages/airflow/example_dags/example_branch_day_of_week_operator.py
[2026-08-09T17:32:37.755+0000] {processor.py:914} INFO - Processing file /home/airflow/.local/lib/python3.12/site-packages/airflow/example_dags/example_branch_day_of_week_operator.py for tasks to queue
[2026-08-09T17:32:37.759+0000] {logging_mixin.py:190} INFO - [2026-08-09T17:32:37.759+0000] {dagbag.py:588} INFO - Filling up the DagBag from /home/airflow/.local/lib/python3.12/site-packages/airflow/example_dags/example_branch_day_of_week_operator.py
[2026-08-09T17:32:37.774+0000] {processor.py:925} INFO - DAG(s) 'example_weekday_branch_operator' retrieved from /home/airflow/.local/lib/python3.12/site-packages/airflow/example_dags/example_branch_day_of_week_operator.py
[2026-08-09T17:32:37.796+0000] {logging_mixin.py:190} INFO - [2026-08-09T17:32:37.796+0000] {dag.py:3239} INFO - Sync 1 DAGs
[2026-08-09T17:32:37.827+0000] {logging_mixin.py:190} INFO - [2026-08-09T17:32:37.827+0000] {dag.py:4180} INFO - Setting next_dagrun for example_weekday_branch_operator to 2026-08-08 00:00:00+00:00, run_after=2026-08-09 00:00:00+00:00
[2026-08-09T17:32:37.850+0000] {processor.py:208} INFO - Processing /home/airflow/.local/lib/python3.12/site-packages/airflow/example_dags/example_branch_day_of_week_operator.py took 0.106 seconds
[2026-08-09T17:33:08.879+0000] {processor.py:186} INFO - Started process (PID=28879) to work on /home/airflow/.local/lib/python3.12/site-packages/airflow/example_dags/example_branch_day_of_week_operator.py
[2026-08-09T17:33:08.880+0000] {processor.py:914} INFO - Processing file /home/airflow/.local/lib/python3.12/site-packages/airflow/example_dags/example_branch_day_of_week_operator.py for tasks to queue
[2026-08-09T17:33:08.885+0000] {logging_mixin.py:190} INFO - [2026-08-09T17:33:08.883+0000] {dagbag.py:588} INFO - Filling up the DagBag from /home/airflow/.local/lib/python3.12/site-packages/airflow/example_dags/example_branch_day_of_week_operator.py
[2026-08-09T17:33:08.897+0000] {processor.py:925} INFO - DAG(s) 'example_weekday_branch_operator' retrieved from /home/airflow/.local/lib/python3.12/site-packages/airflow/example_dags/example_branch_day_of_week_operator.py
[2026-08-09T17:33:08.921+0000] {logging_mixin.py:190} INFO - [2026-08-09T17:33:08.921+0000] {dag.py:3239} INFO - Sync 1 DAGs
[2026-08-09T17:33:08.950+0000] {logging_mixin.py:190} INFO - [2026-08-09T17:33:08.950+0000] {dag.py:4180} INFO - Setting next_dagrun for example_weekday_branch_operator to 2026-08-08 00:00:00+00:00, run_after=2026-08-09 00:00:00+00:00
[2026-08-09T17:33:08.973+0000] {processor.py:208} INFO - Processing /home/airflow/.local/lib/python3.12/site-packages/airflow/example_dags/example_branch_day_of_week_operator.py took 0.101 seconds
[2026-08-09T17:33:40.129+0000] {processor.py:186} INFO - Started process (PID=28945) to work on /home/airflow/.local/lib/python3.12/site-packages/airflow/example_dags/example_branch_day_of_week_operator.py
[2026-08-09T17:33:40.131+0000] {processor.py:914} INFO - Processing file /home/airflow/.local/lib/python3.12/site-packages/airflow/example_dags/example_branch_day_of_week_operator.py for tasks to queue
[2026-08-09T17:33:40.137+0000] {logging_mixin.py:190} INFO - [2026-08-09T17:33:40.136+0000] {dagbag.py:588} INFO - Filling up the DagBag from /home/airflow/.local/lib/python3.12/site-packages/airflow/example_dags/example_branch_day_of_week_operator.py
[2026-08-09T17:33:40.152+0000] {processor.py:925} INFO - DAG(s) 'example_weekday_branch_operator' retrieved from /home/airflow/.local/lib/python3.12/site-packages/airflow/example_dags/example_branch_day_of_week_operator.py
[2026-08-09T17:33:40.176+0000] {logging_mixin.py:190} INFO - [2026-08-09T17:33:40.175+0000] {dag.py:3239} INFO - Sync 1 DAGs
[2026-08-09T17:33:40.205+0000] {logging_mixin.py:190} INFO - [2026-08-09T17:33:40.204+0000] {dag.py:4180} INFO - Setting next_dagrun for example_weekday_branch_operator to 2026-08-08 00:00:00+00:00, run_after=2026-08-09 00:00:00+00:00
[2026-08-09T17:33:40.227+0000] {processor.py:208} INFO - Processing /home/airflow/.local/lib/python3.12/site-packages/airflow/example_dags/example_branch_day_of_week_operator.py took 0.105 seconds
[2026-08-09T17:34:11.291+0000] {processor.py:186} INFO - Started process (PID=29011) to work on /home/airflow/.local/lib/python3.12/site-packages/airflow/example_dags/example_branch_day_of_week_operator.py
[2026-08-09T17:34:11.292+0000] {processor.py:914} INFO - Processing file /home/airflow/.local/lib/python3.12/site-packages/airflow/example_dags/example_branch_day_of_week_operator.py for tasks to queue
[2026-08-09T17:34:11.297+0000] {logging_mixin.py:190} INFO - [2026-08-09T17:34:11.297+0000] {dagbag.py:588} INFO - Filling up the DagBag from /home/airflow/.local/lib/python3.12/site-packages/airflow/example_dags/example_branch_day_of_week_operator.py
[2026-08-09T17:34:11.309+0000] {processor.py:925} INFO - DAG(s) 'example_weekday_branch_operator' retrieved from /home/airflow/.local/lib/python3.12/site-packages/airflow/example_dags/example_branch_day_of_week_operator.py
[2026-08-09T17:34:11.334+0000] {logging_mixin.py:190} INFO - [2026-08-09T17:34:11.334+0000] {dag.py:3239} INFO - Sync 1 DAGs
[2026-08-09T17:34:11.363+0000] {logging_mixin.py:190} INFO - [2026-08-09T17:34:11.363+0000] {dag.py:4180} INFO - Setting next_dagrun for example_weekday_branch_operator to 2026-08-08 00:00:00+00:00, run_after=2026-08-09 00:00:00+00:00
[2026-08-09T17:34:11.385+0000] {processor.py:208} INFO - Processing /home/airflow/.local/lib/python3.12/site-packages/airflow/example_dags/example_branch_day_of_week_operator.py took 0.101 seconds
[2026-08-09T17:34:42.265+0000] {processor.py:186} INFO - Started process (PID=29076) to work on /home/airflow/.local/lib/python3.12/site-packages/airflow/example_dags/example_branch_day_of_week_operator.py
[2026-08-09T17:34:42.267+0000] {processor.py:914} INFO - Processing file /home/airflow/.local/lib/python3.12/site-packages/airflow/example_dags/example_branch_day_of_week_operator.py for tasks to queue
[2026-08-09T17:34:42.271+0000] {logging_mixin.py:190} INFO - [2026-08-09T17:34:42.271+0000] {dagbag.py:588} INFO - Filling up the DagBag from /home/airflow/.local/lib/python3.12/site-packages/airflow/example_dags/example_branch_day_of_week_operator.py
[2026-08-09T17:34:42.284+0000] {processor.py:925} INFO - DAG(s) 'example_weekday_branch_operator' retrieved from /home/airflow/.local/lib/python3.12/site-packages/airflow/example_dags/example_branch_day_of_week_operator.py
[2026-08-09T17:34:42.311+0000] {logging_mixin.py:190} INFO - [2026-08-09T17:34:42.311+0000] {dag.py:3239} INFO - Sync 1 DAGs
[2026-08-09T17:34:42.343+0000] {logging_mixin.py:190} INFO - [2026-08-09T17:34:42.343+0000] {dag.py:4180} INFO - Setting next_dagrun for example_weekday_branch_operator to 2026-08-08 00:00:00+00:00, run_after=2026-08-09 00:00:00+00:00
[2026-08-09T17:34:42.366+0000] {processor.py:208} INFO - Processing /home/airflow/.local/lib/python3.12/site-packages/airflow/example_dags/example_branch_day_of_week_operator.py took 0.108 seconds
[2026-08-09T17:35:12.827+0000] {processor.py:186} INFO - Started process (PID=29141) to work on /home/airflow/.local/lib/python3.12/site-packages/airflow/example_dags/example_branch_day_of_week_operator.py
[2026-08-09T17:35:12.829+0000] {processor.py:914} INFO - Processing file /home/airflow/.local/lib/python3.12/site-packages/airflow/example_dags/example_branch_day_of_week_operator.py for tasks to queue
[2026-08-09T17:35:12.833+0000] {logging_mixin.py:190} INFO - [2026-08-09T17:35:12.833+0000] {dagbag.py:588} INFO - Filling up the DagBag from /home/airflow/.local/lib/python3.12/site-packages/airflow/example_dags/example_branch_day_of_week_operator.py
[2026-08-09T17:35:12.848+0000] {processor.py:925} INFO - DAG(s) 'example_weekday_branch_operator' retrieved from /home/airflow/.local/lib/python3.12/site-packages/airflow/example_dags/example_branch_day_of_week_operator.py
[2026-08-09T17:35:12.872+0000] {logging_mixin.py:190} INFO - [2026-08-09T17:35:12.871+0000] {dag.py:3239} INFO - Sync 1 DAGs
[2026-08-09T17:35:12.903+0000] {logging_mixin.py:190} INFO - [2026-08-09T17:35:12.902+0000] {dag.py:4180} INFO - Setting next_dagrun for example_weekday_branch_operator to 2026-08-08 00:00:00+00:00, run_after=2026-08-09 00:00:00+00:00
[2026-08-09T17:35:12.926+0000] {processor.py:208} INFO - Processing /home/airflow/.local/lib/python3.12/site-packages/airflow/example_dags/example_branch_day_of_week_operator.py took 0.105 seconds
[2026-08-09T17:35:43.156+0000] {processor.py:186} INFO - Started process (PID=29205) to work on /home/airflow/.local/lib/python3.12/site-packages/airflow/example_dags/example_branch_day_of_week_operator.py
[2026-08-09T17:35:43.157+0000] {processor.py:914} INFO - Processing file /home/airflow/.local/lib/python3.12/site-packages/airflow/example_dags/example_branch_day_of_week_operator.py for tasks to queue
[2026-08-09T17:35:43.161+0000] {logging_mixin.py:190} INFO - [2026-08-09T17:35:43.161+0000] {dagbag.py:588} INFO - Filling up the DagBag from /home/airflow/.local/lib/python3.12/site-packages/airflow/example_dags/example_branch_day_of_week_operator.py
[2026-08-09T17:35:43.175+0000] {processor.py:925} INFO - DAG(s) 'example_weekday_branch_operator' retrieved from /home/airflow/.local/lib/python3.12/site-packages/airflow/example_dags/example_branch_day_of_week_operator.py
[2026-08-09T17:35:43.202+0000] {logging_mixin.py:190} INFO - [2026-08-09T17:35:43.202+0000] {dag.py:3239} INFO - Sync 1 DAGs
[2026-08-09T17:35:43.237+0000] {logging_mixin.py:190} INFO - [2026-08-09T17:35:43.237+0000] {dag.py:4180} INFO - Setting next_dagrun for example_weekday_branch_operator to 2026-08-08 00:00:00+00:00, run_after=2026-08-09 00:00:00+00:00
[2026-08-09T17:35:43.263+0000] {processor.py:208} INFO - Processing /home/airflow/.local/lib/python3.12/site-packages/airflow/example_dags/example_branch_day_of_week_operator.py took 0.115 seconds
[2026-08-09T17:36:13.584+0000] {processor.py:186} INFO - Started process (PID=29270) to work on /home/airflow/.local/lib/python3.12/site-packages/airflow/example_dags/example_branch_day_of_week_operator.py
[2026-08-09T17:36:13.586+0000] {processor.py:914} INFO - Processing file /home/airflow/.local/lib/python3.12/site-packages/airflow/example_dags/example_branch_day_of_week_operator.py for tasks to queue
[2026-08-09T17:36:13.590+0000] {logging_mixin.py:190} INFO - [2026-08-09T17:36:13.590+0000] {dagbag.py:588} INFO - Filling up the DagBag from /home/airflow/.local/lib/python3.12/site-packages/airflow/example_dags/example_branch_day_of_week_operator.py
[2026-08-09T17:36:13.601+0000] {processor.py:925} INFO - DAG(s) 'example_weekday_branch_operator' retrieved from /home/airflow/.local/lib/python3.12/site-packages/airflow/example_dags/example_branch_day_of_week_operator.py
[2026-08-09T17:36:13.628+0000] {logging_mixin.py:190} INFO - [2026-08-09T17:36:13.628+0000] {dag.py:3239} INFO - Sync 1 DAGs
[2026-08-09T17:36:13.656+0000] {logging_mixin.py:190} INFO - [2026-08-09T17:36:13.656+0000] {dag.py:4180} INFO - Setting next_dagrun for example_weekday_branch_operator to 2026-08-08 00:00:00+00:00, run_after=2026-08-09 00:00:00+00:00
[2026-08-09T17:36:13.679+0000] {processor.py:208} INFO - Processing /home/airflow/.local/lib/python3.12/site-packages/airflow/example_dags/example_branch_day_of_week_operator.py took 0.102 seconds
