[2026-08-08T01:09:25.885+0000] {processor.py:186} INFO - Started process (PID=108) to work on /home/airflow/.local/lib/python3.12/site-packages/airflow/example_dags/example_dataset_alias.py
[2026-08-08T01:09:25.887+0000] {processor.py:914} INFO - Processing file /home/airflow/.local/lib/python3.12/site-packages/airflow/example_dags/example_dataset_alias.py for tasks to queue
[2026-08-08T01:09:25.890+0000] {logging_mixin.py:190} INFO - [2026-08-08T01:09:25.890+0000] {dagbag.py:588} INFO - Filling up the DagBag from /home/airflow/.local/lib/python3.12/site-packages/airflow/example_dags/example_dataset_alias.py
[2026-08-08T01:09:26.790+0000] {processor.py:925} INFO - DAG(s) 'dataset_s3_bucket_consumer', 'dataset_alias_example_alias_consumer', 'dataset_alias_example_alias_producer', 'dataset_s3_bucket_producer' retrieved from /home/airflow/.local/lib/python3.12/site-packages/airflow/example_dags/example_dataset_alias.py
[2026-08-08T01:09:26.828+0000] {logging_mixin.py:190} INFO - [2026-08-08T01:09:26.827+0000] {dag.py:3239} INFO - Sync 4 DAGs
[2026-08-08T01:09:26.862+0000] {logging_mixin.py:190} INFO - [2026-08-08T01:09:26.861+0000] {dag.py:4180} INFO - Setting next_dagrun for dataset_alias_example_alias_consumer to None, run_after=None
[2026-08-08T01:09:26.865+0000] {logging_mixin.py:190} INFO - [2026-08-08T01:09:26.865+0000] {dag.py:4180} INFO - Setting next_dagrun for dataset_alias_example_alias_producer to None, run_after=None
[2026-08-08T01:09:26.869+0000] {logging_mixin.py:190} INFO - [2026-08-08T01:09:26.868+0000] {dag.py:4180} INFO - Setting next_dagrun for dataset_s3_bucket_consumer to None, run_after=None
[2026-08-08T01:09:26.875+0000] {logging_mixin.py:190} INFO - [2026-08-08T01:09:26.875+0000] {dag.py:4180} INFO - Setting next_dagrun for dataset_s3_bucket_producer to None, run_after=None
[2026-08-08T01:09:27.028+0000] {processor.py:208} INFO - Processing /home/airflow/.local/lib/python3.12/site-packages/airflow/example_dags/example_dataset_alias.py took 1.149 seconds
[2026-08-08T01:09:57.105+0000] {processor.py:186} INFO - Started process (PID=177) to work on /home/airflow/.local/lib/python3.12/site-packages/airflow/example_dags/example_dataset_alias.py
[2026-08-08T01:09:57.106+0000] {processor.py:914} INFO - Processing file /home/airflow/.local/lib/python3.12/site-packages/airflow/example_dags/example_dataset_alias.py for tasks to queue
[2026-08-08T01:09:57.109+0000] {logging_mixin.py:190} INFO - [2026-08-08T01:09:57.109+0000] {dagbag.py:588} INFO - Filling up the DagBag from /home/airflow/.local/lib/python3.12/site-packages/airflow/example_dags/example_dataset_alias.py
[2026-08-08T01:09:57.833+0000] {processor.py:925} INFO - DAG(s) 'dataset_s3_bucket_producer', 'dataset_alias_example_alias_producer', 'dataset_s3_bucket_consumer', 'dataset_alias_example_alias_consumer' retrieved from /home/airflow/.local/lib/python3.12/site-packages/airflow/example_dags/example_dataset_alias.py
[2026-08-08T01:09:57.869+0000] {logging_mixin.py:190} INFO - [2026-08-08T01:09:57.868+0000] {dag.py:3239} INFO - Sync 4 DAGs
[2026-08-08T01:09:57.911+0000] {logging_mixin.py:190} INFO - [2026-08-08T01:09:57.911+0000] {dag.py:4180} INFO - Setting next_dagrun for dataset_alias_example_alias_consumer to None, run_after=None
[2026-08-08T01:09:57.916+0000] {logging_mixin.py:190} INFO - [2026-08-08T01:09:57.915+0000] {dag.py:4180} INFO - Setting next_dagrun for dataset_alias_example_alias_producer to None, run_after=None
[2026-08-08T01:09:57.919+0000] {logging_mixin.py:190} INFO - [2026-08-08T01:09:57.919+0000] {dag.py:4180} INFO - Setting next_dagrun for dataset_s3_bucket_consumer to None, run_after=None
[2026-08-08T01:09:57.922+0000] {logging_mixin.py:190} INFO - [2026-08-08T01:09:57.922+0000] {dag.py:4180} INFO - Setting next_dagrun for dataset_s3_bucket_producer to None, run_after=None
[2026-08-08T01:09:57.970+0000] {processor.py:208} INFO - Processing /home/airflow/.local/lib/python3.12/site-packages/airflow/example_dags/example_dataset_alias.py took 0.872 seconds
[2026-08-08T01:10:28.921+0000] {processor.py:186} INFO - Started process (PID=241) to work on /home/airflow/.local/lib/python3.12/site-packages/airflow/example_dags/example_dataset_alias.py
[2026-08-08T01:10:28.923+0000] {processor.py:914} INFO - Processing file /home/airflow/.local/lib/python3.12/site-packages/airflow/example_dags/example_dataset_alias.py for tasks to queue
[2026-08-08T01:10:28.930+0000] {logging_mixin.py:190} INFO - [2026-08-08T01:10:28.927+0000] {dagbag.py:588} INFO - Filling up the DagBag from /home/airflow/.local/lib/python3.12/site-packages/airflow/example_dags/example_dataset_alias.py
[2026-08-08T01:10:29.988+0000] {processor.py:925} INFO - DAG(s) 'dataset_s3_bucket_consumer', 'dataset_alias_example_alias_consumer', 'dataset_s3_bucket_producer', 'dataset_alias_example_alias_producer' retrieved from /home/airflow/.local/lib/python3.12/site-packages/airflow/example_dags/example_dataset_alias.py
[2026-08-08T01:10:30.026+0000] {logging_mixin.py:190} INFO - [2026-08-08T01:10:30.025+0000] {dag.py:3239} INFO - Sync 4 DAGs
[2026-08-08T01:10:30.058+0000] {logging_mixin.py:190} INFO - [2026-08-08T01:10:30.058+0000] {dag.py:4180} INFO - Setting next_dagrun for dataset_alias_example_alias_consumer to None, run_after=None
[2026-08-08T01:10:30.063+0000] {logging_mixin.py:190} INFO - [2026-08-08T01:10:30.063+0000] {dag.py:4180} INFO - Setting next_dagrun for dataset_alias_example_alias_producer to None, run_after=None
[2026-08-08T01:10:30.065+0000] {logging_mixin.py:190} INFO - [2026-08-08T01:10:30.065+0000] {dag.py:4180} INFO - Setting next_dagrun for dataset_s3_bucket_consumer to None, run_after=None
[2026-08-08T01:10:30.068+0000] {logging_mixin.py:190} INFO - [2026-08-08T01:10:30.068+0000] {dag.py:4180} INFO - Setting next_dagrun for dataset_s3_bucket_producer to None, run_after=None
[2026-08-08T01:10:30.100+0000] {processor.py:208} INFO - Processing /home/airflow/.local/lib/python3.12/site-packages/airflow/example_dags/example_dataset_alias.py took 1.190 seconds
[2026-08-08T01:11:00.252+0000] {processor.py:186} INFO - Started process (PID=308) to work on /home/airflow/.local/lib/python3.12/site-packages/airflow/example_dags/example_dataset_alias.py
[2026-08-08T01:11:00.254+0000] {processor.py:914} INFO - Processing file /home/airflow/.local/lib/python3.12/site-packages/airflow/example_dags/example_dataset_alias.py for tasks to queue
[2026-08-08T01:11:00.258+0000] {logging_mixin.py:190} INFO - [2026-08-08T01:11:00.258+0000] {dagbag.py:588} INFO - Filling up the DagBag from /home/airflow/.local/lib/python3.12/site-packages/airflow/example_dags/example_dataset_alias.py
[2026-08-08T01:11:01.112+0000] {processor.py:925} INFO - DAG(s) 'dataset_s3_bucket_producer', 'dataset_alias_example_alias_consumer', 'dataset_alias_example_alias_producer', 'dataset_s3_bucket_consumer' retrieved from /home/airflow/.local/lib/python3.12/site-packages/airflow/example_dags/example_dataset_alias.py
[2026-08-08T01:11:01.147+0000] {logging_mixin.py:190} INFO - [2026-08-08T01:11:01.146+0000] {dag.py:3239} INFO - Sync 4 DAGs
[2026-08-08T01:11:01.185+0000] {logging_mixin.py:190} INFO - [2026-08-08T01:11:01.184+0000] {dag.py:4180} INFO - Setting next_dagrun for dataset_alias_example_alias_consumer to None, run_after=None
[2026-08-08T01:11:01.190+0000] {logging_mixin.py:190} INFO - [2026-08-08T01:11:01.190+0000] {dag.py:4180} INFO - Setting next_dagrun for dataset_alias_example_alias_producer to None, run_after=None
[2026-08-08T01:11:01.194+0000] {logging_mixin.py:190} INFO - [2026-08-08T01:11:01.194+0000] {dag.py:4180} INFO - Setting next_dagrun for dataset_s3_bucket_consumer to None, run_after=None
[2026-08-08T01:11:01.197+0000] {logging_mixin.py:190} INFO - [2026-08-08T01:11:01.197+0000] {dag.py:4180} INFO - Setting next_dagrun for dataset_s3_bucket_producer to None, run_after=None
[2026-08-08T01:11:01.234+0000] {processor.py:208} INFO - Processing /home/airflow/.local/lib/python3.12/site-packages/airflow/example_dags/example_dataset_alias.py took 0.993 seconds
[2026-08-08T01:11:32.069+0000] {processor.py:186} INFO - Started process (PID=374) to work on /home/airflow/.local/lib/python3.12/site-packages/airflow/example_dags/example_dataset_alias.py
[2026-08-08T01:11:32.072+0000] {processor.py:914} INFO - Processing file /home/airflow/.local/lib/python3.12/site-packages/airflow/example_dags/example_dataset_alias.py for tasks to queue
[2026-08-08T01:11:32.078+0000] {logging_mixin.py:190} INFO - [2026-08-08T01:11:32.077+0000] {dagbag.py:588} INFO - Filling up the DagBag from /home/airflow/.local/lib/python3.12/site-packages/airflow/example_dags/example_dataset_alias.py
[2026-08-08T01:11:32.962+0000] {processor.py:925} INFO - DAG(s) 'dataset_s3_bucket_producer', 'dataset_alias_example_alias_consumer', 'dataset_s3_bucket_consumer', 'dataset_alias_example_alias_producer' retrieved from /home/airflow/.local/lib/python3.12/site-packages/airflow/example_dags/example_dataset_alias.py
[2026-08-08T01:11:32.984+0000] {logging_mixin.py:190} INFO - [2026-08-08T01:11:32.983+0000] {dag.py:3239} INFO - Sync 4 DAGs
[2026-08-08T01:11:33.018+0000] {logging_mixin.py:190} INFO - [2026-08-08T01:11:33.018+0000] {dag.py:4180} INFO - Setting next_dagrun for dataset_alias_example_alias_consumer to None, run_after=None
[2026-08-08T01:11:33.022+0000] {logging_mixin.py:190} INFO - [2026-08-08T01:11:33.022+0000] {dag.py:4180} INFO - Setting next_dagrun for dataset_alias_example_alias_producer to None, run_after=None
[2026-08-08T01:11:33.024+0000] {logging_mixin.py:190} INFO - [2026-08-08T01:11:33.024+0000] {dag.py:4180} INFO - Setting next_dagrun for dataset_s3_bucket_consumer to None, run_after=None
[2026-08-08T01:11:33.027+0000] {logging_mixin.py:190} INFO - [2026-08-08T01:11:33.027+0000] {dag.py:4180} INFO - Setting next_dagrun for dataset_s3_bucket_producer to None, run_after=None
[2026-08-08T01:11:33.059+0000] {processor.py:208} INFO - Processing /home/airflow/.local/lib/python3.12/site-packages/airflow/example_dags/example_dataset_alias.py took 1.001 seconds
[2026-08-08T01:12:04.516+0000] {processor.py:186} INFO - Started process (PID=445) to work on /home/airflow/.local/lib/python3.12/site-packages/airflow/example_dags/example_dataset_alias.py
[2026-08-08T01:12:04.518+0000] {processor.py:914} INFO - Processing file /home/airflow/.local/lib/python3.12/site-packages/airflow/example_dags/example_dataset_alias.py for tasks to queue
[2026-08-08T01:12:04.521+0000] {logging_mixin.py:190} INFO - [2026-08-08T01:12:04.521+0000] {dagbag.py:588} INFO - Filling up the DagBag from /home/airflow/.local/lib/python3.12/site-packages/airflow/example_dags/example_dataset_alias.py
[2026-08-08T01:12:05.401+0000] {processor.py:925} INFO - DAG(s) 'dataset_s3_bucket_consumer', 'dataset_alias_example_alias_consumer', 'dataset_s3_bucket_producer', 'dataset_alias_example_alias_producer' retrieved from /home/airflow/.local/lib/python3.12/site-packages/airflow/example_dags/example_dataset_alias.py
[2026-08-08T01:12:05.427+0000] {logging_mixin.py:190} INFO - [2026-08-08T01:12:05.426+0000] {dag.py:3239} INFO - Sync 4 DAGs
[2026-08-08T01:12:05.455+0000] {logging_mixin.py:190} INFO - [2026-08-08T01:12:05.455+0000] {dag.py:4180} INFO - Setting next_dagrun for dataset_alias_example_alias_consumer to None, run_after=None
[2026-08-08T01:12:05.459+0000] {logging_mixin.py:190} INFO - [2026-08-08T01:12:05.459+0000] {dag.py:4180} INFO - Setting next_dagrun for dataset_alias_example_alias_producer to None, run_after=None
[2026-08-08T01:12:05.462+0000] {logging_mixin.py:190} INFO - [2026-08-08T01:12:05.462+0000] {dag.py:4180} INFO - Setting next_dagrun for dataset_s3_bucket_consumer to None, run_after=None
[2026-08-08T01:12:05.464+0000] {logging_mixin.py:190} INFO - [2026-08-08T01:12:05.464+0000] {dag.py:4180} INFO - Setting next_dagrun for dataset_s3_bucket_producer to None, run_after=None
[2026-08-08T01:12:05.494+0000] {processor.py:208} INFO - Processing /home/airflow/.local/lib/python3.12/site-packages/airflow/example_dags/example_dataset_alias.py took 0.986 seconds
[2026-08-08T01:12:37.088+0000] {processor.py:186} INFO - Started process (PID=510) to work on /home/airflow/.local/lib/python3.12/site-packages/airflow/example_dags/example_dataset_alias.py
[2026-08-08T01:12:37.090+0000] {processor.py:914} INFO - Processing file /home/airflow/.local/lib/python3.12/site-packages/airflow/example_dags/example_dataset_alias.py for tasks to queue
[2026-08-08T01:12:37.094+0000] {logging_mixin.py:190} INFO - [2026-08-08T01:12:37.094+0000] {dagbag.py:588} INFO - Filling up the DagBag from /home/airflow/.local/lib/python3.12/site-packages/airflow/example_dags/example_dataset_alias.py
[2026-08-08T01:12:38.438+0000] {processor.py:925} INFO - DAG(s) 'dataset_s3_bucket_consumer', 'dataset_alias_example_alias_consumer', 'dataset_s3_bucket_producer', 'dataset_alias_example_alias_producer' retrieved from /home/airflow/.local/lib/python3.12/site-packages/airflow/example_dags/example_dataset_alias.py
[2026-08-08T01:12:38.485+0000] {logging_mixin.py:190} INFO - [2026-08-08T01:12:38.485+0000] {dag.py:3239} INFO - Sync 4 DAGs
[2026-08-08T01:12:38.535+0000] {logging_mixin.py:190} INFO - [2026-08-08T01:12:38.535+0000] {dag.py:4180} INFO - Setting next_dagrun for dataset_alias_example_alias_consumer to None, run_after=None
[2026-08-08T01:12:38.542+0000] {logging_mixin.py:190} INFO - [2026-08-08T01:12:38.541+0000] {dag.py:4180} INFO - Setting next_dagrun for dataset_alias_example_alias_producer to None, run_after=None
[2026-08-08T01:12:38.546+0000] {logging_mixin.py:190} INFO - [2026-08-08T01:12:38.545+0000] {dag.py:4180} INFO - Setting next_dagrun for dataset_s3_bucket_consumer to None, run_after=None
[2026-08-08T01:12:38.549+0000] {logging_mixin.py:190} INFO - [2026-08-08T01:12:38.549+0000] {dag.py:4180} INFO - Setting next_dagrun for dataset_s3_bucket_producer to None, run_after=None
[2026-08-08T01:12:38.605+0000] {processor.py:208} INFO - Processing /home/airflow/.local/lib/python3.12/site-packages/airflow/example_dags/example_dataset_alias.py took 1.529 seconds
[2026-08-08T01:13:08.701+0000] {processor.py:186} INFO - Started process (PID=575) to work on /home/airflow/.local/lib/python3.12/site-packages/airflow/example_dags/example_dataset_alias.py
[2026-08-08T01:13:08.702+0000] {processor.py:914} INFO - Processing file /home/airflow/.local/lib/python3.12/site-packages/airflow/example_dags/example_dataset_alias.py for tasks to queue
[2026-08-08T01:13:08.705+0000] {logging_mixin.py:190} INFO - [2026-08-08T01:13:08.705+0000] {dagbag.py:588} INFO - Filling up the DagBag from /home/airflow/.local/lib/python3.12/site-packages/airflow/example_dags/example_dataset_alias.py
[2026-08-08T01:13:09.389+0000] {processor.py:925} INFO - DAG(s) 'dataset_alias_example_alias_producer', 'dataset_s3_bucket_producer', 'dataset_s3_bucket_consumer', 'dataset_alias_example_alias_consumer' retrieved from /home/airflow/.local/lib/python3.12/site-packages/airflow/example_dags/example_dataset_alias.py
[2026-08-08T01:13:09.416+0000] {logging_mixin.py:190} INFO - [2026-08-08T01:13:09.415+0000] {dag.py:3239} INFO - Sync 4 DAGs
[2026-08-08T01:13:09.451+0000] {logging_mixin.py:190} INFO - [2026-08-08T01:13:09.451+0000] {dag.py:4180} INFO - Setting next_dagrun for dataset_alias_example_alias_consumer to None, run_after=None
[2026-08-08T01:13:09.457+0000] {logging_mixin.py:190} INFO - [2026-08-08T01:13:09.457+0000] {dag.py:4180} INFO - Setting next_dagrun for dataset_alias_example_alias_producer to None, run_after=None
[2026-08-08T01:13:09.461+0000] {logging_mixin.py:190} INFO - [2026-08-08T01:13:09.461+0000] {dag.py:4180} INFO - Setting next_dagrun for dataset_s3_bucket_consumer to None, run_after=None
[2026-08-08T01:13:09.466+0000] {logging_mixin.py:190} INFO - [2026-08-08T01:13:09.465+0000] {dag.py:4180} INFO - Setting next_dagrun for dataset_s3_bucket_producer to None, run_after=None
[2026-08-08T01:13:09.502+0000] {processor.py:208} INFO - Processing /home/airflow/.local/lib/python3.12/site-packages/airflow/example_dags/example_dataset_alias.py took 0.807 seconds
[2026-08-08T01:13:40.156+0000] {processor.py:186} INFO - Started process (PID=640) to work on /home/airflow/.local/lib/python3.12/site-packages/airflow/example_dags/example_dataset_alias.py
[2026-08-08T01:13:40.157+0000] {processor.py:914} INFO - Processing file /home/airflow/.local/lib/python3.12/site-packages/airflow/example_dags/example_dataset_alias.py for tasks to queue
[2026-08-08T01:13:40.160+0000] {logging_mixin.py:190} INFO - [2026-08-08T01:13:40.159+0000] {dagbag.py:588} INFO - Filling up the DagBag from /home/airflow/.local/lib/python3.12/site-packages/airflow/example_dags/example_dataset_alias.py
[2026-08-08T01:13:40.767+0000] {processor.py:925} INFO - DAG(s) 'dataset_s3_bucket_consumer', 'dataset_s3_bucket_producer', 'dataset_alias_example_alias_consumer', 'dataset_alias_example_alias_producer' retrieved from /home/airflow/.local/lib/python3.12/site-packages/airflow/example_dags/example_dataset_alias.py
[2026-08-08T01:13:40.827+0000] {logging_mixin.py:190} INFO - [2026-08-08T01:13:40.826+0000] {dag.py:3239} INFO - Sync 4 DAGs
[2026-08-08T01:13:40.864+0000] {logging_mixin.py:190} INFO - [2026-08-08T01:13:40.863+0000] {dag.py:4180} INFO - Setting next_dagrun for dataset_alias_example_alias_consumer to None, run_after=None
[2026-08-08T01:13:40.869+0000] {logging_mixin.py:190} INFO - [2026-08-08T01:13:40.869+0000] {dag.py:4180} INFO - Setting next_dagrun for dataset_alias_example_alias_producer to None, run_after=None
[2026-08-08T01:13:40.872+0000] {logging_mixin.py:190} INFO - [2026-08-08T01:13:40.871+0000] {dag.py:4180} INFO - Setting next_dagrun for dataset_s3_bucket_consumer to None, run_after=None
[2026-08-08T01:13:40.874+0000] {logging_mixin.py:190} INFO - [2026-08-08T01:13:40.874+0000] {dag.py:4180} INFO - Setting next_dagrun for dataset_s3_bucket_producer to None, run_after=None
[2026-08-08T01:13:40.911+0000] {processor.py:208} INFO - Processing /home/airflow/.local/lib/python3.12/site-packages/airflow/example_dags/example_dataset_alias.py took 0.761 seconds
[2026-08-08T01:14:11.520+0000] {processor.py:186} INFO - Started process (PID=705) to work on /home/airflow/.local/lib/python3.12/site-packages/airflow/example_dags/example_dataset_alias.py
[2026-08-08T01:14:11.522+0000] {processor.py:914} INFO - Processing file /home/airflow/.local/lib/python3.12/site-packages/airflow/example_dags/example_dataset_alias.py for tasks to queue
[2026-08-08T01:14:11.526+0000] {logging_mixin.py:190} INFO - [2026-08-08T01:14:11.525+0000] {dagbag.py:588} INFO - Filling up the DagBag from /home/airflow/.local/lib/python3.12/site-packages/airflow/example_dags/example_dataset_alias.py
[2026-08-08T01:14:12.350+0000] {processor.py:925} INFO - DAG(s) 'dataset_alias_example_alias_producer', 'dataset_s3_bucket_producer', 'dataset_alias_example_alias_consumer', 'dataset_s3_bucket_consumer' retrieved from /home/airflow/.local/lib/python3.12/site-packages/airflow/example_dags/example_dataset_alias.py
[2026-08-08T01:14:12.375+0000] {logging_mixin.py:190} INFO - [2026-08-08T01:14:12.374+0000] {dag.py:3239} INFO - Sync 4 DAGs
[2026-08-08T01:14:12.401+0000] {logging_mixin.py:190} INFO - [2026-08-08T01:14:12.401+0000] {dag.py:4180} INFO - Setting next_dagrun for dataset_alias_example_alias_consumer to None, run_after=None
[2026-08-08T01:14:12.404+0000] {logging_mixin.py:190} INFO - [2026-08-08T01:14:12.404+0000] {dag.py:4180} INFO - Setting next_dagrun for dataset_alias_example_alias_producer to None, run_after=None
[2026-08-08T01:14:12.408+0000] {logging_mixin.py:190} INFO - [2026-08-08T01:14:12.408+0000] {dag.py:4180} INFO - Setting next_dagrun for dataset_s3_bucket_consumer to None, run_after=None
[2026-08-08T01:14:12.410+0000] {logging_mixin.py:190} INFO - [2026-08-08T01:14:12.410+0000] {dag.py:4180} INFO - Setting next_dagrun for dataset_s3_bucket_producer to None, run_after=None
[2026-08-08T01:14:12.439+0000] {processor.py:208} INFO - Processing /home/airflow/.local/lib/python3.12/site-packages/airflow/example_dags/example_dataset_alias.py took 0.927 seconds
[2026-08-08T01:14:42.751+0000] {processor.py:186} INFO - Started process (PID=770) to work on /home/airflow/.local/lib/python3.12/site-packages/airflow/example_dags/example_dataset_alias.py
[2026-08-08T01:14:42.752+0000] {processor.py:914} INFO - Processing file /home/airflow/.local/lib/python3.12/site-packages/airflow/example_dags/example_dataset_alias.py for tasks to queue
[2026-08-08T01:14:42.755+0000] {logging_mixin.py:190} INFO - [2026-08-08T01:14:42.755+0000] {dagbag.py:588} INFO - Filling up the DagBag from /home/airflow/.local/lib/python3.12/site-packages/airflow/example_dags/example_dataset_alias.py
[2026-08-08T01:14:43.406+0000] {processor.py:925} INFO - DAG(s) 'dataset_s3_bucket_producer', 'dataset_alias_example_alias_producer', 'dataset_s3_bucket_consumer', 'dataset_alias_example_alias_consumer' retrieved from /home/airflow/.local/lib/python3.12/site-packages/airflow/example_dags/example_dataset_alias.py
[2026-08-08T01:14:43.430+0000] {logging_mixin.py:190} INFO - [2026-08-08T01:14:43.430+0000] {dag.py:3239} INFO - Sync 4 DAGs
[2026-08-08T01:14:43.454+0000] {logging_mixin.py:190} INFO - [2026-08-08T01:14:43.454+0000] {dag.py:4180} INFO - Setting next_dagrun for dataset_alias_example_alias_consumer to None, run_after=None
[2026-08-08T01:14:43.458+0000] {logging_mixin.py:190} INFO - [2026-08-08T01:14:43.457+0000] {dag.py:4180} INFO - Setting next_dagrun for dataset_alias_example_alias_producer to None, run_after=None
[2026-08-08T01:14:43.462+0000] {logging_mixin.py:190} INFO - [2026-08-08T01:14:43.462+0000] {dag.py:4180} INFO - Setting next_dagrun for dataset_s3_bucket_consumer to None, run_after=None
[2026-08-08T01:14:43.465+0000] {logging_mixin.py:190} INFO - [2026-08-08T01:14:43.464+0000] {dag.py:4180} INFO - Setting next_dagrun for dataset_s3_bucket_producer to None, run_after=None
[2026-08-08T01:14:43.506+0000] {processor.py:208} INFO - Processing /home/airflow/.local/lib/python3.12/site-packages/airflow/example_dags/example_dataset_alias.py took 0.763 seconds
[2026-08-08T01:15:14.066+0000] {processor.py:186} INFO - Started process (PID=835) to work on /home/airflow/.local/lib/python3.12/site-packages/airflow/example_dags/example_dataset_alias.py
[2026-08-08T01:15:14.068+0000] {processor.py:914} INFO - Processing file /home/airflow/.local/lib/python3.12/site-packages/airflow/example_dags/example_dataset_alias.py for tasks to queue
[2026-08-08T01:15:14.072+0000] {logging_mixin.py:190} INFO - [2026-08-08T01:15:14.072+0000] {dagbag.py:588} INFO - Filling up the DagBag from /home/airflow/.local/lib/python3.12/site-packages/airflow/example_dags/example_dataset_alias.py
[2026-08-08T01:15:14.708+0000] {processor.py:925} INFO - DAG(s) 'dataset_alias_example_alias_producer', 'dataset_alias_example_alias_consumer', 'dataset_s3_bucket_producer', 'dataset_s3_bucket_consumer' retrieved from /home/airflow/.local/lib/python3.12/site-packages/airflow/example_dags/example_dataset_alias.py
[2026-08-08T01:15:14.732+0000] {logging_mixin.py:190} INFO - [2026-08-08T01:15:14.731+0000] {dag.py:3239} INFO - Sync 4 DAGs
[2026-08-08T01:15:14.754+0000] {logging_mixin.py:190} INFO - [2026-08-08T01:15:14.754+0000] {dag.py:4180} INFO - Setting next_dagrun for dataset_alias_example_alias_consumer to None, run_after=None
[2026-08-08T01:15:14.759+0000] {logging_mixin.py:190} INFO - [2026-08-08T01:15:14.758+0000] {dag.py:4180} INFO - Setting next_dagrun for dataset_alias_example_alias_producer to None, run_after=None
[2026-08-08T01:15:14.762+0000] {logging_mixin.py:190} INFO - [2026-08-08T01:15:14.762+0000] {dag.py:4180} INFO - Setting next_dagrun for dataset_s3_bucket_consumer to None, run_after=None
[2026-08-08T01:15:14.764+0000] {logging_mixin.py:190} INFO - [2026-08-08T01:15:14.764+0000] {dag.py:4180} INFO - Setting next_dagrun for dataset_s3_bucket_producer to None, run_after=None
[2026-08-08T01:15:14.791+0000] {processor.py:208} INFO - Processing /home/airflow/.local/lib/python3.12/site-packages/airflow/example_dags/example_dataset_alias.py took 0.734 seconds
[2026-08-08T01:15:45.479+0000] {processor.py:186} INFO - Started process (PID=900) to work on /home/airflow/.local/lib/python3.12/site-packages/airflow/example_dags/example_dataset_alias.py
[2026-08-08T01:15:45.481+0000] {processor.py:914} INFO - Processing file /home/airflow/.local/lib/python3.12/site-packages/airflow/example_dags/example_dataset_alias.py for tasks to queue
[2026-08-08T01:15:45.486+0000] {logging_mixin.py:190} INFO - [2026-08-08T01:15:45.485+0000] {dagbag.py:588} INFO - Filling up the DagBag from /home/airflow/.local/lib/python3.12/site-packages/airflow/example_dags/example_dataset_alias.py
[2026-08-08T01:15:46.141+0000] {processor.py:925} INFO - DAG(s) 'dataset_s3_bucket_producer', 'dataset_alias_example_alias_producer', 'dataset_s3_bucket_consumer', 'dataset_alias_example_alias_consumer' retrieved from /home/airflow/.local/lib/python3.12/site-packages/airflow/example_dags/example_dataset_alias.py
[2026-08-08T01:15:46.164+0000] {logging_mixin.py:190} INFO - [2026-08-08T01:15:46.163+0000] {dag.py:3239} INFO - Sync 4 DAGs
[2026-08-08T01:15:46.187+0000] {logging_mixin.py:190} INFO - [2026-08-08T01:15:46.186+0000] {dag.py:4180} INFO - Setting next_dagrun for dataset_alias_example_alias_consumer to None, run_after=None
[2026-08-08T01:15:46.190+0000] {logging_mixin.py:190} INFO - [2026-08-08T01:15:46.190+0000] {dag.py:4180} INFO - Setting next_dagrun for dataset_alias_example_alias_producer to None, run_after=None
[2026-08-08T01:15:46.193+0000] {logging_mixin.py:190} INFO - [2026-08-08T01:15:46.193+0000] {dag.py:4180} INFO - Setting next_dagrun for dataset_s3_bucket_consumer to None, run_after=None
[2026-08-08T01:15:46.196+0000] {logging_mixin.py:190} INFO - [2026-08-08T01:15:46.195+0000] {dag.py:4180} INFO - Setting next_dagrun for dataset_s3_bucket_producer to None, run_after=None
[2026-08-08T01:15:46.222+0000] {processor.py:208} INFO - Processing /home/airflow/.local/lib/python3.12/site-packages/airflow/example_dags/example_dataset_alias.py took 0.752 seconds
[2026-08-08T01:16:16.429+0000] {processor.py:186} INFO - Started process (PID=965) to work on /home/airflow/.local/lib/python3.12/site-packages/airflow/example_dags/example_dataset_alias.py
[2026-08-08T01:16:16.431+0000] {processor.py:914} INFO - Processing file /home/airflow/.local/lib/python3.12/site-packages/airflow/example_dags/example_dataset_alias.py for tasks to queue
[2026-08-08T01:16:16.434+0000] {logging_mixin.py:190} INFO - [2026-08-08T01:16:16.434+0000] {dagbag.py:588} INFO - Filling up the DagBag from /home/airflow/.local/lib/python3.12/site-packages/airflow/example_dags/example_dataset_alias.py
[2026-08-08T01:16:17.116+0000] {processor.py:925} INFO - DAG(s) 'dataset_s3_bucket_consumer', 'dataset_alias_example_alias_consumer', 'dataset_alias_example_alias_producer', 'dataset_s3_bucket_producer' retrieved from /home/airflow/.local/lib/python3.12/site-packages/airflow/example_dags/example_dataset_alias.py
[2026-08-08T01:16:17.145+0000] {logging_mixin.py:190} INFO - [2026-08-08T01:16:17.144+0000] {dag.py:3239} INFO - Sync 4 DAGs
[2026-08-08T01:16:17.174+0000] {logging_mixin.py:190} INFO - [2026-08-08T01:16:17.174+0000] {dag.py:4180} INFO - Setting next_dagrun for dataset_alias_example_alias_consumer to None, run_after=None
[2026-08-08T01:16:17.178+0000] {logging_mixin.py:190} INFO - [2026-08-08T01:16:17.178+0000] {dag.py:4180} INFO - Setting next_dagrun for dataset_alias_example_alias_producer to None, run_after=None
[2026-08-08T01:16:17.181+0000] {logging_mixin.py:190} INFO - [2026-08-08T01:16:17.181+0000] {dag.py:4180} INFO - Setting next_dagrun for dataset_s3_bucket_consumer to None, run_after=None
[2026-08-08T01:16:17.183+0000] {logging_mixin.py:190} INFO - [2026-08-08T01:16:17.183+0000] {dag.py:4180} INFO - Setting next_dagrun for dataset_s3_bucket_producer to None, run_after=None
[2026-08-08T01:16:17.212+0000] {processor.py:208} INFO - Processing /home/airflow/.local/lib/python3.12/site-packages/airflow/example_dags/example_dataset_alias.py took 0.791 seconds
[2026-08-08T01:16:47.634+0000] {processor.py:186} INFO - Started process (PID=1030) to work on /home/airflow/.local/lib/python3.12/site-packages/airflow/example_dags/example_dataset_alias.py
[2026-08-08T01:16:47.635+0000] {processor.py:914} INFO - Processing file /home/airflow/.local/lib/python3.12/site-packages/airflow/example_dags/example_dataset_alias.py for tasks to queue
[2026-08-08T01:16:47.639+0000] {logging_mixin.py:190} INFO - [2026-08-08T01:16:47.638+0000] {dagbag.py:588} INFO - Filling up the DagBag from /home/airflow/.local/lib/python3.12/site-packages/airflow/example_dags/example_dataset_alias.py
[2026-08-08T01:16:48.358+0000] {processor.py:925} INFO - DAG(s) 'dataset_alias_example_alias_consumer', 'dataset_s3_bucket_consumer', 'dataset_s3_bucket_producer', 'dataset_alias_example_alias_producer' retrieved from /home/airflow/.local/lib/python3.12/site-packages/airflow/example_dags/example_dataset_alias.py
[2026-08-08T01:16:48.382+0000] {logging_mixin.py:190} INFO - [2026-08-08T01:16:48.381+0000] {dag.py:3239} INFO - Sync 4 DAGs
[2026-08-08T01:16:48.408+0000] {logging_mixin.py:190} INFO - [2026-08-08T01:16:48.407+0000] {dag.py:4180} INFO - Setting next_dagrun for dataset_alias_example_alias_consumer to None, run_after=None
[2026-08-08T01:16:48.411+0000] {logging_mixin.py:190} INFO - [2026-08-08T01:16:48.411+0000] {dag.py:4180} INFO - Setting next_dagrun for dataset_alias_example_alias_producer to None, run_after=None
[2026-08-08T01:16:48.413+0000] {logging_mixin.py:190} INFO - [2026-08-08T01:16:48.413+0000] {dag.py:4180} INFO - Setting next_dagrun for dataset_s3_bucket_consumer to None, run_after=None
[2026-08-08T01:16:48.415+0000] {logging_mixin.py:190} INFO - [2026-08-08T01:16:48.415+0000] {dag.py:4180} INFO - Setting next_dagrun for dataset_s3_bucket_producer to None, run_after=None
[2026-08-08T01:16:48.439+0000] {processor.py:208} INFO - Processing /home/airflow/.local/lib/python3.12/site-packages/airflow/example_dags/example_dataset_alias.py took 0.815 seconds
[2026-08-08T01:17:19.030+0000] {processor.py:186} INFO - Started process (PID=1095) to work on /home/airflow/.local/lib/python3.12/site-packages/airflow/example_dags/example_dataset_alias.py
[2026-08-08T01:17:19.031+0000] {processor.py:914} INFO - Processing file /home/airflow/.local/lib/python3.12/site-packages/airflow/example_dags/example_dataset_alias.py for tasks to queue
[2026-08-08T01:17:19.034+0000] {logging_mixin.py:190} INFO - [2026-08-08T01:17:19.033+0000] {dagbag.py:588} INFO - Filling up the DagBag from /home/airflow/.local/lib/python3.12/site-packages/airflow/example_dags/example_dataset_alias.py
[2026-08-08T01:17:19.709+0000] {processor.py:925} INFO - DAG(s) 'dataset_s3_bucket_consumer', 'dataset_alias_example_alias_consumer', 'dataset_alias_example_alias_producer', 'dataset_s3_bucket_producer' retrieved from /home/airflow/.local/lib/python3.12/site-packages/airflow/example_dags/example_dataset_alias.py
[2026-08-08T01:17:19.738+0000] {logging_mixin.py:190} INFO - [2026-08-08T01:17:19.737+0000] {dag.py:3239} INFO - Sync 4 DAGs
[2026-08-08T01:17:19.773+0000] {logging_mixin.py:190} INFO - [2026-08-08T01:17:19.773+0000] {dag.py:4180} INFO - Setting next_dagrun for dataset_alias_example_alias_consumer to None, run_after=None
[2026-08-08T01:17:19.777+0000] {logging_mixin.py:190} INFO - [2026-08-08T01:17:19.777+0000] {dag.py:4180} INFO - Setting next_dagrun for dataset_alias_example_alias_producer to None, run_after=None
[2026-08-08T01:17:19.779+0000] {logging_mixin.py:190} INFO - [2026-08-08T01:17:19.779+0000] {dag.py:4180} INFO - Setting next_dagrun for dataset_s3_bucket_consumer to None, run_after=None
[2026-08-08T01:17:19.782+0000] {logging_mixin.py:190} INFO - [2026-08-08T01:17:19.781+0000] {dag.py:4180} INFO - Setting next_dagrun for dataset_s3_bucket_producer to None, run_after=None
[2026-08-08T01:17:19.811+0000] {processor.py:208} INFO - Processing /home/airflow/.local/lib/python3.12/site-packages/airflow/example_dags/example_dataset_alias.py took 0.787 seconds
[2026-08-08T01:17:50.668+0000] {processor.py:186} INFO - Started process (PID=1160) to work on /home/airflow/.local/lib/python3.12/site-packages/airflow/example_dags/example_dataset_alias.py
[2026-08-08T01:17:50.670+0000] {processor.py:914} INFO - Processing file /home/airflow/.local/lib/python3.12/site-packages/airflow/example_dags/example_dataset_alias.py for tasks to queue
[2026-08-08T01:17:50.673+0000] {logging_mixin.py:190} INFO - [2026-08-08T01:17:50.673+0000] {dagbag.py:588} INFO - Filling up the DagBag from /home/airflow/.local/lib/python3.12/site-packages/airflow/example_dags/example_dataset_alias.py
[2026-08-08T01:17:51.358+0000] {processor.py:925} INFO - DAG(s) 'dataset_alias_example_alias_consumer', 'dataset_alias_example_alias_producer', 'dataset_s3_bucket_producer', 'dataset_s3_bucket_consumer' retrieved from /home/airflow/.local/lib/python3.12/site-packages/airflow/example_dags/example_dataset_alias.py
[2026-08-08T01:17:51.390+0000] {logging_mixin.py:190} INFO - [2026-08-08T01:17:51.389+0000] {dag.py:3239} INFO - Sync 4 DAGs
[2026-08-08T01:17:51.421+0000] {logging_mixin.py:190} INFO - [2026-08-08T01:17:51.421+0000] {dag.py:4180} INFO - Setting next_dagrun for dataset_alias_example_alias_consumer to None, run_after=None
[2026-08-08T01:17:51.426+0000] {logging_mixin.py:190} INFO - [2026-08-08T01:17:51.426+0000] {dag.py:4180} INFO - Setting next_dagrun for dataset_alias_example_alias_producer to None, run_after=None
[2026-08-08T01:17:51.430+0000] {logging_mixin.py:190} INFO - [2026-08-08T01:17:51.429+0000] {dag.py:4180} INFO - Setting next_dagrun for dataset_s3_bucket_consumer to None, run_after=None
[2026-08-08T01:17:51.432+0000] {logging_mixin.py:190} INFO - [2026-08-08T01:17:51.432+0000] {dag.py:4180} INFO - Setting next_dagrun for dataset_s3_bucket_producer to None, run_after=None
[2026-08-08T01:17:51.536+0000] {processor.py:208} INFO - Processing /home/airflow/.local/lib/python3.12/site-packages/airflow/example_dags/example_dataset_alias.py took 0.875 seconds
[2026-08-08T01:18:22.122+0000] {processor.py:186} INFO - Started process (PID=1225) to work on /home/airflow/.local/lib/python3.12/site-packages/airflow/example_dags/example_dataset_alias.py
[2026-08-08T01:18:22.123+0000] {processor.py:914} INFO - Processing file /home/airflow/.local/lib/python3.12/site-packages/airflow/example_dags/example_dataset_alias.py for tasks to queue
[2026-08-08T01:18:22.129+0000] {logging_mixin.py:190} INFO - [2026-08-08T01:18:22.128+0000] {dagbag.py:588} INFO - Filling up the DagBag from /home/airflow/.local/lib/python3.12/site-packages/airflow/example_dags/example_dataset_alias.py
[2026-08-08T01:18:22.891+0000] {processor.py:925} INFO - DAG(s) 'dataset_alias_example_alias_consumer', 'dataset_alias_example_alias_producer', 'dataset_s3_bucket_consumer', 'dataset_s3_bucket_producer' retrieved from /home/airflow/.local/lib/python3.12/site-packages/airflow/example_dags/example_dataset_alias.py
[2026-08-08T01:18:22.928+0000] {logging_mixin.py:190} INFO - [2026-08-08T01:18:22.928+0000] {dag.py:3239} INFO - Sync 4 DAGs
[2026-08-08T01:18:22.968+0000] {logging_mixin.py:190} INFO - [2026-08-08T01:18:22.968+0000] {dag.py:4180} INFO - Setting next_dagrun for dataset_alias_example_alias_consumer to None, run_after=None
[2026-08-08T01:18:22.976+0000] {logging_mixin.py:190} INFO - [2026-08-08T01:18:22.976+0000] {dag.py:4180} INFO - Setting next_dagrun for dataset_alias_example_alias_producer to None, run_after=None
[2026-08-08T01:18:22.999+0000] {logging_mixin.py:190} INFO - [2026-08-08T01:18:22.998+0000] {dag.py:4180} INFO - Setting next_dagrun for dataset_s3_bucket_consumer to None, run_after=None
[2026-08-08T01:18:23.016+0000] {logging_mixin.py:190} INFO - [2026-08-08T01:18:23.015+0000] {dag.py:4180} INFO - Setting next_dagrun for dataset_s3_bucket_producer to None, run_after=None
[2026-08-08T01:18:23.100+0000] {processor.py:208} INFO - Processing /home/airflow/.local/lib/python3.12/site-packages/airflow/example_dags/example_dataset_alias.py took 0.991 seconds
[2026-08-08T01:18:53.411+0000] {processor.py:186} INFO - Started process (PID=1296) to work on /home/airflow/.local/lib/python3.12/site-packages/airflow/example_dags/example_dataset_alias.py
[2026-08-08T01:18:53.412+0000] {processor.py:914} INFO - Processing file /home/airflow/.local/lib/python3.12/site-packages/airflow/example_dags/example_dataset_alias.py for tasks to queue
[2026-08-08T01:18:53.416+0000] {logging_mixin.py:190} INFO - [2026-08-08T01:18:53.416+0000] {dagbag.py:588} INFO - Filling up the DagBag from /home/airflow/.local/lib/python3.12/site-packages/airflow/example_dags/example_dataset_alias.py
[2026-08-08T01:18:54.138+0000] {processor.py:925} INFO - DAG(s) 'dataset_s3_bucket_consumer', 'dataset_s3_bucket_producer', 'dataset_alias_example_alias_consumer', 'dataset_alias_example_alias_producer' retrieved from /home/airflow/.local/lib/python3.12/site-packages/airflow/example_dags/example_dataset_alias.py
[2026-08-08T01:18:54.170+0000] {logging_mixin.py:190} INFO - [2026-08-08T01:18:54.169+0000] {dag.py:3239} INFO - Sync 4 DAGs
[2026-08-08T01:18:54.201+0000] {logging_mixin.py:190} INFO - [2026-08-08T01:18:54.201+0000] {dag.py:4180} INFO - Setting next_dagrun for dataset_alias_example_alias_consumer to None, run_after=None
[2026-08-08T01:18:54.206+0000] {logging_mixin.py:190} INFO - [2026-08-08T01:18:54.205+0000] {dag.py:4180} INFO - Setting next_dagrun for dataset_alias_example_alias_producer to None, run_after=None
[2026-08-08T01:18:54.208+0000] {logging_mixin.py:190} INFO - [2026-08-08T01:18:54.208+0000] {dag.py:4180} INFO - Setting next_dagrun for dataset_s3_bucket_consumer to None, run_after=None
[2026-08-08T01:18:54.211+0000] {logging_mixin.py:190} INFO - [2026-08-08T01:18:54.211+0000] {dag.py:4180} INFO - Setting next_dagrun for dataset_s3_bucket_producer to None, run_after=None
[2026-08-08T01:18:54.258+0000] {processor.py:208} INFO - Processing /home/airflow/.local/lib/python3.12/site-packages/airflow/example_dags/example_dataset_alias.py took 0.855 seconds
[2026-08-08T01:19:24.639+0000] {processor.py:186} INFO - Started process (PID=1361) to work on /home/airflow/.local/lib/python3.12/site-packages/airflow/example_dags/example_dataset_alias.py
[2026-08-08T01:19:24.641+0000] {processor.py:914} INFO - Processing file /home/airflow/.local/lib/python3.12/site-packages/airflow/example_dags/example_dataset_alias.py for tasks to queue
[2026-08-08T01:19:24.646+0000] {logging_mixin.py:190} INFO - [2026-08-08T01:19:24.645+0000] {dagbag.py:588} INFO - Filling up the DagBag from /home/airflow/.local/lib/python3.12/site-packages/airflow/example_dags/example_dataset_alias.py
[2026-08-08T01:19:25.446+0000] {processor.py:925} INFO - DAG(s) 'dataset_s3_bucket_producer', 'dataset_alias_example_alias_consumer', 'dataset_alias_example_alias_producer', 'dataset_s3_bucket_consumer' retrieved from /home/airflow/.local/lib/python3.12/site-packages/airflow/example_dags/example_dataset_alias.py
[2026-08-08T01:19:25.483+0000] {logging_mixin.py:190} INFO - [2026-08-08T01:19:25.482+0000] {dag.py:3239} INFO - Sync 4 DAGs
[2026-08-08T01:19:25.524+0000] {logging_mixin.py:190} INFO - [2026-08-08T01:19:25.523+0000] {dag.py:4180} INFO - Setting next_dagrun for dataset_alias_example_alias_consumer to None, run_after=None
[2026-08-08T01:19:25.532+0000] {logging_mixin.py:190} INFO - [2026-08-08T01:19:25.532+0000] {dag.py:4180} INFO - Setting next_dagrun for dataset_alias_example_alias_producer to None, run_after=None
[2026-08-08T01:19:25.537+0000] {logging_mixin.py:190} INFO - [2026-08-08T01:19:25.536+0000] {dag.py:4180} INFO - Setting next_dagrun for dataset_s3_bucket_consumer to None, run_after=None
[2026-08-08T01:19:25.541+0000] {logging_mixin.py:190} INFO - [2026-08-08T01:19:25.541+0000] {dag.py:4180} INFO - Setting next_dagrun for dataset_s3_bucket_producer to None, run_after=None
[2026-08-08T01:19:25.601+0000] {processor.py:208} INFO - Processing /home/airflow/.local/lib/python3.12/site-packages/airflow/example_dags/example_dataset_alias.py took 0.972 seconds
[2026-08-08T01:19:56.032+0000] {processor.py:186} INFO - Started process (PID=1426) to work on /home/airflow/.local/lib/python3.12/site-packages/airflow/example_dags/example_dataset_alias.py
[2026-08-08T01:19:56.033+0000] {processor.py:914} INFO - Processing file /home/airflow/.local/lib/python3.12/site-packages/airflow/example_dags/example_dataset_alias.py for tasks to queue
[2026-08-08T01:19:56.037+0000] {logging_mixin.py:190} INFO - [2026-08-08T01:19:56.037+0000] {dagbag.py:588} INFO - Filling up the DagBag from /home/airflow/.local/lib/python3.12/site-packages/airflow/example_dags/example_dataset_alias.py
[2026-08-08T01:19:56.724+0000] {processor.py:925} INFO - DAG(s) 'dataset_alias_example_alias_producer', 'dataset_alias_example_alias_consumer', 'dataset_s3_bucket_producer', 'dataset_s3_bucket_consumer' retrieved from /home/airflow/.local/lib/python3.12/site-packages/airflow/example_dags/example_dataset_alias.py
[2026-08-08T01:19:56.749+0000] {logging_mixin.py:190} INFO - [2026-08-08T01:19:56.749+0000] {dag.py:3239} INFO - Sync 4 DAGs
[2026-08-08T01:19:56.776+0000] {logging_mixin.py:190} INFO - [2026-08-08T01:19:56.776+0000] {dag.py:4180} INFO - Setting next_dagrun for dataset_alias_example_alias_consumer to None, run_after=None
[2026-08-08T01:19:56.780+0000] {logging_mixin.py:190} INFO - [2026-08-08T01:19:56.780+0000] {dag.py:4180} INFO - Setting next_dagrun for dataset_alias_example_alias_producer to None, run_after=None
[2026-08-08T01:19:56.783+0000] {logging_mixin.py:190} INFO - [2026-08-08T01:19:56.783+0000] {dag.py:4180} INFO - Setting next_dagrun for dataset_s3_bucket_consumer to None, run_after=None
[2026-08-08T01:19:56.785+0000] {logging_mixin.py:190} INFO - [2026-08-08T01:19:56.785+0000] {dag.py:4180} INFO - Setting next_dagrun for dataset_s3_bucket_producer to None, run_after=None
[2026-08-08T01:19:56.811+0000] {processor.py:208} INFO - Processing /home/airflow/.local/lib/python3.12/site-packages/airflow/example_dags/example_dataset_alias.py took 0.787 seconds
[2026-08-08T01:20:27.171+0000] {processor.py:186} INFO - Started process (PID=1491) to work on /home/airflow/.local/lib/python3.12/site-packages/airflow/example_dags/example_dataset_alias.py
[2026-08-08T01:20:27.173+0000] {processor.py:914} INFO - Processing file /home/airflow/.local/lib/python3.12/site-packages/airflow/example_dags/example_dataset_alias.py for tasks to queue
[2026-08-08T01:20:27.176+0000] {logging_mixin.py:190} INFO - [2026-08-08T01:20:27.176+0000] {dagbag.py:588} INFO - Filling up the DagBag from /home/airflow/.local/lib/python3.12/site-packages/airflow/example_dags/example_dataset_alias.py
[2026-08-08T01:20:27.848+0000] {processor.py:925} INFO - DAG(s) 'dataset_alias_example_alias_producer', 'dataset_s3_bucket_producer', 'dataset_s3_bucket_consumer', 'dataset_alias_example_alias_consumer' retrieved from /home/airflow/.local/lib/python3.12/site-packages/airflow/example_dags/example_dataset_alias.py
[2026-08-08T01:20:27.877+0000] {logging_mixin.py:190} INFO - [2026-08-08T01:20:27.877+0000] {dag.py:3239} INFO - Sync 4 DAGs
[2026-08-08T01:20:27.903+0000] {logging_mixin.py:190} INFO - [2026-08-08T01:20:27.902+0000] {dag.py:4180} INFO - Setting next_dagrun for dataset_alias_example_alias_consumer to None, run_after=None
[2026-08-08T01:20:27.907+0000] {logging_mixin.py:190} INFO - [2026-08-08T01:20:27.906+0000] {dag.py:4180} INFO - Setting next_dagrun for dataset_alias_example_alias_producer to None, run_after=None
[2026-08-08T01:20:27.909+0000] {logging_mixin.py:190} INFO - [2026-08-08T01:20:27.909+0000] {dag.py:4180} INFO - Setting next_dagrun for dataset_s3_bucket_consumer to None, run_after=None
[2026-08-08T01:20:27.912+0000] {logging_mixin.py:190} INFO - [2026-08-08T01:20:27.911+0000] {dag.py:4180} INFO - Setting next_dagrun for dataset_s3_bucket_producer to None, run_after=None
[2026-08-08T01:20:27.942+0000] {processor.py:208} INFO - Processing /home/airflow/.local/lib/python3.12/site-packages/airflow/example_dags/example_dataset_alias.py took 0.777 seconds
[2026-08-08T01:20:58.122+0000] {processor.py:186} INFO - Started process (PID=1556) to work on /home/airflow/.local/lib/python3.12/site-packages/airflow/example_dags/example_dataset_alias.py
[2026-08-08T01:20:58.124+0000] {processor.py:914} INFO - Processing file /home/airflow/.local/lib/python3.12/site-packages/airflow/example_dags/example_dataset_alias.py for tasks to queue
[2026-08-08T01:20:58.127+0000] {logging_mixin.py:190} INFO - [2026-08-08T01:20:58.127+0000] {dagbag.py:588} INFO - Filling up the DagBag from /home/airflow/.local/lib/python3.12/site-packages/airflow/example_dags/example_dataset_alias.py
[2026-08-08T01:20:58.750+0000] {processor.py:925} INFO - DAG(s) 'dataset_alias_example_alias_consumer', 'dataset_alias_example_alias_producer', 'dataset_s3_bucket_producer', 'dataset_s3_bucket_consumer' retrieved from /home/airflow/.local/lib/python3.12/site-packages/airflow/example_dags/example_dataset_alias.py
[2026-08-08T01:20:58.774+0000] {logging_mixin.py:190} INFO - [2026-08-08T01:20:58.774+0000] {dag.py:3239} INFO - Sync 4 DAGs
[2026-08-08T01:20:58.797+0000] {logging_mixin.py:190} INFO - [2026-08-08T01:20:58.797+0000] {dag.py:4180} INFO - Setting next_dagrun for dataset_alias_example_alias_consumer to None, run_after=None
[2026-08-08T01:20:58.802+0000] {logging_mixin.py:190} INFO - [2026-08-08T01:20:58.801+0000] {dag.py:4180} INFO - Setting next_dagrun for dataset_alias_example_alias_producer to None, run_after=None
[2026-08-08T01:20:58.805+0000] {logging_mixin.py:190} INFO - [2026-08-08T01:20:58.804+0000] {dag.py:4180} INFO - Setting next_dagrun for dataset_s3_bucket_consumer to None, run_after=None
[2026-08-08T01:20:58.807+0000] {logging_mixin.py:190} INFO - [2026-08-08T01:20:58.807+0000] {dag.py:4180} INFO - Setting next_dagrun for dataset_s3_bucket_producer to None, run_after=None
[2026-08-08T01:20:58.832+0000] {processor.py:208} INFO - Processing /home/airflow/.local/lib/python3.12/site-packages/airflow/example_dags/example_dataset_alias.py took 0.718 seconds
[2026-08-08T01:21:29.368+0000] {processor.py:186} INFO - Started process (PID=1621) to work on /home/airflow/.local/lib/python3.12/site-packages/airflow/example_dags/example_dataset_alias.py
[2026-08-08T01:21:29.369+0000] {processor.py:914} INFO - Processing file /home/airflow/.local/lib/python3.12/site-packages/airflow/example_dags/example_dataset_alias.py for tasks to queue
[2026-08-08T01:21:29.372+0000] {logging_mixin.py:190} INFO - [2026-08-08T01:21:29.372+0000] {dagbag.py:588} INFO - Filling up the DagBag from /home/airflow/.local/lib/python3.12/site-packages/airflow/example_dags/example_dataset_alias.py
[2026-08-08T01:21:29.973+0000] {processor.py:925} INFO - DAG(s) 'dataset_s3_bucket_consumer', 'dataset_s3_bucket_producer', 'dataset_alias_example_alias_consumer', 'dataset_alias_example_alias_producer' retrieved from /home/airflow/.local/lib/python3.12/site-packages/airflow/example_dags/example_dataset_alias.py
[2026-08-08T01:21:29.998+0000] {logging_mixin.py:190} INFO - [2026-08-08T01:21:29.998+0000] {dag.py:3239} INFO - Sync 4 DAGs
[2026-08-08T01:21:30.025+0000] {logging_mixin.py:190} INFO - [2026-08-08T01:21:30.025+0000] {dag.py:4180} INFO - Setting next_dagrun for dataset_alias_example_alias_consumer to None, run_after=None
[2026-08-08T01:21:30.028+0000] {logging_mixin.py:190} INFO - [2026-08-08T01:21:30.028+0000] {dag.py:4180} INFO - Setting next_dagrun for dataset_alias_example_alias_producer to None, run_after=None
[2026-08-08T01:21:30.030+0000] {logging_mixin.py:190} INFO - [2026-08-08T01:21:30.030+0000] {dag.py:4180} INFO - Setting next_dagrun for dataset_s3_bucket_consumer to None, run_after=None
[2026-08-08T01:21:30.033+0000] {logging_mixin.py:190} INFO - [2026-08-08T01:21:30.032+0000] {dag.py:4180} INFO - Setting next_dagrun for dataset_s3_bucket_producer to None, run_after=None
[2026-08-08T01:21:30.058+0000] {processor.py:208} INFO - Processing /home/airflow/.local/lib/python3.12/site-packages/airflow/example_dags/example_dataset_alias.py took 0.696 seconds
[2026-08-08T01:22:00.796+0000] {processor.py:186} INFO - Started process (PID=1686) to work on /home/airflow/.local/lib/python3.12/site-packages/airflow/example_dags/example_dataset_alias.py
[2026-08-08T01:22:00.798+0000] {processor.py:914} INFO - Processing file /home/airflow/.local/lib/python3.12/site-packages/airflow/example_dags/example_dataset_alias.py for tasks to queue
[2026-08-08T01:22:00.801+0000] {logging_mixin.py:190} INFO - [2026-08-08T01:22:00.801+0000] {dagbag.py:588} INFO - Filling up the DagBag from /home/airflow/.local/lib/python3.12/site-packages/airflow/example_dags/example_dataset_alias.py
[2026-08-08T01:22:01.549+0000] {processor.py:925} INFO - DAG(s) 'dataset_alias_example_alias_consumer', 'dataset_s3_bucket_consumer', 'dataset_alias_example_alias_producer', 'dataset_s3_bucket_producer' retrieved from /home/airflow/.local/lib/python3.12/site-packages/airflow/example_dags/example_dataset_alias.py
[2026-08-08T01:22:01.577+0000] {logging_mixin.py:190} INFO - [2026-08-08T01:22:01.576+0000] {dag.py:3239} INFO - Sync 4 DAGs
[2026-08-08T01:22:01.611+0000] {logging_mixin.py:190} INFO - [2026-08-08T01:22:01.611+0000] {dag.py:4180} INFO - Setting next_dagrun for dataset_alias_example_alias_consumer to None, run_after=None
[2026-08-08T01:22:01.619+0000] {logging_mixin.py:190} INFO - [2026-08-08T01:22:01.618+0000] {dag.py:4180} INFO - Setting next_dagrun for dataset_alias_example_alias_producer to None, run_after=None
[2026-08-08T01:22:01.621+0000] {logging_mixin.py:190} INFO - [2026-08-08T01:22:01.621+0000] {dag.py:4180} INFO - Setting next_dagrun for dataset_s3_bucket_consumer to None, run_after=None
[2026-08-08T01:22:01.623+0000] {logging_mixin.py:190} INFO - [2026-08-08T01:22:01.623+0000] {dag.py:4180} INFO - Setting next_dagrun for dataset_s3_bucket_producer to None, run_after=None
[2026-08-08T01:22:01.647+0000] {processor.py:208} INFO - Processing /home/airflow/.local/lib/python3.12/site-packages/airflow/example_dags/example_dataset_alias.py took 0.858 seconds
[2026-08-08T01:22:31.784+0000] {processor.py:186} INFO - Started process (PID=1751) to work on /home/airflow/.local/lib/python3.12/site-packages/airflow/example_dags/example_dataset_alias.py
[2026-08-08T01:22:31.786+0000] {processor.py:914} INFO - Processing file /home/airflow/.local/lib/python3.12/site-packages/airflow/example_dags/example_dataset_alias.py for tasks to queue
[2026-08-08T01:22:31.789+0000] {logging_mixin.py:190} INFO - [2026-08-08T01:22:31.789+0000] {dagbag.py:588} INFO - Filling up the DagBag from /home/airflow/.local/lib/python3.12/site-packages/airflow/example_dags/example_dataset_alias.py
[2026-08-08T01:22:32.628+0000] {processor.py:925} INFO - DAG(s) 'dataset_s3_bucket_consumer', 'dataset_s3_bucket_producer', 'dataset_alias_example_alias_producer', 'dataset_alias_example_alias_consumer' retrieved from /home/airflow/.local/lib/python3.12/site-packages/airflow/example_dags/example_dataset_alias.py
[2026-08-08T01:22:32.651+0000] {logging_mixin.py:190} INFO - [2026-08-08T01:22:32.650+0000] {dag.py:3239} INFO - Sync 4 DAGs
[2026-08-08T01:22:32.676+0000] {logging_mixin.py:190} INFO - [2026-08-08T01:22:32.676+0000] {dag.py:4180} INFO - Setting next_dagrun for dataset_alias_example_alias_consumer to None, run_after=None
[2026-08-08T01:22:32.679+0000] {logging_mixin.py:190} INFO - [2026-08-08T01:22:32.679+0000] {dag.py:4180} INFO - Setting next_dagrun for dataset_alias_example_alias_producer to None, run_after=None
[2026-08-08T01:22:32.682+0000] {logging_mixin.py:190} INFO - [2026-08-08T01:22:32.682+0000] {dag.py:4180} INFO - Setting next_dagrun for dataset_s3_bucket_consumer to None, run_after=None
[2026-08-08T01:22:32.685+0000] {logging_mixin.py:190} INFO - [2026-08-08T01:22:32.685+0000] {dag.py:4180} INFO - Setting next_dagrun for dataset_s3_bucket_producer to None, run_after=None
[2026-08-08T01:22:32.712+0000] {processor.py:208} INFO - Processing /home/airflow/.local/lib/python3.12/site-packages/airflow/example_dags/example_dataset_alias.py took 0.934 seconds
[2026-08-08T01:23:02.870+0000] {processor.py:186} INFO - Started process (PID=1816) to work on /home/airflow/.local/lib/python3.12/site-packages/airflow/example_dags/example_dataset_alias.py
[2026-08-08T01:23:02.871+0000] {processor.py:914} INFO - Processing file /home/airflow/.local/lib/python3.12/site-packages/airflow/example_dags/example_dataset_alias.py for tasks to queue
[2026-08-08T01:23:02.875+0000] {logging_mixin.py:190} INFO - [2026-08-08T01:23:02.874+0000] {dagbag.py:588} INFO - Filling up the DagBag from /home/airflow/.local/lib/python3.12/site-packages/airflow/example_dags/example_dataset_alias.py
[2026-08-08T01:23:03.566+0000] {processor.py:925} INFO - DAG(s) 'dataset_alias_example_alias_consumer', 'dataset_s3_bucket_consumer', 'dataset_alias_example_alias_producer', 'dataset_s3_bucket_producer' retrieved from /home/airflow/.local/lib/python3.12/site-packages/airflow/example_dags/example_dataset_alias.py
[2026-08-08T01:23:03.588+0000] {logging_mixin.py:190} INFO - [2026-08-08T01:23:03.587+0000] {dag.py:3239} INFO - Sync 4 DAGs
[2026-08-08T01:23:03.622+0000] {logging_mixin.py:190} INFO - [2026-08-08T01:23:03.621+0000] {dag.py:4180} INFO - Setting next_dagrun for dataset_alias_example_alias_consumer to None, run_after=None
[2026-08-08T01:23:03.630+0000] {logging_mixin.py:190} INFO - [2026-08-08T01:23:03.629+0000] {dag.py:4180} INFO - Setting next_dagrun for dataset_alias_example_alias_producer to None, run_after=None
[2026-08-08T01:23:03.634+0000] {logging_mixin.py:190} INFO - [2026-08-08T01:23:03.633+0000] {dag.py:4180} INFO - Setting next_dagrun for dataset_s3_bucket_consumer to None, run_after=None
[2026-08-08T01:23:03.636+0000] {logging_mixin.py:190} INFO - [2026-08-08T01:23:03.636+0000] {dag.py:4180} INFO - Setting next_dagrun for dataset_s3_bucket_producer to None, run_after=None
[2026-08-08T01:23:03.661+0000] {processor.py:208} INFO - Processing /home/airflow/.local/lib/python3.12/site-packages/airflow/example_dags/example_dataset_alias.py took 0.799 seconds
[2026-08-08T01:23:34.876+0000] {processor.py:186} INFO - Started process (PID=1886) to work on /home/airflow/.local/lib/python3.12/site-packages/airflow/example_dags/example_dataset_alias.py
[2026-08-08T01:23:34.877+0000] {processor.py:914} INFO - Processing file /home/airflow/.local/lib/python3.12/site-packages/airflow/example_dags/example_dataset_alias.py for tasks to queue
[2026-08-08T01:23:34.881+0000] {logging_mixin.py:190} INFO - [2026-08-08T01:23:34.880+0000] {dagbag.py:588} INFO - Filling up the DagBag from /home/airflow/.local/lib/python3.12/site-packages/airflow/example_dags/example_dataset_alias.py
[2026-08-08T01:23:35.524+0000] {processor.py:925} INFO - DAG(s) 'dataset_s3_bucket_producer', 'dataset_alias_example_alias_consumer', 'dataset_s3_bucket_consumer', 'dataset_alias_example_alias_producer' retrieved from /home/airflow/.local/lib/python3.12/site-packages/airflow/example_dags/example_dataset_alias.py
[2026-08-08T01:23:35.547+0000] {logging_mixin.py:190} INFO - [2026-08-08T01:23:35.546+0000] {dag.py:3239} INFO - Sync 4 DAGs
[2026-08-08T01:23:35.570+0000] {logging_mixin.py:190} INFO - [2026-08-08T01:23:35.570+0000] {dag.py:4180} INFO - Setting next_dagrun for dataset_alias_example_alias_consumer to None, run_after=None
[2026-08-08T01:23:35.573+0000] {logging_mixin.py:190} INFO - [2026-08-08T01:23:35.573+0000] {dag.py:4180} INFO - Setting next_dagrun for dataset_alias_example_alias_producer to None, run_after=None
[2026-08-08T01:23:35.577+0000] {logging_mixin.py:190} INFO - [2026-08-08T01:23:35.576+0000] {dag.py:4180} INFO - Setting next_dagrun for dataset_s3_bucket_consumer to None, run_after=None
[2026-08-08T01:23:35.579+0000] {logging_mixin.py:190} INFO - [2026-08-08T01:23:35.578+0000] {dag.py:4180} INFO - Setting next_dagrun for dataset_s3_bucket_producer to None, run_after=None
[2026-08-08T01:23:35.600+0000] {processor.py:208} INFO - Processing /home/airflow/.local/lib/python3.12/site-packages/airflow/example_dags/example_dataset_alias.py took 0.733 seconds
[2026-08-08T01:24:06.370+0000] {processor.py:186} INFO - Started process (PID=1951) to work on /home/airflow/.local/lib/python3.12/site-packages/airflow/example_dags/example_dataset_alias.py
[2026-08-08T01:24:06.372+0000] {processor.py:914} INFO - Processing file /home/airflow/.local/lib/python3.12/site-packages/airflow/example_dags/example_dataset_alias.py for tasks to queue
[2026-08-08T01:24:06.376+0000] {logging_mixin.py:190} INFO - [2026-08-08T01:24:06.376+0000] {dagbag.py:588} INFO - Filling up the DagBag from /home/airflow/.local/lib/python3.12/site-packages/airflow/example_dags/example_dataset_alias.py
[2026-08-08T01:24:07.130+0000] {processor.py:925} INFO - DAG(s) 'dataset_s3_bucket_producer', 'dataset_alias_example_alias_consumer', 'dataset_s3_bucket_consumer', 'dataset_alias_example_alias_producer' retrieved from /home/airflow/.local/lib/python3.12/site-packages/airflow/example_dags/example_dataset_alias.py
[2026-08-08T01:24:07.161+0000] {logging_mixin.py:190} INFO - [2026-08-08T01:24:07.160+0000] {dag.py:3239} INFO - Sync 4 DAGs
[2026-08-08T01:24:07.192+0000] {logging_mixin.py:190} INFO - [2026-08-08T01:24:07.192+0000] {dag.py:4180} INFO - Setting next_dagrun for dataset_alias_example_alias_consumer to None, run_after=None
[2026-08-08T01:24:07.197+0000] {logging_mixin.py:190} INFO - [2026-08-08T01:24:07.196+0000] {dag.py:4180} INFO - Setting next_dagrun for dataset_alias_example_alias_producer to None, run_after=None
[2026-08-08T01:24:07.200+0000] {logging_mixin.py:190} INFO - [2026-08-08T01:24:07.200+0000] {dag.py:4180} INFO - Setting next_dagrun for dataset_s3_bucket_consumer to None, run_after=None
[2026-08-08T01:24:07.202+0000] {logging_mixin.py:190} INFO - [2026-08-08T01:24:07.202+0000] {dag.py:4180} INFO - Setting next_dagrun for dataset_s3_bucket_producer to None, run_after=None
[2026-08-08T01:24:07.243+0000] {processor.py:208} INFO - Processing /home/airflow/.local/lib/python3.12/site-packages/airflow/example_dags/example_dataset_alias.py took 0.883 seconds
[2026-08-08T01:24:37.654+0000] {processor.py:186} INFO - Started process (PID=2025) to work on /home/airflow/.local/lib/python3.12/site-packages/airflow/example_dags/example_dataset_alias.py
[2026-08-08T01:24:37.656+0000] {processor.py:914} INFO - Processing file /home/airflow/.local/lib/python3.12/site-packages/airflow/example_dags/example_dataset_alias.py for tasks to queue
[2026-08-08T01:24:37.661+0000] {logging_mixin.py:190} INFO - [2026-08-08T01:24:37.660+0000] {dagbag.py:588} INFO - Filling up the DagBag from /home/airflow/.local/lib/python3.12/site-packages/airflow/example_dags/example_dataset_alias.py
[2026-08-08T01:24:38.439+0000] {processor.py:925} INFO - DAG(s) 'dataset_alias_example_alias_consumer', 'dataset_alias_example_alias_producer', 'dataset_s3_bucket_producer', 'dataset_s3_bucket_consumer' retrieved from /home/airflow/.local/lib/python3.12/site-packages/airflow/example_dags/example_dataset_alias.py
[2026-08-08T01:24:38.472+0000] {logging_mixin.py:190} INFO - [2026-08-08T01:24:38.472+0000] {dag.py:3239} INFO - Sync 4 DAGs
[2026-08-08T01:24:38.500+0000] {logging_mixin.py:190} INFO - [2026-08-08T01:24:38.499+0000] {dag.py:4180} INFO - Setting next_dagrun for dataset_alias_example_alias_consumer to None, run_after=None
[2026-08-08T01:24:38.503+0000] {logging_mixin.py:190} INFO - [2026-08-08T01:24:38.503+0000] {dag.py:4180} INFO - Setting next_dagrun for dataset_alias_example_alias_producer to None, run_after=None
[2026-08-08T01:24:38.505+0000] {logging_mixin.py:190} INFO - [2026-08-08T01:24:38.505+0000] {dag.py:4180} INFO - Setting next_dagrun for dataset_s3_bucket_consumer to None, run_after=None
[2026-08-08T01:24:38.508+0000] {logging_mixin.py:190} INFO - [2026-08-08T01:24:38.507+0000] {dag.py:4180} INFO - Setting next_dagrun for dataset_s3_bucket_producer to None, run_after=None
[2026-08-08T01:24:38.541+0000] {processor.py:208} INFO - Processing /home/airflow/.local/lib/python3.12/site-packages/airflow/example_dags/example_dataset_alias.py took 0.897 seconds
[2026-08-08T01:25:09.335+0000] {processor.py:186} INFO - Started process (PID=2099) to work on /home/airflow/.local/lib/python3.12/site-packages/airflow/example_dags/example_dataset_alias.py
[2026-08-08T01:25:09.336+0000] {processor.py:914} INFO - Processing file /home/airflow/.local/lib/python3.12/site-packages/airflow/example_dags/example_dataset_alias.py for tasks to queue
[2026-08-08T01:25:09.339+0000] {logging_mixin.py:190} INFO - [2026-08-08T01:25:09.339+0000] {dagbag.py:588} INFO - Filling up the DagBag from /home/airflow/.local/lib/python3.12/site-packages/airflow/example_dags/example_dataset_alias.py
[2026-08-08T01:25:09.886+0000] {processor.py:925} INFO - DAG(s) 'dataset_s3_bucket_producer', 'dataset_alias_example_alias_consumer', 'dataset_alias_example_alias_producer', 'dataset_s3_bucket_consumer' retrieved from /home/airflow/.local/lib/python3.12/site-packages/airflow/example_dags/example_dataset_alias.py
[2026-08-08T01:25:09.906+0000] {logging_mixin.py:190} INFO - [2026-08-08T01:25:09.905+0000] {dag.py:3239} INFO - Sync 4 DAGs
[2026-08-08T01:25:09.927+0000] {logging_mixin.py:190} INFO - [2026-08-08T01:25:09.927+0000] {dag.py:4180} INFO - Setting next_dagrun for dataset_alias_example_alias_consumer to None, run_after=None
[2026-08-08T01:25:09.930+0000] {logging_mixin.py:190} INFO - [2026-08-08T01:25:09.930+0000] {dag.py:4180} INFO - Setting next_dagrun for dataset_alias_example_alias_producer to None, run_after=None
[2026-08-08T01:25:09.933+0000] {logging_mixin.py:190} INFO - [2026-08-08T01:25:09.932+0000] {dag.py:4180} INFO - Setting next_dagrun for dataset_s3_bucket_consumer to None, run_after=None
[2026-08-08T01:25:09.935+0000] {logging_mixin.py:190} INFO - [2026-08-08T01:25:09.935+0000] {dag.py:4180} INFO - Setting next_dagrun for dataset_s3_bucket_producer to None, run_after=None
[2026-08-08T01:25:09.955+0000] {processor.py:208} INFO - Processing /home/airflow/.local/lib/python3.12/site-packages/airflow/example_dags/example_dataset_alias.py took 0.628 seconds
[2026-08-08T01:25:41.050+0000] {processor.py:186} INFO - Started process (PID=2168) to work on /home/airflow/.local/lib/python3.12/site-packages/airflow/example_dags/example_dataset_alias.py
[2026-08-08T01:25:41.051+0000] {processor.py:914} INFO - Processing file /home/airflow/.local/lib/python3.12/site-packages/airflow/example_dags/example_dataset_alias.py for tasks to queue
[2026-08-08T01:25:41.054+0000] {logging_mixin.py:190} INFO - [2026-08-08T01:25:41.054+0000] {dagbag.py:588} INFO - Filling up the DagBag from /home/airflow/.local/lib/python3.12/site-packages/airflow/example_dags/example_dataset_alias.py
[2026-08-08T01:25:41.593+0000] {processor.py:925} INFO - DAG(s) 'dataset_s3_bucket_producer', 'dataset_alias_example_alias_producer', 'dataset_alias_example_alias_consumer', 'dataset_s3_bucket_consumer' retrieved from /home/airflow/.local/lib/python3.12/site-packages/airflow/example_dags/example_dataset_alias.py
[2026-08-08T01:25:41.611+0000] {logging_mixin.py:190} INFO - [2026-08-08T01:25:41.611+0000] {dag.py:3239} INFO - Sync 4 DAGs
[2026-08-08T01:25:41.632+0000] {logging_mixin.py:190} INFO - [2026-08-08T01:25:41.632+0000] {dag.py:4180} INFO - Setting next_dagrun for dataset_alias_example_alias_consumer to None, run_after=None
[2026-08-08T01:25:41.635+0000] {logging_mixin.py:190} INFO - [2026-08-08T01:25:41.635+0000] {dag.py:4180} INFO - Setting next_dagrun for dataset_alias_example_alias_producer to None, run_after=None
[2026-08-08T01:25:41.637+0000] {logging_mixin.py:190} INFO - [2026-08-08T01:25:41.637+0000] {dag.py:4180} INFO - Setting next_dagrun for dataset_s3_bucket_consumer to None, run_after=None
[2026-08-08T01:25:41.639+0000] {logging_mixin.py:190} INFO - [2026-08-08T01:25:41.639+0000] {dag.py:4180} INFO - Setting next_dagrun for dataset_s3_bucket_producer to None, run_after=None
[2026-08-08T01:25:41.660+0000] {processor.py:208} INFO - Processing /home/airflow/.local/lib/python3.12/site-packages/airflow/example_dags/example_dataset_alias.py took 0.617 seconds
[2026-08-08T01:26:12.181+0000] {processor.py:186} INFO - Started process (PID=2233) to work on /home/airflow/.local/lib/python3.12/site-packages/airflow/example_dags/example_dataset_alias.py
[2026-08-08T01:26:12.182+0000] {processor.py:914} INFO - Processing file /home/airflow/.local/lib/python3.12/site-packages/airflow/example_dags/example_dataset_alias.py for tasks to queue
[2026-08-08T01:26:12.186+0000] {logging_mixin.py:190} INFO - [2026-08-08T01:26:12.186+0000] {dagbag.py:588} INFO - Filling up the DagBag from /home/airflow/.local/lib/python3.12/site-packages/airflow/example_dags/example_dataset_alias.py
[2026-08-08T01:26:12.744+0000] {processor.py:925} INFO - DAG(s) 'dataset_s3_bucket_consumer', 'dataset_s3_bucket_producer', 'dataset_alias_example_alias_consumer', 'dataset_alias_example_alias_producer' retrieved from /home/airflow/.local/lib/python3.12/site-packages/airflow/example_dags/example_dataset_alias.py
[2026-08-08T01:26:12.766+0000] {logging_mixin.py:190} INFO - [2026-08-08T01:26:12.766+0000] {dag.py:3239} INFO - Sync 4 DAGs
[2026-08-08T01:26:12.787+0000] {logging_mixin.py:190} INFO - [2026-08-08T01:26:12.787+0000] {dag.py:4180} INFO - Setting next_dagrun for dataset_alias_example_alias_consumer to None, run_after=None
[2026-08-08T01:26:12.791+0000] {logging_mixin.py:190} INFO - [2026-08-08T01:26:12.790+0000] {dag.py:4180} INFO - Setting next_dagrun for dataset_alias_example_alias_producer to None, run_after=None
[2026-08-08T01:26:12.793+0000] {logging_mixin.py:190} INFO - [2026-08-08T01:26:12.792+0000] {dag.py:4180} INFO - Setting next_dagrun for dataset_s3_bucket_consumer to None, run_after=None
[2026-08-08T01:26:12.795+0000] {logging_mixin.py:190} INFO - [2026-08-08T01:26:12.794+0000] {dag.py:4180} INFO - Setting next_dagrun for dataset_s3_bucket_producer to None, run_after=None
[2026-08-08T01:26:12.814+0000] {processor.py:208} INFO - Processing /home/airflow/.local/lib/python3.12/site-packages/airflow/example_dags/example_dataset_alias.py took 0.640 seconds
[2026-08-08T01:26:43.824+0000] {processor.py:186} INFO - Started process (PID=2300) to work on /home/airflow/.local/lib/python3.12/site-packages/airflow/example_dags/example_dataset_alias.py
[2026-08-08T01:26:43.825+0000] {processor.py:914} INFO - Processing file /home/airflow/.local/lib/python3.12/site-packages/airflow/example_dags/example_dataset_alias.py for tasks to queue
[2026-08-08T01:26:43.829+0000] {logging_mixin.py:190} INFO - [2026-08-08T01:26:43.828+0000] {dagbag.py:588} INFO - Filling up the DagBag from /home/airflow/.local/lib/python3.12/site-packages/airflow/example_dags/example_dataset_alias.py
[2026-08-08T01:26:44.392+0000] {processor.py:925} INFO - DAG(s) 'dataset_s3_bucket_producer', 'dataset_alias_example_alias_producer', 'dataset_s3_bucket_consumer', 'dataset_alias_example_alias_consumer' retrieved from /home/airflow/.local/lib/python3.12/site-packages/airflow/example_dags/example_dataset_alias.py
[2026-08-08T01:26:44.415+0000] {logging_mixin.py:190} INFO - [2026-08-08T01:26:44.414+0000] {dag.py:3239} INFO - Sync 4 DAGs
[2026-08-08T01:26:44.438+0000] {logging_mixin.py:190} INFO - [2026-08-08T01:26:44.437+0000] {dag.py:4180} INFO - Setting next_dagrun for dataset_alias_example_alias_consumer to None, run_after=None
[2026-08-08T01:26:44.441+0000] {logging_mixin.py:190} INFO - [2026-08-08T01:26:44.441+0000] {dag.py:4180} INFO - Setting next_dagrun for dataset_alias_example_alias_producer to None, run_after=None
[2026-08-08T01:26:44.443+0000] {logging_mixin.py:190} INFO - [2026-08-08T01:26:44.443+0000] {dag.py:4180} INFO - Setting next_dagrun for dataset_s3_bucket_consumer to None, run_after=None
[2026-08-08T01:26:44.445+0000] {logging_mixin.py:190} INFO - [2026-08-08T01:26:44.445+0000] {dag.py:4180} INFO - Setting next_dagrun for dataset_s3_bucket_producer to None, run_after=None
[2026-08-08T01:26:44.468+0000] {processor.py:208} INFO - Processing /home/airflow/.local/lib/python3.12/site-packages/airflow/example_dags/example_dataset_alias.py took 0.650 seconds
[2026-08-08T01:27:15.081+0000] {processor.py:186} INFO - Started process (PID=2365) to work on /home/airflow/.local/lib/python3.12/site-packages/airflow/example_dags/example_dataset_alias.py
[2026-08-08T01:27:15.082+0000] {processor.py:914} INFO - Processing file /home/airflow/.local/lib/python3.12/site-packages/airflow/example_dags/example_dataset_alias.py for tasks to queue
[2026-08-08T01:27:15.085+0000] {logging_mixin.py:190} INFO - [2026-08-08T01:27:15.085+0000] {dagbag.py:588} INFO - Filling up the DagBag from /home/airflow/.local/lib/python3.12/site-packages/airflow/example_dags/example_dataset_alias.py
[2026-08-08T01:27:15.722+0000] {processor.py:925} INFO - DAG(s) 'dataset_alias_example_alias_producer', 'dataset_alias_example_alias_consumer', 'dataset_s3_bucket_consumer', 'dataset_s3_bucket_producer' retrieved from /home/airflow/.local/lib/python3.12/site-packages/airflow/example_dags/example_dataset_alias.py
[2026-08-08T01:27:15.762+0000] {logging_mixin.py:190} INFO - [2026-08-08T01:27:15.761+0000] {dag.py:3239} INFO - Sync 4 DAGs
[2026-08-08T01:27:15.802+0000] {logging_mixin.py:190} INFO - [2026-08-08T01:27:15.802+0000] {dag.py:4180} INFO - Setting next_dagrun for dataset_alias_example_alias_consumer to None, run_after=None
[2026-08-08T01:27:15.807+0000] {logging_mixin.py:190} INFO - [2026-08-08T01:27:15.806+0000] {dag.py:4180} INFO - Setting next_dagrun for dataset_alias_example_alias_producer to None, run_after=None
[2026-08-08T01:27:15.810+0000] {logging_mixin.py:190} INFO - [2026-08-08T01:27:15.810+0000] {dag.py:4180} INFO - Setting next_dagrun for dataset_s3_bucket_consumer to None, run_after=None
[2026-08-08T01:27:15.813+0000] {logging_mixin.py:190} INFO - [2026-08-08T01:27:15.813+0000] {dag.py:4180} INFO - Setting next_dagrun for dataset_s3_bucket_producer to None, run_after=None
[2026-08-08T01:27:15.852+0000] {processor.py:208} INFO - Processing /home/airflow/.local/lib/python3.12/site-packages/airflow/example_dags/example_dataset_alias.py took 0.777 seconds
[2026-08-08T01:27:46.301+0000] {processor.py:186} INFO - Started process (PID=2430) to work on /home/airflow/.local/lib/python3.12/site-packages/airflow/example_dags/example_dataset_alias.py
[2026-08-08T01:27:46.303+0000] {processor.py:914} INFO - Processing file /home/airflow/.local/lib/python3.12/site-packages/airflow/example_dags/example_dataset_alias.py for tasks to queue
[2026-08-08T01:27:46.307+0000] {logging_mixin.py:190} INFO - [2026-08-08T01:27:46.307+0000] {dagbag.py:588} INFO - Filling up the DagBag from /home/airflow/.local/lib/python3.12/site-packages/airflow/example_dags/example_dataset_alias.py
[2026-08-08T01:27:47.143+0000] {processor.py:925} INFO - DAG(s) 'dataset_s3_bucket_consumer', 'dataset_alias_example_alias_consumer', 'dataset_alias_example_alias_producer', 'dataset_s3_bucket_producer' retrieved from /home/airflow/.local/lib/python3.12/site-packages/airflow/example_dags/example_dataset_alias.py
[2026-08-08T01:27:47.170+0000] {logging_mixin.py:190} INFO - [2026-08-08T01:27:47.170+0000] {dag.py:3239} INFO - Sync 4 DAGs
[2026-08-08T01:27:47.198+0000] {logging_mixin.py:190} INFO - [2026-08-08T01:27:47.198+0000] {dag.py:4180} INFO - Setting next_dagrun for dataset_alias_example_alias_consumer to None, run_after=None
[2026-08-08T01:27:47.202+0000] {logging_mixin.py:190} INFO - [2026-08-08T01:27:47.202+0000] {dag.py:4180} INFO - Setting next_dagrun for dataset_alias_example_alias_producer to None, run_after=None
[2026-08-08T01:27:47.205+0000] {logging_mixin.py:190} INFO - [2026-08-08T01:27:47.204+0000] {dag.py:4180} INFO - Setting next_dagrun for dataset_s3_bucket_consumer to None, run_after=None
[2026-08-08T01:27:47.207+0000] {logging_mixin.py:190} INFO - [2026-08-08T01:27:47.207+0000] {dag.py:4180} INFO - Setting next_dagrun for dataset_s3_bucket_producer to None, run_after=None
[2026-08-08T01:27:47.231+0000] {processor.py:208} INFO - Processing /home/airflow/.local/lib/python3.12/site-packages/airflow/example_dags/example_dataset_alias.py took 0.937 seconds
[2026-08-08T01:28:17.749+0000] {processor.py:186} INFO - Started process (PID=2495) to work on /home/airflow/.local/lib/python3.12/site-packages/airflow/example_dags/example_dataset_alias.py
[2026-08-08T01:28:17.751+0000] {processor.py:914} INFO - Processing file /home/airflow/.local/lib/python3.12/site-packages/airflow/example_dags/example_dataset_alias.py for tasks to queue
[2026-08-08T01:28:17.756+0000] {logging_mixin.py:190} INFO - [2026-08-08T01:28:17.755+0000] {dagbag.py:588} INFO - Filling up the DagBag from /home/airflow/.local/lib/python3.12/site-packages/airflow/example_dags/example_dataset_alias.py
[2026-08-08T01:28:18.506+0000] {processor.py:925} INFO - DAG(s) 'dataset_s3_bucket_consumer', 'dataset_alias_example_alias_consumer', 'dataset_s3_bucket_producer', 'dataset_alias_example_alias_producer' retrieved from /home/airflow/.local/lib/python3.12/site-packages/airflow/example_dags/example_dataset_alias.py
[2026-08-08T01:28:18.533+0000] {logging_mixin.py:190} INFO - [2026-08-08T01:28:18.532+0000] {dag.py:3239} INFO - Sync 4 DAGs
[2026-08-08T01:28:18.564+0000] {logging_mixin.py:190} INFO - [2026-08-08T01:28:18.563+0000] {dag.py:4180} INFO - Setting next_dagrun for dataset_alias_example_alias_consumer to None, run_after=None
[2026-08-08T01:28:18.567+0000] {logging_mixin.py:190} INFO - [2026-08-08T01:28:18.567+0000] {dag.py:4180} INFO - Setting next_dagrun for dataset_alias_example_alias_producer to None, run_after=None
[2026-08-08T01:28:18.569+0000] {logging_mixin.py:190} INFO - [2026-08-08T01:28:18.569+0000] {dag.py:4180} INFO - Setting next_dagrun for dataset_s3_bucket_consumer to None, run_after=None
[2026-08-08T01:28:18.572+0000] {logging_mixin.py:190} INFO - [2026-08-08T01:28:18.571+0000] {dag.py:4180} INFO - Setting next_dagrun for dataset_s3_bucket_producer to None, run_after=None
[2026-08-08T01:28:18.596+0000] {processor.py:208} INFO - Processing /home/airflow/.local/lib/python3.12/site-packages/airflow/example_dags/example_dataset_alias.py took 0.859 seconds
[2026-08-08T01:28:48.843+0000] {processor.py:186} INFO - Started process (PID=2560) to work on /home/airflow/.local/lib/python3.12/site-packages/airflow/example_dags/example_dataset_alias.py
[2026-08-08T01:28:48.844+0000] {processor.py:914} INFO - Processing file /home/airflow/.local/lib/python3.12/site-packages/airflow/example_dags/example_dataset_alias.py for tasks to queue
[2026-08-08T01:28:48.847+0000] {logging_mixin.py:190} INFO - [2026-08-08T01:28:48.847+0000] {dagbag.py:588} INFO - Filling up the DagBag from /home/airflow/.local/lib/python3.12/site-packages/airflow/example_dags/example_dataset_alias.py
[2026-08-08T01:28:49.476+0000] {processor.py:925} INFO - DAG(s) 'dataset_s3_bucket_consumer', 'dataset_alias_example_alias_producer', 'dataset_s3_bucket_producer', 'dataset_alias_example_alias_consumer' retrieved from /home/airflow/.local/lib/python3.12/site-packages/airflow/example_dags/example_dataset_alias.py
[2026-08-08T01:28:49.501+0000] {logging_mixin.py:190} INFO - [2026-08-08T01:28:49.500+0000] {dag.py:3239} INFO - Sync 4 DAGs
[2026-08-08T01:28:49.529+0000] {logging_mixin.py:190} INFO - [2026-08-08T01:28:49.528+0000] {dag.py:4180} INFO - Setting next_dagrun for dataset_alias_example_alias_consumer to None, run_after=None
[2026-08-08T01:28:49.532+0000] {logging_mixin.py:190} INFO - [2026-08-08T01:28:49.532+0000] {dag.py:4180} INFO - Setting next_dagrun for dataset_alias_example_alias_producer to None, run_after=None
[2026-08-08T01:28:49.536+0000] {logging_mixin.py:190} INFO - [2026-08-08T01:28:49.535+0000] {dag.py:4180} INFO - Setting next_dagrun for dataset_s3_bucket_consumer to None, run_after=None
[2026-08-08T01:28:49.538+0000] {logging_mixin.py:190} INFO - [2026-08-08T01:28:49.538+0000] {dag.py:4180} INFO - Setting next_dagrun for dataset_s3_bucket_producer to None, run_after=None
[2026-08-08T01:28:49.562+0000] {processor.py:208} INFO - Processing /home/airflow/.local/lib/python3.12/site-packages/airflow/example_dags/example_dataset_alias.py took 0.724 seconds
[2026-08-08T01:29:20.262+0000] {processor.py:186} INFO - Started process (PID=2626) to work on /home/airflow/.local/lib/python3.12/site-packages/airflow/example_dags/example_dataset_alias.py
[2026-08-08T01:29:20.263+0000] {processor.py:914} INFO - Processing file /home/airflow/.local/lib/python3.12/site-packages/airflow/example_dags/example_dataset_alias.py for tasks to queue
[2026-08-08T01:29:20.267+0000] {logging_mixin.py:190} INFO - [2026-08-08T01:29:20.266+0000] {dagbag.py:588} INFO - Filling up the DagBag from /home/airflow/.local/lib/python3.12/site-packages/airflow/example_dags/example_dataset_alias.py
[2026-08-08T01:29:20.846+0000] {processor.py:925} INFO - DAG(s) 'dataset_alias_example_alias_producer', 'dataset_s3_bucket_producer', 'dataset_alias_example_alias_consumer', 'dataset_s3_bucket_consumer' retrieved from /home/airflow/.local/lib/python3.12/site-packages/airflow/example_dags/example_dataset_alias.py
[2026-08-08T01:29:20.867+0000] {logging_mixin.py:190} INFO - [2026-08-08T01:29:20.867+0000] {dag.py:3239} INFO - Sync 4 DAGs
[2026-08-08T01:29:20.893+0000] {logging_mixin.py:190} INFO - [2026-08-08T01:29:20.892+0000] {dag.py:4180} INFO - Setting next_dagrun for dataset_alias_example_alias_consumer to None, run_after=None
[2026-08-08T01:29:20.897+0000] {logging_mixin.py:190} INFO - [2026-08-08T01:29:20.897+0000] {dag.py:4180} INFO - Setting next_dagrun for dataset_alias_example_alias_producer to None, run_after=None
[2026-08-08T01:29:20.902+0000] {logging_mixin.py:190} INFO - [2026-08-08T01:29:20.901+0000] {dag.py:4180} INFO - Setting next_dagrun for dataset_s3_bucket_consumer to None, run_after=None
[2026-08-08T01:29:20.904+0000] {logging_mixin.py:190} INFO - [2026-08-08T01:29:20.904+0000] {dag.py:4180} INFO - Setting next_dagrun for dataset_s3_bucket_producer to None, run_after=None
[2026-08-08T01:29:20.932+0000] {processor.py:208} INFO - Processing /home/airflow/.local/lib/python3.12/site-packages/airflow/example_dags/example_dataset_alias.py took 0.678 seconds
[2026-08-08T01:29:51.087+0000] {processor.py:186} INFO - Started process (PID=2691) to work on /home/airflow/.local/lib/python3.12/site-packages/airflow/example_dags/example_dataset_alias.py
[2026-08-08T01:29:51.089+0000] {processor.py:914} INFO - Processing file /home/airflow/.local/lib/python3.12/site-packages/airflow/example_dags/example_dataset_alias.py for tasks to queue
[2026-08-08T01:29:51.094+0000] {logging_mixin.py:190} INFO - [2026-08-08T01:29:51.094+0000] {dagbag.py:588} INFO - Filling up the DagBag from /home/airflow/.local/lib/python3.12/site-packages/airflow/example_dags/example_dataset_alias.py
[2026-08-08T01:29:51.671+0000] {processor.py:925} INFO - DAG(s) 'dataset_alias_example_alias_consumer', 'dataset_alias_example_alias_producer', 'dataset_s3_bucket_producer', 'dataset_s3_bucket_consumer' retrieved from /home/airflow/.local/lib/python3.12/site-packages/airflow/example_dags/example_dataset_alias.py
[2026-08-08T01:29:51.696+0000] {logging_mixin.py:190} INFO - [2026-08-08T01:29:51.696+0000] {dag.py:3239} INFO - Sync 4 DAGs
[2026-08-08T01:29:51.721+0000] {logging_mixin.py:190} INFO - [2026-08-08T01:29:51.721+0000] {dag.py:4180} INFO - Setting next_dagrun for dataset_alias_example_alias_consumer to None, run_after=None
[2026-08-08T01:29:51.724+0000] {logging_mixin.py:190} INFO - [2026-08-08T01:29:51.724+0000] {dag.py:4180} INFO - Setting next_dagrun for dataset_alias_example_alias_producer to None, run_after=None
[2026-08-08T01:29:51.726+0000] {logging_mixin.py:190} INFO - [2026-08-08T01:29:51.726+0000] {dag.py:4180} INFO - Setting next_dagrun for dataset_s3_bucket_consumer to None, run_after=None
[2026-08-08T01:29:51.729+0000] {logging_mixin.py:190} INFO - [2026-08-08T01:29:51.728+0000] {dag.py:4180} INFO - Setting next_dagrun for dataset_s3_bucket_producer to None, run_after=None
[2026-08-08T01:29:51.756+0000] {processor.py:208} INFO - Processing /home/airflow/.local/lib/python3.12/site-packages/airflow/example_dags/example_dataset_alias.py took 0.677 seconds
[2026-08-08T01:30:22.299+0000] {processor.py:186} INFO - Started process (PID=2756) to work on /home/airflow/.local/lib/python3.12/site-packages/airflow/example_dags/example_dataset_alias.py
[2026-08-08T01:30:22.301+0000] {processor.py:914} INFO - Processing file /home/airflow/.local/lib/python3.12/site-packages/airflow/example_dags/example_dataset_alias.py for tasks to queue
[2026-08-08T01:30:22.304+0000] {logging_mixin.py:190} INFO - [2026-08-08T01:30:22.303+0000] {dagbag.py:588} INFO - Filling up the DagBag from /home/airflow/.local/lib/python3.12/site-packages/airflow/example_dags/example_dataset_alias.py
[2026-08-08T01:30:22.888+0000] {processor.py:925} INFO - DAG(s) 'dataset_s3_bucket_consumer', 'dataset_alias_example_alias_producer', 'dataset_alias_example_alias_consumer', 'dataset_s3_bucket_producer' retrieved from /home/airflow/.local/lib/python3.12/site-packages/airflow/example_dags/example_dataset_alias.py
[2026-08-08T01:30:22.912+0000] {logging_mixin.py:190} INFO - [2026-08-08T01:30:22.912+0000] {dag.py:3239} INFO - Sync 4 DAGs
[2026-08-08T01:30:22.935+0000] {logging_mixin.py:190} INFO - [2026-08-08T01:30:22.935+0000] {dag.py:4180} INFO - Setting next_dagrun for dataset_alias_example_alias_consumer to None, run_after=None
[2026-08-08T01:30:22.939+0000] {logging_mixin.py:190} INFO - [2026-08-08T01:30:22.939+0000] {dag.py:4180} INFO - Setting next_dagrun for dataset_alias_example_alias_producer to None, run_after=None
[2026-08-08T01:30:22.942+0000] {logging_mixin.py:190} INFO - [2026-08-08T01:30:22.942+0000] {dag.py:4180} INFO - Setting next_dagrun for dataset_s3_bucket_consumer to None, run_after=None
[2026-08-08T01:30:22.944+0000] {logging_mixin.py:190} INFO - [2026-08-08T01:30:22.944+0000] {dag.py:4180} INFO - Setting next_dagrun for dataset_s3_bucket_producer to None, run_after=None
[2026-08-08T01:30:22.973+0000] {processor.py:208} INFO - Processing /home/airflow/.local/lib/python3.12/site-packages/airflow/example_dags/example_dataset_alias.py took 0.679 seconds
[2026-08-08T01:30:53.130+0000] {processor.py:186} INFO - Started process (PID=2821) to work on /home/airflow/.local/lib/python3.12/site-packages/airflow/example_dags/example_dataset_alias.py
[2026-08-08T01:30:53.132+0000] {processor.py:914} INFO - Processing file /home/airflow/.local/lib/python3.12/site-packages/airflow/example_dags/example_dataset_alias.py for tasks to queue
[2026-08-08T01:30:53.136+0000] {logging_mixin.py:190} INFO - [2026-08-08T01:30:53.136+0000] {dagbag.py:588} INFO - Filling up the DagBag from /home/airflow/.local/lib/python3.12/site-packages/airflow/example_dags/example_dataset_alias.py
[2026-08-08T01:30:53.743+0000] {processor.py:925} INFO - DAG(s) 'dataset_s3_bucket_producer', 'dataset_s3_bucket_consumer', 'dataset_alias_example_alias_producer', 'dataset_alias_example_alias_consumer' retrieved from /home/airflow/.local/lib/python3.12/site-packages/airflow/example_dags/example_dataset_alias.py
[2026-08-08T01:30:53.767+0000] {logging_mixin.py:190} INFO - [2026-08-08T01:30:53.766+0000] {dag.py:3239} INFO - Sync 4 DAGs
[2026-08-08T01:30:53.790+0000] {logging_mixin.py:190} INFO - [2026-08-08T01:30:53.790+0000] {dag.py:4180} INFO - Setting next_dagrun for dataset_alias_example_alias_consumer to None, run_after=None
[2026-08-08T01:30:53.795+0000] {logging_mixin.py:190} INFO - [2026-08-08T01:30:53.795+0000] {dag.py:4180} INFO - Setting next_dagrun for dataset_alias_example_alias_producer to None, run_after=None
[2026-08-08T01:30:53.798+0000] {logging_mixin.py:190} INFO - [2026-08-08T01:30:53.798+0000] {dag.py:4180} INFO - Setting next_dagrun for dataset_s3_bucket_consumer to None, run_after=None
[2026-08-08T01:30:53.800+0000] {logging_mixin.py:190} INFO - [2026-08-08T01:30:53.800+0000] {dag.py:4180} INFO - Setting next_dagrun for dataset_s3_bucket_producer to None, run_after=None
[2026-08-08T01:30:53.826+0000] {processor.py:208} INFO - Processing /home/airflow/.local/lib/python3.12/site-packages/airflow/example_dags/example_dataset_alias.py took 0.704 seconds
[2026-08-08T01:31:24.628+0000] {processor.py:186} INFO - Started process (PID=2892) to work on /home/airflow/.local/lib/python3.12/site-packages/airflow/example_dags/example_dataset_alias.py
[2026-08-08T01:31:24.630+0000] {processor.py:914} INFO - Processing file /home/airflow/.local/lib/python3.12/site-packages/airflow/example_dags/example_dataset_alias.py for tasks to queue
[2026-08-08T01:31:24.633+0000] {logging_mixin.py:190} INFO - [2026-08-08T01:31:24.633+0000] {dagbag.py:588} INFO - Filling up the DagBag from /home/airflow/.local/lib/python3.12/site-packages/airflow/example_dags/example_dataset_alias.py
[2026-08-08T01:31:25.220+0000] {processor.py:925} INFO - DAG(s) 'dataset_alias_example_alias_consumer', 'dataset_alias_example_alias_producer', 'dataset_s3_bucket_producer', 'dataset_s3_bucket_consumer' retrieved from /home/airflow/.local/lib/python3.12/site-packages/airflow/example_dags/example_dataset_alias.py
[2026-08-08T01:31:25.245+0000] {logging_mixin.py:190} INFO - [2026-08-08T01:31:25.244+0000] {dag.py:3239} INFO - Sync 4 DAGs
[2026-08-08T01:31:25.269+0000] {logging_mixin.py:190} INFO - [2026-08-08T01:31:25.269+0000] {dag.py:4180} INFO - Setting next_dagrun for dataset_alias_example_alias_consumer to None, run_after=None
[2026-08-08T01:31:25.272+0000] {logging_mixin.py:190} INFO - [2026-08-08T01:31:25.272+0000] {dag.py:4180} INFO - Setting next_dagrun for dataset_alias_example_alias_producer to None, run_after=None
[2026-08-08T01:31:25.275+0000] {logging_mixin.py:190} INFO - [2026-08-08T01:31:25.274+0000] {dag.py:4180} INFO - Setting next_dagrun for dataset_s3_bucket_consumer to None, run_after=None
[2026-08-08T01:31:25.277+0000] {logging_mixin.py:190} INFO - [2026-08-08T01:31:25.277+0000] {dag.py:4180} INFO - Setting next_dagrun for dataset_s3_bucket_producer to None, run_after=None
[2026-08-08T01:31:25.302+0000] {processor.py:208} INFO - Processing /home/airflow/.local/lib/python3.12/site-packages/airflow/example_dags/example_dataset_alias.py took 0.682 seconds
[2026-08-08T01:31:55.979+0000] {processor.py:186} INFO - Started process (PID=2958) to work on /home/airflow/.local/lib/python3.12/site-packages/airflow/example_dags/example_dataset_alias.py
[2026-08-08T01:31:55.980+0000] {processor.py:914} INFO - Processing file /home/airflow/.local/lib/python3.12/site-packages/airflow/example_dags/example_dataset_alias.py for tasks to queue
[2026-08-08T01:31:55.983+0000] {logging_mixin.py:190} INFO - [2026-08-08T01:31:55.983+0000] {dagbag.py:588} INFO - Filling up the DagBag from /home/airflow/.local/lib/python3.12/site-packages/airflow/example_dags/example_dataset_alias.py
[2026-08-08T01:31:56.521+0000] {processor.py:925} INFO - DAG(s) 'dataset_alias_example_alias_producer', 'dataset_s3_bucket_consumer', 'dataset_s3_bucket_producer', 'dataset_alias_example_alias_consumer' retrieved from /home/airflow/.local/lib/python3.12/site-packages/airflow/example_dags/example_dataset_alias.py
[2026-08-08T01:31:56.543+0000] {logging_mixin.py:190} INFO - [2026-08-08T01:31:56.543+0000] {dag.py:3239} INFO - Sync 4 DAGs
[2026-08-08T01:31:56.565+0000] {logging_mixin.py:190} INFO - [2026-08-08T01:31:56.564+0000] {dag.py:4180} INFO - Setting next_dagrun for dataset_alias_example_alias_consumer to None, run_after=None
[2026-08-08T01:31:56.568+0000] {logging_mixin.py:190} INFO - [2026-08-08T01:31:56.568+0000] {dag.py:4180} INFO - Setting next_dagrun for dataset_alias_example_alias_producer to None, run_after=None
[2026-08-08T01:31:56.570+0000] {logging_mixin.py:190} INFO - [2026-08-08T01:31:56.570+0000] {dag.py:4180} INFO - Setting next_dagrun for dataset_s3_bucket_consumer to None, run_after=None
[2026-08-08T01:31:56.572+0000] {logging_mixin.py:190} INFO - [2026-08-08T01:31:56.571+0000] {dag.py:4180} INFO - Setting next_dagrun for dataset_s3_bucket_producer to None, run_after=None
[2026-08-08T01:31:56.592+0000] {processor.py:208} INFO - Processing /home/airflow/.local/lib/python3.12/site-packages/airflow/example_dags/example_dataset_alias.py took 0.621 seconds
[2026-08-08T01:32:26.709+0000] {processor.py:186} INFO - Started process (PID=3022) to work on /home/airflow/.local/lib/python3.12/site-packages/airflow/example_dags/example_dataset_alias.py
[2026-08-08T01:32:26.710+0000] {processor.py:914} INFO - Processing file /home/airflow/.local/lib/python3.12/site-packages/airflow/example_dags/example_dataset_alias.py for tasks to queue
[2026-08-08T01:32:26.713+0000] {logging_mixin.py:190} INFO - [2026-08-08T01:32:26.713+0000] {dagbag.py:588} INFO - Filling up the DagBag from /home/airflow/.local/lib/python3.12/site-packages/airflow/example_dags/example_dataset_alias.py
[2026-08-08T01:32:27.293+0000] {processor.py:925} INFO - DAG(s) 'dataset_s3_bucket_consumer', 'dataset_alias_example_alias_consumer', 'dataset_s3_bucket_producer', 'dataset_alias_example_alias_producer' retrieved from /home/airflow/.local/lib/python3.12/site-packages/airflow/example_dags/example_dataset_alias.py
[2026-08-08T01:32:27.316+0000] {logging_mixin.py:190} INFO - [2026-08-08T01:32:27.316+0000] {dag.py:3239} INFO - Sync 4 DAGs
[2026-08-08T01:32:27.340+0000] {logging_mixin.py:190} INFO - [2026-08-08T01:32:27.339+0000] {dag.py:4180} INFO - Setting next_dagrun for dataset_alias_example_alias_consumer to None, run_after=None
[2026-08-08T01:32:27.343+0000] {logging_mixin.py:190} INFO - [2026-08-08T01:32:27.343+0000] {dag.py:4180} INFO - Setting next_dagrun for dataset_alias_example_alias_producer to None, run_after=None
[2026-08-08T01:32:27.345+0000] {logging_mixin.py:190} INFO - [2026-08-08T01:32:27.345+0000] {dag.py:4180} INFO - Setting next_dagrun for dataset_s3_bucket_consumer to None, run_after=None
[2026-08-08T01:32:27.348+0000] {logging_mixin.py:190} INFO - [2026-08-08T01:32:27.347+0000] {dag.py:4180} INFO - Setting next_dagrun for dataset_s3_bucket_producer to None, run_after=None
[2026-08-08T01:32:27.374+0000] {processor.py:208} INFO - Processing /home/airflow/.local/lib/python3.12/site-packages/airflow/example_dags/example_dataset_alias.py took 0.671 seconds
[2026-08-08T01:32:57.751+0000] {processor.py:186} INFO - Started process (PID=3087) to work on /home/airflow/.local/lib/python3.12/site-packages/airflow/example_dags/example_dataset_alias.py
[2026-08-08T01:32:57.752+0000] {processor.py:914} INFO - Processing file /home/airflow/.local/lib/python3.12/site-packages/airflow/example_dags/example_dataset_alias.py for tasks to queue
[2026-08-08T01:32:57.755+0000] {logging_mixin.py:190} INFO - [2026-08-08T01:32:57.755+0000] {dagbag.py:588} INFO - Filling up the DagBag from /home/airflow/.local/lib/python3.12/site-packages/airflow/example_dags/example_dataset_alias.py
[2026-08-08T01:32:58.341+0000] {processor.py:925} INFO - DAG(s) 'dataset_s3_bucket_consumer', 'dataset_alias_example_alias_consumer', 'dataset_s3_bucket_producer', 'dataset_alias_example_alias_producer' retrieved from /home/airflow/.local/lib/python3.12/site-packages/airflow/example_dags/example_dataset_alias.py
[2026-08-08T01:32:58.366+0000] {logging_mixin.py:190} INFO - [2026-08-08T01:32:58.365+0000] {dag.py:3239} INFO - Sync 4 DAGs
[2026-08-08T01:32:58.390+0000] {logging_mixin.py:190} INFO - [2026-08-08T01:32:58.389+0000] {dag.py:4180} INFO - Setting next_dagrun for dataset_alias_example_alias_consumer to None, run_after=None
[2026-08-08T01:32:58.393+0000] {logging_mixin.py:190} INFO - [2026-08-08T01:32:58.393+0000] {dag.py:4180} INFO - Setting next_dagrun for dataset_alias_example_alias_producer to None, run_after=None
[2026-08-08T01:32:58.396+0000] {logging_mixin.py:190} INFO - [2026-08-08T01:32:58.395+0000] {dag.py:4180} INFO - Setting next_dagrun for dataset_s3_bucket_consumer to None, run_after=None
[2026-08-08T01:32:58.398+0000] {logging_mixin.py:190} INFO - [2026-08-08T01:32:58.398+0000] {dag.py:4180} INFO - Setting next_dagrun for dataset_s3_bucket_producer to None, run_after=None
[2026-08-08T01:32:58.424+0000] {processor.py:208} INFO - Processing /home/airflow/.local/lib/python3.12/site-packages/airflow/example_dags/example_dataset_alias.py took 0.680 seconds
[2026-08-08T01:33:28.972+0000] {processor.py:186} INFO - Started process (PID=3152) to work on /home/airflow/.local/lib/python3.12/site-packages/airflow/example_dags/example_dataset_alias.py
[2026-08-08T01:33:28.974+0000] {processor.py:914} INFO - Processing file /home/airflow/.local/lib/python3.12/site-packages/airflow/example_dags/example_dataset_alias.py for tasks to queue
[2026-08-08T01:33:28.977+0000] {logging_mixin.py:190} INFO - [2026-08-08T01:33:28.976+0000] {dagbag.py:588} INFO - Filling up the DagBag from /home/airflow/.local/lib/python3.12/site-packages/airflow/example_dags/example_dataset_alias.py
[2026-08-08T01:33:29.547+0000] {processor.py:925} INFO - DAG(s) 'dataset_s3_bucket_consumer', 'dataset_alias_example_alias_producer', 'dataset_s3_bucket_producer', 'dataset_alias_example_alias_consumer' retrieved from /home/airflow/.local/lib/python3.12/site-packages/airflow/example_dags/example_dataset_alias.py
[2026-08-08T01:33:29.569+0000] {logging_mixin.py:190} INFO - [2026-08-08T01:33:29.569+0000] {dag.py:3239} INFO - Sync 4 DAGs
[2026-08-08T01:33:29.592+0000] {logging_mixin.py:190} INFO - [2026-08-08T01:33:29.592+0000] {dag.py:4180} INFO - Setting next_dagrun for dataset_alias_example_alias_consumer to None, run_after=None
[2026-08-08T01:33:29.596+0000] {logging_mixin.py:190} INFO - [2026-08-08T01:33:29.595+0000] {dag.py:4180} INFO - Setting next_dagrun for dataset_alias_example_alias_producer to None, run_after=None
[2026-08-08T01:33:29.598+0000] {logging_mixin.py:190} INFO - [2026-08-08T01:33:29.598+0000] {dag.py:4180} INFO - Setting next_dagrun for dataset_s3_bucket_consumer to None, run_after=None
[2026-08-08T01:33:29.600+0000] {logging_mixin.py:190} INFO - [2026-08-08T01:33:29.600+0000] {dag.py:4180} INFO - Setting next_dagrun for dataset_s3_bucket_producer to None, run_after=None
[2026-08-08T01:33:29.625+0000] {processor.py:208} INFO - Processing /home/airflow/.local/lib/python3.12/site-packages/airflow/example_dags/example_dataset_alias.py took 0.660 seconds
[2026-08-08T01:34:00.458+0000] {processor.py:186} INFO - Started process (PID=3217) to work on /home/airflow/.local/lib/python3.12/site-packages/airflow/example_dags/example_dataset_alias.py
[2026-08-08T01:34:00.459+0000] {processor.py:914} INFO - Processing file /home/airflow/.local/lib/python3.12/site-packages/airflow/example_dags/example_dataset_alias.py for tasks to queue
[2026-08-08T01:34:00.463+0000] {logging_mixin.py:190} INFO - [2026-08-08T01:34:00.462+0000] {dagbag.py:588} INFO - Filling up the DagBag from /home/airflow/.local/lib/python3.12/site-packages/airflow/example_dags/example_dataset_alias.py
[2026-08-08T01:34:01.064+0000] {processor.py:925} INFO - DAG(s) 'dataset_alias_example_alias_producer', 'dataset_alias_example_alias_consumer', 'dataset_s3_bucket_consumer', 'dataset_s3_bucket_producer' retrieved from /home/airflow/.local/lib/python3.12/site-packages/airflow/example_dags/example_dataset_alias.py
[2026-08-08T01:34:01.089+0000] {logging_mixin.py:190} INFO - [2026-08-08T01:34:01.088+0000] {dag.py:3239} INFO - Sync 4 DAGs
[2026-08-08T01:34:01.113+0000] {logging_mixin.py:190} INFO - [2026-08-08T01:34:01.113+0000] {dag.py:4180} INFO - Setting next_dagrun for dataset_alias_example_alias_consumer to None, run_after=None
[2026-08-08T01:34:01.116+0000] {logging_mixin.py:190} INFO - [2026-08-08T01:34:01.116+0000] {dag.py:4180} INFO - Setting next_dagrun for dataset_alias_example_alias_producer to None, run_after=None
[2026-08-08T01:34:01.118+0000] {logging_mixin.py:190} INFO - [2026-08-08T01:34:01.118+0000] {dag.py:4180} INFO - Setting next_dagrun for dataset_s3_bucket_consumer to None, run_after=None
[2026-08-08T01:34:01.120+0000] {logging_mixin.py:190} INFO - [2026-08-08T01:34:01.120+0000] {dag.py:4180} INFO - Setting next_dagrun for dataset_s3_bucket_producer to None, run_after=None
[2026-08-08T01:34:01.145+0000] {processor.py:208} INFO - Processing /home/airflow/.local/lib/python3.12/site-packages/airflow/example_dags/example_dataset_alias.py took 0.694 seconds
[2026-08-08T01:34:31.471+0000] {processor.py:186} INFO - Started process (PID=3283) to work on /home/airflow/.local/lib/python3.12/site-packages/airflow/example_dags/example_dataset_alias.py
[2026-08-08T01:34:31.473+0000] {processor.py:914} INFO - Processing file /home/airflow/.local/lib/python3.12/site-packages/airflow/example_dags/example_dataset_alias.py for tasks to queue
[2026-08-08T01:34:31.475+0000] {logging_mixin.py:190} INFO - [2026-08-08T01:34:31.475+0000] {dagbag.py:588} INFO - Filling up the DagBag from /home/airflow/.local/lib/python3.12/site-packages/airflow/example_dags/example_dataset_alias.py
[2026-08-08T01:34:32.146+0000] {processor.py:925} INFO - DAG(s) 'dataset_alias_example_alias_producer', 'dataset_s3_bucket_consumer', 'dataset_s3_bucket_producer', 'dataset_alias_example_alias_consumer' retrieved from /home/airflow/.local/lib/python3.12/site-packages/airflow/example_dags/example_dataset_alias.py
[2026-08-08T01:34:32.185+0000] {logging_mixin.py:190} INFO - [2026-08-08T01:34:32.184+0000] {dag.py:3239} INFO - Sync 4 DAGs
[2026-08-08T01:34:32.217+0000] {logging_mixin.py:190} INFO - [2026-08-08T01:34:32.216+0000] {dag.py:4180} INFO - Setting next_dagrun for dataset_alias_example_alias_consumer to None, run_after=None
[2026-08-08T01:34:32.220+0000] {logging_mixin.py:190} INFO - [2026-08-08T01:34:32.220+0000] {dag.py:4180} INFO - Setting next_dagrun for dataset_alias_example_alias_producer to None, run_after=None
[2026-08-08T01:34:32.222+0000] {logging_mixin.py:190} INFO - [2026-08-08T01:34:32.222+0000] {dag.py:4180} INFO - Setting next_dagrun for dataset_s3_bucket_consumer to None, run_after=None
[2026-08-08T01:34:32.225+0000] {logging_mixin.py:190} INFO - [2026-08-08T01:34:32.224+0000] {dag.py:4180} INFO - Setting next_dagrun for dataset_s3_bucket_producer to None, run_after=None
[2026-08-08T01:34:32.250+0000] {processor.py:208} INFO - Processing /home/airflow/.local/lib/python3.12/site-packages/airflow/example_dags/example_dataset_alias.py took 0.786 seconds
[2026-08-08T01:35:03.320+0000] {processor.py:186} INFO - Started process (PID=3348) to work on /home/airflow/.local/lib/python3.12/site-packages/airflow/example_dags/example_dataset_alias.py
[2026-08-08T01:35:03.322+0000] {processor.py:914} INFO - Processing file /home/airflow/.local/lib/python3.12/site-packages/airflow/example_dags/example_dataset_alias.py for tasks to queue
[2026-08-08T01:35:03.327+0000] {logging_mixin.py:190} INFO - [2026-08-08T01:35:03.326+0000] {dagbag.py:588} INFO - Filling up the DagBag from /home/airflow/.local/lib/python3.12/site-packages/airflow/example_dags/example_dataset_alias.py
[2026-08-08T01:35:04.169+0000] {processor.py:925} INFO - DAG(s) 'dataset_alias_example_alias_consumer', 'dataset_s3_bucket_consumer', 'dataset_s3_bucket_producer', 'dataset_alias_example_alias_producer' retrieved from /home/airflow/.local/lib/python3.12/site-packages/airflow/example_dags/example_dataset_alias.py
[2026-08-08T01:35:04.201+0000] {logging_mixin.py:190} INFO - [2026-08-08T01:35:04.201+0000] {dag.py:3239} INFO - Sync 4 DAGs
[2026-08-08T01:35:04.247+0000] {logging_mixin.py:190} INFO - [2026-08-08T01:35:04.246+0000] {dag.py:4180} INFO - Setting next_dagrun for dataset_alias_example_alias_consumer to None, run_after=None
[2026-08-08T01:35:04.252+0000] {logging_mixin.py:190} INFO - [2026-08-08T01:35:04.251+0000] {dag.py:4180} INFO - Setting next_dagrun for dataset_alias_example_alias_producer to None, run_after=None
[2026-08-08T01:35:04.255+0000] {logging_mixin.py:190} INFO - [2026-08-08T01:35:04.254+0000] {dag.py:4180} INFO - Setting next_dagrun for dataset_s3_bucket_consumer to None, run_after=None
[2026-08-08T01:35:04.258+0000] {logging_mixin.py:190} INFO - [2026-08-08T01:35:04.257+0000] {dag.py:4180} INFO - Setting next_dagrun for dataset_s3_bucket_producer to None, run_after=None
[2026-08-08T01:35:04.293+0000] {processor.py:208} INFO - Processing /home/airflow/.local/lib/python3.12/site-packages/airflow/example_dags/example_dataset_alias.py took 0.981 seconds
[2026-08-08T01:35:35.196+0000] {processor.py:186} INFO - Started process (PID=3413) to work on /home/airflow/.local/lib/python3.12/site-packages/airflow/example_dags/example_dataset_alias.py
[2026-08-08T01:35:35.197+0000] {processor.py:914} INFO - Processing file /home/airflow/.local/lib/python3.12/site-packages/airflow/example_dags/example_dataset_alias.py for tasks to queue
[2026-08-08T01:35:35.200+0000] {logging_mixin.py:190} INFO - [2026-08-08T01:35:35.200+0000] {dagbag.py:588} INFO - Filling up the DagBag from /home/airflow/.local/lib/python3.12/site-packages/airflow/example_dags/example_dataset_alias.py
[2026-08-08T01:35:35.839+0000] {processor.py:925} INFO - DAG(s) 'dataset_alias_example_alias_producer', 'dataset_s3_bucket_producer', 'dataset_s3_bucket_consumer', 'dataset_alias_example_alias_consumer' retrieved from /home/airflow/.local/lib/python3.12/site-packages/airflow/example_dags/example_dataset_alias.py
[2026-08-08T01:35:35.866+0000] {logging_mixin.py:190} INFO - [2026-08-08T01:35:35.866+0000] {dag.py:3239} INFO - Sync 4 DAGs
[2026-08-08T01:35:35.893+0000] {logging_mixin.py:190} INFO - [2026-08-08T01:35:35.892+0000] {dag.py:4180} INFO - Setting next_dagrun for dataset_alias_example_alias_consumer to None, run_after=None
[2026-08-08T01:35:35.896+0000] {logging_mixin.py:190} INFO - [2026-08-08T01:35:35.896+0000] {dag.py:4180} INFO - Setting next_dagrun for dataset_alias_example_alias_producer to None, run_after=None
[2026-08-08T01:35:35.899+0000] {logging_mixin.py:190} INFO - [2026-08-08T01:35:35.898+0000] {dag.py:4180} INFO - Setting next_dagrun for dataset_s3_bucket_consumer to None, run_after=None
[2026-08-08T01:35:35.901+0000] {logging_mixin.py:190} INFO - [2026-08-08T01:35:35.900+0000] {dag.py:4180} INFO - Setting next_dagrun for dataset_s3_bucket_producer to None, run_after=None
[2026-08-08T01:35:35.925+0000] {processor.py:208} INFO - Processing /home/airflow/.local/lib/python3.12/site-packages/airflow/example_dags/example_dataset_alias.py took 0.736 seconds
[2026-08-08T01:36:06.141+0000] {processor.py:186} INFO - Started process (PID=3478) to work on /home/airflow/.local/lib/python3.12/site-packages/airflow/example_dags/example_dataset_alias.py
[2026-08-08T01:36:06.142+0000] {processor.py:914} INFO - Processing file /home/airflow/.local/lib/python3.12/site-packages/airflow/example_dags/example_dataset_alias.py for tasks to queue
[2026-08-08T01:36:06.145+0000] {logging_mixin.py:190} INFO - [2026-08-08T01:36:06.145+0000] {dagbag.py:588} INFO - Filling up the DagBag from /home/airflow/.local/lib/python3.12/site-packages/airflow/example_dags/example_dataset_alias.py
[2026-08-08T01:36:06.722+0000] {processor.py:925} INFO - DAG(s) 'dataset_alias_example_alias_producer', 'dataset_s3_bucket_consumer', 'dataset_s3_bucket_producer', 'dataset_alias_example_alias_consumer' retrieved from /home/airflow/.local/lib/python3.12/site-packages/airflow/example_dags/example_dataset_alias.py
[2026-08-08T01:36:06.747+0000] {logging_mixin.py:190} INFO - [2026-08-08T01:36:06.746+0000] {dag.py:3239} INFO - Sync 4 DAGs
[2026-08-08T01:36:06.771+0000] {logging_mixin.py:190} INFO - [2026-08-08T01:36:06.771+0000] {dag.py:4180} INFO - Setting next_dagrun for dataset_alias_example_alias_consumer to None, run_after=None
[2026-08-08T01:36:06.775+0000] {logging_mixin.py:190} INFO - [2026-08-08T01:36:06.775+0000] {dag.py:4180} INFO - Setting next_dagrun for dataset_alias_example_alias_producer to None, run_after=None
[2026-08-08T01:36:06.777+0000] {logging_mixin.py:190} INFO - [2026-08-08T01:36:06.777+0000] {dag.py:4180} INFO - Setting next_dagrun for dataset_s3_bucket_consumer to None, run_after=None
[2026-08-08T01:36:06.780+0000] {logging_mixin.py:190} INFO - [2026-08-08T01:36:06.780+0000] {dag.py:4180} INFO - Setting next_dagrun for dataset_s3_bucket_producer to None, run_after=None
[2026-08-08T01:36:06.804+0000] {processor.py:208} INFO - Processing /home/airflow/.local/lib/python3.12/site-packages/airflow/example_dags/example_dataset_alias.py took 0.669 seconds
[2026-08-08T01:36:37.640+0000] {processor.py:186} INFO - Started process (PID=3543) to work on /home/airflow/.local/lib/python3.12/site-packages/airflow/example_dags/example_dataset_alias.py
[2026-08-08T01:36:37.641+0000] {processor.py:914} INFO - Processing file /home/airflow/.local/lib/python3.12/site-packages/airflow/example_dags/example_dataset_alias.py for tasks to queue
[2026-08-08T01:36:37.644+0000] {logging_mixin.py:190} INFO - [2026-08-08T01:36:37.644+0000] {dagbag.py:588} INFO - Filling up the DagBag from /home/airflow/.local/lib/python3.12/site-packages/airflow/example_dags/example_dataset_alias.py
[2026-08-08T01:36:38.120+0000] {processor.py:925} INFO - DAG(s) 'dataset_alias_example_alias_consumer', 'dataset_s3_bucket_consumer', 'dataset_alias_example_alias_producer', 'dataset_s3_bucket_producer' retrieved from /home/airflow/.local/lib/python3.12/site-packages/airflow/example_dags/example_dataset_alias.py
[2026-08-08T01:36:38.147+0000] {logging_mixin.py:190} INFO - [2026-08-08T01:36:38.147+0000] {dag.py:3239} INFO - Sync 4 DAGs
[2026-08-08T01:36:38.181+0000] {logging_mixin.py:190} INFO - [2026-08-08T01:36:38.181+0000] {dag.py:4180} INFO - Setting next_dagrun for dataset_alias_example_alias_consumer to None, run_after=None
[2026-08-08T01:36:38.184+0000] {logging_mixin.py:190} INFO - [2026-08-08T01:36:38.184+0000] {dag.py:4180} INFO - Setting next_dagrun for dataset_alias_example_alias_producer to None, run_after=None
[2026-08-08T01:36:38.188+0000] {logging_mixin.py:190} INFO - [2026-08-08T01:36:38.187+0000] {dag.py:4180} INFO - Setting next_dagrun for dataset_s3_bucket_consumer to None, run_after=None
[2026-08-08T01:36:38.190+0000] {logging_mixin.py:190} INFO - [2026-08-08T01:36:38.190+0000] {dag.py:4180} INFO - Setting next_dagrun for dataset_s3_bucket_producer to None, run_after=None
[2026-08-08T01:36:38.222+0000] {processor.py:208} INFO - Processing /home/airflow/.local/lib/python3.12/site-packages/airflow/example_dags/example_dataset_alias.py took 0.590 seconds
[2026-08-08T01:37:08.895+0000] {processor.py:186} INFO - Started process (PID=3608) to work on /home/airflow/.local/lib/python3.12/site-packages/airflow/example_dags/example_dataset_alias.py
[2026-08-08T01:37:08.897+0000] {processor.py:914} INFO - Processing file /home/airflow/.local/lib/python3.12/site-packages/airflow/example_dags/example_dataset_alias.py for tasks to queue
[2026-08-08T01:37:08.900+0000] {logging_mixin.py:190} INFO - [2026-08-08T01:37:08.900+0000] {dagbag.py:588} INFO - Filling up the DagBag from /home/airflow/.local/lib/python3.12/site-packages/airflow/example_dags/example_dataset_alias.py
[2026-08-08T01:37:09.360+0000] {processor.py:925} INFO - DAG(s) 'dataset_s3_bucket_producer', 'dataset_alias_example_alias_producer', 'dataset_s3_bucket_consumer', 'dataset_alias_example_alias_consumer' retrieved from /home/airflow/.local/lib/python3.12/site-packages/airflow/example_dags/example_dataset_alias.py
[2026-08-08T01:37:09.386+0000] {logging_mixin.py:190} INFO - [2026-08-08T01:37:09.385+0000] {dag.py:3239} INFO - Sync 4 DAGs
[2026-08-08T01:37:09.414+0000] {logging_mixin.py:190} INFO - [2026-08-08T01:37:09.414+0000] {dag.py:4180} INFO - Setting next_dagrun for dataset_alias_example_alias_consumer to None, run_after=None
[2026-08-08T01:37:09.418+0000] {logging_mixin.py:190} INFO - [2026-08-08T01:37:09.418+0000] {dag.py:4180} INFO - Setting next_dagrun for dataset_alias_example_alias_producer to None, run_after=None
[2026-08-08T01:37:09.421+0000] {logging_mixin.py:190} INFO - [2026-08-08T01:37:09.420+0000] {dag.py:4180} INFO - Setting next_dagrun for dataset_s3_bucket_consumer to None, run_after=None
[2026-08-08T01:37:09.422+0000] {logging_mixin.py:190} INFO - [2026-08-08T01:37:09.422+0000] {dag.py:4180} INFO - Setting next_dagrun for dataset_s3_bucket_producer to None, run_after=None
[2026-08-08T01:37:09.448+0000] {processor.py:208} INFO - Processing /home/airflow/.local/lib/python3.12/site-packages/airflow/example_dags/example_dataset_alias.py took 0.562 seconds
[2026-08-08T01:37:39.527+0000] {processor.py:186} INFO - Started process (PID=3673) to work on /home/airflow/.local/lib/python3.12/site-packages/airflow/example_dags/example_dataset_alias.py
[2026-08-08T01:37:39.529+0000] {processor.py:914} INFO - Processing file /home/airflow/.local/lib/python3.12/site-packages/airflow/example_dags/example_dataset_alias.py for tasks to queue
[2026-08-08T01:37:39.532+0000] {logging_mixin.py:190} INFO - [2026-08-08T01:37:39.532+0000] {dagbag.py:588} INFO - Filling up the DagBag from /home/airflow/.local/lib/python3.12/site-packages/airflow/example_dags/example_dataset_alias.py
[2026-08-08T01:37:39.959+0000] {processor.py:925} INFO - DAG(s) 'dataset_alias_example_alias_consumer', 'dataset_s3_bucket_consumer', 'dataset_s3_bucket_producer', 'dataset_alias_example_alias_producer' retrieved from /home/airflow/.local/lib/python3.12/site-packages/airflow/example_dags/example_dataset_alias.py
[2026-08-08T01:37:39.984+0000] {logging_mixin.py:190} INFO - [2026-08-08T01:37:39.983+0000] {dag.py:3239} INFO - Sync 4 DAGs
[2026-08-08T01:37:40.014+0000] {logging_mixin.py:190} INFO - [2026-08-08T01:37:40.013+0000] {dag.py:4180} INFO - Setting next_dagrun for dataset_alias_example_alias_consumer to None, run_after=None
[2026-08-08T01:37:40.017+0000] {logging_mixin.py:190} INFO - [2026-08-08T01:37:40.017+0000] {dag.py:4180} INFO - Setting next_dagrun for dataset_alias_example_alias_producer to None, run_after=None
[2026-08-08T01:37:40.019+0000] {logging_mixin.py:190} INFO - [2026-08-08T01:37:40.019+0000] {dag.py:4180} INFO - Setting next_dagrun for dataset_s3_bucket_consumer to None, run_after=None
[2026-08-08T01:37:40.022+0000] {logging_mixin.py:190} INFO - [2026-08-08T01:37:40.021+0000] {dag.py:4180} INFO - Setting next_dagrun for dataset_s3_bucket_producer to None, run_after=None
[2026-08-08T01:37:40.049+0000] {processor.py:208} INFO - Processing /home/airflow/.local/lib/python3.12/site-packages/airflow/example_dags/example_dataset_alias.py took 0.528 seconds
[2026-08-08T01:38:10.760+0000] {processor.py:186} INFO - Started process (PID=3738) to work on /home/airflow/.local/lib/python3.12/site-packages/airflow/example_dags/example_dataset_alias.py
[2026-08-08T01:38:10.761+0000] {processor.py:914} INFO - Processing file /home/airflow/.local/lib/python3.12/site-packages/airflow/example_dags/example_dataset_alias.py for tasks to queue
[2026-08-08T01:38:10.765+0000] {logging_mixin.py:190} INFO - [2026-08-08T01:38:10.765+0000] {dagbag.py:588} INFO - Filling up the DagBag from /home/airflow/.local/lib/python3.12/site-packages/airflow/example_dags/example_dataset_alias.py
[2026-08-08T01:38:11.325+0000] {processor.py:925} INFO - DAG(s) 'dataset_s3_bucket_consumer', 'dataset_s3_bucket_producer', 'dataset_alias_example_alias_producer', 'dataset_alias_example_alias_consumer' retrieved from /home/airflow/.local/lib/python3.12/site-packages/airflow/example_dags/example_dataset_alias.py
[2026-08-08T01:38:11.357+0000] {logging_mixin.py:190} INFO - [2026-08-08T01:38:11.356+0000] {dag.py:3239} INFO - Sync 4 DAGs
[2026-08-08T01:38:11.393+0000] {logging_mixin.py:190} INFO - [2026-08-08T01:38:11.392+0000] {dag.py:4180} INFO - Setting next_dagrun for dataset_alias_example_alias_consumer to None, run_after=None
[2026-08-08T01:38:11.397+0000] {logging_mixin.py:190} INFO - [2026-08-08T01:38:11.397+0000] {dag.py:4180} INFO - Setting next_dagrun for dataset_alias_example_alias_producer to None, run_after=None
[2026-08-08T01:38:11.400+0000] {logging_mixin.py:190} INFO - [2026-08-08T01:38:11.399+0000] {dag.py:4180} INFO - Setting next_dagrun for dataset_s3_bucket_consumer to None, run_after=None
[2026-08-08T01:38:11.402+0000] {logging_mixin.py:190} INFO - [2026-08-08T01:38:11.402+0000] {dag.py:4180} INFO - Setting next_dagrun for dataset_s3_bucket_producer to None, run_after=None
[2026-08-08T01:38:11.433+0000] {processor.py:208} INFO - Processing /home/airflow/.local/lib/python3.12/site-packages/airflow/example_dags/example_dataset_alias.py took 0.685 seconds
[2026-08-08T01:38:41.859+0000] {processor.py:186} INFO - Started process (PID=3803) to work on /home/airflow/.local/lib/python3.12/site-packages/airflow/example_dags/example_dataset_alias.py
[2026-08-08T01:38:41.860+0000] {processor.py:914} INFO - Processing file /home/airflow/.local/lib/python3.12/site-packages/airflow/example_dags/example_dataset_alias.py for tasks to queue
[2026-08-08T01:38:41.864+0000] {logging_mixin.py:190} INFO - [2026-08-08T01:38:41.863+0000] {dagbag.py:588} INFO - Filling up the DagBag from /home/airflow/.local/lib/python3.12/site-packages/airflow/example_dags/example_dataset_alias.py
[2026-08-08T01:38:42.443+0000] {processor.py:925} INFO - DAG(s) 'dataset_alias_example_alias_consumer', 'dataset_s3_bucket_consumer', 'dataset_alias_example_alias_producer', 'dataset_s3_bucket_producer' retrieved from /home/airflow/.local/lib/python3.12/site-packages/airflow/example_dags/example_dataset_alias.py
[2026-08-08T01:38:42.470+0000] {logging_mixin.py:190} INFO - [2026-08-08T01:38:42.469+0000] {dag.py:3239} INFO - Sync 4 DAGs
[2026-08-08T01:38:42.499+0000] {logging_mixin.py:190} INFO - [2026-08-08T01:38:42.499+0000] {dag.py:4180} INFO - Setting next_dagrun for dataset_alias_example_alias_consumer to None, run_after=None
[2026-08-08T01:38:42.502+0000] {logging_mixin.py:190} INFO - [2026-08-08T01:38:42.502+0000] {dag.py:4180} INFO - Setting next_dagrun for dataset_alias_example_alias_producer to None, run_after=None
[2026-08-08T01:38:42.505+0000] {logging_mixin.py:190} INFO - [2026-08-08T01:38:42.505+0000] {dag.py:4180} INFO - Setting next_dagrun for dataset_s3_bucket_consumer to None, run_after=None
[2026-08-08T01:38:42.507+0000] {logging_mixin.py:190} INFO - [2026-08-08T01:38:42.507+0000] {dag.py:4180} INFO - Setting next_dagrun for dataset_s3_bucket_producer to None, run_after=None
[2026-08-08T01:38:42.533+0000] {processor.py:208} INFO - Processing /home/airflow/.local/lib/python3.12/site-packages/airflow/example_dags/example_dataset_alias.py took 0.681 seconds
[2026-08-08T01:39:12.692+0000] {processor.py:186} INFO - Started process (PID=3868) to work on /home/airflow/.local/lib/python3.12/site-packages/airflow/example_dags/example_dataset_alias.py
[2026-08-08T01:39:12.694+0000] {processor.py:914} INFO - Processing file /home/airflow/.local/lib/python3.12/site-packages/airflow/example_dags/example_dataset_alias.py for tasks to queue
[2026-08-08T01:39:12.697+0000] {logging_mixin.py:190} INFO - [2026-08-08T01:39:12.696+0000] {dagbag.py:588} INFO - Filling up the DagBag from /home/airflow/.local/lib/python3.12/site-packages/airflow/example_dags/example_dataset_alias.py
[2026-08-08T01:39:13.132+0000] {processor.py:925} INFO - DAG(s) 'dataset_s3_bucket_consumer', 'dataset_alias_example_alias_consumer', 'dataset_alias_example_alias_producer', 'dataset_s3_bucket_producer' retrieved from /home/airflow/.local/lib/python3.12/site-packages/airflow/example_dags/example_dataset_alias.py
[2026-08-08T01:39:13.157+0000] {logging_mixin.py:190} INFO - [2026-08-08T01:39:13.157+0000] {dag.py:3239} INFO - Sync 4 DAGs
[2026-08-08T01:39:13.187+0000] {logging_mixin.py:190} INFO - [2026-08-08T01:39:13.187+0000] {dag.py:4180} INFO - Setting next_dagrun for dataset_alias_example_alias_consumer to None, run_after=None
[2026-08-08T01:39:13.191+0000] {logging_mixin.py:190} INFO - [2026-08-08T01:39:13.191+0000] {dag.py:4180} INFO - Setting next_dagrun for dataset_alias_example_alias_producer to None, run_after=None
[2026-08-08T01:39:13.193+0000] {logging_mixin.py:190} INFO - [2026-08-08T01:39:13.193+0000] {dag.py:4180} INFO - Setting next_dagrun for dataset_s3_bucket_consumer to None, run_after=None
[2026-08-08T01:39:13.195+0000] {logging_mixin.py:190} INFO - [2026-08-08T01:39:13.195+0000] {dag.py:4180} INFO - Setting next_dagrun for dataset_s3_bucket_producer to None, run_after=None
[2026-08-08T01:39:13.222+0000] {processor.py:208} INFO - Processing /home/airflow/.local/lib/python3.12/site-packages/airflow/example_dags/example_dataset_alias.py took 0.536 seconds
[2026-08-08T01:39:43.711+0000] {processor.py:186} INFO - Started process (PID=3933) to work on /home/airflow/.local/lib/python3.12/site-packages/airflow/example_dags/example_dataset_alias.py
[2026-08-08T01:39:43.712+0000] {processor.py:914} INFO - Processing file /home/airflow/.local/lib/python3.12/site-packages/airflow/example_dags/example_dataset_alias.py for tasks to queue
[2026-08-08T01:39:43.715+0000] {logging_mixin.py:190} INFO - [2026-08-08T01:39:43.715+0000] {dagbag.py:588} INFO - Filling up the DagBag from /home/airflow/.local/lib/python3.12/site-packages/airflow/example_dags/example_dataset_alias.py
[2026-08-08T01:39:44.204+0000] {processor.py:925} INFO - DAG(s) 'dataset_alias_example_alias_producer', 'dataset_alias_example_alias_consumer', 'dataset_s3_bucket_producer', 'dataset_s3_bucket_consumer' retrieved from /home/airflow/.local/lib/python3.12/site-packages/airflow/example_dags/example_dataset_alias.py
[2026-08-08T01:39:44.233+0000] {logging_mixin.py:190} INFO - [2026-08-08T01:39:44.232+0000] {dag.py:3239} INFO - Sync 4 DAGs
[2026-08-08T01:39:44.269+0000] {logging_mixin.py:190} INFO - [2026-08-08T01:39:44.269+0000] {dag.py:4180} INFO - Setting next_dagrun for dataset_alias_example_alias_consumer to None, run_after=None
[2026-08-08T01:39:44.274+0000] {logging_mixin.py:190} INFO - [2026-08-08T01:39:44.273+0000] {dag.py:4180} INFO - Setting next_dagrun for dataset_alias_example_alias_producer to None, run_after=None
[2026-08-08T01:39:44.276+0000] {logging_mixin.py:190} INFO - [2026-08-08T01:39:44.276+0000] {dag.py:4180} INFO - Setting next_dagrun for dataset_s3_bucket_consumer to None, run_after=None
[2026-08-08T01:39:44.278+0000] {logging_mixin.py:190} INFO - [2026-08-08T01:39:44.278+0000] {dag.py:4180} INFO - Setting next_dagrun for dataset_s3_bucket_producer to None, run_after=None
[2026-08-08T01:39:44.303+0000] {processor.py:208} INFO - Processing /home/airflow/.local/lib/python3.12/site-packages/airflow/example_dags/example_dataset_alias.py took 0.598 seconds
[2026-08-08T01:40:15.050+0000] {processor.py:186} INFO - Started process (PID=3998) to work on /home/airflow/.local/lib/python3.12/site-packages/airflow/example_dags/example_dataset_alias.py
[2026-08-08T01:40:15.052+0000] {processor.py:914} INFO - Processing file /home/airflow/.local/lib/python3.12/site-packages/airflow/example_dags/example_dataset_alias.py for tasks to queue
[2026-08-08T01:40:15.055+0000] {logging_mixin.py:190} INFO - [2026-08-08T01:40:15.054+0000] {dagbag.py:588} INFO - Filling up the DagBag from /home/airflow/.local/lib/python3.12/site-packages/airflow/example_dags/example_dataset_alias.py
[2026-08-08T01:40:15.481+0000] {processor.py:925} INFO - DAG(s) 'dataset_alias_example_alias_consumer', 'dataset_s3_bucket_producer', 'dataset_s3_bucket_consumer', 'dataset_alias_example_alias_producer' retrieved from /home/airflow/.local/lib/python3.12/site-packages/airflow/example_dags/example_dataset_alias.py
[2026-08-08T01:40:15.503+0000] {logging_mixin.py:190} INFO - [2026-08-08T01:40:15.503+0000] {dag.py:3239} INFO - Sync 4 DAGs
[2026-08-08T01:40:15.531+0000] {logging_mixin.py:190} INFO - [2026-08-08T01:40:15.531+0000] {dag.py:4180} INFO - Setting next_dagrun for dataset_alias_example_alias_consumer to None, run_after=None
[2026-08-08T01:40:15.535+0000] {logging_mixin.py:190} INFO - [2026-08-08T01:40:15.535+0000] {dag.py:4180} INFO - Setting next_dagrun for dataset_alias_example_alias_producer to None, run_after=None
[2026-08-08T01:40:15.537+0000] {logging_mixin.py:190} INFO - [2026-08-08T01:40:15.537+0000] {dag.py:4180} INFO - Setting next_dagrun for dataset_s3_bucket_consumer to None, run_after=None
[2026-08-08T01:40:15.539+0000] {logging_mixin.py:190} INFO - [2026-08-08T01:40:15.539+0000] {dag.py:4180} INFO - Setting next_dagrun for dataset_s3_bucket_producer to None, run_after=None
[2026-08-08T01:40:15.564+0000] {processor.py:208} INFO - Processing /home/airflow/.local/lib/python3.12/site-packages/airflow/example_dags/example_dataset_alias.py took 0.520 seconds
[2026-08-08T01:40:46.112+0000] {processor.py:186} INFO - Started process (PID=4063) to work on /home/airflow/.local/lib/python3.12/site-packages/airflow/example_dags/example_dataset_alias.py
[2026-08-08T01:40:46.114+0000] {processor.py:914} INFO - Processing file /home/airflow/.local/lib/python3.12/site-packages/airflow/example_dags/example_dataset_alias.py for tasks to queue
[2026-08-08T01:40:46.119+0000] {logging_mixin.py:190} INFO - [2026-08-08T01:40:46.119+0000] {dagbag.py:588} INFO - Filling up the DagBag from /home/airflow/.local/lib/python3.12/site-packages/airflow/example_dags/example_dataset_alias.py
[2026-08-08T01:40:46.822+0000] {processor.py:925} INFO - DAG(s) 'dataset_alias_example_alias_producer', 'dataset_s3_bucket_producer', 'dataset_s3_bucket_consumer', 'dataset_alias_example_alias_consumer' retrieved from /home/airflow/.local/lib/python3.12/site-packages/airflow/example_dags/example_dataset_alias.py
[2026-08-08T01:40:46.854+0000] {logging_mixin.py:190} INFO - [2026-08-08T01:40:46.853+0000] {dag.py:3239} INFO - Sync 4 DAGs
[2026-08-08T01:40:46.888+0000] {logging_mixin.py:190} INFO - [2026-08-08T01:40:46.887+0000] {dag.py:4180} INFO - Setting next_dagrun for dataset_alias_example_alias_consumer to None, run_after=None
[2026-08-08T01:40:46.893+0000] {logging_mixin.py:190} INFO - [2026-08-08T01:40:46.892+0000] {dag.py:4180} INFO - Setting next_dagrun for dataset_alias_example_alias_producer to None, run_after=None
[2026-08-08T01:40:46.897+0000] {logging_mixin.py:190} INFO - [2026-08-08T01:40:46.897+0000] {dag.py:4180} INFO - Setting next_dagrun for dataset_s3_bucket_consumer to None, run_after=None
[2026-08-08T01:40:46.900+0000] {logging_mixin.py:190} INFO - [2026-08-08T01:40:46.900+0000] {dag.py:4180} INFO - Setting next_dagrun for dataset_s3_bucket_producer to None, run_after=None
[2026-08-08T01:40:46.930+0000] {processor.py:208} INFO - Processing /home/airflow/.local/lib/python3.12/site-packages/airflow/example_dags/example_dataset_alias.py took 0.834 seconds
[2026-08-08T01:41:17.360+0000] {processor.py:186} INFO - Started process (PID=4128) to work on /home/airflow/.local/lib/python3.12/site-packages/airflow/example_dags/example_dataset_alias.py
[2026-08-08T01:41:17.362+0000] {processor.py:914} INFO - Processing file /home/airflow/.local/lib/python3.12/site-packages/airflow/example_dags/example_dataset_alias.py for tasks to queue
[2026-08-08T01:41:17.365+0000] {logging_mixin.py:190} INFO - [2026-08-08T01:41:17.365+0000] {dagbag.py:588} INFO - Filling up the DagBag from /home/airflow/.local/lib/python3.12/site-packages/airflow/example_dags/example_dataset_alias.py
[2026-08-08T01:41:17.841+0000] {processor.py:925} INFO - DAG(s) 'dataset_alias_example_alias_producer', 'dataset_alias_example_alias_consumer', 'dataset_s3_bucket_producer', 'dataset_s3_bucket_consumer' retrieved from /home/airflow/.local/lib/python3.12/site-packages/airflow/example_dags/example_dataset_alias.py
[2026-08-08T01:41:17.871+0000] {logging_mixin.py:190} INFO - [2026-08-08T01:41:17.870+0000] {dag.py:3239} INFO - Sync 4 DAGs
[2026-08-08T01:41:17.903+0000] {logging_mixin.py:190} INFO - [2026-08-08T01:41:17.903+0000] {dag.py:4180} INFO - Setting next_dagrun for dataset_alias_example_alias_consumer to None, run_after=None
[2026-08-08T01:41:17.908+0000] {logging_mixin.py:190} INFO - [2026-08-08T01:41:17.908+0000] {dag.py:4180} INFO - Setting next_dagrun for dataset_alias_example_alias_producer to None, run_after=None
[2026-08-08T01:41:17.913+0000] {logging_mixin.py:190} INFO - [2026-08-08T01:41:17.913+0000] {dag.py:4180} INFO - Setting next_dagrun for dataset_s3_bucket_consumer to None, run_after=None
[2026-08-08T01:41:17.915+0000] {logging_mixin.py:190} INFO - [2026-08-08T01:41:17.915+0000] {dag.py:4180} INFO - Setting next_dagrun for dataset_s3_bucket_producer to None, run_after=None
[2026-08-08T01:41:17.955+0000] {processor.py:208} INFO - Processing /home/airflow/.local/lib/python3.12/site-packages/airflow/example_dags/example_dataset_alias.py took 0.603 seconds
[2026-08-08T01:41:48.447+0000] {processor.py:186} INFO - Started process (PID=4193) to work on /home/airflow/.local/lib/python3.12/site-packages/airflow/example_dags/example_dataset_alias.py
[2026-08-08T01:41:48.448+0000] {processor.py:914} INFO - Processing file /home/airflow/.local/lib/python3.12/site-packages/airflow/example_dags/example_dataset_alias.py for tasks to queue
[2026-08-08T01:41:48.452+0000] {logging_mixin.py:190} INFO - [2026-08-08T01:41:48.452+0000] {dagbag.py:588} INFO - Filling up the DagBag from /home/airflow/.local/lib/python3.12/site-packages/airflow/example_dags/example_dataset_alias.py
[2026-08-08T01:41:48.949+0000] {processor.py:925} INFO - DAG(s) 'dataset_s3_bucket_consumer', 'dataset_alias_example_alias_consumer', 'dataset_s3_bucket_producer', 'dataset_alias_example_alias_producer' retrieved from /home/airflow/.local/lib/python3.12/site-packages/airflow/example_dags/example_dataset_alias.py
[2026-08-08T01:41:48.987+0000] {logging_mixin.py:190} INFO - [2026-08-08T01:41:48.986+0000] {dag.py:3239} INFO - Sync 4 DAGs
[2026-08-08T01:41:49.026+0000] {logging_mixin.py:190} INFO - [2026-08-08T01:41:49.025+0000] {dag.py:4180} INFO - Setting next_dagrun for dataset_alias_example_alias_consumer to None, run_after=None
[2026-08-08T01:41:49.030+0000] {logging_mixin.py:190} INFO - [2026-08-08T01:41:49.029+0000] {dag.py:4180} INFO - Setting next_dagrun for dataset_alias_example_alias_producer to None, run_after=None
[2026-08-08T01:41:49.034+0000] {logging_mixin.py:190} INFO - [2026-08-08T01:41:49.034+0000] {dag.py:4180} INFO - Setting next_dagrun for dataset_s3_bucket_consumer to None, run_after=None
[2026-08-08T01:41:49.036+0000] {logging_mixin.py:190} INFO - [2026-08-08T01:41:49.036+0000] {dag.py:4180} INFO - Setting next_dagrun for dataset_s3_bucket_producer to None, run_after=None
[2026-08-08T01:41:49.066+0000] {processor.py:208} INFO - Processing /home/airflow/.local/lib/python3.12/site-packages/airflow/example_dags/example_dataset_alias.py took 0.628 seconds
[2026-08-08T01:42:19.775+0000] {processor.py:186} INFO - Started process (PID=4258) to work on /home/airflow/.local/lib/python3.12/site-packages/airflow/example_dags/example_dataset_alias.py
[2026-08-08T01:42:19.777+0000] {processor.py:914} INFO - Processing file /home/airflow/.local/lib/python3.12/site-packages/airflow/example_dags/example_dataset_alias.py for tasks to queue
[2026-08-08T01:42:19.781+0000] {logging_mixin.py:190} INFO - [2026-08-08T01:42:19.780+0000] {dagbag.py:588} INFO - Filling up the DagBag from /home/airflow/.local/lib/python3.12/site-packages/airflow/example_dags/example_dataset_alias.py
[2026-08-08T01:42:20.244+0000] {processor.py:925} INFO - DAG(s) 'dataset_alias_example_alias_consumer', 'dataset_s3_bucket_producer', 'dataset_s3_bucket_consumer', 'dataset_alias_example_alias_producer' retrieved from /home/airflow/.local/lib/python3.12/site-packages/airflow/example_dags/example_dataset_alias.py
[2026-08-08T01:42:20.271+0000] {logging_mixin.py:190} INFO - [2026-08-08T01:42:20.271+0000] {dag.py:3239} INFO - Sync 4 DAGs
[2026-08-08T01:42:20.300+0000] {logging_mixin.py:190} INFO - [2026-08-08T01:42:20.300+0000] {dag.py:4180} INFO - Setting next_dagrun for dataset_alias_example_alias_consumer to None, run_after=None
[2026-08-08T01:42:20.304+0000] {logging_mixin.py:190} INFO - [2026-08-08T01:42:20.304+0000] {dag.py:4180} INFO - Setting next_dagrun for dataset_alias_example_alias_producer to None, run_after=None
[2026-08-08T01:42:20.309+0000] {logging_mixin.py:190} INFO - [2026-08-08T01:42:20.309+0000] {dag.py:4180} INFO - Setting next_dagrun for dataset_s3_bucket_consumer to None, run_after=None
[2026-08-08T01:42:20.311+0000] {logging_mixin.py:190} INFO - [2026-08-08T01:42:20.311+0000] {dag.py:4180} INFO - Setting next_dagrun for dataset_s3_bucket_producer to None, run_after=None
[2026-08-08T01:42:20.339+0000] {processor.py:208} INFO - Processing /home/airflow/.local/lib/python3.12/site-packages/airflow/example_dags/example_dataset_alias.py took 0.573 seconds
[2026-08-08T01:42:50.437+0000] {processor.py:186} INFO - Started process (PID=4323) to work on /home/airflow/.local/lib/python3.12/site-packages/airflow/example_dags/example_dataset_alias.py
[2026-08-08T01:42:50.438+0000] {processor.py:914} INFO - Processing file /home/airflow/.local/lib/python3.12/site-packages/airflow/example_dags/example_dataset_alias.py for tasks to queue
[2026-08-08T01:42:50.442+0000] {logging_mixin.py:190} INFO - [2026-08-08T01:42:50.442+0000] {dagbag.py:588} INFO - Filling up the DagBag from /home/airflow/.local/lib/python3.12/site-packages/airflow/example_dags/example_dataset_alias.py
[2026-08-08T01:42:50.889+0000] {processor.py:925} INFO - DAG(s) 'dataset_s3_bucket_producer', 'dataset_alias_example_alias_consumer', 'dataset_alias_example_alias_producer', 'dataset_s3_bucket_consumer' retrieved from /home/airflow/.local/lib/python3.12/site-packages/airflow/example_dags/example_dataset_alias.py
[2026-08-08T01:42:50.924+0000] {logging_mixin.py:190} INFO - [2026-08-08T01:42:50.923+0000] {dag.py:3239} INFO - Sync 4 DAGs
[2026-08-08T01:42:50.965+0000] {logging_mixin.py:190} INFO - [2026-08-08T01:42:50.965+0000] {dag.py:4180} INFO - Setting next_dagrun for dataset_alias_example_alias_consumer to None, run_after=None
[2026-08-08T01:42:50.970+0000] {logging_mixin.py:190} INFO - [2026-08-08T01:42:50.969+0000] {dag.py:4180} INFO - Setting next_dagrun for dataset_alias_example_alias_producer to None, run_after=None
[2026-08-08T01:42:50.973+0000] {logging_mixin.py:190} INFO - [2026-08-08T01:42:50.973+0000] {dag.py:4180} INFO - Setting next_dagrun for dataset_s3_bucket_consumer to None, run_after=None
[2026-08-08T01:42:50.977+0000] {logging_mixin.py:190} INFO - [2026-08-08T01:42:50.976+0000] {dag.py:4180} INFO - Setting next_dagrun for dataset_s3_bucket_producer to None, run_after=None
[2026-08-08T01:42:51.021+0000] {processor.py:208} INFO - Processing /home/airflow/.local/lib/python3.12/site-packages/airflow/example_dags/example_dataset_alias.py took 0.590 seconds
[2026-08-08T01:43:21.534+0000] {processor.py:186} INFO - Started process (PID=4388) to work on /home/airflow/.local/lib/python3.12/site-packages/airflow/example_dags/example_dataset_alias.py
[2026-08-08T01:43:21.535+0000] {processor.py:914} INFO - Processing file /home/airflow/.local/lib/python3.12/site-packages/airflow/example_dags/example_dataset_alias.py for tasks to queue
[2026-08-08T01:43:21.538+0000] {logging_mixin.py:190} INFO - [2026-08-08T01:43:21.537+0000] {dagbag.py:588} INFO - Filling up the DagBag from /home/airflow/.local/lib/python3.12/site-packages/airflow/example_dags/example_dataset_alias.py
[2026-08-08T01:43:21.964+0000] {processor.py:925} INFO - DAG(s) 'dataset_alias_example_alias_consumer', 'dataset_s3_bucket_producer', 'dataset_alias_example_alias_producer', 'dataset_s3_bucket_consumer' retrieved from /home/airflow/.local/lib/python3.12/site-packages/airflow/example_dags/example_dataset_alias.py
[2026-08-08T01:43:21.992+0000] {logging_mixin.py:190} INFO - [2026-08-08T01:43:21.992+0000] {dag.py:3239} INFO - Sync 4 DAGs
[2026-08-08T01:43:22.042+0000] {logging_mixin.py:190} INFO - [2026-08-08T01:43:22.042+0000] {dag.py:4180} INFO - Setting next_dagrun for dataset_alias_example_alias_consumer to None, run_after=None
[2026-08-08T01:43:22.050+0000] {logging_mixin.py:190} INFO - [2026-08-08T01:43:22.049+0000] {dag.py:4180} INFO - Setting next_dagrun for dataset_alias_example_alias_producer to None, run_after=None
[2026-08-08T01:43:22.054+0000] {logging_mixin.py:190} INFO - [2026-08-08T01:43:22.054+0000] {dag.py:4180} INFO - Setting next_dagrun for dataset_s3_bucket_consumer to None, run_after=None
[2026-08-08T01:43:22.058+0000] {logging_mixin.py:190} INFO - [2026-08-08T01:43:22.057+0000] {dag.py:4180} INFO - Setting next_dagrun for dataset_s3_bucket_producer to None, run_after=None
[2026-08-08T01:43:22.118+0000] {processor.py:208} INFO - Processing /home/airflow/.local/lib/python3.12/site-packages/airflow/example_dags/example_dataset_alias.py took 0.590 seconds
[2026-08-08T01:43:52.619+0000] {processor.py:186} INFO - Started process (PID=4453) to work on /home/airflow/.local/lib/python3.12/site-packages/airflow/example_dags/example_dataset_alias.py
[2026-08-08T01:43:52.620+0000] {processor.py:914} INFO - Processing file /home/airflow/.local/lib/python3.12/site-packages/airflow/example_dags/example_dataset_alias.py for tasks to queue
[2026-08-08T01:43:52.624+0000] {logging_mixin.py:190} INFO - [2026-08-08T01:43:52.623+0000] {dagbag.py:588} INFO - Filling up the DagBag from /home/airflow/.local/lib/python3.12/site-packages/airflow/example_dags/example_dataset_alias.py
[2026-08-08T01:43:53.137+0000] {processor.py:925} INFO - DAG(s) 'dataset_s3_bucket_producer', 'dataset_alias_example_alias_consumer', 'dataset_alias_example_alias_producer', 'dataset_s3_bucket_consumer' retrieved from /home/airflow/.local/lib/python3.12/site-packages/airflow/example_dags/example_dataset_alias.py
[2026-08-08T01:43:53.164+0000] {logging_mixin.py:190} INFO - [2026-08-08T01:43:53.164+0000] {dag.py:3239} INFO - Sync 4 DAGs
[2026-08-08T01:43:53.195+0000] {logging_mixin.py:190} INFO - [2026-08-08T01:43:53.195+0000] {dag.py:4180} INFO - Setting next_dagrun for dataset_alias_example_alias_consumer to None, run_after=None
[2026-08-08T01:43:53.200+0000] {logging_mixin.py:190} INFO - [2026-08-08T01:43:53.200+0000] {dag.py:4180} INFO - Setting next_dagrun for dataset_alias_example_alias_producer to None, run_after=None
[2026-08-08T01:43:53.203+0000] {logging_mixin.py:190} INFO - [2026-08-08T01:43:53.203+0000] {dag.py:4180} INFO - Setting next_dagrun for dataset_s3_bucket_consumer to None, run_after=None
[2026-08-08T01:43:53.205+0000] {logging_mixin.py:190} INFO - [2026-08-08T01:43:53.205+0000] {dag.py:4180} INFO - Setting next_dagrun for dataset_s3_bucket_producer to None, run_after=None
[2026-08-08T01:43:53.234+0000] {processor.py:208} INFO - Processing /home/airflow/.local/lib/python3.12/site-packages/airflow/example_dags/example_dataset_alias.py took 0.623 seconds
[2026-08-08T01:44:23.608+0000] {processor.py:186} INFO - Started process (PID=4519) to work on /home/airflow/.local/lib/python3.12/site-packages/airflow/example_dags/example_dataset_alias.py
[2026-08-08T01:44:23.609+0000] {processor.py:914} INFO - Processing file /home/airflow/.local/lib/python3.12/site-packages/airflow/example_dags/example_dataset_alias.py for tasks to queue
[2026-08-08T01:44:23.613+0000] {logging_mixin.py:190} INFO - [2026-08-08T01:44:23.612+0000] {dagbag.py:588} INFO - Filling up the DagBag from /home/airflow/.local/lib/python3.12/site-packages/airflow/example_dags/example_dataset_alias.py
[2026-08-08T01:44:24.105+0000] {processor.py:925} INFO - DAG(s) 'dataset_alias_example_alias_producer', 'dataset_s3_bucket_producer', 'dataset_alias_example_alias_consumer', 'dataset_s3_bucket_consumer' retrieved from /home/airflow/.local/lib/python3.12/site-packages/airflow/example_dags/example_dataset_alias.py
[2026-08-08T01:44:24.137+0000] {logging_mixin.py:190} INFO - [2026-08-08T01:44:24.136+0000] {dag.py:3239} INFO - Sync 4 DAGs
[2026-08-08T01:44:24.179+0000] {logging_mixin.py:190} INFO - [2026-08-08T01:44:24.178+0000] {dag.py:4180} INFO - Setting next_dagrun for dataset_alias_example_alias_consumer to None, run_after=None
[2026-08-08T01:44:24.183+0000] {logging_mixin.py:190} INFO - [2026-08-08T01:44:24.182+0000] {dag.py:4180} INFO - Setting next_dagrun for dataset_alias_example_alias_producer to None, run_after=None
[2026-08-08T01:44:24.186+0000] {logging_mixin.py:190} INFO - [2026-08-08T01:44:24.185+0000] {dag.py:4180} INFO - Setting next_dagrun for dataset_s3_bucket_consumer to None, run_after=None
[2026-08-08T01:44:24.188+0000] {logging_mixin.py:190} INFO - [2026-08-08T01:44:24.188+0000] {dag.py:4180} INFO - Setting next_dagrun for dataset_s3_bucket_producer to None, run_after=None
[2026-08-08T01:44:24.225+0000] {processor.py:208} INFO - Processing /home/airflow/.local/lib/python3.12/site-packages/airflow/example_dags/example_dataset_alias.py took 0.626 seconds
[2026-08-08T01:44:54.879+0000] {processor.py:186} INFO - Started process (PID=4584) to work on /home/airflow/.local/lib/python3.12/site-packages/airflow/example_dags/example_dataset_alias.py
[2026-08-08T01:44:54.881+0000] {processor.py:914} INFO - Processing file /home/airflow/.local/lib/python3.12/site-packages/airflow/example_dags/example_dataset_alias.py for tasks to queue
[2026-08-08T01:44:54.884+0000] {logging_mixin.py:190} INFO - [2026-08-08T01:44:54.883+0000] {dagbag.py:588} INFO - Filling up the DagBag from /home/airflow/.local/lib/python3.12/site-packages/airflow/example_dags/example_dataset_alias.py
[2026-08-08T01:44:55.309+0000] {processor.py:925} INFO - DAG(s) 'dataset_alias_example_alias_consumer', 'dataset_s3_bucket_producer', 'dataset_alias_example_alias_producer', 'dataset_s3_bucket_consumer' retrieved from /home/airflow/.local/lib/python3.12/site-packages/airflow/example_dags/example_dataset_alias.py
[2026-08-08T01:44:55.334+0000] {logging_mixin.py:190} INFO - [2026-08-08T01:44:55.334+0000] {dag.py:3239} INFO - Sync 4 DAGs
[2026-08-08T01:44:55.363+0000] {logging_mixin.py:190} INFO - [2026-08-08T01:44:55.363+0000] {dag.py:4180} INFO - Setting next_dagrun for dataset_alias_example_alias_consumer to None, run_after=None
[2026-08-08T01:44:55.367+0000] {logging_mixin.py:190} INFO - [2026-08-08T01:44:55.366+0000] {dag.py:4180} INFO - Setting next_dagrun for dataset_alias_example_alias_producer to None, run_after=None
[2026-08-08T01:44:55.369+0000] {logging_mixin.py:190} INFO - [2026-08-08T01:44:55.368+0000] {dag.py:4180} INFO - Setting next_dagrun for dataset_s3_bucket_consumer to None, run_after=None
[2026-08-08T01:44:55.371+0000] {logging_mixin.py:190} INFO - [2026-08-08T01:44:55.370+0000] {dag.py:4180} INFO - Setting next_dagrun for dataset_s3_bucket_producer to None, run_after=None
[2026-08-08T01:44:55.395+0000] {processor.py:208} INFO - Processing /home/airflow/.local/lib/python3.12/site-packages/airflow/example_dags/example_dataset_alias.py took 0.522 seconds
[2026-08-08T01:45:26.042+0000] {processor.py:186} INFO - Started process (PID=4649) to work on /home/airflow/.local/lib/python3.12/site-packages/airflow/example_dags/example_dataset_alias.py
[2026-08-08T01:45:26.044+0000] {processor.py:914} INFO - Processing file /home/airflow/.local/lib/python3.12/site-packages/airflow/example_dags/example_dataset_alias.py for tasks to queue
[2026-08-08T01:45:26.047+0000] {logging_mixin.py:190} INFO - [2026-08-08T01:45:26.046+0000] {dagbag.py:588} INFO - Filling up the DagBag from /home/airflow/.local/lib/python3.12/site-packages/airflow/example_dags/example_dataset_alias.py
[2026-08-08T01:45:26.489+0000] {processor.py:925} INFO - DAG(s) 'dataset_s3_bucket_producer', 'dataset_alias_example_alias_consumer', 'dataset_alias_example_alias_producer', 'dataset_s3_bucket_consumer' retrieved from /home/airflow/.local/lib/python3.12/site-packages/airflow/example_dags/example_dataset_alias.py
[2026-08-08T01:45:26.513+0000] {logging_mixin.py:190} INFO - [2026-08-08T01:45:26.513+0000] {dag.py:3239} INFO - Sync 4 DAGs
[2026-08-08T01:45:26.543+0000] {logging_mixin.py:190} INFO - [2026-08-08T01:45:26.542+0000] {dag.py:4180} INFO - Setting next_dagrun for dataset_alias_example_alias_consumer to None, run_after=None
[2026-08-08T01:45:26.546+0000] {logging_mixin.py:190} INFO - [2026-08-08T01:45:26.546+0000] {dag.py:4180} INFO - Setting next_dagrun for dataset_alias_example_alias_producer to None, run_after=None
[2026-08-08T01:45:26.549+0000] {logging_mixin.py:190} INFO - [2026-08-08T01:45:26.548+0000] {dag.py:4180} INFO - Setting next_dagrun for dataset_s3_bucket_consumer to None, run_after=None
[2026-08-08T01:45:26.551+0000] {logging_mixin.py:190} INFO - [2026-08-08T01:45:26.550+0000] {dag.py:4180} INFO - Setting next_dagrun for dataset_s3_bucket_producer to None, run_after=None
[2026-08-08T01:45:26.575+0000] {processor.py:208} INFO - Processing /home/airflow/.local/lib/python3.12/site-packages/airflow/example_dags/example_dataset_alias.py took 0.540 seconds
[2026-08-08T01:45:57.554+0000] {processor.py:186} INFO - Started process (PID=4722) to work on /home/airflow/.local/lib/python3.12/site-packages/airflow/example_dags/example_dataset_alias.py
[2026-08-08T01:45:57.555+0000] {processor.py:914} INFO - Processing file /home/airflow/.local/lib/python3.12/site-packages/airflow/example_dags/example_dataset_alias.py for tasks to queue
[2026-08-08T01:45:57.558+0000] {logging_mixin.py:190} INFO - [2026-08-08T01:45:57.557+0000] {dagbag.py:588} INFO - Filling up the DagBag from /home/airflow/.local/lib/python3.12/site-packages/airflow/example_dags/example_dataset_alias.py
[2026-08-08T01:45:57.964+0000] {processor.py:925} INFO - DAG(s) 'dataset_s3_bucket_consumer', 'dataset_alias_example_alias_producer', 'dataset_alias_example_alias_consumer', 'dataset_s3_bucket_producer' retrieved from /home/airflow/.local/lib/python3.12/site-packages/airflow/example_dags/example_dataset_alias.py
[2026-08-08T01:45:57.988+0000] {logging_mixin.py:190} INFO - [2026-08-08T01:45:57.988+0000] {dag.py:3239} INFO - Sync 4 DAGs
[2026-08-08T01:45:58.014+0000] {logging_mixin.py:190} INFO - [2026-08-08T01:45:58.014+0000] {dag.py:4180} INFO - Setting next_dagrun for dataset_alias_example_alias_consumer to None, run_after=None
[2026-08-08T01:45:58.018+0000] {logging_mixin.py:190} INFO - [2026-08-08T01:45:58.018+0000] {dag.py:4180} INFO - Setting next_dagrun for dataset_alias_example_alias_producer to None, run_after=None
[2026-08-08T01:45:58.020+0000] {logging_mixin.py:190} INFO - [2026-08-08T01:45:58.020+0000] {dag.py:4180} INFO - Setting next_dagrun for dataset_s3_bucket_consumer to None, run_after=None
[2026-08-08T01:45:58.022+0000] {logging_mixin.py:190} INFO - [2026-08-08T01:45:58.022+0000] {dag.py:4180} INFO - Setting next_dagrun for dataset_s3_bucket_producer to None, run_after=None
[2026-08-08T01:45:58.049+0000] {processor.py:208} INFO - Processing /home/airflow/.local/lib/python3.12/site-packages/airflow/example_dags/example_dataset_alias.py took 0.502 seconds
[2026-08-08T01:46:28.097+0000] {processor.py:186} INFO - Started process (PID=4789) to work on /home/airflow/.local/lib/python3.12/site-packages/airflow/example_dags/example_dataset_alias.py
[2026-08-08T01:46:28.098+0000] {processor.py:914} INFO - Processing file /home/airflow/.local/lib/python3.12/site-packages/airflow/example_dags/example_dataset_alias.py for tasks to queue
[2026-08-08T01:46:28.102+0000] {logging_mixin.py:190} INFO - [2026-08-08T01:46:28.101+0000] {dagbag.py:588} INFO - Filling up the DagBag from /home/airflow/.local/lib/python3.12/site-packages/airflow/example_dags/example_dataset_alias.py
[2026-08-08T01:46:28.535+0000] {processor.py:925} INFO - DAG(s) 'dataset_alias_example_alias_consumer', 'dataset_alias_example_alias_producer', 'dataset_s3_bucket_consumer', 'dataset_s3_bucket_producer' retrieved from /home/airflow/.local/lib/python3.12/site-packages/airflow/example_dags/example_dataset_alias.py
[2026-08-08T01:46:28.558+0000] {logging_mixin.py:190} INFO - [2026-08-08T01:46:28.558+0000] {dag.py:3239} INFO - Sync 4 DAGs
[2026-08-08T01:46:28.584+0000] {logging_mixin.py:190} INFO - [2026-08-08T01:46:28.584+0000] {dag.py:4180} INFO - Setting next_dagrun for dataset_alias_example_alias_consumer to None, run_after=None
[2026-08-08T01:46:28.587+0000] {logging_mixin.py:190} INFO - [2026-08-08T01:46:28.587+0000] {dag.py:4180} INFO - Setting next_dagrun for dataset_alias_example_alias_producer to None, run_after=None
[2026-08-08T01:46:28.589+0000] {logging_mixin.py:190} INFO - [2026-08-08T01:46:28.589+0000] {dag.py:4180} INFO - Setting next_dagrun for dataset_s3_bucket_consumer to None, run_after=None
[2026-08-08T01:46:28.591+0000] {logging_mixin.py:190} INFO - [2026-08-08T01:46:28.591+0000] {dag.py:4180} INFO - Setting next_dagrun for dataset_s3_bucket_producer to None, run_after=None
[2026-08-08T01:46:28.617+0000] {processor.py:208} INFO - Processing /home/airflow/.local/lib/python3.12/site-packages/airflow/example_dags/example_dataset_alias.py took 0.528 seconds
[2026-08-08T01:46:59.261+0000] {processor.py:186} INFO - Started process (PID=4853) to work on /home/airflow/.local/lib/python3.12/site-packages/airflow/example_dags/example_dataset_alias.py
[2026-08-08T01:46:59.263+0000] {processor.py:914} INFO - Processing file /home/airflow/.local/lib/python3.12/site-packages/airflow/example_dags/example_dataset_alias.py for tasks to queue
[2026-08-08T01:46:59.265+0000] {logging_mixin.py:190} INFO - [2026-08-08T01:46:59.265+0000] {dagbag.py:588} INFO - Filling up the DagBag from /home/airflow/.local/lib/python3.12/site-packages/airflow/example_dags/example_dataset_alias.py
[2026-08-08T01:46:59.694+0000] {processor.py:925} INFO - DAG(s) 'dataset_s3_bucket_producer', 'dataset_alias_example_alias_consumer', 'dataset_s3_bucket_consumer', 'dataset_alias_example_alias_producer' retrieved from /home/airflow/.local/lib/python3.12/site-packages/airflow/example_dags/example_dataset_alias.py
[2026-08-08T01:46:59.721+0000] {logging_mixin.py:190} INFO - [2026-08-08T01:46:59.720+0000] {dag.py:3239} INFO - Sync 4 DAGs
[2026-08-08T01:46:59.748+0000] {logging_mixin.py:190} INFO - [2026-08-08T01:46:59.747+0000] {dag.py:4180} INFO - Setting next_dagrun for dataset_alias_example_alias_consumer to None, run_after=None
[2026-08-08T01:46:59.752+0000] {logging_mixin.py:190} INFO - [2026-08-08T01:46:59.751+0000] {dag.py:4180} INFO - Setting next_dagrun for dataset_alias_example_alias_producer to None, run_after=None
[2026-08-08T01:46:59.754+0000] {logging_mixin.py:190} INFO - [2026-08-08T01:46:59.754+0000] {dag.py:4180} INFO - Setting next_dagrun for dataset_s3_bucket_consumer to None, run_after=None
[2026-08-08T01:46:59.756+0000] {logging_mixin.py:190} INFO - [2026-08-08T01:46:59.756+0000] {dag.py:4180} INFO - Setting next_dagrun for dataset_s3_bucket_producer to None, run_after=None
[2026-08-08T01:46:59.782+0000] {processor.py:208} INFO - Processing /home/airflow/.local/lib/python3.12/site-packages/airflow/example_dags/example_dataset_alias.py took 0.527 seconds
[2026-08-08T01:47:29.834+0000] {processor.py:186} INFO - Started process (PID=4918) to work on /home/airflow/.local/lib/python3.12/site-packages/airflow/example_dags/example_dataset_alias.py
[2026-08-08T01:47:29.835+0000] {processor.py:914} INFO - Processing file /home/airflow/.local/lib/python3.12/site-packages/airflow/example_dags/example_dataset_alias.py for tasks to queue
[2026-08-08T01:47:29.839+0000] {logging_mixin.py:190} INFO - [2026-08-08T01:47:29.838+0000] {dagbag.py:588} INFO - Filling up the DagBag from /home/airflow/.local/lib/python3.12/site-packages/airflow/example_dags/example_dataset_alias.py
[2026-08-08T01:47:30.320+0000] {processor.py:925} INFO - DAG(s) 'dataset_s3_bucket_consumer', 'dataset_alias_example_alias_consumer', 'dataset_alias_example_alias_producer', 'dataset_s3_bucket_producer' retrieved from /home/airflow/.local/lib/python3.12/site-packages/airflow/example_dags/example_dataset_alias.py
[2026-08-08T01:47:30.350+0000] {logging_mixin.py:190} INFO - [2026-08-08T01:47:30.349+0000] {dag.py:3239} INFO - Sync 4 DAGs
[2026-08-08T01:47:30.382+0000] {logging_mixin.py:190} INFO - [2026-08-08T01:47:30.381+0000] {dag.py:4180} INFO - Setting next_dagrun for dataset_alias_example_alias_consumer to None, run_after=None
[2026-08-08T01:47:30.387+0000] {logging_mixin.py:190} INFO - [2026-08-08T01:47:30.386+0000] {dag.py:4180} INFO - Setting next_dagrun for dataset_alias_example_alias_producer to None, run_after=None
[2026-08-08T01:47:30.389+0000] {logging_mixin.py:190} INFO - [2026-08-08T01:47:30.389+0000] {dag.py:4180} INFO - Setting next_dagrun for dataset_s3_bucket_consumer to None, run_after=None
[2026-08-08T01:47:30.392+0000] {logging_mixin.py:190} INFO - [2026-08-08T01:47:30.391+0000] {dag.py:4180} INFO - Setting next_dagrun for dataset_s3_bucket_producer to None, run_after=None
[2026-08-08T01:47:30.420+0000] {processor.py:208} INFO - Processing /home/airflow/.local/lib/python3.12/site-packages/airflow/example_dags/example_dataset_alias.py took 0.595 seconds
[2026-08-08T01:48:00.837+0000] {processor.py:186} INFO - Started process (PID=4981) to work on /home/airflow/.local/lib/python3.12/site-packages/airflow/example_dags/example_dataset_alias.py
[2026-08-08T01:48:00.839+0000] {processor.py:914} INFO - Processing file /home/airflow/.local/lib/python3.12/site-packages/airflow/example_dags/example_dataset_alias.py for tasks to queue
[2026-08-08T01:48:00.842+0000] {logging_mixin.py:190} INFO - [2026-08-08T01:48:00.842+0000] {dagbag.py:588} INFO - Filling up the DagBag from /home/airflow/.local/lib/python3.12/site-packages/airflow/example_dags/example_dataset_alias.py
[2026-08-08T01:48:01.335+0000] {processor.py:925} INFO - DAG(s) 'dataset_alias_example_alias_producer', 'dataset_s3_bucket_consumer', 'dataset_alias_example_alias_consumer', 'dataset_s3_bucket_producer' retrieved from /home/airflow/.local/lib/python3.12/site-packages/airflow/example_dags/example_dataset_alias.py
[2026-08-08T01:48:01.364+0000] {logging_mixin.py:190} INFO - [2026-08-08T01:48:01.364+0000] {dag.py:3239} INFO - Sync 4 DAGs
[2026-08-08T01:48:01.392+0000] {logging_mixin.py:190} INFO - [2026-08-08T01:48:01.392+0000] {dag.py:4180} INFO - Setting next_dagrun for dataset_alias_example_alias_consumer to None, run_after=None
[2026-08-08T01:48:01.397+0000] {logging_mixin.py:190} INFO - [2026-08-08T01:48:01.396+0000] {dag.py:4180} INFO - Setting next_dagrun for dataset_alias_example_alias_producer to None, run_after=None
[2026-08-08T01:48:01.399+0000] {logging_mixin.py:190} INFO - [2026-08-08T01:48:01.399+0000] {dag.py:4180} INFO - Setting next_dagrun for dataset_s3_bucket_consumer to None, run_after=None
[2026-08-08T01:48:01.401+0000] {logging_mixin.py:190} INFO - [2026-08-08T01:48:01.401+0000] {dag.py:4180} INFO - Setting next_dagrun for dataset_s3_bucket_producer to None, run_after=None
[2026-08-08T01:48:01.427+0000] {processor.py:208} INFO - Processing /home/airflow/.local/lib/python3.12/site-packages/airflow/example_dags/example_dataset_alias.py took 0.596 seconds
[2026-08-08T01:48:32.795+0000] {processor.py:186} INFO - Started process (PID=5051) to work on /home/airflow/.local/lib/python3.12/site-packages/airflow/example_dags/example_dataset_alias.py
[2026-08-08T01:48:32.796+0000] {processor.py:914} INFO - Processing file /home/airflow/.local/lib/python3.12/site-packages/airflow/example_dags/example_dataset_alias.py for tasks to queue
[2026-08-08T01:48:32.799+0000] {logging_mixin.py:190} INFO - [2026-08-08T01:48:32.799+0000] {dagbag.py:588} INFO - Filling up the DagBag from /home/airflow/.local/lib/python3.12/site-packages/airflow/example_dags/example_dataset_alias.py
[2026-08-08T01:48:33.233+0000] {processor.py:925} INFO - DAG(s) 'dataset_alias_example_alias_consumer', 'dataset_s3_bucket_producer', 'dataset_s3_bucket_consumer', 'dataset_alias_example_alias_producer' retrieved from /home/airflow/.local/lib/python3.12/site-packages/airflow/example_dags/example_dataset_alias.py
[2026-08-08T01:48:33.258+0000] {logging_mixin.py:190} INFO - [2026-08-08T01:48:33.258+0000] {dag.py:3239} INFO - Sync 4 DAGs
[2026-08-08T01:48:33.284+0000] {logging_mixin.py:190} INFO - [2026-08-08T01:48:33.284+0000] {dag.py:4180} INFO - Setting next_dagrun for dataset_alias_example_alias_consumer to None, run_after=None
[2026-08-08T01:48:33.288+0000] {logging_mixin.py:190} INFO - [2026-08-08T01:48:33.287+0000] {dag.py:4180} INFO - Setting next_dagrun for dataset_alias_example_alias_producer to None, run_after=None
[2026-08-08T01:48:33.290+0000] {logging_mixin.py:190} INFO - [2026-08-08T01:48:33.290+0000] {dag.py:4180} INFO - Setting next_dagrun for dataset_s3_bucket_consumer to None, run_after=None
[2026-08-08T01:48:33.292+0000] {logging_mixin.py:190} INFO - [2026-08-08T01:48:33.292+0000] {dag.py:4180} INFO - Setting next_dagrun for dataset_s3_bucket_producer to None, run_after=None
[2026-08-08T01:48:33.317+0000] {processor.py:208} INFO - Processing /home/airflow/.local/lib/python3.12/site-packages/airflow/example_dags/example_dataset_alias.py took 0.529 seconds
[2026-08-08T01:49:04.154+0000] {processor.py:186} INFO - Started process (PID=5115) to work on /home/airflow/.local/lib/python3.12/site-packages/airflow/example_dags/example_dataset_alias.py
[2026-08-08T01:49:04.155+0000] {processor.py:914} INFO - Processing file /home/airflow/.local/lib/python3.12/site-packages/airflow/example_dags/example_dataset_alias.py for tasks to queue
[2026-08-08T01:49:04.160+0000] {logging_mixin.py:190} INFO - [2026-08-08T01:49:04.160+0000] {dagbag.py:588} INFO - Filling up the DagBag from /home/airflow/.local/lib/python3.12/site-packages/airflow/example_dags/example_dataset_alias.py
[2026-08-08T01:49:04.641+0000] {processor.py:925} INFO - DAG(s) 'dataset_s3_bucket_consumer', 'dataset_s3_bucket_producer', 'dataset_alias_example_alias_producer', 'dataset_alias_example_alias_consumer' retrieved from /home/airflow/.local/lib/python3.12/site-packages/airflow/example_dags/example_dataset_alias.py
[2026-08-08T01:49:04.671+0000] {logging_mixin.py:190} INFO - [2026-08-08T01:49:04.670+0000] {dag.py:3239} INFO - Sync 4 DAGs
[2026-08-08T01:49:04.882+0000] {logging_mixin.py:190} INFO - [2026-08-08T01:49:04.882+0000] {dag.py:4180} INFO - Setting next_dagrun for dataset_alias_example_alias_consumer to None, run_after=None
[2026-08-08T01:49:04.886+0000] {logging_mixin.py:190} INFO - [2026-08-08T01:49:04.886+0000] {dag.py:4180} INFO - Setting next_dagrun for dataset_alias_example_alias_producer to None, run_after=None
[2026-08-08T01:49:04.888+0000] {logging_mixin.py:190} INFO - [2026-08-08T01:49:04.888+0000] {dag.py:4180} INFO - Setting next_dagrun for dataset_s3_bucket_consumer to None, run_after=None
[2026-08-08T01:49:04.890+0000] {logging_mixin.py:190} INFO - [2026-08-08T01:49:04.890+0000] {dag.py:4180} INFO - Setting next_dagrun for dataset_s3_bucket_producer to None, run_after=None
[2026-08-08T01:49:04.914+0000] {processor.py:208} INFO - Processing /home/airflow/.local/lib/python3.12/site-packages/airflow/example_dags/example_dataset_alias.py took 0.768 seconds
[2026-08-08T01:49:35.226+0000] {processor.py:186} INFO - Started process (PID=5182) to work on /home/airflow/.local/lib/python3.12/site-packages/airflow/example_dags/example_dataset_alias.py
[2026-08-08T01:49:35.228+0000] {processor.py:914} INFO - Processing file /home/airflow/.local/lib/python3.12/site-packages/airflow/example_dags/example_dataset_alias.py for tasks to queue
[2026-08-08T01:49:35.231+0000] {logging_mixin.py:190} INFO - [2026-08-08T01:49:35.231+0000] {dagbag.py:588} INFO - Filling up the DagBag from /home/airflow/.local/lib/python3.12/site-packages/airflow/example_dags/example_dataset_alias.py
[2026-08-08T01:49:35.675+0000] {processor.py:925} INFO - DAG(s) 'dataset_alias_example_alias_producer', 'dataset_alias_example_alias_consumer', 'dataset_s3_bucket_consumer', 'dataset_s3_bucket_producer' retrieved from /home/airflow/.local/lib/python3.12/site-packages/airflow/example_dags/example_dataset_alias.py
[2026-08-08T01:49:35.913+0000] {logging_mixin.py:190} INFO - [2026-08-08T01:49:35.912+0000] {dag.py:3239} INFO - Sync 4 DAGs
[2026-08-08T01:49:35.936+0000] {logging_mixin.py:190} INFO - [2026-08-08T01:49:35.936+0000] {dag.py:4180} INFO - Setting next_dagrun for dataset_alias_example_alias_consumer to None, run_after=None
[2026-08-08T01:49:35.940+0000] {logging_mixin.py:190} INFO - [2026-08-08T01:49:35.940+0000] {dag.py:4180} INFO - Setting next_dagrun for dataset_alias_example_alias_producer to None, run_after=None
[2026-08-08T01:49:35.942+0000] {logging_mixin.py:190} INFO - [2026-08-08T01:49:35.942+0000] {dag.py:4180} INFO - Setting next_dagrun for dataset_s3_bucket_consumer to None, run_after=None
[2026-08-08T01:49:35.944+0000] {logging_mixin.py:190} INFO - [2026-08-08T01:49:35.944+0000] {dag.py:4180} INFO - Setting next_dagrun for dataset_s3_bucket_producer to None, run_after=None
[2026-08-08T01:49:35.968+0000] {processor.py:208} INFO - Processing /home/airflow/.local/lib/python3.12/site-packages/airflow/example_dags/example_dataset_alias.py took 0.749 seconds
[2026-08-08T01:50:06.448+0000] {processor.py:186} INFO - Started process (PID=5241) to work on /home/airflow/.local/lib/python3.12/site-packages/airflow/example_dags/example_dataset_alias.py
[2026-08-08T01:50:06.450+0000] {processor.py:914} INFO - Processing file /home/airflow/.local/lib/python3.12/site-packages/airflow/example_dags/example_dataset_alias.py for tasks to queue
[2026-08-08T01:50:06.452+0000] {logging_mixin.py:190} INFO - [2026-08-08T01:50:06.452+0000] {dagbag.py:588} INFO - Filling up the DagBag from /home/airflow/.local/lib/python3.12/site-packages/airflow/example_dags/example_dataset_alias.py
[2026-08-08T01:50:06.893+0000] {processor.py:925} INFO - DAG(s) 'dataset_s3_bucket_consumer', 'dataset_alias_example_alias_producer', 'dataset_s3_bucket_producer', 'dataset_alias_example_alias_consumer' retrieved from /home/airflow/.local/lib/python3.12/site-packages/airflow/example_dags/example_dataset_alias.py
[2026-08-08T01:50:06.921+0000] {logging_mixin.py:190} INFO - [2026-08-08T01:50:06.920+0000] {dag.py:3239} INFO - Sync 4 DAGs
[2026-08-08T01:50:07.165+0000] {logging_mixin.py:190} INFO - [2026-08-08T01:50:07.165+0000] {dag.py:4180} INFO - Setting next_dagrun for dataset_alias_example_alias_consumer to None, run_after=None
[2026-08-08T01:50:07.169+0000] {logging_mixin.py:190} INFO - [2026-08-08T01:50:07.169+0000] {dag.py:4180} INFO - Setting next_dagrun for dataset_alias_example_alias_producer to None, run_after=None
[2026-08-08T01:50:07.171+0000] {logging_mixin.py:190} INFO - [2026-08-08T01:50:07.171+0000] {dag.py:4180} INFO - Setting next_dagrun for dataset_s3_bucket_consumer to None, run_after=None
[2026-08-08T01:50:07.173+0000] {logging_mixin.py:190} INFO - [2026-08-08T01:50:07.173+0000] {dag.py:4180} INFO - Setting next_dagrun for dataset_s3_bucket_producer to None, run_after=None
[2026-08-08T01:50:07.198+0000] {processor.py:208} INFO - Processing /home/airflow/.local/lib/python3.12/site-packages/airflow/example_dags/example_dataset_alias.py took 0.755 seconds
[2026-08-08T01:50:37.498+0000] {processor.py:186} INFO - Started process (PID=5306) to work on /home/airflow/.local/lib/python3.12/site-packages/airflow/example_dags/example_dataset_alias.py
[2026-08-08T01:50:37.500+0000] {processor.py:914} INFO - Processing file /home/airflow/.local/lib/python3.12/site-packages/airflow/example_dags/example_dataset_alias.py for tasks to queue
[2026-08-08T01:50:37.502+0000] {logging_mixin.py:190} INFO - [2026-08-08T01:50:37.502+0000] {dagbag.py:588} INFO - Filling up the DagBag from /home/airflow/.local/lib/python3.12/site-packages/airflow/example_dags/example_dataset_alias.py
[2026-08-08T01:50:37.925+0000] {processor.py:925} INFO - DAG(s) 'dataset_alias_example_alias_producer', 'dataset_s3_bucket_producer', 'dataset_alias_example_alias_consumer', 'dataset_s3_bucket_consumer' retrieved from /home/airflow/.local/lib/python3.12/site-packages/airflow/example_dags/example_dataset_alias.py
[2026-08-08T01:50:37.952+0000] {logging_mixin.py:190} INFO - [2026-08-08T01:50:37.952+0000] {dag.py:3239} INFO - Sync 4 DAGs
[2026-08-08T01:50:38.172+0000] {logging_mixin.py:190} INFO - [2026-08-08T01:50:38.172+0000] {dag.py:4180} INFO - Setting next_dagrun for dataset_alias_example_alias_consumer to None, run_after=None
[2026-08-08T01:50:38.176+0000] {logging_mixin.py:190} INFO - [2026-08-08T01:50:38.176+0000] {dag.py:4180} INFO - Setting next_dagrun for dataset_alias_example_alias_producer to None, run_after=None
[2026-08-08T01:50:38.179+0000] {logging_mixin.py:190} INFO - [2026-08-08T01:50:38.178+0000] {dag.py:4180} INFO - Setting next_dagrun for dataset_s3_bucket_consumer to None, run_after=None
[2026-08-08T01:50:38.181+0000] {logging_mixin.py:190} INFO - [2026-08-08T01:50:38.181+0000] {dag.py:4180} INFO - Setting next_dagrun for dataset_s3_bucket_producer to None, run_after=None
[2026-08-08T01:50:38.209+0000] {processor.py:208} INFO - Processing /home/airflow/.local/lib/python3.12/site-packages/airflow/example_dags/example_dataset_alias.py took 0.718 seconds
[2026-08-08T01:51:09.051+0000] {processor.py:186} INFO - Started process (PID=5375) to work on /home/airflow/.local/lib/python3.12/site-packages/airflow/example_dags/example_dataset_alias.py
[2026-08-08T01:51:09.052+0000] {processor.py:914} INFO - Processing file /home/airflow/.local/lib/python3.12/site-packages/airflow/example_dags/example_dataset_alias.py for tasks to queue
[2026-08-08T01:51:09.056+0000] {logging_mixin.py:190} INFO - [2026-08-08T01:51:09.056+0000] {dagbag.py:588} INFO - Filling up the DagBag from /home/airflow/.local/lib/python3.12/site-packages/airflow/example_dags/example_dataset_alias.py
[2026-08-08T01:51:09.543+0000] {processor.py:925} INFO - DAG(s) 'dataset_alias_example_alias_producer', 'dataset_s3_bucket_consumer', 'dataset_s3_bucket_producer', 'dataset_alias_example_alias_consumer' retrieved from /home/airflow/.local/lib/python3.12/site-packages/airflow/example_dags/example_dataset_alias.py
[2026-08-08T01:51:09.566+0000] {logging_mixin.py:190} INFO - [2026-08-08T01:51:09.566+0000] {dag.py:3239} INFO - Sync 4 DAGs
[2026-08-08T01:51:09.594+0000] {logging_mixin.py:190} INFO - [2026-08-08T01:51:09.594+0000] {dag.py:4180} INFO - Setting next_dagrun for dataset_alias_example_alias_consumer to None, run_after=None
[2026-08-08T01:51:09.601+0000] {logging_mixin.py:190} INFO - [2026-08-08T01:51:09.601+0000] {dag.py:4180} INFO - Setting next_dagrun for dataset_alias_example_alias_producer to None, run_after=None
[2026-08-08T01:51:09.790+0000] {logging_mixin.py:190} INFO - [2026-08-08T01:51:09.790+0000] {dag.py:4180} INFO - Setting next_dagrun for dataset_s3_bucket_consumer to None, run_after=None
[2026-08-08T01:51:09.792+0000] {logging_mixin.py:190} INFO - [2026-08-08T01:51:09.792+0000] {dag.py:4180} INFO - Setting next_dagrun for dataset_s3_bucket_producer to None, run_after=None
[2026-08-08T01:51:09.820+0000] {processor.py:208} INFO - Processing /home/airflow/.local/lib/python3.12/site-packages/airflow/example_dags/example_dataset_alias.py took 0.776 seconds
[2026-08-08T01:51:41.139+0000] {processor.py:186} INFO - Started process (PID=5445) to work on /home/airflow/.local/lib/python3.12/site-packages/airflow/example_dags/example_dataset_alias.py
[2026-08-08T01:51:41.140+0000] {processor.py:914} INFO - Processing file /home/airflow/.local/lib/python3.12/site-packages/airflow/example_dags/example_dataset_alias.py for tasks to queue
[2026-08-08T01:51:41.143+0000] {logging_mixin.py:190} INFO - [2026-08-08T01:51:41.143+0000] {dagbag.py:588} INFO - Filling up the DagBag from /home/airflow/.local/lib/python3.12/site-packages/airflow/example_dags/example_dataset_alias.py
[2026-08-08T01:51:41.568+0000] {processor.py:925} INFO - DAG(s) 'dataset_s3_bucket_consumer', 'dataset_alias_example_alias_producer', 'dataset_s3_bucket_producer', 'dataset_alias_example_alias_consumer' retrieved from /home/airflow/.local/lib/python3.12/site-packages/airflow/example_dags/example_dataset_alias.py
[2026-08-08T01:51:41.593+0000] {logging_mixin.py:190} INFO - [2026-08-08T01:51:41.592+0000] {dag.py:3239} INFO - Sync 4 DAGs
[2026-08-08T01:51:41.815+0000] {logging_mixin.py:190} INFO - [2026-08-08T01:51:41.815+0000] {dag.py:4180} INFO - Setting next_dagrun for dataset_alias_example_alias_consumer to None, run_after=None
[2026-08-08T01:51:41.820+0000] {logging_mixin.py:190} INFO - [2026-08-08T01:51:41.820+0000] {dag.py:4180} INFO - Setting next_dagrun for dataset_alias_example_alias_producer to None, run_after=None
[2026-08-08T01:51:41.823+0000] {logging_mixin.py:190} INFO - [2026-08-08T01:51:41.822+0000] {dag.py:4180} INFO - Setting next_dagrun for dataset_s3_bucket_consumer to None, run_after=None
[2026-08-08T01:51:41.825+0000] {logging_mixin.py:190} INFO - [2026-08-08T01:51:41.824+0000] {dag.py:4180} INFO - Setting next_dagrun for dataset_s3_bucket_producer to None, run_after=None
[2026-08-08T01:51:41.848+0000] {processor.py:208} INFO - Processing /home/airflow/.local/lib/python3.12/site-packages/airflow/example_dags/example_dataset_alias.py took 0.716 seconds
[2026-08-08T01:52:12.701+0000] {processor.py:186} INFO - Started process (PID=5510) to work on /home/airflow/.local/lib/python3.12/site-packages/airflow/example_dags/example_dataset_alias.py
[2026-08-08T01:52:12.702+0000] {processor.py:914} INFO - Processing file /home/airflow/.local/lib/python3.12/site-packages/airflow/example_dags/example_dataset_alias.py for tasks to queue
[2026-08-08T01:52:12.705+0000] {logging_mixin.py:190} INFO - [2026-08-08T01:52:12.704+0000] {dagbag.py:588} INFO - Filling up the DagBag from /home/airflow/.local/lib/python3.12/site-packages/airflow/example_dags/example_dataset_alias.py
[2026-08-08T01:52:13.298+0000] {processor.py:925} INFO - DAG(s) 'dataset_s3_bucket_producer', 'dataset_alias_example_alias_producer', 'dataset_alias_example_alias_consumer', 'dataset_s3_bucket_consumer' retrieved from /home/airflow/.local/lib/python3.12/site-packages/airflow/example_dags/example_dataset_alias.py
[2026-08-08T01:52:13.324+0000] {logging_mixin.py:190} INFO - [2026-08-08T01:52:13.324+0000] {dag.py:3239} INFO - Sync 4 DAGs
[2026-08-08T01:52:13.348+0000] {logging_mixin.py:190} INFO - [2026-08-08T01:52:13.348+0000] {dag.py:4180} INFO - Setting next_dagrun for dataset_alias_example_alias_consumer to None, run_after=None
[2026-08-08T01:52:13.351+0000] {logging_mixin.py:190} INFO - [2026-08-08T01:52:13.351+0000] {dag.py:4180} INFO - Setting next_dagrun for dataset_alias_example_alias_producer to None, run_after=None
[2026-08-08T01:52:13.354+0000] {logging_mixin.py:190} INFO - [2026-08-08T01:52:13.354+0000] {dag.py:4180} INFO - Setting next_dagrun for dataset_s3_bucket_consumer to None, run_after=None
[2026-08-08T01:52:13.356+0000] {logging_mixin.py:190} INFO - [2026-08-08T01:52:13.356+0000] {dag.py:4180} INFO - Setting next_dagrun for dataset_s3_bucket_producer to None, run_after=None
[2026-08-08T01:52:13.382+0000] {processor.py:208} INFO - Processing /home/airflow/.local/lib/python3.12/site-packages/airflow/example_dags/example_dataset_alias.py took 0.689 seconds
[2026-08-08T01:52:43.563+0000] {processor.py:186} INFO - Started process (PID=5568) to work on /home/airflow/.local/lib/python3.12/site-packages/airflow/example_dags/example_dataset_alias.py
[2026-08-08T01:52:43.565+0000] {processor.py:914} INFO - Processing file /home/airflow/.local/lib/python3.12/site-packages/airflow/example_dags/example_dataset_alias.py for tasks to queue
[2026-08-08T01:52:43.568+0000] {logging_mixin.py:190} INFO - [2026-08-08T01:52:43.567+0000] {dagbag.py:588} INFO - Filling up the DagBag from /home/airflow/.local/lib/python3.12/site-packages/airflow/example_dags/example_dataset_alias.py
[2026-08-08T01:52:44.223+0000] {processor.py:925} INFO - DAG(s) 'dataset_s3_bucket_consumer', 'dataset_alias_example_alias_consumer', 'dataset_alias_example_alias_producer', 'dataset_s3_bucket_producer' retrieved from /home/airflow/.local/lib/python3.12/site-packages/airflow/example_dags/example_dataset_alias.py
[2026-08-08T01:52:44.251+0000] {logging_mixin.py:190} INFO - [2026-08-08T01:52:44.250+0000] {dag.py:3239} INFO - Sync 4 DAGs
[2026-08-08T01:52:44.279+0000] {logging_mixin.py:190} INFO - [2026-08-08T01:52:44.279+0000] {dag.py:4180} INFO - Setting next_dagrun for dataset_alias_example_alias_consumer to None, run_after=None
[2026-08-08T01:52:44.283+0000] {logging_mixin.py:190} INFO - [2026-08-08T01:52:44.282+0000] {dag.py:4180} INFO - Setting next_dagrun for dataset_alias_example_alias_producer to None, run_after=None
[2026-08-08T01:52:44.285+0000] {logging_mixin.py:190} INFO - [2026-08-08T01:52:44.285+0000] {dag.py:4180} INFO - Setting next_dagrun for dataset_s3_bucket_consumer to None, run_after=None
[2026-08-08T01:52:44.287+0000] {logging_mixin.py:190} INFO - [2026-08-08T01:52:44.287+0000] {dag.py:4180} INFO - Setting next_dagrun for dataset_s3_bucket_producer to None, run_after=None
[2026-08-08T01:52:44.317+0000] {processor.py:208} INFO - Processing /home/airflow/.local/lib/python3.12/site-packages/airflow/example_dags/example_dataset_alias.py took 0.760 seconds
[2026-08-08T01:53:14.644+0000] {processor.py:186} INFO - Started process (PID=5632) to work on /home/airflow/.local/lib/python3.12/site-packages/airflow/example_dags/example_dataset_alias.py
[2026-08-08T01:53:14.647+0000] {processor.py:914} INFO - Processing file /home/airflow/.local/lib/python3.12/site-packages/airflow/example_dags/example_dataset_alias.py for tasks to queue
[2026-08-08T01:53:14.654+0000] {logging_mixin.py:190} INFO - [2026-08-08T01:53:14.654+0000] {dagbag.py:588} INFO - Filling up the DagBag from /home/airflow/.local/lib/python3.12/site-packages/airflow/example_dags/example_dataset_alias.py
[2026-08-08T01:53:15.383+0000] {processor.py:925} INFO - DAG(s) 'dataset_alias_example_alias_consumer', 'dataset_alias_example_alias_producer', 'dataset_s3_bucket_consumer', 'dataset_s3_bucket_producer' retrieved from /home/airflow/.local/lib/python3.12/site-packages/airflow/example_dags/example_dataset_alias.py
[2026-08-08T01:53:15.410+0000] {logging_mixin.py:190} INFO - [2026-08-08T01:53:15.408+0000] {dag.py:3239} INFO - Sync 4 DAGs
[2026-08-08T01:53:15.440+0000] {logging_mixin.py:190} INFO - [2026-08-08T01:53:15.440+0000] {dag.py:4180} INFO - Setting next_dagrun for dataset_alias_example_alias_consumer to None, run_after=None
[2026-08-08T01:53:15.445+0000] {logging_mixin.py:190} INFO - [2026-08-08T01:53:15.445+0000] {dag.py:4180} INFO - Setting next_dagrun for dataset_alias_example_alias_producer to None, run_after=None
[2026-08-08T01:53:15.447+0000] {logging_mixin.py:190} INFO - [2026-08-08T01:53:15.447+0000] {dag.py:4180} INFO - Setting next_dagrun for dataset_s3_bucket_consumer to None, run_after=None
[2026-08-08T01:53:15.450+0000] {logging_mixin.py:190} INFO - [2026-08-08T01:53:15.449+0000] {dag.py:4180} INFO - Setting next_dagrun for dataset_s3_bucket_producer to None, run_after=None
[2026-08-08T01:53:15.473+0000] {processor.py:208} INFO - Processing /home/airflow/.local/lib/python3.12/site-packages/airflow/example_dags/example_dataset_alias.py took 0.840 seconds
[2026-08-08T01:53:45.929+0000] {processor.py:186} INFO - Started process (PID=5701) to work on /home/airflow/.local/lib/python3.12/site-packages/airflow/example_dags/example_dataset_alias.py
[2026-08-08T01:53:45.930+0000] {processor.py:914} INFO - Processing file /home/airflow/.local/lib/python3.12/site-packages/airflow/example_dags/example_dataset_alias.py for tasks to queue
[2026-08-08T01:53:45.933+0000] {logging_mixin.py:190} INFO - [2026-08-08T01:53:45.933+0000] {dagbag.py:588} INFO - Filling up the DagBag from /home/airflow/.local/lib/python3.12/site-packages/airflow/example_dags/example_dataset_alias.py
[2026-08-08T01:53:46.612+0000] {processor.py:925} INFO - DAG(s) 'dataset_s3_bucket_producer', 'dataset_alias_example_alias_consumer', 'dataset_alias_example_alias_producer', 'dataset_s3_bucket_consumer' retrieved from /home/airflow/.local/lib/python3.12/site-packages/airflow/example_dags/example_dataset_alias.py
[2026-08-08T01:53:46.636+0000] {logging_mixin.py:190} INFO - [2026-08-08T01:53:46.636+0000] {dag.py:3239} INFO - Sync 4 DAGs
[2026-08-08T01:53:46.664+0000] {logging_mixin.py:190} INFO - [2026-08-08T01:53:46.664+0000] {dag.py:4180} INFO - Setting next_dagrun for dataset_alias_example_alias_consumer to None, run_after=None
[2026-08-08T01:53:46.668+0000] {logging_mixin.py:190} INFO - [2026-08-08T01:53:46.668+0000] {dag.py:4180} INFO - Setting next_dagrun for dataset_alias_example_alias_producer to None, run_after=None
[2026-08-08T01:53:46.671+0000] {logging_mixin.py:190} INFO - [2026-08-08T01:53:46.671+0000] {dag.py:4180} INFO - Setting next_dagrun for dataset_s3_bucket_consumer to None, run_after=None
[2026-08-08T01:53:46.673+0000] {logging_mixin.py:190} INFO - [2026-08-08T01:53:46.673+0000] {dag.py:4180} INFO - Setting next_dagrun for dataset_s3_bucket_producer to None, run_after=None
[2026-08-08T01:53:46.701+0000] {processor.py:208} INFO - Processing /home/airflow/.local/lib/python3.12/site-packages/airflow/example_dags/example_dataset_alias.py took 0.778 seconds
[2026-08-08T01:54:17.427+0000] {processor.py:186} INFO - Started process (PID=5772) to work on /home/airflow/.local/lib/python3.12/site-packages/airflow/example_dags/example_dataset_alias.py
[2026-08-08T01:54:17.428+0000] {processor.py:914} INFO - Processing file /home/airflow/.local/lib/python3.12/site-packages/airflow/example_dags/example_dataset_alias.py for tasks to queue
[2026-08-08T01:54:17.431+0000] {logging_mixin.py:190} INFO - [2026-08-08T01:54:17.430+0000] {dagbag.py:588} INFO - Filling up the DagBag from /home/airflow/.local/lib/python3.12/site-packages/airflow/example_dags/example_dataset_alias.py
[2026-08-08T01:54:18.028+0000] {processor.py:925} INFO - DAG(s) 'dataset_s3_bucket_producer', 'dataset_alias_example_alias_consumer', 'dataset_s3_bucket_consumer', 'dataset_alias_example_alias_producer' retrieved from /home/airflow/.local/lib/python3.12/site-packages/airflow/example_dags/example_dataset_alias.py
[2026-08-08T01:54:18.053+0000] {logging_mixin.py:190} INFO - [2026-08-08T01:54:18.053+0000] {dag.py:3239} INFO - Sync 4 DAGs
[2026-08-08T01:54:18.081+0000] {logging_mixin.py:190} INFO - [2026-08-08T01:54:18.081+0000] {dag.py:4180} INFO - Setting next_dagrun for dataset_alias_example_alias_consumer to None, run_after=None
[2026-08-08T01:54:18.085+0000] {logging_mixin.py:190} INFO - [2026-08-08T01:54:18.085+0000] {dag.py:4180} INFO - Setting next_dagrun for dataset_alias_example_alias_producer to None, run_after=None
[2026-08-08T01:54:18.088+0000] {logging_mixin.py:190} INFO - [2026-08-08T01:54:18.087+0000] {dag.py:4180} INFO - Setting next_dagrun for dataset_s3_bucket_consumer to None, run_after=None
[2026-08-08T01:54:18.090+0000] {logging_mixin.py:190} INFO - [2026-08-08T01:54:18.089+0000] {dag.py:4180} INFO - Setting next_dagrun for dataset_s3_bucket_producer to None, run_after=None
[2026-08-08T01:54:18.116+0000] {processor.py:208} INFO - Processing /home/airflow/.local/lib/python3.12/site-packages/airflow/example_dags/example_dataset_alias.py took 0.695 seconds
[2026-08-08T01:54:48.584+0000] {processor.py:186} INFO - Started process (PID=5842) to work on /home/airflow/.local/lib/python3.12/site-packages/airflow/example_dags/example_dataset_alias.py
[2026-08-08T01:54:48.586+0000] {processor.py:914} INFO - Processing file /home/airflow/.local/lib/python3.12/site-packages/airflow/example_dags/example_dataset_alias.py for tasks to queue
[2026-08-08T01:54:48.589+0000] {logging_mixin.py:190} INFO - [2026-08-08T01:54:48.588+0000] {dagbag.py:588} INFO - Filling up the DagBag from /home/airflow/.local/lib/python3.12/site-packages/airflow/example_dags/example_dataset_alias.py
[2026-08-08T01:54:49.194+0000] {processor.py:925} INFO - DAG(s) 'dataset_s3_bucket_consumer', 'dataset_alias_example_alias_producer', 'dataset_alias_example_alias_consumer', 'dataset_s3_bucket_producer' retrieved from /home/airflow/.local/lib/python3.12/site-packages/airflow/example_dags/example_dataset_alias.py
[2026-08-08T01:54:49.220+0000] {logging_mixin.py:190} INFO - [2026-08-08T01:54:49.219+0000] {dag.py:3239} INFO - Sync 4 DAGs
[2026-08-08T01:54:49.244+0000] {logging_mixin.py:190} INFO - [2026-08-08T01:54:49.244+0000] {dag.py:4180} INFO - Setting next_dagrun for dataset_alias_example_alias_consumer to None, run_after=None
[2026-08-08T01:54:49.248+0000] {logging_mixin.py:190} INFO - [2026-08-08T01:54:49.248+0000] {dag.py:4180} INFO - Setting next_dagrun for dataset_alias_example_alias_producer to None, run_after=None
[2026-08-08T01:54:49.250+0000] {logging_mixin.py:190} INFO - [2026-08-08T01:54:49.250+0000] {dag.py:4180} INFO - Setting next_dagrun for dataset_s3_bucket_consumer to None, run_after=None
[2026-08-08T01:54:49.252+0000] {logging_mixin.py:190} INFO - [2026-08-08T01:54:49.252+0000] {dag.py:4180} INFO - Setting next_dagrun for dataset_s3_bucket_producer to None, run_after=None
[2026-08-08T01:54:49.275+0000] {processor.py:208} INFO - Processing /home/airflow/.local/lib/python3.12/site-packages/airflow/example_dags/example_dataset_alias.py took 0.697 seconds
[2026-08-08T01:55:20.072+0000] {processor.py:186} INFO - Started process (PID=5910) to work on /home/airflow/.local/lib/python3.12/site-packages/airflow/example_dags/example_dataset_alias.py
[2026-08-08T01:55:20.073+0000] {processor.py:914} INFO - Processing file /home/airflow/.local/lib/python3.12/site-packages/airflow/example_dags/example_dataset_alias.py for tasks to queue
[2026-08-08T01:55:20.076+0000] {logging_mixin.py:190} INFO - [2026-08-08T01:55:20.076+0000] {dagbag.py:588} INFO - Filling up the DagBag from /home/airflow/.local/lib/python3.12/site-packages/airflow/example_dags/example_dataset_alias.py
[2026-08-08T01:55:20.669+0000] {processor.py:925} INFO - DAG(s) 'dataset_alias_example_alias_producer', 'dataset_alias_example_alias_consumer', 'dataset_s3_bucket_consumer', 'dataset_s3_bucket_producer' retrieved from /home/airflow/.local/lib/python3.12/site-packages/airflow/example_dags/example_dataset_alias.py
[2026-08-08T01:55:20.694+0000] {logging_mixin.py:190} INFO - [2026-08-08T01:55:20.693+0000] {dag.py:3239} INFO - Sync 4 DAGs
[2026-08-08T01:55:20.719+0000] {logging_mixin.py:190} INFO - [2026-08-08T01:55:20.718+0000] {dag.py:4180} INFO - Setting next_dagrun for dataset_alias_example_alias_consumer to None, run_after=None
[2026-08-08T01:55:20.722+0000] {logging_mixin.py:190} INFO - [2026-08-08T01:55:20.722+0000] {dag.py:4180} INFO - Setting next_dagrun for dataset_alias_example_alias_producer to None, run_after=None
[2026-08-08T01:55:20.725+0000] {logging_mixin.py:190} INFO - [2026-08-08T01:55:20.724+0000] {dag.py:4180} INFO - Setting next_dagrun for dataset_s3_bucket_consumer to None, run_after=None
[2026-08-08T01:55:20.727+0000] {logging_mixin.py:190} INFO - [2026-08-08T01:55:20.726+0000] {dag.py:4180} INFO - Setting next_dagrun for dataset_s3_bucket_producer to None, run_after=None
[2026-08-08T01:55:20.752+0000] {processor.py:208} INFO - Processing /home/airflow/.local/lib/python3.12/site-packages/airflow/example_dags/example_dataset_alias.py took 0.686 seconds
[2026-08-08T01:55:50.839+0000] {processor.py:186} INFO - Started process (PID=5970) to work on /home/airflow/.local/lib/python3.12/site-packages/airflow/example_dags/example_dataset_alias.py
[2026-08-08T01:55:50.840+0000] {processor.py:914} INFO - Processing file /home/airflow/.local/lib/python3.12/site-packages/airflow/example_dags/example_dataset_alias.py for tasks to queue
[2026-08-08T01:55:50.844+0000] {logging_mixin.py:190} INFO - [2026-08-08T01:55:50.843+0000] {dagbag.py:588} INFO - Filling up the DagBag from /home/airflow/.local/lib/python3.12/site-packages/airflow/example_dags/example_dataset_alias.py
[2026-08-08T01:55:51.567+0000] {processor.py:925} INFO - DAG(s) 'dataset_alias_example_alias_producer', 'dataset_s3_bucket_producer', 'dataset_s3_bucket_consumer', 'dataset_alias_example_alias_consumer' retrieved from /home/airflow/.local/lib/python3.12/site-packages/airflow/example_dags/example_dataset_alias.py
[2026-08-08T01:55:51.597+0000] {logging_mixin.py:190} INFO - [2026-08-08T01:55:51.596+0000] {dag.py:3239} INFO - Sync 4 DAGs
[2026-08-08T01:55:51.622+0000] {logging_mixin.py:190} INFO - [2026-08-08T01:55:51.622+0000] {dag.py:4180} INFO - Setting next_dagrun for dataset_alias_example_alias_consumer to None, run_after=None
[2026-08-08T01:55:51.627+0000] {logging_mixin.py:190} INFO - [2026-08-08T01:55:51.626+0000] {dag.py:4180} INFO - Setting next_dagrun for dataset_alias_example_alias_producer to None, run_after=None
[2026-08-08T01:55:51.629+0000] {logging_mixin.py:190} INFO - [2026-08-08T01:55:51.629+0000] {dag.py:4180} INFO - Setting next_dagrun for dataset_s3_bucket_consumer to None, run_after=None
[2026-08-08T01:55:51.631+0000] {logging_mixin.py:190} INFO - [2026-08-08T01:55:51.631+0000] {dag.py:4180} INFO - Setting next_dagrun for dataset_s3_bucket_producer to None, run_after=None
[2026-08-08T01:55:51.657+0000] {processor.py:208} INFO - Processing /home/airflow/.local/lib/python3.12/site-packages/airflow/example_dags/example_dataset_alias.py took 0.825 seconds
[2026-08-08T01:56:21.754+0000] {processor.py:186} INFO - Started process (PID=6031) to work on /home/airflow/.local/lib/python3.12/site-packages/airflow/example_dags/example_dataset_alias.py
[2026-08-08T01:56:21.755+0000] {processor.py:914} INFO - Processing file /home/airflow/.local/lib/python3.12/site-packages/airflow/example_dags/example_dataset_alias.py for tasks to queue
[2026-08-08T01:56:21.759+0000] {logging_mixin.py:190} INFO - [2026-08-08T01:56:21.758+0000] {dagbag.py:588} INFO - Filling up the DagBag from /home/airflow/.local/lib/python3.12/site-packages/airflow/example_dags/example_dataset_alias.py
[2026-08-08T01:56:22.544+0000] {processor.py:925} INFO - DAG(s) 'dataset_s3_bucket_producer', 'dataset_s3_bucket_consumer', 'dataset_alias_example_alias_producer', 'dataset_alias_example_alias_consumer' retrieved from /home/airflow/.local/lib/python3.12/site-packages/airflow/example_dags/example_dataset_alias.py
[2026-08-08T01:56:22.568+0000] {logging_mixin.py:190} INFO - [2026-08-08T01:56:22.568+0000] {dag.py:3239} INFO - Sync 4 DAGs
[2026-08-08T01:56:22.599+0000] {logging_mixin.py:190} INFO - [2026-08-08T01:56:22.598+0000] {dag.py:4180} INFO - Setting next_dagrun for dataset_alias_example_alias_consumer to None, run_after=None
[2026-08-08T01:56:22.603+0000] {logging_mixin.py:190} INFO - [2026-08-08T01:56:22.602+0000] {dag.py:4180} INFO - Setting next_dagrun for dataset_alias_example_alias_producer to None, run_after=None
[2026-08-08T01:56:22.606+0000] {logging_mixin.py:190} INFO - [2026-08-08T01:56:22.606+0000] {dag.py:4180} INFO - Setting next_dagrun for dataset_s3_bucket_consumer to None, run_after=None
[2026-08-08T01:56:22.609+0000] {logging_mixin.py:190} INFO - [2026-08-08T01:56:22.609+0000] {dag.py:4180} INFO - Setting next_dagrun for dataset_s3_bucket_producer to None, run_after=None
[2026-08-08T01:56:22.635+0000] {processor.py:208} INFO - Processing /home/airflow/.local/lib/python3.12/site-packages/airflow/example_dags/example_dataset_alias.py took 0.891 seconds
[2026-08-08T01:56:52.903+0000] {processor.py:186} INFO - Started process (PID=6101) to work on /home/airflow/.local/lib/python3.12/site-packages/airflow/example_dags/example_dataset_alias.py
[2026-08-08T01:56:52.905+0000] {processor.py:914} INFO - Processing file /home/airflow/.local/lib/python3.12/site-packages/airflow/example_dags/example_dataset_alias.py for tasks to queue
[2026-08-08T01:56:52.908+0000] {logging_mixin.py:190} INFO - [2026-08-08T01:56:52.907+0000] {dagbag.py:588} INFO - Filling up the DagBag from /home/airflow/.local/lib/python3.12/site-packages/airflow/example_dags/example_dataset_alias.py
[2026-08-08T01:56:53.552+0000] {processor.py:925} INFO - DAG(s) 'dataset_s3_bucket_consumer', 'dataset_alias_example_alias_producer', 'dataset_alias_example_alias_consumer', 'dataset_s3_bucket_producer' retrieved from /home/airflow/.local/lib/python3.12/site-packages/airflow/example_dags/example_dataset_alias.py
[2026-08-08T01:56:53.576+0000] {logging_mixin.py:190} INFO - [2026-08-08T01:56:53.575+0000] {dag.py:3239} INFO - Sync 4 DAGs
[2026-08-08T01:56:53.600+0000] {logging_mixin.py:190} INFO - [2026-08-08T01:56:53.600+0000] {dag.py:4180} INFO - Setting next_dagrun for dataset_alias_example_alias_consumer to None, run_after=None
[2026-08-08T01:56:53.603+0000] {logging_mixin.py:190} INFO - [2026-08-08T01:56:53.603+0000] {dag.py:4180} INFO - Setting next_dagrun for dataset_alias_example_alias_producer to None, run_after=None
[2026-08-08T01:56:53.606+0000] {logging_mixin.py:190} INFO - [2026-08-08T01:56:53.606+0000] {dag.py:4180} INFO - Setting next_dagrun for dataset_s3_bucket_consumer to None, run_after=None
[2026-08-08T01:56:53.608+0000] {logging_mixin.py:190} INFO - [2026-08-08T01:56:53.608+0000] {dag.py:4180} INFO - Setting next_dagrun for dataset_s3_bucket_producer to None, run_after=None
[2026-08-08T01:56:53.632+0000] {processor.py:208} INFO - Processing /home/airflow/.local/lib/python3.12/site-packages/airflow/example_dags/example_dataset_alias.py took 0.734 seconds
[2026-08-08T01:57:23.737+0000] {processor.py:186} INFO - Started process (PID=6160) to work on /home/airflow/.local/lib/python3.12/site-packages/airflow/example_dags/example_dataset_alias.py
[2026-08-08T01:57:23.738+0000] {processor.py:914} INFO - Processing file /home/airflow/.local/lib/python3.12/site-packages/airflow/example_dags/example_dataset_alias.py for tasks to queue
[2026-08-08T01:57:23.741+0000] {logging_mixin.py:190} INFO - [2026-08-08T01:57:23.741+0000] {dagbag.py:588} INFO - Filling up the DagBag from /home/airflow/.local/lib/python3.12/site-packages/airflow/example_dags/example_dataset_alias.py
[2026-08-08T01:57:24.513+0000] {processor.py:925} INFO - DAG(s) 'dataset_s3_bucket_producer', 'dataset_alias_example_alias_producer', 'dataset_alias_example_alias_consumer', 'dataset_s3_bucket_consumer' retrieved from /home/airflow/.local/lib/python3.12/site-packages/airflow/example_dags/example_dataset_alias.py
[2026-08-08T01:57:24.535+0000] {logging_mixin.py:190} INFO - [2026-08-08T01:57:24.534+0000] {dag.py:3239} INFO - Sync 4 DAGs
[2026-08-08T01:57:24.563+0000] {logging_mixin.py:190} INFO - [2026-08-08T01:57:24.563+0000] {dag.py:4180} INFO - Setting next_dagrun for dataset_alias_example_alias_consumer to None, run_after=None
[2026-08-08T01:57:24.567+0000] {logging_mixin.py:190} INFO - [2026-08-08T01:57:24.567+0000] {dag.py:4180} INFO - Setting next_dagrun for dataset_alias_example_alias_producer to None, run_after=None
[2026-08-08T01:57:24.570+0000] {logging_mixin.py:190} INFO - [2026-08-08T01:57:24.570+0000] {dag.py:4180} INFO - Setting next_dagrun for dataset_s3_bucket_consumer to None, run_after=None
[2026-08-08T01:57:24.573+0000] {logging_mixin.py:190} INFO - [2026-08-08T01:57:24.573+0000] {dag.py:4180} INFO - Setting next_dagrun for dataset_s3_bucket_producer to None, run_after=None
[2026-08-08T01:57:24.604+0000] {processor.py:208} INFO - Processing /home/airflow/.local/lib/python3.12/site-packages/airflow/example_dags/example_dataset_alias.py took 0.873 seconds
[2026-08-08T01:57:54.890+0000] {processor.py:186} INFO - Started process (PID=6226) to work on /home/airflow/.local/lib/python3.12/site-packages/airflow/example_dags/example_dataset_alias.py
[2026-08-08T01:57:54.893+0000] {processor.py:914} INFO - Processing file /home/airflow/.local/lib/python3.12/site-packages/airflow/example_dags/example_dataset_alias.py for tasks to queue
[2026-08-08T01:57:54.896+0000] {logging_mixin.py:190} INFO - [2026-08-08T01:57:54.895+0000] {dagbag.py:588} INFO - Filling up the DagBag from /home/airflow/.local/lib/python3.12/site-packages/airflow/example_dags/example_dataset_alias.py
[2026-08-08T01:57:55.592+0000] {processor.py:925} INFO - DAG(s) 'dataset_alias_example_alias_consumer', 'dataset_s3_bucket_producer', 'dataset_alias_example_alias_producer', 'dataset_s3_bucket_consumer' retrieved from /home/airflow/.local/lib/python3.12/site-packages/airflow/example_dags/example_dataset_alias.py
[2026-08-08T01:57:55.616+0000] {logging_mixin.py:190} INFO - [2026-08-08T01:57:55.615+0000] {dag.py:3239} INFO - Sync 4 DAGs
[2026-08-08T01:57:55.641+0000] {logging_mixin.py:190} INFO - [2026-08-08T01:57:55.641+0000] {dag.py:4180} INFO - Setting next_dagrun for dataset_alias_example_alias_consumer to None, run_after=None
[2026-08-08T01:57:55.644+0000] {logging_mixin.py:190} INFO - [2026-08-08T01:57:55.644+0000] {dag.py:4180} INFO - Setting next_dagrun for dataset_alias_example_alias_producer to None, run_after=None
[2026-08-08T01:57:55.646+0000] {logging_mixin.py:190} INFO - [2026-08-08T01:57:55.646+0000] {dag.py:4180} INFO - Setting next_dagrun for dataset_s3_bucket_consumer to None, run_after=None
[2026-08-08T01:57:55.649+0000] {logging_mixin.py:190} INFO - [2026-08-08T01:57:55.648+0000] {dag.py:4180} INFO - Setting next_dagrun for dataset_s3_bucket_producer to None, run_after=None
[2026-08-08T01:57:55.672+0000] {processor.py:208} INFO - Processing /home/airflow/.local/lib/python3.12/site-packages/airflow/example_dags/example_dataset_alias.py took 0.790 seconds
[2026-08-08T01:58:25.986+0000] {processor.py:186} INFO - Started process (PID=6295) to work on /home/airflow/.local/lib/python3.12/site-packages/airflow/example_dags/example_dataset_alias.py
[2026-08-08T01:58:25.987+0000] {processor.py:914} INFO - Processing file /home/airflow/.local/lib/python3.12/site-packages/airflow/example_dags/example_dataset_alias.py for tasks to queue
[2026-08-08T01:58:25.990+0000] {logging_mixin.py:190} INFO - [2026-08-08T01:58:25.990+0000] {dagbag.py:588} INFO - Filling up the DagBag from /home/airflow/.local/lib/python3.12/site-packages/airflow/example_dags/example_dataset_alias.py
[2026-08-08T01:58:26.616+0000] {processor.py:925} INFO - DAG(s) 'dataset_alias_example_alias_consumer', 'dataset_alias_example_alias_producer', 'dataset_s3_bucket_consumer', 'dataset_s3_bucket_producer' retrieved from /home/airflow/.local/lib/python3.12/site-packages/airflow/example_dags/example_dataset_alias.py
[2026-08-08T01:58:26.638+0000] {logging_mixin.py:190} INFO - [2026-08-08T01:58:26.637+0000] {dag.py:3239} INFO - Sync 4 DAGs
[2026-08-08T01:58:26.662+0000] {logging_mixin.py:190} INFO - [2026-08-08T01:58:26.661+0000] {dag.py:4180} INFO - Setting next_dagrun for dataset_alias_example_alias_consumer to None, run_after=None
[2026-08-08T01:58:26.665+0000] {logging_mixin.py:190} INFO - [2026-08-08T01:58:26.665+0000] {dag.py:4180} INFO - Setting next_dagrun for dataset_alias_example_alias_producer to None, run_after=None
[2026-08-08T01:58:26.667+0000] {logging_mixin.py:190} INFO - [2026-08-08T01:58:26.667+0000] {dag.py:4180} INFO - Setting next_dagrun for dataset_s3_bucket_consumer to None, run_after=None
[2026-08-08T01:58:26.670+0000] {logging_mixin.py:190} INFO - [2026-08-08T01:58:26.670+0000] {dag.py:4180} INFO - Setting next_dagrun for dataset_s3_bucket_producer to None, run_after=None
[2026-08-08T01:58:26.695+0000] {processor.py:208} INFO - Processing /home/airflow/.local/lib/python3.12/site-packages/airflow/example_dags/example_dataset_alias.py took 0.717 seconds
[2026-08-08T01:58:56.840+0000] {processor.py:186} INFO - Started process (PID=6365) to work on /home/airflow/.local/lib/python3.12/site-packages/airflow/example_dags/example_dataset_alias.py
[2026-08-08T01:58:56.842+0000] {processor.py:914} INFO - Processing file /home/airflow/.local/lib/python3.12/site-packages/airflow/example_dags/example_dataset_alias.py for tasks to queue
[2026-08-08T01:58:56.846+0000] {logging_mixin.py:190} INFO - [2026-08-08T01:58:56.845+0000] {dagbag.py:588} INFO - Filling up the DagBag from /home/airflow/.local/lib/python3.12/site-packages/airflow/example_dags/example_dataset_alias.py
[2026-08-08T01:58:57.530+0000] {processor.py:925} INFO - DAG(s) 'dataset_alias_example_alias_consumer', 'dataset_alias_example_alias_producer', 'dataset_s3_bucket_producer', 'dataset_s3_bucket_consumer' retrieved from /home/airflow/.local/lib/python3.12/site-packages/airflow/example_dags/example_dataset_alias.py
[2026-08-08T01:58:57.558+0000] {logging_mixin.py:190} INFO - [2026-08-08T01:58:57.558+0000] {dag.py:3239} INFO - Sync 4 DAGs
[2026-08-08T01:58:57.585+0000] {logging_mixin.py:190} INFO - [2026-08-08T01:58:57.585+0000] {dag.py:4180} INFO - Setting next_dagrun for dataset_alias_example_alias_consumer to None, run_after=None
[2026-08-08T01:58:57.589+0000] {logging_mixin.py:190} INFO - [2026-08-08T01:58:57.589+0000] {dag.py:4180} INFO - Setting next_dagrun for dataset_alias_example_alias_producer to None, run_after=None
[2026-08-08T01:58:57.593+0000] {logging_mixin.py:190} INFO - [2026-08-08T01:58:57.593+0000] {dag.py:4180} INFO - Setting next_dagrun for dataset_s3_bucket_consumer to None, run_after=None
[2026-08-08T01:58:57.595+0000] {logging_mixin.py:190} INFO - [2026-08-08T01:58:57.595+0000] {dag.py:4180} INFO - Setting next_dagrun for dataset_s3_bucket_producer to None, run_after=None
[2026-08-08T01:58:57.627+0000] {processor.py:208} INFO - Processing /home/airflow/.local/lib/python3.12/site-packages/airflow/example_dags/example_dataset_alias.py took 0.796 seconds
[2026-08-08T01:59:27.902+0000] {processor.py:186} INFO - Started process (PID=6431) to work on /home/airflow/.local/lib/python3.12/site-packages/airflow/example_dags/example_dataset_alias.py
[2026-08-08T01:59:27.904+0000] {processor.py:914} INFO - Processing file /home/airflow/.local/lib/python3.12/site-packages/airflow/example_dags/example_dataset_alias.py for tasks to queue
[2026-08-08T01:59:27.908+0000] {logging_mixin.py:190} INFO - [2026-08-08T01:59:27.908+0000] {dagbag.py:588} INFO - Filling up the DagBag from /home/airflow/.local/lib/python3.12/site-packages/airflow/example_dags/example_dataset_alias.py
[2026-08-08T01:59:28.637+0000] {processor.py:925} INFO - DAG(s) 'dataset_alias_example_alias_consumer', 'dataset_alias_example_alias_producer', 'dataset_s3_bucket_producer', 'dataset_s3_bucket_consumer' retrieved from /home/airflow/.local/lib/python3.12/site-packages/airflow/example_dags/example_dataset_alias.py
[2026-08-08T01:59:28.668+0000] {logging_mixin.py:190} INFO - [2026-08-08T01:59:28.667+0000] {dag.py:3239} INFO - Sync 4 DAGs
[2026-08-08T01:59:28.696+0000] {logging_mixin.py:190} INFO - [2026-08-08T01:59:28.695+0000] {dag.py:4180} INFO - Setting next_dagrun for dataset_alias_example_alias_consumer to None, run_after=None
[2026-08-08T01:59:28.700+0000] {logging_mixin.py:190} INFO - [2026-08-08T01:59:28.700+0000] {dag.py:4180} INFO - Setting next_dagrun for dataset_alias_example_alias_producer to None, run_after=None
[2026-08-08T01:59:28.703+0000] {logging_mixin.py:190} INFO - [2026-08-08T01:59:28.702+0000] {dag.py:4180} INFO - Setting next_dagrun for dataset_s3_bucket_consumer to None, run_after=None
[2026-08-08T01:59:28.705+0000] {logging_mixin.py:190} INFO - [2026-08-08T01:59:28.705+0000] {dag.py:4180} INFO - Setting next_dagrun for dataset_s3_bucket_producer to None, run_after=None
[2026-08-08T01:59:28.739+0000] {processor.py:208} INFO - Processing /home/airflow/.local/lib/python3.12/site-packages/airflow/example_dags/example_dataset_alias.py took 0.846 seconds
[2026-08-08T01:59:58.997+0000] {processor.py:186} INFO - Started process (PID=6509) to work on /home/airflow/.local/lib/python3.12/site-packages/airflow/example_dags/example_dataset_alias.py
[2026-08-08T01:59:58.998+0000] {processor.py:914} INFO - Processing file /home/airflow/.local/lib/python3.12/site-packages/airflow/example_dags/example_dataset_alias.py for tasks to queue
[2026-08-08T01:59:59.001+0000] {logging_mixin.py:190} INFO - [2026-08-08T01:59:59.001+0000] {dagbag.py:588} INFO - Filling up the DagBag from /home/airflow/.local/lib/python3.12/site-packages/airflow/example_dags/example_dataset_alias.py
[2026-08-08T01:59:59.553+0000] {processor.py:925} INFO - DAG(s) 'dataset_s3_bucket_consumer', 'dataset_s3_bucket_producer', 'dataset_alias_example_alias_consumer', 'dataset_alias_example_alias_producer' retrieved from /home/airflow/.local/lib/python3.12/site-packages/airflow/example_dags/example_dataset_alias.py
[2026-08-08T01:59:59.573+0000] {logging_mixin.py:190} INFO - [2026-08-08T01:59:59.572+0000] {dag.py:3239} INFO - Sync 4 DAGs
[2026-08-08T01:59:59.595+0000] {logging_mixin.py:190} INFO - [2026-08-08T01:59:59.594+0000] {dag.py:4180} INFO - Setting next_dagrun for dataset_alias_example_alias_consumer to None, run_after=None
[2026-08-08T01:59:59.598+0000] {logging_mixin.py:190} INFO - [2026-08-08T01:59:59.598+0000] {dag.py:4180} INFO - Setting next_dagrun for dataset_alias_example_alias_producer to None, run_after=None
[2026-08-08T01:59:59.602+0000] {logging_mixin.py:190} INFO - [2026-08-08T01:59:59.602+0000] {dag.py:4180} INFO - Setting next_dagrun for dataset_s3_bucket_consumer to None, run_after=None
[2026-08-08T01:59:59.604+0000] {logging_mixin.py:190} INFO - [2026-08-08T01:59:59.604+0000] {dag.py:4180} INFO - Setting next_dagrun for dataset_s3_bucket_producer to None, run_after=None
[2026-08-08T01:59:59.624+0000] {processor.py:208} INFO - Processing /home/airflow/.local/lib/python3.12/site-packages/airflow/example_dags/example_dataset_alias.py took 0.633 seconds
[2026-08-08T02:00:29.715+0000] {processor.py:186} INFO - Started process (PID=6574) to work on /home/airflow/.local/lib/python3.12/site-packages/airflow/example_dags/example_dataset_alias.py
[2026-08-08T02:00:29.716+0000] {processor.py:914} INFO - Processing file /home/airflow/.local/lib/python3.12/site-packages/airflow/example_dags/example_dataset_alias.py for tasks to queue
[2026-08-08T02:00:29.719+0000] {logging_mixin.py:190} INFO - [2026-08-08T02:00:29.719+0000] {dagbag.py:588} INFO - Filling up the DagBag from /home/airflow/.local/lib/python3.12/site-packages/airflow/example_dags/example_dataset_alias.py
[2026-08-08T02:00:30.344+0000] {processor.py:925} INFO - DAG(s) 'dataset_alias_example_alias_producer', 'dataset_s3_bucket_producer', 'dataset_alias_example_alias_consumer', 'dataset_s3_bucket_consumer' retrieved from /home/airflow/.local/lib/python3.12/site-packages/airflow/example_dags/example_dataset_alias.py
[2026-08-08T02:00:30.368+0000] {logging_mixin.py:190} INFO - [2026-08-08T02:00:30.368+0000] {dag.py:3239} INFO - Sync 4 DAGs
[2026-08-08T02:00:30.392+0000] {logging_mixin.py:190} INFO - [2026-08-08T02:00:30.391+0000] {dag.py:4180} INFO - Setting next_dagrun for dataset_alias_example_alias_consumer to None, run_after=None
[2026-08-08T02:00:30.395+0000] {logging_mixin.py:190} INFO - [2026-08-08T02:00:30.395+0000] {dag.py:4180} INFO - Setting next_dagrun for dataset_alias_example_alias_producer to None, run_after=None
[2026-08-08T02:00:30.397+0000] {logging_mixin.py:190} INFO - [2026-08-08T02:00:30.397+0000] {dag.py:4180} INFO - Setting next_dagrun for dataset_s3_bucket_consumer to None, run_after=None
[2026-08-08T02:00:30.399+0000] {logging_mixin.py:190} INFO - [2026-08-08T02:00:30.399+0000] {dag.py:4180} INFO - Setting next_dagrun for dataset_s3_bucket_producer to None, run_after=None
[2026-08-08T02:00:30.423+0000] {processor.py:208} INFO - Processing /home/airflow/.local/lib/python3.12/site-packages/airflow/example_dags/example_dataset_alias.py took 0.715 seconds
[2026-08-08T02:01:00.833+0000] {processor.py:186} INFO - Started process (PID=6642) to work on /home/airflow/.local/lib/python3.12/site-packages/airflow/example_dags/example_dataset_alias.py
[2026-08-08T02:01:00.834+0000] {processor.py:914} INFO - Processing file /home/airflow/.local/lib/python3.12/site-packages/airflow/example_dags/example_dataset_alias.py for tasks to queue
[2026-08-08T02:01:00.838+0000] {logging_mixin.py:190} INFO - [2026-08-08T02:01:00.837+0000] {dagbag.py:588} INFO - Filling up the DagBag from /home/airflow/.local/lib/python3.12/site-packages/airflow/example_dags/example_dataset_alias.py
[2026-08-08T02:01:01.493+0000] {processor.py:925} INFO - DAG(s) 'dataset_alias_example_alias_consumer', 'dataset_s3_bucket_consumer', 'dataset_alias_example_alias_producer', 'dataset_s3_bucket_producer' retrieved from /home/airflow/.local/lib/python3.12/site-packages/airflow/example_dags/example_dataset_alias.py
[2026-08-08T02:01:01.513+0000] {logging_mixin.py:190} INFO - [2026-08-08T02:01:01.513+0000] {dag.py:3239} INFO - Sync 4 DAGs
[2026-08-08T02:01:01.535+0000] {logging_mixin.py:190} INFO - [2026-08-08T02:01:01.535+0000] {dag.py:4180} INFO - Setting next_dagrun for dataset_alias_example_alias_consumer to None, run_after=None
[2026-08-08T02:01:01.538+0000] {logging_mixin.py:190} INFO - [2026-08-08T02:01:01.538+0000] {dag.py:4180} INFO - Setting next_dagrun for dataset_alias_example_alias_producer to None, run_after=None
[2026-08-08T02:01:01.540+0000] {logging_mixin.py:190} INFO - [2026-08-08T02:01:01.540+0000] {dag.py:4180} INFO - Setting next_dagrun for dataset_s3_bucket_consumer to None, run_after=None
[2026-08-08T02:01:01.542+0000] {logging_mixin.py:190} INFO - [2026-08-08T02:01:01.542+0000] {dag.py:4180} INFO - Setting next_dagrun for dataset_s3_bucket_producer to None, run_after=None
[2026-08-08T02:01:01.564+0000] {processor.py:208} INFO - Processing /home/airflow/.local/lib/python3.12/site-packages/airflow/example_dags/example_dataset_alias.py took 0.739 seconds
[2026-08-08T02:01:31.919+0000] {processor.py:186} INFO - Started process (PID=6708) to work on /home/airflow/.local/lib/python3.12/site-packages/airflow/example_dags/example_dataset_alias.py
[2026-08-08T02:01:31.921+0000] {processor.py:914} INFO - Processing file /home/airflow/.local/lib/python3.12/site-packages/airflow/example_dags/example_dataset_alias.py for tasks to queue
[2026-08-08T02:01:31.924+0000] {logging_mixin.py:190} INFO - [2026-08-08T02:01:31.924+0000] {dagbag.py:588} INFO - Filling up the DagBag from /home/airflow/.local/lib/python3.12/site-packages/airflow/example_dags/example_dataset_alias.py
[2026-08-08T02:01:32.655+0000] {processor.py:925} INFO - DAG(s) 'dataset_s3_bucket_consumer', 'dataset_alias_example_alias_consumer', 'dataset_alias_example_alias_producer', 'dataset_s3_bucket_producer' retrieved from /home/airflow/.local/lib/python3.12/site-packages/airflow/example_dags/example_dataset_alias.py
[2026-08-08T02:01:32.678+0000] {logging_mixin.py:190} INFO - [2026-08-08T02:01:32.677+0000] {dag.py:3239} INFO - Sync 4 DAGs
[2026-08-08T02:01:32.704+0000] {logging_mixin.py:190} INFO - [2026-08-08T02:01:32.704+0000] {dag.py:4180} INFO - Setting next_dagrun for dataset_alias_example_alias_consumer to None, run_after=None
[2026-08-08T02:01:32.708+0000] {logging_mixin.py:190} INFO - [2026-08-08T02:01:32.708+0000] {dag.py:4180} INFO - Setting next_dagrun for dataset_alias_example_alias_producer to None, run_after=None
[2026-08-08T02:01:32.710+0000] {logging_mixin.py:190} INFO - [2026-08-08T02:01:32.710+0000] {dag.py:4180} INFO - Setting next_dagrun for dataset_s3_bucket_consumer to None, run_after=None
[2026-08-08T02:01:32.713+0000] {logging_mixin.py:190} INFO - [2026-08-08T02:01:32.712+0000] {dag.py:4180} INFO - Setting next_dagrun for dataset_s3_bucket_producer to None, run_after=None
[2026-08-08T02:01:32.741+0000] {processor.py:208} INFO - Processing /home/airflow/.local/lib/python3.12/site-packages/airflow/example_dags/example_dataset_alias.py took 0.830 seconds
[2026-08-08T02:02:03.460+0000] {processor.py:186} INFO - Started process (PID=6773) to work on /home/airflow/.local/lib/python3.12/site-packages/airflow/example_dags/example_dataset_alias.py
[2026-08-08T02:02:03.462+0000] {processor.py:914} INFO - Processing file /home/airflow/.local/lib/python3.12/site-packages/airflow/example_dags/example_dataset_alias.py for tasks to queue
[2026-08-08T02:02:03.464+0000] {logging_mixin.py:190} INFO - [2026-08-08T02:02:03.464+0000] {dagbag.py:588} INFO - Filling up the DagBag from /home/airflow/.local/lib/python3.12/site-packages/airflow/example_dags/example_dataset_alias.py
[2026-08-08T02:02:04.060+0000] {processor.py:925} INFO - DAG(s) 'dataset_alias_example_alias_consumer', 'dataset_s3_bucket_producer', 'dataset_alias_example_alias_producer', 'dataset_s3_bucket_consumer' retrieved from /home/airflow/.local/lib/python3.12/site-packages/airflow/example_dags/example_dataset_alias.py
[2026-08-08T02:02:04.084+0000] {logging_mixin.py:190} INFO - [2026-08-08T02:02:04.083+0000] {dag.py:3239} INFO - Sync 4 DAGs
[2026-08-08T02:02:04.108+0000] {logging_mixin.py:190} INFO - [2026-08-08T02:02:04.108+0000] {dag.py:4180} INFO - Setting next_dagrun for dataset_alias_example_alias_consumer to None, run_after=None
[2026-08-08T02:02:04.112+0000] {logging_mixin.py:190} INFO - [2026-08-08T02:02:04.112+0000] {dag.py:4180} INFO - Setting next_dagrun for dataset_alias_example_alias_producer to None, run_after=None
[2026-08-08T02:02:04.116+0000] {logging_mixin.py:190} INFO - [2026-08-08T02:02:04.115+0000] {dag.py:4180} INFO - Setting next_dagrun for dataset_s3_bucket_consumer to None, run_after=None
[2026-08-08T02:02:04.122+0000] {logging_mixin.py:190} INFO - [2026-08-08T02:02:04.121+0000] {dag.py:4180} INFO - Setting next_dagrun for dataset_s3_bucket_producer to None, run_after=None
[2026-08-08T02:02:04.158+0000] {processor.py:208} INFO - Processing /home/airflow/.local/lib/python3.12/site-packages/airflow/example_dags/example_dataset_alias.py took 0.704 seconds
[2026-08-08T02:02:34.244+0000] {processor.py:186} INFO - Started process (PID=6838) to work on /home/airflow/.local/lib/python3.12/site-packages/airflow/example_dags/example_dataset_alias.py
[2026-08-08T02:02:34.246+0000] {processor.py:914} INFO - Processing file /home/airflow/.local/lib/python3.12/site-packages/airflow/example_dags/example_dataset_alias.py for tasks to queue
[2026-08-08T02:02:34.250+0000] {logging_mixin.py:190} INFO - [2026-08-08T02:02:34.249+0000] {dagbag.py:588} INFO - Filling up the DagBag from /home/airflow/.local/lib/python3.12/site-packages/airflow/example_dags/example_dataset_alias.py
[2026-08-08T02:02:34.837+0000] {processor.py:925} INFO - DAG(s) 'dataset_alias_example_alias_producer', 'dataset_s3_bucket_producer', 'dataset_s3_bucket_consumer', 'dataset_alias_example_alias_consumer' retrieved from /home/airflow/.local/lib/python3.12/site-packages/airflow/example_dags/example_dataset_alias.py
[2026-08-08T02:02:34.861+0000] {logging_mixin.py:190} INFO - [2026-08-08T02:02:34.860+0000] {dag.py:3239} INFO - Sync 4 DAGs
[2026-08-08T02:02:34.889+0000] {logging_mixin.py:190} INFO - [2026-08-08T02:02:34.889+0000] {dag.py:4180} INFO - Setting next_dagrun for dataset_alias_example_alias_consumer to None, run_after=None
[2026-08-08T02:02:34.893+0000] {logging_mixin.py:190} INFO - [2026-08-08T02:02:34.893+0000] {dag.py:4180} INFO - Setting next_dagrun for dataset_alias_example_alias_producer to None, run_after=None
[2026-08-08T02:02:34.896+0000] {logging_mixin.py:190} INFO - [2026-08-08T02:02:34.895+0000] {dag.py:4180} INFO - Setting next_dagrun for dataset_s3_bucket_consumer to None, run_after=None
[2026-08-08T02:02:34.897+0000] {logging_mixin.py:190} INFO - [2026-08-08T02:02:34.897+0000] {dag.py:4180} INFO - Setting next_dagrun for dataset_s3_bucket_producer to None, run_after=None
[2026-08-08T02:02:34.920+0000] {processor.py:208} INFO - Processing /home/airflow/.local/lib/python3.12/site-packages/airflow/example_dags/example_dataset_alias.py took 0.684 seconds
[2026-08-08T02:03:05.329+0000] {processor.py:186} INFO - Started process (PID=6903) to work on /home/airflow/.local/lib/python3.12/site-packages/airflow/example_dags/example_dataset_alias.py
[2026-08-08T02:03:05.330+0000] {processor.py:914} INFO - Processing file /home/airflow/.local/lib/python3.12/site-packages/airflow/example_dags/example_dataset_alias.py for tasks to queue
[2026-08-08T02:03:05.334+0000] {logging_mixin.py:190} INFO - [2026-08-08T02:03:05.333+0000] {dagbag.py:588} INFO - Filling up the DagBag from /home/airflow/.local/lib/python3.12/site-packages/airflow/example_dags/example_dataset_alias.py
[2026-08-08T02:03:05.926+0000] {processor.py:925} INFO - DAG(s) 'dataset_s3_bucket_consumer', 'dataset_alias_example_alias_consumer', 'dataset_s3_bucket_producer', 'dataset_alias_example_alias_producer' retrieved from /home/airflow/.local/lib/python3.12/site-packages/airflow/example_dags/example_dataset_alias.py
[2026-08-08T02:03:05.948+0000] {logging_mixin.py:190} INFO - [2026-08-08T02:03:05.948+0000] {dag.py:3239} INFO - Sync 4 DAGs
[2026-08-08T02:03:05.971+0000] {logging_mixin.py:190} INFO - [2026-08-08T02:03:05.971+0000] {dag.py:4180} INFO - Setting next_dagrun for dataset_alias_example_alias_consumer to None, run_after=None
[2026-08-08T02:03:05.974+0000] {logging_mixin.py:190} INFO - [2026-08-08T02:03:05.974+0000] {dag.py:4180} INFO - Setting next_dagrun for dataset_alias_example_alias_producer to None, run_after=None
[2026-08-08T02:03:05.977+0000] {logging_mixin.py:190} INFO - [2026-08-08T02:03:05.976+0000] {dag.py:4180} INFO - Setting next_dagrun for dataset_s3_bucket_consumer to None, run_after=None
[2026-08-08T02:03:05.979+0000] {logging_mixin.py:190} INFO - [2026-08-08T02:03:05.979+0000] {dag.py:4180} INFO - Setting next_dagrun for dataset_s3_bucket_producer to None, run_after=None
[2026-08-08T02:03:06.001+0000] {processor.py:208} INFO - Processing /home/airflow/.local/lib/python3.12/site-packages/airflow/example_dags/example_dataset_alias.py took 0.678 seconds
[2026-08-08T02:03:36.100+0000] {processor.py:186} INFO - Started process (PID=6968) to work on /home/airflow/.local/lib/python3.12/site-packages/airflow/example_dags/example_dataset_alias.py
[2026-08-08T02:03:36.102+0000] {processor.py:914} INFO - Processing file /home/airflow/.local/lib/python3.12/site-packages/airflow/example_dags/example_dataset_alias.py for tasks to queue
[2026-08-08T02:03:36.105+0000] {logging_mixin.py:190} INFO - [2026-08-08T02:03:36.105+0000] {dagbag.py:588} INFO - Filling up the DagBag from /home/airflow/.local/lib/python3.12/site-packages/airflow/example_dags/example_dataset_alias.py
[2026-08-08T02:03:36.711+0000] {processor.py:925} INFO - DAG(s) 'dataset_alias_example_alias_producer', 'dataset_s3_bucket_consumer', 'dataset_s3_bucket_producer', 'dataset_alias_example_alias_consumer' retrieved from /home/airflow/.local/lib/python3.12/site-packages/airflow/example_dags/example_dataset_alias.py
[2026-08-08T02:03:36.737+0000] {logging_mixin.py:190} INFO - [2026-08-08T02:03:36.736+0000] {dag.py:3239} INFO - Sync 4 DAGs
[2026-08-08T02:03:36.762+0000] {logging_mixin.py:190} INFO - [2026-08-08T02:03:36.762+0000] {dag.py:4180} INFO - Setting next_dagrun for dataset_alias_example_alias_consumer to None, run_after=None
[2026-08-08T02:03:36.766+0000] {logging_mixin.py:190} INFO - [2026-08-08T02:03:36.766+0000] {dag.py:4180} INFO - Setting next_dagrun for dataset_alias_example_alias_producer to None, run_after=None
[2026-08-08T02:03:36.768+0000] {logging_mixin.py:190} INFO - [2026-08-08T02:03:36.768+0000] {dag.py:4180} INFO - Setting next_dagrun for dataset_s3_bucket_consumer to None, run_after=None
[2026-08-08T02:03:36.770+0000] {logging_mixin.py:190} INFO - [2026-08-08T02:03:36.770+0000] {dag.py:4180} INFO - Setting next_dagrun for dataset_s3_bucket_producer to None, run_after=None
[2026-08-08T02:03:36.794+0000] {processor.py:208} INFO - Processing /home/airflow/.local/lib/python3.12/site-packages/airflow/example_dags/example_dataset_alias.py took 0.700 seconds
[2026-08-08T02:04:06.944+0000] {processor.py:186} INFO - Started process (PID=7033) to work on /home/airflow/.local/lib/python3.12/site-packages/airflow/example_dags/example_dataset_alias.py
[2026-08-08T02:04:06.946+0000] {processor.py:914} INFO - Processing file /home/airflow/.local/lib/python3.12/site-packages/airflow/example_dags/example_dataset_alias.py for tasks to queue
[2026-08-08T02:04:06.948+0000] {logging_mixin.py:190} INFO - [2026-08-08T02:04:06.948+0000] {dagbag.py:588} INFO - Filling up the DagBag from /home/airflow/.local/lib/python3.12/site-packages/airflow/example_dags/example_dataset_alias.py
[2026-08-08T02:04:07.538+0000] {processor.py:925} INFO - DAG(s) 'dataset_alias_example_alias_producer', 'dataset_alias_example_alias_consumer', 'dataset_s3_bucket_producer', 'dataset_s3_bucket_consumer' retrieved from /home/airflow/.local/lib/python3.12/site-packages/airflow/example_dags/example_dataset_alias.py
[2026-08-08T02:04:07.562+0000] {logging_mixin.py:190} INFO - [2026-08-08T02:04:07.561+0000] {dag.py:3239} INFO - Sync 4 DAGs
[2026-08-08T02:04:07.584+0000] {logging_mixin.py:190} INFO - [2026-08-08T02:04:07.583+0000] {dag.py:4180} INFO - Setting next_dagrun for dataset_alias_example_alias_consumer to None, run_after=None
[2026-08-08T02:04:07.587+0000] {logging_mixin.py:190} INFO - [2026-08-08T02:04:07.587+0000] {dag.py:4180} INFO - Setting next_dagrun for dataset_alias_example_alias_producer to None, run_after=None
[2026-08-08T02:04:07.590+0000] {logging_mixin.py:190} INFO - [2026-08-08T02:04:07.590+0000] {dag.py:4180} INFO - Setting next_dagrun for dataset_s3_bucket_consumer to None, run_after=None
[2026-08-08T02:04:07.592+0000] {logging_mixin.py:190} INFO - [2026-08-08T02:04:07.591+0000] {dag.py:4180} INFO - Setting next_dagrun for dataset_s3_bucket_producer to None, run_after=None
[2026-08-08T02:04:07.614+0000] {processor.py:208} INFO - Processing /home/airflow/.local/lib/python3.12/site-packages/airflow/example_dags/example_dataset_alias.py took 0.676 seconds
[2026-08-08T02:04:38.143+0000] {processor.py:186} INFO - Started process (PID=7098) to work on /home/airflow/.local/lib/python3.12/site-packages/airflow/example_dags/example_dataset_alias.py
[2026-08-08T02:04:38.144+0000] {processor.py:914} INFO - Processing file /home/airflow/.local/lib/python3.12/site-packages/airflow/example_dags/example_dataset_alias.py for tasks to queue
[2026-08-08T02:04:38.148+0000] {logging_mixin.py:190} INFO - [2026-08-08T02:04:38.147+0000] {dagbag.py:588} INFO - Filling up the DagBag from /home/airflow/.local/lib/python3.12/site-packages/airflow/example_dags/example_dataset_alias.py
[2026-08-08T02:04:38.803+0000] {processor.py:925} INFO - DAG(s) 'dataset_alias_example_alias_producer', 'dataset_s3_bucket_producer', 'dataset_alias_example_alias_consumer', 'dataset_s3_bucket_consumer' retrieved from /home/airflow/.local/lib/python3.12/site-packages/airflow/example_dags/example_dataset_alias.py
[2026-08-08T02:04:38.834+0000] {logging_mixin.py:190} INFO - [2026-08-08T02:04:38.833+0000] {dag.py:3239} INFO - Sync 4 DAGs
[2026-08-08T02:04:38.863+0000] {logging_mixin.py:190} INFO - [2026-08-08T02:04:38.863+0000] {dag.py:4180} INFO - Setting next_dagrun for dataset_alias_example_alias_consumer to None, run_after=None
[2026-08-08T02:04:38.868+0000] {logging_mixin.py:190} INFO - [2026-08-08T02:04:38.868+0000] {dag.py:4180} INFO - Setting next_dagrun for dataset_alias_example_alias_producer to None, run_after=None
[2026-08-08T02:04:38.871+0000] {logging_mixin.py:190} INFO - [2026-08-08T02:04:38.871+0000] {dag.py:4180} INFO - Setting next_dagrun for dataset_s3_bucket_consumer to None, run_after=None
[2026-08-08T02:04:38.874+0000] {logging_mixin.py:190} INFO - [2026-08-08T02:04:38.874+0000] {dag.py:4180} INFO - Setting next_dagrun for dataset_s3_bucket_producer to None, run_after=None
[2026-08-08T02:04:38.905+0000] {processor.py:208} INFO - Processing /home/airflow/.local/lib/python3.12/site-packages/airflow/example_dags/example_dataset_alias.py took 0.771 seconds
[2026-08-08T02:05:09.026+0000] {processor.py:186} INFO - Started process (PID=7163) to work on /home/airflow/.local/lib/python3.12/site-packages/airflow/example_dags/example_dataset_alias.py
[2026-08-08T02:05:09.027+0000] {processor.py:914} INFO - Processing file /home/airflow/.local/lib/python3.12/site-packages/airflow/example_dags/example_dataset_alias.py for tasks to queue
[2026-08-08T02:05:09.031+0000] {logging_mixin.py:190} INFO - [2026-08-08T02:05:09.031+0000] {dagbag.py:588} INFO - Filling up the DagBag from /home/airflow/.local/lib/python3.12/site-packages/airflow/example_dags/example_dataset_alias.py
[2026-08-08T02:05:09.655+0000] {processor.py:925} INFO - DAG(s) 'dataset_alias_example_alias_producer', 'dataset_s3_bucket_producer', 'dataset_s3_bucket_consumer', 'dataset_alias_example_alias_consumer' retrieved from /home/airflow/.local/lib/python3.12/site-packages/airflow/example_dags/example_dataset_alias.py
[2026-08-08T02:05:09.678+0000] {logging_mixin.py:190} INFO - [2026-08-08T02:05:09.678+0000] {dag.py:3239} INFO - Sync 4 DAGs
[2026-08-08T02:05:09.701+0000] {logging_mixin.py:190} INFO - [2026-08-08T02:05:09.701+0000] {dag.py:4180} INFO - Setting next_dagrun for dataset_alias_example_alias_consumer to None, run_after=None
[2026-08-08T02:05:09.705+0000] {logging_mixin.py:190} INFO - [2026-08-08T02:05:09.705+0000] {dag.py:4180} INFO - Setting next_dagrun for dataset_alias_example_alias_producer to None, run_after=None
[2026-08-08T02:05:09.707+0000] {logging_mixin.py:190} INFO - [2026-08-08T02:05:09.707+0000] {dag.py:4180} INFO - Setting next_dagrun for dataset_s3_bucket_consumer to None, run_after=None
[2026-08-08T02:05:09.709+0000] {logging_mixin.py:190} INFO - [2026-08-08T02:05:09.709+0000] {dag.py:4180} INFO - Setting next_dagrun for dataset_s3_bucket_producer to None, run_after=None
[2026-08-08T02:05:09.733+0000] {processor.py:208} INFO - Processing /home/airflow/.local/lib/python3.12/site-packages/airflow/example_dags/example_dataset_alias.py took 0.713 seconds
[2026-08-08T02:05:39.977+0000] {processor.py:186} INFO - Started process (PID=7228) to work on /home/airflow/.local/lib/python3.12/site-packages/airflow/example_dags/example_dataset_alias.py
[2026-08-08T02:05:39.979+0000] {processor.py:914} INFO - Processing file /home/airflow/.local/lib/python3.12/site-packages/airflow/example_dags/example_dataset_alias.py for tasks to queue
[2026-08-08T02:05:39.985+0000] {logging_mixin.py:190} INFO - [2026-08-08T02:05:39.984+0000] {dagbag.py:588} INFO - Filling up the DagBag from /home/airflow/.local/lib/python3.12/site-packages/airflow/example_dags/example_dataset_alias.py
[2026-08-08T02:05:40.632+0000] {processor.py:925} INFO - DAG(s) 'dataset_s3_bucket_consumer', 'dataset_alias_example_alias_consumer', 'dataset_alias_example_alias_producer', 'dataset_s3_bucket_producer' retrieved from /home/airflow/.local/lib/python3.12/site-packages/airflow/example_dags/example_dataset_alias.py
[2026-08-08T02:05:40.655+0000] {logging_mixin.py:190} INFO - [2026-08-08T02:05:40.655+0000] {dag.py:3239} INFO - Sync 4 DAGs
[2026-08-08T02:05:40.681+0000] {logging_mixin.py:190} INFO - [2026-08-08T02:05:40.681+0000] {dag.py:4180} INFO - Setting next_dagrun for dataset_alias_example_alias_consumer to None, run_after=None
[2026-08-08T02:05:40.684+0000] {logging_mixin.py:190} INFO - [2026-08-08T02:05:40.684+0000] {dag.py:4180} INFO - Setting next_dagrun for dataset_alias_example_alias_producer to None, run_after=None
[2026-08-08T02:05:40.687+0000] {logging_mixin.py:190} INFO - [2026-08-08T02:05:40.687+0000] {dag.py:4180} INFO - Setting next_dagrun for dataset_s3_bucket_consumer to None, run_after=None
[2026-08-08T02:05:40.689+0000] {logging_mixin.py:190} INFO - [2026-08-08T02:05:40.689+0000] {dag.py:4180} INFO - Setting next_dagrun for dataset_s3_bucket_producer to None, run_after=None
[2026-08-08T02:05:40.713+0000] {processor.py:208} INFO - Processing /home/airflow/.local/lib/python3.12/site-packages/airflow/example_dags/example_dataset_alias.py took 0.745 seconds
[2026-08-08T02:06:11.110+0000] {processor.py:186} INFO - Started process (PID=7293) to work on /home/airflow/.local/lib/python3.12/site-packages/airflow/example_dags/example_dataset_alias.py
[2026-08-08T02:06:11.112+0000] {processor.py:914} INFO - Processing file /home/airflow/.local/lib/python3.12/site-packages/airflow/example_dags/example_dataset_alias.py for tasks to queue
[2026-08-08T02:06:11.116+0000] {logging_mixin.py:190} INFO - [2026-08-08T02:06:11.115+0000] {dagbag.py:588} INFO - Filling up the DagBag from /home/airflow/.local/lib/python3.12/site-packages/airflow/example_dags/example_dataset_alias.py
[2026-08-08T02:06:11.789+0000] {processor.py:925} INFO - DAG(s) 'dataset_alias_example_alias_consumer', 'dataset_s3_bucket_consumer', 'dataset_alias_example_alias_producer', 'dataset_s3_bucket_producer' retrieved from /home/airflow/.local/lib/python3.12/site-packages/airflow/example_dags/example_dataset_alias.py
[2026-08-08T02:06:11.813+0000] {logging_mixin.py:190} INFO - [2026-08-08T02:06:11.813+0000] {dag.py:3239} INFO - Sync 4 DAGs
[2026-08-08T02:06:11.840+0000] {logging_mixin.py:190} INFO - [2026-08-08T02:06:11.840+0000] {dag.py:4180} INFO - Setting next_dagrun for dataset_alias_example_alias_consumer to None, run_after=None
[2026-08-08T02:06:11.843+0000] {logging_mixin.py:190} INFO - [2026-08-08T02:06:11.843+0000] {dag.py:4180} INFO - Setting next_dagrun for dataset_alias_example_alias_producer to None, run_after=None
[2026-08-08T02:06:11.846+0000] {logging_mixin.py:190} INFO - [2026-08-08T02:06:11.845+0000] {dag.py:4180} INFO - Setting next_dagrun for dataset_s3_bucket_consumer to None, run_after=None
[2026-08-08T02:06:11.848+0000] {logging_mixin.py:190} INFO - [2026-08-08T02:06:11.848+0000] {dag.py:4180} INFO - Setting next_dagrun for dataset_s3_bucket_producer to None, run_after=None
[2026-08-08T02:06:11.872+0000] {processor.py:208} INFO - Processing /home/airflow/.local/lib/python3.12/site-packages/airflow/example_dags/example_dataset_alias.py took 0.769 seconds
[2026-08-08T02:06:42.785+0000] {processor.py:186} INFO - Started process (PID=7358) to work on /home/airflow/.local/lib/python3.12/site-packages/airflow/example_dags/example_dataset_alias.py
[2026-08-08T02:06:42.787+0000] {processor.py:914} INFO - Processing file /home/airflow/.local/lib/python3.12/site-packages/airflow/example_dags/example_dataset_alias.py for tasks to queue
[2026-08-08T02:06:42.790+0000] {logging_mixin.py:190} INFO - [2026-08-08T02:06:42.790+0000] {dagbag.py:588} INFO - Filling up the DagBag from /home/airflow/.local/lib/python3.12/site-packages/airflow/example_dags/example_dataset_alias.py
[2026-08-08T02:06:43.365+0000] {processor.py:925} INFO - DAG(s) 'dataset_s3_bucket_consumer', 'dataset_s3_bucket_producer', 'dataset_alias_example_alias_consumer', 'dataset_alias_example_alias_producer' retrieved from /home/airflow/.local/lib/python3.12/site-packages/airflow/example_dags/example_dataset_alias.py
[2026-08-08T02:06:43.385+0000] {logging_mixin.py:190} INFO - [2026-08-08T02:06:43.384+0000] {dag.py:3239} INFO - Sync 4 DAGs
[2026-08-08T02:06:43.407+0000] {logging_mixin.py:190} INFO - [2026-08-08T02:06:43.407+0000] {dag.py:4180} INFO - Setting next_dagrun for dataset_alias_example_alias_consumer to None, run_after=None
[2026-08-08T02:06:43.410+0000] {logging_mixin.py:190} INFO - [2026-08-08T02:06:43.410+0000] {dag.py:4180} INFO - Setting next_dagrun for dataset_alias_example_alias_producer to None, run_after=None
[2026-08-08T02:06:43.413+0000] {logging_mixin.py:190} INFO - [2026-08-08T02:06:43.412+0000] {dag.py:4180} INFO - Setting next_dagrun for dataset_s3_bucket_consumer to None, run_after=None
[2026-08-08T02:06:43.415+0000] {logging_mixin.py:190} INFO - [2026-08-08T02:06:43.414+0000] {dag.py:4180} INFO - Setting next_dagrun for dataset_s3_bucket_producer to None, run_after=None
[2026-08-08T02:06:43.435+0000] {processor.py:208} INFO - Processing /home/airflow/.local/lib/python3.12/site-packages/airflow/example_dags/example_dataset_alias.py took 0.658 seconds
[2026-08-08T02:07:13.960+0000] {processor.py:186} INFO - Started process (PID=7423) to work on /home/airflow/.local/lib/python3.12/site-packages/airflow/example_dags/example_dataset_alias.py
[2026-08-08T02:07:13.961+0000] {processor.py:914} INFO - Processing file /home/airflow/.local/lib/python3.12/site-packages/airflow/example_dags/example_dataset_alias.py for tasks to queue
[2026-08-08T02:07:13.965+0000] {logging_mixin.py:190} INFO - [2026-08-08T02:07:13.964+0000] {dagbag.py:588} INFO - Filling up the DagBag from /home/airflow/.local/lib/python3.12/site-packages/airflow/example_dags/example_dataset_alias.py
[2026-08-08T02:07:14.623+0000] {processor.py:925} INFO - DAG(s) 'dataset_alias_example_alias_producer', 'dataset_s3_bucket_consumer', 'dataset_alias_example_alias_consumer', 'dataset_s3_bucket_producer' retrieved from /home/airflow/.local/lib/python3.12/site-packages/airflow/example_dags/example_dataset_alias.py
[2026-08-08T02:07:14.647+0000] {logging_mixin.py:190} INFO - [2026-08-08T02:07:14.646+0000] {dag.py:3239} INFO - Sync 4 DAGs
[2026-08-08T02:07:14.671+0000] {logging_mixin.py:190} INFO - [2026-08-08T02:07:14.671+0000] {dag.py:4180} INFO - Setting next_dagrun for dataset_alias_example_alias_consumer to None, run_after=None
[2026-08-08T02:07:14.675+0000] {logging_mixin.py:190} INFO - [2026-08-08T02:07:14.675+0000] {dag.py:4180} INFO - Setting next_dagrun for dataset_alias_example_alias_producer to None, run_after=None
[2026-08-08T02:07:14.678+0000] {logging_mixin.py:190} INFO - [2026-08-08T02:07:14.677+0000] {dag.py:4180} INFO - Setting next_dagrun for dataset_s3_bucket_consumer to None, run_after=None
[2026-08-08T02:07:14.680+0000] {logging_mixin.py:190} INFO - [2026-08-08T02:07:14.680+0000] {dag.py:4180} INFO - Setting next_dagrun for dataset_s3_bucket_producer to None, run_after=None
[2026-08-08T02:07:14.708+0000] {processor.py:208} INFO - Processing /home/airflow/.local/lib/python3.12/site-packages/airflow/example_dags/example_dataset_alias.py took 0.756 seconds
[2026-08-08T02:07:45.337+0000] {processor.py:186} INFO - Started process (PID=7488) to work on /home/airflow/.local/lib/python3.12/site-packages/airflow/example_dags/example_dataset_alias.py
[2026-08-08T02:07:45.338+0000] {processor.py:914} INFO - Processing file /home/airflow/.local/lib/python3.12/site-packages/airflow/example_dags/example_dataset_alias.py for tasks to queue
[2026-08-08T02:07:45.342+0000] {logging_mixin.py:190} INFO - [2026-08-08T02:07:45.341+0000] {dagbag.py:588} INFO - Filling up the DagBag from /home/airflow/.local/lib/python3.12/site-packages/airflow/example_dags/example_dataset_alias.py
[2026-08-08T02:07:45.897+0000] {processor.py:925} INFO - DAG(s) 'dataset_alias_example_alias_consumer', 'dataset_s3_bucket_producer', 'dataset_s3_bucket_consumer', 'dataset_alias_example_alias_producer' retrieved from /home/airflow/.local/lib/python3.12/site-packages/airflow/example_dags/example_dataset_alias.py
[2026-08-08T02:07:45.926+0000] {logging_mixin.py:190} INFO - [2026-08-08T02:07:45.926+0000] {dag.py:3239} INFO - Sync 4 DAGs
[2026-08-08T02:07:45.951+0000] {logging_mixin.py:190} INFO - [2026-08-08T02:07:45.951+0000] {dag.py:4180} INFO - Setting next_dagrun for dataset_alias_example_alias_consumer to None, run_after=None
[2026-08-08T02:07:45.954+0000] {logging_mixin.py:190} INFO - [2026-08-08T02:07:45.954+0000] {dag.py:4180} INFO - Setting next_dagrun for dataset_alias_example_alias_producer to None, run_after=None
[2026-08-08T02:07:45.956+0000] {logging_mixin.py:190} INFO - [2026-08-08T02:07:45.956+0000] {dag.py:4180} INFO - Setting next_dagrun for dataset_s3_bucket_consumer to None, run_after=None
[2026-08-08T02:07:45.958+0000] {logging_mixin.py:190} INFO - [2026-08-08T02:07:45.958+0000] {dag.py:4180} INFO - Setting next_dagrun for dataset_s3_bucket_producer to None, run_after=None
[2026-08-08T02:07:45.981+0000] {processor.py:208} INFO - Processing /home/airflow/.local/lib/python3.12/site-packages/airflow/example_dags/example_dataset_alias.py took 0.651 seconds
[2026-08-08T02:08:16.226+0000] {processor.py:186} INFO - Started process (PID=7553) to work on /home/airflow/.local/lib/python3.12/site-packages/airflow/example_dags/example_dataset_alias.py
[2026-08-08T02:08:16.227+0000] {processor.py:914} INFO - Processing file /home/airflow/.local/lib/python3.12/site-packages/airflow/example_dags/example_dataset_alias.py for tasks to queue
[2026-08-08T02:08:16.230+0000] {logging_mixin.py:190} INFO - [2026-08-08T02:08:16.229+0000] {dagbag.py:588} INFO - Filling up the DagBag from /home/airflow/.local/lib/python3.12/site-packages/airflow/example_dags/example_dataset_alias.py
[2026-08-08T02:08:16.846+0000] {processor.py:925} INFO - DAG(s) 'dataset_s3_bucket_consumer', 'dataset_s3_bucket_producer', 'dataset_alias_example_alias_consumer', 'dataset_alias_example_alias_producer' retrieved from /home/airflow/.local/lib/python3.12/site-packages/airflow/example_dags/example_dataset_alias.py
[2026-08-08T02:08:16.866+0000] {logging_mixin.py:190} INFO - [2026-08-08T02:08:16.866+0000] {dag.py:3239} INFO - Sync 4 DAGs
[2026-08-08T02:08:16.888+0000] {logging_mixin.py:190} INFO - [2026-08-08T02:08:16.888+0000] {dag.py:4180} INFO - Setting next_dagrun for dataset_alias_example_alias_consumer to None, run_after=None
[2026-08-08T02:08:16.891+0000] {logging_mixin.py:190} INFO - [2026-08-08T02:08:16.891+0000] {dag.py:4180} INFO - Setting next_dagrun for dataset_alias_example_alias_producer to None, run_after=None
[2026-08-08T02:08:16.893+0000] {logging_mixin.py:190} INFO - [2026-08-08T02:08:16.893+0000] {dag.py:4180} INFO - Setting next_dagrun for dataset_s3_bucket_consumer to None, run_after=None
[2026-08-08T02:08:16.895+0000] {logging_mixin.py:190} INFO - [2026-08-08T02:08:16.895+0000] {dag.py:4180} INFO - Setting next_dagrun for dataset_s3_bucket_producer to None, run_after=None
[2026-08-08T02:08:16.914+0000] {processor.py:208} INFO - Processing /home/airflow/.local/lib/python3.12/site-packages/airflow/example_dags/example_dataset_alias.py took 0.693 seconds
[2026-08-08T02:08:47.728+0000] {processor.py:186} INFO - Started process (PID=7618) to work on /home/airflow/.local/lib/python3.12/site-packages/airflow/example_dags/example_dataset_alias.py
[2026-08-08T02:08:47.730+0000] {processor.py:914} INFO - Processing file /home/airflow/.local/lib/python3.12/site-packages/airflow/example_dags/example_dataset_alias.py for tasks to queue
[2026-08-08T02:08:47.733+0000] {logging_mixin.py:190} INFO - [2026-08-08T02:08:47.733+0000] {dagbag.py:588} INFO - Filling up the DagBag from /home/airflow/.local/lib/python3.12/site-packages/airflow/example_dags/example_dataset_alias.py
[2026-08-08T02:08:48.351+0000] {processor.py:925} INFO - DAG(s) 'dataset_s3_bucket_consumer', 'dataset_alias_example_alias_consumer', 'dataset_s3_bucket_producer', 'dataset_alias_example_alias_producer' retrieved from /home/airflow/.local/lib/python3.12/site-packages/airflow/example_dags/example_dataset_alias.py
[2026-08-08T02:08:48.373+0000] {logging_mixin.py:190} INFO - [2026-08-08T02:08:48.373+0000] {dag.py:3239} INFO - Sync 4 DAGs
[2026-08-08T02:08:48.399+0000] {logging_mixin.py:190} INFO - [2026-08-08T02:08:48.399+0000] {dag.py:4180} INFO - Setting next_dagrun for dataset_alias_example_alias_consumer to None, run_after=None
[2026-08-08T02:08:48.403+0000] {logging_mixin.py:190} INFO - [2026-08-08T02:08:48.402+0000] {dag.py:4180} INFO - Setting next_dagrun for dataset_alias_example_alias_producer to None, run_after=None
[2026-08-08T02:08:48.405+0000] {logging_mixin.py:190} INFO - [2026-08-08T02:08:48.404+0000] {dag.py:4180} INFO - Setting next_dagrun for dataset_s3_bucket_consumer to None, run_after=None
[2026-08-08T02:08:48.406+0000] {logging_mixin.py:190} INFO - [2026-08-08T02:08:48.406+0000] {dag.py:4180} INFO - Setting next_dagrun for dataset_s3_bucket_producer to None, run_after=None
[2026-08-08T02:08:48.428+0000] {processor.py:208} INFO - Processing /home/airflow/.local/lib/python3.12/site-packages/airflow/example_dags/example_dataset_alias.py took 0.710 seconds
[2026-08-08T02:09:18.781+0000] {processor.py:186} INFO - Started process (PID=7683) to work on /home/airflow/.local/lib/python3.12/site-packages/airflow/example_dags/example_dataset_alias.py
[2026-08-08T02:09:18.782+0000] {processor.py:914} INFO - Processing file /home/airflow/.local/lib/python3.12/site-packages/airflow/example_dags/example_dataset_alias.py for tasks to queue
[2026-08-08T02:09:18.788+0000] {logging_mixin.py:190} INFO - [2026-08-08T02:09:18.787+0000] {dagbag.py:588} INFO - Filling up the DagBag from /home/airflow/.local/lib/python3.12/site-packages/airflow/example_dags/example_dataset_alias.py
[2026-08-08T02:09:19.374+0000] {processor.py:925} INFO - DAG(s) 'dataset_alias_example_alias_consumer', 'dataset_s3_bucket_consumer', 'dataset_s3_bucket_producer', 'dataset_alias_example_alias_producer' retrieved from /home/airflow/.local/lib/python3.12/site-packages/airflow/example_dags/example_dataset_alias.py
[2026-08-08T02:09:19.396+0000] {logging_mixin.py:190} INFO - [2026-08-08T02:09:19.396+0000] {dag.py:3239} INFO - Sync 4 DAGs
[2026-08-08T02:09:19.420+0000] {logging_mixin.py:190} INFO - [2026-08-08T02:09:19.420+0000] {dag.py:4180} INFO - Setting next_dagrun for dataset_alias_example_alias_consumer to None, run_after=None
[2026-08-08T02:09:19.424+0000] {logging_mixin.py:190} INFO - [2026-08-08T02:09:19.424+0000] {dag.py:4180} INFO - Setting next_dagrun for dataset_alias_example_alias_producer to None, run_after=None
[2026-08-08T02:09:19.426+0000] {logging_mixin.py:190} INFO - [2026-08-08T02:09:19.426+0000] {dag.py:4180} INFO - Setting next_dagrun for dataset_s3_bucket_consumer to None, run_after=None
[2026-08-08T02:09:19.428+0000] {logging_mixin.py:190} INFO - [2026-08-08T02:09:19.428+0000] {dag.py:4180} INFO - Setting next_dagrun for dataset_s3_bucket_producer to None, run_after=None
[2026-08-08T02:09:19.449+0000] {processor.py:208} INFO - Processing /home/airflow/.local/lib/python3.12/site-packages/airflow/example_dags/example_dataset_alias.py took 0.678 seconds
[2026-08-08T02:09:50.050+0000] {processor.py:186} INFO - Started process (PID=7748) to work on /home/airflow/.local/lib/python3.12/site-packages/airflow/example_dags/example_dataset_alias.py
[2026-08-08T02:09:50.051+0000] {processor.py:914} INFO - Processing file /home/airflow/.local/lib/python3.12/site-packages/airflow/example_dags/example_dataset_alias.py for tasks to queue
[2026-08-08T02:09:50.055+0000] {logging_mixin.py:190} INFO - [2026-08-08T02:09:50.054+0000] {dagbag.py:588} INFO - Filling up the DagBag from /home/airflow/.local/lib/python3.12/site-packages/airflow/example_dags/example_dataset_alias.py
[2026-08-08T02:09:50.623+0000] {processor.py:925} INFO - DAG(s) 'dataset_s3_bucket_consumer', 'dataset_alias_example_alias_consumer', 'dataset_alias_example_alias_producer', 'dataset_s3_bucket_producer' retrieved from /home/airflow/.local/lib/python3.12/site-packages/airflow/example_dags/example_dataset_alias.py
[2026-08-08T02:09:50.648+0000] {logging_mixin.py:190} INFO - [2026-08-08T02:09:50.648+0000] {dag.py:3239} INFO - Sync 4 DAGs
[2026-08-08T02:09:50.673+0000] {logging_mixin.py:190} INFO - [2026-08-08T02:09:50.673+0000] {dag.py:4180} INFO - Setting next_dagrun for dataset_alias_example_alias_consumer to None, run_after=None
[2026-08-08T02:09:50.677+0000] {logging_mixin.py:190} INFO - [2026-08-08T02:09:50.677+0000] {dag.py:4180} INFO - Setting next_dagrun for dataset_alias_example_alias_producer to None, run_after=None
[2026-08-08T02:09:50.679+0000] {logging_mixin.py:190} INFO - [2026-08-08T02:09:50.679+0000] {dag.py:4180} INFO - Setting next_dagrun for dataset_s3_bucket_consumer to None, run_after=None
[2026-08-08T02:09:50.681+0000] {logging_mixin.py:190} INFO - [2026-08-08T02:09:50.681+0000] {dag.py:4180} INFO - Setting next_dagrun for dataset_s3_bucket_producer to None, run_after=None
[2026-08-08T02:09:50.707+0000] {processor.py:208} INFO - Processing /home/airflow/.local/lib/python3.12/site-packages/airflow/example_dags/example_dataset_alias.py took 0.665 seconds
[2026-08-08T02:10:21.554+0000] {processor.py:186} INFO - Started process (PID=7813) to work on /home/airflow/.local/lib/python3.12/site-packages/airflow/example_dags/example_dataset_alias.py
[2026-08-08T02:10:21.556+0000] {processor.py:914} INFO - Processing file /home/airflow/.local/lib/python3.12/site-packages/airflow/example_dags/example_dataset_alias.py for tasks to queue
[2026-08-08T02:10:21.560+0000] {logging_mixin.py:190} INFO - [2026-08-08T02:10:21.560+0000] {dagbag.py:588} INFO - Filling up the DagBag from /home/airflow/.local/lib/python3.12/site-packages/airflow/example_dags/example_dataset_alias.py
[2026-08-08T02:10:22.317+0000] {processor.py:925} INFO - DAG(s) 'dataset_alias_example_alias_producer', 'dataset_alias_example_alias_consumer', 'dataset_s3_bucket_producer', 'dataset_s3_bucket_consumer' retrieved from /home/airflow/.local/lib/python3.12/site-packages/airflow/example_dags/example_dataset_alias.py
[2026-08-08T02:10:22.341+0000] {logging_mixin.py:190} INFO - [2026-08-08T02:10:22.341+0000] {dag.py:3239} INFO - Sync 4 DAGs
[2026-08-08T02:10:22.368+0000] {logging_mixin.py:190} INFO - [2026-08-08T02:10:22.368+0000] {dag.py:4180} INFO - Setting next_dagrun for dataset_alias_example_alias_consumer to None, run_after=None
[2026-08-08T02:10:22.372+0000] {logging_mixin.py:190} INFO - [2026-08-08T02:10:22.372+0000] {dag.py:4180} INFO - Setting next_dagrun for dataset_alias_example_alias_producer to None, run_after=None
[2026-08-08T02:10:22.375+0000] {logging_mixin.py:190} INFO - [2026-08-08T02:10:22.374+0000] {dag.py:4180} INFO - Setting next_dagrun for dataset_s3_bucket_consumer to None, run_after=None
[2026-08-08T02:10:22.377+0000] {logging_mixin.py:190} INFO - [2026-08-08T02:10:22.377+0000] {dag.py:4180} INFO - Setting next_dagrun for dataset_s3_bucket_producer to None, run_after=None
[2026-08-08T02:10:22.404+0000] {processor.py:208} INFO - Processing /home/airflow/.local/lib/python3.12/site-packages/airflow/example_dags/example_dataset_alias.py took 0.857 seconds
[2026-08-08T02:10:52.889+0000] {processor.py:186} INFO - Started process (PID=7880) to work on /home/airflow/.local/lib/python3.12/site-packages/airflow/example_dags/example_dataset_alias.py
[2026-08-08T02:10:52.891+0000] {processor.py:914} INFO - Processing file /home/airflow/.local/lib/python3.12/site-packages/airflow/example_dags/example_dataset_alias.py for tasks to queue
[2026-08-08T02:10:52.894+0000] {logging_mixin.py:190} INFO - [2026-08-08T02:10:52.894+0000] {dagbag.py:588} INFO - Filling up the DagBag from /home/airflow/.local/lib/python3.12/site-packages/airflow/example_dags/example_dataset_alias.py
[2026-08-08T02:10:53.605+0000] {processor.py:925} INFO - DAG(s) 'dataset_s3_bucket_consumer', 'dataset_s3_bucket_producer', 'dataset_alias_example_alias_producer', 'dataset_alias_example_alias_consumer' retrieved from /home/airflow/.local/lib/python3.12/site-packages/airflow/example_dags/example_dataset_alias.py
[2026-08-08T02:10:53.629+0000] {logging_mixin.py:190} INFO - [2026-08-08T02:10:53.628+0000] {dag.py:3239} INFO - Sync 4 DAGs
[2026-08-08T02:10:53.656+0000] {logging_mixin.py:190} INFO - [2026-08-08T02:10:53.655+0000] {dag.py:4180} INFO - Setting next_dagrun for dataset_alias_example_alias_consumer to None, run_after=None
[2026-08-08T02:10:53.660+0000] {logging_mixin.py:190} INFO - [2026-08-08T02:10:53.659+0000] {dag.py:4180} INFO - Setting next_dagrun for dataset_alias_example_alias_producer to None, run_after=None
[2026-08-08T02:10:53.662+0000] {logging_mixin.py:190} INFO - [2026-08-08T02:10:53.662+0000] {dag.py:4180} INFO - Setting next_dagrun for dataset_s3_bucket_consumer to None, run_after=None
[2026-08-08T02:10:53.665+0000] {logging_mixin.py:190} INFO - [2026-08-08T02:10:53.664+0000] {dag.py:4180} INFO - Setting next_dagrun for dataset_s3_bucket_producer to None, run_after=None
[2026-08-08T02:10:53.689+0000] {processor.py:208} INFO - Processing /home/airflow/.local/lib/python3.12/site-packages/airflow/example_dags/example_dataset_alias.py took 0.807 seconds
[2026-08-08T02:11:24.324+0000] {processor.py:186} INFO - Started process (PID=7948) to work on /home/airflow/.local/lib/python3.12/site-packages/airflow/example_dags/example_dataset_alias.py
[2026-08-08T02:11:24.326+0000] {processor.py:914} INFO - Processing file /home/airflow/.local/lib/python3.12/site-packages/airflow/example_dags/example_dataset_alias.py for tasks to queue
[2026-08-08T02:11:24.329+0000] {logging_mixin.py:190} INFO - [2026-08-08T02:11:24.328+0000] {dagbag.py:588} INFO - Filling up the DagBag from /home/airflow/.local/lib/python3.12/site-packages/airflow/example_dags/example_dataset_alias.py
[2026-08-08T02:11:24.918+0000] {processor.py:925} INFO - DAG(s) 'dataset_s3_bucket_producer', 'dataset_s3_bucket_consumer', 'dataset_alias_example_alias_producer', 'dataset_alias_example_alias_consumer' retrieved from /home/airflow/.local/lib/python3.12/site-packages/airflow/example_dags/example_dataset_alias.py
[2026-08-08T02:11:24.942+0000] {logging_mixin.py:190} INFO - [2026-08-08T02:11:24.942+0000] {dag.py:3239} INFO - Sync 4 DAGs
[2026-08-08T02:11:24.974+0000] {logging_mixin.py:190} INFO - [2026-08-08T02:11:24.974+0000] {dag.py:4180} INFO - Setting next_dagrun for dataset_alias_example_alias_consumer to None, run_after=None
[2026-08-08T02:11:24.977+0000] {logging_mixin.py:190} INFO - [2026-08-08T02:11:24.977+0000] {dag.py:4180} INFO - Setting next_dagrun for dataset_alias_example_alias_producer to None, run_after=None
[2026-08-08T02:11:24.980+0000] {logging_mixin.py:190} INFO - [2026-08-08T02:11:24.979+0000] {dag.py:4180} INFO - Setting next_dagrun for dataset_s3_bucket_consumer to None, run_after=None
[2026-08-08T02:11:24.982+0000] {logging_mixin.py:190} INFO - [2026-08-08T02:11:24.982+0000] {dag.py:4180} INFO - Setting next_dagrun for dataset_s3_bucket_producer to None, run_after=None
[2026-08-08T02:11:25.006+0000] {processor.py:208} INFO - Processing /home/airflow/.local/lib/python3.12/site-packages/airflow/example_dags/example_dataset_alias.py took 0.688 seconds
[2026-08-08T02:11:55.633+0000] {processor.py:186} INFO - Started process (PID=8016) to work on /home/airflow/.local/lib/python3.12/site-packages/airflow/example_dags/example_dataset_alias.py
[2026-08-08T02:11:55.635+0000] {processor.py:914} INFO - Processing file /home/airflow/.local/lib/python3.12/site-packages/airflow/example_dags/example_dataset_alias.py for tasks to queue
[2026-08-08T02:11:55.637+0000] {logging_mixin.py:190} INFO - [2026-08-08T02:11:55.637+0000] {dagbag.py:588} INFO - Filling up the DagBag from /home/airflow/.local/lib/python3.12/site-packages/airflow/example_dags/example_dataset_alias.py
[2026-08-08T02:11:56.256+0000] {processor.py:925} INFO - DAG(s) 'dataset_alias_example_alias_consumer', 'dataset_alias_example_alias_producer', 'dataset_s3_bucket_producer', 'dataset_s3_bucket_consumer' retrieved from /home/airflow/.local/lib/python3.12/site-packages/airflow/example_dags/example_dataset_alias.py
[2026-08-08T02:11:56.280+0000] {logging_mixin.py:190} INFO - [2026-08-08T02:11:56.280+0000] {dag.py:3239} INFO - Sync 4 DAGs
[2026-08-08T02:11:56.304+0000] {logging_mixin.py:190} INFO - [2026-08-08T02:11:56.303+0000] {dag.py:4180} INFO - Setting next_dagrun for dataset_alias_example_alias_consumer to None, run_after=None
[2026-08-08T02:11:56.308+0000] {logging_mixin.py:190} INFO - [2026-08-08T02:11:56.307+0000] {dag.py:4180} INFO - Setting next_dagrun for dataset_alias_example_alias_producer to None, run_after=None
[2026-08-08T02:11:56.311+0000] {logging_mixin.py:190} INFO - [2026-08-08T02:11:56.311+0000] {dag.py:4180} INFO - Setting next_dagrun for dataset_s3_bucket_consumer to None, run_after=None
[2026-08-08T02:11:56.314+0000] {logging_mixin.py:190} INFO - [2026-08-08T02:11:56.314+0000] {dag.py:4180} INFO - Setting next_dagrun for dataset_s3_bucket_producer to None, run_after=None
[2026-08-08T02:11:56.337+0000] {processor.py:208} INFO - Processing /home/airflow/.local/lib/python3.12/site-packages/airflow/example_dags/example_dataset_alias.py took 0.710 seconds
[2026-08-08T02:12:27.169+0000] {processor.py:186} INFO - Started process (PID=8082) to work on /home/airflow/.local/lib/python3.12/site-packages/airflow/example_dags/example_dataset_alias.py
[2026-08-08T02:12:27.170+0000] {processor.py:914} INFO - Processing file /home/airflow/.local/lib/python3.12/site-packages/airflow/example_dags/example_dataset_alias.py for tasks to queue
[2026-08-08T02:12:27.173+0000] {logging_mixin.py:190} INFO - [2026-08-08T02:12:27.173+0000] {dagbag.py:588} INFO - Filling up the DagBag from /home/airflow/.local/lib/python3.12/site-packages/airflow/example_dags/example_dataset_alias.py
[2026-08-08T02:12:27.743+0000] {processor.py:925} INFO - DAG(s) 'dataset_alias_example_alias_producer', 'dataset_s3_bucket_consumer', 'dataset_s3_bucket_producer', 'dataset_alias_example_alias_consumer' retrieved from /home/airflow/.local/lib/python3.12/site-packages/airflow/example_dags/example_dataset_alias.py
[2026-08-08T02:12:27.768+0000] {logging_mixin.py:190} INFO - [2026-08-08T02:12:27.767+0000] {dag.py:3239} INFO - Sync 4 DAGs
[2026-08-08T02:12:27.793+0000] {logging_mixin.py:190} INFO - [2026-08-08T02:12:27.793+0000] {dag.py:4180} INFO - Setting next_dagrun for dataset_alias_example_alias_consumer to None, run_after=None
[2026-08-08T02:12:27.799+0000] {logging_mixin.py:190} INFO - [2026-08-08T02:12:27.798+0000] {dag.py:4180} INFO - Setting next_dagrun for dataset_alias_example_alias_producer to None, run_after=None
[2026-08-08T02:12:27.804+0000] {logging_mixin.py:190} INFO - [2026-08-08T02:12:27.804+0000] {dag.py:4180} INFO - Setting next_dagrun for dataset_s3_bucket_consumer to None, run_after=None
[2026-08-08T02:12:27.808+0000] {logging_mixin.py:190} INFO - [2026-08-08T02:12:27.807+0000] {dag.py:4180} INFO - Setting next_dagrun for dataset_s3_bucket_producer to None, run_after=None
[2026-08-08T02:12:27.833+0000] {processor.py:208} INFO - Processing /home/airflow/.local/lib/python3.12/site-packages/airflow/example_dags/example_dataset_alias.py took 0.671 seconds
[2026-08-08T02:12:58.329+0000] {processor.py:186} INFO - Started process (PID=8147) to work on /home/airflow/.local/lib/python3.12/site-packages/airflow/example_dags/example_dataset_alias.py
[2026-08-08T02:12:58.330+0000] {processor.py:914} INFO - Processing file /home/airflow/.local/lib/python3.12/site-packages/airflow/example_dags/example_dataset_alias.py for tasks to queue
[2026-08-08T02:12:58.333+0000] {logging_mixin.py:190} INFO - [2026-08-08T02:12:58.333+0000] {dagbag.py:588} INFO - Filling up the DagBag from /home/airflow/.local/lib/python3.12/site-packages/airflow/example_dags/example_dataset_alias.py
[2026-08-08T02:12:59.083+0000] {processor.py:925} INFO - DAG(s) 'dataset_s3_bucket_consumer', 'dataset_s3_bucket_producer', 'dataset_alias_example_alias_consumer', 'dataset_alias_example_alias_producer' retrieved from /home/airflow/.local/lib/python3.12/site-packages/airflow/example_dags/example_dataset_alias.py
[2026-08-08T02:12:59.115+0000] {logging_mixin.py:190} INFO - [2026-08-08T02:12:59.115+0000] {dag.py:3239} INFO - Sync 4 DAGs
[2026-08-08T02:12:59.139+0000] {logging_mixin.py:190} INFO - [2026-08-08T02:12:59.138+0000] {dag.py:4180} INFO - Setting next_dagrun for dataset_alias_example_alias_consumer to None, run_after=None
[2026-08-08T02:12:59.142+0000] {logging_mixin.py:190} INFO - [2026-08-08T02:12:59.142+0000] {dag.py:4180} INFO - Setting next_dagrun for dataset_alias_example_alias_producer to None, run_after=None
[2026-08-08T02:12:59.144+0000] {logging_mixin.py:190} INFO - [2026-08-08T02:12:59.144+0000] {dag.py:4180} INFO - Setting next_dagrun for dataset_s3_bucket_consumer to None, run_after=None
[2026-08-08T02:12:59.146+0000] {logging_mixin.py:190} INFO - [2026-08-08T02:12:59.146+0000] {dag.py:4180} INFO - Setting next_dagrun for dataset_s3_bucket_producer to None, run_after=None
[2026-08-08T02:12:59.169+0000] {processor.py:208} INFO - Processing /home/airflow/.local/lib/python3.12/site-packages/airflow/example_dags/example_dataset_alias.py took 0.846 seconds
[2026-08-08T02:13:29.651+0000] {processor.py:186} INFO - Started process (PID=8212) to work on /home/airflow/.local/lib/python3.12/site-packages/airflow/example_dags/example_dataset_alias.py
[2026-08-08T02:13:29.652+0000] {processor.py:914} INFO - Processing file /home/airflow/.local/lib/python3.12/site-packages/airflow/example_dags/example_dataset_alias.py for tasks to queue
[2026-08-08T02:13:29.656+0000] {logging_mixin.py:190} INFO - [2026-08-08T02:13:29.655+0000] {dagbag.py:588} INFO - Filling up the DagBag from /home/airflow/.local/lib/python3.12/site-packages/airflow/example_dags/example_dataset_alias.py
[2026-08-08T02:13:30.208+0000] {processor.py:925} INFO - DAG(s) 'dataset_alias_example_alias_producer', 'dataset_s3_bucket_producer', 'dataset_alias_example_alias_consumer', 'dataset_s3_bucket_consumer' retrieved from /home/airflow/.local/lib/python3.12/site-packages/airflow/example_dags/example_dataset_alias.py
[2026-08-08T02:13:30.229+0000] {logging_mixin.py:190} INFO - [2026-08-08T02:13:30.229+0000] {dag.py:3239} INFO - Sync 4 DAGs
[2026-08-08T02:13:30.252+0000] {logging_mixin.py:190} INFO - [2026-08-08T02:13:30.252+0000] {dag.py:4180} INFO - Setting next_dagrun for dataset_alias_example_alias_consumer to None, run_after=None
[2026-08-08T02:13:30.255+0000] {logging_mixin.py:190} INFO - [2026-08-08T02:13:30.255+0000] {dag.py:4180} INFO - Setting next_dagrun for dataset_alias_example_alias_producer to None, run_after=None
[2026-08-08T02:13:30.257+0000] {logging_mixin.py:190} INFO - [2026-08-08T02:13:30.257+0000] {dag.py:4180} INFO - Setting next_dagrun for dataset_s3_bucket_consumer to None, run_after=None
[2026-08-08T02:13:30.259+0000] {logging_mixin.py:190} INFO - [2026-08-08T02:13:30.259+0000] {dag.py:4180} INFO - Setting next_dagrun for dataset_s3_bucket_producer to None, run_after=None
[2026-08-08T02:13:30.282+0000] {processor.py:208} INFO - Processing /home/airflow/.local/lib/python3.12/site-packages/airflow/example_dags/example_dataset_alias.py took 0.636 seconds
[2026-08-08T02:14:01.139+0000] {processor.py:186} INFO - Started process (PID=8285) to work on /home/airflow/.local/lib/python3.12/site-packages/airflow/example_dags/example_dataset_alias.py
[2026-08-08T02:14:01.141+0000] {processor.py:914} INFO - Processing file /home/airflow/.local/lib/python3.12/site-packages/airflow/example_dags/example_dataset_alias.py for tasks to queue
[2026-08-08T02:14:01.144+0000] {logging_mixin.py:190} INFO - [2026-08-08T02:14:01.144+0000] {dagbag.py:588} INFO - Filling up the DagBag from /home/airflow/.local/lib/python3.12/site-packages/airflow/example_dags/example_dataset_alias.py
[2026-08-08T02:14:01.783+0000] {processor.py:925} INFO - DAG(s) 'dataset_s3_bucket_producer', 'dataset_s3_bucket_consumer', 'dataset_alias_example_alias_consumer', 'dataset_alias_example_alias_producer' retrieved from /home/airflow/.local/lib/python3.12/site-packages/airflow/example_dags/example_dataset_alias.py
[2026-08-08T02:14:01.807+0000] {logging_mixin.py:190} INFO - [2026-08-08T02:14:01.806+0000] {dag.py:3239} INFO - Sync 4 DAGs
[2026-08-08T02:14:01.831+0000] {logging_mixin.py:190} INFO - [2026-08-08T02:14:01.831+0000] {dag.py:4180} INFO - Setting next_dagrun for dataset_alias_example_alias_consumer to None, run_after=None
[2026-08-08T02:14:01.834+0000] {logging_mixin.py:190} INFO - [2026-08-08T02:14:01.834+0000] {dag.py:4180} INFO - Setting next_dagrun for dataset_alias_example_alias_producer to None, run_after=None
[2026-08-08T02:14:01.837+0000] {logging_mixin.py:190} INFO - [2026-08-08T02:14:01.837+0000] {dag.py:4180} INFO - Setting next_dagrun for dataset_s3_bucket_consumer to None, run_after=None
[2026-08-08T02:14:01.839+0000] {logging_mixin.py:190} INFO - [2026-08-08T02:14:01.839+0000] {dag.py:4180} INFO - Setting next_dagrun for dataset_s3_bucket_producer to None, run_after=None
[2026-08-08T02:14:01.864+0000] {processor.py:208} INFO - Processing /home/airflow/.local/lib/python3.12/site-packages/airflow/example_dags/example_dataset_alias.py took 0.733 seconds
[2026-08-08T02:14:32.910+0000] {processor.py:186} INFO - Started process (PID=8350) to work on /home/airflow/.local/lib/python3.12/site-packages/airflow/example_dags/example_dataset_alias.py
[2026-08-08T02:14:32.912+0000] {processor.py:914} INFO - Processing file /home/airflow/.local/lib/python3.12/site-packages/airflow/example_dags/example_dataset_alias.py for tasks to queue
[2026-08-08T02:14:32.916+0000] {logging_mixin.py:190} INFO - [2026-08-08T02:14:32.915+0000] {dagbag.py:588} INFO - Filling up the DagBag from /home/airflow/.local/lib/python3.12/site-packages/airflow/example_dags/example_dataset_alias.py
[2026-08-08T02:14:33.565+0000] {processor.py:925} INFO - DAG(s) 'dataset_s3_bucket_producer', 'dataset_alias_example_alias_producer', 'dataset_s3_bucket_consumer', 'dataset_alias_example_alias_consumer' retrieved from /home/airflow/.local/lib/python3.12/site-packages/airflow/example_dags/example_dataset_alias.py
[2026-08-08T02:14:33.588+0000] {logging_mixin.py:190} INFO - [2026-08-08T02:14:33.587+0000] {dag.py:3239} INFO - Sync 4 DAGs
[2026-08-08T02:14:33.610+0000] {logging_mixin.py:190} INFO - [2026-08-08T02:14:33.610+0000] {dag.py:4180} INFO - Setting next_dagrun for dataset_alias_example_alias_consumer to None, run_after=None
[2026-08-08T02:14:33.613+0000] {logging_mixin.py:190} INFO - [2026-08-08T02:14:33.613+0000] {dag.py:4180} INFO - Setting next_dagrun for dataset_alias_example_alias_producer to None, run_after=None
[2026-08-08T02:14:33.616+0000] {logging_mixin.py:190} INFO - [2026-08-08T02:14:33.616+0000] {dag.py:4180} INFO - Setting next_dagrun for dataset_s3_bucket_consumer to None, run_after=None
[2026-08-08T02:14:33.618+0000] {logging_mixin.py:190} INFO - [2026-08-08T02:14:33.618+0000] {dag.py:4180} INFO - Setting next_dagrun for dataset_s3_bucket_producer to None, run_after=None
[2026-08-08T02:14:33.643+0000] {processor.py:208} INFO - Processing /home/airflow/.local/lib/python3.12/site-packages/airflow/example_dags/example_dataset_alias.py took 0.741 seconds
[2026-08-08T02:15:03.766+0000] {processor.py:186} INFO - Started process (PID=8415) to work on /home/airflow/.local/lib/python3.12/site-packages/airflow/example_dags/example_dataset_alias.py
[2026-08-08T02:15:03.768+0000] {processor.py:914} INFO - Processing file /home/airflow/.local/lib/python3.12/site-packages/airflow/example_dags/example_dataset_alias.py for tasks to queue
[2026-08-08T02:15:03.772+0000] {logging_mixin.py:190} INFO - [2026-08-08T02:15:03.771+0000] {dagbag.py:588} INFO - Filling up the DagBag from /home/airflow/.local/lib/python3.12/site-packages/airflow/example_dags/example_dataset_alias.py
[2026-08-08T02:15:04.472+0000] {processor.py:925} INFO - DAG(s) 'dataset_s3_bucket_consumer', 'dataset_alias_example_alias_producer', 'dataset_s3_bucket_producer', 'dataset_alias_example_alias_consumer' retrieved from /home/airflow/.local/lib/python3.12/site-packages/airflow/example_dags/example_dataset_alias.py
[2026-08-08T02:15:04.499+0000] {logging_mixin.py:190} INFO - [2026-08-08T02:15:04.498+0000] {dag.py:3239} INFO - Sync 4 DAGs
[2026-08-08T02:15:04.524+0000] {logging_mixin.py:190} INFO - [2026-08-08T02:15:04.524+0000] {dag.py:4180} INFO - Setting next_dagrun for dataset_alias_example_alias_consumer to None, run_after=None
[2026-08-08T02:15:04.527+0000] {logging_mixin.py:190} INFO - [2026-08-08T02:15:04.527+0000] {dag.py:4180} INFO - Setting next_dagrun for dataset_alias_example_alias_producer to None, run_after=None
[2026-08-08T02:15:04.529+0000] {logging_mixin.py:190} INFO - [2026-08-08T02:15:04.529+0000] {dag.py:4180} INFO - Setting next_dagrun for dataset_s3_bucket_consumer to None, run_after=None
[2026-08-08T02:15:04.532+0000] {logging_mixin.py:190} INFO - [2026-08-08T02:15:04.532+0000] {dag.py:4180} INFO - Setting next_dagrun for dataset_s3_bucket_producer to None, run_after=None
[2026-08-08T02:15:04.557+0000] {processor.py:208} INFO - Processing /home/airflow/.local/lib/python3.12/site-packages/airflow/example_dags/example_dataset_alias.py took 0.798 seconds
[2026-08-08T02:15:35.436+0000] {processor.py:186} INFO - Started process (PID=8480) to work on /home/airflow/.local/lib/python3.12/site-packages/airflow/example_dags/example_dataset_alias.py
[2026-08-08T02:15:35.437+0000] {processor.py:914} INFO - Processing file /home/airflow/.local/lib/python3.12/site-packages/airflow/example_dags/example_dataset_alias.py for tasks to queue
[2026-08-08T02:15:35.441+0000] {logging_mixin.py:190} INFO - [2026-08-08T02:15:35.441+0000] {dagbag.py:588} INFO - Filling up the DagBag from /home/airflow/.local/lib/python3.12/site-packages/airflow/example_dags/example_dataset_alias.py
[2026-08-08T02:15:36.042+0000] {processor.py:925} INFO - DAG(s) 'dataset_alias_example_alias_producer', 'dataset_s3_bucket_consumer', 'dataset_s3_bucket_producer', 'dataset_alias_example_alias_consumer' retrieved from /home/airflow/.local/lib/python3.12/site-packages/airflow/example_dags/example_dataset_alias.py
[2026-08-08T02:15:36.071+0000] {logging_mixin.py:190} INFO - [2026-08-08T02:15:36.070+0000] {dag.py:3239} INFO - Sync 4 DAGs
[2026-08-08T02:15:36.095+0000] {logging_mixin.py:190} INFO - [2026-08-08T02:15:36.095+0000] {dag.py:4180} INFO - Setting next_dagrun for dataset_alias_example_alias_consumer to None, run_after=None
[2026-08-08T02:15:36.098+0000] {logging_mixin.py:190} INFO - [2026-08-08T02:15:36.098+0000] {dag.py:4180} INFO - Setting next_dagrun for dataset_alias_example_alias_producer to None, run_after=None
[2026-08-08T02:15:36.101+0000] {logging_mixin.py:190} INFO - [2026-08-08T02:15:36.101+0000] {dag.py:4180} INFO - Setting next_dagrun for dataset_s3_bucket_consumer to None, run_after=None
[2026-08-08T02:15:36.103+0000] {logging_mixin.py:190} INFO - [2026-08-08T02:15:36.103+0000] {dag.py:4180} INFO - Setting next_dagrun for dataset_s3_bucket_producer to None, run_after=None
[2026-08-08T02:15:36.127+0000] {processor.py:208} INFO - Processing /home/airflow/.local/lib/python3.12/site-packages/airflow/example_dags/example_dataset_alias.py took 0.699 seconds
[2026-08-08T02:16:07.491+0000] {processor.py:186} INFO - Started process (PID=8553) to work on /home/airflow/.local/lib/python3.12/site-packages/airflow/example_dags/example_dataset_alias.py
[2026-08-08T02:16:07.492+0000] {processor.py:914} INFO - Processing file /home/airflow/.local/lib/python3.12/site-packages/airflow/example_dags/example_dataset_alias.py for tasks to queue
[2026-08-08T02:16:07.497+0000] {logging_mixin.py:190} INFO - [2026-08-08T02:16:07.496+0000] {dagbag.py:588} INFO - Filling up the DagBag from /home/airflow/.local/lib/python3.12/site-packages/airflow/example_dags/example_dataset_alias.py
[2026-08-08T02:16:08.181+0000] {processor.py:925} INFO - DAG(s) 'dataset_s3_bucket_producer', 'dataset_s3_bucket_consumer', 'dataset_alias_example_alias_consumer', 'dataset_alias_example_alias_producer' retrieved from /home/airflow/.local/lib/python3.12/site-packages/airflow/example_dags/example_dataset_alias.py
[2026-08-08T02:16:08.207+0000] {logging_mixin.py:190} INFO - [2026-08-08T02:16:08.207+0000] {dag.py:3239} INFO - Sync 4 DAGs
[2026-08-08T02:16:08.232+0000] {logging_mixin.py:190} INFO - [2026-08-08T02:16:08.232+0000] {dag.py:4180} INFO - Setting next_dagrun for dataset_alias_example_alias_consumer to None, run_after=None
[2026-08-08T02:16:08.236+0000] {logging_mixin.py:190} INFO - [2026-08-08T02:16:08.235+0000] {dag.py:4180} INFO - Setting next_dagrun for dataset_alias_example_alias_producer to None, run_after=None
[2026-08-08T02:16:08.239+0000] {logging_mixin.py:190} INFO - [2026-08-08T02:16:08.239+0000] {dag.py:4180} INFO - Setting next_dagrun for dataset_s3_bucket_consumer to None, run_after=None
[2026-08-08T02:16:08.241+0000] {logging_mixin.py:190} INFO - [2026-08-08T02:16:08.241+0000] {dag.py:4180} INFO - Setting next_dagrun for dataset_s3_bucket_producer to None, run_after=None
[2026-08-08T02:16:08.268+0000] {processor.py:208} INFO - Processing /home/airflow/.local/lib/python3.12/site-packages/airflow/example_dags/example_dataset_alias.py took 0.788 seconds
[2026-08-08T02:16:39.225+0000] {processor.py:186} INFO - Started process (PID=8624) to work on /home/airflow/.local/lib/python3.12/site-packages/airflow/example_dags/example_dataset_alias.py
[2026-08-08T02:16:39.226+0000] {processor.py:914} INFO - Processing file /home/airflow/.local/lib/python3.12/site-packages/airflow/example_dags/example_dataset_alias.py for tasks to queue
[2026-08-08T02:16:39.229+0000] {logging_mixin.py:190} INFO - [2026-08-08T02:16:39.228+0000] {dagbag.py:588} INFO - Filling up the DagBag from /home/airflow/.local/lib/python3.12/site-packages/airflow/example_dags/example_dataset_alias.py
[2026-08-08T02:16:39.838+0000] {processor.py:925} INFO - DAG(s) 'dataset_s3_bucket_producer', 'dataset_s3_bucket_consumer', 'dataset_alias_example_alias_consumer', 'dataset_alias_example_alias_producer' retrieved from /home/airflow/.local/lib/python3.12/site-packages/airflow/example_dags/example_dataset_alias.py
[2026-08-08T02:16:39.861+0000] {logging_mixin.py:190} INFO - [2026-08-08T02:16:39.861+0000] {dag.py:3239} INFO - Sync 4 DAGs
[2026-08-08T02:16:39.886+0000] {logging_mixin.py:190} INFO - [2026-08-08T02:16:39.886+0000] {dag.py:4180} INFO - Setting next_dagrun for dataset_alias_example_alias_consumer to None, run_after=None
[2026-08-08T02:16:39.890+0000] {logging_mixin.py:190} INFO - [2026-08-08T02:16:39.890+0000] {dag.py:4180} INFO - Setting next_dagrun for dataset_alias_example_alias_producer to None, run_after=None
[2026-08-08T02:16:39.893+0000] {logging_mixin.py:190} INFO - [2026-08-08T02:16:39.892+0000] {dag.py:4180} INFO - Setting next_dagrun for dataset_s3_bucket_consumer to None, run_after=None
[2026-08-08T02:16:39.895+0000] {logging_mixin.py:190} INFO - [2026-08-08T02:16:39.894+0000] {dag.py:4180} INFO - Setting next_dagrun for dataset_s3_bucket_producer to None, run_after=None
[2026-08-08T02:16:39.920+0000] {processor.py:208} INFO - Processing /home/airflow/.local/lib/python3.12/site-packages/airflow/example_dags/example_dataset_alias.py took 0.701 seconds
[2026-08-08T02:17:10.123+0000] {processor.py:186} INFO - Started process (PID=8689) to work on /home/airflow/.local/lib/python3.12/site-packages/airflow/example_dags/example_dataset_alias.py
[2026-08-08T02:17:10.124+0000] {processor.py:914} INFO - Processing file /home/airflow/.local/lib/python3.12/site-packages/airflow/example_dags/example_dataset_alias.py for tasks to queue
[2026-08-08T02:17:10.127+0000] {logging_mixin.py:190} INFO - [2026-08-08T02:17:10.127+0000] {dagbag.py:588} INFO - Filling up the DagBag from /home/airflow/.local/lib/python3.12/site-packages/airflow/example_dags/example_dataset_alias.py
[2026-08-08T02:17:10.816+0000] {processor.py:925} INFO - DAG(s) 'dataset_s3_bucket_consumer', 'dataset_alias_example_alias_producer', 'dataset_alias_example_alias_consumer', 'dataset_s3_bucket_producer' retrieved from /home/airflow/.local/lib/python3.12/site-packages/airflow/example_dags/example_dataset_alias.py
[2026-08-08T02:17:10.842+0000] {logging_mixin.py:190} INFO - [2026-08-08T02:17:10.841+0000] {dag.py:3239} INFO - Sync 4 DAGs
[2026-08-08T02:17:10.869+0000] {logging_mixin.py:190} INFO - [2026-08-08T02:17:10.869+0000] {dag.py:4180} INFO - Setting next_dagrun for dataset_alias_example_alias_consumer to None, run_after=None
[2026-08-08T02:17:10.873+0000] {logging_mixin.py:190} INFO - [2026-08-08T02:17:10.873+0000] {dag.py:4180} INFO - Setting next_dagrun for dataset_alias_example_alias_producer to None, run_after=None
[2026-08-08T02:17:10.875+0000] {logging_mixin.py:190} INFO - [2026-08-08T02:17:10.875+0000] {dag.py:4180} INFO - Setting next_dagrun for dataset_s3_bucket_consumer to None, run_after=None
[2026-08-08T02:17:10.878+0000] {logging_mixin.py:190} INFO - [2026-08-08T02:17:10.877+0000] {dag.py:4180} INFO - Setting next_dagrun for dataset_s3_bucket_producer to None, run_after=None
[2026-08-08T02:17:10.903+0000] {processor.py:208} INFO - Processing /home/airflow/.local/lib/python3.12/site-packages/airflow/example_dags/example_dataset_alias.py took 0.787 seconds
[2026-08-08T02:17:45.757+0000] {processor.py:186} INFO - Started process (PID=8756) to work on /home/airflow/.local/lib/python3.12/site-packages/airflow/example_dags/example_dataset_alias.py
[2026-08-08T02:17:45.791+0000] {processor.py:914} INFO - Processing file /home/airflow/.local/lib/python3.12/site-packages/airflow/example_dags/example_dataset_alias.py for tasks to queue
[2026-08-08T02:17:45.796+0000] {logging_mixin.py:190} INFO - [2026-08-08T02:17:45.795+0000] {dagbag.py:588} INFO - Filling up the DagBag from /home/airflow/.local/lib/python3.12/site-packages/airflow/example_dags/example_dataset_alias.py
[2026-08-08T02:17:46.657+0000] {processor.py:925} INFO - DAG(s) 'dataset_s3_bucket_consumer', 'dataset_alias_example_alias_consumer', 'dataset_alias_example_alias_producer', 'dataset_s3_bucket_producer' retrieved from /home/airflow/.local/lib/python3.12/site-packages/airflow/example_dags/example_dataset_alias.py
[2026-08-08T02:17:46.686+0000] {logging_mixin.py:190} INFO - [2026-08-08T02:17:46.686+0000] {dag.py:3239} INFO - Sync 4 DAGs
[2026-08-08T02:17:46.726+0000] {logging_mixin.py:190} INFO - [2026-08-08T02:17:46.725+0000] {dag.py:4180} INFO - Setting next_dagrun for dataset_alias_example_alias_consumer to None, run_after=None
[2026-08-08T02:17:46.730+0000] {logging_mixin.py:190} INFO - [2026-08-08T02:17:46.730+0000] {dag.py:4180} INFO - Setting next_dagrun for dataset_alias_example_alias_producer to None, run_after=None
[2026-08-08T02:17:46.733+0000] {logging_mixin.py:190} INFO - [2026-08-08T02:17:46.732+0000] {dag.py:4180} INFO - Setting next_dagrun for dataset_s3_bucket_consumer to None, run_after=None
[2026-08-08T02:17:46.735+0000] {logging_mixin.py:190} INFO - [2026-08-08T02:17:46.735+0000] {dag.py:4180} INFO - Setting next_dagrun for dataset_s3_bucket_producer to None, run_after=None
[2026-08-08T02:17:46.767+0000] {processor.py:208} INFO - Processing /home/airflow/.local/lib/python3.12/site-packages/airflow/example_dags/example_dataset_alias.py took 1.031 seconds
[2026-08-08T02:18:17.053+0000] {processor.py:186} INFO - Started process (PID=8826) to work on /home/airflow/.local/lib/python3.12/site-packages/airflow/example_dags/example_dataset_alias.py
[2026-08-08T02:18:17.055+0000] {processor.py:914} INFO - Processing file /home/airflow/.local/lib/python3.12/site-packages/airflow/example_dags/example_dataset_alias.py for tasks to queue
[2026-08-08T02:18:17.057+0000] {logging_mixin.py:190} INFO - [2026-08-08T02:18:17.057+0000] {dagbag.py:588} INFO - Filling up the DagBag from /home/airflow/.local/lib/python3.12/site-packages/airflow/example_dags/example_dataset_alias.py
[2026-08-08T02:18:17.648+0000] {processor.py:925} INFO - DAG(s) 'dataset_s3_bucket_producer', 'dataset_alias_example_alias_producer', 'dataset_alias_example_alias_consumer', 'dataset_s3_bucket_consumer' retrieved from /home/airflow/.local/lib/python3.12/site-packages/airflow/example_dags/example_dataset_alias.py
[2026-08-08T02:18:17.670+0000] {logging_mixin.py:190} INFO - [2026-08-08T02:18:17.669+0000] {dag.py:3239} INFO - Sync 4 DAGs
[2026-08-08T02:18:17.695+0000] {logging_mixin.py:190} INFO - [2026-08-08T02:18:17.694+0000] {dag.py:4180} INFO - Setting next_dagrun for dataset_alias_example_alias_consumer to None, run_after=None
[2026-08-08T02:18:17.699+0000] {logging_mixin.py:190} INFO - [2026-08-08T02:18:17.699+0000] {dag.py:4180} INFO - Setting next_dagrun for dataset_alias_example_alias_producer to None, run_after=None
[2026-08-08T02:18:17.702+0000] {logging_mixin.py:190} INFO - [2026-08-08T02:18:17.701+0000] {dag.py:4180} INFO - Setting next_dagrun for dataset_s3_bucket_consumer to None, run_after=None
[2026-08-08T02:18:17.704+0000] {logging_mixin.py:190} INFO - [2026-08-08T02:18:17.704+0000] {dag.py:4180} INFO - Setting next_dagrun for dataset_s3_bucket_producer to None, run_after=None
[2026-08-08T02:18:17.731+0000] {processor.py:208} INFO - Processing /home/airflow/.local/lib/python3.12/site-packages/airflow/example_dags/example_dataset_alias.py took 0.683 seconds
[2026-08-08T02:18:48.445+0000] {processor.py:186} INFO - Started process (PID=8893) to work on /home/airflow/.local/lib/python3.12/site-packages/airflow/example_dags/example_dataset_alias.py
[2026-08-08T02:18:48.447+0000] {processor.py:914} INFO - Processing file /home/airflow/.local/lib/python3.12/site-packages/airflow/example_dags/example_dataset_alias.py for tasks to queue
[2026-08-08T02:18:48.451+0000] {logging_mixin.py:190} INFO - [2026-08-08T02:18:48.451+0000] {dagbag.py:588} INFO - Filling up the DagBag from /home/airflow/.local/lib/python3.12/site-packages/airflow/example_dags/example_dataset_alias.py
[2026-08-08T02:18:49.176+0000] {processor.py:925} INFO - DAG(s) 'dataset_alias_example_alias_producer', 'dataset_s3_bucket_consumer', 'dataset_s3_bucket_producer', 'dataset_alias_example_alias_consumer' retrieved from /home/airflow/.local/lib/python3.12/site-packages/airflow/example_dags/example_dataset_alias.py
[2026-08-08T02:18:49.205+0000] {logging_mixin.py:190} INFO - [2026-08-08T02:18:49.204+0000] {dag.py:3239} INFO - Sync 4 DAGs
[2026-08-08T02:18:49.243+0000] {logging_mixin.py:190} INFO - [2026-08-08T02:18:49.242+0000] {dag.py:4180} INFO - Setting next_dagrun for dataset_alias_example_alias_consumer to None, run_after=None
[2026-08-08T02:18:49.248+0000] {logging_mixin.py:190} INFO - [2026-08-08T02:18:49.248+0000] {dag.py:4180} INFO - Setting next_dagrun for dataset_alias_example_alias_producer to None, run_after=None
[2026-08-08T02:18:49.251+0000] {logging_mixin.py:190} INFO - [2026-08-08T02:18:49.250+0000] {dag.py:4180} INFO - Setting next_dagrun for dataset_s3_bucket_consumer to None, run_after=None
[2026-08-08T02:18:49.254+0000] {logging_mixin.py:190} INFO - [2026-08-08T02:18:49.253+0000] {dag.py:4180} INFO - Setting next_dagrun for dataset_s3_bucket_producer to None, run_after=None
[2026-08-08T02:18:49.284+0000] {processor.py:208} INFO - Processing /home/airflow/.local/lib/python3.12/site-packages/airflow/example_dags/example_dataset_alias.py took 0.848 seconds
[2026-08-08T02:19:20.125+0000] {processor.py:186} INFO - Started process (PID=8962) to work on /home/airflow/.local/lib/python3.12/site-packages/airflow/example_dags/example_dataset_alias.py
[2026-08-08T02:19:20.126+0000] {processor.py:914} INFO - Processing file /home/airflow/.local/lib/python3.12/site-packages/airflow/example_dags/example_dataset_alias.py for tasks to queue
[2026-08-08T02:19:20.130+0000] {logging_mixin.py:190} INFO - [2026-08-08T02:19:20.129+0000] {dagbag.py:588} INFO - Filling up the DagBag from /home/airflow/.local/lib/python3.12/site-packages/airflow/example_dags/example_dataset_alias.py
[2026-08-08T02:19:20.835+0000] {processor.py:925} INFO - DAG(s) 'dataset_s3_bucket_producer', 'dataset_alias_example_alias_consumer', 'dataset_alias_example_alias_producer', 'dataset_s3_bucket_consumer' retrieved from /home/airflow/.local/lib/python3.12/site-packages/airflow/example_dags/example_dataset_alias.py
[2026-08-08T02:19:20.864+0000] {logging_mixin.py:190} INFO - [2026-08-08T02:19:20.863+0000] {dag.py:3239} INFO - Sync 4 DAGs
[2026-08-08T02:19:20.891+0000] {logging_mixin.py:190} INFO - [2026-08-08T02:19:20.890+0000] {dag.py:4180} INFO - Setting next_dagrun for dataset_alias_example_alias_consumer to None, run_after=None
[2026-08-08T02:19:20.895+0000] {logging_mixin.py:190} INFO - [2026-08-08T02:19:20.895+0000] {dag.py:4180} INFO - Setting next_dagrun for dataset_alias_example_alias_producer to None, run_after=None
[2026-08-08T02:19:20.897+0000] {logging_mixin.py:190} INFO - [2026-08-08T02:19:20.897+0000] {dag.py:4180} INFO - Setting next_dagrun for dataset_s3_bucket_consumer to None, run_after=None
[2026-08-08T02:19:20.900+0000] {logging_mixin.py:190} INFO - [2026-08-08T02:19:20.899+0000] {dag.py:4180} INFO - Setting next_dagrun for dataset_s3_bucket_producer to None, run_after=None
[2026-08-08T02:19:20.928+0000] {processor.py:208} INFO - Processing /home/airflow/.local/lib/python3.12/site-packages/airflow/example_dags/example_dataset_alias.py took 0.809 seconds
[2026-08-08T02:19:50.984+0000] {processor.py:186} INFO - Started process (PID=9027) to work on /home/airflow/.local/lib/python3.12/site-packages/airflow/example_dags/example_dataset_alias.py
[2026-08-08T02:19:50.985+0000] {processor.py:914} INFO - Processing file /home/airflow/.local/lib/python3.12/site-packages/airflow/example_dags/example_dataset_alias.py for tasks to queue
[2026-08-08T02:19:50.988+0000] {logging_mixin.py:190} INFO - [2026-08-08T02:19:50.988+0000] {dagbag.py:588} INFO - Filling up the DagBag from /home/airflow/.local/lib/python3.12/site-packages/airflow/example_dags/example_dataset_alias.py
[2026-08-08T02:19:51.694+0000] {processor.py:925} INFO - DAG(s) 'dataset_s3_bucket_producer', 'dataset_alias_example_alias_consumer', 'dataset_alias_example_alias_producer', 'dataset_s3_bucket_consumer' retrieved from /home/airflow/.local/lib/python3.12/site-packages/airflow/example_dags/example_dataset_alias.py
[2026-08-08T02:19:51.719+0000] {logging_mixin.py:190} INFO - [2026-08-08T02:19:51.718+0000] {dag.py:3239} INFO - Sync 4 DAGs
[2026-08-08T02:19:51.745+0000] {logging_mixin.py:190} INFO - [2026-08-08T02:19:51.744+0000] {dag.py:4180} INFO - Setting next_dagrun for dataset_alias_example_alias_consumer to None, run_after=None
[2026-08-08T02:19:51.749+0000] {logging_mixin.py:190} INFO - [2026-08-08T02:19:51.748+0000] {dag.py:4180} INFO - Setting next_dagrun for dataset_alias_example_alias_producer to None, run_after=None
[2026-08-08T02:19:51.751+0000] {logging_mixin.py:190} INFO - [2026-08-08T02:19:51.751+0000] {dag.py:4180} INFO - Setting next_dagrun for dataset_s3_bucket_consumer to None, run_after=None
[2026-08-08T02:19:51.753+0000] {logging_mixin.py:190} INFO - [2026-08-08T02:19:51.753+0000] {dag.py:4180} INFO - Setting next_dagrun for dataset_s3_bucket_producer to None, run_after=None
[2026-08-08T02:19:51.780+0000] {processor.py:208} INFO - Processing /home/airflow/.local/lib/python3.12/site-packages/airflow/example_dags/example_dataset_alias.py took 0.806 seconds
[2026-08-08T02:20:21.873+0000] {processor.py:186} INFO - Started process (PID=9097) to work on /home/airflow/.local/lib/python3.12/site-packages/airflow/example_dags/example_dataset_alias.py
[2026-08-08T02:20:21.874+0000] {processor.py:914} INFO - Processing file /home/airflow/.local/lib/python3.12/site-packages/airflow/example_dags/example_dataset_alias.py for tasks to queue
[2026-08-08T02:20:21.878+0000] {logging_mixin.py:190} INFO - [2026-08-08T02:20:21.878+0000] {dagbag.py:588} INFO - Filling up the DagBag from /home/airflow/.local/lib/python3.12/site-packages/airflow/example_dags/example_dataset_alias.py
[2026-08-08T02:20:22.539+0000] {processor.py:925} INFO - DAG(s) 'dataset_s3_bucket_consumer', 'dataset_alias_example_alias_consumer', 'dataset_alias_example_alias_producer', 'dataset_s3_bucket_producer' retrieved from /home/airflow/.local/lib/python3.12/site-packages/airflow/example_dags/example_dataset_alias.py
[2026-08-08T02:20:22.562+0000] {logging_mixin.py:190} INFO - [2026-08-08T02:20:22.561+0000] {dag.py:3239} INFO - Sync 4 DAGs
[2026-08-08T02:20:22.584+0000] {logging_mixin.py:190} INFO - [2026-08-08T02:20:22.584+0000] {dag.py:4180} INFO - Setting next_dagrun for dataset_alias_example_alias_consumer to None, run_after=None
[2026-08-08T02:20:22.588+0000] {logging_mixin.py:190} INFO - [2026-08-08T02:20:22.588+0000] {dag.py:4180} INFO - Setting next_dagrun for dataset_alias_example_alias_producer to None, run_after=None
[2026-08-08T02:20:22.590+0000] {logging_mixin.py:190} INFO - [2026-08-08T02:20:22.590+0000] {dag.py:4180} INFO - Setting next_dagrun for dataset_s3_bucket_consumer to None, run_after=None
[2026-08-08T02:20:22.592+0000] {logging_mixin.py:190} INFO - [2026-08-08T02:20:22.592+0000] {dag.py:4180} INFO - Setting next_dagrun for dataset_s3_bucket_producer to None, run_after=None
[2026-08-08T02:20:22.617+0000] {processor.py:208} INFO - Processing /home/airflow/.local/lib/python3.12/site-packages/airflow/example_dags/example_dataset_alias.py took 0.753 seconds
[2026-08-08T02:20:53.109+0000] {processor.py:186} INFO - Started process (PID=9163) to work on /home/airflow/.local/lib/python3.12/site-packages/airflow/example_dags/example_dataset_alias.py
[2026-08-08T02:20:53.110+0000] {processor.py:914} INFO - Processing file /home/airflow/.local/lib/python3.12/site-packages/airflow/example_dags/example_dataset_alias.py for tasks to queue
[2026-08-08T02:20:53.113+0000] {logging_mixin.py:190} INFO - [2026-08-08T02:20:53.113+0000] {dagbag.py:588} INFO - Filling up the DagBag from /home/airflow/.local/lib/python3.12/site-packages/airflow/example_dags/example_dataset_alias.py
[2026-08-08T02:20:53.693+0000] {processor.py:925} INFO - DAG(s) 'dataset_alias_example_alias_producer', 'dataset_alias_example_alias_consumer', 'dataset_s3_bucket_consumer', 'dataset_s3_bucket_producer' retrieved from /home/airflow/.local/lib/python3.12/site-packages/airflow/example_dags/example_dataset_alias.py
[2026-08-08T02:20:53.719+0000] {logging_mixin.py:190} INFO - [2026-08-08T02:20:53.719+0000] {dag.py:3239} INFO - Sync 4 DAGs
[2026-08-08T02:20:53.744+0000] {logging_mixin.py:190} INFO - [2026-08-08T02:20:53.743+0000] {dag.py:4180} INFO - Setting next_dagrun for dataset_alias_example_alias_consumer to None, run_after=None
[2026-08-08T02:20:53.747+0000] {logging_mixin.py:190} INFO - [2026-08-08T02:20:53.747+0000] {dag.py:4180} INFO - Setting next_dagrun for dataset_alias_example_alias_producer to None, run_after=None
[2026-08-08T02:20:53.750+0000] {logging_mixin.py:190} INFO - [2026-08-08T02:20:53.749+0000] {dag.py:4180} INFO - Setting next_dagrun for dataset_s3_bucket_consumer to None, run_after=None
[2026-08-08T02:20:53.752+0000] {logging_mixin.py:190} INFO - [2026-08-08T02:20:53.752+0000] {dag.py:4180} INFO - Setting next_dagrun for dataset_s3_bucket_producer to None, run_after=None
[2026-08-08T02:20:53.778+0000] {processor.py:208} INFO - Processing /home/airflow/.local/lib/python3.12/site-packages/airflow/example_dags/example_dataset_alias.py took 0.676 seconds
[2026-08-08T02:21:24.215+0000] {processor.py:186} INFO - Started process (PID=9229) to work on /home/airflow/.local/lib/python3.12/site-packages/airflow/example_dags/example_dataset_alias.py
[2026-08-08T02:21:24.216+0000] {processor.py:914} INFO - Processing file /home/airflow/.local/lib/python3.12/site-packages/airflow/example_dags/example_dataset_alias.py for tasks to queue
[2026-08-08T02:21:24.220+0000] {logging_mixin.py:190} INFO - [2026-08-08T02:21:24.220+0000] {dagbag.py:588} INFO - Filling up the DagBag from /home/airflow/.local/lib/python3.12/site-packages/airflow/example_dags/example_dataset_alias.py
[2026-08-08T02:21:24.961+0000] {processor.py:925} INFO - DAG(s) 'dataset_alias_example_alias_consumer', 'dataset_s3_bucket_producer', 'dataset_alias_example_alias_producer', 'dataset_s3_bucket_consumer' retrieved from /home/airflow/.local/lib/python3.12/site-packages/airflow/example_dags/example_dataset_alias.py
[2026-08-08T02:21:24.988+0000] {logging_mixin.py:190} INFO - [2026-08-08T02:21:24.988+0000] {dag.py:3239} INFO - Sync 4 DAGs
[2026-08-08T02:21:25.018+0000] {logging_mixin.py:190} INFO - [2026-08-08T02:21:25.017+0000] {dag.py:4180} INFO - Setting next_dagrun for dataset_alias_example_alias_consumer to None, run_after=None
[2026-08-08T02:21:25.023+0000] {logging_mixin.py:190} INFO - [2026-08-08T02:21:25.023+0000] {dag.py:4180} INFO - Setting next_dagrun for dataset_alias_example_alias_producer to None, run_after=None
[2026-08-08T02:21:25.026+0000] {logging_mixin.py:190} INFO - [2026-08-08T02:21:25.025+0000] {dag.py:4180} INFO - Setting next_dagrun for dataset_s3_bucket_consumer to None, run_after=None
[2026-08-08T02:21:25.030+0000] {logging_mixin.py:190} INFO - [2026-08-08T02:21:25.029+0000] {dag.py:4180} INFO - Setting next_dagrun for dataset_s3_bucket_producer to None, run_after=None
[2026-08-08T02:21:25.057+0000] {processor.py:208} INFO - Processing /home/airflow/.local/lib/python3.12/site-packages/airflow/example_dags/example_dataset_alias.py took 0.853 seconds
[2026-08-08T02:21:55.993+0000] {processor.py:186} INFO - Started process (PID=9300) to work on /home/airflow/.local/lib/python3.12/site-packages/airflow/example_dags/example_dataset_alias.py
[2026-08-08T02:21:55.995+0000] {processor.py:914} INFO - Processing file /home/airflow/.local/lib/python3.12/site-packages/airflow/example_dags/example_dataset_alias.py for tasks to queue
[2026-08-08T02:21:55.998+0000] {logging_mixin.py:190} INFO - [2026-08-08T02:21:55.997+0000] {dagbag.py:588} INFO - Filling up the DagBag from /home/airflow/.local/lib/python3.12/site-packages/airflow/example_dags/example_dataset_alias.py
[2026-08-08T02:21:56.662+0000] {processor.py:925} INFO - DAG(s) 'dataset_s3_bucket_producer', 'dataset_s3_bucket_consumer', 'dataset_alias_example_alias_producer', 'dataset_alias_example_alias_consumer' retrieved from /home/airflow/.local/lib/python3.12/site-packages/airflow/example_dags/example_dataset_alias.py
[2026-08-08T02:21:56.708+0000] {logging_mixin.py:190} INFO - [2026-08-08T02:21:56.707+0000] {dag.py:3239} INFO - Sync 4 DAGs
[2026-08-08T02:21:56.738+0000] {logging_mixin.py:190} INFO - [2026-08-08T02:21:56.738+0000] {dag.py:4180} INFO - Setting next_dagrun for dataset_alias_example_alias_consumer to None, run_after=None
[2026-08-08T02:21:56.744+0000] {logging_mixin.py:190} INFO - [2026-08-08T02:21:56.744+0000] {dag.py:4180} INFO - Setting next_dagrun for dataset_alias_example_alias_producer to None, run_after=None
[2026-08-08T02:21:56.749+0000] {logging_mixin.py:190} INFO - [2026-08-08T02:21:56.749+0000] {dag.py:4180} INFO - Setting next_dagrun for dataset_s3_bucket_consumer to None, run_after=None
[2026-08-08T02:21:56.751+0000] {logging_mixin.py:190} INFO - [2026-08-08T02:21:56.751+0000] {dag.py:4180} INFO - Setting next_dagrun for dataset_s3_bucket_producer to None, run_after=None
[2026-08-08T02:21:56.777+0000] {processor.py:208} INFO - Processing /home/airflow/.local/lib/python3.12/site-packages/airflow/example_dags/example_dataset_alias.py took 0.791 seconds
[2026-08-08T02:22:27.184+0000] {processor.py:186} INFO - Started process (PID=9365) to work on /home/airflow/.local/lib/python3.12/site-packages/airflow/example_dags/example_dataset_alias.py
[2026-08-08T02:22:27.185+0000] {processor.py:914} INFO - Processing file /home/airflow/.local/lib/python3.12/site-packages/airflow/example_dags/example_dataset_alias.py for tasks to queue
[2026-08-08T02:22:27.188+0000] {logging_mixin.py:190} INFO - [2026-08-08T02:22:27.187+0000] {dagbag.py:588} INFO - Filling up the DagBag from /home/airflow/.local/lib/python3.12/site-packages/airflow/example_dags/example_dataset_alias.py
[2026-08-08T02:22:27.761+0000] {processor.py:925} INFO - DAG(s) 'dataset_s3_bucket_consumer', 'dataset_alias_example_alias_consumer', 'dataset_alias_example_alias_producer', 'dataset_s3_bucket_producer' retrieved from /home/airflow/.local/lib/python3.12/site-packages/airflow/example_dags/example_dataset_alias.py
[2026-08-08T02:22:27.787+0000] {logging_mixin.py:190} INFO - [2026-08-08T02:22:27.787+0000] {dag.py:3239} INFO - Sync 4 DAGs
[2026-08-08T02:22:27.815+0000] {logging_mixin.py:190} INFO - [2026-08-08T02:22:27.815+0000] {dag.py:4180} INFO - Setting next_dagrun for dataset_alias_example_alias_consumer to None, run_after=None
[2026-08-08T02:22:27.819+0000] {logging_mixin.py:190} INFO - [2026-08-08T02:22:27.819+0000] {dag.py:4180} INFO - Setting next_dagrun for dataset_alias_example_alias_producer to None, run_after=None
[2026-08-08T02:22:27.822+0000] {logging_mixin.py:190} INFO - [2026-08-08T02:22:27.822+0000] {dag.py:4180} INFO - Setting next_dagrun for dataset_s3_bucket_consumer to None, run_after=None
[2026-08-08T02:22:27.825+0000] {logging_mixin.py:190} INFO - [2026-08-08T02:22:27.825+0000] {dag.py:4180} INFO - Setting next_dagrun for dataset_s3_bucket_producer to None, run_after=None
[2026-08-08T02:22:27.849+0000] {processor.py:208} INFO - Processing /home/airflow/.local/lib/python3.12/site-packages/airflow/example_dags/example_dataset_alias.py took 0.670 seconds
[2026-08-08T02:22:58.381+0000] {processor.py:186} INFO - Started process (PID=9431) to work on /home/airflow/.local/lib/python3.12/site-packages/airflow/example_dags/example_dataset_alias.py
[2026-08-08T02:22:58.382+0000] {processor.py:914} INFO - Processing file /home/airflow/.local/lib/python3.12/site-packages/airflow/example_dags/example_dataset_alias.py for tasks to queue
[2026-08-08T02:22:58.384+0000] {logging_mixin.py:190} INFO - [2026-08-08T02:22:58.384+0000] {dagbag.py:588} INFO - Filling up the DagBag from /home/airflow/.local/lib/python3.12/site-packages/airflow/example_dags/example_dataset_alias.py
[2026-08-08T02:22:58.996+0000] {processor.py:925} INFO - DAG(s) 'dataset_s3_bucket_consumer', 'dataset_alias_example_alias_consumer', 'dataset_s3_bucket_producer', 'dataset_alias_example_alias_producer' retrieved from /home/airflow/.local/lib/python3.12/site-packages/airflow/example_dags/example_dataset_alias.py
[2026-08-08T02:22:59.020+0000] {logging_mixin.py:190} INFO - [2026-08-08T02:22:59.020+0000] {dag.py:3239} INFO - Sync 4 DAGs
[2026-08-08T02:22:59.044+0000] {logging_mixin.py:190} INFO - [2026-08-08T02:22:59.043+0000] {dag.py:4180} INFO - Setting next_dagrun for dataset_alias_example_alias_consumer to None, run_after=None
[2026-08-08T02:22:59.047+0000] {logging_mixin.py:190} INFO - [2026-08-08T02:22:59.047+0000] {dag.py:4180} INFO - Setting next_dagrun for dataset_alias_example_alias_producer to None, run_after=None
[2026-08-08T02:22:59.051+0000] {logging_mixin.py:190} INFO - [2026-08-08T02:22:59.051+0000] {dag.py:4180} INFO - Setting next_dagrun for dataset_s3_bucket_consumer to None, run_after=None
[2026-08-08T02:22:59.053+0000] {logging_mixin.py:190} INFO - [2026-08-08T02:22:59.053+0000] {dag.py:4180} INFO - Setting next_dagrun for dataset_s3_bucket_producer to None, run_after=None
[2026-08-08T02:22:59.079+0000] {processor.py:208} INFO - Processing /home/airflow/.local/lib/python3.12/site-packages/airflow/example_dags/example_dataset_alias.py took 0.706 seconds
[2026-08-08T02:23:29.497+0000] {processor.py:186} INFO - Started process (PID=9496) to work on /home/airflow/.local/lib/python3.12/site-packages/airflow/example_dags/example_dataset_alias.py
[2026-08-08T02:23:29.499+0000] {processor.py:914} INFO - Processing file /home/airflow/.local/lib/python3.12/site-packages/airflow/example_dags/example_dataset_alias.py for tasks to queue
[2026-08-08T02:23:29.502+0000] {logging_mixin.py:190} INFO - [2026-08-08T02:23:29.502+0000] {dagbag.py:588} INFO - Filling up the DagBag from /home/airflow/.local/lib/python3.12/site-packages/airflow/example_dags/example_dataset_alias.py
[2026-08-08T02:23:30.078+0000] {processor.py:925} INFO - DAG(s) 'dataset_s3_bucket_producer', 'dataset_alias_example_alias_consumer', 'dataset_alias_example_alias_producer', 'dataset_s3_bucket_consumer' retrieved from /home/airflow/.local/lib/python3.12/site-packages/airflow/example_dags/example_dataset_alias.py
[2026-08-08T02:23:30.102+0000] {logging_mixin.py:190} INFO - [2026-08-08T02:23:30.101+0000] {dag.py:3239} INFO - Sync 4 DAGs
[2026-08-08T02:23:30.128+0000] {logging_mixin.py:190} INFO - [2026-08-08T02:23:30.128+0000] {dag.py:4180} INFO - Setting next_dagrun for dataset_alias_example_alias_consumer to None, run_after=None
[2026-08-08T02:23:30.133+0000] {logging_mixin.py:190} INFO - [2026-08-08T02:23:30.132+0000] {dag.py:4180} INFO - Setting next_dagrun for dataset_alias_example_alias_producer to None, run_after=None
[2026-08-08T02:23:30.136+0000] {logging_mixin.py:190} INFO - [2026-08-08T02:23:30.136+0000] {dag.py:4180} INFO - Setting next_dagrun for dataset_s3_bucket_consumer to None, run_after=None
[2026-08-08T02:23:30.139+0000] {logging_mixin.py:190} INFO - [2026-08-08T02:23:30.138+0000] {dag.py:4180} INFO - Setting next_dagrun for dataset_s3_bucket_producer to None, run_after=None
[2026-08-08T02:23:30.162+0000] {processor.py:208} INFO - Processing /home/airflow/.local/lib/python3.12/site-packages/airflow/example_dags/example_dataset_alias.py took 0.672 seconds
[2026-08-08T02:24:00.224+0000] {processor.py:186} INFO - Started process (PID=9564) to work on /home/airflow/.local/lib/python3.12/site-packages/airflow/example_dags/example_dataset_alias.py
[2026-08-08T02:24:00.225+0000] {processor.py:914} INFO - Processing file /home/airflow/.local/lib/python3.12/site-packages/airflow/example_dags/example_dataset_alias.py for tasks to queue
[2026-08-08T02:24:00.228+0000] {logging_mixin.py:190} INFO - [2026-08-08T02:24:00.228+0000] {dagbag.py:588} INFO - Filling up the DagBag from /home/airflow/.local/lib/python3.12/site-packages/airflow/example_dags/example_dataset_alias.py
[2026-08-08T02:24:00.780+0000] {processor.py:925} INFO - DAG(s) 'dataset_s3_bucket_producer', 'dataset_s3_bucket_consumer', 'dataset_alias_example_alias_consumer', 'dataset_alias_example_alias_producer' retrieved from /home/airflow/.local/lib/python3.12/site-packages/airflow/example_dags/example_dataset_alias.py
[2026-08-08T02:24:00.802+0000] {logging_mixin.py:190} INFO - [2026-08-08T02:24:00.802+0000] {dag.py:3239} INFO - Sync 4 DAGs
[2026-08-08T02:24:00.826+0000] {logging_mixin.py:190} INFO - [2026-08-08T02:24:00.826+0000] {dag.py:4180} INFO - Setting next_dagrun for dataset_alias_example_alias_consumer to None, run_after=None
[2026-08-08T02:24:00.830+0000] {logging_mixin.py:190} INFO - [2026-08-08T02:24:00.829+0000] {dag.py:4180} INFO - Setting next_dagrun for dataset_alias_example_alias_producer to None, run_after=None
[2026-08-08T02:24:00.832+0000] {logging_mixin.py:190} INFO - [2026-08-08T02:24:00.832+0000] {dag.py:4180} INFO - Setting next_dagrun for dataset_s3_bucket_consumer to None, run_after=None
[2026-08-08T02:24:00.834+0000] {logging_mixin.py:190} INFO - [2026-08-08T02:24:00.834+0000] {dag.py:4180} INFO - Setting next_dagrun for dataset_s3_bucket_producer to None, run_after=None
[2026-08-08T02:24:00.857+0000] {processor.py:208} INFO - Processing /home/airflow/.local/lib/python3.12/site-packages/airflow/example_dags/example_dataset_alias.py took 0.640 seconds
[2026-08-08T02:24:31.154+0000] {processor.py:186} INFO - Started process (PID=9629) to work on /home/airflow/.local/lib/python3.12/site-packages/airflow/example_dags/example_dataset_alias.py
[2026-08-08T02:24:31.155+0000] {processor.py:914} INFO - Processing file /home/airflow/.local/lib/python3.12/site-packages/airflow/example_dags/example_dataset_alias.py for tasks to queue
[2026-08-08T02:24:31.158+0000] {logging_mixin.py:190} INFO - [2026-08-08T02:24:31.158+0000] {dagbag.py:588} INFO - Filling up the DagBag from /home/airflow/.local/lib/python3.12/site-packages/airflow/example_dags/example_dataset_alias.py
[2026-08-08T02:24:31.695+0000] {processor.py:925} INFO - DAG(s) 'dataset_s3_bucket_producer', 'dataset_alias_example_alias_consumer', 'dataset_s3_bucket_consumer', 'dataset_alias_example_alias_producer' retrieved from /home/airflow/.local/lib/python3.12/site-packages/airflow/example_dags/example_dataset_alias.py
[2026-08-08T02:24:31.718+0000] {logging_mixin.py:190} INFO - [2026-08-08T02:24:31.717+0000] {dag.py:3239} INFO - Sync 4 DAGs
[2026-08-08T02:24:31.742+0000] {logging_mixin.py:190} INFO - [2026-08-08T02:24:31.742+0000] {dag.py:4180} INFO - Setting next_dagrun for dataset_alias_example_alias_consumer to None, run_after=None
[2026-08-08T02:24:31.746+0000] {logging_mixin.py:190} INFO - [2026-08-08T02:24:31.746+0000] {dag.py:4180} INFO - Setting next_dagrun for dataset_alias_example_alias_producer to None, run_after=None
[2026-08-08T02:24:31.748+0000] {logging_mixin.py:190} INFO - [2026-08-08T02:24:31.748+0000] {dag.py:4180} INFO - Setting next_dagrun for dataset_s3_bucket_consumer to None, run_after=None
[2026-08-08T02:24:31.750+0000] {logging_mixin.py:190} INFO - [2026-08-08T02:24:31.750+0000] {dag.py:4180} INFO - Setting next_dagrun for dataset_s3_bucket_producer to None, run_after=None
[2026-08-08T02:24:31.773+0000] {processor.py:208} INFO - Processing /home/airflow/.local/lib/python3.12/site-packages/airflow/example_dags/example_dataset_alias.py took 0.625 seconds
[2026-08-08T02:25:02.475+0000] {processor.py:186} INFO - Started process (PID=9700) to work on /home/airflow/.local/lib/python3.12/site-packages/airflow/example_dags/example_dataset_alias.py
[2026-08-08T02:25:02.476+0000] {processor.py:914} INFO - Processing file /home/airflow/.local/lib/python3.12/site-packages/airflow/example_dags/example_dataset_alias.py for tasks to queue
[2026-08-08T02:25:02.479+0000] {logging_mixin.py:190} INFO - [2026-08-08T02:25:02.479+0000] {dagbag.py:588} INFO - Filling up the DagBag from /home/airflow/.local/lib/python3.12/site-packages/airflow/example_dags/example_dataset_alias.py
[2026-08-08T02:25:03.108+0000] {processor.py:925} INFO - DAG(s) 'dataset_s3_bucket_consumer', 'dataset_alias_example_alias_consumer', 'dataset_s3_bucket_producer', 'dataset_alias_example_alias_producer' retrieved from /home/airflow/.local/lib/python3.12/site-packages/airflow/example_dags/example_dataset_alias.py
[2026-08-08T02:25:03.137+0000] {logging_mixin.py:190} INFO - [2026-08-08T02:25:03.136+0000] {dag.py:3239} INFO - Sync 4 DAGs
[2026-08-08T02:25:03.169+0000] {logging_mixin.py:190} INFO - [2026-08-08T02:25:03.168+0000] {dag.py:4180} INFO - Setting next_dagrun for dataset_alias_example_alias_consumer to None, run_after=None
[2026-08-08T02:25:03.172+0000] {logging_mixin.py:190} INFO - [2026-08-08T02:25:03.172+0000] {dag.py:4180} INFO - Setting next_dagrun for dataset_alias_example_alias_producer to None, run_after=None
[2026-08-08T02:25:03.174+0000] {logging_mixin.py:190} INFO - [2026-08-08T02:25:03.174+0000] {dag.py:4180} INFO - Setting next_dagrun for dataset_s3_bucket_consumer to None, run_after=None
[2026-08-08T02:25:03.176+0000] {logging_mixin.py:190} INFO - [2026-08-08T02:25:03.176+0000] {dag.py:4180} INFO - Setting next_dagrun for dataset_s3_bucket_producer to None, run_after=None
[2026-08-08T02:25:03.200+0000] {processor.py:208} INFO - Processing /home/airflow/.local/lib/python3.12/site-packages/airflow/example_dags/example_dataset_alias.py took 0.732 seconds
[2026-08-08T02:25:33.491+0000] {processor.py:186} INFO - Started process (PID=9765) to work on /home/airflow/.local/lib/python3.12/site-packages/airflow/example_dags/example_dataset_alias.py
[2026-08-08T02:25:33.493+0000] {processor.py:914} INFO - Processing file /home/airflow/.local/lib/python3.12/site-packages/airflow/example_dags/example_dataset_alias.py for tasks to queue
[2026-08-08T02:25:33.497+0000] {logging_mixin.py:190} INFO - [2026-08-08T02:25:33.496+0000] {dagbag.py:588} INFO - Filling up the DagBag from /home/airflow/.local/lib/python3.12/site-packages/airflow/example_dags/example_dataset_alias.py
[2026-08-08T02:25:33.957+0000] {processor.py:925} INFO - DAG(s) 'dataset_alias_example_alias_producer', 'dataset_s3_bucket_producer', 'dataset_alias_example_alias_consumer', 'dataset_s3_bucket_consumer' retrieved from /home/airflow/.local/lib/python3.12/site-packages/airflow/example_dags/example_dataset_alias.py
[2026-08-08T02:25:33.983+0000] {logging_mixin.py:190} INFO - [2026-08-08T02:25:33.983+0000] {dag.py:3239} INFO - Sync 4 DAGs
[2026-08-08T02:25:34.013+0000] {logging_mixin.py:190} INFO - [2026-08-08T02:25:34.012+0000] {dag.py:4180} INFO - Setting next_dagrun for dataset_alias_example_alias_consumer to None, run_after=None
[2026-08-08T02:25:34.017+0000] {logging_mixin.py:190} INFO - [2026-08-08T02:25:34.017+0000] {dag.py:4180} INFO - Setting next_dagrun for dataset_alias_example_alias_producer to None, run_after=None
[2026-08-08T02:25:34.019+0000] {logging_mixin.py:190} INFO - [2026-08-08T02:25:34.019+0000] {dag.py:4180} INFO - Setting next_dagrun for dataset_s3_bucket_consumer to None, run_after=None
[2026-08-08T02:25:34.022+0000] {logging_mixin.py:190} INFO - [2026-08-08T02:25:34.021+0000] {dag.py:4180} INFO - Setting next_dagrun for dataset_s3_bucket_producer to None, run_after=None
[2026-08-08T02:25:34.048+0000] {processor.py:208} INFO - Processing /home/airflow/.local/lib/python3.12/site-packages/airflow/example_dags/example_dataset_alias.py took 0.562 seconds
[2026-08-08T02:26:04.472+0000] {processor.py:186} INFO - Started process (PID=9830) to work on /home/airflow/.local/lib/python3.12/site-packages/airflow/example_dags/example_dataset_alias.py
[2026-08-08T02:26:04.473+0000] {processor.py:914} INFO - Processing file /home/airflow/.local/lib/python3.12/site-packages/airflow/example_dags/example_dataset_alias.py for tasks to queue
[2026-08-08T02:26:04.476+0000] {logging_mixin.py:190} INFO - [2026-08-08T02:26:04.476+0000] {dagbag.py:588} INFO - Filling up the DagBag from /home/airflow/.local/lib/python3.12/site-packages/airflow/example_dags/example_dataset_alias.py
[2026-08-08T02:26:04.905+0000] {processor.py:925} INFO - DAG(s) 'dataset_s3_bucket_consumer', 'dataset_alias_example_alias_producer', 'dataset_s3_bucket_producer', 'dataset_alias_example_alias_consumer' retrieved from /home/airflow/.local/lib/python3.12/site-packages/airflow/example_dags/example_dataset_alias.py
[2026-08-08T02:26:04.931+0000] {logging_mixin.py:190} INFO - [2026-08-08T02:26:04.931+0000] {dag.py:3239} INFO - Sync 4 DAGs
[2026-08-08T02:26:04.959+0000] {logging_mixin.py:190} INFO - [2026-08-08T02:26:04.959+0000] {dag.py:4180} INFO - Setting next_dagrun for dataset_alias_example_alias_consumer to None, run_after=None
[2026-08-08T02:26:04.963+0000] {logging_mixin.py:190} INFO - [2026-08-08T02:26:04.963+0000] {dag.py:4180} INFO - Setting next_dagrun for dataset_alias_example_alias_producer to None, run_after=None
[2026-08-08T02:26:04.965+0000] {logging_mixin.py:190} INFO - [2026-08-08T02:26:04.965+0000] {dag.py:4180} INFO - Setting next_dagrun for dataset_s3_bucket_consumer to None, run_after=None
[2026-08-08T02:26:04.968+0000] {logging_mixin.py:190} INFO - [2026-08-08T02:26:04.968+0000] {dag.py:4180} INFO - Setting next_dagrun for dataset_s3_bucket_producer to None, run_after=None
[2026-08-08T02:26:04.996+0000] {processor.py:208} INFO - Processing /home/airflow/.local/lib/python3.12/site-packages/airflow/example_dags/example_dataset_alias.py took 0.530 seconds
[2026-08-08T02:26:35.791+0000] {processor.py:186} INFO - Started process (PID=9895) to work on /home/airflow/.local/lib/python3.12/site-packages/airflow/example_dags/example_dataset_alias.py
[2026-08-08T02:26:35.793+0000] {processor.py:914} INFO - Processing file /home/airflow/.local/lib/python3.12/site-packages/airflow/example_dags/example_dataset_alias.py for tasks to queue
[2026-08-08T02:26:35.797+0000] {logging_mixin.py:190} INFO - [2026-08-08T02:26:35.796+0000] {dagbag.py:588} INFO - Filling up the DagBag from /home/airflow/.local/lib/python3.12/site-packages/airflow/example_dags/example_dataset_alias.py
[2026-08-08T02:26:36.266+0000] {processor.py:925} INFO - DAG(s) 'dataset_s3_bucket_consumer', 'dataset_alias_example_alias_consumer', 'dataset_alias_example_alias_producer', 'dataset_s3_bucket_producer' retrieved from /home/airflow/.local/lib/python3.12/site-packages/airflow/example_dags/example_dataset_alias.py
[2026-08-08T02:26:36.292+0000] {logging_mixin.py:190} INFO - [2026-08-08T02:26:36.292+0000] {dag.py:3239} INFO - Sync 4 DAGs
[2026-08-08T02:26:36.323+0000] {logging_mixin.py:190} INFO - [2026-08-08T02:26:36.323+0000] {dag.py:4180} INFO - Setting next_dagrun for dataset_alias_example_alias_consumer to None, run_after=None
[2026-08-08T02:26:36.327+0000] {logging_mixin.py:190} INFO - [2026-08-08T02:26:36.327+0000] {dag.py:4180} INFO - Setting next_dagrun for dataset_alias_example_alias_producer to None, run_after=None
[2026-08-08T02:26:36.329+0000] {logging_mixin.py:190} INFO - [2026-08-08T02:26:36.329+0000] {dag.py:4180} INFO - Setting next_dagrun for dataset_s3_bucket_consumer to None, run_after=None
[2026-08-08T02:26:36.331+0000] {logging_mixin.py:190} INFO - [2026-08-08T02:26:36.331+0000] {dag.py:4180} INFO - Setting next_dagrun for dataset_s3_bucket_producer to None, run_after=None
[2026-08-08T02:26:36.359+0000] {processor.py:208} INFO - Processing /home/airflow/.local/lib/python3.12/site-packages/airflow/example_dags/example_dataset_alias.py took 0.576 seconds
[2026-08-08T02:27:06.942+0000] {processor.py:186} INFO - Started process (PID=9960) to work on /home/airflow/.local/lib/python3.12/site-packages/airflow/example_dags/example_dataset_alias.py
[2026-08-08T02:27:06.944+0000] {processor.py:914} INFO - Processing file /home/airflow/.local/lib/python3.12/site-packages/airflow/example_dags/example_dataset_alias.py for tasks to queue
[2026-08-08T02:27:06.948+0000] {logging_mixin.py:190} INFO - [2026-08-08T02:27:06.947+0000] {dagbag.py:588} INFO - Filling up the DagBag from /home/airflow/.local/lib/python3.12/site-packages/airflow/example_dags/example_dataset_alias.py
[2026-08-08T02:27:07.413+0000] {processor.py:925} INFO - DAG(s) 'dataset_alias_example_alias_producer', 'dataset_s3_bucket_consumer', 'dataset_s3_bucket_producer', 'dataset_alias_example_alias_consumer' retrieved from /home/airflow/.local/lib/python3.12/site-packages/airflow/example_dags/example_dataset_alias.py
[2026-08-08T02:27:07.443+0000] {logging_mixin.py:190} INFO - [2026-08-08T02:27:07.442+0000] {dag.py:3239} INFO - Sync 4 DAGs
[2026-08-08T02:27:07.472+0000] {logging_mixin.py:190} INFO - [2026-08-08T02:27:07.472+0000] {dag.py:4180} INFO - Setting next_dagrun for dataset_alias_example_alias_consumer to None, run_after=None
[2026-08-08T02:27:07.477+0000] {logging_mixin.py:190} INFO - [2026-08-08T02:27:07.476+0000] {dag.py:4180} INFO - Setting next_dagrun for dataset_alias_example_alias_producer to None, run_after=None
[2026-08-08T02:27:07.479+0000] {logging_mixin.py:190} INFO - [2026-08-08T02:27:07.479+0000] {dag.py:4180} INFO - Setting next_dagrun for dataset_s3_bucket_consumer to None, run_after=None
[2026-08-08T02:27:07.482+0000] {logging_mixin.py:190} INFO - [2026-08-08T02:27:07.482+0000] {dag.py:4180} INFO - Setting next_dagrun for dataset_s3_bucket_producer to None, run_after=None
[2026-08-08T02:27:07.511+0000] {processor.py:208} INFO - Processing /home/airflow/.local/lib/python3.12/site-packages/airflow/example_dags/example_dataset_alias.py took 0.575 seconds
[2026-08-08T02:27:38.155+0000] {processor.py:186} INFO - Started process (PID=10025) to work on /home/airflow/.local/lib/python3.12/site-packages/airflow/example_dags/example_dataset_alias.py
[2026-08-08T02:27:38.156+0000] {processor.py:914} INFO - Processing file /home/airflow/.local/lib/python3.12/site-packages/airflow/example_dags/example_dataset_alias.py for tasks to queue
[2026-08-08T02:27:38.160+0000] {logging_mixin.py:190} INFO - [2026-08-08T02:27:38.159+0000] {dagbag.py:588} INFO - Filling up the DagBag from /home/airflow/.local/lib/python3.12/site-packages/airflow/example_dags/example_dataset_alias.py
[2026-08-08T02:27:38.575+0000] {processor.py:925} INFO - DAG(s) 'dataset_s3_bucket_consumer', 'dataset_alias_example_alias_consumer', 'dataset_alias_example_alias_producer', 'dataset_s3_bucket_producer' retrieved from /home/airflow/.local/lib/python3.12/site-packages/airflow/example_dags/example_dataset_alias.py
[2026-08-08T02:27:38.601+0000] {logging_mixin.py:190} INFO - [2026-08-08T02:27:38.600+0000] {dag.py:3239} INFO - Sync 4 DAGs
[2026-08-08T02:27:38.632+0000] {logging_mixin.py:190} INFO - [2026-08-08T02:27:38.631+0000] {dag.py:4180} INFO - Setting next_dagrun for dataset_alias_example_alias_consumer to None, run_after=None
[2026-08-08T02:27:38.635+0000] {logging_mixin.py:190} INFO - [2026-08-08T02:27:38.635+0000] {dag.py:4180} INFO - Setting next_dagrun for dataset_alias_example_alias_producer to None, run_after=None
[2026-08-08T02:27:38.638+0000] {logging_mixin.py:190} INFO - [2026-08-08T02:27:38.637+0000] {dag.py:4180} INFO - Setting next_dagrun for dataset_s3_bucket_consumer to None, run_after=None
[2026-08-08T02:27:38.640+0000] {logging_mixin.py:190} INFO - [2026-08-08T02:27:38.640+0000] {dag.py:4180} INFO - Setting next_dagrun for dataset_s3_bucket_producer to None, run_after=None
[2026-08-08T02:27:38.665+0000] {processor.py:208} INFO - Processing /home/airflow/.local/lib/python3.12/site-packages/airflow/example_dags/example_dataset_alias.py took 0.516 seconds
[2026-08-08T02:28:08.923+0000] {processor.py:186} INFO - Started process (PID=10090) to work on /home/airflow/.local/lib/python3.12/site-packages/airflow/example_dags/example_dataset_alias.py
[2026-08-08T02:28:08.924+0000] {processor.py:914} INFO - Processing file /home/airflow/.local/lib/python3.12/site-packages/airflow/example_dags/example_dataset_alias.py for tasks to queue
[2026-08-08T02:28:08.927+0000] {logging_mixin.py:190} INFO - [2026-08-08T02:28:08.927+0000] {dagbag.py:588} INFO - Filling up the DagBag from /home/airflow/.local/lib/python3.12/site-packages/airflow/example_dags/example_dataset_alias.py
[2026-08-08T02:28:09.339+0000] {processor.py:925} INFO - DAG(s) 'dataset_alias_example_alias_producer', 'dataset_alias_example_alias_consumer', 'dataset_s3_bucket_producer', 'dataset_s3_bucket_consumer' retrieved from /home/airflow/.local/lib/python3.12/site-packages/airflow/example_dags/example_dataset_alias.py
[2026-08-08T02:28:09.367+0000] {logging_mixin.py:190} INFO - [2026-08-08T02:28:09.367+0000] {dag.py:3239} INFO - Sync 4 DAGs
[2026-08-08T02:28:09.402+0000] {logging_mixin.py:190} INFO - [2026-08-08T02:28:09.402+0000] {dag.py:4180} INFO - Setting next_dagrun for dataset_alias_example_alias_consumer to None, run_after=None
[2026-08-08T02:28:09.406+0000] {logging_mixin.py:190} INFO - [2026-08-08T02:28:09.406+0000] {dag.py:4180} INFO - Setting next_dagrun for dataset_alias_example_alias_producer to None, run_after=None
[2026-08-08T02:28:09.409+0000] {logging_mixin.py:190} INFO - [2026-08-08T02:28:09.408+0000] {dag.py:4180} INFO - Setting next_dagrun for dataset_s3_bucket_consumer to None, run_after=None
[2026-08-08T02:28:09.411+0000] {logging_mixin.py:190} INFO - [2026-08-08T02:28:09.411+0000] {dag.py:4180} INFO - Setting next_dagrun for dataset_s3_bucket_producer to None, run_after=None
[2026-08-08T02:28:09.439+0000] {processor.py:208} INFO - Processing /home/airflow/.local/lib/python3.12/site-packages/airflow/example_dags/example_dataset_alias.py took 0.524 seconds
[2026-08-08T02:28:39.624+0000] {processor.py:186} INFO - Started process (PID=10156) to work on /home/airflow/.local/lib/python3.12/site-packages/airflow/example_dags/example_dataset_alias.py
[2026-08-08T02:28:39.626+0000] {processor.py:914} INFO - Processing file /home/airflow/.local/lib/python3.12/site-packages/airflow/example_dags/example_dataset_alias.py for tasks to queue
[2026-08-08T02:28:39.629+0000] {logging_mixin.py:190} INFO - [2026-08-08T02:28:39.628+0000] {dagbag.py:588} INFO - Filling up the DagBag from /home/airflow/.local/lib/python3.12/site-packages/airflow/example_dags/example_dataset_alias.py
[2026-08-08T02:28:40.071+0000] {processor.py:925} INFO - DAG(s) 'dataset_s3_bucket_producer', 'dataset_alias_example_alias_consumer', 'dataset_alias_example_alias_producer', 'dataset_s3_bucket_consumer' retrieved from /home/airflow/.local/lib/python3.12/site-packages/airflow/example_dags/example_dataset_alias.py
[2026-08-08T02:28:40.098+0000] {logging_mixin.py:190} INFO - [2026-08-08T02:28:40.097+0000] {dag.py:3239} INFO - Sync 4 DAGs
[2026-08-08T02:28:40.129+0000] {logging_mixin.py:190} INFO - [2026-08-08T02:28:40.129+0000] {dag.py:4180} INFO - Setting next_dagrun for dataset_alias_example_alias_consumer to None, run_after=None
[2026-08-08T02:28:40.133+0000] {logging_mixin.py:190} INFO - [2026-08-08T02:28:40.133+0000] {dag.py:4180} INFO - Setting next_dagrun for dataset_alias_example_alias_producer to None, run_after=None
[2026-08-08T02:28:40.138+0000] {logging_mixin.py:190} INFO - [2026-08-08T02:28:40.137+0000] {dag.py:4180} INFO - Setting next_dagrun for dataset_s3_bucket_consumer to None, run_after=None
[2026-08-08T02:28:40.140+0000] {logging_mixin.py:190} INFO - [2026-08-08T02:28:40.140+0000] {dag.py:4180} INFO - Setting next_dagrun for dataset_s3_bucket_producer to None, run_after=None
[2026-08-08T02:28:40.168+0000] {processor.py:208} INFO - Processing /home/airflow/.local/lib/python3.12/site-packages/airflow/example_dags/example_dataset_alias.py took 0.550 seconds
[2026-08-08T02:29:10.675+0000] {processor.py:186} INFO - Started process (PID=10221) to work on /home/airflow/.local/lib/python3.12/site-packages/airflow/example_dags/example_dataset_alias.py
[2026-08-08T02:29:10.677+0000] {processor.py:914} INFO - Processing file /home/airflow/.local/lib/python3.12/site-packages/airflow/example_dags/example_dataset_alias.py for tasks to queue
[2026-08-08T02:29:10.681+0000] {logging_mixin.py:190} INFO - [2026-08-08T02:29:10.680+0000] {dagbag.py:588} INFO - Filling up the DagBag from /home/airflow/.local/lib/python3.12/site-packages/airflow/example_dags/example_dataset_alias.py
[2026-08-08T02:29:11.187+0000] {processor.py:925} INFO - DAG(s) 'dataset_alias_example_alias_consumer', 'dataset_s3_bucket_consumer', 'dataset_s3_bucket_producer', 'dataset_alias_example_alias_producer' retrieved from /home/airflow/.local/lib/python3.12/site-packages/airflow/example_dags/example_dataset_alias.py
[2026-08-08T02:29:11.212+0000] {logging_mixin.py:190} INFO - [2026-08-08T02:29:11.212+0000] {dag.py:3239} INFO - Sync 4 DAGs
[2026-08-08T02:29:11.241+0000] {logging_mixin.py:190} INFO - [2026-08-08T02:29:11.241+0000] {dag.py:4180} INFO - Setting next_dagrun for dataset_alias_example_alias_consumer to None, run_after=None
[2026-08-08T02:29:11.245+0000] {logging_mixin.py:190} INFO - [2026-08-08T02:29:11.245+0000] {dag.py:4180} INFO - Setting next_dagrun for dataset_alias_example_alias_producer to None, run_after=None
[2026-08-08T02:29:11.247+0000] {logging_mixin.py:190} INFO - [2026-08-08T02:29:11.247+0000] {dag.py:4180} INFO - Setting next_dagrun for dataset_s3_bucket_consumer to None, run_after=None
[2026-08-08T02:29:11.249+0000] {logging_mixin.py:190} INFO - [2026-08-08T02:29:11.249+0000] {dag.py:4180} INFO - Setting next_dagrun for dataset_s3_bucket_producer to None, run_after=None
[2026-08-08T02:29:11.274+0000] {processor.py:208} INFO - Processing /home/airflow/.local/lib/python3.12/site-packages/airflow/example_dags/example_dataset_alias.py took 0.606 seconds
[2026-08-08T02:29:41.417+0000] {processor.py:186} INFO - Started process (PID=10286) to work on /home/airflow/.local/lib/python3.12/site-packages/airflow/example_dags/example_dataset_alias.py
[2026-08-08T02:29:41.418+0000] {processor.py:914} INFO - Processing file /home/airflow/.local/lib/python3.12/site-packages/airflow/example_dags/example_dataset_alias.py for tasks to queue
[2026-08-08T02:29:41.422+0000] {logging_mixin.py:190} INFO - [2026-08-08T02:29:41.421+0000] {dagbag.py:588} INFO - Filling up the DagBag from /home/airflow/.local/lib/python3.12/site-packages/airflow/example_dags/example_dataset_alias.py
[2026-08-08T02:29:41.910+0000] {processor.py:925} INFO - DAG(s) 'dataset_alias_example_alias_consumer', 'dataset_s3_bucket_producer', 'dataset_s3_bucket_consumer', 'dataset_alias_example_alias_producer' retrieved from /home/airflow/.local/lib/python3.12/site-packages/airflow/example_dags/example_dataset_alias.py
[2026-08-08T02:29:41.940+0000] {logging_mixin.py:190} INFO - [2026-08-08T02:29:41.939+0000] {dag.py:3239} INFO - Sync 4 DAGs
[2026-08-08T02:29:41.971+0000] {logging_mixin.py:190} INFO - [2026-08-08T02:29:41.971+0000] {dag.py:4180} INFO - Setting next_dagrun for dataset_alias_example_alias_consumer to None, run_after=None
[2026-08-08T02:29:41.976+0000] {logging_mixin.py:190} INFO - [2026-08-08T02:29:41.976+0000] {dag.py:4180} INFO - Setting next_dagrun for dataset_alias_example_alias_producer to None, run_after=None
[2026-08-08T02:29:41.979+0000] {logging_mixin.py:190} INFO - [2026-08-08T02:29:41.978+0000] {dag.py:4180} INFO - Setting next_dagrun for dataset_s3_bucket_consumer to None, run_after=None
[2026-08-08T02:29:41.982+0000] {logging_mixin.py:190} INFO - [2026-08-08T02:29:41.981+0000] {dag.py:4180} INFO - Setting next_dagrun for dataset_s3_bucket_producer to None, run_after=None
[2026-08-08T02:29:42.010+0000] {processor.py:208} INFO - Processing /home/airflow/.local/lib/python3.12/site-packages/airflow/example_dags/example_dataset_alias.py took 0.599 seconds
[2026-08-08T02:30:12.091+0000] {processor.py:186} INFO - Started process (PID=10352) to work on /home/airflow/.local/lib/python3.12/site-packages/airflow/example_dags/example_dataset_alias.py
[2026-08-08T02:30:12.093+0000] {processor.py:914} INFO - Processing file /home/airflow/.local/lib/python3.12/site-packages/airflow/example_dags/example_dataset_alias.py for tasks to queue
[2026-08-08T02:30:12.097+0000] {logging_mixin.py:190} INFO - [2026-08-08T02:30:12.096+0000] {dagbag.py:588} INFO - Filling up the DagBag from /home/airflow/.local/lib/python3.12/site-packages/airflow/example_dags/example_dataset_alias.py
[2026-08-08T02:30:12.663+0000] {processor.py:925} INFO - DAG(s) 'dataset_s3_bucket_producer', 'dataset_alias_example_alias_producer', 'dataset_alias_example_alias_consumer', 'dataset_s3_bucket_consumer' retrieved from /home/airflow/.local/lib/python3.12/site-packages/airflow/example_dags/example_dataset_alias.py
[2026-08-08T02:30:12.691+0000] {logging_mixin.py:190} INFO - [2026-08-08T02:30:12.691+0000] {dag.py:3239} INFO - Sync 4 DAGs
[2026-08-08T02:30:12.724+0000] {logging_mixin.py:190} INFO - [2026-08-08T02:30:12.724+0000] {dag.py:4180} INFO - Setting next_dagrun for dataset_alias_example_alias_consumer to None, run_after=None
[2026-08-08T02:30:12.729+0000] {logging_mixin.py:190} INFO - [2026-08-08T02:30:12.729+0000] {dag.py:4180} INFO - Setting next_dagrun for dataset_alias_example_alias_producer to None, run_after=None
[2026-08-08T02:30:12.733+0000] {logging_mixin.py:190} INFO - [2026-08-08T02:30:12.733+0000] {dag.py:4180} INFO - Setting next_dagrun for dataset_s3_bucket_consumer to None, run_after=None
[2026-08-08T02:30:12.736+0000] {logging_mixin.py:190} INFO - [2026-08-08T02:30:12.735+0000] {dag.py:4180} INFO - Setting next_dagrun for dataset_s3_bucket_producer to None, run_after=None
[2026-08-08T02:30:12.768+0000] {processor.py:208} INFO - Processing /home/airflow/.local/lib/python3.12/site-packages/airflow/example_dags/example_dataset_alias.py took 0.685 seconds
[2026-08-08T02:30:42.929+0000] {processor.py:186} INFO - Started process (PID=10417) to work on /home/airflow/.local/lib/python3.12/site-packages/airflow/example_dags/example_dataset_alias.py
[2026-08-08T02:30:42.930+0000] {processor.py:914} INFO - Processing file /home/airflow/.local/lib/python3.12/site-packages/airflow/example_dags/example_dataset_alias.py for tasks to queue
[2026-08-08T02:30:42.934+0000] {logging_mixin.py:190} INFO - [2026-08-08T02:30:42.933+0000] {dagbag.py:588} INFO - Filling up the DagBag from /home/airflow/.local/lib/python3.12/site-packages/airflow/example_dags/example_dataset_alias.py
[2026-08-08T02:30:43.396+0000] {processor.py:925} INFO - DAG(s) 'dataset_alias_example_alias_consumer', 'dataset_s3_bucket_consumer', 'dataset_alias_example_alias_producer', 'dataset_s3_bucket_producer' retrieved from /home/airflow/.local/lib/python3.12/site-packages/airflow/example_dags/example_dataset_alias.py
[2026-08-08T02:30:43.419+0000] {logging_mixin.py:190} INFO - [2026-08-08T02:30:43.418+0000] {dag.py:3239} INFO - Sync 4 DAGs
[2026-08-08T02:30:43.448+0000] {logging_mixin.py:190} INFO - [2026-08-08T02:30:43.448+0000] {dag.py:4180} INFO - Setting next_dagrun for dataset_alias_example_alias_consumer to None, run_after=None
[2026-08-08T02:30:43.452+0000] {logging_mixin.py:190} INFO - [2026-08-08T02:30:43.451+0000] {dag.py:4180} INFO - Setting next_dagrun for dataset_alias_example_alias_producer to None, run_after=None
[2026-08-08T02:30:43.454+0000] {logging_mixin.py:190} INFO - [2026-08-08T02:30:43.454+0000] {dag.py:4180} INFO - Setting next_dagrun for dataset_s3_bucket_consumer to None, run_after=None
[2026-08-08T02:30:43.456+0000] {logging_mixin.py:190} INFO - [2026-08-08T02:30:43.455+0000] {dag.py:4180} INFO - Setting next_dagrun for dataset_s3_bucket_producer to None, run_after=None
[2026-08-08T02:30:43.483+0000] {processor.py:208} INFO - Processing /home/airflow/.local/lib/python3.12/site-packages/airflow/example_dags/example_dataset_alias.py took 0.561 seconds
[2026-08-08T02:31:13.525+0000] {processor.py:186} INFO - Started process (PID=10482) to work on /home/airflow/.local/lib/python3.12/site-packages/airflow/example_dags/example_dataset_alias.py
[2026-08-08T02:31:13.526+0000] {processor.py:914} INFO - Processing file /home/airflow/.local/lib/python3.12/site-packages/airflow/example_dags/example_dataset_alias.py for tasks to queue
[2026-08-08T02:31:13.531+0000] {logging_mixin.py:190} INFO - [2026-08-08T02:31:13.531+0000] {dagbag.py:588} INFO - Filling up the DagBag from /home/airflow/.local/lib/python3.12/site-packages/airflow/example_dags/example_dataset_alias.py
[2026-08-08T02:31:13.965+0000] {processor.py:925} INFO - DAG(s) 'dataset_alias_example_alias_consumer', 'dataset_s3_bucket_producer', 'dataset_s3_bucket_consumer', 'dataset_alias_example_alias_producer' retrieved from /home/airflow/.local/lib/python3.12/site-packages/airflow/example_dags/example_dataset_alias.py
[2026-08-08T02:31:13.992+0000] {logging_mixin.py:190} INFO - [2026-08-08T02:31:13.992+0000] {dag.py:3239} INFO - Sync 4 DAGs
[2026-08-08T02:31:14.024+0000] {logging_mixin.py:190} INFO - [2026-08-08T02:31:14.024+0000] {dag.py:4180} INFO - Setting next_dagrun for dataset_alias_example_alias_consumer to None, run_after=None
[2026-08-08T02:31:14.027+0000] {logging_mixin.py:190} INFO - [2026-08-08T02:31:14.027+0000] {dag.py:4180} INFO - Setting next_dagrun for dataset_alias_example_alias_producer to None, run_after=None
[2026-08-08T02:31:14.030+0000] {logging_mixin.py:190} INFO - [2026-08-08T02:31:14.029+0000] {dag.py:4180} INFO - Setting next_dagrun for dataset_s3_bucket_consumer to None, run_after=None
[2026-08-08T02:31:14.032+0000] {logging_mixin.py:190} INFO - [2026-08-08T02:31:14.031+0000] {dag.py:4180} INFO - Setting next_dagrun for dataset_s3_bucket_producer to None, run_after=None
[2026-08-08T02:31:14.059+0000] {processor.py:208} INFO - Processing /home/airflow/.local/lib/python3.12/site-packages/airflow/example_dags/example_dataset_alias.py took 0.542 seconds
[2026-08-08T02:31:44.207+0000] {processor.py:186} INFO - Started process (PID=10547) to work on /home/airflow/.local/lib/python3.12/site-packages/airflow/example_dags/example_dataset_alias.py
[2026-08-08T02:31:44.209+0000] {processor.py:914} INFO - Processing file /home/airflow/.local/lib/python3.12/site-packages/airflow/example_dags/example_dataset_alias.py for tasks to queue
[2026-08-08T02:31:44.214+0000] {logging_mixin.py:190} INFO - [2026-08-08T02:31:44.213+0000] {dagbag.py:588} INFO - Filling up the DagBag from /home/airflow/.local/lib/python3.12/site-packages/airflow/example_dags/example_dataset_alias.py
[2026-08-08T02:31:44.687+0000] {processor.py:925} INFO - DAG(s) 'dataset_alias_example_alias_producer', 'dataset_alias_example_alias_consumer', 'dataset_s3_bucket_consumer', 'dataset_s3_bucket_producer' retrieved from /home/airflow/.local/lib/python3.12/site-packages/airflow/example_dags/example_dataset_alias.py
[2026-08-08T02:31:44.715+0000] {logging_mixin.py:190} INFO - [2026-08-08T02:31:44.714+0000] {dag.py:3239} INFO - Sync 4 DAGs
[2026-08-08T02:31:44.744+0000] {logging_mixin.py:190} INFO - [2026-08-08T02:31:44.743+0000] {dag.py:4180} INFO - Setting next_dagrun for dataset_alias_example_alias_consumer to None, run_after=None
[2026-08-08T02:31:44.748+0000] {logging_mixin.py:190} INFO - [2026-08-08T02:31:44.748+0000] {dag.py:4180} INFO - Setting next_dagrun for dataset_alias_example_alias_producer to None, run_after=None
[2026-08-08T02:31:44.750+0000] {logging_mixin.py:190} INFO - [2026-08-08T02:31:44.750+0000] {dag.py:4180} INFO - Setting next_dagrun for dataset_s3_bucket_consumer to None, run_after=None
[2026-08-08T02:31:44.753+0000] {logging_mixin.py:190} INFO - [2026-08-08T02:31:44.753+0000] {dag.py:4180} INFO - Setting next_dagrun for dataset_s3_bucket_producer to None, run_after=None
[2026-08-08T02:31:44.778+0000] {processor.py:208} INFO - Processing /home/airflow/.local/lib/python3.12/site-packages/airflow/example_dags/example_dataset_alias.py took 0.579 seconds
[2026-08-08T02:32:15.308+0000] {processor.py:186} INFO - Started process (PID=10612) to work on /home/airflow/.local/lib/python3.12/site-packages/airflow/example_dags/example_dataset_alias.py
[2026-08-08T02:32:15.312+0000] {processor.py:914} INFO - Processing file /home/airflow/.local/lib/python3.12/site-packages/airflow/example_dags/example_dataset_alias.py for tasks to queue
[2026-08-08T02:32:15.316+0000] {logging_mixin.py:190} INFO - [2026-08-08T02:32:15.315+0000] {dagbag.py:588} INFO - Filling up the DagBag from /home/airflow/.local/lib/python3.12/site-packages/airflow/example_dags/example_dataset_alias.py
[2026-08-08T02:32:15.748+0000] {processor.py:925} INFO - DAG(s) 'dataset_alias_example_alias_producer', 'dataset_s3_bucket_producer', 'dataset_s3_bucket_consumer', 'dataset_alias_example_alias_consumer' retrieved from /home/airflow/.local/lib/python3.12/site-packages/airflow/example_dags/example_dataset_alias.py
[2026-08-08T02:32:15.776+0000] {logging_mixin.py:190} INFO - [2026-08-08T02:32:15.776+0000] {dag.py:3239} INFO - Sync 4 DAGs
[2026-08-08T02:32:15.803+0000] {logging_mixin.py:190} INFO - [2026-08-08T02:32:15.803+0000] {dag.py:4180} INFO - Setting next_dagrun for dataset_alias_example_alias_consumer to None, run_after=None
[2026-08-08T02:32:15.807+0000] {logging_mixin.py:190} INFO - [2026-08-08T02:32:15.806+0000] {dag.py:4180} INFO - Setting next_dagrun for dataset_alias_example_alias_producer to None, run_after=None
[2026-08-08T02:32:15.809+0000] {logging_mixin.py:190} INFO - [2026-08-08T02:32:15.809+0000] {dag.py:4180} INFO - Setting next_dagrun for dataset_s3_bucket_consumer to None, run_after=None
[2026-08-08T02:32:15.811+0000] {logging_mixin.py:190} INFO - [2026-08-08T02:32:15.811+0000] {dag.py:4180} INFO - Setting next_dagrun for dataset_s3_bucket_producer to None, run_after=None
[2026-08-08T02:32:15.838+0000] {processor.py:208} INFO - Processing /home/airflow/.local/lib/python3.12/site-packages/airflow/example_dags/example_dataset_alias.py took 0.535 seconds
[2026-08-08T02:32:45.897+0000] {processor.py:186} INFO - Started process (PID=10676) to work on /home/airflow/.local/lib/python3.12/site-packages/airflow/example_dags/example_dataset_alias.py
[2026-08-08T02:32:45.899+0000] {processor.py:914} INFO - Processing file /home/airflow/.local/lib/python3.12/site-packages/airflow/example_dags/example_dataset_alias.py for tasks to queue
[2026-08-08T02:32:45.902+0000] {logging_mixin.py:190} INFO - [2026-08-08T02:32:45.901+0000] {dagbag.py:588} INFO - Filling up the DagBag from /home/airflow/.local/lib/python3.12/site-packages/airflow/example_dags/example_dataset_alias.py
[2026-08-08T02:32:46.322+0000] {processor.py:925} INFO - DAG(s) 'dataset_alias_example_alias_producer', 'dataset_s3_bucket_consumer', 'dataset_alias_example_alias_consumer', 'dataset_s3_bucket_producer' retrieved from /home/airflow/.local/lib/python3.12/site-packages/airflow/example_dags/example_dataset_alias.py
[2026-08-08T02:32:46.347+0000] {logging_mixin.py:190} INFO - [2026-08-08T02:32:46.346+0000] {dag.py:3239} INFO - Sync 4 DAGs
[2026-08-08T02:32:46.374+0000] {logging_mixin.py:190} INFO - [2026-08-08T02:32:46.373+0000] {dag.py:4180} INFO - Setting next_dagrun for dataset_alias_example_alias_consumer to None, run_after=None
[2026-08-08T02:32:46.377+0000] {logging_mixin.py:190} INFO - [2026-08-08T02:32:46.377+0000] {dag.py:4180} INFO - Setting next_dagrun for dataset_alias_example_alias_producer to None, run_after=None
[2026-08-08T02:32:46.379+0000] {logging_mixin.py:190} INFO - [2026-08-08T02:32:46.379+0000] {dag.py:4180} INFO - Setting next_dagrun for dataset_s3_bucket_consumer to None, run_after=None
[2026-08-08T02:32:46.381+0000] {logging_mixin.py:190} INFO - [2026-08-08T02:32:46.381+0000] {dag.py:4180} INFO - Setting next_dagrun for dataset_s3_bucket_producer to None, run_after=None
[2026-08-08T02:32:46.407+0000] {processor.py:208} INFO - Processing /home/airflow/.local/lib/python3.12/site-packages/airflow/example_dags/example_dataset_alias.py took 0.518 seconds
[2026-08-08T02:33:17.025+0000] {processor.py:186} INFO - Started process (PID=10741) to work on /home/airflow/.local/lib/python3.12/site-packages/airflow/example_dags/example_dataset_alias.py
[2026-08-08T02:33:17.026+0000] {processor.py:914} INFO - Processing file /home/airflow/.local/lib/python3.12/site-packages/airflow/example_dags/example_dataset_alias.py for tasks to queue
[2026-08-08T02:33:17.029+0000] {logging_mixin.py:190} INFO - [2026-08-08T02:33:17.029+0000] {dagbag.py:588} INFO - Filling up the DagBag from /home/airflow/.local/lib/python3.12/site-packages/airflow/example_dags/example_dataset_alias.py
[2026-08-08T02:33:17.464+0000] {processor.py:925} INFO - DAG(s) 'dataset_s3_bucket_consumer', 'dataset_alias_example_alias_consumer', 'dataset_s3_bucket_producer', 'dataset_alias_example_alias_producer' retrieved from /home/airflow/.local/lib/python3.12/site-packages/airflow/example_dags/example_dataset_alias.py
[2026-08-08T02:33:17.491+0000] {logging_mixin.py:190} INFO - [2026-08-08T02:33:17.490+0000] {dag.py:3239} INFO - Sync 4 DAGs
[2026-08-08T02:33:17.519+0000] {logging_mixin.py:190} INFO - [2026-08-08T02:33:17.519+0000] {dag.py:4180} INFO - Setting next_dagrun for dataset_alias_example_alias_consumer to None, run_after=None
[2026-08-08T02:33:17.523+0000] {logging_mixin.py:190} INFO - [2026-08-08T02:33:17.523+0000] {dag.py:4180} INFO - Setting next_dagrun for dataset_alias_example_alias_producer to None, run_after=None
[2026-08-08T02:33:17.526+0000] {logging_mixin.py:190} INFO - [2026-08-08T02:33:17.526+0000] {dag.py:4180} INFO - Setting next_dagrun for dataset_s3_bucket_consumer to None, run_after=None
[2026-08-08T02:33:17.528+0000] {logging_mixin.py:190} INFO - [2026-08-08T02:33:17.528+0000] {dag.py:4180} INFO - Setting next_dagrun for dataset_s3_bucket_producer to None, run_after=None
[2026-08-08T02:33:17.555+0000] {processor.py:208} INFO - Processing /home/airflow/.local/lib/python3.12/site-packages/airflow/example_dags/example_dataset_alias.py took 0.538 seconds
[2026-08-08T02:33:47.926+0000] {processor.py:186} INFO - Started process (PID=10808) to work on /home/airflow/.local/lib/python3.12/site-packages/airflow/example_dags/example_dataset_alias.py
[2026-08-08T02:33:47.927+0000] {processor.py:914} INFO - Processing file /home/airflow/.local/lib/python3.12/site-packages/airflow/example_dags/example_dataset_alias.py for tasks to queue
[2026-08-08T02:33:47.930+0000] {logging_mixin.py:190} INFO - [2026-08-08T02:33:47.930+0000] {dagbag.py:588} INFO - Filling up the DagBag from /home/airflow/.local/lib/python3.12/site-packages/airflow/example_dags/example_dataset_alias.py
[2026-08-08T02:33:48.382+0000] {processor.py:925} INFO - DAG(s) 'dataset_alias_example_alias_consumer', 'dataset_s3_bucket_producer', 'dataset_s3_bucket_consumer', 'dataset_alias_example_alias_producer' retrieved from /home/airflow/.local/lib/python3.12/site-packages/airflow/example_dags/example_dataset_alias.py
[2026-08-08T02:33:48.406+0000] {logging_mixin.py:190} INFO - [2026-08-08T02:33:48.406+0000] {dag.py:3239} INFO - Sync 4 DAGs
[2026-08-08T02:33:48.432+0000] {logging_mixin.py:190} INFO - [2026-08-08T02:33:48.431+0000] {dag.py:4180} INFO - Setting next_dagrun for dataset_alias_example_alias_consumer to None, run_after=None
[2026-08-08T02:33:48.435+0000] {logging_mixin.py:190} INFO - [2026-08-08T02:33:48.435+0000] {dag.py:4180} INFO - Setting next_dagrun for dataset_alias_example_alias_producer to None, run_after=None
[2026-08-08T02:33:48.438+0000] {logging_mixin.py:190} INFO - [2026-08-08T02:33:48.438+0000] {dag.py:4180} INFO - Setting next_dagrun for dataset_s3_bucket_consumer to None, run_after=None
[2026-08-08T02:33:48.440+0000] {logging_mixin.py:190} INFO - [2026-08-08T02:33:48.440+0000] {dag.py:4180} INFO - Setting next_dagrun for dataset_s3_bucket_producer to None, run_after=None
[2026-08-08T02:33:48.464+0000] {processor.py:208} INFO - Processing /home/airflow/.local/lib/python3.12/site-packages/airflow/example_dags/example_dataset_alias.py took 0.545 seconds
[2026-08-08T02:34:19.128+0000] {processor.py:186} INFO - Started process (PID=10874) to work on /home/airflow/.local/lib/python3.12/site-packages/airflow/example_dags/example_dataset_alias.py
[2026-08-08T02:34:19.130+0000] {processor.py:914} INFO - Processing file /home/airflow/.local/lib/python3.12/site-packages/airflow/example_dags/example_dataset_alias.py for tasks to queue
[2026-08-08T02:34:19.133+0000] {logging_mixin.py:190} INFO - [2026-08-08T02:34:19.133+0000] {dagbag.py:588} INFO - Filling up the DagBag from /home/airflow/.local/lib/python3.12/site-packages/airflow/example_dags/example_dataset_alias.py
[2026-08-08T02:34:19.585+0000] {processor.py:925} INFO - DAG(s) 'dataset_s3_bucket_producer', 'dataset_alias_example_alias_producer', 'dataset_alias_example_alias_consumer', 'dataset_s3_bucket_consumer' retrieved from /home/airflow/.local/lib/python3.12/site-packages/airflow/example_dags/example_dataset_alias.py
[2026-08-08T02:34:19.613+0000] {logging_mixin.py:190} INFO - [2026-08-08T02:34:19.612+0000] {dag.py:3239} INFO - Sync 4 DAGs
[2026-08-08T02:34:19.640+0000] {logging_mixin.py:190} INFO - [2026-08-08T02:34:19.640+0000] {dag.py:4180} INFO - Setting next_dagrun for dataset_alias_example_alias_consumer to None, run_after=None
[2026-08-08T02:34:19.644+0000] {logging_mixin.py:190} INFO - [2026-08-08T02:34:19.644+0000] {dag.py:4180} INFO - Setting next_dagrun for dataset_alias_example_alias_producer to None, run_after=None
[2026-08-08T02:34:19.646+0000] {logging_mixin.py:190} INFO - [2026-08-08T02:34:19.646+0000] {dag.py:4180} INFO - Setting next_dagrun for dataset_s3_bucket_consumer to None, run_after=None
[2026-08-08T02:34:19.649+0000] {logging_mixin.py:190} INFO - [2026-08-08T02:34:19.648+0000] {dag.py:4180} INFO - Setting next_dagrun for dataset_s3_bucket_producer to None, run_after=None
[2026-08-08T02:34:19.676+0000] {processor.py:208} INFO - Processing /home/airflow/.local/lib/python3.12/site-packages/airflow/example_dags/example_dataset_alias.py took 0.556 seconds
[2026-08-08T02:34:51.237+0000] {processor.py:186} INFO - Started process (PID=10949) to work on /home/airflow/.local/lib/python3.12/site-packages/airflow/example_dags/example_dataset_alias.py
[2026-08-08T02:34:51.239+0000] {processor.py:914} INFO - Processing file /home/airflow/.local/lib/python3.12/site-packages/airflow/example_dags/example_dataset_alias.py for tasks to queue
[2026-08-08T02:34:51.243+0000] {logging_mixin.py:190} INFO - [2026-08-08T02:34:51.243+0000] {dagbag.py:588} INFO - Filling up the DagBag from /home/airflow/.local/lib/python3.12/site-packages/airflow/example_dags/example_dataset_alias.py
[2026-08-08T02:34:51.674+0000] {processor.py:925} INFO - DAG(s) 'dataset_s3_bucket_consumer', 'dataset_s3_bucket_producer', 'dataset_alias_example_alias_producer', 'dataset_alias_example_alias_consumer' retrieved from /home/airflow/.local/lib/python3.12/site-packages/airflow/example_dags/example_dataset_alias.py
[2026-08-08T02:34:51.701+0000] {logging_mixin.py:190} INFO - [2026-08-08T02:34:51.700+0000] {dag.py:3239} INFO - Sync 4 DAGs
[2026-08-08T02:34:51.730+0000] {logging_mixin.py:190} INFO - [2026-08-08T02:34:51.730+0000] {dag.py:4180} INFO - Setting next_dagrun for dataset_alias_example_alias_consumer to None, run_after=None
[2026-08-08T02:34:51.734+0000] {logging_mixin.py:190} INFO - [2026-08-08T02:34:51.734+0000] {dag.py:4180} INFO - Setting next_dagrun for dataset_alias_example_alias_producer to None, run_after=None
[2026-08-08T02:34:51.738+0000] {logging_mixin.py:190} INFO - [2026-08-08T02:34:51.738+0000] {dag.py:4180} INFO - Setting next_dagrun for dataset_s3_bucket_consumer to None, run_after=None
[2026-08-08T02:34:51.741+0000] {logging_mixin.py:190} INFO - [2026-08-08T02:34:51.741+0000] {dag.py:4180} INFO - Setting next_dagrun for dataset_s3_bucket_producer to None, run_after=None
[2026-08-08T02:34:51.770+0000] {processor.py:208} INFO - Processing /home/airflow/.local/lib/python3.12/site-packages/airflow/example_dags/example_dataset_alias.py took 0.541 seconds
[2026-08-08T02:35:22.355+0000] {processor.py:186} INFO - Started process (PID=11014) to work on /home/airflow/.local/lib/python3.12/site-packages/airflow/example_dags/example_dataset_alias.py
[2026-08-08T02:35:22.356+0000] {processor.py:914} INFO - Processing file /home/airflow/.local/lib/python3.12/site-packages/airflow/example_dags/example_dataset_alias.py for tasks to queue
[2026-08-08T02:35:22.360+0000] {logging_mixin.py:190} INFO - [2026-08-08T02:35:22.360+0000] {dagbag.py:588} INFO - Filling up the DagBag from /home/airflow/.local/lib/python3.12/site-packages/airflow/example_dags/example_dataset_alias.py
[2026-08-08T02:35:22.862+0000] {processor.py:925} INFO - DAG(s) 'dataset_alias_example_alias_consumer', 'dataset_s3_bucket_consumer', 'dataset_alias_example_alias_producer', 'dataset_s3_bucket_producer' retrieved from /home/airflow/.local/lib/python3.12/site-packages/airflow/example_dags/example_dataset_alias.py
[2026-08-08T02:35:22.888+0000] {logging_mixin.py:190} INFO - [2026-08-08T02:35:22.888+0000] {dag.py:3239} INFO - Sync 4 DAGs
[2026-08-08T02:35:22.917+0000] {logging_mixin.py:190} INFO - [2026-08-08T02:35:22.916+0000] {dag.py:4180} INFO - Setting next_dagrun for dataset_alias_example_alias_consumer to None, run_after=None
[2026-08-08T02:35:22.921+0000] {logging_mixin.py:190} INFO - [2026-08-08T02:35:22.921+0000] {dag.py:4180} INFO - Setting next_dagrun for dataset_alias_example_alias_producer to None, run_after=None
[2026-08-08T02:35:22.924+0000] {logging_mixin.py:190} INFO - [2026-08-08T02:35:22.923+0000] {dag.py:4180} INFO - Setting next_dagrun for dataset_s3_bucket_consumer to None, run_after=None
[2026-08-08T02:35:22.926+0000] {logging_mixin.py:190} INFO - [2026-08-08T02:35:22.925+0000] {dag.py:4180} INFO - Setting next_dagrun for dataset_s3_bucket_producer to None, run_after=None
[2026-08-08T02:35:22.956+0000] {processor.py:208} INFO - Processing /home/airflow/.local/lib/python3.12/site-packages/airflow/example_dags/example_dataset_alias.py took 0.609 seconds
[2026-08-08T02:35:53.748+0000] {processor.py:186} INFO - Started process (PID=11081) to work on /home/airflow/.local/lib/python3.12/site-packages/airflow/example_dags/example_dataset_alias.py
[2026-08-08T02:35:53.749+0000] {processor.py:914} INFO - Processing file /home/airflow/.local/lib/python3.12/site-packages/airflow/example_dags/example_dataset_alias.py for tasks to queue
[2026-08-08T02:35:53.753+0000] {logging_mixin.py:190} INFO - [2026-08-08T02:35:53.752+0000] {dagbag.py:588} INFO - Filling up the DagBag from /home/airflow/.local/lib/python3.12/site-packages/airflow/example_dags/example_dataset_alias.py
[2026-08-08T02:35:54.241+0000] {processor.py:925} INFO - DAG(s) 'dataset_s3_bucket_producer', 'dataset_s3_bucket_consumer', 'dataset_alias_example_alias_producer', 'dataset_alias_example_alias_consumer' retrieved from /home/airflow/.local/lib/python3.12/site-packages/airflow/example_dags/example_dataset_alias.py
[2026-08-08T02:35:54.268+0000] {logging_mixin.py:190} INFO - [2026-08-08T02:35:54.268+0000] {dag.py:3239} INFO - Sync 4 DAGs
[2026-08-08T02:35:54.294+0000] {logging_mixin.py:190} INFO - [2026-08-08T02:35:54.294+0000] {dag.py:4180} INFO - Setting next_dagrun for dataset_alias_example_alias_consumer to None, run_after=None
[2026-08-08T02:35:54.299+0000] {logging_mixin.py:190} INFO - [2026-08-08T02:35:54.298+0000] {dag.py:4180} INFO - Setting next_dagrun for dataset_alias_example_alias_producer to None, run_after=None
[2026-08-08T02:35:54.301+0000] {logging_mixin.py:190} INFO - [2026-08-08T02:35:54.301+0000] {dag.py:4180} INFO - Setting next_dagrun for dataset_s3_bucket_consumer to None, run_after=None
[2026-08-08T02:35:54.303+0000] {logging_mixin.py:190} INFO - [2026-08-08T02:35:54.303+0000] {dag.py:4180} INFO - Setting next_dagrun for dataset_s3_bucket_producer to None, run_after=None
[2026-08-08T02:35:54.331+0000] {processor.py:208} INFO - Processing /home/airflow/.local/lib/python3.12/site-packages/airflow/example_dags/example_dataset_alias.py took 0.591 seconds
[2026-08-08T02:36:25.241+0000] {processor.py:186} INFO - Started process (PID=11148) to work on /home/airflow/.local/lib/python3.12/site-packages/airflow/example_dags/example_dataset_alias.py
[2026-08-08T02:36:25.242+0000] {processor.py:914} INFO - Processing file /home/airflow/.local/lib/python3.12/site-packages/airflow/example_dags/example_dataset_alias.py for tasks to queue
[2026-08-08T02:36:25.245+0000] {logging_mixin.py:190} INFO - [2026-08-08T02:36:25.245+0000] {dagbag.py:588} INFO - Filling up the DagBag from /home/airflow/.local/lib/python3.12/site-packages/airflow/example_dags/example_dataset_alias.py
[2026-08-08T02:36:25.647+0000] {processor.py:925} INFO - DAG(s) 'dataset_s3_bucket_producer', 'dataset_alias_example_alias_consumer', 'dataset_s3_bucket_consumer', 'dataset_alias_example_alias_producer' retrieved from /home/airflow/.local/lib/python3.12/site-packages/airflow/example_dags/example_dataset_alias.py
[2026-08-08T02:36:25.672+0000] {logging_mixin.py:190} INFO - [2026-08-08T02:36:25.672+0000] {dag.py:3239} INFO - Sync 4 DAGs
[2026-08-08T02:36:25.700+0000] {logging_mixin.py:190} INFO - [2026-08-08T02:36:25.700+0000] {dag.py:4180} INFO - Setting next_dagrun for dataset_alias_example_alias_consumer to None, run_after=None
[2026-08-08T02:36:25.703+0000] {logging_mixin.py:190} INFO - [2026-08-08T02:36:25.703+0000] {dag.py:4180} INFO - Setting next_dagrun for dataset_alias_example_alias_producer to None, run_after=None
[2026-08-08T02:36:25.705+0000] {logging_mixin.py:190} INFO - [2026-08-08T02:36:25.705+0000] {dag.py:4180} INFO - Setting next_dagrun for dataset_s3_bucket_consumer to None, run_after=None
[2026-08-08T02:36:25.708+0000] {logging_mixin.py:190} INFO - [2026-08-08T02:36:25.707+0000] {dag.py:4180} INFO - Setting next_dagrun for dataset_s3_bucket_producer to None, run_after=None
[2026-08-08T02:36:25.732+0000] {processor.py:208} INFO - Processing /home/airflow/.local/lib/python3.12/site-packages/airflow/example_dags/example_dataset_alias.py took 0.496 seconds
[2026-08-08T02:36:56.197+0000] {processor.py:186} INFO - Started process (PID=11213) to work on /home/airflow/.local/lib/python3.12/site-packages/airflow/example_dags/example_dataset_alias.py
[2026-08-08T02:36:56.199+0000] {processor.py:914} INFO - Processing file /home/airflow/.local/lib/python3.12/site-packages/airflow/example_dags/example_dataset_alias.py for tasks to queue
[2026-08-08T02:36:56.202+0000] {logging_mixin.py:190} INFO - [2026-08-08T02:36:56.202+0000] {dagbag.py:588} INFO - Filling up the DagBag from /home/airflow/.local/lib/python3.12/site-packages/airflow/example_dags/example_dataset_alias.py
[2026-08-08T02:36:56.827+0000] {processor.py:925} INFO - DAG(s) 'dataset_s3_bucket_producer', 'dataset_s3_bucket_consumer', 'dataset_alias_example_alias_consumer', 'dataset_alias_example_alias_producer' retrieved from /home/airflow/.local/lib/python3.12/site-packages/airflow/example_dags/example_dataset_alias.py
[2026-08-08T02:36:56.853+0000] {logging_mixin.py:190} INFO - [2026-08-08T02:36:56.853+0000] {dag.py:3239} INFO - Sync 4 DAGs
[2026-08-08T02:36:56.879+0000] {logging_mixin.py:190} INFO - [2026-08-08T02:36:56.878+0000] {dag.py:4180} INFO - Setting next_dagrun for dataset_alias_example_alias_consumer to None, run_after=None
[2026-08-08T02:36:56.883+0000] {logging_mixin.py:190} INFO - [2026-08-08T02:36:56.882+0000] {dag.py:4180} INFO - Setting next_dagrun for dataset_alias_example_alias_producer to None, run_after=None
[2026-08-08T02:36:56.885+0000] {logging_mixin.py:190} INFO - [2026-08-08T02:36:56.885+0000] {dag.py:4180} INFO - Setting next_dagrun for dataset_s3_bucket_consumer to None, run_after=None
[2026-08-08T02:36:56.888+0000] {logging_mixin.py:190} INFO - [2026-08-08T02:36:56.887+0000] {dag.py:4180} INFO - Setting next_dagrun for dataset_s3_bucket_producer to None, run_after=None
[2026-08-08T02:36:56.913+0000] {processor.py:208} INFO - Processing /home/airflow/.local/lib/python3.12/site-packages/airflow/example_dags/example_dataset_alias.py took 0.722 seconds
[2026-08-08T02:37:28.025+0000] {processor.py:186} INFO - Started process (PID=11280) to work on /home/airflow/.local/lib/python3.12/site-packages/airflow/example_dags/example_dataset_alias.py
[2026-08-08T02:37:28.026+0000] {processor.py:914} INFO - Processing file /home/airflow/.local/lib/python3.12/site-packages/airflow/example_dags/example_dataset_alias.py for tasks to queue
[2026-08-08T02:37:28.029+0000] {logging_mixin.py:190} INFO - [2026-08-08T02:37:28.028+0000] {dagbag.py:588} INFO - Filling up the DagBag from /home/airflow/.local/lib/python3.12/site-packages/airflow/example_dags/example_dataset_alias.py
[2026-08-08T02:37:28.602+0000] {processor.py:925} INFO - DAG(s) 'dataset_s3_bucket_producer', 'dataset_alias_example_alias_consumer', 'dataset_s3_bucket_consumer', 'dataset_alias_example_alias_producer' retrieved from /home/airflow/.local/lib/python3.12/site-packages/airflow/example_dags/example_dataset_alias.py
[2026-08-08T02:37:28.624+0000] {logging_mixin.py:190} INFO - [2026-08-08T02:37:28.623+0000] {dag.py:3239} INFO - Sync 4 DAGs
[2026-08-08T02:37:28.646+0000] {logging_mixin.py:190} INFO - [2026-08-08T02:37:28.646+0000] {dag.py:4180} INFO - Setting next_dagrun for dataset_alias_example_alias_consumer to None, run_after=None
[2026-08-08T02:37:28.649+0000] {logging_mixin.py:190} INFO - [2026-08-08T02:37:28.649+0000] {dag.py:4180} INFO - Setting next_dagrun for dataset_alias_example_alias_producer to None, run_after=None
[2026-08-08T02:37:28.651+0000] {logging_mixin.py:190} INFO - [2026-08-08T02:37:28.651+0000] {dag.py:4180} INFO - Setting next_dagrun for dataset_s3_bucket_consumer to None, run_after=None
[2026-08-08T02:37:28.653+0000] {logging_mixin.py:190} INFO - [2026-08-08T02:37:28.653+0000] {dag.py:4180} INFO - Setting next_dagrun for dataset_s3_bucket_producer to None, run_after=None
[2026-08-08T02:37:28.673+0000] {processor.py:208} INFO - Processing /home/airflow/.local/lib/python3.12/site-packages/airflow/example_dags/example_dataset_alias.py took 0.655 seconds
[2026-08-08T02:37:59.574+0000] {processor.py:186} INFO - Started process (PID=11347) to work on /home/airflow/.local/lib/python3.12/site-packages/airflow/example_dags/example_dataset_alias.py
[2026-08-08T02:37:59.576+0000] {processor.py:914} INFO - Processing file /home/airflow/.local/lib/python3.12/site-packages/airflow/example_dags/example_dataset_alias.py for tasks to queue
[2026-08-08T02:37:59.582+0000] {logging_mixin.py:190} INFO - [2026-08-08T02:37:59.580+0000] {dagbag.py:588} INFO - Filling up the DagBag from /home/airflow/.local/lib/python3.12/site-packages/airflow/example_dags/example_dataset_alias.py
[2026-08-08T02:38:00.274+0000] {processor.py:925} INFO - DAG(s) 'dataset_alias_example_alias_consumer', 'dataset_s3_bucket_consumer', 'dataset_s3_bucket_producer', 'dataset_alias_example_alias_producer' retrieved from /home/airflow/.local/lib/python3.12/site-packages/airflow/example_dags/example_dataset_alias.py
[2026-08-08T02:38:00.301+0000] {logging_mixin.py:190} INFO - [2026-08-08T02:38:00.301+0000] {dag.py:3239} INFO - Sync 4 DAGs
[2026-08-08T02:38:00.331+0000] {logging_mixin.py:190} INFO - [2026-08-08T02:38:00.331+0000] {dag.py:4180} INFO - Setting next_dagrun for dataset_alias_example_alias_consumer to None, run_after=None
[2026-08-08T02:38:00.336+0000] {logging_mixin.py:190} INFO - [2026-08-08T02:38:00.336+0000] {dag.py:4180} INFO - Setting next_dagrun for dataset_alias_example_alias_producer to None, run_after=None
[2026-08-08T02:38:00.339+0000] {logging_mixin.py:190} INFO - [2026-08-08T02:38:00.339+0000] {dag.py:4180} INFO - Setting next_dagrun for dataset_s3_bucket_consumer to None, run_after=None
[2026-08-08T02:38:00.341+0000] {logging_mixin.py:190} INFO - [2026-08-08T02:38:00.341+0000] {dag.py:4180} INFO - Setting next_dagrun for dataset_s3_bucket_producer to None, run_after=None
[2026-08-08T02:38:00.368+0000] {processor.py:208} INFO - Processing /home/airflow/.local/lib/python3.12/site-packages/airflow/example_dags/example_dataset_alias.py took 0.804 seconds
[2026-08-08T02:38:30.761+0000] {processor.py:186} INFO - Started process (PID=11413) to work on /home/airflow/.local/lib/python3.12/site-packages/airflow/example_dags/example_dataset_alias.py
[2026-08-08T02:38:30.763+0000] {processor.py:914} INFO - Processing file /home/airflow/.local/lib/python3.12/site-packages/airflow/example_dags/example_dataset_alias.py for tasks to queue
[2026-08-08T02:38:30.766+0000] {logging_mixin.py:190} INFO - [2026-08-08T02:38:30.766+0000] {dagbag.py:588} INFO - Filling up the DagBag from /home/airflow/.local/lib/python3.12/site-packages/airflow/example_dags/example_dataset_alias.py
[2026-08-08T02:38:31.571+0000] {processor.py:925} INFO - DAG(s) 'dataset_s3_bucket_producer', 'dataset_alias_example_alias_consumer', 'dataset_alias_example_alias_producer', 'dataset_s3_bucket_consumer' retrieved from /home/airflow/.local/lib/python3.12/site-packages/airflow/example_dags/example_dataset_alias.py
[2026-08-08T02:38:31.609+0000] {logging_mixin.py:190} INFO - [2026-08-08T02:38:31.608+0000] {dag.py:3239} INFO - Sync 4 DAGs
[2026-08-08T02:38:31.642+0000] {logging_mixin.py:190} INFO - [2026-08-08T02:38:31.642+0000] {dag.py:4180} INFO - Setting next_dagrun for dataset_alias_example_alias_consumer to None, run_after=None
[2026-08-08T02:38:31.647+0000] {logging_mixin.py:190} INFO - [2026-08-08T02:38:31.647+0000] {dag.py:4180} INFO - Setting next_dagrun for dataset_alias_example_alias_producer to None, run_after=None
[2026-08-08T02:38:31.650+0000] {logging_mixin.py:190} INFO - [2026-08-08T02:38:31.649+0000] {dag.py:4180} INFO - Setting next_dagrun for dataset_s3_bucket_consumer to None, run_after=None
[2026-08-08T02:38:31.653+0000] {logging_mixin.py:190} INFO - [2026-08-08T02:38:31.653+0000] {dag.py:4180} INFO - Setting next_dagrun for dataset_s3_bucket_producer to None, run_after=None
[2026-08-08T02:38:31.686+0000] {processor.py:208} INFO - Processing /home/airflow/.local/lib/python3.12/site-packages/airflow/example_dags/example_dataset_alias.py took 0.933 seconds
[2026-08-08T02:39:02.178+0000] {processor.py:186} INFO - Started process (PID=11480) to work on /home/airflow/.local/lib/python3.12/site-packages/airflow/example_dags/example_dataset_alias.py
[2026-08-08T02:39:02.181+0000] {processor.py:914} INFO - Processing file /home/airflow/.local/lib/python3.12/site-packages/airflow/example_dags/example_dataset_alias.py for tasks to queue
[2026-08-08T02:39:02.187+0000] {logging_mixin.py:190} INFO - [2026-08-08T02:39:02.186+0000] {dagbag.py:588} INFO - Filling up the DagBag from /home/airflow/.local/lib/python3.12/site-packages/airflow/example_dags/example_dataset_alias.py
[2026-08-08T02:39:02.987+0000] {processor.py:925} INFO - DAG(s) 'dataset_s3_bucket_producer', 'dataset_alias_example_alias_producer', 'dataset_s3_bucket_consumer', 'dataset_alias_example_alias_consumer' retrieved from /home/airflow/.local/lib/python3.12/site-packages/airflow/example_dags/example_dataset_alias.py
[2026-08-08T02:39:03.016+0000] {logging_mixin.py:190} INFO - [2026-08-08T02:39:03.015+0000] {dag.py:3239} INFO - Sync 4 DAGs
[2026-08-08T02:39:03.043+0000] {logging_mixin.py:190} INFO - [2026-08-08T02:39:03.043+0000] {dag.py:4180} INFO - Setting next_dagrun for dataset_alias_example_alias_consumer to None, run_after=None
[2026-08-08T02:39:03.047+0000] {logging_mixin.py:190} INFO - [2026-08-08T02:39:03.047+0000] {dag.py:4180} INFO - Setting next_dagrun for dataset_alias_example_alias_producer to None, run_after=None
[2026-08-08T02:39:03.050+0000] {logging_mixin.py:190} INFO - [2026-08-08T02:39:03.050+0000] {dag.py:4180} INFO - Setting next_dagrun for dataset_s3_bucket_consumer to None, run_after=None
[2026-08-08T02:39:03.052+0000] {logging_mixin.py:190} INFO - [2026-08-08T02:39:03.052+0000] {dag.py:4180} INFO - Setting next_dagrun for dataset_s3_bucket_producer to None, run_after=None
[2026-08-08T02:39:03.081+0000] {processor.py:208} INFO - Processing /home/airflow/.local/lib/python3.12/site-packages/airflow/example_dags/example_dataset_alias.py took 0.915 seconds
[2026-08-08T02:39:33.535+0000] {processor.py:186} INFO - Started process (PID=11554) to work on /home/airflow/.local/lib/python3.12/site-packages/airflow/example_dags/example_dataset_alias.py
[2026-08-08T02:39:33.537+0000] {processor.py:914} INFO - Processing file /home/airflow/.local/lib/python3.12/site-packages/airflow/example_dags/example_dataset_alias.py for tasks to queue
[2026-08-08T02:39:33.540+0000] {logging_mixin.py:190} INFO - [2026-08-08T02:39:33.540+0000] {dagbag.py:588} INFO - Filling up the DagBag from /home/airflow/.local/lib/python3.12/site-packages/airflow/example_dags/example_dataset_alias.py
[2026-08-08T02:39:34.185+0000] {processor.py:925} INFO - DAG(s) 'dataset_alias_example_alias_consumer', 'dataset_alias_example_alias_producer', 'dataset_s3_bucket_producer', 'dataset_s3_bucket_consumer' retrieved from /home/airflow/.local/lib/python3.12/site-packages/airflow/example_dags/example_dataset_alias.py
[2026-08-08T02:39:34.218+0000] {logging_mixin.py:190} INFO - [2026-08-08T02:39:34.217+0000] {dag.py:3239} INFO - Sync 4 DAGs
[2026-08-08T02:39:34.244+0000] {logging_mixin.py:190} INFO - [2026-08-08T02:39:34.244+0000] {dag.py:4180} INFO - Setting next_dagrun for dataset_alias_example_alias_consumer to None, run_after=None
[2026-08-08T02:39:34.248+0000] {logging_mixin.py:190} INFO - [2026-08-08T02:39:34.248+0000] {dag.py:4180} INFO - Setting next_dagrun for dataset_alias_example_alias_producer to None, run_after=None
[2026-08-08T02:39:34.251+0000] {logging_mixin.py:190} INFO - [2026-08-08T02:39:34.250+0000] {dag.py:4180} INFO - Setting next_dagrun for dataset_s3_bucket_consumer to None, run_after=None
[2026-08-08T02:39:34.253+0000] {logging_mixin.py:190} INFO - [2026-08-08T02:39:34.253+0000] {dag.py:4180} INFO - Setting next_dagrun for dataset_s3_bucket_producer to None, run_after=None
[2026-08-08T02:39:34.278+0000] {processor.py:208} INFO - Processing /home/airflow/.local/lib/python3.12/site-packages/airflow/example_dags/example_dataset_alias.py took 0.751 seconds
[2026-08-08T02:40:05.154+0000] {processor.py:186} INFO - Started process (PID=11620) to work on /home/airflow/.local/lib/python3.12/site-packages/airflow/example_dags/example_dataset_alias.py
[2026-08-08T02:40:05.155+0000] {processor.py:914} INFO - Processing file /home/airflow/.local/lib/python3.12/site-packages/airflow/example_dags/example_dataset_alias.py for tasks to queue
[2026-08-08T02:40:05.159+0000] {logging_mixin.py:190} INFO - [2026-08-08T02:40:05.159+0000] {dagbag.py:588} INFO - Filling up the DagBag from /home/airflow/.local/lib/python3.12/site-packages/airflow/example_dags/example_dataset_alias.py
[2026-08-08T02:40:05.560+0000] {processor.py:925} INFO - DAG(s) 'dataset_s3_bucket_producer', 'dataset_s3_bucket_consumer', 'dataset_alias_example_alias_consumer', 'dataset_alias_example_alias_producer' retrieved from /home/airflow/.local/lib/python3.12/site-packages/airflow/example_dags/example_dataset_alias.py
[2026-08-08T02:40:05.749+0000] {logging_mixin.py:190} INFO - [2026-08-08T02:40:05.749+0000] {dag.py:3239} INFO - Sync 4 DAGs
[2026-08-08T02:40:05.772+0000] {logging_mixin.py:190} INFO - [2026-08-08T02:40:05.772+0000] {dag.py:4180} INFO - Setting next_dagrun for dataset_alias_example_alias_consumer to None, run_after=None
[2026-08-08T02:40:05.776+0000] {logging_mixin.py:190} INFO - [2026-08-08T02:40:05.775+0000] {dag.py:4180} INFO - Setting next_dagrun for dataset_alias_example_alias_producer to None, run_after=None
[2026-08-08T02:40:05.778+0000] {logging_mixin.py:190} INFO - [2026-08-08T02:40:05.778+0000] {dag.py:4180} INFO - Setting next_dagrun for dataset_s3_bucket_consumer to None, run_after=None
[2026-08-08T02:40:05.780+0000] {logging_mixin.py:190} INFO - [2026-08-08T02:40:05.780+0000] {dag.py:4180} INFO - Setting next_dagrun for dataset_s3_bucket_producer to None, run_after=None
[2026-08-08T02:40:05.803+0000] {processor.py:208} INFO - Processing /home/airflow/.local/lib/python3.12/site-packages/airflow/example_dags/example_dataset_alias.py took 0.656 seconds
[2026-08-08T02:40:36.464+0000] {processor.py:186} INFO - Started process (PID=11687) to work on /home/airflow/.local/lib/python3.12/site-packages/airflow/example_dags/example_dataset_alias.py
[2026-08-08T02:40:36.465+0000] {processor.py:914} INFO - Processing file /home/airflow/.local/lib/python3.12/site-packages/airflow/example_dags/example_dataset_alias.py for tasks to queue
[2026-08-08T02:40:36.469+0000] {logging_mixin.py:190} INFO - [2026-08-08T02:40:36.468+0000] {dagbag.py:588} INFO - Filling up the DagBag from /home/airflow/.local/lib/python3.12/site-packages/airflow/example_dags/example_dataset_alias.py
[2026-08-08T02:40:37.108+0000] {processor.py:925} INFO - DAG(s) 'dataset_alias_example_alias_consumer', 'dataset_s3_bucket_producer', 'dataset_alias_example_alias_producer', 'dataset_s3_bucket_consumer' retrieved from /home/airflow/.local/lib/python3.12/site-packages/airflow/example_dags/example_dataset_alias.py
[2026-08-08T02:40:37.136+0000] {logging_mixin.py:190} INFO - [2026-08-08T02:40:37.136+0000] {dag.py:3239} INFO - Sync 4 DAGs
[2026-08-08T02:40:37.165+0000] {logging_mixin.py:190} INFO - [2026-08-08T02:40:37.164+0000] {dag.py:4180} INFO - Setting next_dagrun for dataset_alias_example_alias_consumer to None, run_after=None
[2026-08-08T02:40:37.169+0000] {logging_mixin.py:190} INFO - [2026-08-08T02:40:37.169+0000] {dag.py:4180} INFO - Setting next_dagrun for dataset_alias_example_alias_producer to None, run_after=None
[2026-08-08T02:40:37.171+0000] {logging_mixin.py:190} INFO - [2026-08-08T02:40:37.171+0000] {dag.py:4180} INFO - Setting next_dagrun for dataset_s3_bucket_consumer to None, run_after=None
[2026-08-08T02:40:37.174+0000] {logging_mixin.py:190} INFO - [2026-08-08T02:40:37.173+0000] {dag.py:4180} INFO - Setting next_dagrun for dataset_s3_bucket_producer to None, run_after=None
[2026-08-08T02:40:37.197+0000] {processor.py:208} INFO - Processing /home/airflow/.local/lib/python3.12/site-packages/airflow/example_dags/example_dataset_alias.py took 0.740 seconds
[2026-08-08T02:41:08.456+0000] {processor.py:186} INFO - Started process (PID=11757) to work on /home/airflow/.local/lib/python3.12/site-packages/airflow/example_dags/example_dataset_alias.py
[2026-08-08T02:41:08.457+0000] {processor.py:914} INFO - Processing file /home/airflow/.local/lib/python3.12/site-packages/airflow/example_dags/example_dataset_alias.py for tasks to queue
[2026-08-08T02:41:08.460+0000] {logging_mixin.py:190} INFO - [2026-08-08T02:41:08.459+0000] {dagbag.py:588} INFO - Filling up the DagBag from /home/airflow/.local/lib/python3.12/site-packages/airflow/example_dags/example_dataset_alias.py
[2026-08-08T02:41:09.082+0000] {processor.py:925} INFO - DAG(s) 'dataset_s3_bucket_consumer', 'dataset_s3_bucket_producer', 'dataset_alias_example_alias_consumer', 'dataset_alias_example_alias_producer' retrieved from /home/airflow/.local/lib/python3.12/site-packages/airflow/example_dags/example_dataset_alias.py
[2026-08-08T02:41:09.109+0000] {logging_mixin.py:190} INFO - [2026-08-08T02:41:09.108+0000] {dag.py:3239} INFO - Sync 4 DAGs
[2026-08-08T02:41:09.131+0000] {logging_mixin.py:190} INFO - [2026-08-08T02:41:09.131+0000] {dag.py:4180} INFO - Setting next_dagrun for dataset_alias_example_alias_consumer to None, run_after=None
[2026-08-08T02:41:09.135+0000] {logging_mixin.py:190} INFO - [2026-08-08T02:41:09.135+0000] {dag.py:4180} INFO - Setting next_dagrun for dataset_alias_example_alias_producer to None, run_after=None
[2026-08-08T02:41:09.137+0000] {logging_mixin.py:190} INFO - [2026-08-08T02:41:09.137+0000] {dag.py:4180} INFO - Setting next_dagrun for dataset_s3_bucket_consumer to None, run_after=None
[2026-08-08T02:41:09.139+0000] {logging_mixin.py:190} INFO - [2026-08-08T02:41:09.139+0000] {dag.py:4180} INFO - Setting next_dagrun for dataset_s3_bucket_producer to None, run_after=None
[2026-08-08T02:41:09.162+0000] {processor.py:208} INFO - Processing /home/airflow/.local/lib/python3.12/site-packages/airflow/example_dags/example_dataset_alias.py took 0.712 seconds
[2026-08-08T02:41:39.606+0000] {processor.py:186} INFO - Started process (PID=11822) to work on /home/airflow/.local/lib/python3.12/site-packages/airflow/example_dags/example_dataset_alias.py
[2026-08-08T02:41:39.608+0000] {processor.py:914} INFO - Processing file /home/airflow/.local/lib/python3.12/site-packages/airflow/example_dags/example_dataset_alias.py for tasks to queue
[2026-08-08T02:41:39.614+0000] {logging_mixin.py:190} INFO - [2026-08-08T02:41:39.613+0000] {dagbag.py:588} INFO - Filling up the DagBag from /home/airflow/.local/lib/python3.12/site-packages/airflow/example_dags/example_dataset_alias.py
[2026-08-08T02:41:40.271+0000] {processor.py:925} INFO - DAG(s) 'dataset_s3_bucket_producer', 'dataset_alias_example_alias_producer', 'dataset_s3_bucket_consumer', 'dataset_alias_example_alias_consumer' retrieved from /home/airflow/.local/lib/python3.12/site-packages/airflow/example_dags/example_dataset_alias.py
[2026-08-08T02:41:40.300+0000] {logging_mixin.py:190} INFO - [2026-08-08T02:41:40.300+0000] {dag.py:3239} INFO - Sync 4 DAGs
[2026-08-08T02:41:40.328+0000] {logging_mixin.py:190} INFO - [2026-08-08T02:41:40.328+0000] {dag.py:4180} INFO - Setting next_dagrun for dataset_alias_example_alias_consumer to None, run_after=None
[2026-08-08T02:41:40.335+0000] {logging_mixin.py:190} INFO - [2026-08-08T02:41:40.335+0000] {dag.py:4180} INFO - Setting next_dagrun for dataset_alias_example_alias_producer to None, run_after=None
[2026-08-08T02:41:40.339+0000] {logging_mixin.py:190} INFO - [2026-08-08T02:41:40.339+0000] {dag.py:4180} INFO - Setting next_dagrun for dataset_s3_bucket_consumer to None, run_after=None
[2026-08-08T02:41:40.342+0000] {logging_mixin.py:190} INFO - [2026-08-08T02:41:40.342+0000] {dag.py:4180} INFO - Setting next_dagrun for dataset_s3_bucket_producer to None, run_after=None
[2026-08-08T02:41:40.369+0000] {processor.py:208} INFO - Processing /home/airflow/.local/lib/python3.12/site-packages/airflow/example_dags/example_dataset_alias.py took 0.772 seconds
[2026-08-08T02:42:10.926+0000] {processor.py:186} INFO - Started process (PID=11888) to work on /home/airflow/.local/lib/python3.12/site-packages/airflow/example_dags/example_dataset_alias.py
[2026-08-08T02:42:10.928+0000] {processor.py:914} INFO - Processing file /home/airflow/.local/lib/python3.12/site-packages/airflow/example_dags/example_dataset_alias.py for tasks to queue
[2026-08-08T02:42:10.932+0000] {logging_mixin.py:190} INFO - [2026-08-08T02:42:10.932+0000] {dagbag.py:588} INFO - Filling up the DagBag from /home/airflow/.local/lib/python3.12/site-packages/airflow/example_dags/example_dataset_alias.py
[2026-08-08T02:42:12.024+0000] {processor.py:925} INFO - DAG(s) 'dataset_s3_bucket_producer', 'dataset_s3_bucket_consumer', 'dataset_alias_example_alias_consumer', 'dataset_alias_example_alias_producer' retrieved from /home/airflow/.local/lib/python3.12/site-packages/airflow/example_dags/example_dataset_alias.py
[2026-08-08T02:42:12.058+0000] {logging_mixin.py:190} INFO - [2026-08-08T02:42:12.058+0000] {dag.py:3239} INFO - Sync 4 DAGs
[2026-08-08T02:42:12.095+0000] {logging_mixin.py:190} INFO - [2026-08-08T02:42:12.095+0000] {dag.py:4180} INFO - Setting next_dagrun for dataset_alias_example_alias_consumer to None, run_after=None
[2026-08-08T02:42:12.101+0000] {logging_mixin.py:190} INFO - [2026-08-08T02:42:12.101+0000] {dag.py:4180} INFO - Setting next_dagrun for dataset_alias_example_alias_producer to None, run_after=None
[2026-08-08T02:42:12.105+0000] {logging_mixin.py:190} INFO - [2026-08-08T02:42:12.104+0000] {dag.py:4180} INFO - Setting next_dagrun for dataset_s3_bucket_consumer to None, run_after=None
[2026-08-08T02:42:12.107+0000] {logging_mixin.py:190} INFO - [2026-08-08T02:42:12.107+0000] {dag.py:4180} INFO - Setting next_dagrun for dataset_s3_bucket_producer to None, run_after=None
[2026-08-08T02:42:12.149+0000] {processor.py:208} INFO - Processing /home/airflow/.local/lib/python3.12/site-packages/airflow/example_dags/example_dataset_alias.py took 1.232 seconds
[2026-08-08T02:42:42.991+0000] {processor.py:186} INFO - Started process (PID=11955) to work on /home/airflow/.local/lib/python3.12/site-packages/airflow/example_dags/example_dataset_alias.py
[2026-08-08T02:42:42.992+0000] {processor.py:914} INFO - Processing file /home/airflow/.local/lib/python3.12/site-packages/airflow/example_dags/example_dataset_alias.py for tasks to queue
[2026-08-08T02:42:42.996+0000] {logging_mixin.py:190} INFO - [2026-08-08T02:42:42.996+0000] {dagbag.py:588} INFO - Filling up the DagBag from /home/airflow/.local/lib/python3.12/site-packages/airflow/example_dags/example_dataset_alias.py
[2026-08-08T02:42:43.691+0000] {processor.py:925} INFO - DAG(s) 'dataset_alias_example_alias_producer', 'dataset_s3_bucket_consumer', 'dataset_alias_example_alias_consumer', 'dataset_s3_bucket_producer' retrieved from /home/airflow/.local/lib/python3.12/site-packages/airflow/example_dags/example_dataset_alias.py
[2026-08-08T02:42:43.722+0000] {logging_mixin.py:190} INFO - [2026-08-08T02:42:43.721+0000] {dag.py:3239} INFO - Sync 4 DAGs
[2026-08-08T02:42:43.756+0000] {logging_mixin.py:190} INFO - [2026-08-08T02:42:43.756+0000] {dag.py:4180} INFO - Setting next_dagrun for dataset_alias_example_alias_consumer to None, run_after=None
[2026-08-08T02:42:43.760+0000] {logging_mixin.py:190} INFO - [2026-08-08T02:42:43.760+0000] {dag.py:4180} INFO - Setting next_dagrun for dataset_alias_example_alias_producer to None, run_after=None
[2026-08-08T02:42:43.763+0000] {logging_mixin.py:190} INFO - [2026-08-08T02:42:43.763+0000] {dag.py:4180} INFO - Setting next_dagrun for dataset_s3_bucket_consumer to None, run_after=None
[2026-08-08T02:42:43.766+0000] {logging_mixin.py:190} INFO - [2026-08-08T02:42:43.766+0000] {dag.py:4180} INFO - Setting next_dagrun for dataset_s3_bucket_producer to None, run_after=None
[2026-08-08T02:42:43.795+0000] {processor.py:208} INFO - Processing /home/airflow/.local/lib/python3.12/site-packages/airflow/example_dags/example_dataset_alias.py took 0.814 seconds
[2026-08-08T02:43:14.778+0000] {processor.py:186} INFO - Started process (PID=12022) to work on /home/airflow/.local/lib/python3.12/site-packages/airflow/example_dags/example_dataset_alias.py
[2026-08-08T02:43:14.779+0000] {processor.py:914} INFO - Processing file /home/airflow/.local/lib/python3.12/site-packages/airflow/example_dags/example_dataset_alias.py for tasks to queue
[2026-08-08T02:43:14.782+0000] {logging_mixin.py:190} INFO - [2026-08-08T02:43:14.782+0000] {dagbag.py:588} INFO - Filling up the DagBag from /home/airflow/.local/lib/python3.12/site-packages/airflow/example_dags/example_dataset_alias.py
[2026-08-08T02:43:15.369+0000] {processor.py:925} INFO - DAG(s) 'dataset_alias_example_alias_producer', 'dataset_s3_bucket_consumer', 'dataset_s3_bucket_producer', 'dataset_alias_example_alias_consumer' retrieved from /home/airflow/.local/lib/python3.12/site-packages/airflow/example_dags/example_dataset_alias.py
[2026-08-08T02:43:15.395+0000] {logging_mixin.py:190} INFO - [2026-08-08T02:43:15.395+0000] {dag.py:3239} INFO - Sync 4 DAGs
[2026-08-08T02:43:15.418+0000] {logging_mixin.py:190} INFO - [2026-08-08T02:43:15.418+0000] {dag.py:4180} INFO - Setting next_dagrun for dataset_alias_example_alias_consumer to None, run_after=None
[2026-08-08T02:43:15.422+0000] {logging_mixin.py:190} INFO - [2026-08-08T02:43:15.421+0000] {dag.py:4180} INFO - Setting next_dagrun for dataset_alias_example_alias_producer to None, run_after=None
[2026-08-08T02:43:15.424+0000] {logging_mixin.py:190} INFO - [2026-08-08T02:43:15.424+0000] {dag.py:4180} INFO - Setting next_dagrun for dataset_s3_bucket_consumer to None, run_after=None
[2026-08-08T02:43:15.426+0000] {logging_mixin.py:190} INFO - [2026-08-08T02:43:15.426+0000] {dag.py:4180} INFO - Setting next_dagrun for dataset_s3_bucket_producer to None, run_after=None
[2026-08-08T02:43:15.449+0000] {processor.py:208} INFO - Processing /home/airflow/.local/lib/python3.12/site-packages/airflow/example_dags/example_dataset_alias.py took 0.679 seconds
[2026-08-08T02:43:46.290+0000] {processor.py:186} INFO - Started process (PID=12087) to work on /home/airflow/.local/lib/python3.12/site-packages/airflow/example_dags/example_dataset_alias.py
[2026-08-08T02:43:46.292+0000] {processor.py:914} INFO - Processing file /home/airflow/.local/lib/python3.12/site-packages/airflow/example_dags/example_dataset_alias.py for tasks to queue
[2026-08-08T02:43:46.295+0000] {logging_mixin.py:190} INFO - [2026-08-08T02:43:46.295+0000] {dagbag.py:588} INFO - Filling up the DagBag from /home/airflow/.local/lib/python3.12/site-packages/airflow/example_dags/example_dataset_alias.py
[2026-08-08T02:43:46.955+0000] {processor.py:925} INFO - DAG(s) 'dataset_alias_example_alias_consumer', 'dataset_s3_bucket_producer', 'dataset_alias_example_alias_producer', 'dataset_s3_bucket_consumer' retrieved from /home/airflow/.local/lib/python3.12/site-packages/airflow/example_dags/example_dataset_alias.py
[2026-08-08T02:43:46.978+0000] {logging_mixin.py:190} INFO - [2026-08-08T02:43:46.977+0000] {dag.py:3239} INFO - Sync 4 DAGs
[2026-08-08T02:43:47.004+0000] {logging_mixin.py:190} INFO - [2026-08-08T02:43:47.003+0000] {dag.py:4180} INFO - Setting next_dagrun for dataset_alias_example_alias_consumer to None, run_after=None
[2026-08-08T02:43:47.007+0000] {logging_mixin.py:190} INFO - [2026-08-08T02:43:47.007+0000] {dag.py:4180} INFO - Setting next_dagrun for dataset_alias_example_alias_producer to None, run_after=None
[2026-08-08T02:43:47.010+0000] {logging_mixin.py:190} INFO - [2026-08-08T02:43:47.010+0000] {dag.py:4180} INFO - Setting next_dagrun for dataset_s3_bucket_consumer to None, run_after=None
[2026-08-08T02:43:47.012+0000] {logging_mixin.py:190} INFO - [2026-08-08T02:43:47.012+0000] {dag.py:4180} INFO - Setting next_dagrun for dataset_s3_bucket_producer to None, run_after=None
[2026-08-08T02:43:47.036+0000] {processor.py:208} INFO - Processing /home/airflow/.local/lib/python3.12/site-packages/airflow/example_dags/example_dataset_alias.py took 0.757 seconds
[2026-08-08T02:44:17.793+0000] {processor.py:186} INFO - Started process (PID=12152) to work on /home/airflow/.local/lib/python3.12/site-packages/airflow/example_dags/example_dataset_alias.py
[2026-08-08T02:44:17.794+0000] {processor.py:914} INFO - Processing file /home/airflow/.local/lib/python3.12/site-packages/airflow/example_dags/example_dataset_alias.py for tasks to queue
[2026-08-08T02:44:17.798+0000] {logging_mixin.py:190} INFO - [2026-08-08T02:44:17.797+0000] {dagbag.py:588} INFO - Filling up the DagBag from /home/airflow/.local/lib/python3.12/site-packages/airflow/example_dags/example_dataset_alias.py
[2026-08-08T02:44:18.410+0000] {processor.py:925} INFO - DAG(s) 'dataset_s3_bucket_consumer', 'dataset_alias_example_alias_consumer', 'dataset_s3_bucket_producer', 'dataset_alias_example_alias_producer' retrieved from /home/airflow/.local/lib/python3.12/site-packages/airflow/example_dags/example_dataset_alias.py
[2026-08-08T02:44:18.432+0000] {logging_mixin.py:190} INFO - [2026-08-08T02:44:18.432+0000] {dag.py:3239} INFO - Sync 4 DAGs
[2026-08-08T02:44:18.457+0000] {logging_mixin.py:190} INFO - [2026-08-08T02:44:18.457+0000] {dag.py:4180} INFO - Setting next_dagrun for dataset_alias_example_alias_consumer to None, run_after=None
[2026-08-08T02:44:18.461+0000] {logging_mixin.py:190} INFO - [2026-08-08T02:44:18.460+0000] {dag.py:4180} INFO - Setting next_dagrun for dataset_alias_example_alias_producer to None, run_after=None
[2026-08-08T02:44:18.463+0000] {logging_mixin.py:190} INFO - [2026-08-08T02:44:18.462+0000] {dag.py:4180} INFO - Setting next_dagrun for dataset_s3_bucket_consumer to None, run_after=None
[2026-08-08T02:44:18.465+0000] {logging_mixin.py:190} INFO - [2026-08-08T02:44:18.465+0000] {dag.py:4180} INFO - Setting next_dagrun for dataset_s3_bucket_producer to None, run_after=None
[2026-08-08T02:44:18.488+0000] {processor.py:208} INFO - Processing /home/airflow/.local/lib/python3.12/site-packages/airflow/example_dags/example_dataset_alias.py took 0.702 seconds
[2026-08-08T02:44:49.106+0000] {processor.py:186} INFO - Started process (PID=12217) to work on /home/airflow/.local/lib/python3.12/site-packages/airflow/example_dags/example_dataset_alias.py
[2026-08-08T02:44:49.108+0000] {processor.py:914} INFO - Processing file /home/airflow/.local/lib/python3.12/site-packages/airflow/example_dags/example_dataset_alias.py for tasks to queue
[2026-08-08T02:44:49.112+0000] {logging_mixin.py:190} INFO - [2026-08-08T02:44:49.111+0000] {dagbag.py:588} INFO - Filling up the DagBag from /home/airflow/.local/lib/python3.12/site-packages/airflow/example_dags/example_dataset_alias.py
[2026-08-08T02:44:49.820+0000] {processor.py:925} INFO - DAG(s) 'dataset_s3_bucket_producer', 'dataset_alias_example_alias_consumer', 'dataset_alias_example_alias_producer', 'dataset_s3_bucket_consumer' retrieved from /home/airflow/.local/lib/python3.12/site-packages/airflow/example_dags/example_dataset_alias.py
[2026-08-08T02:44:49.845+0000] {logging_mixin.py:190} INFO - [2026-08-08T02:44:49.845+0000] {dag.py:3239} INFO - Sync 4 DAGs
[2026-08-08T02:44:49.873+0000] {logging_mixin.py:190} INFO - [2026-08-08T02:44:49.873+0000] {dag.py:4180} INFO - Setting next_dagrun for dataset_alias_example_alias_consumer to None, run_after=None
[2026-08-08T02:44:49.877+0000] {logging_mixin.py:190} INFO - [2026-08-08T02:44:49.877+0000] {dag.py:4180} INFO - Setting next_dagrun for dataset_alias_example_alias_producer to None, run_after=None
[2026-08-08T02:44:49.879+0000] {logging_mixin.py:190} INFO - [2026-08-08T02:44:49.879+0000] {dag.py:4180} INFO - Setting next_dagrun for dataset_s3_bucket_consumer to None, run_after=None
[2026-08-08T02:44:49.881+0000] {logging_mixin.py:190} INFO - [2026-08-08T02:44:49.881+0000] {dag.py:4180} INFO - Setting next_dagrun for dataset_s3_bucket_producer to None, run_after=None
[2026-08-08T02:44:49.913+0000] {processor.py:208} INFO - Processing /home/airflow/.local/lib/python3.12/site-packages/airflow/example_dags/example_dataset_alias.py took 0.817 seconds
[2026-08-08T02:45:20.036+0000] {processor.py:186} INFO - Started process (PID=12283) to work on /home/airflow/.local/lib/python3.12/site-packages/airflow/example_dags/example_dataset_alias.py
[2026-08-08T02:45:20.037+0000] {processor.py:914} INFO - Processing file /home/airflow/.local/lib/python3.12/site-packages/airflow/example_dags/example_dataset_alias.py for tasks to queue
[2026-08-08T02:45:20.040+0000] {logging_mixin.py:190} INFO - [2026-08-08T02:45:20.040+0000] {dagbag.py:588} INFO - Filling up the DagBag from /home/airflow/.local/lib/python3.12/site-packages/airflow/example_dags/example_dataset_alias.py
[2026-08-08T02:45:20.677+0000] {processor.py:925} INFO - DAG(s) 'dataset_alias_example_alias_consumer', 'dataset_alias_example_alias_producer', 'dataset_s3_bucket_consumer', 'dataset_s3_bucket_producer' retrieved from /home/airflow/.local/lib/python3.12/site-packages/airflow/example_dags/example_dataset_alias.py
[2026-08-08T02:45:20.701+0000] {logging_mixin.py:190} INFO - [2026-08-08T02:45:20.700+0000] {dag.py:3239} INFO - Sync 4 DAGs
[2026-08-08T02:45:20.731+0000] {logging_mixin.py:190} INFO - [2026-08-08T02:45:20.730+0000] {dag.py:4180} INFO - Setting next_dagrun for dataset_alias_example_alias_consumer to None, run_after=None
[2026-08-08T02:45:20.734+0000] {logging_mixin.py:190} INFO - [2026-08-08T02:45:20.734+0000] {dag.py:4180} INFO - Setting next_dagrun for dataset_alias_example_alias_producer to None, run_after=None
[2026-08-08T02:45:20.736+0000] {logging_mixin.py:190} INFO - [2026-08-08T02:45:20.736+0000] {dag.py:4180} INFO - Setting next_dagrun for dataset_s3_bucket_consumer to None, run_after=None
[2026-08-08T02:45:20.739+0000] {logging_mixin.py:190} INFO - [2026-08-08T02:45:20.738+0000] {dag.py:4180} INFO - Setting next_dagrun for dataset_s3_bucket_producer to None, run_after=None
[2026-08-08T02:45:20.763+0000] {processor.py:208} INFO - Processing /home/airflow/.local/lib/python3.12/site-packages/airflow/example_dags/example_dataset_alias.py took 0.733 seconds
[2026-08-08T02:45:51.249+0000] {processor.py:186} INFO - Started process (PID=12348) to work on /home/airflow/.local/lib/python3.12/site-packages/airflow/example_dags/example_dataset_alias.py
[2026-08-08T02:45:51.250+0000] {processor.py:914} INFO - Processing file /home/airflow/.local/lib/python3.12/site-packages/airflow/example_dags/example_dataset_alias.py for tasks to queue
[2026-08-08T02:45:51.254+0000] {logging_mixin.py:190} INFO - [2026-08-08T02:45:51.254+0000] {dagbag.py:588} INFO - Filling up the DagBag from /home/airflow/.local/lib/python3.12/site-packages/airflow/example_dags/example_dataset_alias.py
[2026-08-08T02:45:51.985+0000] {processor.py:925} INFO - DAG(s) 'dataset_s3_bucket_producer', 'dataset_alias_example_alias_producer', 'dataset_s3_bucket_consumer', 'dataset_alias_example_alias_consumer' retrieved from /home/airflow/.local/lib/python3.12/site-packages/airflow/example_dags/example_dataset_alias.py
[2026-08-08T02:45:52.011+0000] {logging_mixin.py:190} INFO - [2026-08-08T02:45:52.011+0000] {dag.py:3239} INFO - Sync 4 DAGs
[2026-08-08T02:45:52.039+0000] {logging_mixin.py:190} INFO - [2026-08-08T02:45:52.039+0000] {dag.py:4180} INFO - Setting next_dagrun for dataset_alias_example_alias_consumer to None, run_after=None
[2026-08-08T02:45:52.043+0000] {logging_mixin.py:190} INFO - [2026-08-08T02:45:52.043+0000] {dag.py:4180} INFO - Setting next_dagrun for dataset_alias_example_alias_producer to None, run_after=None
[2026-08-08T02:45:52.046+0000] {logging_mixin.py:190} INFO - [2026-08-08T02:45:52.046+0000] {dag.py:4180} INFO - Setting next_dagrun for dataset_s3_bucket_consumer to None, run_after=None
[2026-08-08T02:45:52.049+0000] {logging_mixin.py:190} INFO - [2026-08-08T02:45:52.049+0000] {dag.py:4180} INFO - Setting next_dagrun for dataset_s3_bucket_producer to None, run_after=None
[2026-08-08T02:45:52.078+0000] {processor.py:208} INFO - Processing /home/airflow/.local/lib/python3.12/site-packages/airflow/example_dags/example_dataset_alias.py took 0.838 seconds
[2026-08-08T02:46:22.697+0000] {processor.py:186} INFO - Started process (PID=12414) to work on /home/airflow/.local/lib/python3.12/site-packages/airflow/example_dags/example_dataset_alias.py
[2026-08-08T02:46:22.698+0000] {processor.py:914} INFO - Processing file /home/airflow/.local/lib/python3.12/site-packages/airflow/example_dags/example_dataset_alias.py for tasks to queue
[2026-08-08T02:46:22.703+0000] {logging_mixin.py:190} INFO - [2026-08-08T02:46:22.702+0000] {dagbag.py:588} INFO - Filling up the DagBag from /home/airflow/.local/lib/python3.12/site-packages/airflow/example_dags/example_dataset_alias.py
[2026-08-08T02:46:23.529+0000] {processor.py:925} INFO - DAG(s) 'dataset_alias_example_alias_producer', 'dataset_s3_bucket_consumer', 'dataset_alias_example_alias_consumer', 'dataset_s3_bucket_producer' retrieved from /home/airflow/.local/lib/python3.12/site-packages/airflow/example_dags/example_dataset_alias.py
[2026-08-08T02:46:23.554+0000] {logging_mixin.py:190} INFO - [2026-08-08T02:46:23.553+0000] {dag.py:3239} INFO - Sync 4 DAGs
[2026-08-08T02:46:23.581+0000] {logging_mixin.py:190} INFO - [2026-08-08T02:46:23.581+0000] {dag.py:4180} INFO - Setting next_dagrun for dataset_alias_example_alias_consumer to None, run_after=None
[2026-08-08T02:46:23.586+0000] {logging_mixin.py:190} INFO - [2026-08-08T02:46:23.585+0000] {dag.py:4180} INFO - Setting next_dagrun for dataset_alias_example_alias_producer to None, run_after=None
[2026-08-08T02:46:23.589+0000] {logging_mixin.py:190} INFO - [2026-08-08T02:46:23.589+0000] {dag.py:4180} INFO - Setting next_dagrun for dataset_s3_bucket_consumer to None, run_after=None
[2026-08-08T02:46:23.592+0000] {logging_mixin.py:190} INFO - [2026-08-08T02:46:23.592+0000] {dag.py:4180} INFO - Setting next_dagrun for dataset_s3_bucket_producer to None, run_after=None
[2026-08-08T02:46:23.621+0000] {processor.py:208} INFO - Processing /home/airflow/.local/lib/python3.12/site-packages/airflow/example_dags/example_dataset_alias.py took 0.931 seconds
[2026-08-08T02:46:53.764+0000] {processor.py:186} INFO - Started process (PID=12480) to work on /home/airflow/.local/lib/python3.12/site-packages/airflow/example_dags/example_dataset_alias.py
[2026-08-08T02:46:53.766+0000] {processor.py:914} INFO - Processing file /home/airflow/.local/lib/python3.12/site-packages/airflow/example_dags/example_dataset_alias.py for tasks to queue
[2026-08-08T02:46:53.770+0000] {logging_mixin.py:190} INFO - [2026-08-08T02:46:53.769+0000] {dagbag.py:588} INFO - Filling up the DagBag from /home/airflow/.local/lib/python3.12/site-packages/airflow/example_dags/example_dataset_alias.py
[2026-08-08T02:46:54.495+0000] {processor.py:925} INFO - DAG(s) 'dataset_alias_example_alias_consumer', 'dataset_alias_example_alias_producer', 'dataset_s3_bucket_producer', 'dataset_s3_bucket_consumer' retrieved from /home/airflow/.local/lib/python3.12/site-packages/airflow/example_dags/example_dataset_alias.py
[2026-08-08T02:46:54.520+0000] {logging_mixin.py:190} INFO - [2026-08-08T02:46:54.519+0000] {dag.py:3239} INFO - Sync 4 DAGs
[2026-08-08T02:46:54.544+0000] {logging_mixin.py:190} INFO - [2026-08-08T02:46:54.544+0000] {dag.py:4180} INFO - Setting next_dagrun for dataset_alias_example_alias_consumer to None, run_after=None
[2026-08-08T02:46:54.548+0000] {logging_mixin.py:190} INFO - [2026-08-08T02:46:54.548+0000] {dag.py:4180} INFO - Setting next_dagrun for dataset_alias_example_alias_producer to None, run_after=None
[2026-08-08T02:46:54.550+0000] {logging_mixin.py:190} INFO - [2026-08-08T02:46:54.550+0000] {dag.py:4180} INFO - Setting next_dagrun for dataset_s3_bucket_consumer to None, run_after=None
[2026-08-08T02:46:54.553+0000] {logging_mixin.py:190} INFO - [2026-08-08T02:46:54.552+0000] {dag.py:4180} INFO - Setting next_dagrun for dataset_s3_bucket_producer to None, run_after=None
[2026-08-08T02:46:54.579+0000] {processor.py:208} INFO - Processing /home/airflow/.local/lib/python3.12/site-packages/airflow/example_dags/example_dataset_alias.py took 0.823 seconds
[2026-08-08T02:47:24.985+0000] {processor.py:186} INFO - Started process (PID=12544) to work on /home/airflow/.local/lib/python3.12/site-packages/airflow/example_dags/example_dataset_alias.py
[2026-08-08T02:47:24.986+0000] {processor.py:914} INFO - Processing file /home/airflow/.local/lib/python3.12/site-packages/airflow/example_dags/example_dataset_alias.py for tasks to queue
[2026-08-08T02:47:24.990+0000] {logging_mixin.py:190} INFO - [2026-08-08T02:47:24.989+0000] {dagbag.py:588} INFO - Filling up the DagBag from /home/airflow/.local/lib/python3.12/site-packages/airflow/example_dags/example_dataset_alias.py
[2026-08-08T02:47:25.727+0000] {processor.py:925} INFO - DAG(s) 'dataset_s3_bucket_consumer', 'dataset_s3_bucket_producer', 'dataset_alias_example_alias_consumer', 'dataset_alias_example_alias_producer' retrieved from /home/airflow/.local/lib/python3.12/site-packages/airflow/example_dags/example_dataset_alias.py
[2026-08-08T02:47:25.758+0000] {logging_mixin.py:190} INFO - [2026-08-08T02:47:25.758+0000] {dag.py:3239} INFO - Sync 4 DAGs
[2026-08-08T02:47:25.808+0000] {logging_mixin.py:190} INFO - [2026-08-08T02:47:25.808+0000] {dag.py:4180} INFO - Setting next_dagrun for dataset_alias_example_alias_consumer to None, run_after=None
[2026-08-08T02:47:25.813+0000] {logging_mixin.py:190} INFO - [2026-08-08T02:47:25.812+0000] {dag.py:4180} INFO - Setting next_dagrun for dataset_alias_example_alias_producer to None, run_after=None
[2026-08-08T02:47:25.816+0000] {logging_mixin.py:190} INFO - [2026-08-08T02:47:25.816+0000] {dag.py:4180} INFO - Setting next_dagrun for dataset_s3_bucket_consumer to None, run_after=None
[2026-08-08T02:47:25.820+0000] {logging_mixin.py:190} INFO - [2026-08-08T02:47:25.819+0000] {dag.py:4180} INFO - Setting next_dagrun for dataset_s3_bucket_producer to None, run_after=None
[2026-08-08T02:47:25.860+0000] {processor.py:208} INFO - Processing /home/airflow/.local/lib/python3.12/site-packages/airflow/example_dags/example_dataset_alias.py took 0.882 seconds
[2026-08-08T02:47:56.183+0000] {processor.py:186} INFO - Started process (PID=12609) to work on /home/airflow/.local/lib/python3.12/site-packages/airflow/example_dags/example_dataset_alias.py
[2026-08-08T02:47:56.186+0000] {processor.py:914} INFO - Processing file /home/airflow/.local/lib/python3.12/site-packages/airflow/example_dags/example_dataset_alias.py for tasks to queue
[2026-08-08T02:47:56.192+0000] {logging_mixin.py:190} INFO - [2026-08-08T02:47:56.191+0000] {dagbag.py:588} INFO - Filling up the DagBag from /home/airflow/.local/lib/python3.12/site-packages/airflow/example_dags/example_dataset_alias.py
[2026-08-08T02:47:56.980+0000] {processor.py:925} INFO - DAG(s) 'dataset_alias_example_alias_consumer', 'dataset_s3_bucket_consumer', 'dataset_alias_example_alias_producer', 'dataset_s3_bucket_producer' retrieved from /home/airflow/.local/lib/python3.12/site-packages/airflow/example_dags/example_dataset_alias.py
[2026-08-08T02:47:57.005+0000] {logging_mixin.py:190} INFO - [2026-08-08T02:47:57.004+0000] {dag.py:3239} INFO - Sync 4 DAGs
[2026-08-08T02:47:57.037+0000] {logging_mixin.py:190} INFO - [2026-08-08T02:47:57.036+0000] {dag.py:4180} INFO - Setting next_dagrun for dataset_alias_example_alias_consumer to None, run_after=None
[2026-08-08T02:47:57.045+0000] {logging_mixin.py:190} INFO - [2026-08-08T02:47:57.044+0000] {dag.py:4180} INFO - Setting next_dagrun for dataset_alias_example_alias_producer to None, run_after=None
[2026-08-08T02:47:57.048+0000] {logging_mixin.py:190} INFO - [2026-08-08T02:47:57.048+0000] {dag.py:4180} INFO - Setting next_dagrun for dataset_s3_bucket_consumer to None, run_after=None
[2026-08-08T02:47:57.051+0000] {logging_mixin.py:190} INFO - [2026-08-08T02:47:57.051+0000] {dag.py:4180} INFO - Setting next_dagrun for dataset_s3_bucket_producer to None, run_after=None
[2026-08-08T02:47:57.087+0000] {processor.py:208} INFO - Processing /home/airflow/.local/lib/python3.12/site-packages/airflow/example_dags/example_dataset_alias.py took 0.917 seconds
[2026-08-08T02:48:27.733+0000] {processor.py:186} INFO - Started process (PID=12674) to work on /home/airflow/.local/lib/python3.12/site-packages/airflow/example_dags/example_dataset_alias.py
[2026-08-08T02:48:27.734+0000] {processor.py:914} INFO - Processing file /home/airflow/.local/lib/python3.12/site-packages/airflow/example_dags/example_dataset_alias.py for tasks to queue
[2026-08-08T02:48:27.737+0000] {logging_mixin.py:190} INFO - [2026-08-08T02:48:27.737+0000] {dagbag.py:588} INFO - Filling up the DagBag from /home/airflow/.local/lib/python3.12/site-packages/airflow/example_dags/example_dataset_alias.py
[2026-08-08T02:48:28.384+0000] {processor.py:925} INFO - DAG(s) 'dataset_alias_example_alias_consumer', 'dataset_s3_bucket_consumer', 'dataset_alias_example_alias_producer', 'dataset_s3_bucket_producer' retrieved from /home/airflow/.local/lib/python3.12/site-packages/airflow/example_dags/example_dataset_alias.py
[2026-08-08T02:48:28.409+0000] {logging_mixin.py:190} INFO - [2026-08-08T02:48:28.408+0000] {dag.py:3239} INFO - Sync 4 DAGs
[2026-08-08T02:48:28.434+0000] {logging_mixin.py:190} INFO - [2026-08-08T02:48:28.433+0000] {dag.py:4180} INFO - Setting next_dagrun for dataset_alias_example_alias_consumer to None, run_after=None
[2026-08-08T02:48:28.437+0000] {logging_mixin.py:190} INFO - [2026-08-08T02:48:28.437+0000] {dag.py:4180} INFO - Setting next_dagrun for dataset_alias_example_alias_producer to None, run_after=None
[2026-08-08T02:48:28.440+0000] {logging_mixin.py:190} INFO - [2026-08-08T02:48:28.439+0000] {dag.py:4180} INFO - Setting next_dagrun for dataset_s3_bucket_consumer to None, run_after=None
[2026-08-08T02:48:28.442+0000] {logging_mixin.py:190} INFO - [2026-08-08T02:48:28.442+0000] {dag.py:4180} INFO - Setting next_dagrun for dataset_s3_bucket_producer to None, run_after=None
[2026-08-08T02:48:28.469+0000] {processor.py:208} INFO - Processing /home/airflow/.local/lib/python3.12/site-packages/airflow/example_dags/example_dataset_alias.py took 0.744 seconds
[2026-08-08T02:48:58.999+0000] {processor.py:186} INFO - Started process (PID=12739) to work on /home/airflow/.local/lib/python3.12/site-packages/airflow/example_dags/example_dataset_alias.py
[2026-08-08T02:48:59.001+0000] {processor.py:914} INFO - Processing file /home/airflow/.local/lib/python3.12/site-packages/airflow/example_dags/example_dataset_alias.py for tasks to queue
[2026-08-08T02:48:59.004+0000] {logging_mixin.py:190} INFO - [2026-08-08T02:48:59.003+0000] {dagbag.py:588} INFO - Filling up the DagBag from /home/airflow/.local/lib/python3.12/site-packages/airflow/example_dags/example_dataset_alias.py
[2026-08-08T02:48:59.601+0000] {processor.py:925} INFO - DAG(s) 'dataset_alias_example_alias_producer', 'dataset_s3_bucket_consumer', 'dataset_s3_bucket_producer', 'dataset_alias_example_alias_consumer' retrieved from /home/airflow/.local/lib/python3.12/site-packages/airflow/example_dags/example_dataset_alias.py
[2026-08-08T02:48:59.627+0000] {logging_mixin.py:190} INFO - [2026-08-08T02:48:59.627+0000] {dag.py:3239} INFO - Sync 4 DAGs
[2026-08-08T02:48:59.654+0000] {logging_mixin.py:190} INFO - [2026-08-08T02:48:59.653+0000] {dag.py:4180} INFO - Setting next_dagrun for dataset_alias_example_alias_consumer to None, run_after=None
[2026-08-08T02:48:59.658+0000] {logging_mixin.py:190} INFO - [2026-08-08T02:48:59.658+0000] {dag.py:4180} INFO - Setting next_dagrun for dataset_alias_example_alias_producer to None, run_after=None
[2026-08-08T02:48:59.660+0000] {logging_mixin.py:190} INFO - [2026-08-08T02:48:59.660+0000] {dag.py:4180} INFO - Setting next_dagrun for dataset_s3_bucket_consumer to None, run_after=None
[2026-08-08T02:48:59.663+0000] {logging_mixin.py:190} INFO - [2026-08-08T02:48:59.662+0000] {dag.py:4180} INFO - Setting next_dagrun for dataset_s3_bucket_producer to None, run_after=None
[2026-08-08T02:48:59.693+0000] {processor.py:208} INFO - Processing /home/airflow/.local/lib/python3.12/site-packages/airflow/example_dags/example_dataset_alias.py took 0.700 seconds
[2026-08-08T02:49:30.316+0000] {processor.py:186} INFO - Started process (PID=12804) to work on /home/airflow/.local/lib/python3.12/site-packages/airflow/example_dags/example_dataset_alias.py
[2026-08-08T02:49:30.317+0000] {processor.py:914} INFO - Processing file /home/airflow/.local/lib/python3.12/site-packages/airflow/example_dags/example_dataset_alias.py for tasks to queue
[2026-08-08T02:49:30.320+0000] {logging_mixin.py:190} INFO - [2026-08-08T02:49:30.320+0000] {dagbag.py:588} INFO - Filling up the DagBag from /home/airflow/.local/lib/python3.12/site-packages/airflow/example_dags/example_dataset_alias.py
[2026-08-08T02:49:31.074+0000] {processor.py:925} INFO - DAG(s) 'dataset_alias_example_alias_consumer', 'dataset_alias_example_alias_producer', 'dataset_s3_bucket_producer', 'dataset_s3_bucket_consumer' retrieved from /home/airflow/.local/lib/python3.12/site-packages/airflow/example_dags/example_dataset_alias.py
[2026-08-08T02:49:31.105+0000] {logging_mixin.py:190} INFO - [2026-08-08T02:49:31.104+0000] {dag.py:3239} INFO - Sync 4 DAGs
[2026-08-08T02:49:31.149+0000] {logging_mixin.py:190} INFO - [2026-08-08T02:49:31.149+0000] {dag.py:4180} INFO - Setting next_dagrun for dataset_alias_example_alias_consumer to None, run_after=None
[2026-08-08T02:49:31.158+0000] {logging_mixin.py:190} INFO - [2026-08-08T02:49:31.157+0000] {dag.py:4180} INFO - Setting next_dagrun for dataset_alias_example_alias_producer to None, run_after=None
[2026-08-08T02:49:31.164+0000] {logging_mixin.py:190} INFO - [2026-08-08T02:49:31.164+0000] {dag.py:4180} INFO - Setting next_dagrun for dataset_s3_bucket_consumer to None, run_after=None
[2026-08-08T02:49:31.168+0000] {logging_mixin.py:190} INFO - [2026-08-08T02:49:31.167+0000] {dag.py:4180} INFO - Setting next_dagrun for dataset_s3_bucket_producer to None, run_after=None
[2026-08-08T02:49:31.216+0000] {processor.py:208} INFO - Processing /home/airflow/.local/lib/python3.12/site-packages/airflow/example_dags/example_dataset_alias.py took 0.907 seconds
[2026-08-08T02:50:01.762+0000] {processor.py:186} INFO - Started process (PID=12870) to work on /home/airflow/.local/lib/python3.12/site-packages/airflow/example_dags/example_dataset_alias.py
[2026-08-08T02:50:01.763+0000] {processor.py:914} INFO - Processing file /home/airflow/.local/lib/python3.12/site-packages/airflow/example_dags/example_dataset_alias.py for tasks to queue
[2026-08-08T02:50:01.766+0000] {logging_mixin.py:190} INFO - [2026-08-08T02:50:01.766+0000] {dagbag.py:588} INFO - Filling up the DagBag from /home/airflow/.local/lib/python3.12/site-packages/airflow/example_dags/example_dataset_alias.py
[2026-08-08T02:50:02.495+0000] {processor.py:925} INFO - DAG(s) 'dataset_s3_bucket_producer', 'dataset_alias_example_alias_consumer', 'dataset_alias_example_alias_producer', 'dataset_s3_bucket_consumer' retrieved from /home/airflow/.local/lib/python3.12/site-packages/airflow/example_dags/example_dataset_alias.py
[2026-08-08T02:50:02.526+0000] {logging_mixin.py:190} INFO - [2026-08-08T02:50:02.525+0000] {dag.py:3239} INFO - Sync 4 DAGs
[2026-08-08T02:50:02.553+0000] {logging_mixin.py:190} INFO - [2026-08-08T02:50:02.552+0000] {dag.py:4180} INFO - Setting next_dagrun for dataset_alias_example_alias_consumer to None, run_after=None
[2026-08-08T02:50:02.556+0000] {logging_mixin.py:190} INFO - [2026-08-08T02:50:02.556+0000] {dag.py:4180} INFO - Setting next_dagrun for dataset_alias_example_alias_producer to None, run_after=None
[2026-08-08T02:50:02.558+0000] {logging_mixin.py:190} INFO - [2026-08-08T02:50:02.558+0000] {dag.py:4180} INFO - Setting next_dagrun for dataset_s3_bucket_consumer to None, run_after=None
[2026-08-08T02:50:02.560+0000] {logging_mixin.py:190} INFO - [2026-08-08T02:50:02.560+0000] {dag.py:4180} INFO - Setting next_dagrun for dataset_s3_bucket_producer to None, run_after=None
[2026-08-08T02:50:02.587+0000] {processor.py:208} INFO - Processing /home/airflow/.local/lib/python3.12/site-packages/airflow/example_dags/example_dataset_alias.py took 0.831 seconds
[2026-08-08T02:50:32.857+0000] {processor.py:186} INFO - Started process (PID=12935) to work on /home/airflow/.local/lib/python3.12/site-packages/airflow/example_dags/example_dataset_alias.py
[2026-08-08T02:50:32.858+0000] {processor.py:914} INFO - Processing file /home/airflow/.local/lib/python3.12/site-packages/airflow/example_dags/example_dataset_alias.py for tasks to queue
[2026-08-08T02:50:32.866+0000] {logging_mixin.py:190} INFO - [2026-08-08T02:50:32.865+0000] {dagbag.py:588} INFO - Filling up the DagBag from /home/airflow/.local/lib/python3.12/site-packages/airflow/example_dags/example_dataset_alias.py
[2026-08-08T02:50:33.562+0000] {processor.py:925} INFO - DAG(s) 'dataset_s3_bucket_producer', 'dataset_s3_bucket_consumer', 'dataset_alias_example_alias_consumer', 'dataset_alias_example_alias_producer' retrieved from /home/airflow/.local/lib/python3.12/site-packages/airflow/example_dags/example_dataset_alias.py
[2026-08-08T02:50:33.592+0000] {logging_mixin.py:190} INFO - [2026-08-08T02:50:33.591+0000] {dag.py:3239} INFO - Sync 4 DAGs
[2026-08-08T02:50:33.620+0000] {logging_mixin.py:190} INFO - [2026-08-08T02:50:33.619+0000] {dag.py:4180} INFO - Setting next_dagrun for dataset_alias_example_alias_consumer to None, run_after=None
[2026-08-08T02:50:33.623+0000] {logging_mixin.py:190} INFO - [2026-08-08T02:50:33.623+0000] {dag.py:4180} INFO - Setting next_dagrun for dataset_alias_example_alias_producer to None, run_after=None
[2026-08-08T02:50:33.626+0000] {logging_mixin.py:190} INFO - [2026-08-08T02:50:33.626+0000] {dag.py:4180} INFO - Setting next_dagrun for dataset_s3_bucket_consumer to None, run_after=None
[2026-08-08T02:50:33.628+0000] {logging_mixin.py:190} INFO - [2026-08-08T02:50:33.628+0000] {dag.py:4180} INFO - Setting next_dagrun for dataset_s3_bucket_producer to None, run_after=None
[2026-08-08T02:50:33.656+0000] {processor.py:208} INFO - Processing /home/airflow/.local/lib/python3.12/site-packages/airflow/example_dags/example_dataset_alias.py took 0.808 seconds
[2026-08-08T02:51:04.112+0000] {processor.py:186} INFO - Started process (PID=13000) to work on /home/airflow/.local/lib/python3.12/site-packages/airflow/example_dags/example_dataset_alias.py
[2026-08-08T02:51:04.113+0000] {processor.py:914} INFO - Processing file /home/airflow/.local/lib/python3.12/site-packages/airflow/example_dags/example_dataset_alias.py for tasks to queue
[2026-08-08T02:51:04.117+0000] {logging_mixin.py:190} INFO - [2026-08-08T02:51:04.116+0000] {dagbag.py:588} INFO - Filling up the DagBag from /home/airflow/.local/lib/python3.12/site-packages/airflow/example_dags/example_dataset_alias.py
[2026-08-08T02:51:04.936+0000] {processor.py:925} INFO - DAG(s) 'dataset_alias_example_alias_consumer', 'dataset_alias_example_alias_producer', 'dataset_s3_bucket_consumer', 'dataset_s3_bucket_producer' retrieved from /home/airflow/.local/lib/python3.12/site-packages/airflow/example_dags/example_dataset_alias.py
[2026-08-08T02:51:04.963+0000] {logging_mixin.py:190} INFO - [2026-08-08T02:51:04.962+0000] {dag.py:3239} INFO - Sync 4 DAGs
[2026-08-08T02:51:04.995+0000] {logging_mixin.py:190} INFO - [2026-08-08T02:51:04.995+0000] {dag.py:4180} INFO - Setting next_dagrun for dataset_alias_example_alias_consumer to None, run_after=None
[2026-08-08T02:51:04.999+0000] {logging_mixin.py:190} INFO - [2026-08-08T02:51:04.998+0000] {dag.py:4180} INFO - Setting next_dagrun for dataset_alias_example_alias_producer to None, run_after=None
[2026-08-08T02:51:05.001+0000] {logging_mixin.py:190} INFO - [2026-08-08T02:51:05.000+0000] {dag.py:4180} INFO - Setting next_dagrun for dataset_s3_bucket_consumer to None, run_after=None
[2026-08-08T02:51:05.003+0000] {logging_mixin.py:190} INFO - [2026-08-08T02:51:05.002+0000] {dag.py:4180} INFO - Setting next_dagrun for dataset_s3_bucket_producer to None, run_after=None
[2026-08-08T02:51:05.028+0000] {processor.py:208} INFO - Processing /home/airflow/.local/lib/python3.12/site-packages/airflow/example_dags/example_dataset_alias.py took 0.924 seconds
[2026-08-08T02:51:35.085+0000] {processor.py:186} INFO - Started process (PID=13066) to work on /home/airflow/.local/lib/python3.12/site-packages/airflow/example_dags/example_dataset_alias.py
[2026-08-08T02:51:35.087+0000] {processor.py:914} INFO - Processing file /home/airflow/.local/lib/python3.12/site-packages/airflow/example_dags/example_dataset_alias.py for tasks to queue
[2026-08-08T02:51:35.091+0000] {logging_mixin.py:190} INFO - [2026-08-08T02:51:35.091+0000] {dagbag.py:588} INFO - Filling up the DagBag from /home/airflow/.local/lib/python3.12/site-packages/airflow/example_dags/example_dataset_alias.py
[2026-08-08T02:51:35.787+0000] {processor.py:925} INFO - DAG(s) 'dataset_s3_bucket_producer', 'dataset_s3_bucket_consumer', 'dataset_alias_example_alias_consumer', 'dataset_alias_example_alias_producer' retrieved from /home/airflow/.local/lib/python3.12/site-packages/airflow/example_dags/example_dataset_alias.py
[2026-08-08T02:51:35.813+0000] {logging_mixin.py:190} INFO - [2026-08-08T02:51:35.813+0000] {dag.py:3239} INFO - Sync 4 DAGs
[2026-08-08T02:51:35.840+0000] {logging_mixin.py:190} INFO - [2026-08-08T02:51:35.840+0000] {dag.py:4180} INFO - Setting next_dagrun for dataset_alias_example_alias_consumer to None, run_after=None
[2026-08-08T02:51:35.843+0000] {logging_mixin.py:190} INFO - [2026-08-08T02:51:35.843+0000] {dag.py:4180} INFO - Setting next_dagrun for dataset_alias_example_alias_producer to None, run_after=None
[2026-08-08T02:51:35.846+0000] {logging_mixin.py:190} INFO - [2026-08-08T02:51:35.846+0000] {dag.py:4180} INFO - Setting next_dagrun for dataset_s3_bucket_consumer to None, run_after=None
[2026-08-08T02:51:35.849+0000] {logging_mixin.py:190} INFO - [2026-08-08T02:51:35.848+0000] {dag.py:4180} INFO - Setting next_dagrun for dataset_s3_bucket_producer to None, run_after=None
[2026-08-08T02:51:35.876+0000] {processor.py:208} INFO - Processing /home/airflow/.local/lib/python3.12/site-packages/airflow/example_dags/example_dataset_alias.py took 0.800 seconds
[2026-08-08T02:52:06.750+0000] {processor.py:186} INFO - Started process (PID=13141) to work on /home/airflow/.local/lib/python3.12/site-packages/airflow/example_dags/example_dataset_alias.py
[2026-08-08T02:52:06.751+0000] {processor.py:914} INFO - Processing file /home/airflow/.local/lib/python3.12/site-packages/airflow/example_dags/example_dataset_alias.py for tasks to queue
[2026-08-08T02:52:06.754+0000] {logging_mixin.py:190} INFO - [2026-08-08T02:52:06.754+0000] {dagbag.py:588} INFO - Filling up the DagBag from /home/airflow/.local/lib/python3.12/site-packages/airflow/example_dags/example_dataset_alias.py
[2026-08-08T02:52:07.460+0000] {processor.py:925} INFO - DAG(s) 'dataset_alias_example_alias_producer', 'dataset_s3_bucket_consumer', 'dataset_alias_example_alias_consumer', 'dataset_s3_bucket_producer' retrieved from /home/airflow/.local/lib/python3.12/site-packages/airflow/example_dags/example_dataset_alias.py
[2026-08-08T02:52:07.482+0000] {logging_mixin.py:190} INFO - [2026-08-08T02:52:07.482+0000] {dag.py:3239} INFO - Sync 4 DAGs
[2026-08-08T02:52:07.506+0000] {logging_mixin.py:190} INFO - [2026-08-08T02:52:07.506+0000] {dag.py:4180} INFO - Setting next_dagrun for dataset_alias_example_alias_consumer to None, run_after=None
[2026-08-08T02:52:07.510+0000] {logging_mixin.py:190} INFO - [2026-08-08T02:52:07.510+0000] {dag.py:4180} INFO - Setting next_dagrun for dataset_alias_example_alias_producer to None, run_after=None
[2026-08-08T02:52:07.513+0000] {logging_mixin.py:190} INFO - [2026-08-08T02:52:07.513+0000] {dag.py:4180} INFO - Setting next_dagrun for dataset_s3_bucket_consumer to None, run_after=None
[2026-08-08T02:52:07.515+0000] {logging_mixin.py:190} INFO - [2026-08-08T02:52:07.515+0000] {dag.py:4180} INFO - Setting next_dagrun for dataset_s3_bucket_producer to None, run_after=None
[2026-08-08T02:52:07.540+0000] {processor.py:208} INFO - Processing /home/airflow/.local/lib/python3.12/site-packages/airflow/example_dags/example_dataset_alias.py took 0.796 seconds
[2026-08-08T02:52:37.978+0000] {processor.py:186} INFO - Started process (PID=13207) to work on /home/airflow/.local/lib/python3.12/site-packages/airflow/example_dags/example_dataset_alias.py
[2026-08-08T02:52:37.980+0000] {processor.py:914} INFO - Processing file /home/airflow/.local/lib/python3.12/site-packages/airflow/example_dags/example_dataset_alias.py for tasks to queue
[2026-08-08T02:52:37.983+0000] {logging_mixin.py:190} INFO - [2026-08-08T02:52:37.982+0000] {dagbag.py:588} INFO - Filling up the DagBag from /home/airflow/.local/lib/python3.12/site-packages/airflow/example_dags/example_dataset_alias.py
[2026-08-08T02:52:38.675+0000] {processor.py:925} INFO - DAG(s) 'dataset_s3_bucket_producer', 'dataset_alias_example_alias_consumer', 'dataset_s3_bucket_consumer', 'dataset_alias_example_alias_producer' retrieved from /home/airflow/.local/lib/python3.12/site-packages/airflow/example_dags/example_dataset_alias.py
[2026-08-08T02:52:38.704+0000] {logging_mixin.py:190} INFO - [2026-08-08T02:52:38.703+0000] {dag.py:3239} INFO - Sync 4 DAGs
[2026-08-08T02:52:38.728+0000] {logging_mixin.py:190} INFO - [2026-08-08T02:52:38.728+0000] {dag.py:4180} INFO - Setting next_dagrun for dataset_alias_example_alias_consumer to None, run_after=None
[2026-08-08T02:52:38.732+0000] {logging_mixin.py:190} INFO - [2026-08-08T02:52:38.731+0000] {dag.py:4180} INFO - Setting next_dagrun for dataset_alias_example_alias_producer to None, run_after=None
[2026-08-08T02:52:38.734+0000] {logging_mixin.py:190} INFO - [2026-08-08T02:52:38.734+0000] {dag.py:4180} INFO - Setting next_dagrun for dataset_s3_bucket_consumer to None, run_after=None
[2026-08-08T02:52:38.736+0000] {logging_mixin.py:190} INFO - [2026-08-08T02:52:38.736+0000] {dag.py:4180} INFO - Setting next_dagrun for dataset_s3_bucket_producer to None, run_after=None
[2026-08-08T02:52:38.761+0000] {processor.py:208} INFO - Processing /home/airflow/.local/lib/python3.12/site-packages/airflow/example_dags/example_dataset_alias.py took 0.790 seconds
[2026-08-08T02:53:08.975+0000] {processor.py:186} INFO - Started process (PID=13277) to work on /home/airflow/.local/lib/python3.12/site-packages/airflow/example_dags/example_dataset_alias.py
[2026-08-08T02:53:08.977+0000] {processor.py:914} INFO - Processing file /home/airflow/.local/lib/python3.12/site-packages/airflow/example_dags/example_dataset_alias.py for tasks to queue
[2026-08-08T02:53:08.980+0000] {logging_mixin.py:190} INFO - [2026-08-08T02:53:08.980+0000] {dagbag.py:588} INFO - Filling up the DagBag from /home/airflow/.local/lib/python3.12/site-packages/airflow/example_dags/example_dataset_alias.py
[2026-08-08T02:53:09.742+0000] {processor.py:925} INFO - DAG(s) 'dataset_alias_example_alias_consumer', 'dataset_s3_bucket_consumer', 'dataset_s3_bucket_producer', 'dataset_alias_example_alias_producer' retrieved from /home/airflow/.local/lib/python3.12/site-packages/airflow/example_dags/example_dataset_alias.py
[2026-08-08T02:53:09.763+0000] {logging_mixin.py:190} INFO - [2026-08-08T02:53:09.763+0000] {dag.py:3239} INFO - Sync 4 DAGs
[2026-08-08T02:53:09.785+0000] {logging_mixin.py:190} INFO - [2026-08-08T02:53:09.785+0000] {dag.py:4180} INFO - Setting next_dagrun for dataset_alias_example_alias_consumer to None, run_after=None
[2026-08-08T02:53:09.789+0000] {logging_mixin.py:190} INFO - [2026-08-08T02:53:09.788+0000] {dag.py:4180} INFO - Setting next_dagrun for dataset_alias_example_alias_producer to None, run_after=None
[2026-08-08T02:53:09.790+0000] {logging_mixin.py:190} INFO - [2026-08-08T02:53:09.790+0000] {dag.py:4180} INFO - Setting next_dagrun for dataset_s3_bucket_consumer to None, run_after=None
[2026-08-08T02:53:09.792+0000] {logging_mixin.py:190} INFO - [2026-08-08T02:53:09.792+0000] {dag.py:4180} INFO - Setting next_dagrun for dataset_s3_bucket_producer to None, run_after=None
[2026-08-08T02:53:09.813+0000] {processor.py:208} INFO - Processing /home/airflow/.local/lib/python3.12/site-packages/airflow/example_dags/example_dataset_alias.py took 0.846 seconds
[2026-08-08T02:53:40.563+0000] {processor.py:186} INFO - Started process (PID=13345) to work on /home/airflow/.local/lib/python3.12/site-packages/airflow/example_dags/example_dataset_alias.py
[2026-08-08T02:53:40.564+0000] {processor.py:914} INFO - Processing file /home/airflow/.local/lib/python3.12/site-packages/airflow/example_dags/example_dataset_alias.py for tasks to queue
[2026-08-08T02:53:40.568+0000] {logging_mixin.py:190} INFO - [2026-08-08T02:53:40.568+0000] {dagbag.py:588} INFO - Filling up the DagBag from /home/airflow/.local/lib/python3.12/site-packages/airflow/example_dags/example_dataset_alias.py
[2026-08-08T02:53:41.313+0000] {processor.py:925} INFO - DAG(s) 'dataset_s3_bucket_producer', 'dataset_alias_example_alias_consumer', 'dataset_alias_example_alias_producer', 'dataset_s3_bucket_consumer' retrieved from /home/airflow/.local/lib/python3.12/site-packages/airflow/example_dags/example_dataset_alias.py
[2026-08-08T02:53:41.339+0000] {logging_mixin.py:190} INFO - [2026-08-08T02:53:41.338+0000] {dag.py:3239} INFO - Sync 4 DAGs
[2026-08-08T02:53:41.365+0000] {logging_mixin.py:190} INFO - [2026-08-08T02:53:41.364+0000] {dag.py:4180} INFO - Setting next_dagrun for dataset_alias_example_alias_consumer to None, run_after=None
[2026-08-08T02:53:41.369+0000] {logging_mixin.py:190} INFO - [2026-08-08T02:53:41.368+0000] {dag.py:4180} INFO - Setting next_dagrun for dataset_alias_example_alias_producer to None, run_after=None
[2026-08-08T02:53:41.371+0000] {logging_mixin.py:190} INFO - [2026-08-08T02:53:41.371+0000] {dag.py:4180} INFO - Setting next_dagrun for dataset_s3_bucket_consumer to None, run_after=None
[2026-08-08T02:53:41.373+0000] {logging_mixin.py:190} INFO - [2026-08-08T02:53:41.373+0000] {dag.py:4180} INFO - Setting next_dagrun for dataset_s3_bucket_producer to None, run_after=None
[2026-08-08T02:53:41.400+0000] {processor.py:208} INFO - Processing /home/airflow/.local/lib/python3.12/site-packages/airflow/example_dags/example_dataset_alias.py took 0.845 seconds
[2026-08-08T02:54:12.400+0000] {processor.py:186} INFO - Started process (PID=13413) to work on /home/airflow/.local/lib/python3.12/site-packages/airflow/example_dags/example_dataset_alias.py
[2026-08-08T02:54:12.403+0000] {processor.py:914} INFO - Processing file /home/airflow/.local/lib/python3.12/site-packages/airflow/example_dags/example_dataset_alias.py for tasks to queue
[2026-08-08T02:54:12.410+0000] {logging_mixin.py:190} INFO - [2026-08-08T02:54:12.409+0000] {dagbag.py:588} INFO - Filling up the DagBag from /home/airflow/.local/lib/python3.12/site-packages/airflow/example_dags/example_dataset_alias.py
[2026-08-08T02:54:13.702+0000] {processor.py:925} INFO - DAG(s) 'dataset_alias_example_alias_producer', 'dataset_s3_bucket_consumer', 'dataset_alias_example_alias_consumer', 'dataset_s3_bucket_producer' retrieved from /home/airflow/.local/lib/python3.12/site-packages/airflow/example_dags/example_dataset_alias.py
[2026-08-08T02:54:13.743+0000] {logging_mixin.py:190} INFO - [2026-08-08T02:54:13.742+0000] {dag.py:3239} INFO - Sync 4 DAGs
[2026-08-08T02:54:13.772+0000] {logging_mixin.py:190} INFO - [2026-08-08T02:54:13.772+0000] {dag.py:4180} INFO - Setting next_dagrun for dataset_alias_example_alias_consumer to None, run_after=None
[2026-08-08T02:54:13.777+0000] {logging_mixin.py:190} INFO - [2026-08-08T02:54:13.777+0000] {dag.py:4180} INFO - Setting next_dagrun for dataset_alias_example_alias_producer to None, run_after=None
[2026-08-08T02:54:13.779+0000] {logging_mixin.py:190} INFO - [2026-08-08T02:54:13.779+0000] {dag.py:4180} INFO - Setting next_dagrun for dataset_s3_bucket_consumer to None, run_after=None
[2026-08-08T02:54:13.782+0000] {logging_mixin.py:190} INFO - [2026-08-08T02:54:13.781+0000] {dag.py:4180} INFO - Setting next_dagrun for dataset_s3_bucket_producer to None, run_after=None
[2026-08-08T02:54:13.813+0000] {processor.py:208} INFO - Processing /home/airflow/.local/lib/python3.12/site-packages/airflow/example_dags/example_dataset_alias.py took 1.428 seconds
[2026-08-08T02:54:44.860+0000] {processor.py:186} INFO - Started process (PID=13480) to work on /home/airflow/.local/lib/python3.12/site-packages/airflow/example_dags/example_dataset_alias.py
[2026-08-08T02:54:44.861+0000] {processor.py:914} INFO - Processing file /home/airflow/.local/lib/python3.12/site-packages/airflow/example_dags/example_dataset_alias.py for tasks to queue
[2026-08-08T02:54:44.865+0000] {logging_mixin.py:190} INFO - [2026-08-08T02:54:44.864+0000] {dagbag.py:588} INFO - Filling up the DagBag from /home/airflow/.local/lib/python3.12/site-packages/airflow/example_dags/example_dataset_alias.py
[2026-08-08T02:54:45.708+0000] {processor.py:925} INFO - DAG(s) 'dataset_s3_bucket_producer', 'dataset_s3_bucket_consumer', 'dataset_alias_example_alias_consumer', 'dataset_alias_example_alias_producer' retrieved from /home/airflow/.local/lib/python3.12/site-packages/airflow/example_dags/example_dataset_alias.py
[2026-08-08T02:54:45.741+0000] {logging_mixin.py:190} INFO - [2026-08-08T02:54:45.740+0000] {dag.py:3239} INFO - Sync 4 DAGs
[2026-08-08T02:54:45.773+0000] {logging_mixin.py:190} INFO - [2026-08-08T02:54:45.773+0000] {dag.py:4180} INFO - Setting next_dagrun for dataset_alias_example_alias_consumer to None, run_after=None
[2026-08-08T02:54:45.777+0000] {logging_mixin.py:190} INFO - [2026-08-08T02:54:45.777+0000] {dag.py:4180} INFO - Setting next_dagrun for dataset_alias_example_alias_producer to None, run_after=None
[2026-08-08T02:54:45.781+0000] {logging_mixin.py:190} INFO - [2026-08-08T02:54:45.781+0000] {dag.py:4180} INFO - Setting next_dagrun for dataset_s3_bucket_consumer to None, run_after=None
[2026-08-08T02:54:45.784+0000] {logging_mixin.py:190} INFO - [2026-08-08T02:54:45.784+0000] {dag.py:4180} INFO - Setting next_dagrun for dataset_s3_bucket_producer to None, run_after=None
[2026-08-08T02:54:45.818+0000] {processor.py:208} INFO - Processing /home/airflow/.local/lib/python3.12/site-packages/airflow/example_dags/example_dataset_alias.py took 0.965 seconds
[2026-08-08T02:55:16.066+0000] {processor.py:186} INFO - Started process (PID=13545) to work on /home/airflow/.local/lib/python3.12/site-packages/airflow/example_dags/example_dataset_alias.py
[2026-08-08T02:55:16.067+0000] {processor.py:914} INFO - Processing file /home/airflow/.local/lib/python3.12/site-packages/airflow/example_dags/example_dataset_alias.py for tasks to queue
[2026-08-08T02:55:16.070+0000] {logging_mixin.py:190} INFO - [2026-08-08T02:55:16.070+0000] {dagbag.py:588} INFO - Filling up the DagBag from /home/airflow/.local/lib/python3.12/site-packages/airflow/example_dags/example_dataset_alias.py
[2026-08-08T02:55:16.859+0000] {processor.py:925} INFO - DAG(s) 'dataset_s3_bucket_consumer', 'dataset_s3_bucket_producer', 'dataset_alias_example_alias_producer', 'dataset_alias_example_alias_consumer' retrieved from /home/airflow/.local/lib/python3.12/site-packages/airflow/example_dags/example_dataset_alias.py
[2026-08-08T02:55:16.907+0000] {logging_mixin.py:190} INFO - [2026-08-08T02:55:16.906+0000] {dag.py:3239} INFO - Sync 4 DAGs
[2026-08-08T02:55:16.952+0000] {logging_mixin.py:190} INFO - [2026-08-08T02:55:16.951+0000] {dag.py:4180} INFO - Setting next_dagrun for dataset_alias_example_alias_consumer to None, run_after=None
[2026-08-08T02:55:16.959+0000] {logging_mixin.py:190} INFO - [2026-08-08T02:55:16.959+0000] {dag.py:4180} INFO - Setting next_dagrun for dataset_alias_example_alias_producer to None, run_after=None
[2026-08-08T02:55:16.964+0000] {logging_mixin.py:190} INFO - [2026-08-08T02:55:16.963+0000] {dag.py:4180} INFO - Setting next_dagrun for dataset_s3_bucket_consumer to None, run_after=None
[2026-08-08T02:55:16.968+0000] {logging_mixin.py:190} INFO - [2026-08-08T02:55:16.967+0000] {dag.py:4180} INFO - Setting next_dagrun for dataset_s3_bucket_producer to None, run_after=None
[2026-08-08T02:55:17.020+0000] {processor.py:208} INFO - Processing /home/airflow/.local/lib/python3.12/site-packages/airflow/example_dags/example_dataset_alias.py took 0.960 seconds
[2026-08-08T02:55:47.908+0000] {processor.py:186} INFO - Started process (PID=13611) to work on /home/airflow/.local/lib/python3.12/site-packages/airflow/example_dags/example_dataset_alias.py
[2026-08-08T02:55:47.910+0000] {processor.py:914} INFO - Processing file /home/airflow/.local/lib/python3.12/site-packages/airflow/example_dags/example_dataset_alias.py for tasks to queue
[2026-08-08T02:55:47.915+0000] {logging_mixin.py:190} INFO - [2026-08-08T02:55:47.914+0000] {dagbag.py:588} INFO - Filling up the DagBag from /home/airflow/.local/lib/python3.12/site-packages/airflow/example_dags/example_dataset_alias.py
[2026-08-08T02:55:48.660+0000] {processor.py:925} INFO - DAG(s) 'dataset_s3_bucket_producer', 'dataset_alias_example_alias_consumer', 'dataset_alias_example_alias_producer', 'dataset_s3_bucket_consumer' retrieved from /home/airflow/.local/lib/python3.12/site-packages/airflow/example_dags/example_dataset_alias.py
[2026-08-08T02:55:48.690+0000] {logging_mixin.py:190} INFO - [2026-08-08T02:55:48.690+0000] {dag.py:3239} INFO - Sync 4 DAGs
[2026-08-08T02:55:48.715+0000] {logging_mixin.py:190} INFO - [2026-08-08T02:55:48.715+0000] {dag.py:4180} INFO - Setting next_dagrun for dataset_alias_example_alias_consumer to None, run_after=None
[2026-08-08T02:55:48.719+0000] {logging_mixin.py:190} INFO - [2026-08-08T02:55:48.719+0000] {dag.py:4180} INFO - Setting next_dagrun for dataset_alias_example_alias_producer to None, run_after=None
[2026-08-08T02:55:48.721+0000] {logging_mixin.py:190} INFO - [2026-08-08T02:55:48.721+0000] {dag.py:4180} INFO - Setting next_dagrun for dataset_s3_bucket_consumer to None, run_after=None
[2026-08-08T02:55:48.723+0000] {logging_mixin.py:190} INFO - [2026-08-08T02:55:48.723+0000] {dag.py:4180} INFO - Setting next_dagrun for dataset_s3_bucket_producer to None, run_after=None
[2026-08-08T02:55:48.748+0000] {processor.py:208} INFO - Processing /home/airflow/.local/lib/python3.12/site-packages/airflow/example_dags/example_dataset_alias.py took 0.847 seconds
[2026-08-08T02:56:18.934+0000] {processor.py:186} INFO - Started process (PID=13676) to work on /home/airflow/.local/lib/python3.12/site-packages/airflow/example_dags/example_dataset_alias.py
[2026-08-08T02:56:18.935+0000] {processor.py:914} INFO - Processing file /home/airflow/.local/lib/python3.12/site-packages/airflow/example_dags/example_dataset_alias.py for tasks to queue
[2026-08-08T02:56:18.939+0000] {logging_mixin.py:190} INFO - [2026-08-08T02:56:18.939+0000] {dagbag.py:588} INFO - Filling up the DagBag from /home/airflow/.local/lib/python3.12/site-packages/airflow/example_dags/example_dataset_alias.py
[2026-08-08T02:56:19.621+0000] {processor.py:925} INFO - DAG(s) 'dataset_s3_bucket_consumer', 'dataset_alias_example_alias_consumer', 'dataset_alias_example_alias_producer', 'dataset_s3_bucket_producer' retrieved from /home/airflow/.local/lib/python3.12/site-packages/airflow/example_dags/example_dataset_alias.py
[2026-08-08T02:56:19.654+0000] {logging_mixin.py:190} INFO - [2026-08-08T02:56:19.654+0000] {dag.py:3239} INFO - Sync 4 DAGs
[2026-08-08T02:56:19.681+0000] {logging_mixin.py:190} INFO - [2026-08-08T02:56:19.680+0000] {dag.py:4180} INFO - Setting next_dagrun for dataset_alias_example_alias_consumer to None, run_after=None
[2026-08-08T02:56:19.684+0000] {logging_mixin.py:190} INFO - [2026-08-08T02:56:19.684+0000] {dag.py:4180} INFO - Setting next_dagrun for dataset_alias_example_alias_producer to None, run_after=None
[2026-08-08T02:56:19.687+0000] {logging_mixin.py:190} INFO - [2026-08-08T02:56:19.686+0000] {dag.py:4180} INFO - Setting next_dagrun for dataset_s3_bucket_consumer to None, run_after=None
[2026-08-08T02:56:19.689+0000] {logging_mixin.py:190} INFO - [2026-08-08T02:56:19.689+0000] {dag.py:4180} INFO - Setting next_dagrun for dataset_s3_bucket_producer to None, run_after=None
[2026-08-08T02:56:19.712+0000] {processor.py:208} INFO - Processing /home/airflow/.local/lib/python3.12/site-packages/airflow/example_dags/example_dataset_alias.py took 0.786 seconds
[2026-08-08T02:56:51.111+0000] {processor.py:186} INFO - Started process (PID=13748) to work on /home/airflow/.local/lib/python3.12/site-packages/airflow/example_dags/example_dataset_alias.py
[2026-08-08T02:56:51.113+0000] {processor.py:914} INFO - Processing file /home/airflow/.local/lib/python3.12/site-packages/airflow/example_dags/example_dataset_alias.py for tasks to queue
[2026-08-08T02:56:51.117+0000] {logging_mixin.py:190} INFO - [2026-08-08T02:56:51.117+0000] {dagbag.py:588} INFO - Filling up the DagBag from /home/airflow/.local/lib/python3.12/site-packages/airflow/example_dags/example_dataset_alias.py
[2026-08-08T02:56:52.029+0000] {processor.py:925} INFO - DAG(s) 'dataset_s3_bucket_producer', 'dataset_alias_example_alias_producer', 'dataset_alias_example_alias_consumer', 'dataset_s3_bucket_consumer' retrieved from /home/airflow/.local/lib/python3.12/site-packages/airflow/example_dags/example_dataset_alias.py
[2026-08-08T02:56:52.052+0000] {logging_mixin.py:190} INFO - [2026-08-08T02:56:52.051+0000] {dag.py:3239} INFO - Sync 4 DAGs
[2026-08-08T02:56:52.079+0000] {logging_mixin.py:190} INFO - [2026-08-08T02:56:52.079+0000] {dag.py:4180} INFO - Setting next_dagrun for dataset_alias_example_alias_consumer to None, run_after=None
[2026-08-08T02:56:52.083+0000] {logging_mixin.py:190} INFO - [2026-08-08T02:56:52.083+0000] {dag.py:4180} INFO - Setting next_dagrun for dataset_alias_example_alias_producer to None, run_after=None
[2026-08-08T02:56:52.086+0000] {logging_mixin.py:190} INFO - [2026-08-08T02:56:52.085+0000] {dag.py:4180} INFO - Setting next_dagrun for dataset_s3_bucket_consumer to None, run_after=None
[2026-08-08T02:56:52.088+0000] {logging_mixin.py:190} INFO - [2026-08-08T02:56:52.088+0000] {dag.py:4180} INFO - Setting next_dagrun for dataset_s3_bucket_producer to None, run_after=None
[2026-08-08T02:56:52.124+0000] {processor.py:208} INFO - Processing /home/airflow/.local/lib/python3.12/site-packages/airflow/example_dags/example_dataset_alias.py took 1.023 seconds
[2026-08-08T02:57:22.906+0000] {processor.py:186} INFO - Started process (PID=13815) to work on /home/airflow/.local/lib/python3.12/site-packages/airflow/example_dags/example_dataset_alias.py
[2026-08-08T02:57:22.908+0000] {processor.py:914} INFO - Processing file /home/airflow/.local/lib/python3.12/site-packages/airflow/example_dags/example_dataset_alias.py for tasks to queue
[2026-08-08T02:57:22.911+0000] {logging_mixin.py:190} INFO - [2026-08-08T02:57:22.910+0000] {dagbag.py:588} INFO - Filling up the DagBag from /home/airflow/.local/lib/python3.12/site-packages/airflow/example_dags/example_dataset_alias.py
[2026-08-08T02:57:23.499+0000] {processor.py:925} INFO - DAG(s) 'dataset_alias_example_alias_producer', 'dataset_alias_example_alias_consumer', 'dataset_s3_bucket_producer', 'dataset_s3_bucket_consumer' retrieved from /home/airflow/.local/lib/python3.12/site-packages/airflow/example_dags/example_dataset_alias.py
[2026-08-08T02:57:23.522+0000] {logging_mixin.py:190} INFO - [2026-08-08T02:57:23.521+0000] {dag.py:3239} INFO - Sync 4 DAGs
[2026-08-08T02:57:23.547+0000] {logging_mixin.py:190} INFO - [2026-08-08T02:57:23.547+0000] {dag.py:4180} INFO - Setting next_dagrun for dataset_alias_example_alias_consumer to None, run_after=None
[2026-08-08T02:57:23.551+0000] {logging_mixin.py:190} INFO - [2026-08-08T02:57:23.551+0000] {dag.py:4180} INFO - Setting next_dagrun for dataset_alias_example_alias_producer to None, run_after=None
[2026-08-08T02:57:23.553+0000] {logging_mixin.py:190} INFO - [2026-08-08T02:57:23.553+0000] {dag.py:4180} INFO - Setting next_dagrun for dataset_s3_bucket_consumer to None, run_after=None
[2026-08-08T02:57:23.555+0000] {logging_mixin.py:190} INFO - [2026-08-08T02:57:23.555+0000] {dag.py:4180} INFO - Setting next_dagrun for dataset_s3_bucket_producer to None, run_after=None
[2026-08-08T02:57:23.584+0000] {processor.py:208} INFO - Processing /home/airflow/.local/lib/python3.12/site-packages/airflow/example_dags/example_dataset_alias.py took 0.684 seconds
[2026-08-08T02:57:53.697+0000] {processor.py:186} INFO - Started process (PID=13881) to work on /home/airflow/.local/lib/python3.12/site-packages/airflow/example_dags/example_dataset_alias.py
[2026-08-08T02:57:53.699+0000] {processor.py:914} INFO - Processing file /home/airflow/.local/lib/python3.12/site-packages/airflow/example_dags/example_dataset_alias.py for tasks to queue
[2026-08-08T02:57:53.702+0000] {logging_mixin.py:190} INFO - [2026-08-08T02:57:53.702+0000] {dagbag.py:588} INFO - Filling up the DagBag from /home/airflow/.local/lib/python3.12/site-packages/airflow/example_dags/example_dataset_alias.py
[2026-08-08T02:57:54.292+0000] {processor.py:925} INFO - DAG(s) 'dataset_alias_example_alias_consumer', 'dataset_s3_bucket_consumer', 'dataset_alias_example_alias_producer', 'dataset_s3_bucket_producer' retrieved from /home/airflow/.local/lib/python3.12/site-packages/airflow/example_dags/example_dataset_alias.py
[2026-08-08T02:57:54.318+0000] {logging_mixin.py:190} INFO - [2026-08-08T02:57:54.318+0000] {dag.py:3239} INFO - Sync 4 DAGs
[2026-08-08T02:57:54.345+0000] {logging_mixin.py:190} INFO - [2026-08-08T02:57:54.345+0000] {dag.py:4180} INFO - Setting next_dagrun for dataset_alias_example_alias_consumer to None, run_after=None
[2026-08-08T02:57:54.349+0000] {logging_mixin.py:190} INFO - [2026-08-08T02:57:54.349+0000] {dag.py:4180} INFO - Setting next_dagrun for dataset_alias_example_alias_producer to None, run_after=None
[2026-08-08T02:57:54.352+0000] {logging_mixin.py:190} INFO - [2026-08-08T02:57:54.351+0000] {dag.py:4180} INFO - Setting next_dagrun for dataset_s3_bucket_consumer to None, run_after=None
[2026-08-08T02:57:54.354+0000] {logging_mixin.py:190} INFO - [2026-08-08T02:57:54.354+0000] {dag.py:4180} INFO - Setting next_dagrun for dataset_s3_bucket_producer to None, run_after=None
[2026-08-08T02:57:54.381+0000] {processor.py:208} INFO - Processing /home/airflow/.local/lib/python3.12/site-packages/airflow/example_dags/example_dataset_alias.py took 0.690 seconds
[2026-08-08T02:58:25.422+0000] {processor.py:186} INFO - Started process (PID=13949) to work on /home/airflow/.local/lib/python3.12/site-packages/airflow/example_dags/example_dataset_alias.py
[2026-08-08T02:58:25.424+0000] {processor.py:914} INFO - Processing file /home/airflow/.local/lib/python3.12/site-packages/airflow/example_dags/example_dataset_alias.py for tasks to queue
[2026-08-08T02:58:25.427+0000] {logging_mixin.py:190} INFO - [2026-08-08T02:58:25.426+0000] {dagbag.py:588} INFO - Filling up the DagBag from /home/airflow/.local/lib/python3.12/site-packages/airflow/example_dags/example_dataset_alias.py
[2026-08-08T02:58:26.047+0000] {processor.py:925} INFO - DAG(s) 'dataset_s3_bucket_producer', 'dataset_alias_example_alias_producer', 'dataset_s3_bucket_consumer', 'dataset_alias_example_alias_consumer' retrieved from /home/airflow/.local/lib/python3.12/site-packages/airflow/example_dags/example_dataset_alias.py
[2026-08-08T02:58:26.071+0000] {logging_mixin.py:190} INFO - [2026-08-08T02:58:26.071+0000] {dag.py:3239} INFO - Sync 4 DAGs
[2026-08-08T02:58:26.101+0000] {logging_mixin.py:190} INFO - [2026-08-08T02:58:26.100+0000] {dag.py:4180} INFO - Setting next_dagrun for dataset_alias_example_alias_consumer to None, run_after=None
[2026-08-08T02:58:26.105+0000] {logging_mixin.py:190} INFO - [2026-08-08T02:58:26.105+0000] {dag.py:4180} INFO - Setting next_dagrun for dataset_alias_example_alias_producer to None, run_after=None
[2026-08-08T02:58:26.108+0000] {logging_mixin.py:190} INFO - [2026-08-08T02:58:26.108+0000] {dag.py:4180} INFO - Setting next_dagrun for dataset_s3_bucket_consumer to None, run_after=None
[2026-08-08T02:58:26.111+0000] {logging_mixin.py:190} INFO - [2026-08-08T02:58:26.111+0000] {dag.py:4180} INFO - Setting next_dagrun for dataset_s3_bucket_producer to None, run_after=None
[2026-08-08T02:58:26.139+0000] {processor.py:208} INFO - Processing /home/airflow/.local/lib/python3.12/site-packages/airflow/example_dags/example_dataset_alias.py took 0.723 seconds
[2026-08-08T02:58:57.200+0000] {processor.py:186} INFO - Started process (PID=14020) to work on /home/airflow/.local/lib/python3.12/site-packages/airflow/example_dags/example_dataset_alias.py
[2026-08-08T02:58:57.201+0000] {processor.py:914} INFO - Processing file /home/airflow/.local/lib/python3.12/site-packages/airflow/example_dags/example_dataset_alias.py for tasks to queue
[2026-08-08T02:58:57.207+0000] {logging_mixin.py:190} INFO - [2026-08-08T02:58:57.206+0000] {dagbag.py:588} INFO - Filling up the DagBag from /home/airflow/.local/lib/python3.12/site-packages/airflow/example_dags/example_dataset_alias.py
[2026-08-08T02:58:57.906+0000] {processor.py:925} INFO - DAG(s) 'dataset_alias_example_alias_producer', 'dataset_s3_bucket_producer', 'dataset_alias_example_alias_consumer', 'dataset_s3_bucket_consumer' retrieved from /home/airflow/.local/lib/python3.12/site-packages/airflow/example_dags/example_dataset_alias.py
[2026-08-08T02:58:57.934+0000] {logging_mixin.py:190} INFO - [2026-08-08T02:58:57.933+0000] {dag.py:3239} INFO - Sync 4 DAGs
[2026-08-08T02:58:57.963+0000] {logging_mixin.py:190} INFO - [2026-08-08T02:58:57.963+0000] {dag.py:4180} INFO - Setting next_dagrun for dataset_alias_example_alias_consumer to None, run_after=None
[2026-08-08T02:58:57.967+0000] {logging_mixin.py:190} INFO - [2026-08-08T02:58:57.967+0000] {dag.py:4180} INFO - Setting next_dagrun for dataset_alias_example_alias_producer to None, run_after=None
[2026-08-08T02:58:57.970+0000] {logging_mixin.py:190} INFO - [2026-08-08T02:58:57.970+0000] {dag.py:4180} INFO - Setting next_dagrun for dataset_s3_bucket_consumer to None, run_after=None
[2026-08-08T02:58:57.972+0000] {logging_mixin.py:190} INFO - [2026-08-08T02:58:57.972+0000] {dag.py:4180} INFO - Setting next_dagrun for dataset_s3_bucket_producer to None, run_after=None
[2026-08-08T02:58:58.001+0000] {processor.py:208} INFO - Processing /home/airflow/.local/lib/python3.12/site-packages/airflow/example_dags/example_dataset_alias.py took 0.810 seconds
[2026-08-08T02:59:28.871+0000] {processor.py:186} INFO - Started process (PID=14086) to work on /home/airflow/.local/lib/python3.12/site-packages/airflow/example_dags/example_dataset_alias.py
[2026-08-08T02:59:28.872+0000] {processor.py:914} INFO - Processing file /home/airflow/.local/lib/python3.12/site-packages/airflow/example_dags/example_dataset_alias.py for tasks to queue
[2026-08-08T02:59:28.877+0000] {logging_mixin.py:190} INFO - [2026-08-08T02:59:28.876+0000] {dagbag.py:588} INFO - Filling up the DagBag from /home/airflow/.local/lib/python3.12/site-packages/airflow/example_dags/example_dataset_alias.py
[2026-08-08T02:59:29.656+0000] {processor.py:925} INFO - DAG(s) 'dataset_alias_example_alias_producer', 'dataset_s3_bucket_consumer', 'dataset_alias_example_alias_consumer', 'dataset_s3_bucket_producer' retrieved from /home/airflow/.local/lib/python3.12/site-packages/airflow/example_dags/example_dataset_alias.py
[2026-08-08T02:59:29.685+0000] {logging_mixin.py:190} INFO - [2026-08-08T02:59:29.684+0000] {dag.py:3239} INFO - Sync 4 DAGs
[2026-08-08T02:59:29.714+0000] {logging_mixin.py:190} INFO - [2026-08-08T02:59:29.714+0000] {dag.py:4180} INFO - Setting next_dagrun for dataset_alias_example_alias_consumer to None, run_after=None
[2026-08-08T02:59:29.719+0000] {logging_mixin.py:190} INFO - [2026-08-08T02:59:29.719+0000] {dag.py:4180} INFO - Setting next_dagrun for dataset_alias_example_alias_producer to None, run_after=None
[2026-08-08T02:59:29.721+0000] {logging_mixin.py:190} INFO - [2026-08-08T02:59:29.721+0000] {dag.py:4180} INFO - Setting next_dagrun for dataset_s3_bucket_consumer to None, run_after=None
[2026-08-08T02:59:29.724+0000] {logging_mixin.py:190} INFO - [2026-08-08T02:59:29.724+0000] {dag.py:4180} INFO - Setting next_dagrun for dataset_s3_bucket_producer to None, run_after=None
[2026-08-08T02:59:29.754+0000] {processor.py:208} INFO - Processing /home/airflow/.local/lib/python3.12/site-packages/airflow/example_dags/example_dataset_alias.py took 0.889 seconds
[2026-08-08T03:00:00.502+0000] {processor.py:186} INFO - Started process (PID=14151) to work on /home/airflow/.local/lib/python3.12/site-packages/airflow/example_dags/example_dataset_alias.py
[2026-08-08T03:00:00.504+0000] {processor.py:914} INFO - Processing file /home/airflow/.local/lib/python3.12/site-packages/airflow/example_dags/example_dataset_alias.py for tasks to queue
[2026-08-08T03:00:00.509+0000] {logging_mixin.py:190} INFO - [2026-08-08T03:00:00.508+0000] {dagbag.py:588} INFO - Filling up the DagBag from /home/airflow/.local/lib/python3.12/site-packages/airflow/example_dags/example_dataset_alias.py
[2026-08-08T03:00:01.322+0000] {processor.py:925} INFO - DAG(s) 'dataset_alias_example_alias_producer', 'dataset_s3_bucket_producer', 'dataset_alias_example_alias_consumer', 'dataset_s3_bucket_consumer' retrieved from /home/airflow/.local/lib/python3.12/site-packages/airflow/example_dags/example_dataset_alias.py
[2026-08-08T03:00:01.346+0000] {logging_mixin.py:190} INFO - [2026-08-08T03:00:01.345+0000] {dag.py:3239} INFO - Sync 4 DAGs
[2026-08-08T03:00:01.374+0000] {logging_mixin.py:190} INFO - [2026-08-08T03:00:01.373+0000] {dag.py:4180} INFO - Setting next_dagrun for dataset_alias_example_alias_consumer to None, run_after=None
[2026-08-08T03:00:01.378+0000] {logging_mixin.py:190} INFO - [2026-08-08T03:00:01.377+0000] {dag.py:4180} INFO - Setting next_dagrun for dataset_alias_example_alias_producer to None, run_after=None
[2026-08-08T03:00:01.380+0000] {logging_mixin.py:190} INFO - [2026-08-08T03:00:01.380+0000] {dag.py:4180} INFO - Setting next_dagrun for dataset_s3_bucket_consumer to None, run_after=None
[2026-08-08T03:00:01.382+0000] {logging_mixin.py:190} INFO - [2026-08-08T03:00:01.382+0000] {dag.py:4180} INFO - Setting next_dagrun for dataset_s3_bucket_producer to None, run_after=None
[2026-08-08T03:00:01.408+0000] {processor.py:208} INFO - Processing /home/airflow/.local/lib/python3.12/site-packages/airflow/example_dags/example_dataset_alias.py took 0.917 seconds
[2026-08-08T03:00:31.942+0000] {processor.py:186} INFO - Started process (PID=14217) to work on /home/airflow/.local/lib/python3.12/site-packages/airflow/example_dags/example_dataset_alias.py
[2026-08-08T03:00:31.944+0000] {processor.py:914} INFO - Processing file /home/airflow/.local/lib/python3.12/site-packages/airflow/example_dags/example_dataset_alias.py for tasks to queue
[2026-08-08T03:00:31.948+0000] {logging_mixin.py:190} INFO - [2026-08-08T03:00:31.948+0000] {dagbag.py:588} INFO - Filling up the DagBag from /home/airflow/.local/lib/python3.12/site-packages/airflow/example_dags/example_dataset_alias.py
[2026-08-08T03:00:32.760+0000] {processor.py:925} INFO - DAG(s) 'dataset_alias_example_alias_consumer', 'dataset_s3_bucket_consumer', 'dataset_s3_bucket_producer', 'dataset_alias_example_alias_producer' retrieved from /home/airflow/.local/lib/python3.12/site-packages/airflow/example_dags/example_dataset_alias.py
[2026-08-08T03:00:32.794+0000] {logging_mixin.py:190} INFO - [2026-08-08T03:00:32.793+0000] {dag.py:3239} INFO - Sync 4 DAGs
[2026-08-08T03:00:32.823+0000] {logging_mixin.py:190} INFO - [2026-08-08T03:00:32.823+0000] {dag.py:4180} INFO - Setting next_dagrun for dataset_alias_example_alias_consumer to None, run_after=None
[2026-08-08T03:00:32.828+0000] {logging_mixin.py:190} INFO - [2026-08-08T03:00:32.828+0000] {dag.py:4180} INFO - Setting next_dagrun for dataset_alias_example_alias_producer to None, run_after=None
[2026-08-08T03:00:32.831+0000] {logging_mixin.py:190} INFO - [2026-08-08T03:00:32.830+0000] {dag.py:4180} INFO - Setting next_dagrun for dataset_s3_bucket_consumer to None, run_after=None
[2026-08-08T03:00:32.833+0000] {logging_mixin.py:190} INFO - [2026-08-08T03:00:32.833+0000] {dag.py:4180} INFO - Setting next_dagrun for dataset_s3_bucket_producer to None, run_after=None
[2026-08-08T03:00:32.865+0000] {processor.py:208} INFO - Processing /home/airflow/.local/lib/python3.12/site-packages/airflow/example_dags/example_dataset_alias.py took 0.932 seconds
[2026-08-08T03:01:03.601+0000] {processor.py:186} INFO - Started process (PID=14283) to work on /home/airflow/.local/lib/python3.12/site-packages/airflow/example_dags/example_dataset_alias.py
[2026-08-08T03:01:03.602+0000] {processor.py:914} INFO - Processing file /home/airflow/.local/lib/python3.12/site-packages/airflow/example_dags/example_dataset_alias.py for tasks to queue
[2026-08-08T03:01:03.605+0000] {logging_mixin.py:190} INFO - [2026-08-08T03:01:03.605+0000] {dagbag.py:588} INFO - Filling up the DagBag from /home/airflow/.local/lib/python3.12/site-packages/airflow/example_dags/example_dataset_alias.py
[2026-08-08T03:01:04.331+0000] {processor.py:925} INFO - DAG(s) 'dataset_alias_example_alias_producer', 'dataset_alias_example_alias_consumer', 'dataset_s3_bucket_producer', 'dataset_s3_bucket_consumer' retrieved from /home/airflow/.local/lib/python3.12/site-packages/airflow/example_dags/example_dataset_alias.py
[2026-08-08T03:01:04.362+0000] {logging_mixin.py:190} INFO - [2026-08-08T03:01:04.361+0000] {dag.py:3239} INFO - Sync 4 DAGs
[2026-08-08T03:01:04.391+0000] {logging_mixin.py:190} INFO - [2026-08-08T03:01:04.390+0000] {dag.py:4180} INFO - Setting next_dagrun for dataset_alias_example_alias_consumer to None, run_after=None
[2026-08-08T03:01:04.394+0000] {logging_mixin.py:190} INFO - [2026-08-08T03:01:04.394+0000] {dag.py:4180} INFO - Setting next_dagrun for dataset_alias_example_alias_producer to None, run_after=None
[2026-08-08T03:01:04.397+0000] {logging_mixin.py:190} INFO - [2026-08-08T03:01:04.397+0000] {dag.py:4180} INFO - Setting next_dagrun for dataset_s3_bucket_consumer to None, run_after=None
[2026-08-08T03:01:04.399+0000] {logging_mixin.py:190} INFO - [2026-08-08T03:01:04.399+0000] {dag.py:4180} INFO - Setting next_dagrun for dataset_s3_bucket_producer to None, run_after=None
[2026-08-08T03:01:04.427+0000] {processor.py:208} INFO - Processing /home/airflow/.local/lib/python3.12/site-packages/airflow/example_dags/example_dataset_alias.py took 0.833 seconds
[2026-08-08T03:01:34.519+0000] {processor.py:186} INFO - Started process (PID=14349) to work on /home/airflow/.local/lib/python3.12/site-packages/airflow/example_dags/example_dataset_alias.py
[2026-08-08T03:01:34.520+0000] {processor.py:914} INFO - Processing file /home/airflow/.local/lib/python3.12/site-packages/airflow/example_dags/example_dataset_alias.py for tasks to queue
[2026-08-08T03:01:34.524+0000] {logging_mixin.py:190} INFO - [2026-08-08T03:01:34.524+0000] {dagbag.py:588} INFO - Filling up the DagBag from /home/airflow/.local/lib/python3.12/site-packages/airflow/example_dags/example_dataset_alias.py
[2026-08-08T03:01:35.157+0000] {processor.py:925} INFO - DAG(s) 'dataset_alias_example_alias_producer', 'dataset_s3_bucket_consumer', 'dataset_alias_example_alias_consumer', 'dataset_s3_bucket_producer' retrieved from /home/airflow/.local/lib/python3.12/site-packages/airflow/example_dags/example_dataset_alias.py
[2026-08-08T03:01:35.183+0000] {logging_mixin.py:190} INFO - [2026-08-08T03:01:35.183+0000] {dag.py:3239} INFO - Sync 4 DAGs
[2026-08-08T03:01:35.211+0000] {logging_mixin.py:190} INFO - [2026-08-08T03:01:35.211+0000] {dag.py:4180} INFO - Setting next_dagrun for dataset_alias_example_alias_consumer to None, run_after=None
[2026-08-08T03:01:35.215+0000] {logging_mixin.py:190} INFO - [2026-08-08T03:01:35.214+0000] {dag.py:4180} INFO - Setting next_dagrun for dataset_alias_example_alias_producer to None, run_after=None
[2026-08-08T03:01:35.218+0000] {logging_mixin.py:190} INFO - [2026-08-08T03:01:35.218+0000] {dag.py:4180} INFO - Setting next_dagrun for dataset_s3_bucket_consumer to None, run_after=None
[2026-08-08T03:01:35.220+0000] {logging_mixin.py:190} INFO - [2026-08-08T03:01:35.220+0000] {dag.py:4180} INFO - Setting next_dagrun for dataset_s3_bucket_producer to None, run_after=None
[2026-08-08T03:01:35.247+0000] {processor.py:208} INFO - Processing /home/airflow/.local/lib/python3.12/site-packages/airflow/example_dags/example_dataset_alias.py took 0.735 seconds
[2026-08-08T03:02:05.592+0000] {processor.py:186} INFO - Started process (PID=14414) to work on /home/airflow/.local/lib/python3.12/site-packages/airflow/example_dags/example_dataset_alias.py
[2026-08-08T03:02:05.594+0000] {processor.py:914} INFO - Processing file /home/airflow/.local/lib/python3.12/site-packages/airflow/example_dags/example_dataset_alias.py for tasks to queue
[2026-08-08T03:02:05.599+0000] {logging_mixin.py:190} INFO - [2026-08-08T03:02:05.598+0000] {dagbag.py:588} INFO - Filling up the DagBag from /home/airflow/.local/lib/python3.12/site-packages/airflow/example_dags/example_dataset_alias.py
[2026-08-08T03:02:06.429+0000] {processor.py:925} INFO - DAG(s) 'dataset_s3_bucket_producer', 'dataset_alias_example_alias_consumer', 'dataset_s3_bucket_consumer', 'dataset_alias_example_alias_producer' retrieved from /home/airflow/.local/lib/python3.12/site-packages/airflow/example_dags/example_dataset_alias.py
[2026-08-08T03:02:06.456+0000] {logging_mixin.py:190} INFO - [2026-08-08T03:02:06.455+0000] {dag.py:3239} INFO - Sync 4 DAGs
[2026-08-08T03:02:06.490+0000] {logging_mixin.py:190} INFO - [2026-08-08T03:02:06.490+0000] {dag.py:4180} INFO - Setting next_dagrun for dataset_alias_example_alias_consumer to None, run_after=None
[2026-08-08T03:02:06.494+0000] {logging_mixin.py:190} INFO - [2026-08-08T03:02:06.493+0000] {dag.py:4180} INFO - Setting next_dagrun for dataset_alias_example_alias_producer to None, run_after=None
[2026-08-08T03:02:06.498+0000] {logging_mixin.py:190} INFO - [2026-08-08T03:02:06.497+0000] {dag.py:4180} INFO - Setting next_dagrun for dataset_s3_bucket_consumer to None, run_after=None
[2026-08-08T03:02:06.500+0000] {logging_mixin.py:190} INFO - [2026-08-08T03:02:06.500+0000] {dag.py:4180} INFO - Setting next_dagrun for dataset_s3_bucket_producer to None, run_after=None
[2026-08-08T03:02:06.530+0000] {processor.py:208} INFO - Processing /home/airflow/.local/lib/python3.12/site-packages/airflow/example_dags/example_dataset_alias.py took 0.948 seconds
[2026-08-08T03:02:36.615+0000] {processor.py:186} INFO - Started process (PID=14483) to work on /home/airflow/.local/lib/python3.12/site-packages/airflow/example_dags/example_dataset_alias.py
[2026-08-08T03:02:36.617+0000] {processor.py:914} INFO - Processing file /home/airflow/.local/lib/python3.12/site-packages/airflow/example_dags/example_dataset_alias.py for tasks to queue
[2026-08-08T03:02:36.622+0000] {logging_mixin.py:190} INFO - [2026-08-08T03:02:36.621+0000] {dagbag.py:588} INFO - Filling up the DagBag from /home/airflow/.local/lib/python3.12/site-packages/airflow/example_dags/example_dataset_alias.py
[2026-08-08T03:02:37.601+0000] {processor.py:925} INFO - DAG(s) 'dataset_s3_bucket_consumer', 'dataset_s3_bucket_producer', 'dataset_alias_example_alias_producer', 'dataset_alias_example_alias_consumer' retrieved from /home/airflow/.local/lib/python3.12/site-packages/airflow/example_dags/example_dataset_alias.py
[2026-08-08T03:02:37.631+0000] {logging_mixin.py:190} INFO - [2026-08-08T03:02:37.631+0000] {dag.py:3239} INFO - Sync 4 DAGs
[2026-08-08T03:02:37.663+0000] {logging_mixin.py:190} INFO - [2026-08-08T03:02:37.663+0000] {dag.py:4180} INFO - Setting next_dagrun for dataset_alias_example_alias_consumer to None, run_after=None
[2026-08-08T03:02:37.668+0000] {logging_mixin.py:190} INFO - [2026-08-08T03:02:37.668+0000] {dag.py:4180} INFO - Setting next_dagrun for dataset_alias_example_alias_producer to None, run_after=None
[2026-08-08T03:02:37.671+0000] {logging_mixin.py:190} INFO - [2026-08-08T03:02:37.670+0000] {dag.py:4180} INFO - Setting next_dagrun for dataset_s3_bucket_consumer to None, run_after=None
[2026-08-08T03:02:37.673+0000] {logging_mixin.py:190} INFO - [2026-08-08T03:02:37.673+0000] {dag.py:4180} INFO - Setting next_dagrun for dataset_s3_bucket_producer to None, run_after=None
[2026-08-08T03:02:37.703+0000] {processor.py:208} INFO - Processing /home/airflow/.local/lib/python3.12/site-packages/airflow/example_dags/example_dataset_alias.py took 1.094 seconds
[2026-08-08T03:03:08.592+0000] {processor.py:186} INFO - Started process (PID=14561) to work on /home/airflow/.local/lib/python3.12/site-packages/airflow/example_dags/example_dataset_alias.py
[2026-08-08T03:03:08.594+0000] {processor.py:914} INFO - Processing file /home/airflow/.local/lib/python3.12/site-packages/airflow/example_dags/example_dataset_alias.py for tasks to queue
[2026-08-08T03:03:08.600+0000] {logging_mixin.py:190} INFO - [2026-08-08T03:03:08.599+0000] {dagbag.py:588} INFO - Filling up the DagBag from /home/airflow/.local/lib/python3.12/site-packages/airflow/example_dags/example_dataset_alias.py
[2026-08-08T03:03:09.303+0000] {processor.py:925} INFO - DAG(s) 'dataset_s3_bucket_consumer', 'dataset_alias_example_alias_consumer', 'dataset_s3_bucket_producer', 'dataset_alias_example_alias_producer' retrieved from /home/airflow/.local/lib/python3.12/site-packages/airflow/example_dags/example_dataset_alias.py
[2026-08-08T03:03:09.336+0000] {logging_mixin.py:190} INFO - [2026-08-08T03:03:09.336+0000] {dag.py:3239} INFO - Sync 4 DAGs
[2026-08-08T03:03:09.373+0000] {logging_mixin.py:190} INFO - [2026-08-08T03:03:09.373+0000] {dag.py:4180} INFO - Setting next_dagrun for dataset_alias_example_alias_consumer to None, run_after=None
[2026-08-08T03:03:09.379+0000] {logging_mixin.py:190} INFO - [2026-08-08T03:03:09.378+0000] {dag.py:4180} INFO - Setting next_dagrun for dataset_alias_example_alias_producer to None, run_after=None
[2026-08-08T03:03:09.382+0000] {logging_mixin.py:190} INFO - [2026-08-08T03:03:09.382+0000] {dag.py:4180} INFO - Setting next_dagrun for dataset_s3_bucket_consumer to None, run_after=None
[2026-08-08T03:03:09.386+0000] {logging_mixin.py:190} INFO - [2026-08-08T03:03:09.385+0000] {dag.py:4180} INFO - Setting next_dagrun for dataset_s3_bucket_producer to None, run_after=None
[2026-08-08T03:03:09.425+0000] {processor.py:208} INFO - Processing /home/airflow/.local/lib/python3.12/site-packages/airflow/example_dags/example_dataset_alias.py took 0.844 seconds
[2026-08-08T03:03:39.930+0000] {processor.py:186} INFO - Started process (PID=14626) to work on /home/airflow/.local/lib/python3.12/site-packages/airflow/example_dags/example_dataset_alias.py
[2026-08-08T03:03:39.932+0000] {processor.py:914} INFO - Processing file /home/airflow/.local/lib/python3.12/site-packages/airflow/example_dags/example_dataset_alias.py for tasks to queue
[2026-08-08T03:03:39.935+0000] {logging_mixin.py:190} INFO - [2026-08-08T03:03:39.935+0000] {dagbag.py:588} INFO - Filling up the DagBag from /home/airflow/.local/lib/python3.12/site-packages/airflow/example_dags/example_dataset_alias.py
[2026-08-08T03:03:40.726+0000] {processor.py:925} INFO - DAG(s) 'dataset_s3_bucket_consumer', 'dataset_alias_example_alias_consumer', 'dataset_s3_bucket_producer', 'dataset_alias_example_alias_producer' retrieved from /home/airflow/.local/lib/python3.12/site-packages/airflow/example_dags/example_dataset_alias.py
[2026-08-08T03:03:40.753+0000] {logging_mixin.py:190} INFO - [2026-08-08T03:03:40.752+0000] {dag.py:3239} INFO - Sync 4 DAGs
[2026-08-08T03:03:40.779+0000] {logging_mixin.py:190} INFO - [2026-08-08T03:03:40.779+0000] {dag.py:4180} INFO - Setting next_dagrun for dataset_alias_example_alias_consumer to None, run_after=None
[2026-08-08T03:03:40.783+0000] {logging_mixin.py:190} INFO - [2026-08-08T03:03:40.783+0000] {dag.py:4180} INFO - Setting next_dagrun for dataset_alias_example_alias_producer to None, run_after=None
[2026-08-08T03:03:40.785+0000] {logging_mixin.py:190} INFO - [2026-08-08T03:03:40.785+0000] {dag.py:4180} INFO - Setting next_dagrun for dataset_s3_bucket_consumer to None, run_after=None
[2026-08-08T03:03:40.787+0000] {logging_mixin.py:190} INFO - [2026-08-08T03:03:40.787+0000] {dag.py:4180} INFO - Setting next_dagrun for dataset_s3_bucket_producer to None, run_after=None
[2026-08-08T03:03:40.813+0000] {processor.py:208} INFO - Processing /home/airflow/.local/lib/python3.12/site-packages/airflow/example_dags/example_dataset_alias.py took 0.890 seconds
[2026-08-08T03:04:11.681+0000] {processor.py:186} INFO - Started process (PID=14691) to work on /home/airflow/.local/lib/python3.12/site-packages/airflow/example_dags/example_dataset_alias.py
[2026-08-08T03:04:11.683+0000] {processor.py:914} INFO - Processing file /home/airflow/.local/lib/python3.12/site-packages/airflow/example_dags/example_dataset_alias.py for tasks to queue
[2026-08-08T03:04:11.686+0000] {logging_mixin.py:190} INFO - [2026-08-08T03:04:11.686+0000] {dagbag.py:588} INFO - Filling up the DagBag from /home/airflow/.local/lib/python3.12/site-packages/airflow/example_dags/example_dataset_alias.py
[2026-08-08T03:04:12.426+0000] {processor.py:925} INFO - DAG(s) 'dataset_alias_example_alias_consumer', 'dataset_alias_example_alias_producer', 'dataset_s3_bucket_producer', 'dataset_s3_bucket_consumer' retrieved from /home/airflow/.local/lib/python3.12/site-packages/airflow/example_dags/example_dataset_alias.py
[2026-08-08T03:04:12.457+0000] {logging_mixin.py:190} INFO - [2026-08-08T03:04:12.457+0000] {dag.py:3239} INFO - Sync 4 DAGs
[2026-08-08T03:04:12.483+0000] {logging_mixin.py:190} INFO - [2026-08-08T03:04:12.483+0000] {dag.py:4180} INFO - Setting next_dagrun for dataset_alias_example_alias_consumer to None, run_after=None
[2026-08-08T03:04:12.486+0000] {logging_mixin.py:190} INFO - [2026-08-08T03:04:12.486+0000] {dag.py:4180} INFO - Setting next_dagrun for dataset_alias_example_alias_producer to None, run_after=None
[2026-08-08T03:04:12.489+0000] {logging_mixin.py:190} INFO - [2026-08-08T03:04:12.489+0000] {dag.py:4180} INFO - Setting next_dagrun for dataset_s3_bucket_consumer to None, run_after=None
[2026-08-08T03:04:12.491+0000] {logging_mixin.py:190} INFO - [2026-08-08T03:04:12.491+0000] {dag.py:4180} INFO - Setting next_dagrun for dataset_s3_bucket_producer to None, run_after=None
[2026-08-08T03:04:12.518+0000] {processor.py:208} INFO - Processing /home/airflow/.local/lib/python3.12/site-packages/airflow/example_dags/example_dataset_alias.py took 0.846 seconds
[2026-08-08T03:04:42.996+0000] {processor.py:186} INFO - Started process (PID=14756) to work on /home/airflow/.local/lib/python3.12/site-packages/airflow/example_dags/example_dataset_alias.py
[2026-08-08T03:04:42.997+0000] {processor.py:914} INFO - Processing file /home/airflow/.local/lib/python3.12/site-packages/airflow/example_dags/example_dataset_alias.py for tasks to queue
[2026-08-08T03:04:43.000+0000] {logging_mixin.py:190} INFO - [2026-08-08T03:04:43.000+0000] {dagbag.py:588} INFO - Filling up the DagBag from /home/airflow/.local/lib/python3.12/site-packages/airflow/example_dags/example_dataset_alias.py
[2026-08-08T03:04:43.619+0000] {processor.py:925} INFO - DAG(s) 'dataset_s3_bucket_producer', 'dataset_alias_example_alias_consumer', 'dataset_s3_bucket_consumer', 'dataset_alias_example_alias_producer' retrieved from /home/airflow/.local/lib/python3.12/site-packages/airflow/example_dags/example_dataset_alias.py
[2026-08-08T03:04:43.643+0000] {logging_mixin.py:190} INFO - [2026-08-08T03:04:43.642+0000] {dag.py:3239} INFO - Sync 4 DAGs
[2026-08-08T03:04:43.666+0000] {logging_mixin.py:190} INFO - [2026-08-08T03:04:43.665+0000] {dag.py:4180} INFO - Setting next_dagrun for dataset_alias_example_alias_consumer to None, run_after=None
[2026-08-08T03:04:43.669+0000] {logging_mixin.py:190} INFO - [2026-08-08T03:04:43.669+0000] {dag.py:4180} INFO - Setting next_dagrun for dataset_alias_example_alias_producer to None, run_after=None
[2026-08-08T03:04:43.672+0000] {logging_mixin.py:190} INFO - [2026-08-08T03:04:43.672+0000] {dag.py:4180} INFO - Setting next_dagrun for dataset_s3_bucket_consumer to None, run_after=None
[2026-08-08T03:04:43.674+0000] {logging_mixin.py:190} INFO - [2026-08-08T03:04:43.674+0000] {dag.py:4180} INFO - Setting next_dagrun for dataset_s3_bucket_producer to None, run_after=None
[2026-08-08T03:04:43.700+0000] {processor.py:208} INFO - Processing /home/airflow/.local/lib/python3.12/site-packages/airflow/example_dags/example_dataset_alias.py took 0.710 seconds
[2026-08-08T03:05:14.399+0000] {processor.py:186} INFO - Started process (PID=14821) to work on /home/airflow/.local/lib/python3.12/site-packages/airflow/example_dags/example_dataset_alias.py
[2026-08-08T03:05:14.401+0000] {processor.py:914} INFO - Processing file /home/airflow/.local/lib/python3.12/site-packages/airflow/example_dags/example_dataset_alias.py for tasks to queue
[2026-08-08T03:05:14.404+0000] {logging_mixin.py:190} INFO - [2026-08-08T03:05:14.404+0000] {dagbag.py:588} INFO - Filling up the DagBag from /home/airflow/.local/lib/python3.12/site-packages/airflow/example_dags/example_dataset_alias.py
[2026-08-08T03:05:15.021+0000] {processor.py:925} INFO - DAG(s) 'dataset_s3_bucket_consumer', 'dataset_s3_bucket_producer', 'dataset_alias_example_alias_producer', 'dataset_alias_example_alias_consumer' retrieved from /home/airflow/.local/lib/python3.12/site-packages/airflow/example_dags/example_dataset_alias.py
[2026-08-08T03:05:15.045+0000] {logging_mixin.py:190} INFO - [2026-08-08T03:05:15.044+0000] {dag.py:3239} INFO - Sync 4 DAGs
[2026-08-08T03:05:15.070+0000] {logging_mixin.py:190} INFO - [2026-08-08T03:05:15.069+0000] {dag.py:4180} INFO - Setting next_dagrun for dataset_alias_example_alias_consumer to None, run_after=None
[2026-08-08T03:05:15.073+0000] {logging_mixin.py:190} INFO - [2026-08-08T03:05:15.073+0000] {dag.py:4180} INFO - Setting next_dagrun for dataset_alias_example_alias_producer to None, run_after=None
[2026-08-08T03:05:15.076+0000] {logging_mixin.py:190} INFO - [2026-08-08T03:05:15.076+0000] {dag.py:4180} INFO - Setting next_dagrun for dataset_s3_bucket_consumer to None, run_after=None
[2026-08-08T03:05:15.079+0000] {logging_mixin.py:190} INFO - [2026-08-08T03:05:15.079+0000] {dag.py:4180} INFO - Setting next_dagrun for dataset_s3_bucket_producer to None, run_after=None
[2026-08-08T03:05:15.103+0000] {processor.py:208} INFO - Processing /home/airflow/.local/lib/python3.12/site-packages/airflow/example_dags/example_dataset_alias.py took 0.713 seconds
[2026-08-08T03:05:45.415+0000] {processor.py:186} INFO - Started process (PID=14886) to work on /home/airflow/.local/lib/python3.12/site-packages/airflow/example_dags/example_dataset_alias.py
[2026-08-08T03:05:45.416+0000] {processor.py:914} INFO - Processing file /home/airflow/.local/lib/python3.12/site-packages/airflow/example_dags/example_dataset_alias.py for tasks to queue
[2026-08-08T03:05:45.420+0000] {logging_mixin.py:190} INFO - [2026-08-08T03:05:45.419+0000] {dagbag.py:588} INFO - Filling up the DagBag from /home/airflow/.local/lib/python3.12/site-packages/airflow/example_dags/example_dataset_alias.py
[2026-08-08T03:05:46.029+0000] {processor.py:925} INFO - DAG(s) 'dataset_s3_bucket_producer', 'dataset_alias_example_alias_consumer', 'dataset_s3_bucket_consumer', 'dataset_alias_example_alias_producer' retrieved from /home/airflow/.local/lib/python3.12/site-packages/airflow/example_dags/example_dataset_alias.py
[2026-08-08T03:05:46.053+0000] {logging_mixin.py:190} INFO - [2026-08-08T03:05:46.052+0000] {dag.py:3239} INFO - Sync 4 DAGs
[2026-08-08T03:05:46.076+0000] {logging_mixin.py:190} INFO - [2026-08-08T03:05:46.076+0000] {dag.py:4180} INFO - Setting next_dagrun for dataset_alias_example_alias_consumer to None, run_after=None
[2026-08-08T03:05:46.079+0000] {logging_mixin.py:190} INFO - [2026-08-08T03:05:46.079+0000] {dag.py:4180} INFO - Setting next_dagrun for dataset_alias_example_alias_producer to None, run_after=None
[2026-08-08T03:05:46.082+0000] {logging_mixin.py:190} INFO - [2026-08-08T03:05:46.081+0000] {dag.py:4180} INFO - Setting next_dagrun for dataset_s3_bucket_consumer to None, run_after=None
[2026-08-08T03:05:46.084+0000] {logging_mixin.py:190} INFO - [2026-08-08T03:05:46.083+0000] {dag.py:4180} INFO - Setting next_dagrun for dataset_s3_bucket_producer to None, run_after=None
[2026-08-08T03:05:46.109+0000] {processor.py:208} INFO - Processing /home/airflow/.local/lib/python3.12/site-packages/airflow/example_dags/example_dataset_alias.py took 0.700 seconds
[2026-08-08T03:06:16.942+0000] {processor.py:186} INFO - Started process (PID=14952) to work on /home/airflow/.local/lib/python3.12/site-packages/airflow/example_dags/example_dataset_alias.py
[2026-08-08T03:06:16.944+0000] {processor.py:914} INFO - Processing file /home/airflow/.local/lib/python3.12/site-packages/airflow/example_dags/example_dataset_alias.py for tasks to queue
[2026-08-08T03:06:16.948+0000] {logging_mixin.py:190} INFO - [2026-08-08T03:06:16.947+0000] {dagbag.py:588} INFO - Filling up the DagBag from /home/airflow/.local/lib/python3.12/site-packages/airflow/example_dags/example_dataset_alias.py
[2026-08-08T03:06:17.576+0000] {processor.py:925} INFO - DAG(s) 'dataset_s3_bucket_producer', 'dataset_alias_example_alias_producer', 'dataset_s3_bucket_consumer', 'dataset_alias_example_alias_consumer' retrieved from /home/airflow/.local/lib/python3.12/site-packages/airflow/example_dags/example_dataset_alias.py
[2026-08-08T03:06:17.601+0000] {logging_mixin.py:190} INFO - [2026-08-08T03:06:17.600+0000] {dag.py:3239} INFO - Sync 4 DAGs
[2026-08-08T03:06:17.628+0000] {logging_mixin.py:190} INFO - [2026-08-08T03:06:17.627+0000] {dag.py:4180} INFO - Setting next_dagrun for dataset_alias_example_alias_consumer to None, run_after=None
[2026-08-08T03:06:17.631+0000] {logging_mixin.py:190} INFO - [2026-08-08T03:06:17.631+0000] {dag.py:4180} INFO - Setting next_dagrun for dataset_alias_example_alias_producer to None, run_after=None
[2026-08-08T03:06:17.633+0000] {logging_mixin.py:190} INFO - [2026-08-08T03:06:17.633+0000] {dag.py:4180} INFO - Setting next_dagrun for dataset_s3_bucket_consumer to None, run_after=None
[2026-08-08T03:06:17.636+0000] {logging_mixin.py:190} INFO - [2026-08-08T03:06:17.636+0000] {dag.py:4180} INFO - Setting next_dagrun for dataset_s3_bucket_producer to None, run_after=None
[2026-08-08T03:06:17.660+0000] {processor.py:208} INFO - Processing /home/airflow/.local/lib/python3.12/site-packages/airflow/example_dags/example_dataset_alias.py took 0.726 seconds
[2026-08-08T03:06:48.235+0000] {processor.py:186} INFO - Started process (PID=15017) to work on /home/airflow/.local/lib/python3.12/site-packages/airflow/example_dags/example_dataset_alias.py
[2026-08-08T03:06:48.236+0000] {processor.py:914} INFO - Processing file /home/airflow/.local/lib/python3.12/site-packages/airflow/example_dags/example_dataset_alias.py for tasks to queue
[2026-08-08T03:06:48.240+0000] {logging_mixin.py:190} INFO - [2026-08-08T03:06:48.240+0000] {dagbag.py:588} INFO - Filling up the DagBag from /home/airflow/.local/lib/python3.12/site-packages/airflow/example_dags/example_dataset_alias.py
[2026-08-08T03:06:48.885+0000] {processor.py:925} INFO - DAG(s) 'dataset_s3_bucket_consumer', 'dataset_s3_bucket_producer', 'dataset_alias_example_alias_producer', 'dataset_alias_example_alias_consumer' retrieved from /home/airflow/.local/lib/python3.12/site-packages/airflow/example_dags/example_dataset_alias.py
[2026-08-08T03:06:48.910+0000] {logging_mixin.py:190} INFO - [2026-08-08T03:06:48.910+0000] {dag.py:3239} INFO - Sync 4 DAGs
[2026-08-08T03:06:48.935+0000] {logging_mixin.py:190} INFO - [2026-08-08T03:06:48.935+0000] {dag.py:4180} INFO - Setting next_dagrun for dataset_alias_example_alias_consumer to None, run_after=None
[2026-08-08T03:06:48.939+0000] {logging_mixin.py:190} INFO - [2026-08-08T03:06:48.938+0000] {dag.py:4180} INFO - Setting next_dagrun for dataset_alias_example_alias_producer to None, run_after=None
[2026-08-08T03:06:48.941+0000] {logging_mixin.py:190} INFO - [2026-08-08T03:06:48.941+0000] {dag.py:4180} INFO - Setting next_dagrun for dataset_s3_bucket_consumer to None, run_after=None
[2026-08-08T03:06:48.943+0000] {logging_mixin.py:190} INFO - [2026-08-08T03:06:48.943+0000] {dag.py:4180} INFO - Setting next_dagrun for dataset_s3_bucket_producer to None, run_after=None
[2026-08-08T03:06:48.969+0000] {processor.py:208} INFO - Processing /home/airflow/.local/lib/python3.12/site-packages/airflow/example_dags/example_dataset_alias.py took 0.742 seconds
[2026-08-08T03:07:19.877+0000] {processor.py:186} INFO - Started process (PID=15085) to work on /home/airflow/.local/lib/python3.12/site-packages/airflow/example_dags/example_dataset_alias.py
[2026-08-08T03:07:19.879+0000] {processor.py:914} INFO - Processing file /home/airflow/.local/lib/python3.12/site-packages/airflow/example_dags/example_dataset_alias.py for tasks to queue
[2026-08-08T03:07:19.882+0000] {logging_mixin.py:190} INFO - [2026-08-08T03:07:19.881+0000] {dagbag.py:588} INFO - Filling up the DagBag from /home/airflow/.local/lib/python3.12/site-packages/airflow/example_dags/example_dataset_alias.py
[2026-08-08T03:07:20.546+0000] {processor.py:925} INFO - DAG(s) 'dataset_s3_bucket_producer', 'dataset_alias_example_alias_producer', 'dataset_s3_bucket_consumer', 'dataset_alias_example_alias_consumer' retrieved from /home/airflow/.local/lib/python3.12/site-packages/airflow/example_dags/example_dataset_alias.py
[2026-08-08T03:07:20.571+0000] {logging_mixin.py:190} INFO - [2026-08-08T03:07:20.570+0000] {dag.py:3239} INFO - Sync 4 DAGs
[2026-08-08T03:07:20.598+0000] {logging_mixin.py:190} INFO - [2026-08-08T03:07:20.598+0000] {dag.py:4180} INFO - Setting next_dagrun for dataset_alias_example_alias_consumer to None, run_after=None
[2026-08-08T03:07:20.602+0000] {logging_mixin.py:190} INFO - [2026-08-08T03:07:20.602+0000] {dag.py:4180} INFO - Setting next_dagrun for dataset_alias_example_alias_producer to None, run_after=None
[2026-08-08T03:07:20.607+0000] {logging_mixin.py:190} INFO - [2026-08-08T03:07:20.606+0000] {dag.py:4180} INFO - Setting next_dagrun for dataset_s3_bucket_consumer to None, run_after=None
[2026-08-08T03:07:20.609+0000] {logging_mixin.py:190} INFO - [2026-08-08T03:07:20.609+0000] {dag.py:4180} INFO - Setting next_dagrun for dataset_s3_bucket_producer to None, run_after=None
[2026-08-08T03:07:20.634+0000] {processor.py:208} INFO - Processing /home/airflow/.local/lib/python3.12/site-packages/airflow/example_dags/example_dataset_alias.py took 0.763 seconds
[2026-08-08T03:07:51.497+0000] {processor.py:186} INFO - Started process (PID=15151) to work on /home/airflow/.local/lib/python3.12/site-packages/airflow/example_dags/example_dataset_alias.py
[2026-08-08T03:07:51.499+0000] {processor.py:914} INFO - Processing file /home/airflow/.local/lib/python3.12/site-packages/airflow/example_dags/example_dataset_alias.py for tasks to queue
[2026-08-08T03:07:51.502+0000] {logging_mixin.py:190} INFO - [2026-08-08T03:07:51.501+0000] {dagbag.py:588} INFO - Filling up the DagBag from /home/airflow/.local/lib/python3.12/site-packages/airflow/example_dags/example_dataset_alias.py
[2026-08-08T03:07:52.096+0000] {processor.py:925} INFO - DAG(s) 'dataset_alias_example_alias_consumer', 'dataset_s3_bucket_consumer', 'dataset_s3_bucket_producer', 'dataset_alias_example_alias_producer' retrieved from /home/airflow/.local/lib/python3.12/site-packages/airflow/example_dags/example_dataset_alias.py
[2026-08-08T03:07:52.130+0000] {logging_mixin.py:190} INFO - [2026-08-08T03:07:52.130+0000] {dag.py:3239} INFO - Sync 4 DAGs
[2026-08-08T03:07:52.161+0000] {logging_mixin.py:190} INFO - [2026-08-08T03:07:52.161+0000] {dag.py:4180} INFO - Setting next_dagrun for dataset_alias_example_alias_consumer to None, run_after=None
[2026-08-08T03:07:52.167+0000] {logging_mixin.py:190} INFO - [2026-08-08T03:07:52.166+0000] {dag.py:4180} INFO - Setting next_dagrun for dataset_alias_example_alias_producer to None, run_after=None
[2026-08-08T03:07:52.170+0000] {logging_mixin.py:190} INFO - [2026-08-08T03:07:52.170+0000] {dag.py:4180} INFO - Setting next_dagrun for dataset_s3_bucket_consumer to None, run_after=None
[2026-08-08T03:07:52.173+0000] {logging_mixin.py:190} INFO - [2026-08-08T03:07:52.173+0000] {dag.py:4180} INFO - Setting next_dagrun for dataset_s3_bucket_producer to None, run_after=None
[2026-08-08T03:07:52.215+0000] {processor.py:208} INFO - Processing /home/airflow/.local/lib/python3.12/site-packages/airflow/example_dags/example_dataset_alias.py took 0.724 seconds
[2026-08-08T03:08:22.457+0000] {processor.py:186} INFO - Started process (PID=15216) to work on /home/airflow/.local/lib/python3.12/site-packages/airflow/example_dags/example_dataset_alias.py
[2026-08-08T03:08:22.459+0000] {processor.py:914} INFO - Processing file /home/airflow/.local/lib/python3.12/site-packages/airflow/example_dags/example_dataset_alias.py for tasks to queue
[2026-08-08T03:08:22.463+0000] {logging_mixin.py:190} INFO - [2026-08-08T03:08:22.463+0000] {dagbag.py:588} INFO - Filling up the DagBag from /home/airflow/.local/lib/python3.12/site-packages/airflow/example_dags/example_dataset_alias.py
[2026-08-08T03:08:23.127+0000] {processor.py:925} INFO - DAG(s) 'dataset_alias_example_alias_consumer', 'dataset_s3_bucket_producer', 'dataset_s3_bucket_consumer', 'dataset_alias_example_alias_producer' retrieved from /home/airflow/.local/lib/python3.12/site-packages/airflow/example_dags/example_dataset_alias.py
[2026-08-08T03:08:23.152+0000] {logging_mixin.py:190} INFO - [2026-08-08T03:08:23.152+0000] {dag.py:3239} INFO - Sync 4 DAGs
[2026-08-08T03:08:23.175+0000] {logging_mixin.py:190} INFO - [2026-08-08T03:08:23.175+0000] {dag.py:4180} INFO - Setting next_dagrun for dataset_alias_example_alias_consumer to None, run_after=None
[2026-08-08T03:08:23.179+0000] {logging_mixin.py:190} INFO - [2026-08-08T03:08:23.179+0000] {dag.py:4180} INFO - Setting next_dagrun for dataset_alias_example_alias_producer to None, run_after=None
[2026-08-08T03:08:23.181+0000] {logging_mixin.py:190} INFO - [2026-08-08T03:08:23.181+0000] {dag.py:4180} INFO - Setting next_dagrun for dataset_s3_bucket_consumer to None, run_after=None
[2026-08-08T03:08:23.183+0000] {logging_mixin.py:190} INFO - [2026-08-08T03:08:23.183+0000] {dag.py:4180} INFO - Setting next_dagrun for dataset_s3_bucket_producer to None, run_after=None
[2026-08-08T03:08:23.210+0000] {processor.py:208} INFO - Processing /home/airflow/.local/lib/python3.12/site-packages/airflow/example_dags/example_dataset_alias.py took 0.763 seconds
[2026-08-08T03:08:53.273+0000] {processor.py:186} INFO - Started process (PID=15281) to work on /home/airflow/.local/lib/python3.12/site-packages/airflow/example_dags/example_dataset_alias.py
[2026-08-08T03:08:53.274+0000] {processor.py:914} INFO - Processing file /home/airflow/.local/lib/python3.12/site-packages/airflow/example_dags/example_dataset_alias.py for tasks to queue
[2026-08-08T03:08:53.278+0000] {logging_mixin.py:190} INFO - [2026-08-08T03:08:53.277+0000] {dagbag.py:588} INFO - Filling up the DagBag from /home/airflow/.local/lib/python3.12/site-packages/airflow/example_dags/example_dataset_alias.py
[2026-08-08T03:08:53.836+0000] {processor.py:925} INFO - DAG(s) 'dataset_s3_bucket_producer', 'dataset_alias_example_alias_consumer', 'dataset_alias_example_alias_producer', 'dataset_s3_bucket_consumer' retrieved from /home/airflow/.local/lib/python3.12/site-packages/airflow/example_dags/example_dataset_alias.py
[2026-08-08T03:08:53.859+0000] {logging_mixin.py:190} INFO - [2026-08-08T03:08:53.859+0000] {dag.py:3239} INFO - Sync 4 DAGs
[2026-08-08T03:08:53.887+0000] {logging_mixin.py:190} INFO - [2026-08-08T03:08:53.887+0000] {dag.py:4180} INFO - Setting next_dagrun for dataset_alias_example_alias_consumer to None, run_after=None
[2026-08-08T03:08:53.890+0000] {logging_mixin.py:190} INFO - [2026-08-08T03:08:53.890+0000] {dag.py:4180} INFO - Setting next_dagrun for dataset_alias_example_alias_producer to None, run_after=None
[2026-08-08T03:08:53.893+0000] {logging_mixin.py:190} INFO - [2026-08-08T03:08:53.892+0000] {dag.py:4180} INFO - Setting next_dagrun for dataset_s3_bucket_consumer to None, run_after=None
[2026-08-08T03:08:53.895+0000] {logging_mixin.py:190} INFO - [2026-08-08T03:08:53.895+0000] {dag.py:4180} INFO - Setting next_dagrun for dataset_s3_bucket_producer to None, run_after=None
[2026-08-08T03:08:53.918+0000] {processor.py:208} INFO - Processing /home/airflow/.local/lib/python3.12/site-packages/airflow/example_dags/example_dataset_alias.py took 0.652 seconds
[2026-08-08T03:09:24.928+0000] {processor.py:186} INFO - Started process (PID=15349) to work on /home/airflow/.local/lib/python3.12/site-packages/airflow/example_dags/example_dataset_alias.py
[2026-08-08T03:09:24.930+0000] {processor.py:914} INFO - Processing file /home/airflow/.local/lib/python3.12/site-packages/airflow/example_dags/example_dataset_alias.py for tasks to queue
[2026-08-08T03:09:24.933+0000] {logging_mixin.py:190} INFO - [2026-08-08T03:09:24.933+0000] {dagbag.py:588} INFO - Filling up the DagBag from /home/airflow/.local/lib/python3.12/site-packages/airflow/example_dags/example_dataset_alias.py
[2026-08-08T03:09:25.560+0000] {processor.py:925} INFO - DAG(s) 'dataset_alias_example_alias_producer', 'dataset_s3_bucket_producer', 'dataset_alias_example_alias_consumer', 'dataset_s3_bucket_consumer' retrieved from /home/airflow/.local/lib/python3.12/site-packages/airflow/example_dags/example_dataset_alias.py
[2026-08-08T03:09:25.585+0000] {logging_mixin.py:190} INFO - [2026-08-08T03:09:25.584+0000] {dag.py:3239} INFO - Sync 4 DAGs
[2026-08-08T03:09:25.613+0000] {logging_mixin.py:190} INFO - [2026-08-08T03:09:25.613+0000] {dag.py:4180} INFO - Setting next_dagrun for dataset_alias_example_alias_consumer to None, run_after=None
[2026-08-08T03:09:25.617+0000] {logging_mixin.py:190} INFO - [2026-08-08T03:09:25.617+0000] {dag.py:4180} INFO - Setting next_dagrun for dataset_alias_example_alias_producer to None, run_after=None
[2026-08-08T03:09:25.620+0000] {logging_mixin.py:190} INFO - [2026-08-08T03:09:25.619+0000] {dag.py:4180} INFO - Setting next_dagrun for dataset_s3_bucket_consumer to None, run_after=None
[2026-08-08T03:09:25.622+0000] {logging_mixin.py:190} INFO - [2026-08-08T03:09:25.622+0000] {dag.py:4180} INFO - Setting next_dagrun for dataset_s3_bucket_producer to None, run_after=None
[2026-08-08T03:09:25.646+0000] {processor.py:208} INFO - Processing /home/airflow/.local/lib/python3.12/site-packages/airflow/example_dags/example_dataset_alias.py took 0.726 seconds
[2026-08-08T03:09:56.849+0000] {processor.py:186} INFO - Started process (PID=15422) to work on /home/airflow/.local/lib/python3.12/site-packages/airflow/example_dags/example_dataset_alias.py
[2026-08-08T03:09:56.850+0000] {processor.py:914} INFO - Processing file /home/airflow/.local/lib/python3.12/site-packages/airflow/example_dags/example_dataset_alias.py for tasks to queue
[2026-08-08T03:09:56.855+0000] {logging_mixin.py:190} INFO - [2026-08-08T03:09:56.854+0000] {dagbag.py:588} INFO - Filling up the DagBag from /home/airflow/.local/lib/python3.12/site-packages/airflow/example_dags/example_dataset_alias.py
[2026-08-08T03:09:57.492+0000] {processor.py:925} INFO - DAG(s) 'dataset_alias_example_alias_producer', 'dataset_s3_bucket_consumer', 'dataset_alias_example_alias_consumer', 'dataset_s3_bucket_producer' retrieved from /home/airflow/.local/lib/python3.12/site-packages/airflow/example_dags/example_dataset_alias.py
[2026-08-08T03:09:57.520+0000] {logging_mixin.py:190} INFO - [2026-08-08T03:09:57.520+0000] {dag.py:3239} INFO - Sync 4 DAGs
[2026-08-08T03:09:57.545+0000] {logging_mixin.py:190} INFO - [2026-08-08T03:09:57.545+0000] {dag.py:4180} INFO - Setting next_dagrun for dataset_alias_example_alias_consumer to None, run_after=None
[2026-08-08T03:09:57.549+0000] {logging_mixin.py:190} INFO - [2026-08-08T03:09:57.549+0000] {dag.py:4180} INFO - Setting next_dagrun for dataset_alias_example_alias_producer to None, run_after=None
[2026-08-08T03:09:57.552+0000] {logging_mixin.py:190} INFO - [2026-08-08T03:09:57.551+0000] {dag.py:4180} INFO - Setting next_dagrun for dataset_s3_bucket_consumer to None, run_after=None
[2026-08-08T03:09:57.554+0000] {logging_mixin.py:190} INFO - [2026-08-08T03:09:57.553+0000] {dag.py:4180} INFO - Setting next_dagrun for dataset_s3_bucket_producer to None, run_after=None
[2026-08-08T03:09:57.579+0000] {processor.py:208} INFO - Processing /home/airflow/.local/lib/python3.12/site-packages/airflow/example_dags/example_dataset_alias.py took 0.738 seconds
[2026-08-08T03:10:27.918+0000] {processor.py:186} INFO - Started process (PID=15488) to work on /home/airflow/.local/lib/python3.12/site-packages/airflow/example_dags/example_dataset_alias.py
[2026-08-08T03:10:27.919+0000] {processor.py:914} INFO - Processing file /home/airflow/.local/lib/python3.12/site-packages/airflow/example_dags/example_dataset_alias.py for tasks to queue
[2026-08-08T03:10:27.923+0000] {logging_mixin.py:190} INFO - [2026-08-08T03:10:27.922+0000] {dagbag.py:588} INFO - Filling up the DagBag from /home/airflow/.local/lib/python3.12/site-packages/airflow/example_dags/example_dataset_alias.py
[2026-08-08T03:10:28.617+0000] {processor.py:925} INFO - DAG(s) 'dataset_alias_example_alias_producer', 'dataset_s3_bucket_producer', 'dataset_s3_bucket_consumer', 'dataset_alias_example_alias_consumer' retrieved from /home/airflow/.local/lib/python3.12/site-packages/airflow/example_dags/example_dataset_alias.py
[2026-08-08T03:10:28.642+0000] {logging_mixin.py:190} INFO - [2026-08-08T03:10:28.641+0000] {dag.py:3239} INFO - Sync 4 DAGs
[2026-08-08T03:10:28.668+0000] {logging_mixin.py:190} INFO - [2026-08-08T03:10:28.667+0000] {dag.py:4180} INFO - Setting next_dagrun for dataset_alias_example_alias_consumer to None, run_after=None
[2026-08-08T03:10:28.672+0000] {logging_mixin.py:190} INFO - [2026-08-08T03:10:28.671+0000] {dag.py:4180} INFO - Setting next_dagrun for dataset_alias_example_alias_producer to None, run_after=None
[2026-08-08T03:10:28.674+0000] {logging_mixin.py:190} INFO - [2026-08-08T03:10:28.674+0000] {dag.py:4180} INFO - Setting next_dagrun for dataset_s3_bucket_consumer to None, run_after=None
[2026-08-08T03:10:28.676+0000] {logging_mixin.py:190} INFO - [2026-08-08T03:10:28.676+0000] {dag.py:4180} INFO - Setting next_dagrun for dataset_s3_bucket_producer to None, run_after=None
[2026-08-08T03:10:28.701+0000] {processor.py:208} INFO - Processing /home/airflow/.local/lib/python3.12/site-packages/airflow/example_dags/example_dataset_alias.py took 0.792 seconds
[2026-08-08T03:10:59.451+0000] {processor.py:186} INFO - Started process (PID=15553) to work on /home/airflow/.local/lib/python3.12/site-packages/airflow/example_dags/example_dataset_alias.py
[2026-08-08T03:10:59.453+0000] {processor.py:914} INFO - Processing file /home/airflow/.local/lib/python3.12/site-packages/airflow/example_dags/example_dataset_alias.py for tasks to queue
[2026-08-08T03:10:59.457+0000] {logging_mixin.py:190} INFO - [2026-08-08T03:10:59.456+0000] {dagbag.py:588} INFO - Filling up the DagBag from /home/airflow/.local/lib/python3.12/site-packages/airflow/example_dags/example_dataset_alias.py
[2026-08-08T03:11:00.125+0000] {processor.py:925} INFO - DAG(s) 'dataset_s3_bucket_consumer', 'dataset_s3_bucket_producer', 'dataset_alias_example_alias_consumer', 'dataset_alias_example_alias_producer' retrieved from /home/airflow/.local/lib/python3.12/site-packages/airflow/example_dags/example_dataset_alias.py
[2026-08-08T03:11:00.155+0000] {logging_mixin.py:190} INFO - [2026-08-08T03:11:00.154+0000] {dag.py:3239} INFO - Sync 4 DAGs
[2026-08-08T03:11:00.185+0000] {logging_mixin.py:190} INFO - [2026-08-08T03:11:00.184+0000] {dag.py:4180} INFO - Setting next_dagrun for dataset_alias_example_alias_consumer to None, run_after=None
[2026-08-08T03:11:00.189+0000] {logging_mixin.py:190} INFO - [2026-08-08T03:11:00.189+0000] {dag.py:4180} INFO - Setting next_dagrun for dataset_alias_example_alias_producer to None, run_after=None
[2026-08-08T03:11:00.191+0000] {logging_mixin.py:190} INFO - [2026-08-08T03:11:00.191+0000] {dag.py:4180} INFO - Setting next_dagrun for dataset_s3_bucket_consumer to None, run_after=None
[2026-08-08T03:11:00.194+0000] {logging_mixin.py:190} INFO - [2026-08-08T03:11:00.193+0000] {dag.py:4180} INFO - Setting next_dagrun for dataset_s3_bucket_producer to None, run_after=None
[2026-08-08T03:11:00.222+0000] {processor.py:208} INFO - Processing /home/airflow/.local/lib/python3.12/site-packages/airflow/example_dags/example_dataset_alias.py took 0.783 seconds
[2026-08-08T03:11:30.635+0000] {processor.py:186} INFO - Started process (PID=15618) to work on /home/airflow/.local/lib/python3.12/site-packages/airflow/example_dags/example_dataset_alias.py
[2026-08-08T03:11:30.637+0000] {processor.py:914} INFO - Processing file /home/airflow/.local/lib/python3.12/site-packages/airflow/example_dags/example_dataset_alias.py for tasks to queue
[2026-08-08T03:11:30.642+0000] {logging_mixin.py:190} INFO - [2026-08-08T03:11:30.641+0000] {dagbag.py:588} INFO - Filling up the DagBag from /home/airflow/.local/lib/python3.12/site-packages/airflow/example_dags/example_dataset_alias.py
[2026-08-08T03:11:31.316+0000] {processor.py:925} INFO - DAG(s) 'dataset_alias_example_alias_consumer', 'dataset_s3_bucket_consumer', 'dataset_s3_bucket_producer', 'dataset_alias_example_alias_producer' retrieved from /home/airflow/.local/lib/python3.12/site-packages/airflow/example_dags/example_dataset_alias.py
[2026-08-08T03:11:31.342+0000] {logging_mixin.py:190} INFO - [2026-08-08T03:11:31.341+0000] {dag.py:3239} INFO - Sync 4 DAGs
[2026-08-08T03:11:31.371+0000] {logging_mixin.py:190} INFO - [2026-08-08T03:11:31.370+0000] {dag.py:4180} INFO - Setting next_dagrun for dataset_alias_example_alias_consumer to None, run_after=None
[2026-08-08T03:11:31.374+0000] {logging_mixin.py:190} INFO - [2026-08-08T03:11:31.374+0000] {dag.py:4180} INFO - Setting next_dagrun for dataset_alias_example_alias_producer to None, run_after=None
[2026-08-08T03:11:31.377+0000] {logging_mixin.py:190} INFO - [2026-08-08T03:11:31.376+0000] {dag.py:4180} INFO - Setting next_dagrun for dataset_s3_bucket_consumer to None, run_after=None
[2026-08-08T03:11:31.379+0000] {logging_mixin.py:190} INFO - [2026-08-08T03:11:31.379+0000] {dag.py:4180} INFO - Setting next_dagrun for dataset_s3_bucket_producer to None, run_after=None
[2026-08-08T03:11:31.404+0000] {processor.py:208} INFO - Processing /home/airflow/.local/lib/python3.12/site-packages/airflow/example_dags/example_dataset_alias.py took 0.776 seconds
[2026-08-08T03:12:01.586+0000] {processor.py:186} INFO - Started process (PID=15683) to work on /home/airflow/.local/lib/python3.12/site-packages/airflow/example_dags/example_dataset_alias.py
[2026-08-08T03:12:01.588+0000] {processor.py:914} INFO - Processing file /home/airflow/.local/lib/python3.12/site-packages/airflow/example_dags/example_dataset_alias.py for tasks to queue
[2026-08-08T03:12:01.594+0000] {logging_mixin.py:190} INFO - [2026-08-08T03:12:01.594+0000] {dagbag.py:588} INFO - Filling up the DagBag from /home/airflow/.local/lib/python3.12/site-packages/airflow/example_dags/example_dataset_alias.py
[2026-08-08T03:12:02.734+0000] {processor.py:925} INFO - DAG(s) 'dataset_alias_example_alias_consumer', 'dataset_alias_example_alias_producer', 'dataset_s3_bucket_consumer', 'dataset_s3_bucket_producer' retrieved from /home/airflow/.local/lib/python3.12/site-packages/airflow/example_dags/example_dataset_alias.py
[2026-08-08T03:12:02.775+0000] {logging_mixin.py:190} INFO - [2026-08-08T03:12:02.774+0000] {dag.py:3239} INFO - Sync 4 DAGs
[2026-08-08T03:12:02.818+0000] {logging_mixin.py:190} INFO - [2026-08-08T03:12:02.816+0000] {dag.py:4180} INFO - Setting next_dagrun for dataset_alias_example_alias_consumer to None, run_after=None
[2026-08-08T03:12:02.824+0000] {logging_mixin.py:190} INFO - [2026-08-08T03:12:02.824+0000] {dag.py:4180} INFO - Setting next_dagrun for dataset_alias_example_alias_producer to None, run_after=None
[2026-08-08T03:12:02.828+0000] {logging_mixin.py:190} INFO - [2026-08-08T03:12:02.827+0000] {dag.py:4180} INFO - Setting next_dagrun for dataset_s3_bucket_consumer to None, run_after=None
[2026-08-08T03:12:02.831+0000] {logging_mixin.py:190} INFO - [2026-08-08T03:12:02.830+0000] {dag.py:4180} INFO - Setting next_dagrun for dataset_s3_bucket_producer to None, run_after=None
[2026-08-08T03:12:02.881+0000] {processor.py:208} INFO - Processing /home/airflow/.local/lib/python3.12/site-packages/airflow/example_dags/example_dataset_alias.py took 1.310 seconds
[2026-08-08T03:12:33.779+0000] {processor.py:186} INFO - Started process (PID=15750) to work on /home/airflow/.local/lib/python3.12/site-packages/airflow/example_dags/example_dataset_alias.py
[2026-08-08T03:12:33.781+0000] {processor.py:914} INFO - Processing file /home/airflow/.local/lib/python3.12/site-packages/airflow/example_dags/example_dataset_alias.py for tasks to queue
[2026-08-08T03:12:33.786+0000] {logging_mixin.py:190} INFO - [2026-08-08T03:12:33.786+0000] {dagbag.py:588} INFO - Filling up the DagBag from /home/airflow/.local/lib/python3.12/site-packages/airflow/example_dags/example_dataset_alias.py
[2026-08-08T03:12:34.643+0000] {processor.py:925} INFO - DAG(s) 'dataset_s3_bucket_consumer', 'dataset_s3_bucket_producer', 'dataset_alias_example_alias_producer', 'dataset_alias_example_alias_consumer' retrieved from /home/airflow/.local/lib/python3.12/site-packages/airflow/example_dags/example_dataset_alias.py
[2026-08-08T03:12:34.673+0000] {logging_mixin.py:190} INFO - [2026-08-08T03:12:34.672+0000] {dag.py:3239} INFO - Sync 4 DAGs
[2026-08-08T03:12:34.705+0000] {logging_mixin.py:190} INFO - [2026-08-08T03:12:34.705+0000] {dag.py:4180} INFO - Setting next_dagrun for dataset_alias_example_alias_consumer to None, run_after=None
[2026-08-08T03:12:34.710+0000] {logging_mixin.py:190} INFO - [2026-08-08T03:12:34.710+0000] {dag.py:4180} INFO - Setting next_dagrun for dataset_alias_example_alias_producer to None, run_after=None
[2026-08-08T03:12:34.713+0000] {logging_mixin.py:190} INFO - [2026-08-08T03:12:34.713+0000] {dag.py:4180} INFO - Setting next_dagrun for dataset_s3_bucket_consumer to None, run_after=None
[2026-08-08T03:12:34.715+0000] {logging_mixin.py:190} INFO - [2026-08-08T03:12:34.715+0000] {dag.py:4180} INFO - Setting next_dagrun for dataset_s3_bucket_producer to None, run_after=None
[2026-08-08T03:12:34.744+0000] {processor.py:208} INFO - Processing /home/airflow/.local/lib/python3.12/site-packages/airflow/example_dags/example_dataset_alias.py took 0.976 seconds
[2026-08-08T03:13:05.514+0000] {processor.py:186} INFO - Started process (PID=15815) to work on /home/airflow/.local/lib/python3.12/site-packages/airflow/example_dags/example_dataset_alias.py
[2026-08-08T03:13:05.516+0000] {processor.py:914} INFO - Processing file /home/airflow/.local/lib/python3.12/site-packages/airflow/example_dags/example_dataset_alias.py for tasks to queue
[2026-08-08T03:13:05.519+0000] {logging_mixin.py:190} INFO - [2026-08-08T03:13:05.519+0000] {dagbag.py:588} INFO - Filling up the DagBag from /home/airflow/.local/lib/python3.12/site-packages/airflow/example_dags/example_dataset_alias.py
[2026-08-08T03:13:06.112+0000] {processor.py:925} INFO - DAG(s) 'dataset_s3_bucket_producer', 'dataset_s3_bucket_consumer', 'dataset_alias_example_alias_consumer', 'dataset_alias_example_alias_producer' retrieved from /home/airflow/.local/lib/python3.12/site-packages/airflow/example_dags/example_dataset_alias.py
[2026-08-08T03:13:06.150+0000] {logging_mixin.py:190} INFO - [2026-08-08T03:13:06.149+0000] {dag.py:3239} INFO - Sync 4 DAGs
[2026-08-08T03:13:06.190+0000] {logging_mixin.py:190} INFO - [2026-08-08T03:13:06.189+0000] {dag.py:4180} INFO - Setting next_dagrun for dataset_alias_example_alias_consumer to None, run_after=None
[2026-08-08T03:13:06.194+0000] {logging_mixin.py:190} INFO - [2026-08-08T03:13:06.194+0000] {dag.py:4180} INFO - Setting next_dagrun for dataset_alias_example_alias_producer to None, run_after=None
[2026-08-08T03:13:06.196+0000] {logging_mixin.py:190} INFO - [2026-08-08T03:13:06.196+0000] {dag.py:4180} INFO - Setting next_dagrun for dataset_s3_bucket_consumer to None, run_after=None
[2026-08-08T03:13:06.199+0000] {logging_mixin.py:190} INFO - [2026-08-08T03:13:06.199+0000] {dag.py:4180} INFO - Setting next_dagrun for dataset_s3_bucket_producer to None, run_after=None
[2026-08-08T03:13:06.233+0000] {processor.py:208} INFO - Processing /home/airflow/.local/lib/python3.12/site-packages/airflow/example_dags/example_dataset_alias.py took 0.730 seconds
[2026-08-08T03:13:36.738+0000] {processor.py:186} INFO - Started process (PID=15880) to work on /home/airflow/.local/lib/python3.12/site-packages/airflow/example_dags/example_dataset_alias.py
[2026-08-08T03:13:36.739+0000] {processor.py:914} INFO - Processing file /home/airflow/.local/lib/python3.12/site-packages/airflow/example_dags/example_dataset_alias.py for tasks to queue
[2026-08-08T03:13:36.743+0000] {logging_mixin.py:190} INFO - [2026-08-08T03:13:36.742+0000] {dagbag.py:588} INFO - Filling up the DagBag from /home/airflow/.local/lib/python3.12/site-packages/airflow/example_dags/example_dataset_alias.py
[2026-08-08T03:13:37.356+0000] {processor.py:925} INFO - DAG(s) 'dataset_alias_example_alias_consumer', 'dataset_s3_bucket_consumer', 'dataset_s3_bucket_producer', 'dataset_alias_example_alias_producer' retrieved from /home/airflow/.local/lib/python3.12/site-packages/airflow/example_dags/example_dataset_alias.py
[2026-08-08T03:13:37.395+0000] {logging_mixin.py:190} INFO - [2026-08-08T03:13:37.394+0000] {dag.py:3239} INFO - Sync 4 DAGs
[2026-08-08T03:13:37.429+0000] {logging_mixin.py:190} INFO - [2026-08-08T03:13:37.429+0000] {dag.py:4180} INFO - Setting next_dagrun for dataset_alias_example_alias_consumer to None, run_after=None
[2026-08-08T03:13:37.433+0000] {logging_mixin.py:190} INFO - [2026-08-08T03:13:37.433+0000] {dag.py:4180} INFO - Setting next_dagrun for dataset_alias_example_alias_producer to None, run_after=None
[2026-08-08T03:13:37.435+0000] {logging_mixin.py:190} INFO - [2026-08-08T03:13:37.435+0000] {dag.py:4180} INFO - Setting next_dagrun for dataset_s3_bucket_consumer to None, run_after=None
[2026-08-08T03:13:37.438+0000] {logging_mixin.py:190} INFO - [2026-08-08T03:13:37.437+0000] {dag.py:4180} INFO - Setting next_dagrun for dataset_s3_bucket_producer to None, run_after=None
[2026-08-08T03:13:37.473+0000] {processor.py:208} INFO - Processing /home/airflow/.local/lib/python3.12/site-packages/airflow/example_dags/example_dataset_alias.py took 0.743 seconds
[2026-08-08T03:14:08.095+0000] {processor.py:186} INFO - Started process (PID=15946) to work on /home/airflow/.local/lib/python3.12/site-packages/airflow/example_dags/example_dataset_alias.py
[2026-08-08T03:14:08.096+0000] {processor.py:914} INFO - Processing file /home/airflow/.local/lib/python3.12/site-packages/airflow/example_dags/example_dataset_alias.py for tasks to queue
[2026-08-08T03:14:08.099+0000] {logging_mixin.py:190} INFO - [2026-08-08T03:14:08.099+0000] {dagbag.py:588} INFO - Filling up the DagBag from /home/airflow/.local/lib/python3.12/site-packages/airflow/example_dags/example_dataset_alias.py
[2026-08-08T03:14:08.544+0000] {processor.py:925} INFO - DAG(s) 'dataset_alias_example_alias_consumer', 'dataset_alias_example_alias_producer', 'dataset_s3_bucket_producer', 'dataset_s3_bucket_consumer' retrieved from /home/airflow/.local/lib/python3.12/site-packages/airflow/example_dags/example_dataset_alias.py
[2026-08-08T03:14:08.568+0000] {logging_mixin.py:190} INFO - [2026-08-08T03:14:08.568+0000] {dag.py:3239} INFO - Sync 4 DAGs
[2026-08-08T03:14:08.599+0000] {logging_mixin.py:190} INFO - [2026-08-08T03:14:08.599+0000] {dag.py:4180} INFO - Setting next_dagrun for dataset_alias_example_alias_consumer to None, run_after=None
[2026-08-08T03:14:08.603+0000] {logging_mixin.py:190} INFO - [2026-08-08T03:14:08.603+0000] {dag.py:4180} INFO - Setting next_dagrun for dataset_alias_example_alias_producer to None, run_after=None
[2026-08-08T03:14:08.606+0000] {logging_mixin.py:190} INFO - [2026-08-08T03:14:08.606+0000] {dag.py:4180} INFO - Setting next_dagrun for dataset_s3_bucket_consumer to None, run_after=None
[2026-08-08T03:14:08.609+0000] {logging_mixin.py:190} INFO - [2026-08-08T03:14:08.608+0000] {dag.py:4180} INFO - Setting next_dagrun for dataset_s3_bucket_producer to None, run_after=None
[2026-08-08T03:14:08.632+0000] {processor.py:208} INFO - Processing /home/airflow/.local/lib/python3.12/site-packages/airflow/example_dags/example_dataset_alias.py took 0.543 seconds
[2026-08-08T03:14:38.891+0000] {processor.py:186} INFO - Started process (PID=16016) to work on /home/airflow/.local/lib/python3.12/site-packages/airflow/example_dags/example_dataset_alias.py
[2026-08-08T03:14:38.892+0000] {processor.py:914} INFO - Processing file /home/airflow/.local/lib/python3.12/site-packages/airflow/example_dags/example_dataset_alias.py for tasks to queue
[2026-08-08T03:14:38.897+0000] {logging_mixin.py:190} INFO - [2026-08-08T03:14:38.897+0000] {dagbag.py:588} INFO - Filling up the DagBag from /home/airflow/.local/lib/python3.12/site-packages/airflow/example_dags/example_dataset_alias.py
[2026-08-08T03:14:39.341+0000] {processor.py:925} INFO - DAG(s) 'dataset_s3_bucket_producer', 'dataset_alias_example_alias_producer', 'dataset_alias_example_alias_consumer', 'dataset_s3_bucket_consumer' retrieved from /home/airflow/.local/lib/python3.12/site-packages/airflow/example_dags/example_dataset_alias.py
[2026-08-08T03:14:39.369+0000] {logging_mixin.py:190} INFO - [2026-08-08T03:14:39.368+0000] {dag.py:3239} INFO - Sync 4 DAGs
[2026-08-08T03:14:39.397+0000] {logging_mixin.py:190} INFO - [2026-08-08T03:14:39.397+0000] {dag.py:4180} INFO - Setting next_dagrun for dataset_alias_example_alias_consumer to None, run_after=None
[2026-08-08T03:14:39.401+0000] {logging_mixin.py:190} INFO - [2026-08-08T03:14:39.401+0000] {dag.py:4180} INFO - Setting next_dagrun for dataset_alias_example_alias_producer to None, run_after=None
[2026-08-08T03:14:39.403+0000] {logging_mixin.py:190} INFO - [2026-08-08T03:14:39.403+0000] {dag.py:4180} INFO - Setting next_dagrun for dataset_s3_bucket_consumer to None, run_after=None
[2026-08-08T03:14:39.406+0000] {logging_mixin.py:190} INFO - [2026-08-08T03:14:39.405+0000] {dag.py:4180} INFO - Setting next_dagrun for dataset_s3_bucket_producer to None, run_after=None
[2026-08-08T03:14:39.433+0000] {processor.py:208} INFO - Processing /home/airflow/.local/lib/python3.12/site-packages/airflow/example_dags/example_dataset_alias.py took 0.550 seconds
[2026-08-08T03:15:09.670+0000] {processor.py:186} INFO - Started process (PID=16081) to work on /home/airflow/.local/lib/python3.12/site-packages/airflow/example_dags/example_dataset_alias.py
[2026-08-08T03:15:09.671+0000] {processor.py:914} INFO - Processing file /home/airflow/.local/lib/python3.12/site-packages/airflow/example_dags/example_dataset_alias.py for tasks to queue
[2026-08-08T03:15:09.674+0000] {logging_mixin.py:190} INFO - [2026-08-08T03:15:09.674+0000] {dagbag.py:588} INFO - Filling up the DagBag from /home/airflow/.local/lib/python3.12/site-packages/airflow/example_dags/example_dataset_alias.py
[2026-08-08T03:15:10.115+0000] {processor.py:925} INFO - DAG(s) 'dataset_alias_example_alias_consumer', 'dataset_alias_example_alias_producer', 'dataset_s3_bucket_consumer', 'dataset_s3_bucket_producer' retrieved from /home/airflow/.local/lib/python3.12/site-packages/airflow/example_dags/example_dataset_alias.py
[2026-08-08T03:15:10.142+0000] {logging_mixin.py:190} INFO - [2026-08-08T03:15:10.142+0000] {dag.py:3239} INFO - Sync 4 DAGs
[2026-08-08T03:15:10.177+0000] {logging_mixin.py:190} INFO - [2026-08-08T03:15:10.177+0000] {dag.py:4180} INFO - Setting next_dagrun for dataset_alias_example_alias_consumer to None, run_after=None
[2026-08-08T03:15:10.182+0000] {logging_mixin.py:190} INFO - [2026-08-08T03:15:10.181+0000] {dag.py:4180} INFO - Setting next_dagrun for dataset_alias_example_alias_producer to None, run_after=None
[2026-08-08T03:15:10.185+0000] {logging_mixin.py:190} INFO - [2026-08-08T03:15:10.185+0000] {dag.py:4180} INFO - Setting next_dagrun for dataset_s3_bucket_consumer to None, run_after=None
[2026-08-08T03:15:10.189+0000] {logging_mixin.py:190} INFO - [2026-08-08T03:15:10.188+0000] {dag.py:4180} INFO - Setting next_dagrun for dataset_s3_bucket_producer to None, run_after=None
[2026-08-08T03:15:10.245+0000] {processor.py:208} INFO - Processing /home/airflow/.local/lib/python3.12/site-packages/airflow/example_dags/example_dataset_alias.py took 0.583 seconds
[2026-08-08T03:15:40.356+0000] {processor.py:186} INFO - Started process (PID=16146) to work on /home/airflow/.local/lib/python3.12/site-packages/airflow/example_dags/example_dataset_alias.py
[2026-08-08T03:15:40.357+0000] {processor.py:914} INFO - Processing file /home/airflow/.local/lib/python3.12/site-packages/airflow/example_dags/example_dataset_alias.py for tasks to queue
[2026-08-08T03:15:40.362+0000] {logging_mixin.py:190} INFO - [2026-08-08T03:15:40.361+0000] {dagbag.py:588} INFO - Filling up the DagBag from /home/airflow/.local/lib/python3.12/site-packages/airflow/example_dags/example_dataset_alias.py
[2026-08-08T03:15:40.852+0000] {processor.py:925} INFO - DAG(s) 'dataset_alias_example_alias_producer', 'dataset_s3_bucket_consumer', 'dataset_s3_bucket_producer', 'dataset_alias_example_alias_consumer' retrieved from /home/airflow/.local/lib/python3.12/site-packages/airflow/example_dags/example_dataset_alias.py
[2026-08-08T03:15:40.877+0000] {logging_mixin.py:190} INFO - [2026-08-08T03:15:40.877+0000] {dag.py:3239} INFO - Sync 4 DAGs
[2026-08-08T03:15:40.903+0000] {logging_mixin.py:190} INFO - [2026-08-08T03:15:40.903+0000] {dag.py:4180} INFO - Setting next_dagrun for dataset_alias_example_alias_consumer to None, run_after=None
[2026-08-08T03:15:40.907+0000] {logging_mixin.py:190} INFO - [2026-08-08T03:15:40.907+0000] {dag.py:4180} INFO - Setting next_dagrun for dataset_alias_example_alias_producer to None, run_after=None
[2026-08-08T03:15:40.912+0000] {logging_mixin.py:190} INFO - [2026-08-08T03:15:40.912+0000] {dag.py:4180} INFO - Setting next_dagrun for dataset_s3_bucket_consumer to None, run_after=None
[2026-08-08T03:15:40.914+0000] {logging_mixin.py:190} INFO - [2026-08-08T03:15:40.914+0000] {dag.py:4180} INFO - Setting next_dagrun for dataset_s3_bucket_producer to None, run_after=None
[2026-08-08T03:15:40.952+0000] {processor.py:208} INFO - Processing /home/airflow/.local/lib/python3.12/site-packages/airflow/example_dags/example_dataset_alias.py took 0.604 seconds
[2026-08-08T03:16:11.043+0000] {processor.py:186} INFO - Started process (PID=16211) to work on /home/airflow/.local/lib/python3.12/site-packages/airflow/example_dags/example_dataset_alias.py
[2026-08-08T03:16:11.046+0000] {processor.py:914} INFO - Processing file /home/airflow/.local/lib/python3.12/site-packages/airflow/example_dags/example_dataset_alias.py for tasks to queue
[2026-08-08T03:16:11.050+0000] {logging_mixin.py:190} INFO - [2026-08-08T03:16:11.050+0000] {dagbag.py:588} INFO - Filling up the DagBag from /home/airflow/.local/lib/python3.12/site-packages/airflow/example_dags/example_dataset_alias.py
[2026-08-08T03:16:11.668+0000] {processor.py:925} INFO - DAG(s) 'dataset_s3_bucket_producer', 'dataset_alias_example_alias_producer', 'dataset_alias_example_alias_consumer', 'dataset_s3_bucket_consumer' retrieved from /home/airflow/.local/lib/python3.12/site-packages/airflow/example_dags/example_dataset_alias.py
[2026-08-08T03:16:11.700+0000] {logging_mixin.py:190} INFO - [2026-08-08T03:16:11.699+0000] {dag.py:3239} INFO - Sync 4 DAGs
[2026-08-08T03:16:11.730+0000] {logging_mixin.py:190} INFO - [2026-08-08T03:16:11.730+0000] {dag.py:4180} INFO - Setting next_dagrun for dataset_alias_example_alias_consumer to None, run_after=None
[2026-08-08T03:16:11.734+0000] {logging_mixin.py:190} INFO - [2026-08-08T03:16:11.734+0000] {dag.py:4180} INFO - Setting next_dagrun for dataset_alias_example_alias_producer to None, run_after=None
[2026-08-08T03:16:11.737+0000] {logging_mixin.py:190} INFO - [2026-08-08T03:16:11.737+0000] {dag.py:4180} INFO - Setting next_dagrun for dataset_s3_bucket_consumer to None, run_after=None
[2026-08-08T03:16:11.739+0000] {logging_mixin.py:190} INFO - [2026-08-08T03:16:11.739+0000] {dag.py:4180} INFO - Setting next_dagrun for dataset_s3_bucket_producer to None, run_after=None
[2026-08-08T03:16:11.774+0000] {processor.py:208} INFO - Processing /home/airflow/.local/lib/python3.12/site-packages/airflow/example_dags/example_dataset_alias.py took 0.740 seconds
[2026-08-08T03:16:41.967+0000] {processor.py:186} INFO - Started process (PID=16277) to work on /home/airflow/.local/lib/python3.12/site-packages/airflow/example_dags/example_dataset_alias.py
[2026-08-08T03:16:41.968+0000] {processor.py:914} INFO - Processing file /home/airflow/.local/lib/python3.12/site-packages/airflow/example_dags/example_dataset_alias.py for tasks to queue
[2026-08-08T03:16:41.972+0000] {logging_mixin.py:190} INFO - [2026-08-08T03:16:41.971+0000] {dagbag.py:588} INFO - Filling up the DagBag from /home/airflow/.local/lib/python3.12/site-packages/airflow/example_dags/example_dataset_alias.py
[2026-08-08T03:16:42.715+0000] {processor.py:925} INFO - DAG(s) 'dataset_s3_bucket_consumer', 'dataset_s3_bucket_producer', 'dataset_alias_example_alias_producer', 'dataset_alias_example_alias_consumer' retrieved from /home/airflow/.local/lib/python3.12/site-packages/airflow/example_dags/example_dataset_alias.py
[2026-08-08T03:16:42.748+0000] {logging_mixin.py:190} INFO - [2026-08-08T03:16:42.747+0000] {dag.py:3239} INFO - Sync 4 DAGs
[2026-08-08T03:16:42.784+0000] {logging_mixin.py:190} INFO - [2026-08-08T03:16:42.783+0000] {dag.py:4180} INFO - Setting next_dagrun for dataset_alias_example_alias_consumer to None, run_after=None
[2026-08-08T03:16:42.788+0000] {logging_mixin.py:190} INFO - [2026-08-08T03:16:42.788+0000] {dag.py:4180} INFO - Setting next_dagrun for dataset_alias_example_alias_producer to None, run_after=None
[2026-08-08T03:16:42.790+0000] {logging_mixin.py:190} INFO - [2026-08-08T03:16:42.790+0000] {dag.py:4180} INFO - Setting next_dagrun for dataset_s3_bucket_consumer to None, run_after=None
[2026-08-08T03:16:42.793+0000] {logging_mixin.py:190} INFO - [2026-08-08T03:16:42.793+0000] {dag.py:4180} INFO - Setting next_dagrun for dataset_s3_bucket_producer to None, run_after=None
[2026-08-08T03:16:42.823+0000] {processor.py:208} INFO - Processing /home/airflow/.local/lib/python3.12/site-packages/airflow/example_dags/example_dataset_alias.py took 0.865 seconds
[2026-08-08T03:17:13.612+0000] {processor.py:186} INFO - Started process (PID=16342) to work on /home/airflow/.local/lib/python3.12/site-packages/airflow/example_dags/example_dataset_alias.py
[2026-08-08T03:17:13.613+0000] {processor.py:914} INFO - Processing file /home/airflow/.local/lib/python3.12/site-packages/airflow/example_dags/example_dataset_alias.py for tasks to queue
[2026-08-08T03:17:13.618+0000] {logging_mixin.py:190} INFO - [2026-08-08T03:17:13.616+0000] {dagbag.py:588} INFO - Filling up the DagBag from /home/airflow/.local/lib/python3.12/site-packages/airflow/example_dags/example_dataset_alias.py
[2026-08-08T03:17:14.047+0000] {processor.py:925} INFO - DAG(s) 'dataset_alias_example_alias_producer', 'dataset_alias_example_alias_consumer', 'dataset_s3_bucket_consumer', 'dataset_s3_bucket_producer' retrieved from /home/airflow/.local/lib/python3.12/site-packages/airflow/example_dags/example_dataset_alias.py
[2026-08-08T03:17:14.073+0000] {logging_mixin.py:190} INFO - [2026-08-08T03:17:14.072+0000] {dag.py:3239} INFO - Sync 4 DAGs
[2026-08-08T03:17:14.104+0000] {logging_mixin.py:190} INFO - [2026-08-08T03:17:14.104+0000] {dag.py:4180} INFO - Setting next_dagrun for dataset_alias_example_alias_consumer to None, run_after=None
[2026-08-08T03:17:14.108+0000] {logging_mixin.py:190} INFO - [2026-08-08T03:17:14.107+0000] {dag.py:4180} INFO - Setting next_dagrun for dataset_alias_example_alias_producer to None, run_after=None
[2026-08-08T03:17:14.110+0000] {logging_mixin.py:190} INFO - [2026-08-08T03:17:14.110+0000] {dag.py:4180} INFO - Setting next_dagrun for dataset_s3_bucket_consumer to None, run_after=None
[2026-08-08T03:17:14.112+0000] {logging_mixin.py:190} INFO - [2026-08-08T03:17:14.112+0000] {dag.py:4180} INFO - Setting next_dagrun for dataset_s3_bucket_producer to None, run_after=None
[2026-08-08T03:17:14.142+0000] {processor.py:208} INFO - Processing /home/airflow/.local/lib/python3.12/site-packages/airflow/example_dags/example_dataset_alias.py took 0.537 seconds
[2026-08-08T03:17:44.212+0000] {processor.py:186} INFO - Started process (PID=16407) to work on /home/airflow/.local/lib/python3.12/site-packages/airflow/example_dags/example_dataset_alias.py
[2026-08-08T03:17:44.213+0000] {processor.py:914} INFO - Processing file /home/airflow/.local/lib/python3.12/site-packages/airflow/example_dags/example_dataset_alias.py for tasks to queue
[2026-08-08T03:17:44.217+0000] {logging_mixin.py:190} INFO - [2026-08-08T03:17:44.217+0000] {dagbag.py:588} INFO - Filling up the DagBag from /home/airflow/.local/lib/python3.12/site-packages/airflow/example_dags/example_dataset_alias.py
[2026-08-08T03:17:44.720+0000] {processor.py:925} INFO - DAG(s) 'dataset_alias_example_alias_consumer', 'dataset_s3_bucket_producer', 'dataset_s3_bucket_consumer', 'dataset_alias_example_alias_producer' retrieved from /home/airflow/.local/lib/python3.12/site-packages/airflow/example_dags/example_dataset_alias.py
[2026-08-08T03:17:44.747+0000] {logging_mixin.py:190} INFO - [2026-08-08T03:17:44.746+0000] {dag.py:3239} INFO - Sync 4 DAGs
[2026-08-08T03:17:44.776+0000] {logging_mixin.py:190} INFO - [2026-08-08T03:17:44.776+0000] {dag.py:4180} INFO - Setting next_dagrun for dataset_alias_example_alias_consumer to None, run_after=None
[2026-08-08T03:17:44.780+0000] {logging_mixin.py:190} INFO - [2026-08-08T03:17:44.780+0000] {dag.py:4180} INFO - Setting next_dagrun for dataset_alias_example_alias_producer to None, run_after=None
[2026-08-08T03:17:44.782+0000] {logging_mixin.py:190} INFO - [2026-08-08T03:17:44.782+0000] {dag.py:4180} INFO - Setting next_dagrun for dataset_s3_bucket_consumer to None, run_after=None
[2026-08-08T03:17:44.785+0000] {logging_mixin.py:190} INFO - [2026-08-08T03:17:44.785+0000] {dag.py:4180} INFO - Setting next_dagrun for dataset_s3_bucket_producer to None, run_after=None
[2026-08-08T03:17:44.812+0000] {processor.py:208} INFO - Processing /home/airflow/.local/lib/python3.12/site-packages/airflow/example_dags/example_dataset_alias.py took 0.607 seconds
[2026-08-08T03:18:15.477+0000] {processor.py:186} INFO - Started process (PID=16472) to work on /home/airflow/.local/lib/python3.12/site-packages/airflow/example_dags/example_dataset_alias.py
[2026-08-08T03:18:15.480+0000] {processor.py:914} INFO - Processing file /home/airflow/.local/lib/python3.12/site-packages/airflow/example_dags/example_dataset_alias.py for tasks to queue
[2026-08-08T03:18:15.486+0000] {logging_mixin.py:190} INFO - [2026-08-08T03:18:15.485+0000] {dagbag.py:588} INFO - Filling up the DagBag from /home/airflow/.local/lib/python3.12/site-packages/airflow/example_dags/example_dataset_alias.py
[2026-08-08T03:18:16.054+0000] {processor.py:925} INFO - DAG(s) 'dataset_s3_bucket_consumer', 'dataset_s3_bucket_producer', 'dataset_alias_example_alias_consumer', 'dataset_alias_example_alias_producer' retrieved from /home/airflow/.local/lib/python3.12/site-packages/airflow/example_dags/example_dataset_alias.py
[2026-08-08T03:18:16.084+0000] {logging_mixin.py:190} INFO - [2026-08-08T03:18:16.083+0000] {dag.py:3239} INFO - Sync 4 DAGs
[2026-08-08T03:18:16.119+0000] {logging_mixin.py:190} INFO - [2026-08-08T03:18:16.119+0000] {dag.py:4180} INFO - Setting next_dagrun for dataset_alias_example_alias_consumer to None, run_after=None
[2026-08-08T03:18:16.123+0000] {logging_mixin.py:190} INFO - [2026-08-08T03:18:16.123+0000] {dag.py:4180} INFO - Setting next_dagrun for dataset_alias_example_alias_producer to None, run_after=None
[2026-08-08T03:18:16.126+0000] {logging_mixin.py:190} INFO - [2026-08-08T03:18:16.126+0000] {dag.py:4180} INFO - Setting next_dagrun for dataset_s3_bucket_consumer to None, run_after=None
[2026-08-08T03:18:16.129+0000] {logging_mixin.py:190} INFO - [2026-08-08T03:18:16.128+0000] {dag.py:4180} INFO - Setting next_dagrun for dataset_s3_bucket_producer to None, run_after=None
[2026-08-08T03:18:16.163+0000] {processor.py:208} INFO - Processing /home/airflow/.local/lib/python3.12/site-packages/airflow/example_dags/example_dataset_alias.py took 0.696 seconds
[2026-08-08T03:18:46.505+0000] {processor.py:186} INFO - Started process (PID=16537) to work on /home/airflow/.local/lib/python3.12/site-packages/airflow/example_dags/example_dataset_alias.py
[2026-08-08T03:18:46.507+0000] {processor.py:914} INFO - Processing file /home/airflow/.local/lib/python3.12/site-packages/airflow/example_dags/example_dataset_alias.py for tasks to queue
[2026-08-08T03:18:46.513+0000] {logging_mixin.py:190} INFO - [2026-08-08T03:18:46.512+0000] {dagbag.py:588} INFO - Filling up the DagBag from /home/airflow/.local/lib/python3.12/site-packages/airflow/example_dags/example_dataset_alias.py
[2026-08-08T03:18:47.108+0000] {processor.py:925} INFO - DAG(s) 'dataset_alias_example_alias_consumer', 'dataset_alias_example_alias_producer', 'dataset_s3_bucket_producer', 'dataset_s3_bucket_consumer' retrieved from /home/airflow/.local/lib/python3.12/site-packages/airflow/example_dags/example_dataset_alias.py
[2026-08-08T03:18:47.142+0000] {logging_mixin.py:190} INFO - [2026-08-08T03:18:47.141+0000] {dag.py:3239} INFO - Sync 4 DAGs
[2026-08-08T03:18:47.175+0000] {logging_mixin.py:190} INFO - [2026-08-08T03:18:47.175+0000] {dag.py:4180} INFO - Setting next_dagrun for dataset_alias_example_alias_consumer to None, run_after=None
[2026-08-08T03:18:47.180+0000] {logging_mixin.py:190} INFO - [2026-08-08T03:18:47.179+0000] {dag.py:4180} INFO - Setting next_dagrun for dataset_alias_example_alias_producer to None, run_after=None
[2026-08-08T03:18:47.182+0000] {logging_mixin.py:190} INFO - [2026-08-08T03:18:47.182+0000] {dag.py:4180} INFO - Setting next_dagrun for dataset_s3_bucket_consumer to None, run_after=None
[2026-08-08T03:18:47.185+0000] {logging_mixin.py:190} INFO - [2026-08-08T03:18:47.185+0000] {dag.py:4180} INFO - Setting next_dagrun for dataset_s3_bucket_producer to None, run_after=None
[2026-08-08T03:18:47.222+0000] {processor.py:208} INFO - Processing /home/airflow/.local/lib/python3.12/site-packages/airflow/example_dags/example_dataset_alias.py took 0.726 seconds
[2026-08-08T03:19:18.025+0000] {processor.py:186} INFO - Started process (PID=16602) to work on /home/airflow/.local/lib/python3.12/site-packages/airflow/example_dags/example_dataset_alias.py
[2026-08-08T03:19:18.026+0000] {processor.py:914} INFO - Processing file /home/airflow/.local/lib/python3.12/site-packages/airflow/example_dags/example_dataset_alias.py for tasks to queue
[2026-08-08T03:19:18.030+0000] {logging_mixin.py:190} INFO - [2026-08-08T03:19:18.030+0000] {dagbag.py:588} INFO - Filling up the DagBag from /home/airflow/.local/lib/python3.12/site-packages/airflow/example_dags/example_dataset_alias.py
[2026-08-08T03:19:18.565+0000] {processor.py:925} INFO - DAG(s) 'dataset_s3_bucket_consumer', 'dataset_s3_bucket_producer', 'dataset_alias_example_alias_consumer', 'dataset_alias_example_alias_producer' retrieved from /home/airflow/.local/lib/python3.12/site-packages/airflow/example_dags/example_dataset_alias.py
[2026-08-08T03:19:18.592+0000] {logging_mixin.py:190} INFO - [2026-08-08T03:19:18.591+0000] {dag.py:3239} INFO - Sync 4 DAGs
[2026-08-08T03:19:18.624+0000] {logging_mixin.py:190} INFO - [2026-08-08T03:19:18.624+0000] {dag.py:4180} INFO - Setting next_dagrun for dataset_alias_example_alias_consumer to None, run_after=None
[2026-08-08T03:19:18.629+0000] {logging_mixin.py:190} INFO - [2026-08-08T03:19:18.629+0000] {dag.py:4180} INFO - Setting next_dagrun for dataset_alias_example_alias_producer to None, run_after=None
[2026-08-08T03:19:18.632+0000] {logging_mixin.py:190} INFO - [2026-08-08T03:19:18.632+0000] {dag.py:4180} INFO - Setting next_dagrun for dataset_s3_bucket_consumer to None, run_after=None
[2026-08-08T03:19:18.635+0000] {logging_mixin.py:190} INFO - [2026-08-08T03:19:18.635+0000] {dag.py:4180} INFO - Setting next_dagrun for dataset_s3_bucket_producer to None, run_after=None
[2026-08-08T03:19:18.668+0000] {processor.py:208} INFO - Processing /home/airflow/.local/lib/python3.12/site-packages/airflow/example_dags/example_dataset_alias.py took 0.652 seconds
[2026-08-08T03:19:48.979+0000] {processor.py:186} INFO - Started process (PID=16667) to work on /home/airflow/.local/lib/python3.12/site-packages/airflow/example_dags/example_dataset_alias.py
[2026-08-08T03:19:48.981+0000] {processor.py:914} INFO - Processing file /home/airflow/.local/lib/python3.12/site-packages/airflow/example_dags/example_dataset_alias.py for tasks to queue
[2026-08-08T03:19:48.985+0000] {logging_mixin.py:190} INFO - [2026-08-08T03:19:48.985+0000] {dagbag.py:588} INFO - Filling up the DagBag from /home/airflow/.local/lib/python3.12/site-packages/airflow/example_dags/example_dataset_alias.py
[2026-08-08T03:19:49.527+0000] {processor.py:925} INFO - DAG(s) 'dataset_alias_example_alias_consumer', 'dataset_s3_bucket_consumer', 'dataset_alias_example_alias_producer', 'dataset_s3_bucket_producer' retrieved from /home/airflow/.local/lib/python3.12/site-packages/airflow/example_dags/example_dataset_alias.py
[2026-08-08T03:19:49.558+0000] {logging_mixin.py:190} INFO - [2026-08-08T03:19:49.557+0000] {dag.py:3239} INFO - Sync 4 DAGs
[2026-08-08T03:19:49.593+0000] {logging_mixin.py:190} INFO - [2026-08-08T03:19:49.593+0000] {dag.py:4180} INFO - Setting next_dagrun for dataset_alias_example_alias_consumer to None, run_after=None
[2026-08-08T03:19:49.598+0000] {logging_mixin.py:190} INFO - [2026-08-08T03:19:49.598+0000] {dag.py:4180} INFO - Setting next_dagrun for dataset_alias_example_alias_producer to None, run_after=None
[2026-08-08T03:19:49.601+0000] {logging_mixin.py:190} INFO - [2026-08-08T03:19:49.601+0000] {dag.py:4180} INFO - Setting next_dagrun for dataset_s3_bucket_consumer to None, run_after=None
[2026-08-08T03:19:49.603+0000] {logging_mixin.py:190} INFO - [2026-08-08T03:19:49.603+0000] {dag.py:4180} INFO - Setting next_dagrun for dataset_s3_bucket_producer to None, run_after=None
[2026-08-08T03:19:49.631+0000] {processor.py:208} INFO - Processing /home/airflow/.local/lib/python3.12/site-packages/airflow/example_dags/example_dataset_alias.py took 0.660 seconds
[2026-08-08T03:20:20.540+0000] {processor.py:186} INFO - Started process (PID=16732) to work on /home/airflow/.local/lib/python3.12/site-packages/airflow/example_dags/example_dataset_alias.py
[2026-08-08T03:20:20.541+0000] {processor.py:914} INFO - Processing file /home/airflow/.local/lib/python3.12/site-packages/airflow/example_dags/example_dataset_alias.py for tasks to queue
[2026-08-08T03:20:20.546+0000] {logging_mixin.py:190} INFO - [2026-08-08T03:20:20.545+0000] {dagbag.py:588} INFO - Filling up the DagBag from /home/airflow/.local/lib/python3.12/site-packages/airflow/example_dags/example_dataset_alias.py
[2026-08-08T03:20:21.223+0000] {processor.py:925} INFO - DAG(s) 'dataset_alias_example_alias_producer', 'dataset_s3_bucket_consumer', 'dataset_alias_example_alias_consumer', 'dataset_s3_bucket_producer' retrieved from /home/airflow/.local/lib/python3.12/site-packages/airflow/example_dags/example_dataset_alias.py
[2026-08-08T03:20:21.270+0000] {logging_mixin.py:190} INFO - [2026-08-08T03:20:21.269+0000] {dag.py:3239} INFO - Sync 4 DAGs
[2026-08-08T03:20:21.335+0000] {logging_mixin.py:190} INFO - [2026-08-08T03:20:21.334+0000] {dag.py:4180} INFO - Setting next_dagrun for dataset_alias_example_alias_consumer to None, run_after=None
[2026-08-08T03:20:21.341+0000] {logging_mixin.py:190} INFO - [2026-08-08T03:20:21.340+0000] {dag.py:4180} INFO - Setting next_dagrun for dataset_alias_example_alias_producer to None, run_after=None
[2026-08-08T03:20:21.344+0000] {logging_mixin.py:190} INFO - [2026-08-08T03:20:21.344+0000] {dag.py:4180} INFO - Setting next_dagrun for dataset_s3_bucket_consumer to None, run_after=None
[2026-08-08T03:20:21.348+0000] {logging_mixin.py:190} INFO - [2026-08-08T03:20:21.347+0000] {dag.py:4180} INFO - Setting next_dagrun for dataset_s3_bucket_producer to None, run_after=None
[2026-08-08T03:20:21.389+0000] {processor.py:208} INFO - Processing /home/airflow/.local/lib/python3.12/site-packages/airflow/example_dags/example_dataset_alias.py took 0.857 seconds
[2026-08-08T03:20:52.096+0000] {processor.py:186} INFO - Started process (PID=16797) to work on /home/airflow/.local/lib/python3.12/site-packages/airflow/example_dags/example_dataset_alias.py
[2026-08-08T03:20:52.097+0000] {processor.py:914} INFO - Processing file /home/airflow/.local/lib/python3.12/site-packages/airflow/example_dags/example_dataset_alias.py for tasks to queue
[2026-08-08T03:20:52.100+0000] {logging_mixin.py:190} INFO - [2026-08-08T03:20:52.100+0000] {dagbag.py:588} INFO - Filling up the DagBag from /home/airflow/.local/lib/python3.12/site-packages/airflow/example_dags/example_dataset_alias.py
[2026-08-08T03:20:52.671+0000] {processor.py:925} INFO - DAG(s) 'dataset_s3_bucket_producer', 'dataset_s3_bucket_consumer', 'dataset_alias_example_alias_producer', 'dataset_alias_example_alias_consumer' retrieved from /home/airflow/.local/lib/python3.12/site-packages/airflow/example_dags/example_dataset_alias.py
[2026-08-08T03:20:52.698+0000] {logging_mixin.py:190} INFO - [2026-08-08T03:20:52.698+0000] {dag.py:3239} INFO - Sync 4 DAGs
[2026-08-08T03:20:52.731+0000] {logging_mixin.py:190} INFO - [2026-08-08T03:20:52.730+0000] {dag.py:4180} INFO - Setting next_dagrun for dataset_alias_example_alias_consumer to None, run_after=None
[2026-08-08T03:20:52.735+0000] {logging_mixin.py:190} INFO - [2026-08-08T03:20:52.735+0000] {dag.py:4180} INFO - Setting next_dagrun for dataset_alias_example_alias_producer to None, run_after=None
[2026-08-08T03:20:52.738+0000] {logging_mixin.py:190} INFO - [2026-08-08T03:20:52.738+0000] {dag.py:4180} INFO - Setting next_dagrun for dataset_s3_bucket_consumer to None, run_after=None
[2026-08-08T03:20:52.741+0000] {logging_mixin.py:190} INFO - [2026-08-08T03:20:52.740+0000] {dag.py:4180} INFO - Setting next_dagrun for dataset_s3_bucket_producer to None, run_after=None
[2026-08-08T03:20:52.774+0000] {processor.py:208} INFO - Processing /home/airflow/.local/lib/python3.12/site-packages/airflow/example_dags/example_dataset_alias.py took 0.684 seconds
[2026-08-08T03:21:23.328+0000] {processor.py:186} INFO - Started process (PID=16862) to work on /home/airflow/.local/lib/python3.12/site-packages/airflow/example_dags/example_dataset_alias.py
[2026-08-08T03:21:23.329+0000] {processor.py:914} INFO - Processing file /home/airflow/.local/lib/python3.12/site-packages/airflow/example_dags/example_dataset_alias.py for tasks to queue
[2026-08-08T03:21:23.333+0000] {logging_mixin.py:190} INFO - [2026-08-08T03:21:23.332+0000] {dagbag.py:588} INFO - Filling up the DagBag from /home/airflow/.local/lib/python3.12/site-packages/airflow/example_dags/example_dataset_alias.py
[2026-08-08T03:21:23.823+0000] {processor.py:925} INFO - DAG(s) 'dataset_alias_example_alias_consumer', 'dataset_alias_example_alias_producer', 'dataset_s3_bucket_producer', 'dataset_s3_bucket_consumer' retrieved from /home/airflow/.local/lib/python3.12/site-packages/airflow/example_dags/example_dataset_alias.py
[2026-08-08T03:21:23.855+0000] {logging_mixin.py:190} INFO - [2026-08-08T03:21:23.854+0000] {dag.py:3239} INFO - Sync 4 DAGs
[2026-08-08T03:21:23.891+0000] {logging_mixin.py:190} INFO - [2026-08-08T03:21:23.890+0000] {dag.py:4180} INFO - Setting next_dagrun for dataset_alias_example_alias_consumer to None, run_after=None
[2026-08-08T03:21:23.895+0000] {logging_mixin.py:190} INFO - [2026-08-08T03:21:23.895+0000] {dag.py:4180} INFO - Setting next_dagrun for dataset_alias_example_alias_producer to None, run_after=None
[2026-08-08T03:21:23.898+0000] {logging_mixin.py:190} INFO - [2026-08-08T03:21:23.897+0000] {dag.py:4180} INFO - Setting next_dagrun for dataset_s3_bucket_consumer to None, run_after=None
[2026-08-08T03:21:23.900+0000] {logging_mixin.py:190} INFO - [2026-08-08T03:21:23.900+0000] {dag.py:4180} INFO - Setting next_dagrun for dataset_s3_bucket_producer to None, run_after=None
[2026-08-08T03:21:23.935+0000] {processor.py:208} INFO - Processing /home/airflow/.local/lib/python3.12/site-packages/airflow/example_dags/example_dataset_alias.py took 0.615 seconds
[2026-08-08T06:29:02.717+0000] {processor.py:186} INFO - Started process (PID=103) to work on /home/airflow/.local/lib/python3.12/site-packages/airflow/example_dags/example_dataset_alias.py
[2026-08-08T06:29:02.720+0000] {processor.py:914} INFO - Processing file /home/airflow/.local/lib/python3.12/site-packages/airflow/example_dags/example_dataset_alias.py for tasks to queue
[2026-08-08T06:29:02.729+0000] {logging_mixin.py:190} INFO - [2026-08-08T06:29:02.728+0000] {dagbag.py:588} INFO - Filling up the DagBag from /home/airflow/.local/lib/python3.12/site-packages/airflow/example_dags/example_dataset_alias.py
[2026-08-08T06:29:03.863+0000] {processor.py:925} INFO - DAG(s) 'dataset_alias_example_alias_producer', 'dataset_alias_example_alias_consumer', 'dataset_s3_bucket_consumer', 'dataset_s3_bucket_producer' retrieved from /home/airflow/.local/lib/python3.12/site-packages/airflow/example_dags/example_dataset_alias.py
[2026-08-08T06:29:04.011+0000] {logging_mixin.py:190} INFO - [2026-08-08T06:29:04.010+0000] {override.py:1912} INFO - Created Permission View: can delete on DAG:dataset_alias_example_alias_producer
[2026-08-08T06:29:04.033+0000] {logging_mixin.py:190} INFO - [2026-08-08T06:29:04.033+0000] {override.py:1912} INFO - Created Permission View: can read on DAG:dataset_alias_example_alias_producer
[2026-08-08T06:29:04.044+0000] {logging_mixin.py:190} INFO - [2026-08-08T06:29:04.044+0000] {override.py:1912} INFO - Created Permission View: can edit on DAG:dataset_alias_example_alias_producer
[2026-08-08T06:29:04.057+0000] {logging_mixin.py:190} INFO - [2026-08-08T06:29:04.057+0000] {override.py:1912} INFO - Created Permission View: can delete on DAG Run:dataset_alias_example_alias_producer
[2026-08-08T06:29:04.069+0000] {logging_mixin.py:190} INFO - [2026-08-08T06:29:04.069+0000] {override.py:1912} INFO - Created Permission View: menu access on DAG Run:dataset_alias_example_alias_producer
[2026-08-08T06:29:04.079+0000] {logging_mixin.py:190} INFO - [2026-08-08T06:29:04.078+0000] {override.py:1912} INFO - Created Permission View: can read on DAG Run:dataset_alias_example_alias_producer
[2026-08-08T06:29:04.089+0000] {logging_mixin.py:190} INFO - [2026-08-08T06:29:04.089+0000] {override.py:1912} INFO - Created Permission View: can create on DAG Run:dataset_alias_example_alias_producer
[2026-08-08T06:29:04.105+0000] {logging_mixin.py:190} INFO - [2026-08-08T06:29:04.104+0000] {override.py:1912} INFO - Created Permission View: can delete on DAG:dataset_alias_example_alias_consumer
[2026-08-08T06:29:04.118+0000] {logging_mixin.py:190} INFO - [2026-08-08T06:29:04.118+0000] {override.py:1912} INFO - Created Permission View: can read on DAG:dataset_alias_example_alias_consumer
[2026-08-08T06:29:04.128+0000] {logging_mixin.py:190} INFO - [2026-08-08T06:29:04.128+0000] {override.py:1912} INFO - Created Permission View: can edit on DAG:dataset_alias_example_alias_consumer
[2026-08-08T06:29:04.143+0000] {logging_mixin.py:190} INFO - [2026-08-08T06:29:04.142+0000] {override.py:1912} INFO - Created Permission View: can delete on DAG Run:dataset_alias_example_alias_consumer
[2026-08-08T06:29:04.155+0000] {logging_mixin.py:190} INFO - [2026-08-08T06:29:04.155+0000] {override.py:1912} INFO - Created Permission View: menu access on DAG Run:dataset_alias_example_alias_consumer
[2026-08-08T06:29:04.167+0000] {logging_mixin.py:190} INFO - [2026-08-08T06:29:04.166+0000] {override.py:1912} INFO - Created Permission View: can read on DAG Run:dataset_alias_example_alias_consumer
[2026-08-08T06:29:04.178+0000] {logging_mixin.py:190} INFO - [2026-08-08T06:29:04.178+0000] {override.py:1912} INFO - Created Permission View: can create on DAG Run:dataset_alias_example_alias_consumer
[2026-08-08T06:29:04.194+0000] {logging_mixin.py:190} INFO - [2026-08-08T06:29:04.194+0000] {override.py:1912} INFO - Created Permission View: can delete on DAG:dataset_s3_bucket_consumer
[2026-08-08T06:29:04.204+0000] {logging_mixin.py:190} INFO - [2026-08-08T06:29:04.204+0000] {override.py:1912} INFO - Created Permission View: can read on DAG:dataset_s3_bucket_consumer
[2026-08-08T06:29:04.213+0000] {logging_mixin.py:190} INFO - [2026-08-08T06:29:04.212+0000] {override.py:1912} INFO - Created Permission View: can edit on DAG:dataset_s3_bucket_consumer
[2026-08-08T06:29:04.223+0000] {logging_mixin.py:190} INFO - [2026-08-08T06:29:04.223+0000] {override.py:1912} INFO - Created Permission View: can delete on DAG Run:dataset_s3_bucket_consumer
[2026-08-08T06:29:04.232+0000] {logging_mixin.py:190} INFO - [2026-08-08T06:29:04.231+0000] {override.py:1912} INFO - Created Permission View: menu access on DAG Run:dataset_s3_bucket_consumer
[2026-08-08T06:29:04.241+0000] {logging_mixin.py:190} INFO - [2026-08-08T06:29:04.241+0000] {override.py:1912} INFO - Created Permission View: can read on DAG Run:dataset_s3_bucket_consumer
[2026-08-08T06:29:04.250+0000] {logging_mixin.py:190} INFO - [2026-08-08T06:29:04.250+0000] {override.py:1912} INFO - Created Permission View: can create on DAG Run:dataset_s3_bucket_consumer
[2026-08-08T06:29:04.266+0000] {logging_mixin.py:190} INFO - [2026-08-08T06:29:04.266+0000] {override.py:1912} INFO - Created Permission View: can delete on DAG:dataset_s3_bucket_producer
[2026-08-08T06:29:04.275+0000] {logging_mixin.py:190} INFO - [2026-08-08T06:29:04.275+0000] {override.py:1912} INFO - Created Permission View: can read on DAG:dataset_s3_bucket_producer
[2026-08-08T06:29:04.285+0000] {logging_mixin.py:190} INFO - [2026-08-08T06:29:04.285+0000] {override.py:1912} INFO - Created Permission View: can edit on DAG:dataset_s3_bucket_producer
[2026-08-08T06:29:04.296+0000] {logging_mixin.py:190} INFO - [2026-08-08T06:29:04.296+0000] {override.py:1912} INFO - Created Permission View: can delete on DAG Run:dataset_s3_bucket_producer
[2026-08-08T06:29:04.304+0000] {logging_mixin.py:190} INFO - [2026-08-08T06:29:04.303+0000] {override.py:1912} INFO - Created Permission View: menu access on DAG Run:dataset_s3_bucket_producer
[2026-08-08T06:29:04.313+0000] {logging_mixin.py:190} INFO - [2026-08-08T06:29:04.312+0000] {override.py:1912} INFO - Created Permission View: can read on DAG Run:dataset_s3_bucket_producer
[2026-08-08T06:29:04.322+0000] {logging_mixin.py:190} INFO - [2026-08-08T06:29:04.322+0000] {override.py:1912} INFO - Created Permission View: can create on DAG Run:dataset_s3_bucket_producer
[2026-08-08T06:29:04.324+0000] {logging_mixin.py:190} INFO - [2026-08-08T06:29:04.323+0000] {dag.py:3239} INFO - Sync 4 DAGs
[2026-08-08T06:29:04.339+0000] {logging_mixin.py:190} INFO - [2026-08-08T06:29:04.338+0000] {dag.py:3262} INFO - Creating ORM DAG for dataset_alias_example_alias_consumer
[2026-08-08T06:29:04.341+0000] {logging_mixin.py:190} INFO - [2026-08-08T06:29:04.340+0000] {dag.py:3262} INFO - Creating ORM DAG for dataset_s3_bucket_consumer
[2026-08-08T06:29:04.342+0000] {logging_mixin.py:190} INFO - [2026-08-08T06:29:04.342+0000] {dag.py:3262} INFO - Creating ORM DAG for dataset_alias_example_alias_producer
[2026-08-08T06:29:04.344+0000] {logging_mixin.py:190} INFO - [2026-08-08T06:29:04.344+0000] {dag.py:3262} INFO - Creating ORM DAG for dataset_s3_bucket_producer
[2026-08-08T06:29:04.355+0000] {logging_mixin.py:190} INFO - [2026-08-08T06:29:04.355+0000] {dag.py:4180} INFO - Setting next_dagrun for dataset_alias_example_alias_consumer to None, run_after=None
[2026-08-08T06:29:04.358+0000] {logging_mixin.py:190} INFO - [2026-08-08T06:29:04.357+0000] {dag.py:4180} INFO - Setting next_dagrun for dataset_alias_example_alias_producer to None, run_after=None
[2026-08-08T06:29:04.359+0000] {logging_mixin.py:190} INFO - [2026-08-08T06:29:04.359+0000] {dag.py:4180} INFO - Setting next_dagrun for dataset_s3_bucket_consumer to None, run_after=None
[2026-08-08T06:29:04.361+0000] {logging_mixin.py:190} INFO - [2026-08-08T06:29:04.361+0000] {dag.py:4180} INFO - Setting next_dagrun for dataset_s3_bucket_producer to None, run_after=None
[2026-08-08T06:29:04.398+0000] {processor.py:208} INFO - Processing /home/airflow/.local/lib/python3.12/site-packages/airflow/example_dags/example_dataset_alias.py took 1.698 seconds
[2026-08-08T06:29:35.249+0000] {processor.py:186} INFO - Started process (PID=170) to work on /home/airflow/.local/lib/python3.12/site-packages/airflow/example_dags/example_dataset_alias.py
[2026-08-08T06:29:35.250+0000] {processor.py:914} INFO - Processing file /home/airflow/.local/lib/python3.12/site-packages/airflow/example_dags/example_dataset_alias.py for tasks to queue
[2026-08-08T06:29:35.253+0000] {logging_mixin.py:190} INFO - [2026-08-08T06:29:35.253+0000] {dagbag.py:588} INFO - Filling up the DagBag from /home/airflow/.local/lib/python3.12/site-packages/airflow/example_dags/example_dataset_alias.py
[2026-08-08T06:29:35.901+0000] {processor.py:925} INFO - DAG(s) 'dataset_s3_bucket_consumer', 'dataset_alias_example_alias_producer', 'dataset_s3_bucket_producer', 'dataset_alias_example_alias_consumer' retrieved from /home/airflow/.local/lib/python3.12/site-packages/airflow/example_dags/example_dataset_alias.py
[2026-08-08T06:29:35.923+0000] {logging_mixin.py:190} INFO - [2026-08-08T06:29:35.922+0000] {dag.py:3239} INFO - Sync 4 DAGs
[2026-08-08T06:29:35.948+0000] {logging_mixin.py:190} INFO - [2026-08-08T06:29:35.948+0000] {dag.py:4180} INFO - Setting next_dagrun for dataset_alias_example_alias_consumer to None, run_after=None
[2026-08-08T06:29:35.951+0000] {logging_mixin.py:190} INFO - [2026-08-08T06:29:35.951+0000] {dag.py:4180} INFO - Setting next_dagrun for dataset_alias_example_alias_producer to None, run_after=None
[2026-08-08T06:29:35.953+0000] {logging_mixin.py:190} INFO - [2026-08-08T06:29:35.953+0000] {dag.py:4180} INFO - Setting next_dagrun for dataset_s3_bucket_consumer to None, run_after=None
[2026-08-08T06:29:35.955+0000] {logging_mixin.py:190} INFO - [2026-08-08T06:29:35.955+0000] {dag.py:4180} INFO - Setting next_dagrun for dataset_s3_bucket_producer to None, run_after=None
[2026-08-08T06:29:35.980+0000] {processor.py:208} INFO - Processing /home/airflow/.local/lib/python3.12/site-packages/airflow/example_dags/example_dataset_alias.py took 0.738 seconds
[2026-08-08T06:30:06.151+0000] {processor.py:186} INFO - Started process (PID=235) to work on /home/airflow/.local/lib/python3.12/site-packages/airflow/example_dags/example_dataset_alias.py
[2026-08-08T06:30:06.152+0000] {processor.py:914} INFO - Processing file /home/airflow/.local/lib/python3.12/site-packages/airflow/example_dags/example_dataset_alias.py for tasks to queue
[2026-08-08T06:30:06.155+0000] {logging_mixin.py:190} INFO - [2026-08-08T06:30:06.155+0000] {dagbag.py:588} INFO - Filling up the DagBag from /home/airflow/.local/lib/python3.12/site-packages/airflow/example_dags/example_dataset_alias.py
[2026-08-08T06:30:06.750+0000] {processor.py:925} INFO - DAG(s) 'dataset_alias_example_alias_producer', 'dataset_alias_example_alias_consumer', 'dataset_s3_bucket_producer', 'dataset_s3_bucket_consumer' retrieved from /home/airflow/.local/lib/python3.12/site-packages/airflow/example_dags/example_dataset_alias.py
[2026-08-08T06:30:06.770+0000] {logging_mixin.py:190} INFO - [2026-08-08T06:30:06.770+0000] {dag.py:3239} INFO - Sync 4 DAGs
[2026-08-08T06:30:06.793+0000] {logging_mixin.py:190} INFO - [2026-08-08T06:30:06.792+0000] {dag.py:4180} INFO - Setting next_dagrun for dataset_alias_example_alias_consumer to None, run_after=None
[2026-08-08T06:30:06.796+0000] {logging_mixin.py:190} INFO - [2026-08-08T06:30:06.796+0000] {dag.py:4180} INFO - Setting next_dagrun for dataset_alias_example_alias_producer to None, run_after=None
[2026-08-08T06:30:06.798+0000] {logging_mixin.py:190} INFO - [2026-08-08T06:30:06.798+0000] {dag.py:4180} INFO - Setting next_dagrun for dataset_s3_bucket_consumer to None, run_after=None
[2026-08-08T06:30:06.800+0000] {logging_mixin.py:190} INFO - [2026-08-08T06:30:06.800+0000] {dag.py:4180} INFO - Setting next_dagrun for dataset_s3_bucket_producer to None, run_after=None
[2026-08-08T06:30:06.820+0000] {processor.py:208} INFO - Processing /home/airflow/.local/lib/python3.12/site-packages/airflow/example_dags/example_dataset_alias.py took 0.677 seconds
[2026-08-08T06:30:36.943+0000] {processor.py:186} INFO - Started process (PID=304) to work on /home/airflow/.local/lib/python3.12/site-packages/airflow/example_dags/example_dataset_alias.py
[2026-08-08T06:30:36.944+0000] {processor.py:914} INFO - Processing file /home/airflow/.local/lib/python3.12/site-packages/airflow/example_dags/example_dataset_alias.py for tasks to queue
[2026-08-08T06:30:36.948+0000] {logging_mixin.py:190} INFO - [2026-08-08T06:30:36.947+0000] {dagbag.py:588} INFO - Filling up the DagBag from /home/airflow/.local/lib/python3.12/site-packages/airflow/example_dags/example_dataset_alias.py
[2026-08-08T06:30:37.577+0000] {processor.py:925} INFO - DAG(s) 'dataset_alias_example_alias_producer', 'dataset_s3_bucket_consumer', 'dataset_s3_bucket_producer', 'dataset_alias_example_alias_consumer' retrieved from /home/airflow/.local/lib/python3.12/site-packages/airflow/example_dags/example_dataset_alias.py
[2026-08-08T06:30:37.599+0000] {logging_mixin.py:190} INFO - [2026-08-08T06:30:37.598+0000] {dag.py:3239} INFO - Sync 4 DAGs
[2026-08-08T06:30:37.622+0000] {logging_mixin.py:190} INFO - [2026-08-08T06:30:37.622+0000] {dag.py:4180} INFO - Setting next_dagrun for dataset_alias_example_alias_consumer to None, run_after=None
[2026-08-08T06:30:37.626+0000] {logging_mixin.py:190} INFO - [2026-08-08T06:30:37.625+0000] {dag.py:4180} INFO - Setting next_dagrun for dataset_alias_example_alias_producer to None, run_after=None
[2026-08-08T06:30:37.628+0000] {logging_mixin.py:190} INFO - [2026-08-08T06:30:37.628+0000] {dag.py:4180} INFO - Setting next_dagrun for dataset_s3_bucket_consumer to None, run_after=None
[2026-08-08T06:30:37.631+0000] {logging_mixin.py:190} INFO - [2026-08-08T06:30:37.630+0000] {dag.py:4180} INFO - Setting next_dagrun for dataset_s3_bucket_producer to None, run_after=None
[2026-08-08T06:30:37.653+0000] {processor.py:208} INFO - Processing /home/airflow/.local/lib/python3.12/site-packages/airflow/example_dags/example_dataset_alias.py took 0.717 seconds
[2026-08-08T06:31:07.703+0000] {processor.py:186} INFO - Started process (PID=365) to work on /home/airflow/.local/lib/python3.12/site-packages/airflow/example_dags/example_dataset_alias.py
[2026-08-08T06:31:07.705+0000] {processor.py:914} INFO - Processing file /home/airflow/.local/lib/python3.12/site-packages/airflow/example_dags/example_dataset_alias.py for tasks to queue
[2026-08-08T06:31:07.708+0000] {logging_mixin.py:190} INFO - [2026-08-08T06:31:07.708+0000] {dagbag.py:588} INFO - Filling up the DagBag from /home/airflow/.local/lib/python3.12/site-packages/airflow/example_dags/example_dataset_alias.py
[2026-08-08T06:31:08.330+0000] {processor.py:925} INFO - DAG(s) 'dataset_alias_example_alias_consumer', 'dataset_alias_example_alias_producer', 'dataset_s3_bucket_producer', 'dataset_s3_bucket_consumer' retrieved from /home/airflow/.local/lib/python3.12/site-packages/airflow/example_dags/example_dataset_alias.py
[2026-08-08T06:31:08.353+0000] {logging_mixin.py:190} INFO - [2026-08-08T06:31:08.353+0000] {dag.py:3239} INFO - Sync 4 DAGs
[2026-08-08T06:31:08.379+0000] {logging_mixin.py:190} INFO - [2026-08-08T06:31:08.379+0000] {dag.py:4180} INFO - Setting next_dagrun for dataset_alias_example_alias_consumer to None, run_after=None
[2026-08-08T06:31:08.383+0000] {logging_mixin.py:190} INFO - [2026-08-08T06:31:08.382+0000] {dag.py:4180} INFO - Setting next_dagrun for dataset_alias_example_alias_producer to None, run_after=None
[2026-08-08T06:31:08.385+0000] {logging_mixin.py:190} INFO - [2026-08-08T06:31:08.385+0000] {dag.py:4180} INFO - Setting next_dagrun for dataset_s3_bucket_consumer to None, run_after=None
[2026-08-08T06:31:08.388+0000] {logging_mixin.py:190} INFO - [2026-08-08T06:31:08.388+0000] {dag.py:4180} INFO - Setting next_dagrun for dataset_s3_bucket_producer to None, run_after=None
[2026-08-08T06:31:08.413+0000] {processor.py:208} INFO - Processing /home/airflow/.local/lib/python3.12/site-packages/airflow/example_dags/example_dataset_alias.py took 0.719 seconds
[2026-08-08T06:31:39.144+0000] {processor.py:186} INFO - Started process (PID=433) to work on /home/airflow/.local/lib/python3.12/site-packages/airflow/example_dags/example_dataset_alias.py
[2026-08-08T06:31:39.145+0000] {processor.py:914} INFO - Processing file /home/airflow/.local/lib/python3.12/site-packages/airflow/example_dags/example_dataset_alias.py for tasks to queue
[2026-08-08T06:31:39.149+0000] {logging_mixin.py:190} INFO - [2026-08-08T06:31:39.149+0000] {dagbag.py:588} INFO - Filling up the DagBag from /home/airflow/.local/lib/python3.12/site-packages/airflow/example_dags/example_dataset_alias.py
[2026-08-08T06:31:39.840+0000] {processor.py:925} INFO - DAG(s) 'dataset_s3_bucket_consumer', 'dataset_alias_example_alias_consumer', 'dataset_alias_example_alias_producer', 'dataset_s3_bucket_producer' retrieved from /home/airflow/.local/lib/python3.12/site-packages/airflow/example_dags/example_dataset_alias.py
[2026-08-08T06:31:39.865+0000] {logging_mixin.py:190} INFO - [2026-08-08T06:31:39.864+0000] {dag.py:3239} INFO - Sync 4 DAGs
[2026-08-08T06:31:39.897+0000] {logging_mixin.py:190} INFO - [2026-08-08T06:31:39.897+0000] {dag.py:4180} INFO - Setting next_dagrun for dataset_alias_example_alias_consumer to None, run_after=None
[2026-08-08T06:31:39.901+0000] {logging_mixin.py:190} INFO - [2026-08-08T06:31:39.901+0000] {dag.py:4180} INFO - Setting next_dagrun for dataset_alias_example_alias_producer to None, run_after=None
[2026-08-08T06:31:39.903+0000] {logging_mixin.py:190} INFO - [2026-08-08T06:31:39.903+0000] {dag.py:4180} INFO - Setting next_dagrun for dataset_s3_bucket_consumer to None, run_after=None
[2026-08-08T06:31:39.905+0000] {logging_mixin.py:190} INFO - [2026-08-08T06:31:39.905+0000] {dag.py:4180} INFO - Setting next_dagrun for dataset_s3_bucket_producer to None, run_after=None
[2026-08-08T06:31:39.928+0000] {processor.py:208} INFO - Processing /home/airflow/.local/lib/python3.12/site-packages/airflow/example_dags/example_dataset_alias.py took 0.792 seconds
[2026-08-08T06:32:10.816+0000] {processor.py:186} INFO - Started process (PID=504) to work on /home/airflow/.local/lib/python3.12/site-packages/airflow/example_dags/example_dataset_alias.py
[2026-08-08T06:32:10.817+0000] {processor.py:914} INFO - Processing file /home/airflow/.local/lib/python3.12/site-packages/airflow/example_dags/example_dataset_alias.py for tasks to queue
[2026-08-08T06:32:10.821+0000] {logging_mixin.py:190} INFO - [2026-08-08T06:32:10.820+0000] {dagbag.py:588} INFO - Filling up the DagBag from /home/airflow/.local/lib/python3.12/site-packages/airflow/example_dags/example_dataset_alias.py
[2026-08-08T06:32:11.520+0000] {processor.py:925} INFO - DAG(s) 'dataset_alias_example_alias_producer', 'dataset_alias_example_alias_consumer', 'dataset_s3_bucket_producer', 'dataset_s3_bucket_consumer' retrieved from /home/airflow/.local/lib/python3.12/site-packages/airflow/example_dags/example_dataset_alias.py
[2026-08-08T06:32:11.545+0000] {logging_mixin.py:190} INFO - [2026-08-08T06:32:11.544+0000] {dag.py:3239} INFO - Sync 4 DAGs
[2026-08-08T06:32:11.568+0000] {logging_mixin.py:190} INFO - [2026-08-08T06:32:11.568+0000] {dag.py:4180} INFO - Setting next_dagrun for dataset_alias_example_alias_consumer to None, run_after=None
[2026-08-08T06:32:11.572+0000] {logging_mixin.py:190} INFO - [2026-08-08T06:32:11.571+0000] {dag.py:4180} INFO - Setting next_dagrun for dataset_alias_example_alias_producer to None, run_after=None
[2026-08-08T06:32:11.575+0000] {logging_mixin.py:190} INFO - [2026-08-08T06:32:11.575+0000] {dag.py:4180} INFO - Setting next_dagrun for dataset_s3_bucket_consumer to None, run_after=None
[2026-08-08T06:32:11.577+0000] {logging_mixin.py:190} INFO - [2026-08-08T06:32:11.577+0000] {dag.py:4180} INFO - Setting next_dagrun for dataset_s3_bucket_producer to None, run_after=None
[2026-08-08T06:32:11.598+0000] {processor.py:208} INFO - Processing /home/airflow/.local/lib/python3.12/site-packages/airflow/example_dags/example_dataset_alias.py took 0.790 seconds
[2026-08-08T06:32:41.711+0000] {processor.py:186} INFO - Started process (PID=569) to work on /home/airflow/.local/lib/python3.12/site-packages/airflow/example_dags/example_dataset_alias.py
[2026-08-08T06:32:41.713+0000] {processor.py:914} INFO - Processing file /home/airflow/.local/lib/python3.12/site-packages/airflow/example_dags/example_dataset_alias.py for tasks to queue
[2026-08-08T06:32:41.716+0000] {logging_mixin.py:190} INFO - [2026-08-08T06:32:41.716+0000] {dagbag.py:588} INFO - Filling up the DagBag from /home/airflow/.local/lib/python3.12/site-packages/airflow/example_dags/example_dataset_alias.py
[2026-08-08T06:32:42.272+0000] {processor.py:925} INFO - DAG(s) 'dataset_s3_bucket_consumer', 'dataset_alias_example_alias_consumer', 'dataset_alias_example_alias_producer', 'dataset_s3_bucket_producer' retrieved from /home/airflow/.local/lib/python3.12/site-packages/airflow/example_dags/example_dataset_alias.py
[2026-08-08T06:32:42.293+0000] {logging_mixin.py:190} INFO - [2026-08-08T06:32:42.293+0000] {dag.py:3239} INFO - Sync 4 DAGs
[2026-08-08T06:32:42.315+0000] {logging_mixin.py:190} INFO - [2026-08-08T06:32:42.314+0000] {dag.py:4180} INFO - Setting next_dagrun for dataset_alias_example_alias_consumer to None, run_after=None
[2026-08-08T06:32:42.319+0000] {logging_mixin.py:190} INFO - [2026-08-08T06:32:42.319+0000] {dag.py:4180} INFO - Setting next_dagrun for dataset_alias_example_alias_producer to None, run_after=None
[2026-08-08T06:32:42.322+0000] {logging_mixin.py:190} INFO - [2026-08-08T06:32:42.321+0000] {dag.py:4180} INFO - Setting next_dagrun for dataset_s3_bucket_consumer to None, run_after=None
[2026-08-08T06:32:42.324+0000] {logging_mixin.py:190} INFO - [2026-08-08T06:32:42.324+0000] {dag.py:4180} INFO - Setting next_dagrun for dataset_s3_bucket_producer to None, run_after=None
[2026-08-08T06:32:42.351+0000] {processor.py:208} INFO - Processing /home/airflow/.local/lib/python3.12/site-packages/airflow/example_dags/example_dataset_alias.py took 0.646 seconds
[2026-08-08T06:33:12.816+0000] {processor.py:186} INFO - Started process (PID=634) to work on /home/airflow/.local/lib/python3.12/site-packages/airflow/example_dags/example_dataset_alias.py
[2026-08-08T06:33:12.817+0000] {processor.py:914} INFO - Processing file /home/airflow/.local/lib/python3.12/site-packages/airflow/example_dags/example_dataset_alias.py for tasks to queue
[2026-08-08T06:33:12.821+0000] {logging_mixin.py:190} INFO - [2026-08-08T06:33:12.821+0000] {dagbag.py:588} INFO - Filling up the DagBag from /home/airflow/.local/lib/python3.12/site-packages/airflow/example_dags/example_dataset_alias.py
[2026-08-08T06:33:13.460+0000] {processor.py:925} INFO - DAG(s) 'dataset_s3_bucket_consumer', 'dataset_alias_example_alias_producer', 'dataset_alias_example_alias_consumer', 'dataset_s3_bucket_producer' retrieved from /home/airflow/.local/lib/python3.12/site-packages/airflow/example_dags/example_dataset_alias.py
[2026-08-08T06:33:13.487+0000] {logging_mixin.py:190} INFO - [2026-08-08T06:33:13.487+0000] {dag.py:3239} INFO - Sync 4 DAGs
[2026-08-08T06:33:13.522+0000] {logging_mixin.py:190} INFO - [2026-08-08T06:33:13.522+0000] {dag.py:4180} INFO - Setting next_dagrun for dataset_alias_example_alias_consumer to None, run_after=None
[2026-08-08T06:33:13.528+0000] {logging_mixin.py:190} INFO - [2026-08-08T06:33:13.528+0000] {dag.py:4180} INFO - Setting next_dagrun for dataset_alias_example_alias_producer to None, run_after=None
[2026-08-08T06:33:13.531+0000] {logging_mixin.py:190} INFO - [2026-08-08T06:33:13.531+0000] {dag.py:4180} INFO - Setting next_dagrun for dataset_s3_bucket_consumer to None, run_after=None
[2026-08-08T06:33:13.534+0000] {logging_mixin.py:190} INFO - [2026-08-08T06:33:13.534+0000] {dag.py:4180} INFO - Setting next_dagrun for dataset_s3_bucket_producer to None, run_after=None
[2026-08-08T06:33:13.560+0000] {processor.py:208} INFO - Processing /home/airflow/.local/lib/python3.12/site-packages/airflow/example_dags/example_dataset_alias.py took 0.753 seconds
[2026-08-08T06:33:43.754+0000] {processor.py:186} INFO - Started process (PID=703) to work on /home/airflow/.local/lib/python3.12/site-packages/airflow/example_dags/example_dataset_alias.py
[2026-08-08T06:33:43.756+0000] {processor.py:914} INFO - Processing file /home/airflow/.local/lib/python3.12/site-packages/airflow/example_dags/example_dataset_alias.py for tasks to queue
[2026-08-08T06:33:43.759+0000] {logging_mixin.py:190} INFO - [2026-08-08T06:33:43.758+0000] {dagbag.py:588} INFO - Filling up the DagBag from /home/airflow/.local/lib/python3.12/site-packages/airflow/example_dags/example_dataset_alias.py
[2026-08-08T06:33:44.422+0000] {processor.py:925} INFO - DAG(s) 'dataset_alias_example_alias_producer', 'dataset_s3_bucket_consumer', 'dataset_alias_example_alias_consumer', 'dataset_s3_bucket_producer' retrieved from /home/airflow/.local/lib/python3.12/site-packages/airflow/example_dags/example_dataset_alias.py
[2026-08-08T06:33:44.446+0000] {logging_mixin.py:190} INFO - [2026-08-08T06:33:44.446+0000] {dag.py:3239} INFO - Sync 4 DAGs
[2026-08-08T06:33:44.473+0000] {logging_mixin.py:190} INFO - [2026-08-08T06:33:44.472+0000] {dag.py:4180} INFO - Setting next_dagrun for dataset_alias_example_alias_consumer to None, run_after=None
[2026-08-08T06:33:44.476+0000] {logging_mixin.py:190} INFO - [2026-08-08T06:33:44.476+0000] {dag.py:4180} INFO - Setting next_dagrun for dataset_alias_example_alias_producer to None, run_after=None
[2026-08-08T06:33:44.479+0000] {logging_mixin.py:190} INFO - [2026-08-08T06:33:44.478+0000] {dag.py:4180} INFO - Setting next_dagrun for dataset_s3_bucket_consumer to None, run_after=None
[2026-08-08T06:33:44.481+0000] {logging_mixin.py:190} INFO - [2026-08-08T06:33:44.481+0000] {dag.py:4180} INFO - Setting next_dagrun for dataset_s3_bucket_producer to None, run_after=None
[2026-08-08T06:33:44.534+0000] {processor.py:208} INFO - Processing /home/airflow/.local/lib/python3.12/site-packages/airflow/example_dags/example_dataset_alias.py took 0.788 seconds
[2026-08-08T06:34:14.994+0000] {processor.py:186} INFO - Started process (PID=771) to work on /home/airflow/.local/lib/python3.12/site-packages/airflow/example_dags/example_dataset_alias.py
[2026-08-08T06:34:14.995+0000] {processor.py:914} INFO - Processing file /home/airflow/.local/lib/python3.12/site-packages/airflow/example_dags/example_dataset_alias.py for tasks to queue
[2026-08-08T06:34:14.999+0000] {logging_mixin.py:190} INFO - [2026-08-08T06:34:14.999+0000] {dagbag.py:588} INFO - Filling up the DagBag from /home/airflow/.local/lib/python3.12/site-packages/airflow/example_dags/example_dataset_alias.py
[2026-08-08T06:34:15.678+0000] {processor.py:925} INFO - DAG(s) 'dataset_s3_bucket_producer', 'dataset_alias_example_alias_producer', 'dataset_s3_bucket_consumer', 'dataset_alias_example_alias_consumer' retrieved from /home/airflow/.local/lib/python3.12/site-packages/airflow/example_dags/example_dataset_alias.py
[2026-08-08T06:34:15.706+0000] {logging_mixin.py:190} INFO - [2026-08-08T06:34:15.705+0000] {dag.py:3239} INFO - Sync 4 DAGs
[2026-08-08T06:34:15.732+0000] {logging_mixin.py:190} INFO - [2026-08-08T06:34:15.731+0000] {dag.py:4180} INFO - Setting next_dagrun for dataset_alias_example_alias_consumer to None, run_after=None
[2026-08-08T06:34:15.736+0000] {logging_mixin.py:190} INFO - [2026-08-08T06:34:15.736+0000] {dag.py:4180} INFO - Setting next_dagrun for dataset_alias_example_alias_producer to None, run_after=None
[2026-08-08T06:34:15.739+0000] {logging_mixin.py:190} INFO - [2026-08-08T06:34:15.739+0000] {dag.py:4180} INFO - Setting next_dagrun for dataset_s3_bucket_consumer to None, run_after=None
[2026-08-08T06:34:15.742+0000] {logging_mixin.py:190} INFO - [2026-08-08T06:34:15.741+0000] {dag.py:4180} INFO - Setting next_dagrun for dataset_s3_bucket_producer to None, run_after=None
[2026-08-08T06:34:15.771+0000] {processor.py:208} INFO - Processing /home/airflow/.local/lib/python3.12/site-packages/airflow/example_dags/example_dataset_alias.py took 0.785 seconds
[2026-08-08T06:34:46.471+0000] {processor.py:186} INFO - Started process (PID=836) to work on /home/airflow/.local/lib/python3.12/site-packages/airflow/example_dags/example_dataset_alias.py
[2026-08-08T06:34:46.473+0000] {processor.py:914} INFO - Processing file /home/airflow/.local/lib/python3.12/site-packages/airflow/example_dags/example_dataset_alias.py for tasks to queue
[2026-08-08T06:34:46.475+0000] {logging_mixin.py:190} INFO - [2026-08-08T06:34:46.475+0000] {dagbag.py:588} INFO - Filling up the DagBag from /home/airflow/.local/lib/python3.12/site-packages/airflow/example_dags/example_dataset_alias.py
[2026-08-08T06:34:47.035+0000] {processor.py:925} INFO - DAG(s) 'dataset_alias_example_alias_producer', 'dataset_s3_bucket_consumer', 'dataset_alias_example_alias_consumer', 'dataset_s3_bucket_producer' retrieved from /home/airflow/.local/lib/python3.12/site-packages/airflow/example_dags/example_dataset_alias.py
[2026-08-08T06:34:47.059+0000] {logging_mixin.py:190} INFO - [2026-08-08T06:34:47.058+0000] {dag.py:3239} INFO - Sync 4 DAGs
[2026-08-08T06:34:47.080+0000] {logging_mixin.py:190} INFO - [2026-08-08T06:34:47.080+0000] {dag.py:4180} INFO - Setting next_dagrun for dataset_alias_example_alias_consumer to None, run_after=None
[2026-08-08T06:34:47.084+0000] {logging_mixin.py:190} INFO - [2026-08-08T06:34:47.083+0000] {dag.py:4180} INFO - Setting next_dagrun for dataset_alias_example_alias_producer to None, run_after=None
[2026-08-08T06:34:47.086+0000] {logging_mixin.py:190} INFO - [2026-08-08T06:34:47.086+0000] {dag.py:4180} INFO - Setting next_dagrun for dataset_s3_bucket_consumer to None, run_after=None
[2026-08-08T06:34:47.089+0000] {logging_mixin.py:190} INFO - [2026-08-08T06:34:47.089+0000] {dag.py:4180} INFO - Setting next_dagrun for dataset_s3_bucket_producer to None, run_after=None
[2026-08-08T06:34:47.114+0000] {processor.py:208} INFO - Processing /home/airflow/.local/lib/python3.12/site-packages/airflow/example_dags/example_dataset_alias.py took 0.650 seconds
[2026-08-08T06:35:17.610+0000] {processor.py:186} INFO - Started process (PID=901) to work on /home/airflow/.local/lib/python3.12/site-packages/airflow/example_dags/example_dataset_alias.py
[2026-08-08T06:35:17.611+0000] {processor.py:914} INFO - Processing file /home/airflow/.local/lib/python3.12/site-packages/airflow/example_dags/example_dataset_alias.py for tasks to queue
[2026-08-08T06:35:17.614+0000] {logging_mixin.py:190} INFO - [2026-08-08T06:35:17.613+0000] {dagbag.py:588} INFO - Filling up the DagBag from /home/airflow/.local/lib/python3.12/site-packages/airflow/example_dags/example_dataset_alias.py
[2026-08-08T06:35:18.191+0000] {processor.py:925} INFO - DAG(s) 'dataset_alias_example_alias_consumer', 'dataset_s3_bucket_consumer', 'dataset_s3_bucket_producer', 'dataset_alias_example_alias_producer' retrieved from /home/airflow/.local/lib/python3.12/site-packages/airflow/example_dags/example_dataset_alias.py
[2026-08-08T06:35:18.214+0000] {logging_mixin.py:190} INFO - [2026-08-08T06:35:18.213+0000] {dag.py:3239} INFO - Sync 4 DAGs
[2026-08-08T06:35:18.238+0000] {logging_mixin.py:190} INFO - [2026-08-08T06:35:18.238+0000] {dag.py:4180} INFO - Setting next_dagrun for dataset_alias_example_alias_consumer to None, run_after=None
[2026-08-08T06:35:18.242+0000] {logging_mixin.py:190} INFO - [2026-08-08T06:35:18.242+0000] {dag.py:4180} INFO - Setting next_dagrun for dataset_alias_example_alias_producer to None, run_after=None
[2026-08-08T06:35:18.245+0000] {logging_mixin.py:190} INFO - [2026-08-08T06:35:18.245+0000] {dag.py:4180} INFO - Setting next_dagrun for dataset_s3_bucket_consumer to None, run_after=None
[2026-08-08T06:35:18.247+0000] {logging_mixin.py:190} INFO - [2026-08-08T06:35:18.247+0000] {dag.py:4180} INFO - Setting next_dagrun for dataset_s3_bucket_producer to None, run_after=None
[2026-08-08T06:35:18.271+0000] {processor.py:208} INFO - Processing /home/airflow/.local/lib/python3.12/site-packages/airflow/example_dags/example_dataset_alias.py took 0.667 seconds
[2026-08-08T06:35:49.024+0000] {processor.py:186} INFO - Started process (PID=966) to work on /home/airflow/.local/lib/python3.12/site-packages/airflow/example_dags/example_dataset_alias.py
[2026-08-08T06:35:49.026+0000] {processor.py:914} INFO - Processing file /home/airflow/.local/lib/python3.12/site-packages/airflow/example_dags/example_dataset_alias.py for tasks to queue
[2026-08-08T06:35:49.029+0000] {logging_mixin.py:190} INFO - [2026-08-08T06:35:49.028+0000] {dagbag.py:588} INFO - Filling up the DagBag from /home/airflow/.local/lib/python3.12/site-packages/airflow/example_dags/example_dataset_alias.py
[2026-08-08T06:35:49.604+0000] {processor.py:925} INFO - DAG(s) 'dataset_s3_bucket_consumer', 'dataset_alias_example_alias_producer', 'dataset_s3_bucket_producer', 'dataset_alias_example_alias_consumer' retrieved from /home/airflow/.local/lib/python3.12/site-packages/airflow/example_dags/example_dataset_alias.py
[2026-08-08T06:35:49.626+0000] {logging_mixin.py:190} INFO - [2026-08-08T06:35:49.626+0000] {dag.py:3239} INFO - Sync 4 DAGs
[2026-08-08T06:35:49.648+0000] {logging_mixin.py:190} INFO - [2026-08-08T06:35:49.648+0000] {dag.py:4180} INFO - Setting next_dagrun for dataset_alias_example_alias_consumer to None, run_after=None
[2026-08-08T06:35:49.652+0000] {logging_mixin.py:190} INFO - [2026-08-08T06:35:49.652+0000] {dag.py:4180} INFO - Setting next_dagrun for dataset_alias_example_alias_producer to None, run_after=None
[2026-08-08T06:35:49.655+0000] {logging_mixin.py:190} INFO - [2026-08-08T06:35:49.654+0000] {dag.py:4180} INFO - Setting next_dagrun for dataset_s3_bucket_consumer to None, run_after=None
[2026-08-08T06:35:49.657+0000] {logging_mixin.py:190} INFO - [2026-08-08T06:35:49.657+0000] {dag.py:4180} INFO - Setting next_dagrun for dataset_s3_bucket_producer to None, run_after=None
[2026-08-08T06:35:49.681+0000] {processor.py:208} INFO - Processing /home/airflow/.local/lib/python3.12/site-packages/airflow/example_dags/example_dataset_alias.py took 0.664 seconds
[2026-08-08T06:36:20.157+0000] {processor.py:186} INFO - Started process (PID=1031) to work on /home/airflow/.local/lib/python3.12/site-packages/airflow/example_dags/example_dataset_alias.py
[2026-08-08T06:36:20.159+0000] {processor.py:914} INFO - Processing file /home/airflow/.local/lib/python3.12/site-packages/airflow/example_dags/example_dataset_alias.py for tasks to queue
[2026-08-08T06:36:20.161+0000] {logging_mixin.py:190} INFO - [2026-08-08T06:36:20.161+0000] {dagbag.py:588} INFO - Filling up the DagBag from /home/airflow/.local/lib/python3.12/site-packages/airflow/example_dags/example_dataset_alias.py
[2026-08-08T06:36:20.743+0000] {processor.py:925} INFO - DAG(s) 'dataset_s3_bucket_producer', 'dataset_alias_example_alias_consumer', 'dataset_alias_example_alias_producer', 'dataset_s3_bucket_consumer' retrieved from /home/airflow/.local/lib/python3.12/site-packages/airflow/example_dags/example_dataset_alias.py
[2026-08-08T06:36:20.767+0000] {logging_mixin.py:190} INFO - [2026-08-08T06:36:20.766+0000] {dag.py:3239} INFO - Sync 4 DAGs
[2026-08-08T06:36:20.789+0000] {logging_mixin.py:190} INFO - [2026-08-08T06:36:20.789+0000] {dag.py:4180} INFO - Setting next_dagrun for dataset_alias_example_alias_consumer to None, run_after=None
[2026-08-08T06:36:20.792+0000] {logging_mixin.py:190} INFO - [2026-08-08T06:36:20.792+0000] {dag.py:4180} INFO - Setting next_dagrun for dataset_alias_example_alias_producer to None, run_after=None
[2026-08-08T06:36:20.794+0000] {logging_mixin.py:190} INFO - [2026-08-08T06:36:20.794+0000] {dag.py:4180} INFO - Setting next_dagrun for dataset_s3_bucket_consumer to None, run_after=None
[2026-08-08T06:36:20.796+0000] {logging_mixin.py:190} INFO - [2026-08-08T06:36:20.796+0000] {dag.py:4180} INFO - Setting next_dagrun for dataset_s3_bucket_producer to None, run_after=None
[2026-08-08T06:36:20.817+0000] {processor.py:208} INFO - Processing /home/airflow/.local/lib/python3.12/site-packages/airflow/example_dags/example_dataset_alias.py took 0.667 seconds
[2026-08-08T06:36:51.076+0000] {processor.py:186} INFO - Started process (PID=1096) to work on /home/airflow/.local/lib/python3.12/site-packages/airflow/example_dags/example_dataset_alias.py
[2026-08-08T06:36:51.077+0000] {processor.py:914} INFO - Processing file /home/airflow/.local/lib/python3.12/site-packages/airflow/example_dags/example_dataset_alias.py for tasks to queue
[2026-08-08T06:36:51.082+0000] {logging_mixin.py:190} INFO - [2026-08-08T06:36:51.081+0000] {dagbag.py:588} INFO - Filling up the DagBag from /home/airflow/.local/lib/python3.12/site-packages/airflow/example_dags/example_dataset_alias.py
[2026-08-08T06:36:51.918+0000] {processor.py:925} INFO - DAG(s) 'dataset_alias_example_alias_producer', 'dataset_s3_bucket_producer', 'dataset_s3_bucket_consumer', 'dataset_alias_example_alias_consumer' retrieved from /home/airflow/.local/lib/python3.12/site-packages/airflow/example_dags/example_dataset_alias.py
[2026-08-08T06:36:51.945+0000] {logging_mixin.py:190} INFO - [2026-08-08T06:36:51.944+0000] {dag.py:3239} INFO - Sync 4 DAGs
[2026-08-08T06:36:51.968+0000] {logging_mixin.py:190} INFO - [2026-08-08T06:36:51.968+0000] {dag.py:4180} INFO - Setting next_dagrun for dataset_alias_example_alias_consumer to None, run_after=None
[2026-08-08T06:36:51.972+0000] {logging_mixin.py:190} INFO - [2026-08-08T06:36:51.971+0000] {dag.py:4180} INFO - Setting next_dagrun for dataset_alias_example_alias_producer to None, run_after=None
[2026-08-08T06:36:51.974+0000] {logging_mixin.py:190} INFO - [2026-08-08T06:36:51.974+0000] {dag.py:4180} INFO - Setting next_dagrun for dataset_s3_bucket_consumer to None, run_after=None
[2026-08-08T06:36:51.976+0000] {logging_mixin.py:190} INFO - [2026-08-08T06:36:51.976+0000] {dag.py:4180} INFO - Setting next_dagrun for dataset_s3_bucket_producer to None, run_after=None
[2026-08-08T06:36:52.002+0000] {processor.py:208} INFO - Processing /home/airflow/.local/lib/python3.12/site-packages/airflow/example_dags/example_dataset_alias.py took 0.934 seconds
[2026-08-08T06:37:22.639+0000] {processor.py:186} INFO - Started process (PID=1161) to work on /home/airflow/.local/lib/python3.12/site-packages/airflow/example_dags/example_dataset_alias.py
[2026-08-08T06:37:22.640+0000] {processor.py:914} INFO - Processing file /home/airflow/.local/lib/python3.12/site-packages/airflow/example_dags/example_dataset_alias.py for tasks to queue
[2026-08-08T06:37:22.644+0000] {logging_mixin.py:190} INFO - [2026-08-08T06:37:22.643+0000] {dagbag.py:588} INFO - Filling up the DagBag from /home/airflow/.local/lib/python3.12/site-packages/airflow/example_dags/example_dataset_alias.py
[2026-08-08T06:37:23.293+0000] {processor.py:925} INFO - DAG(s) 'dataset_s3_bucket_consumer', 'dataset_s3_bucket_producer', 'dataset_alias_example_alias_producer', 'dataset_alias_example_alias_consumer' retrieved from /home/airflow/.local/lib/python3.12/site-packages/airflow/example_dags/example_dataset_alias.py
[2026-08-08T06:37:23.318+0000] {logging_mixin.py:190} INFO - [2026-08-08T06:37:23.318+0000] {dag.py:3239} INFO - Sync 4 DAGs
[2026-08-08T06:37:23.342+0000] {logging_mixin.py:190} INFO - [2026-08-08T06:37:23.342+0000] {dag.py:4180} INFO - Setting next_dagrun for dataset_alias_example_alias_consumer to None, run_after=None
[2026-08-08T06:37:23.346+0000] {logging_mixin.py:190} INFO - [2026-08-08T06:37:23.345+0000] {dag.py:4180} INFO - Setting next_dagrun for dataset_alias_example_alias_producer to None, run_after=None
[2026-08-08T06:37:23.348+0000] {logging_mixin.py:190} INFO - [2026-08-08T06:37:23.348+0000] {dag.py:4180} INFO - Setting next_dagrun for dataset_s3_bucket_consumer to None, run_after=None
[2026-08-08T06:37:23.350+0000] {logging_mixin.py:190} INFO - [2026-08-08T06:37:23.350+0000] {dag.py:4180} INFO - Setting next_dagrun for dataset_s3_bucket_producer to None, run_after=None
[2026-08-08T06:37:23.377+0000] {processor.py:208} INFO - Processing /home/airflow/.local/lib/python3.12/site-packages/airflow/example_dags/example_dataset_alias.py took 0.748 seconds
[2026-08-08T06:37:53.899+0000] {processor.py:186} INFO - Started process (PID=1226) to work on /home/airflow/.local/lib/python3.12/site-packages/airflow/example_dags/example_dataset_alias.py
[2026-08-08T06:37:53.901+0000] {processor.py:914} INFO - Processing file /home/airflow/.local/lib/python3.12/site-packages/airflow/example_dags/example_dataset_alias.py for tasks to queue
[2026-08-08T06:37:53.903+0000] {logging_mixin.py:190} INFO - [2026-08-08T06:37:53.903+0000] {dagbag.py:588} INFO - Filling up the DagBag from /home/airflow/.local/lib/python3.12/site-packages/airflow/example_dags/example_dataset_alias.py
[2026-08-08T06:37:54.502+0000] {processor.py:925} INFO - DAG(s) 'dataset_s3_bucket_producer', 'dataset_alias_example_alias_producer', 'dataset_s3_bucket_consumer', 'dataset_alias_example_alias_consumer' retrieved from /home/airflow/.local/lib/python3.12/site-packages/airflow/example_dags/example_dataset_alias.py
[2026-08-08T06:37:54.546+0000] {logging_mixin.py:190} INFO - [2026-08-08T06:37:54.545+0000] {dag.py:3239} INFO - Sync 4 DAGs
[2026-08-08T06:37:54.579+0000] {logging_mixin.py:190} INFO - [2026-08-08T06:37:54.579+0000] {dag.py:4180} INFO - Setting next_dagrun for dataset_alias_example_alias_consumer to None, run_after=None
[2026-08-08T06:37:54.583+0000] {logging_mixin.py:190} INFO - [2026-08-08T06:37:54.583+0000] {dag.py:4180} INFO - Setting next_dagrun for dataset_alias_example_alias_producer to None, run_after=None
[2026-08-08T06:37:54.588+0000] {logging_mixin.py:190} INFO - [2026-08-08T06:37:54.587+0000] {dag.py:4180} INFO - Setting next_dagrun for dataset_s3_bucket_consumer to None, run_after=None
[2026-08-08T06:37:54.590+0000] {logging_mixin.py:190} INFO - [2026-08-08T06:37:54.590+0000] {dag.py:4180} INFO - Setting next_dagrun for dataset_s3_bucket_producer to None, run_after=None
[2026-08-08T06:37:54.619+0000] {processor.py:208} INFO - Processing /home/airflow/.local/lib/python3.12/site-packages/airflow/example_dags/example_dataset_alias.py took 0.725 seconds
[2026-08-08T06:38:25.392+0000] {processor.py:186} INFO - Started process (PID=1291) to work on /home/airflow/.local/lib/python3.12/site-packages/airflow/example_dags/example_dataset_alias.py
[2026-08-08T06:38:25.394+0000] {processor.py:914} INFO - Processing file /home/airflow/.local/lib/python3.12/site-packages/airflow/example_dags/example_dataset_alias.py for tasks to queue
[2026-08-08T06:38:25.398+0000] {logging_mixin.py:190} INFO - [2026-08-08T06:38:25.397+0000] {dagbag.py:588} INFO - Filling up the DagBag from /home/airflow/.local/lib/python3.12/site-packages/airflow/example_dags/example_dataset_alias.py
[2026-08-08T06:38:26.045+0000] {processor.py:925} INFO - DAG(s) 'dataset_alias_example_alias_consumer', 'dataset_alias_example_alias_producer', 'dataset_s3_bucket_producer', 'dataset_s3_bucket_consumer' retrieved from /home/airflow/.local/lib/python3.12/site-packages/airflow/example_dags/example_dataset_alias.py
[2026-08-08T06:38:26.069+0000] {logging_mixin.py:190} INFO - [2026-08-08T06:38:26.069+0000] {dag.py:3239} INFO - Sync 4 DAGs
[2026-08-08T06:38:26.094+0000] {logging_mixin.py:190} INFO - [2026-08-08T06:38:26.094+0000] {dag.py:4180} INFO - Setting next_dagrun for dataset_alias_example_alias_consumer to None, run_after=None
[2026-08-08T06:38:26.100+0000] {logging_mixin.py:190} INFO - [2026-08-08T06:38:26.100+0000] {dag.py:4180} INFO - Setting next_dagrun for dataset_alias_example_alias_producer to None, run_after=None
[2026-08-08T06:38:26.102+0000] {logging_mixin.py:190} INFO - [2026-08-08T06:38:26.102+0000] {dag.py:4180} INFO - Setting next_dagrun for dataset_s3_bucket_consumer to None, run_after=None
[2026-08-08T06:38:26.104+0000] {logging_mixin.py:190} INFO - [2026-08-08T06:38:26.104+0000] {dag.py:4180} INFO - Setting next_dagrun for dataset_s3_bucket_producer to None, run_after=None
[2026-08-08T06:38:26.127+0000] {processor.py:208} INFO - Processing /home/airflow/.local/lib/python3.12/site-packages/airflow/example_dags/example_dataset_alias.py took 0.746 seconds
[2026-08-08T06:38:56.711+0000] {processor.py:186} INFO - Started process (PID=1362) to work on /home/airflow/.local/lib/python3.12/site-packages/airflow/example_dags/example_dataset_alias.py
[2026-08-08T06:38:56.712+0000] {processor.py:914} INFO - Processing file /home/airflow/.local/lib/python3.12/site-packages/airflow/example_dags/example_dataset_alias.py for tasks to queue
[2026-08-08T06:38:56.715+0000] {logging_mixin.py:190} INFO - [2026-08-08T06:38:56.715+0000] {dagbag.py:588} INFO - Filling up the DagBag from /home/airflow/.local/lib/python3.12/site-packages/airflow/example_dags/example_dataset_alias.py
[2026-08-08T06:38:57.301+0000] {processor.py:925} INFO - DAG(s) 'dataset_s3_bucket_consumer', 'dataset_alias_example_alias_consumer', 'dataset_s3_bucket_producer', 'dataset_alias_example_alias_producer' retrieved from /home/airflow/.local/lib/python3.12/site-packages/airflow/example_dags/example_dataset_alias.py
[2026-08-08T06:38:57.323+0000] {logging_mixin.py:190} INFO - [2026-08-08T06:38:57.323+0000] {dag.py:3239} INFO - Sync 4 DAGs
[2026-08-08T06:38:57.347+0000] {logging_mixin.py:190} INFO - [2026-08-08T06:38:57.347+0000] {dag.py:4180} INFO - Setting next_dagrun for dataset_alias_example_alias_consumer to None, run_after=None
[2026-08-08T06:38:57.350+0000] {logging_mixin.py:190} INFO - [2026-08-08T06:38:57.350+0000] {dag.py:4180} INFO - Setting next_dagrun for dataset_alias_example_alias_producer to None, run_after=None
[2026-08-08T06:38:57.353+0000] {logging_mixin.py:190} INFO - [2026-08-08T06:38:57.352+0000] {dag.py:4180} INFO - Setting next_dagrun for dataset_s3_bucket_consumer to None, run_after=None
[2026-08-08T06:38:57.355+0000] {logging_mixin.py:190} INFO - [2026-08-08T06:38:57.355+0000] {dag.py:4180} INFO - Setting next_dagrun for dataset_s3_bucket_producer to None, run_after=None
[2026-08-08T06:38:57.377+0000] {processor.py:208} INFO - Processing /home/airflow/.local/lib/python3.12/site-packages/airflow/example_dags/example_dataset_alias.py took 0.672 seconds
[2026-08-08T06:39:27.772+0000] {processor.py:186} INFO - Started process (PID=1427) to work on /home/airflow/.local/lib/python3.12/site-packages/airflow/example_dags/example_dataset_alias.py
[2026-08-08T06:39:27.773+0000] {processor.py:914} INFO - Processing file /home/airflow/.local/lib/python3.12/site-packages/airflow/example_dags/example_dataset_alias.py for tasks to queue
[2026-08-08T06:39:27.777+0000] {logging_mixin.py:190} INFO - [2026-08-08T06:39:27.777+0000] {dagbag.py:588} INFO - Filling up the DagBag from /home/airflow/.local/lib/python3.12/site-packages/airflow/example_dags/example_dataset_alias.py
[2026-08-08T06:39:28.448+0000] {processor.py:925} INFO - DAG(s) 'dataset_s3_bucket_consumer', 'dataset_alias_example_alias_producer', 'dataset_alias_example_alias_consumer', 'dataset_s3_bucket_producer' retrieved from /home/airflow/.local/lib/python3.12/site-packages/airflow/example_dags/example_dataset_alias.py
[2026-08-08T06:39:28.472+0000] {logging_mixin.py:190} INFO - [2026-08-08T06:39:28.471+0000] {dag.py:3239} INFO - Sync 4 DAGs
[2026-08-08T06:39:28.496+0000] {logging_mixin.py:190} INFO - [2026-08-08T06:39:28.496+0000] {dag.py:4180} INFO - Setting next_dagrun for dataset_alias_example_alias_consumer to None, run_after=None
[2026-08-08T06:39:28.500+0000] {logging_mixin.py:190} INFO - [2026-08-08T06:39:28.500+0000] {dag.py:4180} INFO - Setting next_dagrun for dataset_alias_example_alias_producer to None, run_after=None
[2026-08-08T06:39:28.502+0000] {logging_mixin.py:190} INFO - [2026-08-08T06:39:28.502+0000] {dag.py:4180} INFO - Setting next_dagrun for dataset_s3_bucket_consumer to None, run_after=None
[2026-08-08T06:39:28.504+0000] {logging_mixin.py:190} INFO - [2026-08-08T06:39:28.504+0000] {dag.py:4180} INFO - Setting next_dagrun for dataset_s3_bucket_producer to None, run_after=None
[2026-08-08T06:39:28.526+0000] {processor.py:208} INFO - Processing /home/airflow/.local/lib/python3.12/site-packages/airflow/example_dags/example_dataset_alias.py took 0.762 seconds
[2026-08-08T06:39:58.887+0000] {processor.py:186} INFO - Started process (PID=1492) to work on /home/airflow/.local/lib/python3.12/site-packages/airflow/example_dags/example_dataset_alias.py
[2026-08-08T06:39:58.889+0000] {processor.py:914} INFO - Processing file /home/airflow/.local/lib/python3.12/site-packages/airflow/example_dags/example_dataset_alias.py for tasks to queue
[2026-08-08T06:39:58.891+0000] {logging_mixin.py:190} INFO - [2026-08-08T06:39:58.891+0000] {dagbag.py:588} INFO - Filling up the DagBag from /home/airflow/.local/lib/python3.12/site-packages/airflow/example_dags/example_dataset_alias.py
[2026-08-08T06:39:59.465+0000] {processor.py:925} INFO - DAG(s) 'dataset_s3_bucket_producer', 'dataset_alias_example_alias_consumer', 'dataset_alias_example_alias_producer', 'dataset_s3_bucket_consumer' retrieved from /home/airflow/.local/lib/python3.12/site-packages/airflow/example_dags/example_dataset_alias.py
[2026-08-08T06:39:59.488+0000] {logging_mixin.py:190} INFO - [2026-08-08T06:39:59.487+0000] {dag.py:3239} INFO - Sync 4 DAGs
[2026-08-08T06:39:59.515+0000] {logging_mixin.py:190} INFO - [2026-08-08T06:39:59.514+0000] {dag.py:4180} INFO - Setting next_dagrun for dataset_alias_example_alias_consumer to None, run_after=None
[2026-08-08T06:39:59.518+0000] {logging_mixin.py:190} INFO - [2026-08-08T06:39:59.518+0000] {dag.py:4180} INFO - Setting next_dagrun for dataset_alias_example_alias_producer to None, run_after=None
[2026-08-08T06:39:59.520+0000] {logging_mixin.py:190} INFO - [2026-08-08T06:39:59.520+0000] {dag.py:4180} INFO - Setting next_dagrun for dataset_s3_bucket_consumer to None, run_after=None
[2026-08-08T06:39:59.523+0000] {logging_mixin.py:190} INFO - [2026-08-08T06:39:59.523+0000] {dag.py:4180} INFO - Setting next_dagrun for dataset_s3_bucket_producer to None, run_after=None
[2026-08-08T06:39:59.549+0000] {processor.py:208} INFO - Processing /home/airflow/.local/lib/python3.12/site-packages/airflow/example_dags/example_dataset_alias.py took 0.669 seconds
[2026-08-08T06:40:30.456+0000] {processor.py:186} INFO - Started process (PID=1557) to work on /home/airflow/.local/lib/python3.12/site-packages/airflow/example_dags/example_dataset_alias.py
[2026-08-08T06:40:30.457+0000] {processor.py:914} INFO - Processing file /home/airflow/.local/lib/python3.12/site-packages/airflow/example_dags/example_dataset_alias.py for tasks to queue
[2026-08-08T06:40:30.461+0000] {logging_mixin.py:190} INFO - [2026-08-08T06:40:30.460+0000] {dagbag.py:588} INFO - Filling up the DagBag from /home/airflow/.local/lib/python3.12/site-packages/airflow/example_dags/example_dataset_alias.py
[2026-08-08T06:40:31.042+0000] {processor.py:925} INFO - DAG(s) 'dataset_s3_bucket_consumer', 'dataset_alias_example_alias_consumer', 'dataset_alias_example_alias_producer', 'dataset_s3_bucket_producer' retrieved from /home/airflow/.local/lib/python3.12/site-packages/airflow/example_dags/example_dataset_alias.py
[2026-08-08T06:40:31.064+0000] {logging_mixin.py:190} INFO - [2026-08-08T06:40:31.064+0000] {dag.py:3239} INFO - Sync 4 DAGs
[2026-08-08T06:40:31.091+0000] {logging_mixin.py:190} INFO - [2026-08-08T06:40:31.091+0000] {dag.py:4180} INFO - Setting next_dagrun for dataset_alias_example_alias_consumer to None, run_after=None
[2026-08-08T06:40:31.095+0000] {logging_mixin.py:190} INFO - [2026-08-08T06:40:31.095+0000] {dag.py:4180} INFO - Setting next_dagrun for dataset_alias_example_alias_producer to None, run_after=None
[2026-08-08T06:40:31.097+0000] {logging_mixin.py:190} INFO - [2026-08-08T06:40:31.097+0000] {dag.py:4180} INFO - Setting next_dagrun for dataset_s3_bucket_consumer to None, run_after=None
[2026-08-08T06:40:31.099+0000] {logging_mixin.py:190} INFO - [2026-08-08T06:40:31.099+0000] {dag.py:4180} INFO - Setting next_dagrun for dataset_s3_bucket_producer to None, run_after=None
[2026-08-08T06:40:31.125+0000] {processor.py:208} INFO - Processing /home/airflow/.local/lib/python3.12/site-packages/airflow/example_dags/example_dataset_alias.py took 0.676 seconds
[2026-08-08T06:41:01.962+0000] {processor.py:186} INFO - Started process (PID=1622) to work on /home/airflow/.local/lib/python3.12/site-packages/airflow/example_dags/example_dataset_alias.py
[2026-08-08T06:41:01.964+0000] {processor.py:914} INFO - Processing file /home/airflow/.local/lib/python3.12/site-packages/airflow/example_dags/example_dataset_alias.py for tasks to queue
[2026-08-08T06:41:01.967+0000] {logging_mixin.py:190} INFO - [2026-08-08T06:41:01.967+0000] {dagbag.py:588} INFO - Filling up the DagBag from /home/airflow/.local/lib/python3.12/site-packages/airflow/example_dags/example_dataset_alias.py
[2026-08-08T06:41:02.553+0000] {processor.py:925} INFO - DAG(s) 'dataset_alias_example_alias_consumer', 'dataset_alias_example_alias_producer', 'dataset_s3_bucket_consumer', 'dataset_s3_bucket_producer' retrieved from /home/airflow/.local/lib/python3.12/site-packages/airflow/example_dags/example_dataset_alias.py
[2026-08-08T06:41:02.574+0000] {logging_mixin.py:190} INFO - [2026-08-08T06:41:02.574+0000] {dag.py:3239} INFO - Sync 4 DAGs
[2026-08-08T06:41:02.602+0000] {logging_mixin.py:190} INFO - [2026-08-08T06:41:02.602+0000] {dag.py:4180} INFO - Setting next_dagrun for dataset_alias_example_alias_consumer to None, run_after=None
[2026-08-08T06:41:02.606+0000] {logging_mixin.py:190} INFO - [2026-08-08T06:41:02.606+0000] {dag.py:4180} INFO - Setting next_dagrun for dataset_alias_example_alias_producer to None, run_after=None
[2026-08-08T06:41:02.608+0000] {logging_mixin.py:190} INFO - [2026-08-08T06:41:02.608+0000] {dag.py:4180} INFO - Setting next_dagrun for dataset_s3_bucket_consumer to None, run_after=None
[2026-08-08T06:41:02.610+0000] {logging_mixin.py:190} INFO - [2026-08-08T06:41:02.610+0000] {dag.py:4180} INFO - Setting next_dagrun for dataset_s3_bucket_producer to None, run_after=None
[2026-08-08T06:41:02.635+0000] {processor.py:208} INFO - Processing /home/airflow/.local/lib/python3.12/site-packages/airflow/example_dags/example_dataset_alias.py took 0.679 seconds
[2026-08-08T06:41:33.102+0000] {processor.py:186} INFO - Started process (PID=1687) to work on /home/airflow/.local/lib/python3.12/site-packages/airflow/example_dags/example_dataset_alias.py
[2026-08-08T06:41:33.103+0000] {processor.py:914} INFO - Processing file /home/airflow/.local/lib/python3.12/site-packages/airflow/example_dags/example_dataset_alias.py for tasks to queue
[2026-08-08T06:41:33.107+0000] {logging_mixin.py:190} INFO - [2026-08-08T06:41:33.107+0000] {dagbag.py:588} INFO - Filling up the DagBag from /home/airflow/.local/lib/python3.12/site-packages/airflow/example_dags/example_dataset_alias.py
[2026-08-08T06:41:33.715+0000] {processor.py:925} INFO - DAG(s) 'dataset_s3_bucket_consumer', 'dataset_alias_example_alias_producer', 'dataset_alias_example_alias_consumer', 'dataset_s3_bucket_producer' retrieved from /home/airflow/.local/lib/python3.12/site-packages/airflow/example_dags/example_dataset_alias.py
[2026-08-08T06:41:33.737+0000] {logging_mixin.py:190} INFO - [2026-08-08T06:41:33.737+0000] {dag.py:3239} INFO - Sync 4 DAGs
[2026-08-08T06:41:33.762+0000] {logging_mixin.py:190} INFO - [2026-08-08T06:41:33.761+0000] {dag.py:4180} INFO - Setting next_dagrun for dataset_alias_example_alias_consumer to None, run_after=None
[2026-08-08T06:41:33.765+0000] {logging_mixin.py:190} INFO - [2026-08-08T06:41:33.765+0000] {dag.py:4180} INFO - Setting next_dagrun for dataset_alias_example_alias_producer to None, run_after=None
[2026-08-08T06:41:33.768+0000] {logging_mixin.py:190} INFO - [2026-08-08T06:41:33.767+0000] {dag.py:4180} INFO - Setting next_dagrun for dataset_s3_bucket_consumer to None, run_after=None
[2026-08-08T06:41:33.770+0000] {logging_mixin.py:190} INFO - [2026-08-08T06:41:33.770+0000] {dag.py:4180} INFO - Setting next_dagrun for dataset_s3_bucket_producer to None, run_after=None
[2026-08-08T06:41:33.794+0000] {processor.py:208} INFO - Processing /home/airflow/.local/lib/python3.12/site-packages/airflow/example_dags/example_dataset_alias.py took 0.702 seconds
[2026-08-08T06:42:04.853+0000] {processor.py:186} INFO - Started process (PID=1758) to work on /home/airflow/.local/lib/python3.12/site-packages/airflow/example_dags/example_dataset_alias.py
[2026-08-08T06:42:04.855+0000] {processor.py:914} INFO - Processing file /home/airflow/.local/lib/python3.12/site-packages/airflow/example_dags/example_dataset_alias.py for tasks to queue
[2026-08-08T06:42:04.858+0000] {logging_mixin.py:190} INFO - [2026-08-08T06:42:04.858+0000] {dagbag.py:588} INFO - Filling up the DagBag from /home/airflow/.local/lib/python3.12/site-packages/airflow/example_dags/example_dataset_alias.py
[2026-08-08T06:42:05.495+0000] {processor.py:925} INFO - DAG(s) 'dataset_alias_example_alias_producer', 'dataset_s3_bucket_producer', 'dataset_s3_bucket_consumer', 'dataset_alias_example_alias_consumer' retrieved from /home/airflow/.local/lib/python3.12/site-packages/airflow/example_dags/example_dataset_alias.py
[2026-08-08T06:42:05.517+0000] {logging_mixin.py:190} INFO - [2026-08-08T06:42:05.517+0000] {dag.py:3239} INFO - Sync 4 DAGs
[2026-08-08T06:42:05.543+0000] {logging_mixin.py:190} INFO - [2026-08-08T06:42:05.543+0000] {dag.py:4180} INFO - Setting next_dagrun for dataset_alias_example_alias_consumer to None, run_after=None
[2026-08-08T06:42:05.548+0000] {logging_mixin.py:190} INFO - [2026-08-08T06:42:05.548+0000] {dag.py:4180} INFO - Setting next_dagrun for dataset_alias_example_alias_producer to None, run_after=None
[2026-08-08T06:42:05.551+0000] {logging_mixin.py:190} INFO - [2026-08-08T06:42:05.550+0000] {dag.py:4180} INFO - Setting next_dagrun for dataset_s3_bucket_consumer to None, run_after=None
[2026-08-08T06:42:05.554+0000] {logging_mixin.py:190} INFO - [2026-08-08T06:42:05.553+0000] {dag.py:4180} INFO - Setting next_dagrun for dataset_s3_bucket_producer to None, run_after=None
[2026-08-08T06:42:05.578+0000] {processor.py:208} INFO - Processing /home/airflow/.local/lib/python3.12/site-packages/airflow/example_dags/example_dataset_alias.py took 0.734 seconds
[2026-08-08T06:42:35.992+0000] {processor.py:186} INFO - Started process (PID=1825) to work on /home/airflow/.local/lib/python3.12/site-packages/airflow/example_dags/example_dataset_alias.py
[2026-08-08T06:42:35.994+0000] {processor.py:914} INFO - Processing file /home/airflow/.local/lib/python3.12/site-packages/airflow/example_dags/example_dataset_alias.py for tasks to queue
[2026-08-08T06:42:35.998+0000] {logging_mixin.py:190} INFO - [2026-08-08T06:42:35.997+0000] {dagbag.py:588} INFO - Filling up the DagBag from /home/airflow/.local/lib/python3.12/site-packages/airflow/example_dags/example_dataset_alias.py
[2026-08-08T06:42:36.591+0000] {processor.py:925} INFO - DAG(s) 'dataset_s3_bucket_consumer', 'dataset_alias_example_alias_consumer', 'dataset_s3_bucket_producer', 'dataset_alias_example_alias_producer' retrieved from /home/airflow/.local/lib/python3.12/site-packages/airflow/example_dags/example_dataset_alias.py
[2026-08-08T06:42:36.616+0000] {logging_mixin.py:190} INFO - [2026-08-08T06:42:36.615+0000] {dag.py:3239} INFO - Sync 4 DAGs
[2026-08-08T06:42:36.641+0000] {logging_mixin.py:190} INFO - [2026-08-08T06:42:36.641+0000] {dag.py:4180} INFO - Setting next_dagrun for dataset_alias_example_alias_consumer to None, run_after=None
[2026-08-08T06:42:36.645+0000] {logging_mixin.py:190} INFO - [2026-08-08T06:42:36.645+0000] {dag.py:4180} INFO - Setting next_dagrun for dataset_alias_example_alias_producer to None, run_after=None
[2026-08-08T06:42:36.648+0000] {logging_mixin.py:190} INFO - [2026-08-08T06:42:36.648+0000] {dag.py:4180} INFO - Setting next_dagrun for dataset_s3_bucket_consumer to None, run_after=None
[2026-08-08T06:42:36.651+0000] {logging_mixin.py:190} INFO - [2026-08-08T06:42:36.651+0000] {dag.py:4180} INFO - Setting next_dagrun for dataset_s3_bucket_producer to None, run_after=None
[2026-08-08T06:42:36.675+0000] {processor.py:208} INFO - Processing /home/airflow/.local/lib/python3.12/site-packages/airflow/example_dags/example_dataset_alias.py took 0.691 seconds
[2026-08-08T06:43:07.380+0000] {processor.py:186} INFO - Started process (PID=1893) to work on /home/airflow/.local/lib/python3.12/site-packages/airflow/example_dags/example_dataset_alias.py
[2026-08-08T06:43:07.381+0000] {processor.py:914} INFO - Processing file /home/airflow/.local/lib/python3.12/site-packages/airflow/example_dags/example_dataset_alias.py for tasks to queue
[2026-08-08T06:43:07.384+0000] {logging_mixin.py:190} INFO - [2026-08-08T06:43:07.383+0000] {dagbag.py:588} INFO - Filling up the DagBag from /home/airflow/.local/lib/python3.12/site-packages/airflow/example_dags/example_dataset_alias.py
[2026-08-08T06:43:08.035+0000] {processor.py:925} INFO - DAG(s) 'dataset_alias_example_alias_producer', 'dataset_s3_bucket_producer', 'dataset_s3_bucket_consumer', 'dataset_alias_example_alias_consumer' retrieved from /home/airflow/.local/lib/python3.12/site-packages/airflow/example_dags/example_dataset_alias.py
[2026-08-08T06:43:08.062+0000] {logging_mixin.py:190} INFO - [2026-08-08T06:43:08.061+0000] {dag.py:3239} INFO - Sync 4 DAGs
[2026-08-08T06:43:08.087+0000] {logging_mixin.py:190} INFO - [2026-08-08T06:43:08.087+0000] {dag.py:4180} INFO - Setting next_dagrun for dataset_alias_example_alias_consumer to None, run_after=None
[2026-08-08T06:43:08.091+0000] {logging_mixin.py:190} INFO - [2026-08-08T06:43:08.091+0000] {dag.py:4180} INFO - Setting next_dagrun for dataset_alias_example_alias_producer to None, run_after=None
[2026-08-08T06:43:08.094+0000] {logging_mixin.py:190} INFO - [2026-08-08T06:43:08.094+0000] {dag.py:4180} INFO - Setting next_dagrun for dataset_s3_bucket_consumer to None, run_after=None
[2026-08-08T06:43:08.096+0000] {logging_mixin.py:190} INFO - [2026-08-08T06:43:08.096+0000] {dag.py:4180} INFO - Setting next_dagrun for dataset_s3_bucket_producer to None, run_after=None
[2026-08-08T06:43:08.125+0000] {processor.py:208} INFO - Processing /home/airflow/.local/lib/python3.12/site-packages/airflow/example_dags/example_dataset_alias.py took 0.751 seconds
[2026-08-08T06:43:38.570+0000] {processor.py:186} INFO - Started process (PID=1960) to work on /home/airflow/.local/lib/python3.12/site-packages/airflow/example_dags/example_dataset_alias.py
[2026-08-08T06:43:38.571+0000] {processor.py:914} INFO - Processing file /home/airflow/.local/lib/python3.12/site-packages/airflow/example_dags/example_dataset_alias.py for tasks to queue
[2026-08-08T06:43:38.574+0000] {logging_mixin.py:190} INFO - [2026-08-08T06:43:38.574+0000] {dagbag.py:588} INFO - Filling up the DagBag from /home/airflow/.local/lib/python3.12/site-packages/airflow/example_dags/example_dataset_alias.py
[2026-08-08T06:43:39.189+0000] {processor.py:925} INFO - DAG(s) 'dataset_alias_example_alias_producer', 'dataset_s3_bucket_producer', 'dataset_alias_example_alias_consumer', 'dataset_s3_bucket_consumer' retrieved from /home/airflow/.local/lib/python3.12/site-packages/airflow/example_dags/example_dataset_alias.py
[2026-08-08T06:43:39.210+0000] {logging_mixin.py:190} INFO - [2026-08-08T06:43:39.210+0000] {dag.py:3239} INFO - Sync 4 DAGs
[2026-08-08T06:43:39.238+0000] {logging_mixin.py:190} INFO - [2026-08-08T06:43:39.238+0000] {dag.py:4180} INFO - Setting next_dagrun for dataset_alias_example_alias_consumer to None, run_after=None
[2026-08-08T06:43:39.242+0000] {logging_mixin.py:190} INFO - [2026-08-08T06:43:39.241+0000] {dag.py:4180} INFO - Setting next_dagrun for dataset_alias_example_alias_producer to None, run_after=None
[2026-08-08T06:43:39.244+0000] {logging_mixin.py:190} INFO - [2026-08-08T06:43:39.244+0000] {dag.py:4180} INFO - Setting next_dagrun for dataset_s3_bucket_consumer to None, run_after=None
[2026-08-08T06:43:39.246+0000] {logging_mixin.py:190} INFO - [2026-08-08T06:43:39.246+0000] {dag.py:4180} INFO - Setting next_dagrun for dataset_s3_bucket_producer to None, run_after=None
[2026-08-08T06:43:39.271+0000] {processor.py:208} INFO - Processing /home/airflow/.local/lib/python3.12/site-packages/airflow/example_dags/example_dataset_alias.py took 0.707 seconds
[2026-08-08T06:44:09.848+0000] {processor.py:186} INFO - Started process (PID=2027) to work on /home/airflow/.local/lib/python3.12/site-packages/airflow/example_dags/example_dataset_alias.py
[2026-08-08T06:44:09.849+0000] {processor.py:914} INFO - Processing file /home/airflow/.local/lib/python3.12/site-packages/airflow/example_dags/example_dataset_alias.py for tasks to queue
[2026-08-08T06:44:09.851+0000] {logging_mixin.py:190} INFO - [2026-08-08T06:44:09.851+0000] {dagbag.py:588} INFO - Filling up the DagBag from /home/airflow/.local/lib/python3.12/site-packages/airflow/example_dags/example_dataset_alias.py
[2026-08-08T06:44:10.479+0000] {processor.py:925} INFO - DAG(s) 'dataset_alias_example_alias_producer', 'dataset_s3_bucket_consumer', 'dataset_s3_bucket_producer', 'dataset_alias_example_alias_consumer' retrieved from /home/airflow/.local/lib/python3.12/site-packages/airflow/example_dags/example_dataset_alias.py
[2026-08-08T06:44:10.507+0000] {logging_mixin.py:190} INFO - [2026-08-08T06:44:10.506+0000] {dag.py:3239} INFO - Sync 4 DAGs
[2026-08-08T06:44:10.530+0000] {logging_mixin.py:190} INFO - [2026-08-08T06:44:10.530+0000] {dag.py:4180} INFO - Setting next_dagrun for dataset_alias_example_alias_consumer to None, run_after=None
[2026-08-08T06:44:10.533+0000] {logging_mixin.py:190} INFO - [2026-08-08T06:44:10.533+0000] {dag.py:4180} INFO - Setting next_dagrun for dataset_alias_example_alias_producer to None, run_after=None
[2026-08-08T06:44:10.536+0000] {logging_mixin.py:190} INFO - [2026-08-08T06:44:10.536+0000] {dag.py:4180} INFO - Setting next_dagrun for dataset_s3_bucket_consumer to None, run_after=None
[2026-08-08T06:44:10.538+0000] {logging_mixin.py:190} INFO - [2026-08-08T06:44:10.538+0000] {dag.py:4180} INFO - Setting next_dagrun for dataset_s3_bucket_producer to None, run_after=None
[2026-08-08T06:44:10.563+0000] {processor.py:208} INFO - Processing /home/airflow/.local/lib/python3.12/site-packages/airflow/example_dags/example_dataset_alias.py took 0.721 seconds
[2026-08-08T06:44:41.757+0000] {processor.py:186} INFO - Started process (PID=2101) to work on /home/airflow/.local/lib/python3.12/site-packages/airflow/example_dags/example_dataset_alias.py
[2026-08-08T06:44:41.758+0000] {processor.py:914} INFO - Processing file /home/airflow/.local/lib/python3.12/site-packages/airflow/example_dags/example_dataset_alias.py for tasks to queue
[2026-08-08T06:44:41.761+0000] {logging_mixin.py:190} INFO - [2026-08-08T06:44:41.761+0000] {dagbag.py:588} INFO - Filling up the DagBag from /home/airflow/.local/lib/python3.12/site-packages/airflow/example_dags/example_dataset_alias.py
[2026-08-08T06:44:42.351+0000] {processor.py:925} INFO - DAG(s) 'dataset_s3_bucket_producer', 'dataset_alias_example_alias_producer', 'dataset_alias_example_alias_consumer', 'dataset_s3_bucket_consumer' retrieved from /home/airflow/.local/lib/python3.12/site-packages/airflow/example_dags/example_dataset_alias.py
[2026-08-08T06:44:42.391+0000] {logging_mixin.py:190} INFO - [2026-08-08T06:44:42.391+0000] {dag.py:3239} INFO - Sync 4 DAGs
[2026-08-08T06:44:42.415+0000] {logging_mixin.py:190} INFO - [2026-08-08T06:44:42.415+0000] {dag.py:4180} INFO - Setting next_dagrun for dataset_alias_example_alias_consumer to None, run_after=None
[2026-08-08T06:44:42.419+0000] {logging_mixin.py:190} INFO - [2026-08-08T06:44:42.418+0000] {dag.py:4180} INFO - Setting next_dagrun for dataset_alias_example_alias_producer to None, run_after=None
[2026-08-08T06:44:42.421+0000] {logging_mixin.py:190} INFO - [2026-08-08T06:44:42.421+0000] {dag.py:4180} INFO - Setting next_dagrun for dataset_s3_bucket_consumer to None, run_after=None
[2026-08-08T06:44:42.424+0000] {logging_mixin.py:190} INFO - [2026-08-08T06:44:42.424+0000] {dag.py:4180} INFO - Setting next_dagrun for dataset_s3_bucket_producer to None, run_after=None
[2026-08-08T06:44:42.460+0000] {processor.py:208} INFO - Processing /home/airflow/.local/lib/python3.12/site-packages/airflow/example_dags/example_dataset_alias.py took 0.710 seconds
[2026-08-08T06:45:12.838+0000] {processor.py:186} INFO - Started process (PID=2166) to work on /home/airflow/.local/lib/python3.12/site-packages/airflow/example_dags/example_dataset_alias.py
[2026-08-08T06:45:12.839+0000] {processor.py:914} INFO - Processing file /home/airflow/.local/lib/python3.12/site-packages/airflow/example_dags/example_dataset_alias.py for tasks to queue
[2026-08-08T06:45:12.842+0000] {logging_mixin.py:190} INFO - [2026-08-08T06:45:12.842+0000] {dagbag.py:588} INFO - Filling up the DagBag from /home/airflow/.local/lib/python3.12/site-packages/airflow/example_dags/example_dataset_alias.py
[2026-08-08T06:45:13.427+0000] {processor.py:925} INFO - DAG(s) 'dataset_s3_bucket_consumer', 'dataset_alias_example_alias_consumer', 'dataset_s3_bucket_producer', 'dataset_alias_example_alias_producer' retrieved from /home/airflow/.local/lib/python3.12/site-packages/airflow/example_dags/example_dataset_alias.py
[2026-08-08T06:45:13.451+0000] {logging_mixin.py:190} INFO - [2026-08-08T06:45:13.451+0000] {dag.py:3239} INFO - Sync 4 DAGs
[2026-08-08T06:45:13.476+0000] {logging_mixin.py:190} INFO - [2026-08-08T06:45:13.476+0000] {dag.py:4180} INFO - Setting next_dagrun for dataset_alias_example_alias_consumer to None, run_after=None
[2026-08-08T06:45:13.479+0000] {logging_mixin.py:190} INFO - [2026-08-08T06:45:13.479+0000] {dag.py:4180} INFO - Setting next_dagrun for dataset_alias_example_alias_producer to None, run_after=None
[2026-08-08T06:45:13.481+0000] {logging_mixin.py:190} INFO - [2026-08-08T06:45:13.481+0000] {dag.py:4180} INFO - Setting next_dagrun for dataset_s3_bucket_consumer to None, run_after=None
[2026-08-08T06:45:13.484+0000] {logging_mixin.py:190} INFO - [2026-08-08T06:45:13.483+0000] {dag.py:4180} INFO - Setting next_dagrun for dataset_s3_bucket_producer to None, run_after=None
[2026-08-08T06:45:13.510+0000] {processor.py:208} INFO - Processing /home/airflow/.local/lib/python3.12/site-packages/airflow/example_dags/example_dataset_alias.py took 0.680 seconds
[2026-08-08T06:45:44.057+0000] {processor.py:186} INFO - Started process (PID=2231) to work on /home/airflow/.local/lib/python3.12/site-packages/airflow/example_dags/example_dataset_alias.py
[2026-08-08T06:45:44.058+0000] {processor.py:914} INFO - Processing file /home/airflow/.local/lib/python3.12/site-packages/airflow/example_dags/example_dataset_alias.py for tasks to queue
[2026-08-08T06:45:44.062+0000] {logging_mixin.py:190} INFO - [2026-08-08T06:45:44.061+0000] {dagbag.py:588} INFO - Filling up the DagBag from /home/airflow/.local/lib/python3.12/site-packages/airflow/example_dags/example_dataset_alias.py
[2026-08-08T06:45:44.679+0000] {processor.py:925} INFO - DAG(s) 'dataset_alias_example_alias_producer', 'dataset_s3_bucket_producer', 'dataset_s3_bucket_consumer', 'dataset_alias_example_alias_consumer' retrieved from /home/airflow/.local/lib/python3.12/site-packages/airflow/example_dags/example_dataset_alias.py
[2026-08-08T06:45:44.709+0000] {logging_mixin.py:190} INFO - [2026-08-08T06:45:44.708+0000] {dag.py:3239} INFO - Sync 4 DAGs
[2026-08-08T06:45:44.741+0000] {logging_mixin.py:190} INFO - [2026-08-08T06:45:44.741+0000] {dag.py:4180} INFO - Setting next_dagrun for dataset_alias_example_alias_consumer to None, run_after=None
[2026-08-08T06:45:44.746+0000] {logging_mixin.py:190} INFO - [2026-08-08T06:45:44.745+0000] {dag.py:4180} INFO - Setting next_dagrun for dataset_alias_example_alias_producer to None, run_after=None
[2026-08-08T06:45:44.748+0000] {logging_mixin.py:190} INFO - [2026-08-08T06:45:44.748+0000] {dag.py:4180} INFO - Setting next_dagrun for dataset_s3_bucket_consumer to None, run_after=None
[2026-08-08T06:45:44.751+0000] {logging_mixin.py:190} INFO - [2026-08-08T06:45:44.751+0000] {dag.py:4180} INFO - Setting next_dagrun for dataset_s3_bucket_producer to None, run_after=None
[2026-08-08T06:45:44.774+0000] {processor.py:208} INFO - Processing /home/airflow/.local/lib/python3.12/site-packages/airflow/example_dags/example_dataset_alias.py took 0.725 seconds
[2026-08-08T06:46:15.264+0000] {processor.py:186} INFO - Started process (PID=2296) to work on /home/airflow/.local/lib/python3.12/site-packages/airflow/example_dags/example_dataset_alias.py
[2026-08-08T06:46:15.265+0000] {processor.py:914} INFO - Processing file /home/airflow/.local/lib/python3.12/site-packages/airflow/example_dags/example_dataset_alias.py for tasks to queue
[2026-08-08T06:46:15.269+0000] {logging_mixin.py:190} INFO - [2026-08-08T06:46:15.269+0000] {dagbag.py:588} INFO - Filling up the DagBag from /home/airflow/.local/lib/python3.12/site-packages/airflow/example_dags/example_dataset_alias.py
[2026-08-08T06:46:15.900+0000] {processor.py:925} INFO - DAG(s) 'dataset_alias_example_alias_consumer', 'dataset_alias_example_alias_producer', 'dataset_s3_bucket_producer', 'dataset_s3_bucket_consumer' retrieved from /home/airflow/.local/lib/python3.12/site-packages/airflow/example_dags/example_dataset_alias.py
[2026-08-08T06:46:15.927+0000] {logging_mixin.py:190} INFO - [2026-08-08T06:46:15.927+0000] {dag.py:3239} INFO - Sync 4 DAGs
[2026-08-08T06:46:15.952+0000] {logging_mixin.py:190} INFO - [2026-08-08T06:46:15.952+0000] {dag.py:4180} INFO - Setting next_dagrun for dataset_alias_example_alias_consumer to None, run_after=None
[2026-08-08T06:46:15.956+0000] {logging_mixin.py:190} INFO - [2026-08-08T06:46:15.956+0000] {dag.py:4180} INFO - Setting next_dagrun for dataset_alias_example_alias_producer to None, run_after=None
[2026-08-08T06:46:15.958+0000] {logging_mixin.py:190} INFO - [2026-08-08T06:46:15.958+0000] {dag.py:4180} INFO - Setting next_dagrun for dataset_s3_bucket_consumer to None, run_after=None
[2026-08-08T06:46:15.960+0000] {logging_mixin.py:190} INFO - [2026-08-08T06:46:15.960+0000] {dag.py:4180} INFO - Setting next_dagrun for dataset_s3_bucket_producer to None, run_after=None
[2026-08-08T06:46:15.983+0000] {processor.py:208} INFO - Processing /home/airflow/.local/lib/python3.12/site-packages/airflow/example_dags/example_dataset_alias.py took 0.727 seconds
[2026-08-08T06:46:46.632+0000] {processor.py:186} INFO - Started process (PID=2361) to work on /home/airflow/.local/lib/python3.12/site-packages/airflow/example_dags/example_dataset_alias.py
[2026-08-08T06:46:46.634+0000] {processor.py:914} INFO - Processing file /home/airflow/.local/lib/python3.12/site-packages/airflow/example_dags/example_dataset_alias.py for tasks to queue
[2026-08-08T06:46:46.637+0000] {logging_mixin.py:190} INFO - [2026-08-08T06:46:46.637+0000] {dagbag.py:588} INFO - Filling up the DagBag from /home/airflow/.local/lib/python3.12/site-packages/airflow/example_dags/example_dataset_alias.py
[2026-08-08T06:46:47.236+0000] {processor.py:925} INFO - DAG(s) 'dataset_s3_bucket_producer', 'dataset_alias_example_alias_producer', 'dataset_s3_bucket_consumer', 'dataset_alias_example_alias_consumer' retrieved from /home/airflow/.local/lib/python3.12/site-packages/airflow/example_dags/example_dataset_alias.py
[2026-08-08T06:46:47.257+0000] {logging_mixin.py:190} INFO - [2026-08-08T06:46:47.256+0000] {dag.py:3239} INFO - Sync 4 DAGs
[2026-08-08T06:46:47.280+0000] {logging_mixin.py:190} INFO - [2026-08-08T06:46:47.280+0000] {dag.py:4180} INFO - Setting next_dagrun for dataset_alias_example_alias_consumer to None, run_after=None
[2026-08-08T06:46:47.283+0000] {logging_mixin.py:190} INFO - [2026-08-08T06:46:47.283+0000] {dag.py:4180} INFO - Setting next_dagrun for dataset_alias_example_alias_producer to None, run_after=None
[2026-08-08T06:46:47.285+0000] {logging_mixin.py:190} INFO - [2026-08-08T06:46:47.285+0000] {dag.py:4180} INFO - Setting next_dagrun for dataset_s3_bucket_consumer to None, run_after=None
[2026-08-08T06:46:47.287+0000] {logging_mixin.py:190} INFO - [2026-08-08T06:46:47.287+0000] {dag.py:4180} INFO - Setting next_dagrun for dataset_s3_bucket_producer to None, run_after=None
[2026-08-08T06:46:47.310+0000] {processor.py:208} INFO - Processing /home/airflow/.local/lib/python3.12/site-packages/airflow/example_dags/example_dataset_alias.py took 0.684 seconds
[2026-08-08T06:47:18.806+0000] {processor.py:186} INFO - Started process (PID=2435) to work on /home/airflow/.local/lib/python3.12/site-packages/airflow/example_dags/example_dataset_alias.py
[2026-08-08T06:47:18.807+0000] {processor.py:914} INFO - Processing file /home/airflow/.local/lib/python3.12/site-packages/airflow/example_dags/example_dataset_alias.py for tasks to queue
[2026-08-08T06:47:18.810+0000] {logging_mixin.py:190} INFO - [2026-08-08T06:47:18.810+0000] {dagbag.py:588} INFO - Filling up the DagBag from /home/airflow/.local/lib/python3.12/site-packages/airflow/example_dags/example_dataset_alias.py
[2026-08-08T06:47:19.427+0000] {processor.py:925} INFO - DAG(s) 'dataset_s3_bucket_consumer', 'dataset_alias_example_alias_producer', 'dataset_s3_bucket_producer', 'dataset_alias_example_alias_consumer' retrieved from /home/airflow/.local/lib/python3.12/site-packages/airflow/example_dags/example_dataset_alias.py
[2026-08-08T06:47:19.449+0000] {logging_mixin.py:190} INFO - [2026-08-08T06:47:19.448+0000] {dag.py:3239} INFO - Sync 4 DAGs
[2026-08-08T06:47:19.473+0000] {logging_mixin.py:190} INFO - [2026-08-08T06:47:19.473+0000] {dag.py:4180} INFO - Setting next_dagrun for dataset_alias_example_alias_consumer to None, run_after=None
[2026-08-08T06:47:19.476+0000] {logging_mixin.py:190} INFO - [2026-08-08T06:47:19.476+0000] {dag.py:4180} INFO - Setting next_dagrun for dataset_alias_example_alias_producer to None, run_after=None
[2026-08-08T06:47:19.479+0000] {logging_mixin.py:190} INFO - [2026-08-08T06:47:19.478+0000] {dag.py:4180} INFO - Setting next_dagrun for dataset_s3_bucket_consumer to None, run_after=None
[2026-08-08T06:47:19.481+0000] {logging_mixin.py:190} INFO - [2026-08-08T06:47:19.480+0000] {dag.py:4180} INFO - Setting next_dagrun for dataset_s3_bucket_producer to None, run_after=None
[2026-08-08T06:47:19.502+0000] {processor.py:208} INFO - Processing /home/airflow/.local/lib/python3.12/site-packages/airflow/example_dags/example_dataset_alias.py took 0.702 seconds
[2026-08-08T06:47:50.439+0000] {processor.py:186} INFO - Started process (PID=2500) to work on /home/airflow/.local/lib/python3.12/site-packages/airflow/example_dags/example_dataset_alias.py
[2026-08-08T06:47:50.440+0000] {processor.py:914} INFO - Processing file /home/airflow/.local/lib/python3.12/site-packages/airflow/example_dags/example_dataset_alias.py for tasks to queue
[2026-08-08T06:47:50.444+0000] {logging_mixin.py:190} INFO - [2026-08-08T06:47:50.443+0000] {dagbag.py:588} INFO - Filling up the DagBag from /home/airflow/.local/lib/python3.12/site-packages/airflow/example_dags/example_dataset_alias.py
[2026-08-08T06:47:51.041+0000] {processor.py:925} INFO - DAG(s) 'dataset_alias_example_alias_consumer', 'dataset_alias_example_alias_producer', 'dataset_s3_bucket_consumer', 'dataset_s3_bucket_producer' retrieved from /home/airflow/.local/lib/python3.12/site-packages/airflow/example_dags/example_dataset_alias.py
[2026-08-08T06:47:51.063+0000] {logging_mixin.py:190} INFO - [2026-08-08T06:47:51.063+0000] {dag.py:3239} INFO - Sync 4 DAGs
[2026-08-08T06:47:51.088+0000] {logging_mixin.py:190} INFO - [2026-08-08T06:47:51.088+0000] {dag.py:4180} INFO - Setting next_dagrun for dataset_alias_example_alias_consumer to None, run_after=None
[2026-08-08T06:47:51.092+0000] {logging_mixin.py:190} INFO - [2026-08-08T06:47:51.092+0000] {dag.py:4180} INFO - Setting next_dagrun for dataset_alias_example_alias_producer to None, run_after=None
[2026-08-08T06:47:51.095+0000] {logging_mixin.py:190} INFO - [2026-08-08T06:47:51.094+0000] {dag.py:4180} INFO - Setting next_dagrun for dataset_s3_bucket_consumer to None, run_after=None
[2026-08-08T06:47:51.097+0000] {logging_mixin.py:190} INFO - [2026-08-08T06:47:51.097+0000] {dag.py:4180} INFO - Setting next_dagrun for dataset_s3_bucket_producer to None, run_after=None
[2026-08-08T06:47:51.121+0000] {processor.py:208} INFO - Processing /home/airflow/.local/lib/python3.12/site-packages/airflow/example_dags/example_dataset_alias.py took 0.690 seconds
[2026-08-08T06:48:21.993+0000] {processor.py:186} INFO - Started process (PID=2565) to work on /home/airflow/.local/lib/python3.12/site-packages/airflow/example_dags/example_dataset_alias.py
[2026-08-08T06:48:21.994+0000] {processor.py:914} INFO - Processing file /home/airflow/.local/lib/python3.12/site-packages/airflow/example_dags/example_dataset_alias.py for tasks to queue
[2026-08-08T06:48:21.996+0000] {logging_mixin.py:190} INFO - [2026-08-08T06:48:21.996+0000] {dagbag.py:588} INFO - Filling up the DagBag from /home/airflow/.local/lib/python3.12/site-packages/airflow/example_dags/example_dataset_alias.py
[2026-08-08T06:48:22.610+0000] {processor.py:925} INFO - DAG(s) 'dataset_alias_example_alias_consumer', 'dataset_alias_example_alias_producer', 'dataset_s3_bucket_producer', 'dataset_s3_bucket_consumer' retrieved from /home/airflow/.local/lib/python3.12/site-packages/airflow/example_dags/example_dataset_alias.py
[2026-08-08T06:48:22.633+0000] {logging_mixin.py:190} INFO - [2026-08-08T06:48:22.633+0000] {dag.py:3239} INFO - Sync 4 DAGs
[2026-08-08T06:48:22.662+0000] {logging_mixin.py:190} INFO - [2026-08-08T06:48:22.662+0000] {dag.py:4180} INFO - Setting next_dagrun for dataset_alias_example_alias_consumer to None, run_after=None
[2026-08-08T06:48:22.667+0000] {logging_mixin.py:190} INFO - [2026-08-08T06:48:22.667+0000] {dag.py:4180} INFO - Setting next_dagrun for dataset_alias_example_alias_producer to None, run_after=None
[2026-08-08T06:48:22.670+0000] {logging_mixin.py:190} INFO - [2026-08-08T06:48:22.669+0000] {dag.py:4180} INFO - Setting next_dagrun for dataset_s3_bucket_consumer to None, run_after=None
[2026-08-08T06:48:22.672+0000] {logging_mixin.py:190} INFO - [2026-08-08T06:48:22.672+0000] {dag.py:4180} INFO - Setting next_dagrun for dataset_s3_bucket_producer to None, run_after=None
[2026-08-08T06:48:22.703+0000] {processor.py:208} INFO - Processing /home/airflow/.local/lib/python3.12/site-packages/airflow/example_dags/example_dataset_alias.py took 0.716 seconds
[2026-08-08T06:48:53.003+0000] {processor.py:186} INFO - Started process (PID=2631) to work on /home/airflow/.local/lib/python3.12/site-packages/airflow/example_dags/example_dataset_alias.py
[2026-08-08T06:48:53.004+0000] {processor.py:914} INFO - Processing file /home/airflow/.local/lib/python3.12/site-packages/airflow/example_dags/example_dataset_alias.py for tasks to queue
[2026-08-08T06:48:53.008+0000] {logging_mixin.py:190} INFO - [2026-08-08T06:48:53.007+0000] {dagbag.py:588} INFO - Filling up the DagBag from /home/airflow/.local/lib/python3.12/site-packages/airflow/example_dags/example_dataset_alias.py
[2026-08-08T06:48:53.626+0000] {processor.py:925} INFO - DAG(s) 'dataset_s3_bucket_consumer', 'dataset_alias_example_alias_consumer', 'dataset_alias_example_alias_producer', 'dataset_s3_bucket_producer' retrieved from /home/airflow/.local/lib/python3.12/site-packages/airflow/example_dags/example_dataset_alias.py
[2026-08-08T06:48:53.649+0000] {logging_mixin.py:190} INFO - [2026-08-08T06:48:53.648+0000] {dag.py:3239} INFO - Sync 4 DAGs
[2026-08-08T06:48:53.673+0000] {logging_mixin.py:190} INFO - [2026-08-08T06:48:53.673+0000] {dag.py:4180} INFO - Setting next_dagrun for dataset_alias_example_alias_consumer to None, run_after=None
[2026-08-08T06:48:53.677+0000] {logging_mixin.py:190} INFO - [2026-08-08T06:48:53.677+0000] {dag.py:4180} INFO - Setting next_dagrun for dataset_alias_example_alias_producer to None, run_after=None
[2026-08-08T06:48:53.680+0000] {logging_mixin.py:190} INFO - [2026-08-08T06:48:53.680+0000] {dag.py:4180} INFO - Setting next_dagrun for dataset_s3_bucket_consumer to None, run_after=None
[2026-08-08T06:48:53.682+0000] {logging_mixin.py:190} INFO - [2026-08-08T06:48:53.682+0000] {dag.py:4180} INFO - Setting next_dagrun for dataset_s3_bucket_producer to None, run_after=None
[2026-08-08T06:48:53.703+0000] {processor.py:208} INFO - Processing /home/airflow/.local/lib/python3.12/site-packages/airflow/example_dags/example_dataset_alias.py took 0.707 seconds
[2026-08-08T06:49:24.008+0000] {processor.py:186} INFO - Started process (PID=2696) to work on /home/airflow/.local/lib/python3.12/site-packages/airflow/example_dags/example_dataset_alias.py
[2026-08-08T06:49:24.009+0000] {processor.py:914} INFO - Processing file /home/airflow/.local/lib/python3.12/site-packages/airflow/example_dags/example_dataset_alias.py for tasks to queue
[2026-08-08T06:49:24.013+0000] {logging_mixin.py:190} INFO - [2026-08-08T06:49:24.012+0000] {dagbag.py:588} INFO - Filling up the DagBag from /home/airflow/.local/lib/python3.12/site-packages/airflow/example_dags/example_dataset_alias.py
[2026-08-08T06:49:24.705+0000] {processor.py:925} INFO - DAG(s) 'dataset_s3_bucket_producer', 'dataset_alias_example_alias_consumer', 'dataset_alias_example_alias_producer', 'dataset_s3_bucket_consumer' retrieved from /home/airflow/.local/lib/python3.12/site-packages/airflow/example_dags/example_dataset_alias.py
[2026-08-08T06:49:24.734+0000] {logging_mixin.py:190} INFO - [2026-08-08T06:49:24.734+0000] {dag.py:3239} INFO - Sync 4 DAGs
[2026-08-08T06:49:24.760+0000] {logging_mixin.py:190} INFO - [2026-08-08T06:49:24.760+0000] {dag.py:4180} INFO - Setting next_dagrun for dataset_alias_example_alias_consumer to None, run_after=None
[2026-08-08T06:49:24.764+0000] {logging_mixin.py:190} INFO - [2026-08-08T06:49:24.763+0000] {dag.py:4180} INFO - Setting next_dagrun for dataset_alias_example_alias_producer to None, run_after=None
[2026-08-08T06:49:24.766+0000] {logging_mixin.py:190} INFO - [2026-08-08T06:49:24.766+0000] {dag.py:4180} INFO - Setting next_dagrun for dataset_s3_bucket_consumer to None, run_after=None
[2026-08-08T06:49:24.768+0000] {logging_mixin.py:190} INFO - [2026-08-08T06:49:24.768+0000] {dag.py:4180} INFO - Setting next_dagrun for dataset_s3_bucket_producer to None, run_after=None
[2026-08-08T06:49:24.792+0000] {processor.py:208} INFO - Processing /home/airflow/.local/lib/python3.12/site-packages/airflow/example_dags/example_dataset_alias.py took 0.791 seconds
[2026-08-08T06:49:54.998+0000] {processor.py:186} INFO - Started process (PID=2762) to work on /home/airflow/.local/lib/python3.12/site-packages/airflow/example_dags/example_dataset_alias.py
[2026-08-08T06:49:55.000+0000] {processor.py:914} INFO - Processing file /home/airflow/.local/lib/python3.12/site-packages/airflow/example_dags/example_dataset_alias.py for tasks to queue
[2026-08-08T06:49:55.004+0000] {logging_mixin.py:190} INFO - [2026-08-08T06:49:55.003+0000] {dagbag.py:588} INFO - Filling up the DagBag from /home/airflow/.local/lib/python3.12/site-packages/airflow/example_dags/example_dataset_alias.py
[2026-08-08T06:49:55.602+0000] {processor.py:925} INFO - DAG(s) 'dataset_s3_bucket_producer', 'dataset_s3_bucket_consumer', 'dataset_alias_example_alias_consumer', 'dataset_alias_example_alias_producer' retrieved from /home/airflow/.local/lib/python3.12/site-packages/airflow/example_dags/example_dataset_alias.py
[2026-08-08T06:49:55.624+0000] {logging_mixin.py:190} INFO - [2026-08-08T06:49:55.623+0000] {dag.py:3239} INFO - Sync 4 DAGs
[2026-08-08T06:49:55.646+0000] {logging_mixin.py:190} INFO - [2026-08-08T06:49:55.646+0000] {dag.py:4180} INFO - Setting next_dagrun for dataset_alias_example_alias_consumer to None, run_after=None
[2026-08-08T06:49:55.649+0000] {logging_mixin.py:190} INFO - [2026-08-08T06:49:55.649+0000] {dag.py:4180} INFO - Setting next_dagrun for dataset_alias_example_alias_producer to None, run_after=None
[2026-08-08T06:49:55.653+0000] {logging_mixin.py:190} INFO - [2026-08-08T06:49:55.653+0000] {dag.py:4180} INFO - Setting next_dagrun for dataset_s3_bucket_consumer to None, run_after=None
[2026-08-08T06:49:55.655+0000] {logging_mixin.py:190} INFO - [2026-08-08T06:49:55.655+0000] {dag.py:4180} INFO - Setting next_dagrun for dataset_s3_bucket_producer to None, run_after=None
[2026-08-08T06:49:55.677+0000] {processor.py:208} INFO - Processing /home/airflow/.local/lib/python3.12/site-packages/airflow/example_dags/example_dataset_alias.py took 0.687 seconds
[2026-08-08T06:50:26.144+0000] {processor.py:186} INFO - Started process (PID=2827) to work on /home/airflow/.local/lib/python3.12/site-packages/airflow/example_dags/example_dataset_alias.py
[2026-08-08T06:50:26.145+0000] {processor.py:914} INFO - Processing file /home/airflow/.local/lib/python3.12/site-packages/airflow/example_dags/example_dataset_alias.py for tasks to queue
[2026-08-08T06:50:26.148+0000] {logging_mixin.py:190} INFO - [2026-08-08T06:50:26.147+0000] {dagbag.py:588} INFO - Filling up the DagBag from /home/airflow/.local/lib/python3.12/site-packages/airflow/example_dags/example_dataset_alias.py
[2026-08-08T06:50:26.701+0000] {processor.py:925} INFO - DAG(s) 'dataset_alias_example_alias_producer', 'dataset_s3_bucket_producer', 'dataset_alias_example_alias_consumer', 'dataset_s3_bucket_consumer' retrieved from /home/airflow/.local/lib/python3.12/site-packages/airflow/example_dags/example_dataset_alias.py
[2026-08-08T06:50:26.726+0000] {logging_mixin.py:190} INFO - [2026-08-08T06:50:26.725+0000] {dag.py:3239} INFO - Sync 4 DAGs
[2026-08-08T06:50:26.749+0000] {logging_mixin.py:190} INFO - [2026-08-08T06:50:26.749+0000] {dag.py:4180} INFO - Setting next_dagrun for dataset_alias_example_alias_consumer to None, run_after=None
[2026-08-08T06:50:26.752+0000] {logging_mixin.py:190} INFO - [2026-08-08T06:50:26.752+0000] {dag.py:4180} INFO - Setting next_dagrun for dataset_alias_example_alias_producer to None, run_after=None
[2026-08-08T06:50:26.756+0000] {logging_mixin.py:190} INFO - [2026-08-08T06:50:26.756+0000] {dag.py:4180} INFO - Setting next_dagrun for dataset_s3_bucket_consumer to None, run_after=None
[2026-08-08T06:50:26.759+0000] {logging_mixin.py:190} INFO - [2026-08-08T06:50:26.758+0000] {dag.py:4180} INFO - Setting next_dagrun for dataset_s3_bucket_producer to None, run_after=None
[2026-08-08T06:50:26.787+0000] {processor.py:208} INFO - Processing /home/airflow/.local/lib/python3.12/site-packages/airflow/example_dags/example_dataset_alias.py took 0.649 seconds
[2026-08-08T06:50:56.986+0000] {processor.py:186} INFO - Started process (PID=2892) to work on /home/airflow/.local/lib/python3.12/site-packages/airflow/example_dags/example_dataset_alias.py
[2026-08-08T06:50:56.988+0000] {processor.py:914} INFO - Processing file /home/airflow/.local/lib/python3.12/site-packages/airflow/example_dags/example_dataset_alias.py for tasks to queue
[2026-08-08T06:50:56.992+0000] {logging_mixin.py:190} INFO - [2026-08-08T06:50:56.991+0000] {dagbag.py:588} INFO - Filling up the DagBag from /home/airflow/.local/lib/python3.12/site-packages/airflow/example_dags/example_dataset_alias.py
[2026-08-08T06:50:57.662+0000] {processor.py:925} INFO - DAG(s) 'dataset_s3_bucket_producer', 'dataset_s3_bucket_consumer', 'dataset_alias_example_alias_producer', 'dataset_alias_example_alias_consumer' retrieved from /home/airflow/.local/lib/python3.12/site-packages/airflow/example_dags/example_dataset_alias.py
[2026-08-08T06:50:57.683+0000] {logging_mixin.py:190} INFO - [2026-08-08T06:50:57.683+0000] {dag.py:3239} INFO - Sync 4 DAGs
[2026-08-08T06:50:57.709+0000] {logging_mixin.py:190} INFO - [2026-08-08T06:50:57.708+0000] {dag.py:4180} INFO - Setting next_dagrun for dataset_alias_example_alias_consumer to None, run_after=None
[2026-08-08T06:50:57.712+0000] {logging_mixin.py:190} INFO - [2026-08-08T06:50:57.712+0000] {dag.py:4180} INFO - Setting next_dagrun for dataset_alias_example_alias_producer to None, run_after=None
[2026-08-08T06:50:57.716+0000] {logging_mixin.py:190} INFO - [2026-08-08T06:50:57.716+0000] {dag.py:4180} INFO - Setting next_dagrun for dataset_s3_bucket_consumer to None, run_after=None
[2026-08-08T06:50:57.718+0000] {logging_mixin.py:190} INFO - [2026-08-08T06:50:57.718+0000] {dag.py:4180} INFO - Setting next_dagrun for dataset_s3_bucket_producer to None, run_after=None
[2026-08-08T06:50:57.745+0000] {processor.py:208} INFO - Processing /home/airflow/.local/lib/python3.12/site-packages/airflow/example_dags/example_dataset_alias.py took 0.766 seconds
[2026-08-08T06:54:09.565+0000] {processor.py:186} INFO - Started process (PID=103) to work on /home/airflow/.local/lib/python3.12/site-packages/airflow/example_dags/example_dataset_alias.py
[2026-08-08T06:54:09.567+0000] {processor.py:914} INFO - Processing file /home/airflow/.local/lib/python3.12/site-packages/airflow/example_dags/example_dataset_alias.py for tasks to queue
[2026-08-08T06:54:09.570+0000] {logging_mixin.py:190} INFO - [2026-08-08T06:54:09.569+0000] {dagbag.py:588} INFO - Filling up the DagBag from /home/airflow/.local/lib/python3.12/site-packages/airflow/example_dags/example_dataset_alias.py
[2026-08-08T06:54:10.173+0000] {processor.py:925} INFO - DAG(s) 'dataset_s3_bucket_producer', 'dataset_alias_example_alias_producer', 'dataset_s3_bucket_consumer', 'dataset_alias_example_alias_consumer' retrieved from /home/airflow/.local/lib/python3.12/site-packages/airflow/example_dags/example_dataset_alias.py
[2026-08-08T06:54:10.281+0000] {logging_mixin.py:190} INFO - [2026-08-08T06:54:10.280+0000] {override.py:1912} INFO - Created Permission View: can delete on DAG:dataset_s3_bucket_producer
[2026-08-08T06:54:10.295+0000] {logging_mixin.py:190} INFO - [2026-08-08T06:54:10.295+0000] {override.py:1912} INFO - Created Permission View: can read on DAG:dataset_s3_bucket_producer
[2026-08-08T06:54:10.304+0000] {logging_mixin.py:190} INFO - [2026-08-08T06:54:10.304+0000] {override.py:1912} INFO - Created Permission View: can edit on DAG:dataset_s3_bucket_producer
[2026-08-08T06:54:10.315+0000] {logging_mixin.py:190} INFO - [2026-08-08T06:54:10.315+0000] {override.py:1912} INFO - Created Permission View: can delete on DAG Run:dataset_s3_bucket_producer
[2026-08-08T06:54:10.325+0000] {logging_mixin.py:190} INFO - [2026-08-08T06:54:10.324+0000] {override.py:1912} INFO - Created Permission View: can create on DAG Run:dataset_s3_bucket_producer
[2026-08-08T06:54:10.334+0000] {logging_mixin.py:190} INFO - [2026-08-08T06:54:10.334+0000] {override.py:1912} INFO - Created Permission View: can read on DAG Run:dataset_s3_bucket_producer
[2026-08-08T06:54:10.343+0000] {logging_mixin.py:190} INFO - [2026-08-08T06:54:10.343+0000] {override.py:1912} INFO - Created Permission View: menu access on DAG Run:dataset_s3_bucket_producer
[2026-08-08T06:54:10.365+0000] {logging_mixin.py:190} INFO - [2026-08-08T06:54:10.364+0000] {override.py:1912} INFO - Created Permission View: can delete on DAG:dataset_alias_example_alias_producer
[2026-08-08T06:54:10.374+0000] {logging_mixin.py:190} INFO - [2026-08-08T06:54:10.374+0000] {override.py:1912} INFO - Created Permission View: can read on DAG:dataset_alias_example_alias_producer
[2026-08-08T06:54:10.383+0000] {logging_mixin.py:190} INFO - [2026-08-08T06:54:10.383+0000] {override.py:1912} INFO - Created Permission View: can edit on DAG:dataset_alias_example_alias_producer
[2026-08-08T06:54:10.394+0000] {logging_mixin.py:190} INFO - [2026-08-08T06:54:10.394+0000] {override.py:1912} INFO - Created Permission View: can delete on DAG Run:dataset_alias_example_alias_producer
[2026-08-08T06:54:10.403+0000] {logging_mixin.py:190} INFO - [2026-08-08T06:54:10.402+0000] {override.py:1912} INFO - Created Permission View: can create on DAG Run:dataset_alias_example_alias_producer
[2026-08-08T06:54:10.412+0000] {logging_mixin.py:190} INFO - [2026-08-08T06:54:10.412+0000] {override.py:1912} INFO - Created Permission View: can read on DAG Run:dataset_alias_example_alias_producer
[2026-08-08T06:54:10.421+0000] {logging_mixin.py:190} INFO - [2026-08-08T06:54:10.420+0000] {override.py:1912} INFO - Created Permission View: menu access on DAG Run:dataset_alias_example_alias_producer
[2026-08-08T06:54:10.438+0000] {logging_mixin.py:190} INFO - [2026-08-08T06:54:10.438+0000] {override.py:1912} INFO - Created Permission View: can delete on DAG:dataset_s3_bucket_consumer
[2026-08-08T06:54:10.449+0000] {logging_mixin.py:190} INFO - [2026-08-08T06:54:10.449+0000] {override.py:1912} INFO - Created Permission View: can read on DAG:dataset_s3_bucket_consumer
[2026-08-08T06:54:10.463+0000] {logging_mixin.py:190} INFO - [2026-08-08T06:54:10.462+0000] {override.py:1912} INFO - Created Permission View: can edit on DAG:dataset_s3_bucket_consumer
[2026-08-08T06:54:10.476+0000] {logging_mixin.py:190} INFO - [2026-08-08T06:54:10.475+0000] {override.py:1912} INFO - Created Permission View: can delete on DAG Run:dataset_s3_bucket_consumer
[2026-08-08T06:54:10.488+0000] {logging_mixin.py:190} INFO - [2026-08-08T06:54:10.487+0000] {override.py:1912} INFO - Created Permission View: can create on DAG Run:dataset_s3_bucket_consumer
[2026-08-08T06:54:10.558+0000] {logging_mixin.py:190} INFO - [2026-08-08T06:54:10.558+0000] {override.py:1912} INFO - Created Permission View: can read on DAG Run:dataset_s3_bucket_consumer
[2026-08-08T06:54:10.584+0000] {logging_mixin.py:190} INFO - [2026-08-08T06:54:10.584+0000] {override.py:1912} INFO - Created Permission View: menu access on DAG Run:dataset_s3_bucket_consumer
[2026-08-08T06:54:10.614+0000] {logging_mixin.py:190} INFO - [2026-08-08T06:54:10.614+0000] {override.py:1912} INFO - Created Permission View: can delete on DAG:dataset_alias_example_alias_consumer
[2026-08-08T06:54:10.626+0000] {logging_mixin.py:190} INFO - [2026-08-08T06:54:10.625+0000] {override.py:1912} INFO - Created Permission View: can read on DAG:dataset_alias_example_alias_consumer
[2026-08-08T06:54:10.635+0000] {logging_mixin.py:190} INFO - [2026-08-08T06:54:10.635+0000] {override.py:1912} INFO - Created Permission View: can edit on DAG:dataset_alias_example_alias_consumer
[2026-08-08T06:54:10.646+0000] {logging_mixin.py:190} INFO - [2026-08-08T06:54:10.646+0000] {override.py:1912} INFO - Created Permission View: can delete on DAG Run:dataset_alias_example_alias_consumer
[2026-08-08T06:54:10.655+0000] {logging_mixin.py:190} INFO - [2026-08-08T06:54:10.655+0000] {override.py:1912} INFO - Created Permission View: can create on DAG Run:dataset_alias_example_alias_consumer
[2026-08-08T06:54:10.664+0000] {logging_mixin.py:190} INFO - [2026-08-08T06:54:10.664+0000] {override.py:1912} INFO - Created Permission View: can read on DAG Run:dataset_alias_example_alias_consumer
[2026-08-08T06:54:10.673+0000] {logging_mixin.py:190} INFO - [2026-08-08T06:54:10.673+0000] {override.py:1912} INFO - Created Permission View: menu access on DAG Run:dataset_alias_example_alias_consumer
[2026-08-08T06:54:10.674+0000] {logging_mixin.py:190} INFO - [2026-08-08T06:54:10.674+0000] {dag.py:3239} INFO - Sync 4 DAGs
[2026-08-08T06:54:10.689+0000] {logging_mixin.py:190} INFO - [2026-08-08T06:54:10.689+0000] {dag.py:3262} INFO - Creating ORM DAG for dataset_s3_bucket_consumer
[2026-08-08T06:54:10.691+0000] {logging_mixin.py:190} INFO - [2026-08-08T06:54:10.691+0000] {dag.py:3262} INFO - Creating ORM DAG for dataset_s3_bucket_producer
[2026-08-08T06:54:10.692+0000] {logging_mixin.py:190} INFO - [2026-08-08T06:54:10.692+0000] {dag.py:3262} INFO - Creating ORM DAG for dataset_alias_example_alias_producer
[2026-08-08T06:54:10.694+0000] {logging_mixin.py:190} INFO - [2026-08-08T06:54:10.694+0000] {dag.py:3262} INFO - Creating ORM DAG for dataset_alias_example_alias_consumer
[2026-08-08T06:54:10.704+0000] {logging_mixin.py:190} INFO - [2026-08-08T06:54:10.704+0000] {dag.py:4180} INFO - Setting next_dagrun for dataset_alias_example_alias_consumer to None, run_after=None
[2026-08-08T06:54:10.706+0000] {logging_mixin.py:190} INFO - [2026-08-08T06:54:10.705+0000] {dag.py:4180} INFO - Setting next_dagrun for dataset_alias_example_alias_producer to None, run_after=None
[2026-08-08T06:54:10.707+0000] {logging_mixin.py:190} INFO - [2026-08-08T06:54:10.707+0000] {dag.py:4180} INFO - Setting next_dagrun for dataset_s3_bucket_consumer to None, run_after=None
[2026-08-08T06:54:10.709+0000] {logging_mixin.py:190} INFO - [2026-08-08T06:54:10.708+0000] {dag.py:4180} INFO - Setting next_dagrun for dataset_s3_bucket_producer to None, run_after=None
[2026-08-08T06:54:10.742+0000] {processor.py:208} INFO - Processing /home/airflow/.local/lib/python3.12/site-packages/airflow/example_dags/example_dataset_alias.py took 1.183 seconds
[2026-08-08T06:54:41.515+0000] {processor.py:186} INFO - Started process (PID=170) to work on /home/airflow/.local/lib/python3.12/site-packages/airflow/example_dags/example_dataset_alias.py
[2026-08-08T06:54:41.516+0000] {processor.py:914} INFO - Processing file /home/airflow/.local/lib/python3.12/site-packages/airflow/example_dags/example_dataset_alias.py for tasks to queue
[2026-08-08T06:54:41.519+0000] {logging_mixin.py:190} INFO - [2026-08-08T06:54:41.518+0000] {dagbag.py:588} INFO - Filling up the DagBag from /home/airflow/.local/lib/python3.12/site-packages/airflow/example_dags/example_dataset_alias.py
[2026-08-08T06:54:42.133+0000] {processor.py:925} INFO - DAG(s) 'dataset_alias_example_alias_producer', 'dataset_s3_bucket_consumer', 'dataset_alias_example_alias_consumer', 'dataset_s3_bucket_producer' retrieved from /home/airflow/.local/lib/python3.12/site-packages/airflow/example_dags/example_dataset_alias.py
[2026-08-08T06:54:42.156+0000] {logging_mixin.py:190} INFO - [2026-08-08T06:54:42.156+0000] {dag.py:3239} INFO - Sync 4 DAGs
[2026-08-08T06:54:42.180+0000] {logging_mixin.py:190} INFO - [2026-08-08T06:54:42.180+0000] {dag.py:4180} INFO - Setting next_dagrun for dataset_alias_example_alias_consumer to None, run_after=None
[2026-08-08T06:54:42.183+0000] {logging_mixin.py:190} INFO - [2026-08-08T06:54:42.183+0000] {dag.py:4180} INFO - Setting next_dagrun for dataset_alias_example_alias_producer to None, run_after=None
[2026-08-08T06:54:42.186+0000] {logging_mixin.py:190} INFO - [2026-08-08T06:54:42.186+0000] {dag.py:4180} INFO - Setting next_dagrun for dataset_s3_bucket_consumer to None, run_after=None
[2026-08-08T06:54:42.189+0000] {logging_mixin.py:190} INFO - [2026-08-08T06:54:42.188+0000] {dag.py:4180} INFO - Setting next_dagrun for dataset_s3_bucket_producer to None, run_after=None
[2026-08-08T06:54:42.212+0000] {processor.py:208} INFO - Processing /home/airflow/.local/lib/python3.12/site-packages/airflow/example_dags/example_dataset_alias.py took 0.703 seconds
[2026-08-08T06:55:12.288+0000] {processor.py:186} INFO - Started process (PID=239) to work on /home/airflow/.local/lib/python3.12/site-packages/airflow/example_dags/example_dataset_alias.py
[2026-08-08T06:55:12.290+0000] {processor.py:914} INFO - Processing file /home/airflow/.local/lib/python3.12/site-packages/airflow/example_dags/example_dataset_alias.py for tasks to queue
[2026-08-08T06:55:12.295+0000] {logging_mixin.py:190} INFO - [2026-08-08T06:55:12.294+0000] {dagbag.py:588} INFO - Filling up the DagBag from /home/airflow/.local/lib/python3.12/site-packages/airflow/example_dags/example_dataset_alias.py
[2026-08-08T06:55:13.002+0000] {processor.py:925} INFO - DAG(s) 'dataset_s3_bucket_consumer', 'dataset_s3_bucket_producer', 'dataset_alias_example_alias_producer', 'dataset_alias_example_alias_consumer' retrieved from /home/airflow/.local/lib/python3.12/site-packages/airflow/example_dags/example_dataset_alias.py
[2026-08-08T06:55:13.025+0000] {logging_mixin.py:190} INFO - [2026-08-08T06:55:13.024+0000] {dag.py:3239} INFO - Sync 4 DAGs
[2026-08-08T06:55:13.053+0000] {logging_mixin.py:190} INFO - [2026-08-08T06:55:13.052+0000] {dag.py:4180} INFO - Setting next_dagrun for dataset_alias_example_alias_consumer to None, run_after=None
[2026-08-08T06:55:13.057+0000] {logging_mixin.py:190} INFO - [2026-08-08T06:55:13.057+0000] {dag.py:4180} INFO - Setting next_dagrun for dataset_alias_example_alias_producer to None, run_after=None
[2026-08-08T06:55:13.059+0000] {logging_mixin.py:190} INFO - [2026-08-08T06:55:13.059+0000] {dag.py:4180} INFO - Setting next_dagrun for dataset_s3_bucket_consumer to None, run_after=None
[2026-08-08T06:55:13.061+0000] {logging_mixin.py:190} INFO - [2026-08-08T06:55:13.061+0000] {dag.py:4180} INFO - Setting next_dagrun for dataset_s3_bucket_producer to None, run_after=None
[2026-08-08T06:55:13.084+0000] {processor.py:208} INFO - Processing /home/airflow/.local/lib/python3.12/site-packages/airflow/example_dags/example_dataset_alias.py took 0.804 seconds
[2026-08-08T06:55:43.136+0000] {processor.py:186} INFO - Started process (PID=304) to work on /home/airflow/.local/lib/python3.12/site-packages/airflow/example_dags/example_dataset_alias.py
[2026-08-08T06:55:43.138+0000] {processor.py:914} INFO - Processing file /home/airflow/.local/lib/python3.12/site-packages/airflow/example_dags/example_dataset_alias.py for tasks to queue
[2026-08-08T06:55:43.142+0000] {logging_mixin.py:190} INFO - [2026-08-08T06:55:43.141+0000] {dagbag.py:588} INFO - Filling up the DagBag from /home/airflow/.local/lib/python3.12/site-packages/airflow/example_dags/example_dataset_alias.py
[2026-08-08T06:55:43.770+0000] {processor.py:925} INFO - DAG(s) 'dataset_s3_bucket_producer', 'dataset_s3_bucket_consumer', 'dataset_alias_example_alias_producer', 'dataset_alias_example_alias_consumer' retrieved from /home/airflow/.local/lib/python3.12/site-packages/airflow/example_dags/example_dataset_alias.py
[2026-08-08T06:55:43.795+0000] {logging_mixin.py:190} INFO - [2026-08-08T06:55:43.795+0000] {dag.py:3239} INFO - Sync 4 DAGs
[2026-08-08T06:55:43.821+0000] {logging_mixin.py:190} INFO - [2026-08-08T06:55:43.821+0000] {dag.py:4180} INFO - Setting next_dagrun for dataset_alias_example_alias_consumer to None, run_after=None
[2026-08-08T06:55:43.825+0000] {logging_mixin.py:190} INFO - [2026-08-08T06:55:43.825+0000] {dag.py:4180} INFO - Setting next_dagrun for dataset_alias_example_alias_producer to None, run_after=None
[2026-08-08T06:55:43.828+0000] {logging_mixin.py:190} INFO - [2026-08-08T06:55:43.828+0000] {dag.py:4180} INFO - Setting next_dagrun for dataset_s3_bucket_consumer to None, run_after=None
[2026-08-08T06:55:43.830+0000] {logging_mixin.py:190} INFO - [2026-08-08T06:55:43.830+0000] {dag.py:4180} INFO - Setting next_dagrun for dataset_s3_bucket_producer to None, run_after=None
[2026-08-08T06:55:43.858+0000] {processor.py:208} INFO - Processing /home/airflow/.local/lib/python3.12/site-packages/airflow/example_dags/example_dataset_alias.py took 0.730 seconds
[2026-08-08T06:56:13.910+0000] {processor.py:186} INFO - Started process (PID=369) to work on /home/airflow/.local/lib/python3.12/site-packages/airflow/example_dags/example_dataset_alias.py
[2026-08-08T06:56:13.911+0000] {processor.py:914} INFO - Processing file /home/airflow/.local/lib/python3.12/site-packages/airflow/example_dags/example_dataset_alias.py for tasks to queue
[2026-08-08T06:56:13.914+0000] {logging_mixin.py:190} INFO - [2026-08-08T06:56:13.914+0000] {dagbag.py:588} INFO - Filling up the DagBag from /home/airflow/.local/lib/python3.12/site-packages/airflow/example_dags/example_dataset_alias.py
[2026-08-08T06:56:14.474+0000] {processor.py:925} INFO - DAG(s) 'dataset_alias_example_alias_consumer', 'dataset_s3_bucket_producer', 'dataset_s3_bucket_consumer', 'dataset_alias_example_alias_producer' retrieved from /home/airflow/.local/lib/python3.12/site-packages/airflow/example_dags/example_dataset_alias.py
[2026-08-08T06:56:14.493+0000] {logging_mixin.py:190} INFO - [2026-08-08T06:56:14.493+0000] {dag.py:3239} INFO - Sync 4 DAGs
[2026-08-08T06:56:14.515+0000] {logging_mixin.py:190} INFO - [2026-08-08T06:56:14.515+0000] {dag.py:4180} INFO - Setting next_dagrun for dataset_alias_example_alias_consumer to None, run_after=None
[2026-08-08T06:56:14.520+0000] {logging_mixin.py:190} INFO - [2026-08-08T06:56:14.519+0000] {dag.py:4180} INFO - Setting next_dagrun for dataset_alias_example_alias_producer to None, run_after=None
[2026-08-08T06:56:14.524+0000] {logging_mixin.py:190} INFO - [2026-08-08T06:56:14.523+0000] {dag.py:4180} INFO - Setting next_dagrun for dataset_s3_bucket_consumer to None, run_after=None
[2026-08-08T06:56:14.527+0000] {logging_mixin.py:190} INFO - [2026-08-08T06:56:14.527+0000] {dag.py:4180} INFO - Setting next_dagrun for dataset_s3_bucket_producer to None, run_after=None
[2026-08-08T06:56:14.555+0000] {processor.py:208} INFO - Processing /home/airflow/.local/lib/python3.12/site-packages/airflow/example_dags/example_dataset_alias.py took 0.651 seconds
[2026-08-08T06:56:44.788+0000] {processor.py:186} INFO - Started process (PID=434) to work on /home/airflow/.local/lib/python3.12/site-packages/airflow/example_dags/example_dataset_alias.py
[2026-08-08T06:56:44.789+0000] {processor.py:914} INFO - Processing file /home/airflow/.local/lib/python3.12/site-packages/airflow/example_dags/example_dataset_alias.py for tasks to queue
[2026-08-08T06:56:44.793+0000] {logging_mixin.py:190} INFO - [2026-08-08T06:56:44.792+0000] {dagbag.py:588} INFO - Filling up the DagBag from /home/airflow/.local/lib/python3.12/site-packages/airflow/example_dags/example_dataset_alias.py
[2026-08-08T06:56:45.458+0000] {processor.py:925} INFO - DAG(s) 'dataset_s3_bucket_consumer', 'dataset_alias_example_alias_producer', 'dataset_s3_bucket_producer', 'dataset_alias_example_alias_consumer' retrieved from /home/airflow/.local/lib/python3.12/site-packages/airflow/example_dags/example_dataset_alias.py
[2026-08-08T06:56:45.484+0000] {logging_mixin.py:190} INFO - [2026-08-08T06:56:45.483+0000] {dag.py:3239} INFO - Sync 4 DAGs
[2026-08-08T06:56:45.510+0000] {logging_mixin.py:190} INFO - [2026-08-08T06:56:45.509+0000] {dag.py:4180} INFO - Setting next_dagrun for dataset_alias_example_alias_consumer to None, run_after=None
[2026-08-08T06:56:45.513+0000] {logging_mixin.py:190} INFO - [2026-08-08T06:56:45.513+0000] {dag.py:4180} INFO - Setting next_dagrun for dataset_alias_example_alias_producer to None, run_after=None
[2026-08-08T06:56:45.515+0000] {logging_mixin.py:190} INFO - [2026-08-08T06:56:45.515+0000] {dag.py:4180} INFO - Setting next_dagrun for dataset_s3_bucket_consumer to None, run_after=None
[2026-08-08T06:56:45.517+0000] {logging_mixin.py:190} INFO - [2026-08-08T06:56:45.517+0000] {dag.py:4180} INFO - Setting next_dagrun for dataset_s3_bucket_producer to None, run_after=None
[2026-08-08T06:56:45.537+0000] {processor.py:208} INFO - Processing /home/airflow/.local/lib/python3.12/site-packages/airflow/example_dags/example_dataset_alias.py took 0.757 seconds
[2026-08-08T06:57:16.379+0000] {processor.py:186} INFO - Started process (PID=503) to work on /home/airflow/.local/lib/python3.12/site-packages/airflow/example_dags/example_dataset_alias.py
[2026-08-08T06:57:16.380+0000] {processor.py:914} INFO - Processing file /home/airflow/.local/lib/python3.12/site-packages/airflow/example_dags/example_dataset_alias.py for tasks to queue
[2026-08-08T06:57:16.383+0000] {logging_mixin.py:190} INFO - [2026-08-08T06:57:16.383+0000] {dagbag.py:588} INFO - Filling up the DagBag from /home/airflow/.local/lib/python3.12/site-packages/airflow/example_dags/example_dataset_alias.py
[2026-08-08T06:57:16.988+0000] {processor.py:925} INFO - DAG(s) 'dataset_alias_example_alias_producer', 'dataset_s3_bucket_producer', 'dataset_s3_bucket_consumer', 'dataset_alias_example_alias_consumer' retrieved from /home/airflow/.local/lib/python3.12/site-packages/airflow/example_dags/example_dataset_alias.py
[2026-08-08T06:57:17.009+0000] {logging_mixin.py:190} INFO - [2026-08-08T06:57:17.008+0000] {dag.py:3239} INFO - Sync 4 DAGs
[2026-08-08T06:57:17.037+0000] {logging_mixin.py:190} INFO - [2026-08-08T06:57:17.037+0000] {dag.py:4180} INFO - Setting next_dagrun for dataset_alias_example_alias_consumer to None, run_after=None
[2026-08-08T06:57:17.041+0000] {logging_mixin.py:190} INFO - [2026-08-08T06:57:17.041+0000] {dag.py:4180} INFO - Setting next_dagrun for dataset_alias_example_alias_producer to None, run_after=None
[2026-08-08T06:57:17.044+0000] {logging_mixin.py:190} INFO - [2026-08-08T06:57:17.043+0000] {dag.py:4180} INFO - Setting next_dagrun for dataset_s3_bucket_consumer to None, run_after=None
[2026-08-08T06:57:17.047+0000] {logging_mixin.py:190} INFO - [2026-08-08T06:57:17.046+0000] {dag.py:4180} INFO - Setting next_dagrun for dataset_s3_bucket_producer to None, run_after=None
[2026-08-08T06:57:17.067+0000] {processor.py:208} INFO - Processing /home/airflow/.local/lib/python3.12/site-packages/airflow/example_dags/example_dataset_alias.py took 0.695 seconds
[2026-08-08T06:57:47.624+0000] {processor.py:186} INFO - Started process (PID=569) to work on /home/airflow/.local/lib/python3.12/site-packages/airflow/example_dags/example_dataset_alias.py
[2026-08-08T06:57:47.625+0000] {processor.py:914} INFO - Processing file /home/airflow/.local/lib/python3.12/site-packages/airflow/example_dags/example_dataset_alias.py for tasks to queue
[2026-08-08T06:57:47.629+0000] {logging_mixin.py:190} INFO - [2026-08-08T06:57:47.629+0000] {dagbag.py:588} INFO - Filling up the DagBag from /home/airflow/.local/lib/python3.12/site-packages/airflow/example_dags/example_dataset_alias.py
[2026-08-08T06:57:48.433+0000] {processor.py:925} INFO - DAG(s) 'dataset_s3_bucket_consumer', 'dataset_s3_bucket_producer', 'dataset_alias_example_alias_consumer', 'dataset_alias_example_alias_producer' retrieved from /home/airflow/.local/lib/python3.12/site-packages/airflow/example_dags/example_dataset_alias.py
[2026-08-08T06:57:48.464+0000] {logging_mixin.py:190} INFO - [2026-08-08T06:57:48.464+0000] {dag.py:3239} INFO - Sync 4 DAGs
[2026-08-08T06:57:48.499+0000] {logging_mixin.py:190} INFO - [2026-08-08T06:57:48.498+0000] {dag.py:4180} INFO - Setting next_dagrun for dataset_alias_example_alias_consumer to None, run_after=None
[2026-08-08T06:57:48.502+0000] {logging_mixin.py:190} INFO - [2026-08-08T06:57:48.502+0000] {dag.py:4180} INFO - Setting next_dagrun for dataset_alias_example_alias_producer to None, run_after=None
[2026-08-08T06:57:48.506+0000] {logging_mixin.py:190} INFO - [2026-08-08T06:57:48.506+0000] {dag.py:4180} INFO - Setting next_dagrun for dataset_s3_bucket_consumer to None, run_after=None
[2026-08-08T06:57:48.508+0000] {logging_mixin.py:190} INFO - [2026-08-08T06:57:48.508+0000] {dag.py:4180} INFO - Setting next_dagrun for dataset_s3_bucket_producer to None, run_after=None
[2026-08-08T06:57:48.545+0000] {processor.py:208} INFO - Processing /home/airflow/.local/lib/python3.12/site-packages/airflow/example_dags/example_dataset_alias.py took 0.929 seconds
[2026-08-08T06:58:18.632+0000] {processor.py:186} INFO - Started process (PID=639) to work on /home/airflow/.local/lib/python3.12/site-packages/airflow/example_dags/example_dataset_alias.py
[2026-08-08T06:58:18.633+0000] {processor.py:914} INFO - Processing file /home/airflow/.local/lib/python3.12/site-packages/airflow/example_dags/example_dataset_alias.py for tasks to queue
[2026-08-08T06:58:18.637+0000] {logging_mixin.py:190} INFO - [2026-08-08T06:58:18.636+0000] {dagbag.py:588} INFO - Filling up the DagBag from /home/airflow/.local/lib/python3.12/site-packages/airflow/example_dags/example_dataset_alias.py
[2026-08-08T06:58:19.258+0000] {processor.py:925} INFO - DAG(s) 'dataset_alias_example_alias_consumer', 'dataset_alias_example_alias_producer', 'dataset_s3_bucket_producer', 'dataset_s3_bucket_consumer' retrieved from /home/airflow/.local/lib/python3.12/site-packages/airflow/example_dags/example_dataset_alias.py
[2026-08-08T06:58:19.282+0000] {logging_mixin.py:190} INFO - [2026-08-08T06:58:19.281+0000] {dag.py:3239} INFO - Sync 4 DAGs
[2026-08-08T06:58:19.306+0000] {logging_mixin.py:190} INFO - [2026-08-08T06:58:19.305+0000] {dag.py:4180} INFO - Setting next_dagrun for dataset_alias_example_alias_consumer to None, run_after=None
[2026-08-08T06:58:19.309+0000] {logging_mixin.py:190} INFO - [2026-08-08T06:58:19.309+0000] {dag.py:4180} INFO - Setting next_dagrun for dataset_alias_example_alias_producer to None, run_after=None
[2026-08-08T06:58:19.311+0000] {logging_mixin.py:190} INFO - [2026-08-08T06:58:19.311+0000] {dag.py:4180} INFO - Setting next_dagrun for dataset_s3_bucket_consumer to None, run_after=None
[2026-08-08T06:58:19.313+0000] {logging_mixin.py:190} INFO - [2026-08-08T06:58:19.313+0000] {dag.py:4180} INFO - Setting next_dagrun for dataset_s3_bucket_producer to None, run_after=None
[2026-08-08T06:58:19.337+0000] {processor.py:208} INFO - Processing /home/airflow/.local/lib/python3.12/site-packages/airflow/example_dags/example_dataset_alias.py took 0.712 seconds
[2026-08-08T06:58:49.401+0000] {processor.py:186} INFO - Started process (PID=704) to work on /home/airflow/.local/lib/python3.12/site-packages/airflow/example_dags/example_dataset_alias.py
[2026-08-08T06:58:49.402+0000] {processor.py:914} INFO - Processing file /home/airflow/.local/lib/python3.12/site-packages/airflow/example_dags/example_dataset_alias.py for tasks to queue
[2026-08-08T06:58:49.405+0000] {logging_mixin.py:190} INFO - [2026-08-08T06:58:49.404+0000] {dagbag.py:588} INFO - Filling up the DagBag from /home/airflow/.local/lib/python3.12/site-packages/airflow/example_dags/example_dataset_alias.py
[2026-08-08T06:58:49.936+0000] {processor.py:925} INFO - DAG(s) 'dataset_s3_bucket_consumer', 'dataset_alias_example_alias_consumer', 'dataset_alias_example_alias_producer', 'dataset_s3_bucket_producer' retrieved from /home/airflow/.local/lib/python3.12/site-packages/airflow/example_dags/example_dataset_alias.py
[2026-08-08T06:58:49.957+0000] {logging_mixin.py:190} INFO - [2026-08-08T06:58:49.956+0000] {dag.py:3239} INFO - Sync 4 DAGs
[2026-08-08T06:58:49.979+0000] {logging_mixin.py:190} INFO - [2026-08-08T06:58:49.979+0000] {dag.py:4180} INFO - Setting next_dagrun for dataset_alias_example_alias_consumer to None, run_after=None
[2026-08-08T06:58:49.983+0000] {logging_mixin.py:190} INFO - [2026-08-08T06:58:49.983+0000] {dag.py:4180} INFO - Setting next_dagrun for dataset_alias_example_alias_producer to None, run_after=None
[2026-08-08T06:58:49.985+0000] {logging_mixin.py:190} INFO - [2026-08-08T06:58:49.985+0000] {dag.py:4180} INFO - Setting next_dagrun for dataset_s3_bucket_consumer to None, run_after=None
[2026-08-08T06:58:49.987+0000] {logging_mixin.py:190} INFO - [2026-08-08T06:58:49.987+0000] {dag.py:4180} INFO - Setting next_dagrun for dataset_s3_bucket_producer to None, run_after=None
[2026-08-08T06:58:50.007+0000] {processor.py:208} INFO - Processing /home/airflow/.local/lib/python3.12/site-packages/airflow/example_dags/example_dataset_alias.py took 0.612 seconds
[2026-08-08T06:59:20.097+0000] {processor.py:186} INFO - Started process (PID=769) to work on /home/airflow/.local/lib/python3.12/site-packages/airflow/example_dags/example_dataset_alias.py
[2026-08-08T06:59:20.098+0000] {processor.py:914} INFO - Processing file /home/airflow/.local/lib/python3.12/site-packages/airflow/example_dags/example_dataset_alias.py for tasks to queue
[2026-08-08T06:59:20.100+0000] {logging_mixin.py:190} INFO - [2026-08-08T06:59:20.100+0000] {dagbag.py:588} INFO - Filling up the DagBag from /home/airflow/.local/lib/python3.12/site-packages/airflow/example_dags/example_dataset_alias.py
[2026-08-08T06:59:20.648+0000] {processor.py:925} INFO - DAG(s) 'dataset_alias_example_alias_producer', 'dataset_s3_bucket_producer', 'dataset_alias_example_alias_consumer', 'dataset_s3_bucket_consumer' retrieved from /home/airflow/.local/lib/python3.12/site-packages/airflow/example_dags/example_dataset_alias.py
[2026-08-08T06:59:20.670+0000] {logging_mixin.py:190} INFO - [2026-08-08T06:59:20.669+0000] {dag.py:3239} INFO - Sync 4 DAGs
[2026-08-08T06:59:20.692+0000] {logging_mixin.py:190} INFO - [2026-08-08T06:59:20.692+0000] {dag.py:4180} INFO - Setting next_dagrun for dataset_alias_example_alias_consumer to None, run_after=None
[2026-08-08T06:59:20.696+0000] {logging_mixin.py:190} INFO - [2026-08-08T06:59:20.696+0000] {dag.py:4180} INFO - Setting next_dagrun for dataset_alias_example_alias_producer to None, run_after=None
[2026-08-08T06:59:20.698+0000] {logging_mixin.py:190} INFO - [2026-08-08T06:59:20.698+0000] {dag.py:4180} INFO - Setting next_dagrun for dataset_s3_bucket_consumer to None, run_after=None
[2026-08-08T06:59:20.700+0000] {logging_mixin.py:190} INFO - [2026-08-08T06:59:20.700+0000] {dag.py:4180} INFO - Setting next_dagrun for dataset_s3_bucket_producer to None, run_after=None
[2026-08-08T06:59:20.720+0000] {processor.py:208} INFO - Processing /home/airflow/.local/lib/python3.12/site-packages/airflow/example_dags/example_dataset_alias.py took 0.629 seconds
[2026-08-08T06:59:51.698+0000] {processor.py:186} INFO - Started process (PID=834) to work on /home/airflow/.local/lib/python3.12/site-packages/airflow/example_dags/example_dataset_alias.py
[2026-08-08T06:59:51.699+0000] {processor.py:914} INFO - Processing file /home/airflow/.local/lib/python3.12/site-packages/airflow/example_dags/example_dataset_alias.py for tasks to queue
[2026-08-08T06:59:51.702+0000] {logging_mixin.py:190} INFO - [2026-08-08T06:59:51.701+0000] {dagbag.py:588} INFO - Filling up the DagBag from /home/airflow/.local/lib/python3.12/site-packages/airflow/example_dags/example_dataset_alias.py
[2026-08-08T06:59:52.345+0000] {processor.py:925} INFO - DAG(s) 'dataset_s3_bucket_consumer', 'dataset_s3_bucket_producer', 'dataset_alias_example_alias_producer', 'dataset_alias_example_alias_consumer' retrieved from /home/airflow/.local/lib/python3.12/site-packages/airflow/example_dags/example_dataset_alias.py
[2026-08-08T06:59:52.367+0000] {logging_mixin.py:190} INFO - [2026-08-08T06:59:52.367+0000] {dag.py:3239} INFO - Sync 4 DAGs
[2026-08-08T06:59:52.393+0000] {logging_mixin.py:190} INFO - [2026-08-08T06:59:52.393+0000] {dag.py:4180} INFO - Setting next_dagrun for dataset_alias_example_alias_consumer to None, run_after=None
[2026-08-08T06:59:52.397+0000] {logging_mixin.py:190} INFO - [2026-08-08T06:59:52.396+0000] {dag.py:4180} INFO - Setting next_dagrun for dataset_alias_example_alias_producer to None, run_after=None
[2026-08-08T06:59:52.399+0000] {logging_mixin.py:190} INFO - [2026-08-08T06:59:52.399+0000] {dag.py:4180} INFO - Setting next_dagrun for dataset_s3_bucket_consumer to None, run_after=None
[2026-08-08T06:59:52.402+0000] {logging_mixin.py:190} INFO - [2026-08-08T06:59:52.402+0000] {dag.py:4180} INFO - Setting next_dagrun for dataset_s3_bucket_producer to None, run_after=None
[2026-08-08T06:59:52.432+0000] {processor.py:208} INFO - Processing /home/airflow/.local/lib/python3.12/site-packages/airflow/example_dags/example_dataset_alias.py took 0.740 seconds
[2026-08-08T07:00:23.265+0000] {processor.py:186} INFO - Started process (PID=902) to work on /home/airflow/.local/lib/python3.12/site-packages/airflow/example_dags/example_dataset_alias.py
[2026-08-08T07:00:23.266+0000] {processor.py:914} INFO - Processing file /home/airflow/.local/lib/python3.12/site-packages/airflow/example_dags/example_dataset_alias.py for tasks to queue
[2026-08-08T07:00:23.269+0000] {logging_mixin.py:190} INFO - [2026-08-08T07:00:23.269+0000] {dagbag.py:588} INFO - Filling up the DagBag from /home/airflow/.local/lib/python3.12/site-packages/airflow/example_dags/example_dataset_alias.py
[2026-08-08T07:00:23.852+0000] {processor.py:925} INFO - DAG(s) 'dataset_alias_example_alias_consumer', 'dataset_alias_example_alias_producer', 'dataset_s3_bucket_producer', 'dataset_s3_bucket_consumer' retrieved from /home/airflow/.local/lib/python3.12/site-packages/airflow/example_dags/example_dataset_alias.py
[2026-08-08T07:00:23.876+0000] {logging_mixin.py:190} INFO - [2026-08-08T07:00:23.875+0000] {dag.py:3239} INFO - Sync 4 DAGs
[2026-08-08T07:00:23.901+0000] {logging_mixin.py:190} INFO - [2026-08-08T07:00:23.900+0000] {dag.py:4180} INFO - Setting next_dagrun for dataset_alias_example_alias_consumer to None, run_after=None
[2026-08-08T07:00:23.904+0000] {logging_mixin.py:190} INFO - [2026-08-08T07:00:23.904+0000] {dag.py:4180} INFO - Setting next_dagrun for dataset_alias_example_alias_producer to None, run_after=None
[2026-08-08T07:00:23.907+0000] {logging_mixin.py:190} INFO - [2026-08-08T07:00:23.907+0000] {dag.py:4180} INFO - Setting next_dagrun for dataset_s3_bucket_consumer to None, run_after=None
[2026-08-08T07:00:23.909+0000] {logging_mixin.py:190} INFO - [2026-08-08T07:00:23.909+0000] {dag.py:4180} INFO - Setting next_dagrun for dataset_s3_bucket_producer to None, run_after=None
[2026-08-08T07:00:23.934+0000] {processor.py:208} INFO - Processing /home/airflow/.local/lib/python3.12/site-packages/airflow/example_dags/example_dataset_alias.py took 0.675 seconds
[2026-08-08T07:00:54.553+0000] {processor.py:186} INFO - Started process (PID=968) to work on /home/airflow/.local/lib/python3.12/site-packages/airflow/example_dags/example_dataset_alias.py
[2026-08-08T07:00:54.555+0000] {processor.py:914} INFO - Processing file /home/airflow/.local/lib/python3.12/site-packages/airflow/example_dags/example_dataset_alias.py for tasks to queue
[2026-08-08T07:00:54.558+0000] {logging_mixin.py:190} INFO - [2026-08-08T07:00:54.558+0000] {dagbag.py:588} INFO - Filling up the DagBag from /home/airflow/.local/lib/python3.12/site-packages/airflow/example_dags/example_dataset_alias.py
[2026-08-08T07:00:55.162+0000] {processor.py:925} INFO - DAG(s) 'dataset_alias_example_alias_producer', 'dataset_s3_bucket_consumer', 'dataset_s3_bucket_producer', 'dataset_alias_example_alias_consumer' retrieved from /home/airflow/.local/lib/python3.12/site-packages/airflow/example_dags/example_dataset_alias.py
[2026-08-08T07:00:55.185+0000] {logging_mixin.py:190} INFO - [2026-08-08T07:00:55.184+0000] {dag.py:3239} INFO - Sync 4 DAGs
[2026-08-08T07:00:55.209+0000] {logging_mixin.py:190} INFO - [2026-08-08T07:00:55.208+0000] {dag.py:4180} INFO - Setting next_dagrun for dataset_alias_example_alias_consumer to None, run_after=None
[2026-08-08T07:00:55.213+0000] {logging_mixin.py:190} INFO - [2026-08-08T07:00:55.213+0000] {dag.py:4180} INFO - Setting next_dagrun for dataset_alias_example_alias_producer to None, run_after=None
[2026-08-08T07:00:55.215+0000] {logging_mixin.py:190} INFO - [2026-08-08T07:00:55.215+0000] {dag.py:4180} INFO - Setting next_dagrun for dataset_s3_bucket_consumer to None, run_after=None
[2026-08-08T07:00:55.217+0000] {logging_mixin.py:190} INFO - [2026-08-08T07:00:55.217+0000] {dag.py:4180} INFO - Setting next_dagrun for dataset_s3_bucket_producer to None, run_after=None
[2026-08-08T07:00:55.240+0000] {processor.py:208} INFO - Processing /home/airflow/.local/lib/python3.12/site-packages/airflow/example_dags/example_dataset_alias.py took 0.697 seconds
[2026-08-08T07:01:26.052+0000] {processor.py:186} INFO - Started process (PID=1033) to work on /home/airflow/.local/lib/python3.12/site-packages/airflow/example_dags/example_dataset_alias.py
[2026-08-08T07:01:26.053+0000] {processor.py:914} INFO - Processing file /home/airflow/.local/lib/python3.12/site-packages/airflow/example_dags/example_dataset_alias.py for tasks to queue
[2026-08-08T07:01:26.057+0000] {logging_mixin.py:190} INFO - [2026-08-08T07:01:26.056+0000] {dagbag.py:588} INFO - Filling up the DagBag from /home/airflow/.local/lib/python3.12/site-packages/airflow/example_dags/example_dataset_alias.py
[2026-08-08T07:01:26.650+0000] {processor.py:925} INFO - DAG(s) 'dataset_alias_example_alias_producer', 'dataset_s3_bucket_consumer', 'dataset_alias_example_alias_consumer', 'dataset_s3_bucket_producer' retrieved from /home/airflow/.local/lib/python3.12/site-packages/airflow/example_dags/example_dataset_alias.py
[2026-08-08T07:01:26.671+0000] {logging_mixin.py:190} INFO - [2026-08-08T07:01:26.671+0000] {dag.py:3239} INFO - Sync 4 DAGs
[2026-08-08T07:01:26.695+0000] {logging_mixin.py:190} INFO - [2026-08-08T07:01:26.694+0000] {dag.py:4180} INFO - Setting next_dagrun for dataset_alias_example_alias_consumer to None, run_after=None
[2026-08-08T07:01:26.698+0000] {logging_mixin.py:190} INFO - [2026-08-08T07:01:26.698+0000] {dag.py:4180} INFO - Setting next_dagrun for dataset_alias_example_alias_producer to None, run_after=None
[2026-08-08T07:01:26.701+0000] {logging_mixin.py:190} INFO - [2026-08-08T07:01:26.701+0000] {dag.py:4180} INFO - Setting next_dagrun for dataset_s3_bucket_consumer to None, run_after=None
[2026-08-08T07:01:26.703+0000] {logging_mixin.py:190} INFO - [2026-08-08T07:01:26.703+0000] {dag.py:4180} INFO - Setting next_dagrun for dataset_s3_bucket_producer to None, run_after=None
[2026-08-08T07:01:26.726+0000] {processor.py:208} INFO - Processing /home/airflow/.local/lib/python3.12/site-packages/airflow/example_dags/example_dataset_alias.py took 0.681 seconds
[2026-08-08T07:01:57.212+0000] {processor.py:186} INFO - Started process (PID=1098) to work on /home/airflow/.local/lib/python3.12/site-packages/airflow/example_dags/example_dataset_alias.py
[2026-08-08T07:01:57.214+0000] {processor.py:914} INFO - Processing file /home/airflow/.local/lib/python3.12/site-packages/airflow/example_dags/example_dataset_alias.py for tasks to queue
[2026-08-08T07:01:57.217+0000] {logging_mixin.py:190} INFO - [2026-08-08T07:01:57.217+0000] {dagbag.py:588} INFO - Filling up the DagBag from /home/airflow/.local/lib/python3.12/site-packages/airflow/example_dags/example_dataset_alias.py
[2026-08-08T07:01:57.835+0000] {processor.py:925} INFO - DAG(s) 'dataset_s3_bucket_consumer', 'dataset_alias_example_alias_consumer', 'dataset_alias_example_alias_producer', 'dataset_s3_bucket_producer' retrieved from /home/airflow/.local/lib/python3.12/site-packages/airflow/example_dags/example_dataset_alias.py
[2026-08-08T07:01:57.858+0000] {logging_mixin.py:190} INFO - [2026-08-08T07:01:57.857+0000] {dag.py:3239} INFO - Sync 4 DAGs
[2026-08-08T07:01:57.886+0000] {logging_mixin.py:190} INFO - [2026-08-08T07:01:57.886+0000] {dag.py:4180} INFO - Setting next_dagrun for dataset_alias_example_alias_consumer to None, run_after=None
[2026-08-08T07:01:57.890+0000] {logging_mixin.py:190} INFO - [2026-08-08T07:01:57.889+0000] {dag.py:4180} INFO - Setting next_dagrun for dataset_alias_example_alias_producer to None, run_after=None
[2026-08-08T07:01:57.892+0000] {logging_mixin.py:190} INFO - [2026-08-08T07:01:57.892+0000] {dag.py:4180} INFO - Setting next_dagrun for dataset_s3_bucket_consumer to None, run_after=None
[2026-08-08T07:01:57.894+0000] {logging_mixin.py:190} INFO - [2026-08-08T07:01:57.894+0000] {dag.py:4180} INFO - Setting next_dagrun for dataset_s3_bucket_producer to None, run_after=None
[2026-08-08T07:01:57.920+0000] {processor.py:208} INFO - Processing /home/airflow/.local/lib/python3.12/site-packages/airflow/example_dags/example_dataset_alias.py took 0.715 seconds
[2026-08-08T07:02:28.220+0000] {processor.py:186} INFO - Started process (PID=1163) to work on /home/airflow/.local/lib/python3.12/site-packages/airflow/example_dags/example_dataset_alias.py
[2026-08-08T07:02:28.222+0000] {processor.py:914} INFO - Processing file /home/airflow/.local/lib/python3.12/site-packages/airflow/example_dags/example_dataset_alias.py for tasks to queue
[2026-08-08T07:02:28.225+0000] {logging_mixin.py:190} INFO - [2026-08-08T07:02:28.224+0000] {dagbag.py:588} INFO - Filling up the DagBag from /home/airflow/.local/lib/python3.12/site-packages/airflow/example_dags/example_dataset_alias.py
[2026-08-08T07:02:28.841+0000] {processor.py:925} INFO - DAG(s) 'dataset_s3_bucket_consumer', 'dataset_s3_bucket_producer', 'dataset_alias_example_alias_consumer', 'dataset_alias_example_alias_producer' retrieved from /home/airflow/.local/lib/python3.12/site-packages/airflow/example_dags/example_dataset_alias.py
[2026-08-08T07:02:28.864+0000] {logging_mixin.py:190} INFO - [2026-08-08T07:02:28.864+0000] {dag.py:3239} INFO - Sync 4 DAGs
[2026-08-08T07:02:28.889+0000] {logging_mixin.py:190} INFO - [2026-08-08T07:02:28.889+0000] {dag.py:4180} INFO - Setting next_dagrun for dataset_alias_example_alias_consumer to None, run_after=None
[2026-08-08T07:02:28.893+0000] {logging_mixin.py:190} INFO - [2026-08-08T07:02:28.892+0000] {dag.py:4180} INFO - Setting next_dagrun for dataset_alias_example_alias_producer to None, run_after=None
[2026-08-08T07:02:28.895+0000] {logging_mixin.py:190} INFO - [2026-08-08T07:02:28.895+0000] {dag.py:4180} INFO - Setting next_dagrun for dataset_s3_bucket_consumer to None, run_after=None
[2026-08-08T07:02:28.897+0000] {logging_mixin.py:190} INFO - [2026-08-08T07:02:28.897+0000] {dag.py:4180} INFO - Setting next_dagrun for dataset_s3_bucket_producer to None, run_after=None
[2026-08-08T07:02:28.920+0000] {processor.py:208} INFO - Processing /home/airflow/.local/lib/python3.12/site-packages/airflow/example_dags/example_dataset_alias.py took 0.708 seconds
[2026-08-08T07:02:59.393+0000] {processor.py:186} INFO - Started process (PID=1228) to work on /home/airflow/.local/lib/python3.12/site-packages/airflow/example_dags/example_dataset_alias.py
[2026-08-08T07:02:59.394+0000] {processor.py:914} INFO - Processing file /home/airflow/.local/lib/python3.12/site-packages/airflow/example_dags/example_dataset_alias.py for tasks to queue
[2026-08-08T07:02:59.397+0000] {logging_mixin.py:190} INFO - [2026-08-08T07:02:59.397+0000] {dagbag.py:588} INFO - Filling up the DagBag from /home/airflow/.local/lib/python3.12/site-packages/airflow/example_dags/example_dataset_alias.py
[2026-08-08T07:02:59.916+0000] {processor.py:925} INFO - DAG(s) 'dataset_alias_example_alias_consumer', 'dataset_alias_example_alias_producer', 'dataset_s3_bucket_producer', 'dataset_s3_bucket_consumer' retrieved from /home/airflow/.local/lib/python3.12/site-packages/airflow/example_dags/example_dataset_alias.py
[2026-08-08T07:02:59.936+0000] {logging_mixin.py:190} INFO - [2026-08-08T07:02:59.935+0000] {dag.py:3239} INFO - Sync 4 DAGs
[2026-08-08T07:02:59.958+0000] {logging_mixin.py:190} INFO - [2026-08-08T07:02:59.958+0000] {dag.py:4180} INFO - Setting next_dagrun for dataset_alias_example_alias_consumer to None, run_after=None
[2026-08-08T07:02:59.961+0000] {logging_mixin.py:190} INFO - [2026-08-08T07:02:59.961+0000] {dag.py:4180} INFO - Setting next_dagrun for dataset_alias_example_alias_producer to None, run_after=None
[2026-08-08T07:02:59.964+0000] {logging_mixin.py:190} INFO - [2026-08-08T07:02:59.963+0000] {dag.py:4180} INFO - Setting next_dagrun for dataset_s3_bucket_consumer to None, run_after=None
[2026-08-08T07:02:59.966+0000] {logging_mixin.py:190} INFO - [2026-08-08T07:02:59.965+0000] {dag.py:4180} INFO - Setting next_dagrun for dataset_s3_bucket_producer to None, run_after=None
[2026-08-08T07:02:59.986+0000] {processor.py:208} INFO - Processing /home/airflow/.local/lib/python3.12/site-packages/airflow/example_dags/example_dataset_alias.py took 0.599 seconds
[2026-08-08T07:03:30.834+0000] {processor.py:186} INFO - Started process (PID=1293) to work on /home/airflow/.local/lib/python3.12/site-packages/airflow/example_dags/example_dataset_alias.py
[2026-08-08T07:03:30.837+0000] {processor.py:914} INFO - Processing file /home/airflow/.local/lib/python3.12/site-packages/airflow/example_dags/example_dataset_alias.py for tasks to queue
[2026-08-08T07:03:30.840+0000] {logging_mixin.py:190} INFO - [2026-08-08T07:03:30.840+0000] {dagbag.py:588} INFO - Filling up the DagBag from /home/airflow/.local/lib/python3.12/site-packages/airflow/example_dags/example_dataset_alias.py
[2026-08-08T07:03:31.627+0000] {processor.py:925} INFO - DAG(s) 'dataset_s3_bucket_producer', 'dataset_alias_example_alias_producer', 'dataset_s3_bucket_consumer', 'dataset_alias_example_alias_consumer' retrieved from /home/airflow/.local/lib/python3.12/site-packages/airflow/example_dags/example_dataset_alias.py
[2026-08-08T07:03:31.649+0000] {logging_mixin.py:190} INFO - [2026-08-08T07:03:31.649+0000] {dag.py:3239} INFO - Sync 4 DAGs
[2026-08-08T07:03:31.674+0000] {logging_mixin.py:190} INFO - [2026-08-08T07:03:31.673+0000] {dag.py:4180} INFO - Setting next_dagrun for dataset_alias_example_alias_consumer to None, run_after=None
[2026-08-08T07:03:31.677+0000] {logging_mixin.py:190} INFO - [2026-08-08T07:03:31.677+0000] {dag.py:4180} INFO - Setting next_dagrun for dataset_alias_example_alias_producer to None, run_after=None
[2026-08-08T07:03:31.680+0000] {logging_mixin.py:190} INFO - [2026-08-08T07:03:31.679+0000] {dag.py:4180} INFO - Setting next_dagrun for dataset_s3_bucket_consumer to None, run_after=None
[2026-08-08T07:03:31.682+0000] {logging_mixin.py:190} INFO - [2026-08-08T07:03:31.682+0000] {dag.py:4180} INFO - Setting next_dagrun for dataset_s3_bucket_producer to None, run_after=None
[2026-08-08T07:03:31.706+0000] {processor.py:208} INFO - Processing /home/airflow/.local/lib/python3.12/site-packages/airflow/example_dags/example_dataset_alias.py took 0.882 seconds
[2026-08-08T07:04:02.053+0000] {processor.py:186} INFO - Started process (PID=1358) to work on /home/airflow/.local/lib/python3.12/site-packages/airflow/example_dags/example_dataset_alias.py
[2026-08-08T07:04:02.055+0000] {processor.py:914} INFO - Processing file /home/airflow/.local/lib/python3.12/site-packages/airflow/example_dags/example_dataset_alias.py for tasks to queue
[2026-08-08T07:04:02.060+0000] {logging_mixin.py:190} INFO - [2026-08-08T07:04:02.059+0000] {dagbag.py:588} INFO - Filling up the DagBag from /home/airflow/.local/lib/python3.12/site-packages/airflow/example_dags/example_dataset_alias.py
[2026-08-08T07:04:03.084+0000] {processor.py:925} INFO - DAG(s) 'dataset_alias_example_alias_producer', 'dataset_s3_bucket_consumer', 'dataset_s3_bucket_producer', 'dataset_alias_example_alias_consumer' retrieved from /home/airflow/.local/lib/python3.12/site-packages/airflow/example_dags/example_dataset_alias.py
[2026-08-08T07:04:03.121+0000] {logging_mixin.py:190} INFO - [2026-08-08T07:04:03.120+0000] {dag.py:3239} INFO - Sync 4 DAGs
[2026-08-08T07:04:03.187+0000] {logging_mixin.py:190} INFO - [2026-08-08T07:04:03.186+0000] {dag.py:4180} INFO - Setting next_dagrun for dataset_alias_example_alias_consumer to None, run_after=None
[2026-08-08T07:04:03.194+0000] {logging_mixin.py:190} INFO - [2026-08-08T07:04:03.193+0000] {dag.py:4180} INFO - Setting next_dagrun for dataset_alias_example_alias_producer to None, run_after=None
[2026-08-08T07:04:03.198+0000] {logging_mixin.py:190} INFO - [2026-08-08T07:04:03.197+0000] {dag.py:4180} INFO - Setting next_dagrun for dataset_s3_bucket_consumer to None, run_after=None
[2026-08-08T07:04:03.209+0000] {logging_mixin.py:190} INFO - [2026-08-08T07:04:03.208+0000] {dag.py:4180} INFO - Setting next_dagrun for dataset_s3_bucket_producer to None, run_after=None
[2026-08-08T07:04:03.280+0000] {processor.py:208} INFO - Processing /home/airflow/.local/lib/python3.12/site-packages/airflow/example_dags/example_dataset_alias.py took 1.240 seconds
[2026-08-08T07:04:33.407+0000] {processor.py:186} INFO - Started process (PID=1423) to work on /home/airflow/.local/lib/python3.12/site-packages/airflow/example_dags/example_dataset_alias.py
[2026-08-08T07:04:33.409+0000] {processor.py:914} INFO - Processing file /home/airflow/.local/lib/python3.12/site-packages/airflow/example_dags/example_dataset_alias.py for tasks to queue
[2026-08-08T07:04:33.412+0000] {logging_mixin.py:190} INFO - [2026-08-08T07:04:33.411+0000] {dagbag.py:588} INFO - Filling up the DagBag from /home/airflow/.local/lib/python3.12/site-packages/airflow/example_dags/example_dataset_alias.py
[2026-08-08T07:04:34.103+0000] {processor.py:925} INFO - DAG(s) 'dataset_s3_bucket_consumer', 'dataset_s3_bucket_producer', 'dataset_alias_example_alias_consumer', 'dataset_alias_example_alias_producer' retrieved from /home/airflow/.local/lib/python3.12/site-packages/airflow/example_dags/example_dataset_alias.py
[2026-08-08T07:04:34.128+0000] {logging_mixin.py:190} INFO - [2026-08-08T07:04:34.127+0000] {dag.py:3239} INFO - Sync 4 DAGs
[2026-08-08T07:04:34.153+0000] {logging_mixin.py:190} INFO - [2026-08-08T07:04:34.153+0000] {dag.py:4180} INFO - Setting next_dagrun for dataset_alias_example_alias_consumer to None, run_after=None
[2026-08-08T07:04:34.157+0000] {logging_mixin.py:190} INFO - [2026-08-08T07:04:34.156+0000] {dag.py:4180} INFO - Setting next_dagrun for dataset_alias_example_alias_producer to None, run_after=None
[2026-08-08T07:04:34.159+0000] {logging_mixin.py:190} INFO - [2026-08-08T07:04:34.158+0000] {dag.py:4180} INFO - Setting next_dagrun for dataset_s3_bucket_consumer to None, run_after=None
[2026-08-08T07:04:34.161+0000] {logging_mixin.py:190} INFO - [2026-08-08T07:04:34.161+0000] {dag.py:4180} INFO - Setting next_dagrun for dataset_s3_bucket_producer to None, run_after=None
[2026-08-08T07:04:34.190+0000] {processor.py:208} INFO - Processing /home/airflow/.local/lib/python3.12/site-packages/airflow/example_dags/example_dataset_alias.py took 0.791 seconds
[2026-08-08T07:05:04.281+0000] {processor.py:186} INFO - Started process (PID=1494) to work on /home/airflow/.local/lib/python3.12/site-packages/airflow/example_dags/example_dataset_alias.py
[2026-08-08T07:05:04.283+0000] {processor.py:914} INFO - Processing file /home/airflow/.local/lib/python3.12/site-packages/airflow/example_dags/example_dataset_alias.py for tasks to queue
[2026-08-08T07:05:04.288+0000] {logging_mixin.py:190} INFO - [2026-08-08T07:05:04.287+0000] {dagbag.py:588} INFO - Filling up the DagBag from /home/airflow/.local/lib/python3.12/site-packages/airflow/example_dags/example_dataset_alias.py
[2026-08-08T07:05:05.178+0000] {processor.py:925} INFO - DAG(s) 'dataset_s3_bucket_consumer', 'dataset_alias_example_alias_producer', 'dataset_s3_bucket_producer', 'dataset_alias_example_alias_consumer' retrieved from /home/airflow/.local/lib/python3.12/site-packages/airflow/example_dags/example_dataset_alias.py
[2026-08-08T07:05:05.206+0000] {logging_mixin.py:190} INFO - [2026-08-08T07:05:05.206+0000] {dag.py:3239} INFO - Sync 4 DAGs
[2026-08-08T07:05:05.240+0000] {logging_mixin.py:190} INFO - [2026-08-08T07:05:05.240+0000] {dag.py:4180} INFO - Setting next_dagrun for dataset_alias_example_alias_consumer to None, run_after=None
[2026-08-08T07:05:05.245+0000] {logging_mixin.py:190} INFO - [2026-08-08T07:05:05.245+0000] {dag.py:4180} INFO - Setting next_dagrun for dataset_alias_example_alias_producer to None, run_after=None
[2026-08-08T07:05:05.248+0000] {logging_mixin.py:190} INFO - [2026-08-08T07:05:05.248+0000] {dag.py:4180} INFO - Setting next_dagrun for dataset_s3_bucket_consumer to None, run_after=None
[2026-08-08T07:05:05.250+0000] {logging_mixin.py:190} INFO - [2026-08-08T07:05:05.250+0000] {dag.py:4180} INFO - Setting next_dagrun for dataset_s3_bucket_producer to None, run_after=None
[2026-08-08T07:05:05.281+0000] {processor.py:208} INFO - Processing /home/airflow/.local/lib/python3.12/site-packages/airflow/example_dags/example_dataset_alias.py took 1.011 seconds
[2026-08-08T07:05:35.616+0000] {processor.py:186} INFO - Started process (PID=1560) to work on /home/airflow/.local/lib/python3.12/site-packages/airflow/example_dags/example_dataset_alias.py
[2026-08-08T07:05:35.618+0000] {processor.py:914} INFO - Processing file /home/airflow/.local/lib/python3.12/site-packages/airflow/example_dags/example_dataset_alias.py for tasks to queue
[2026-08-08T07:05:35.623+0000] {logging_mixin.py:190} INFO - [2026-08-08T07:05:35.622+0000] {dagbag.py:588} INFO - Filling up the DagBag from /home/airflow/.local/lib/python3.12/site-packages/airflow/example_dags/example_dataset_alias.py
[2026-08-08T07:05:36.480+0000] {processor.py:925} INFO - DAG(s) 'dataset_s3_bucket_consumer', 'dataset_alias_example_alias_consumer', 'dataset_alias_example_alias_producer', 'dataset_s3_bucket_producer' retrieved from /home/airflow/.local/lib/python3.12/site-packages/airflow/example_dags/example_dataset_alias.py
[2026-08-08T07:05:36.514+0000] {logging_mixin.py:190} INFO - [2026-08-08T07:05:36.514+0000] {dag.py:3239} INFO - Sync 4 DAGs
[2026-08-08T07:05:36.550+0000] {logging_mixin.py:190} INFO - [2026-08-08T07:05:36.550+0000] {dag.py:4180} INFO - Setting next_dagrun for dataset_alias_example_alias_consumer to None, run_after=None
[2026-08-08T07:05:36.555+0000] {logging_mixin.py:190} INFO - [2026-08-08T07:05:36.555+0000] {dag.py:4180} INFO - Setting next_dagrun for dataset_alias_example_alias_producer to None, run_after=None
[2026-08-08T07:05:36.557+0000] {logging_mixin.py:190} INFO - [2026-08-08T07:05:36.557+0000] {dag.py:4180} INFO - Setting next_dagrun for dataset_s3_bucket_consumer to None, run_after=None
[2026-08-08T07:05:36.559+0000] {logging_mixin.py:190} INFO - [2026-08-08T07:05:36.559+0000] {dag.py:4180} INFO - Setting next_dagrun for dataset_s3_bucket_producer to None, run_after=None
[2026-08-08T07:05:36.598+0000] {processor.py:208} INFO - Processing /home/airflow/.local/lib/python3.12/site-packages/airflow/example_dags/example_dataset_alias.py took 0.991 seconds
[2026-08-08T07:06:06.665+0000] {processor.py:186} INFO - Started process (PID=1625) to work on /home/airflow/.local/lib/python3.12/site-packages/airflow/example_dags/example_dataset_alias.py
[2026-08-08T07:06:06.667+0000] {processor.py:914} INFO - Processing file /home/airflow/.local/lib/python3.12/site-packages/airflow/example_dags/example_dataset_alias.py for tasks to queue
[2026-08-08T07:06:06.671+0000] {logging_mixin.py:190} INFO - [2026-08-08T07:06:06.670+0000] {dagbag.py:588} INFO - Filling up the DagBag from /home/airflow/.local/lib/python3.12/site-packages/airflow/example_dags/example_dataset_alias.py
[2026-08-08T07:06:07.460+0000] {processor.py:925} INFO - DAG(s) 'dataset_alias_example_alias_consumer', 'dataset_s3_bucket_producer', 'dataset_alias_example_alias_producer', 'dataset_s3_bucket_consumer' retrieved from /home/airflow/.local/lib/python3.12/site-packages/airflow/example_dags/example_dataset_alias.py
[2026-08-08T07:06:07.488+0000] {logging_mixin.py:190} INFO - [2026-08-08T07:06:07.487+0000] {dag.py:3239} INFO - Sync 4 DAGs
[2026-08-08T07:06:07.518+0000] {logging_mixin.py:190} INFO - [2026-08-08T07:06:07.518+0000] {dag.py:4180} INFO - Setting next_dagrun for dataset_alias_example_alias_consumer to None, run_after=None
[2026-08-08T07:06:07.525+0000] {logging_mixin.py:190} INFO - [2026-08-08T07:06:07.525+0000] {dag.py:4180} INFO - Setting next_dagrun for dataset_alias_example_alias_producer to None, run_after=None
[2026-08-08T07:06:07.528+0000] {logging_mixin.py:190} INFO - [2026-08-08T07:06:07.528+0000] {dag.py:4180} INFO - Setting next_dagrun for dataset_s3_bucket_consumer to None, run_after=None
[2026-08-08T07:06:07.531+0000] {logging_mixin.py:190} INFO - [2026-08-08T07:06:07.530+0000] {dag.py:4180} INFO - Setting next_dagrun for dataset_s3_bucket_producer to None, run_after=None
[2026-08-08T07:06:07.565+0000] {processor.py:208} INFO - Processing /home/airflow/.local/lib/python3.12/site-packages/airflow/example_dags/example_dataset_alias.py took 0.909 seconds
[2026-08-08T07:06:37.941+0000] {processor.py:186} INFO - Started process (PID=1690) to work on /home/airflow/.local/lib/python3.12/site-packages/airflow/example_dags/example_dataset_alias.py
[2026-08-08T07:06:37.942+0000] {processor.py:914} INFO - Processing file /home/airflow/.local/lib/python3.12/site-packages/airflow/example_dags/example_dataset_alias.py for tasks to queue
[2026-08-08T07:06:37.946+0000] {logging_mixin.py:190} INFO - [2026-08-08T07:06:37.946+0000] {dagbag.py:588} INFO - Filling up the DagBag from /home/airflow/.local/lib/python3.12/site-packages/airflow/example_dags/example_dataset_alias.py
[2026-08-08T07:06:38.641+0000] {processor.py:925} INFO - DAG(s) 'dataset_alias_example_alias_producer', 'dataset_alias_example_alias_consumer', 'dataset_s3_bucket_producer', 'dataset_s3_bucket_consumer' retrieved from /home/airflow/.local/lib/python3.12/site-packages/airflow/example_dags/example_dataset_alias.py
[2026-08-08T07:06:38.672+0000] {logging_mixin.py:190} INFO - [2026-08-08T07:06:38.671+0000] {dag.py:3239} INFO - Sync 4 DAGs
[2026-08-08T07:06:38.702+0000] {logging_mixin.py:190} INFO - [2026-08-08T07:06:38.702+0000] {dag.py:4180} INFO - Setting next_dagrun for dataset_alias_example_alias_consumer to None, run_after=None
[2026-08-08T07:06:38.707+0000] {logging_mixin.py:190} INFO - [2026-08-08T07:06:38.707+0000] {dag.py:4180} INFO - Setting next_dagrun for dataset_alias_example_alias_producer to None, run_after=None
[2026-08-08T07:06:38.709+0000] {logging_mixin.py:190} INFO - [2026-08-08T07:06:38.709+0000] {dag.py:4180} INFO - Setting next_dagrun for dataset_s3_bucket_consumer to None, run_after=None
[2026-08-08T07:06:38.712+0000] {logging_mixin.py:190} INFO - [2026-08-08T07:06:38.711+0000] {dag.py:4180} INFO - Setting next_dagrun for dataset_s3_bucket_producer to None, run_after=None
[2026-08-08T07:06:38.747+0000] {processor.py:208} INFO - Processing /home/airflow/.local/lib/python3.12/site-packages/airflow/example_dags/example_dataset_alias.py took 0.815 seconds
[2026-08-08T07:07:09.127+0000] {processor.py:186} INFO - Started process (PID=1755) to work on /home/airflow/.local/lib/python3.12/site-packages/airflow/example_dags/example_dataset_alias.py
[2026-08-08T07:07:09.129+0000] {processor.py:914} INFO - Processing file /home/airflow/.local/lib/python3.12/site-packages/airflow/example_dags/example_dataset_alias.py for tasks to queue
[2026-08-08T07:07:09.132+0000] {logging_mixin.py:190} INFO - [2026-08-08T07:07:09.132+0000] {dagbag.py:588} INFO - Filling up the DagBag from /home/airflow/.local/lib/python3.12/site-packages/airflow/example_dags/example_dataset_alias.py
[2026-08-08T07:07:09.846+0000] {processor.py:925} INFO - DAG(s) 'dataset_alias_example_alias_producer', 'dataset_alias_example_alias_consumer', 'dataset_s3_bucket_consumer', 'dataset_s3_bucket_producer' retrieved from /home/airflow/.local/lib/python3.12/site-packages/airflow/example_dags/example_dataset_alias.py
[2026-08-08T07:07:09.873+0000] {logging_mixin.py:190} INFO - [2026-08-08T07:07:09.871+0000] {dag.py:3239} INFO - Sync 4 DAGs
[2026-08-08T07:07:09.908+0000] {logging_mixin.py:190} INFO - [2026-08-08T07:07:09.908+0000] {dag.py:4180} INFO - Setting next_dagrun for dataset_alias_example_alias_consumer to None, run_after=None
[2026-08-08T07:07:09.912+0000] {logging_mixin.py:190} INFO - [2026-08-08T07:07:09.912+0000] {dag.py:4180} INFO - Setting next_dagrun for dataset_alias_example_alias_producer to None, run_after=None
[2026-08-08T07:07:09.914+0000] {logging_mixin.py:190} INFO - [2026-08-08T07:07:09.914+0000] {dag.py:4180} INFO - Setting next_dagrun for dataset_s3_bucket_consumer to None, run_after=None
[2026-08-08T07:07:09.917+0000] {logging_mixin.py:190} INFO - [2026-08-08T07:07:09.917+0000] {dag.py:4180} INFO - Setting next_dagrun for dataset_s3_bucket_producer to None, run_after=None
[2026-08-08T07:07:09.961+0000] {processor.py:208} INFO - Processing /home/airflow/.local/lib/python3.12/site-packages/airflow/example_dags/example_dataset_alias.py took 0.842 seconds
[2026-08-08T07:07:40.164+0000] {processor.py:186} INFO - Started process (PID=1821) to work on /home/airflow/.local/lib/python3.12/site-packages/airflow/example_dags/example_dataset_alias.py
[2026-08-08T07:07:40.166+0000] {processor.py:914} INFO - Processing file /home/airflow/.local/lib/python3.12/site-packages/airflow/example_dags/example_dataset_alias.py for tasks to queue
[2026-08-08T07:07:40.171+0000] {logging_mixin.py:190} INFO - [2026-08-08T07:07:40.170+0000] {dagbag.py:588} INFO - Filling up the DagBag from /home/airflow/.local/lib/python3.12/site-packages/airflow/example_dags/example_dataset_alias.py
[2026-08-08T07:07:40.924+0000] {processor.py:925} INFO - DAG(s) 'dataset_s3_bucket_producer', 'dataset_alias_example_alias_consumer', 'dataset_alias_example_alias_producer', 'dataset_s3_bucket_consumer' retrieved from /home/airflow/.local/lib/python3.12/site-packages/airflow/example_dags/example_dataset_alias.py
[2026-08-08T07:07:40.951+0000] {logging_mixin.py:190} INFO - [2026-08-08T07:07:40.950+0000] {dag.py:3239} INFO - Sync 4 DAGs
[2026-08-08T07:07:40.995+0000] {logging_mixin.py:190} INFO - [2026-08-08T07:07:40.995+0000] {dag.py:4180} INFO - Setting next_dagrun for dataset_alias_example_alias_consumer to None, run_after=None
[2026-08-08T07:07:41.000+0000] {logging_mixin.py:190} INFO - [2026-08-08T07:07:41.000+0000] {dag.py:4180} INFO - Setting next_dagrun for dataset_alias_example_alias_producer to None, run_after=None
[2026-08-08T07:07:41.003+0000] {logging_mixin.py:190} INFO - [2026-08-08T07:07:41.002+0000] {dag.py:4180} INFO - Setting next_dagrun for dataset_s3_bucket_consumer to None, run_after=None
[2026-08-08T07:07:41.006+0000] {logging_mixin.py:190} INFO - [2026-08-08T07:07:41.006+0000] {dag.py:4180} INFO - Setting next_dagrun for dataset_s3_bucket_producer to None, run_after=None
[2026-08-08T07:07:41.032+0000] {processor.py:208} INFO - Processing /home/airflow/.local/lib/python3.12/site-packages/airflow/example_dags/example_dataset_alias.py took 0.878 seconds
[2026-08-08T07:08:11.734+0000] {processor.py:186} INFO - Started process (PID=1886) to work on /home/airflow/.local/lib/python3.12/site-packages/airflow/example_dags/example_dataset_alias.py
[2026-08-08T07:08:11.736+0000] {processor.py:914} INFO - Processing file /home/airflow/.local/lib/python3.12/site-packages/airflow/example_dags/example_dataset_alias.py for tasks to queue
[2026-08-08T07:08:11.740+0000] {logging_mixin.py:190} INFO - [2026-08-08T07:08:11.740+0000] {dagbag.py:588} INFO - Filling up the DagBag from /home/airflow/.local/lib/python3.12/site-packages/airflow/example_dags/example_dataset_alias.py
[2026-08-08T07:08:12.455+0000] {processor.py:925} INFO - DAG(s) 'dataset_alias_example_alias_consumer', 'dataset_alias_example_alias_producer', 'dataset_s3_bucket_producer', 'dataset_s3_bucket_consumer' retrieved from /home/airflow/.local/lib/python3.12/site-packages/airflow/example_dags/example_dataset_alias.py
[2026-08-08T07:08:12.493+0000] {logging_mixin.py:190} INFO - [2026-08-08T07:08:12.492+0000] {dag.py:3239} INFO - Sync 4 DAGs
[2026-08-08T07:08:12.549+0000] {logging_mixin.py:190} INFO - [2026-08-08T07:08:12.549+0000] {dag.py:4180} INFO - Setting next_dagrun for dataset_alias_example_alias_consumer to None, run_after=None
[2026-08-08T07:08:12.564+0000] {logging_mixin.py:190} INFO - [2026-08-08T07:08:12.555+0000] {dag.py:4180} INFO - Setting next_dagrun for dataset_alias_example_alias_producer to None, run_after=None
[2026-08-08T07:08:12.577+0000] {logging_mixin.py:190} INFO - [2026-08-08T07:08:12.577+0000] {dag.py:4180} INFO - Setting next_dagrun for dataset_s3_bucket_consumer to None, run_after=None
[2026-08-08T07:08:12.584+0000] {logging_mixin.py:190} INFO - [2026-08-08T07:08:12.584+0000] {dag.py:4180} INFO - Setting next_dagrun for dataset_s3_bucket_producer to None, run_after=None
[2026-08-08T07:08:12.632+0000] {processor.py:208} INFO - Processing /home/airflow/.local/lib/python3.12/site-packages/airflow/example_dags/example_dataset_alias.py took 0.905 seconds
[2026-08-08T07:08:42.683+0000] {processor.py:186} INFO - Started process (PID=1952) to work on /home/airflow/.local/lib/python3.12/site-packages/airflow/example_dags/example_dataset_alias.py
[2026-08-08T07:08:42.684+0000] {processor.py:914} INFO - Processing file /home/airflow/.local/lib/python3.12/site-packages/airflow/example_dags/example_dataset_alias.py for tasks to queue
[2026-08-08T07:08:42.688+0000] {logging_mixin.py:190} INFO - [2026-08-08T07:08:42.687+0000] {dagbag.py:588} INFO - Filling up the DagBag from /home/airflow/.local/lib/python3.12/site-packages/airflow/example_dags/example_dataset_alias.py
[2026-08-08T07:08:43.354+0000] {processor.py:925} INFO - DAG(s) 'dataset_s3_bucket_producer', 'dataset_s3_bucket_consumer', 'dataset_alias_example_alias_producer', 'dataset_alias_example_alias_consumer' retrieved from /home/airflow/.local/lib/python3.12/site-packages/airflow/example_dags/example_dataset_alias.py
[2026-08-08T07:08:43.379+0000] {logging_mixin.py:190} INFO - [2026-08-08T07:08:43.378+0000] {dag.py:3239} INFO - Sync 4 DAGs
[2026-08-08T07:08:43.404+0000] {logging_mixin.py:190} INFO - [2026-08-08T07:08:43.404+0000] {dag.py:4180} INFO - Setting next_dagrun for dataset_alias_example_alias_consumer to None, run_after=None
[2026-08-08T07:08:43.408+0000] {logging_mixin.py:190} INFO - [2026-08-08T07:08:43.408+0000] {dag.py:4180} INFO - Setting next_dagrun for dataset_alias_example_alias_producer to None, run_after=None
[2026-08-08T07:08:43.411+0000] {logging_mixin.py:190} INFO - [2026-08-08T07:08:43.410+0000] {dag.py:4180} INFO - Setting next_dagrun for dataset_s3_bucket_consumer to None, run_after=None
[2026-08-08T07:08:43.413+0000] {logging_mixin.py:190} INFO - [2026-08-08T07:08:43.412+0000] {dag.py:4180} INFO - Setting next_dagrun for dataset_s3_bucket_producer to None, run_after=None
[2026-08-08T07:08:43.440+0000] {processor.py:208} INFO - Processing /home/airflow/.local/lib/python3.12/site-packages/airflow/example_dags/example_dataset_alias.py took 0.764 seconds
[2026-08-08T07:09:14.126+0000] {processor.py:186} INFO - Started process (PID=2016) to work on /home/airflow/.local/lib/python3.12/site-packages/airflow/example_dags/example_dataset_alias.py
[2026-08-08T07:09:14.128+0000] {processor.py:914} INFO - Processing file /home/airflow/.local/lib/python3.12/site-packages/airflow/example_dags/example_dataset_alias.py for tasks to queue
[2026-08-08T07:09:14.131+0000] {logging_mixin.py:190} INFO - [2026-08-08T07:09:14.131+0000] {dagbag.py:588} INFO - Filling up the DagBag from /home/airflow/.local/lib/python3.12/site-packages/airflow/example_dags/example_dataset_alias.py
[2026-08-08T07:09:14.806+0000] {processor.py:925} INFO - DAG(s) 'dataset_s3_bucket_producer', 'dataset_alias_example_alias_consumer', 'dataset_s3_bucket_consumer', 'dataset_alias_example_alias_producer' retrieved from /home/airflow/.local/lib/python3.12/site-packages/airflow/example_dags/example_dataset_alias.py
[2026-08-08T07:09:14.835+0000] {logging_mixin.py:190} INFO - [2026-08-08T07:09:14.835+0000] {dag.py:3239} INFO - Sync 4 DAGs
[2026-08-08T07:09:14.865+0000] {logging_mixin.py:190} INFO - [2026-08-08T07:09:14.865+0000] {dag.py:4180} INFO - Setting next_dagrun for dataset_alias_example_alias_consumer to None, run_after=None
[2026-08-08T07:09:14.869+0000] {logging_mixin.py:190} INFO - [2026-08-08T07:09:14.869+0000] {dag.py:4180} INFO - Setting next_dagrun for dataset_alias_example_alias_producer to None, run_after=None
[2026-08-08T07:09:14.872+0000] {logging_mixin.py:190} INFO - [2026-08-08T07:09:14.871+0000] {dag.py:4180} INFO - Setting next_dagrun for dataset_s3_bucket_consumer to None, run_after=None
[2026-08-08T07:09:14.874+0000] {logging_mixin.py:190} INFO - [2026-08-08T07:09:14.874+0000] {dag.py:4180} INFO - Setting next_dagrun for dataset_s3_bucket_producer to None, run_after=None
[2026-08-08T07:09:14.904+0000] {processor.py:208} INFO - Processing /home/airflow/.local/lib/python3.12/site-packages/airflow/example_dags/example_dataset_alias.py took 0.785 seconds
[2026-08-08T07:09:45.523+0000] {processor.py:186} INFO - Started process (PID=2081) to work on /home/airflow/.local/lib/python3.12/site-packages/airflow/example_dags/example_dataset_alias.py
[2026-08-08T07:09:45.524+0000] {processor.py:914} INFO - Processing file /home/airflow/.local/lib/python3.12/site-packages/airflow/example_dags/example_dataset_alias.py for tasks to queue
[2026-08-08T07:09:45.527+0000] {logging_mixin.py:190} INFO - [2026-08-08T07:09:45.526+0000] {dagbag.py:588} INFO - Filling up the DagBag from /home/airflow/.local/lib/python3.12/site-packages/airflow/example_dags/example_dataset_alias.py
[2026-08-08T07:09:46.183+0000] {processor.py:925} INFO - DAG(s) 'dataset_alias_example_alias_producer', 'dataset_alias_example_alias_consumer', 'dataset_s3_bucket_producer', 'dataset_s3_bucket_consumer' retrieved from /home/airflow/.local/lib/python3.12/site-packages/airflow/example_dags/example_dataset_alias.py
[2026-08-08T07:09:46.208+0000] {logging_mixin.py:190} INFO - [2026-08-08T07:09:46.208+0000] {dag.py:3239} INFO - Sync 4 DAGs
[2026-08-08T07:09:46.235+0000] {logging_mixin.py:190} INFO - [2026-08-08T07:09:46.235+0000] {dag.py:4180} INFO - Setting next_dagrun for dataset_alias_example_alias_consumer to None, run_after=None
[2026-08-08T07:09:46.239+0000] {logging_mixin.py:190} INFO - [2026-08-08T07:09:46.238+0000] {dag.py:4180} INFO - Setting next_dagrun for dataset_alias_example_alias_producer to None, run_after=None
[2026-08-08T07:09:46.241+0000] {logging_mixin.py:190} INFO - [2026-08-08T07:09:46.240+0000] {dag.py:4180} INFO - Setting next_dagrun for dataset_s3_bucket_consumer to None, run_after=None
[2026-08-08T07:09:46.243+0000] {logging_mixin.py:190} INFO - [2026-08-08T07:09:46.243+0000] {dag.py:4180} INFO - Setting next_dagrun for dataset_s3_bucket_producer to None, run_after=None
[2026-08-08T07:09:46.269+0000] {processor.py:208} INFO - Processing /home/airflow/.local/lib/python3.12/site-packages/airflow/example_dags/example_dataset_alias.py took 0.752 seconds
[2026-08-08T07:10:17.016+0000] {processor.py:186} INFO - Started process (PID=2146) to work on /home/airflow/.local/lib/python3.12/site-packages/airflow/example_dags/example_dataset_alias.py
[2026-08-08T07:10:17.018+0000] {processor.py:914} INFO - Processing file /home/airflow/.local/lib/python3.12/site-packages/airflow/example_dags/example_dataset_alias.py for tasks to queue
[2026-08-08T07:10:17.022+0000] {logging_mixin.py:190} INFO - [2026-08-08T07:10:17.021+0000] {dagbag.py:588} INFO - Filling up the DagBag from /home/airflow/.local/lib/python3.12/site-packages/airflow/example_dags/example_dataset_alias.py
[2026-08-08T07:10:17.629+0000] {processor.py:925} INFO - DAG(s) 'dataset_alias_example_alias_producer', 'dataset_alias_example_alias_consumer', 'dataset_s3_bucket_producer', 'dataset_s3_bucket_consumer' retrieved from /home/airflow/.local/lib/python3.12/site-packages/airflow/example_dags/example_dataset_alias.py
[2026-08-08T07:10:17.656+0000] {logging_mixin.py:190} INFO - [2026-08-08T07:10:17.656+0000] {dag.py:3239} INFO - Sync 4 DAGs
[2026-08-08T07:10:17.689+0000] {logging_mixin.py:190} INFO - [2026-08-08T07:10:17.689+0000] {dag.py:4180} INFO - Setting next_dagrun for dataset_alias_example_alias_consumer to None, run_after=None
[2026-08-08T07:10:17.693+0000] {logging_mixin.py:190} INFO - [2026-08-08T07:10:17.692+0000] {dag.py:4180} INFO - Setting next_dagrun for dataset_alias_example_alias_producer to None, run_after=None
[2026-08-08T07:10:17.695+0000] {logging_mixin.py:190} INFO - [2026-08-08T07:10:17.695+0000] {dag.py:4180} INFO - Setting next_dagrun for dataset_s3_bucket_consumer to None, run_after=None
[2026-08-08T07:10:17.697+0000] {logging_mixin.py:190} INFO - [2026-08-08T07:10:17.697+0000] {dag.py:4180} INFO - Setting next_dagrun for dataset_s3_bucket_producer to None, run_after=None
[2026-08-08T07:10:17.724+0000] {processor.py:208} INFO - Processing /home/airflow/.local/lib/python3.12/site-packages/airflow/example_dags/example_dataset_alias.py took 0.715 seconds
[2026-08-08T07:10:48.589+0000] {processor.py:186} INFO - Started process (PID=2211) to work on /home/airflow/.local/lib/python3.12/site-packages/airflow/example_dags/example_dataset_alias.py
[2026-08-08T07:10:48.591+0000] {processor.py:914} INFO - Processing file /home/airflow/.local/lib/python3.12/site-packages/airflow/example_dags/example_dataset_alias.py for tasks to queue
[2026-08-08T07:10:48.594+0000] {logging_mixin.py:190} INFO - [2026-08-08T07:10:48.594+0000] {dagbag.py:588} INFO - Filling up the DagBag from /home/airflow/.local/lib/python3.12/site-packages/airflow/example_dags/example_dataset_alias.py
[2026-08-08T07:10:49.402+0000] {processor.py:925} INFO - DAG(s) 'dataset_alias_example_alias_consumer', 'dataset_s3_bucket_producer', 'dataset_s3_bucket_consumer', 'dataset_alias_example_alias_producer' retrieved from /home/airflow/.local/lib/python3.12/site-packages/airflow/example_dags/example_dataset_alias.py
[2026-08-08T07:10:49.432+0000] {logging_mixin.py:190} INFO - [2026-08-08T07:10:49.432+0000] {dag.py:3239} INFO - Sync 4 DAGs
[2026-08-08T07:10:49.464+0000] {logging_mixin.py:190} INFO - [2026-08-08T07:10:49.464+0000] {dag.py:4180} INFO - Setting next_dagrun for dataset_alias_example_alias_consumer to None, run_after=None
[2026-08-08T07:10:49.469+0000] {logging_mixin.py:190} INFO - [2026-08-08T07:10:49.468+0000] {dag.py:4180} INFO - Setting next_dagrun for dataset_alias_example_alias_producer to None, run_after=None
[2026-08-08T07:10:49.475+0000] {logging_mixin.py:190} INFO - [2026-08-08T07:10:49.475+0000] {dag.py:4180} INFO - Setting next_dagrun for dataset_s3_bucket_consumer to None, run_after=None
[2026-08-08T07:10:49.478+0000] {logging_mixin.py:190} INFO - [2026-08-08T07:10:49.478+0000] {dag.py:4180} INFO - Setting next_dagrun for dataset_s3_bucket_producer to None, run_after=None
[2026-08-08T07:10:49.515+0000] {processor.py:208} INFO - Processing /home/airflow/.local/lib/python3.12/site-packages/airflow/example_dags/example_dataset_alias.py took 0.935 seconds
[2026-08-08T07:11:19.745+0000] {processor.py:186} INFO - Started process (PID=2276) to work on /home/airflow/.local/lib/python3.12/site-packages/airflow/example_dags/example_dataset_alias.py
[2026-08-08T07:11:19.746+0000] {processor.py:914} INFO - Processing file /home/airflow/.local/lib/python3.12/site-packages/airflow/example_dags/example_dataset_alias.py for tasks to queue
[2026-08-08T07:11:19.750+0000] {logging_mixin.py:190} INFO - [2026-08-08T07:11:19.750+0000] {dagbag.py:588} INFO - Filling up the DagBag from /home/airflow/.local/lib/python3.12/site-packages/airflow/example_dags/example_dataset_alias.py
[2026-08-08T07:11:20.415+0000] {processor.py:925} INFO - DAG(s) 'dataset_s3_bucket_consumer', 'dataset_alias_example_alias_producer', 'dataset_alias_example_alias_consumer', 'dataset_s3_bucket_producer' retrieved from /home/airflow/.local/lib/python3.12/site-packages/airflow/example_dags/example_dataset_alias.py
[2026-08-08T07:11:20.441+0000] {logging_mixin.py:190} INFO - [2026-08-08T07:11:20.440+0000] {dag.py:3239} INFO - Sync 4 DAGs
[2026-08-08T07:11:20.466+0000] {logging_mixin.py:190} INFO - [2026-08-08T07:11:20.466+0000] {dag.py:4180} INFO - Setting next_dagrun for dataset_alias_example_alias_consumer to None, run_after=None
[2026-08-08T07:11:20.469+0000] {logging_mixin.py:190} INFO - [2026-08-08T07:11:20.469+0000] {dag.py:4180} INFO - Setting next_dagrun for dataset_alias_example_alias_producer to None, run_after=None
[2026-08-08T07:11:20.473+0000] {logging_mixin.py:190} INFO - [2026-08-08T07:11:20.472+0000] {dag.py:4180} INFO - Setting next_dagrun for dataset_s3_bucket_consumer to None, run_after=None
[2026-08-08T07:11:20.475+0000] {logging_mixin.py:190} INFO - [2026-08-08T07:11:20.475+0000] {dag.py:4180} INFO - Setting next_dagrun for dataset_s3_bucket_producer to None, run_after=None
[2026-08-08T07:11:20.503+0000] {processor.py:208} INFO - Processing /home/airflow/.local/lib/python3.12/site-packages/airflow/example_dags/example_dataset_alias.py took 0.768 seconds
[2026-08-08T07:11:50.633+0000] {processor.py:186} INFO - Started process (PID=2341) to work on /home/airflow/.local/lib/python3.12/site-packages/airflow/example_dags/example_dataset_alias.py
[2026-08-08T07:11:50.636+0000] {processor.py:914} INFO - Processing file /home/airflow/.local/lib/python3.12/site-packages/airflow/example_dags/example_dataset_alias.py for tasks to queue
[2026-08-08T07:11:50.643+0000] {logging_mixin.py:190} INFO - [2026-08-08T07:11:50.643+0000] {dagbag.py:588} INFO - Filling up the DagBag from /home/airflow/.local/lib/python3.12/site-packages/airflow/example_dags/example_dataset_alias.py
[2026-08-08T07:11:51.738+0000] {processor.py:925} INFO - DAG(s) 'dataset_alias_example_alias_producer', 'dataset_s3_bucket_producer', 'dataset_alias_example_alias_consumer', 'dataset_s3_bucket_consumer' retrieved from /home/airflow/.local/lib/python3.12/site-packages/airflow/example_dags/example_dataset_alias.py
[2026-08-08T07:11:51.773+0000] {logging_mixin.py:190} INFO - [2026-08-08T07:11:51.771+0000] {dag.py:3239} INFO - Sync 4 DAGs
[2026-08-08T07:11:51.813+0000] {logging_mixin.py:190} INFO - [2026-08-08T07:11:51.813+0000] {dag.py:4180} INFO - Setting next_dagrun for dataset_alias_example_alias_consumer to None, run_after=None
[2026-08-08T07:11:51.819+0000] {logging_mixin.py:190} INFO - [2026-08-08T07:11:51.819+0000] {dag.py:4180} INFO - Setting next_dagrun for dataset_alias_example_alias_producer to None, run_after=None
[2026-08-08T07:11:51.823+0000] {logging_mixin.py:190} INFO - [2026-08-08T07:11:51.822+0000] {dag.py:4180} INFO - Setting next_dagrun for dataset_s3_bucket_consumer to None, run_after=None
[2026-08-08T07:11:51.826+0000] {logging_mixin.py:190} INFO - [2026-08-08T07:11:51.825+0000] {dag.py:4180} INFO - Setting next_dagrun for dataset_s3_bucket_producer to None, run_after=None
[2026-08-08T07:11:51.863+0000] {processor.py:208} INFO - Processing /home/airflow/.local/lib/python3.12/site-packages/airflow/example_dags/example_dataset_alias.py took 1.242 seconds
[2026-08-08T07:12:22.216+0000] {processor.py:186} INFO - Started process (PID=2407) to work on /home/airflow/.local/lib/python3.12/site-packages/airflow/example_dags/example_dataset_alias.py
[2026-08-08T07:12:22.218+0000] {processor.py:914} INFO - Processing file /home/airflow/.local/lib/python3.12/site-packages/airflow/example_dags/example_dataset_alias.py for tasks to queue
[2026-08-08T07:12:22.223+0000] {logging_mixin.py:190} INFO - [2026-08-08T07:12:22.222+0000] {dagbag.py:588} INFO - Filling up the DagBag from /home/airflow/.local/lib/python3.12/site-packages/airflow/example_dags/example_dataset_alias.py
[2026-08-08T07:12:23.251+0000] {processor.py:925} INFO - DAG(s) 'dataset_s3_bucket_consumer', 'dataset_alias_example_alias_consumer', 'dataset_s3_bucket_producer', 'dataset_alias_example_alias_producer' retrieved from /home/airflow/.local/lib/python3.12/site-packages/airflow/example_dags/example_dataset_alias.py
[2026-08-08T07:12:23.286+0000] {logging_mixin.py:190} INFO - [2026-08-08T07:12:23.285+0000] {dag.py:3239} INFO - Sync 4 DAGs
[2026-08-08T07:12:23.324+0000] {logging_mixin.py:190} INFO - [2026-08-08T07:12:23.324+0000] {dag.py:4180} INFO - Setting next_dagrun for dataset_alias_example_alias_consumer to None, run_after=None
[2026-08-08T07:12:23.329+0000] {logging_mixin.py:190} INFO - [2026-08-08T07:12:23.329+0000] {dag.py:4180} INFO - Setting next_dagrun for dataset_alias_example_alias_producer to None, run_after=None
[2026-08-08T07:12:23.332+0000] {logging_mixin.py:190} INFO - [2026-08-08T07:12:23.332+0000] {dag.py:4180} INFO - Setting next_dagrun for dataset_s3_bucket_consumer to None, run_after=None
[2026-08-08T07:12:23.335+0000] {logging_mixin.py:190} INFO - [2026-08-08T07:12:23.334+0000] {dag.py:4180} INFO - Setting next_dagrun for dataset_s3_bucket_producer to None, run_after=None
[2026-08-08T07:12:23.369+0000] {processor.py:208} INFO - Processing /home/airflow/.local/lib/python3.12/site-packages/airflow/example_dags/example_dataset_alias.py took 1.166 seconds
[2026-08-08T07:12:53.645+0000] {processor.py:186} INFO - Started process (PID=2472) to work on /home/airflow/.local/lib/python3.12/site-packages/airflow/example_dags/example_dataset_alias.py
[2026-08-08T07:12:53.648+0000] {processor.py:914} INFO - Processing file /home/airflow/.local/lib/python3.12/site-packages/airflow/example_dags/example_dataset_alias.py for tasks to queue
[2026-08-08T07:12:53.654+0000] {logging_mixin.py:190} INFO - [2026-08-08T07:12:53.653+0000] {dagbag.py:588} INFO - Filling up the DagBag from /home/airflow/.local/lib/python3.12/site-packages/airflow/example_dags/example_dataset_alias.py
[2026-08-08T07:12:54.438+0000] {processor.py:925} INFO - DAG(s) 'dataset_alias_example_alias_producer', 'dataset_s3_bucket_consumer', 'dataset_alias_example_alias_consumer', 'dataset_s3_bucket_producer' retrieved from /home/airflow/.local/lib/python3.12/site-packages/airflow/example_dags/example_dataset_alias.py
[2026-08-08T07:12:54.470+0000] {logging_mixin.py:190} INFO - [2026-08-08T07:12:54.469+0000] {dag.py:3239} INFO - Sync 4 DAGs
[2026-08-08T07:12:54.496+0000] {logging_mixin.py:190} INFO - [2026-08-08T07:12:54.496+0000] {dag.py:4180} INFO - Setting next_dagrun for dataset_alias_example_alias_consumer to None, run_after=None
[2026-08-08T07:12:54.500+0000] {logging_mixin.py:190} INFO - [2026-08-08T07:12:54.499+0000] {dag.py:4180} INFO - Setting next_dagrun for dataset_alias_example_alias_producer to None, run_after=None
[2026-08-08T07:12:54.502+0000] {logging_mixin.py:190} INFO - [2026-08-08T07:12:54.502+0000] {dag.py:4180} INFO - Setting next_dagrun for dataset_s3_bucket_consumer to None, run_after=None
[2026-08-08T07:12:54.504+0000] {logging_mixin.py:190} INFO - [2026-08-08T07:12:54.504+0000] {dag.py:4180} INFO - Setting next_dagrun for dataset_s3_bucket_producer to None, run_after=None
[2026-08-08T07:12:54.533+0000] {processor.py:208} INFO - Processing /home/airflow/.local/lib/python3.12/site-packages/airflow/example_dags/example_dataset_alias.py took 0.905 seconds
[2026-08-08T07:13:24.817+0000] {processor.py:186} INFO - Started process (PID=2538) to work on /home/airflow/.local/lib/python3.12/site-packages/airflow/example_dags/example_dataset_alias.py
[2026-08-08T07:13:24.819+0000] {processor.py:914} INFO - Processing file /home/airflow/.local/lib/python3.12/site-packages/airflow/example_dags/example_dataset_alias.py for tasks to queue
[2026-08-08T07:13:24.823+0000] {logging_mixin.py:190} INFO - [2026-08-08T07:13:24.822+0000] {dagbag.py:588} INFO - Filling up the DagBag from /home/airflow/.local/lib/python3.12/site-packages/airflow/example_dags/example_dataset_alias.py
[2026-08-08T07:13:25.524+0000] {processor.py:925} INFO - DAG(s) 'dataset_alias_example_alias_consumer', 'dataset_alias_example_alias_producer', 'dataset_s3_bucket_producer', 'dataset_s3_bucket_consumer' retrieved from /home/airflow/.local/lib/python3.12/site-packages/airflow/example_dags/example_dataset_alias.py
[2026-08-08T07:13:25.555+0000] {logging_mixin.py:190} INFO - [2026-08-08T07:13:25.554+0000] {dag.py:3239} INFO - Sync 4 DAGs
[2026-08-08T07:13:25.585+0000] {logging_mixin.py:190} INFO - [2026-08-08T07:13:25.585+0000] {dag.py:4180} INFO - Setting next_dagrun for dataset_alias_example_alias_consumer to None, run_after=None
[2026-08-08T07:13:25.590+0000] {logging_mixin.py:190} INFO - [2026-08-08T07:13:25.590+0000] {dag.py:4180} INFO - Setting next_dagrun for dataset_alias_example_alias_producer to None, run_after=None
[2026-08-08T07:13:25.594+0000] {logging_mixin.py:190} INFO - [2026-08-08T07:13:25.593+0000] {dag.py:4180} INFO - Setting next_dagrun for dataset_s3_bucket_consumer to None, run_after=None
[2026-08-08T07:13:25.596+0000] {logging_mixin.py:190} INFO - [2026-08-08T07:13:25.595+0000] {dag.py:4180} INFO - Setting next_dagrun for dataset_s3_bucket_producer to None, run_after=None
[2026-08-08T07:13:25.628+0000] {processor.py:208} INFO - Processing /home/airflow/.local/lib/python3.12/site-packages/airflow/example_dags/example_dataset_alias.py took 0.818 seconds
[2026-08-08T07:13:56.064+0000] {processor.py:186} INFO - Started process (PID=2604) to work on /home/airflow/.local/lib/python3.12/site-packages/airflow/example_dags/example_dataset_alias.py
[2026-08-08T07:13:56.066+0000] {processor.py:914} INFO - Processing file /home/airflow/.local/lib/python3.12/site-packages/airflow/example_dags/example_dataset_alias.py for tasks to queue
[2026-08-08T07:13:56.074+0000] {logging_mixin.py:190} INFO - [2026-08-08T07:13:56.073+0000] {dagbag.py:588} INFO - Filling up the DagBag from /home/airflow/.local/lib/python3.12/site-packages/airflow/example_dags/example_dataset_alias.py
[2026-08-08T07:13:56.795+0000] {processor.py:925} INFO - DAG(s) 'dataset_s3_bucket_producer', 'dataset_alias_example_alias_consumer', 'dataset_alias_example_alias_producer', 'dataset_s3_bucket_consumer' retrieved from /home/airflow/.local/lib/python3.12/site-packages/airflow/example_dags/example_dataset_alias.py
[2026-08-08T07:13:56.824+0000] {logging_mixin.py:190} INFO - [2026-08-08T07:13:56.823+0000] {dag.py:3239} INFO - Sync 4 DAGs
[2026-08-08T07:13:56.854+0000] {logging_mixin.py:190} INFO - [2026-08-08T07:13:56.854+0000] {dag.py:4180} INFO - Setting next_dagrun for dataset_alias_example_alias_consumer to None, run_after=None
[2026-08-08T07:13:56.859+0000] {logging_mixin.py:190} INFO - [2026-08-08T07:13:56.858+0000] {dag.py:4180} INFO - Setting next_dagrun for dataset_alias_example_alias_producer to None, run_after=None
[2026-08-08T07:13:56.862+0000] {logging_mixin.py:190} INFO - [2026-08-08T07:13:56.862+0000] {dag.py:4180} INFO - Setting next_dagrun for dataset_s3_bucket_consumer to None, run_after=None
[2026-08-08T07:13:56.864+0000] {logging_mixin.py:190} INFO - [2026-08-08T07:13:56.864+0000] {dag.py:4180} INFO - Setting next_dagrun for dataset_s3_bucket_producer to None, run_after=None
[2026-08-08T07:13:56.895+0000] {processor.py:208} INFO - Processing /home/airflow/.local/lib/python3.12/site-packages/airflow/example_dags/example_dataset_alias.py took 0.838 seconds
[2026-08-08T07:14:27.743+0000] {processor.py:186} INFO - Started process (PID=2674) to work on /home/airflow/.local/lib/python3.12/site-packages/airflow/example_dags/example_dataset_alias.py
[2026-08-08T07:14:27.745+0000] {processor.py:914} INFO - Processing file /home/airflow/.local/lib/python3.12/site-packages/airflow/example_dags/example_dataset_alias.py for tasks to queue
[2026-08-08T07:14:27.749+0000] {logging_mixin.py:190} INFO - [2026-08-08T07:14:27.748+0000] {dagbag.py:588} INFO - Filling up the DagBag from /home/airflow/.local/lib/python3.12/site-packages/airflow/example_dags/example_dataset_alias.py
[2026-08-08T07:14:28.489+0000] {processor.py:925} INFO - DAG(s) 'dataset_alias_example_alias_consumer', 'dataset_s3_bucket_consumer', 'dataset_alias_example_alias_producer', 'dataset_s3_bucket_producer' retrieved from /home/airflow/.local/lib/python3.12/site-packages/airflow/example_dags/example_dataset_alias.py
[2026-08-08T07:14:28.520+0000] {logging_mixin.py:190} INFO - [2026-08-08T07:14:28.519+0000] {dag.py:3239} INFO - Sync 4 DAGs
[2026-08-08T07:14:28.548+0000] {logging_mixin.py:190} INFO - [2026-08-08T07:14:28.547+0000] {dag.py:4180} INFO - Setting next_dagrun for dataset_alias_example_alias_consumer to None, run_after=None
[2026-08-08T07:14:28.552+0000] {logging_mixin.py:190} INFO - [2026-08-08T07:14:28.552+0000] {dag.py:4180} INFO - Setting next_dagrun for dataset_alias_example_alias_producer to None, run_after=None
[2026-08-08T07:14:28.555+0000] {logging_mixin.py:190} INFO - [2026-08-08T07:14:28.555+0000] {dag.py:4180} INFO - Setting next_dagrun for dataset_s3_bucket_consumer to None, run_after=None
[2026-08-08T07:14:28.558+0000] {logging_mixin.py:190} INFO - [2026-08-08T07:14:28.557+0000] {dag.py:4180} INFO - Setting next_dagrun for dataset_s3_bucket_producer to None, run_after=None
[2026-08-08T07:14:28.589+0000] {processor.py:208} INFO - Processing /home/airflow/.local/lib/python3.12/site-packages/airflow/example_dags/example_dataset_alias.py took 0.854 seconds
[2026-08-08T07:15:00.140+0000] {processor.py:186} INFO - Started process (PID=2748) to work on /home/airflow/.local/lib/python3.12/site-packages/airflow/example_dags/example_dataset_alias.py
[2026-08-08T07:15:00.141+0000] {processor.py:914} INFO - Processing file /home/airflow/.local/lib/python3.12/site-packages/airflow/example_dags/example_dataset_alias.py for tasks to queue
[2026-08-08T07:15:00.145+0000] {logging_mixin.py:190} INFO - [2026-08-08T07:15:00.145+0000] {dagbag.py:588} INFO - Filling up the DagBag from /home/airflow/.local/lib/python3.12/site-packages/airflow/example_dags/example_dataset_alias.py
[2026-08-08T07:15:00.891+0000] {processor.py:925} INFO - DAG(s) 'dataset_s3_bucket_producer', 'dataset_alias_example_alias_consumer', 'dataset_alias_example_alias_producer', 'dataset_s3_bucket_consumer' retrieved from /home/airflow/.local/lib/python3.12/site-packages/airflow/example_dags/example_dataset_alias.py
[2026-08-08T07:15:00.920+0000] {logging_mixin.py:190} INFO - [2026-08-08T07:15:00.920+0000] {dag.py:3239} INFO - Sync 4 DAGs
[2026-08-08T07:15:00.949+0000] {logging_mixin.py:190} INFO - [2026-08-08T07:15:00.948+0000] {dag.py:4180} INFO - Setting next_dagrun for dataset_alias_example_alias_consumer to None, run_after=None
[2026-08-08T07:15:00.952+0000] {logging_mixin.py:190} INFO - [2026-08-08T07:15:00.952+0000] {dag.py:4180} INFO - Setting next_dagrun for dataset_alias_example_alias_producer to None, run_after=None
[2026-08-08T07:15:00.955+0000] {logging_mixin.py:190} INFO - [2026-08-08T07:15:00.955+0000] {dag.py:4180} INFO - Setting next_dagrun for dataset_s3_bucket_consumer to None, run_after=None
[2026-08-08T07:15:00.958+0000] {logging_mixin.py:190} INFO - [2026-08-08T07:15:00.958+0000] {dag.py:4180} INFO - Setting next_dagrun for dataset_s3_bucket_producer to None, run_after=None
[2026-08-08T07:15:00.985+0000] {processor.py:208} INFO - Processing /home/airflow/.local/lib/python3.12/site-packages/airflow/example_dags/example_dataset_alias.py took 0.854 seconds
[2026-08-08T07:15:32.381+0000] {processor.py:186} INFO - Started process (PID=2821) to work on /home/airflow/.local/lib/python3.12/site-packages/airflow/example_dags/example_dataset_alias.py
[2026-08-08T07:15:32.383+0000] {processor.py:914} INFO - Processing file /home/airflow/.local/lib/python3.12/site-packages/airflow/example_dags/example_dataset_alias.py for tasks to queue
[2026-08-08T07:15:32.388+0000] {logging_mixin.py:190} INFO - [2026-08-08T07:15:32.387+0000] {dagbag.py:588} INFO - Filling up the DagBag from /home/airflow/.local/lib/python3.12/site-packages/airflow/example_dags/example_dataset_alias.py
[2026-08-08T07:15:33.166+0000] {processor.py:925} INFO - DAG(s) 'dataset_alias_example_alias_consumer', 'dataset_alias_example_alias_producer', 'dataset_s3_bucket_consumer', 'dataset_s3_bucket_producer' retrieved from /home/airflow/.local/lib/python3.12/site-packages/airflow/example_dags/example_dataset_alias.py
[2026-08-08T07:15:33.195+0000] {logging_mixin.py:190} INFO - [2026-08-08T07:15:33.194+0000] {dag.py:3239} INFO - Sync 4 DAGs
[2026-08-08T07:15:33.221+0000] {logging_mixin.py:190} INFO - [2026-08-08T07:15:33.221+0000] {dag.py:4180} INFO - Setting next_dagrun for dataset_alias_example_alias_consumer to None, run_after=None
[2026-08-08T07:15:33.225+0000] {logging_mixin.py:190} INFO - [2026-08-08T07:15:33.225+0000] {dag.py:4180} INFO - Setting next_dagrun for dataset_alias_example_alias_producer to None, run_after=None
[2026-08-08T07:15:33.227+0000] {logging_mixin.py:190} INFO - [2026-08-08T07:15:33.227+0000] {dag.py:4180} INFO - Setting next_dagrun for dataset_s3_bucket_consumer to None, run_after=None
[2026-08-08T07:15:33.230+0000] {logging_mixin.py:190} INFO - [2026-08-08T07:15:33.229+0000] {dag.py:4180} INFO - Setting next_dagrun for dataset_s3_bucket_producer to None, run_after=None
[2026-08-08T07:15:33.255+0000] {processor.py:208} INFO - Processing /home/airflow/.local/lib/python3.12/site-packages/airflow/example_dags/example_dataset_alias.py took 0.880 seconds
[2026-08-08T07:16:04.742+0000] {processor.py:186} INFO - Started process (PID=2895) to work on /home/airflow/.local/lib/python3.12/site-packages/airflow/example_dags/example_dataset_alias.py
[2026-08-08T07:16:04.743+0000] {processor.py:914} INFO - Processing file /home/airflow/.local/lib/python3.12/site-packages/airflow/example_dags/example_dataset_alias.py for tasks to queue
[2026-08-08T07:16:04.746+0000] {logging_mixin.py:190} INFO - [2026-08-08T07:16:04.746+0000] {dagbag.py:588} INFO - Filling up the DagBag from /home/airflow/.local/lib/python3.12/site-packages/airflow/example_dags/example_dataset_alias.py
[2026-08-08T07:16:05.419+0000] {processor.py:925} INFO - DAG(s) 'dataset_s3_bucket_producer', 'dataset_alias_example_alias_consumer', 'dataset_s3_bucket_consumer', 'dataset_alias_example_alias_producer' retrieved from /home/airflow/.local/lib/python3.12/site-packages/airflow/example_dags/example_dataset_alias.py
[2026-08-08T07:16:05.445+0000] {logging_mixin.py:190} INFO - [2026-08-08T07:16:05.445+0000] {dag.py:3239} INFO - Sync 4 DAGs
[2026-08-08T07:16:05.477+0000] {logging_mixin.py:190} INFO - [2026-08-08T07:16:05.477+0000] {dag.py:4180} INFO - Setting next_dagrun for dataset_alias_example_alias_consumer to None, run_after=None
[2026-08-08T07:16:05.481+0000] {logging_mixin.py:190} INFO - [2026-08-08T07:16:05.481+0000] {dag.py:4180} INFO - Setting next_dagrun for dataset_alias_example_alias_producer to None, run_after=None
[2026-08-08T07:16:05.484+0000] {logging_mixin.py:190} INFO - [2026-08-08T07:16:05.484+0000] {dag.py:4180} INFO - Setting next_dagrun for dataset_s3_bucket_consumer to None, run_after=None
[2026-08-08T07:16:05.486+0000] {logging_mixin.py:190} INFO - [2026-08-08T07:16:05.486+0000] {dag.py:4180} INFO - Setting next_dagrun for dataset_s3_bucket_producer to None, run_after=None
[2026-08-08T07:16:05.512+0000] {processor.py:208} INFO - Processing /home/airflow/.local/lib/python3.12/site-packages/airflow/example_dags/example_dataset_alias.py took 0.778 seconds
[2026-08-08T07:16:36.418+0000] {processor.py:186} INFO - Started process (PID=2967) to work on /home/airflow/.local/lib/python3.12/site-packages/airflow/example_dags/example_dataset_alias.py
[2026-08-08T07:16:36.420+0000] {processor.py:914} INFO - Processing file /home/airflow/.local/lib/python3.12/site-packages/airflow/example_dags/example_dataset_alias.py for tasks to queue
[2026-08-08T07:16:36.423+0000] {logging_mixin.py:190} INFO - [2026-08-08T07:16:36.422+0000] {dagbag.py:588} INFO - Filling up the DagBag from /home/airflow/.local/lib/python3.12/site-packages/airflow/example_dags/example_dataset_alias.py
[2026-08-08T07:16:37.084+0000] {processor.py:925} INFO - DAG(s) 'dataset_alias_example_alias_consumer', 'dataset_alias_example_alias_producer', 'dataset_s3_bucket_producer', 'dataset_s3_bucket_consumer' retrieved from /home/airflow/.local/lib/python3.12/site-packages/airflow/example_dags/example_dataset_alias.py
[2026-08-08T07:16:37.116+0000] {logging_mixin.py:190} INFO - [2026-08-08T07:16:37.116+0000] {dag.py:3239} INFO - Sync 4 DAGs
[2026-08-08T07:16:37.144+0000] {logging_mixin.py:190} INFO - [2026-08-08T07:16:37.144+0000] {dag.py:4180} INFO - Setting next_dagrun for dataset_alias_example_alias_consumer to None, run_after=None
[2026-08-08T07:16:37.149+0000] {logging_mixin.py:190} INFO - [2026-08-08T07:16:37.148+0000] {dag.py:4180} INFO - Setting next_dagrun for dataset_alias_example_alias_producer to None, run_after=None
[2026-08-08T07:16:37.151+0000] {logging_mixin.py:190} INFO - [2026-08-08T07:16:37.151+0000] {dag.py:4180} INFO - Setting next_dagrun for dataset_s3_bucket_consumer to None, run_after=None
[2026-08-08T07:16:37.153+0000] {logging_mixin.py:190} INFO - [2026-08-08T07:16:37.152+0000] {dag.py:4180} INFO - Setting next_dagrun for dataset_s3_bucket_producer to None, run_after=None
[2026-08-08T07:16:37.178+0000] {processor.py:208} INFO - Processing /home/airflow/.local/lib/python3.12/site-packages/airflow/example_dags/example_dataset_alias.py took 0.765 seconds
[2026-08-08T07:17:07.274+0000] {processor.py:186} INFO - Started process (PID=3033) to work on /home/airflow/.local/lib/python3.12/site-packages/airflow/example_dags/example_dataset_alias.py
[2026-08-08T07:17:07.275+0000] {processor.py:914} INFO - Processing file /home/airflow/.local/lib/python3.12/site-packages/airflow/example_dags/example_dataset_alias.py for tasks to queue
[2026-08-08T07:17:07.278+0000] {logging_mixin.py:190} INFO - [2026-08-08T07:17:07.278+0000] {dagbag.py:588} INFO - Filling up the DagBag from /home/airflow/.local/lib/python3.12/site-packages/airflow/example_dags/example_dataset_alias.py
[2026-08-08T07:17:07.818+0000] {processor.py:925} INFO - DAG(s) 'dataset_s3_bucket_consumer', 'dataset_alias_example_alias_producer', 'dataset_s3_bucket_producer', 'dataset_alias_example_alias_consumer' retrieved from /home/airflow/.local/lib/python3.12/site-packages/airflow/example_dags/example_dataset_alias.py
[2026-08-08T07:17:07.840+0000] {logging_mixin.py:190} INFO - [2026-08-08T07:17:07.839+0000] {dag.py:3239} INFO - Sync 4 DAGs
[2026-08-08T07:17:07.862+0000] {logging_mixin.py:190} INFO - [2026-08-08T07:17:07.862+0000] {dag.py:4180} INFO - Setting next_dagrun for dataset_alias_example_alias_consumer to None, run_after=None
[2026-08-08T07:17:07.866+0000] {logging_mixin.py:190} INFO - [2026-08-08T07:17:07.865+0000] {dag.py:4180} INFO - Setting next_dagrun for dataset_alias_example_alias_producer to None, run_after=None
[2026-08-08T07:17:07.868+0000] {logging_mixin.py:190} INFO - [2026-08-08T07:17:07.868+0000] {dag.py:4180} INFO - Setting next_dagrun for dataset_s3_bucket_consumer to None, run_after=None
[2026-08-08T07:17:07.870+0000] {logging_mixin.py:190} INFO - [2026-08-08T07:17:07.870+0000] {dag.py:4180} INFO - Setting next_dagrun for dataset_s3_bucket_producer to None, run_after=None
[2026-08-08T07:17:07.892+0000] {processor.py:208} INFO - Processing /home/airflow/.local/lib/python3.12/site-packages/airflow/example_dags/example_dataset_alias.py took 0.624 seconds
[2026-08-08T07:17:37.981+0000] {processor.py:186} INFO - Started process (PID=3097) to work on /home/airflow/.local/lib/python3.12/site-packages/airflow/example_dags/example_dataset_alias.py
[2026-08-08T07:17:37.984+0000] {processor.py:914} INFO - Processing file /home/airflow/.local/lib/python3.12/site-packages/airflow/example_dags/example_dataset_alias.py for tasks to queue
[2026-08-08T07:17:37.988+0000] {logging_mixin.py:190} INFO - [2026-08-08T07:17:37.988+0000] {dagbag.py:588} INFO - Filling up the DagBag from /home/airflow/.local/lib/python3.12/site-packages/airflow/example_dags/example_dataset_alias.py
[2026-08-08T07:17:38.594+0000] {processor.py:925} INFO - DAG(s) 'dataset_alias_example_alias_producer', 'dataset_s3_bucket_consumer', 'dataset_s3_bucket_producer', 'dataset_alias_example_alias_consumer' retrieved from /home/airflow/.local/lib/python3.12/site-packages/airflow/example_dags/example_dataset_alias.py
[2026-08-08T07:17:38.617+0000] {logging_mixin.py:190} INFO - [2026-08-08T07:17:38.616+0000] {dag.py:3239} INFO - Sync 4 DAGs
[2026-08-08T07:17:38.640+0000] {logging_mixin.py:190} INFO - [2026-08-08T07:17:38.639+0000] {dag.py:4180} INFO - Setting next_dagrun for dataset_alias_example_alias_consumer to None, run_after=None
[2026-08-08T07:17:38.643+0000] {logging_mixin.py:190} INFO - [2026-08-08T07:17:38.643+0000] {dag.py:4180} INFO - Setting next_dagrun for dataset_alias_example_alias_producer to None, run_after=None
[2026-08-08T07:17:38.645+0000] {logging_mixin.py:190} INFO - [2026-08-08T07:17:38.645+0000] {dag.py:4180} INFO - Setting next_dagrun for dataset_s3_bucket_consumer to None, run_after=None
[2026-08-08T07:17:38.648+0000] {logging_mixin.py:190} INFO - [2026-08-08T07:17:38.648+0000] {dag.py:4180} INFO - Setting next_dagrun for dataset_s3_bucket_producer to None, run_after=None
[2026-08-08T07:17:38.670+0000] {processor.py:208} INFO - Processing /home/airflow/.local/lib/python3.12/site-packages/airflow/example_dags/example_dataset_alias.py took 0.699 seconds
[2026-08-08T07:18:08.805+0000] {processor.py:186} INFO - Started process (PID=3163) to work on /home/airflow/.local/lib/python3.12/site-packages/airflow/example_dags/example_dataset_alias.py
[2026-08-08T07:18:08.807+0000] {processor.py:914} INFO - Processing file /home/airflow/.local/lib/python3.12/site-packages/airflow/example_dags/example_dataset_alias.py for tasks to queue
[2026-08-08T07:18:08.809+0000] {logging_mixin.py:190} INFO - [2026-08-08T07:18:08.809+0000] {dagbag.py:588} INFO - Filling up the DagBag from /home/airflow/.local/lib/python3.12/site-packages/airflow/example_dags/example_dataset_alias.py
[2026-08-08T07:18:09.335+0000] {processor.py:925} INFO - DAG(s) 'dataset_alias_example_alias_consumer', 'dataset_s3_bucket_producer', 'dataset_s3_bucket_consumer', 'dataset_alias_example_alias_producer' retrieved from /home/airflow/.local/lib/python3.12/site-packages/airflow/example_dags/example_dataset_alias.py
[2026-08-08T07:18:09.359+0000] {logging_mixin.py:190} INFO - [2026-08-08T07:18:09.358+0000] {dag.py:3239} INFO - Sync 4 DAGs
[2026-08-08T07:18:09.381+0000] {logging_mixin.py:190} INFO - [2026-08-08T07:18:09.381+0000] {dag.py:4180} INFO - Setting next_dagrun for dataset_alias_example_alias_consumer to None, run_after=None
[2026-08-08T07:18:09.385+0000] {logging_mixin.py:190} INFO - [2026-08-08T07:18:09.384+0000] {dag.py:4180} INFO - Setting next_dagrun for dataset_alias_example_alias_producer to None, run_after=None
[2026-08-08T07:18:09.387+0000] {logging_mixin.py:190} INFO - [2026-08-08T07:18:09.386+0000] {dag.py:4180} INFO - Setting next_dagrun for dataset_s3_bucket_consumer to None, run_after=None
[2026-08-08T07:18:09.388+0000] {logging_mixin.py:190} INFO - [2026-08-08T07:18:09.388+0000] {dag.py:4180} INFO - Setting next_dagrun for dataset_s3_bucket_producer to None, run_after=None
[2026-08-08T07:18:09.408+0000] {processor.py:208} INFO - Processing /home/airflow/.local/lib/python3.12/site-packages/airflow/example_dags/example_dataset_alias.py took 0.608 seconds
[2026-08-08T07:18:41.091+0000] {processor.py:186} INFO - Started process (PID=3228) to work on /home/airflow/.local/lib/python3.12/site-packages/airflow/example_dags/example_dataset_alias.py
[2026-08-08T07:18:41.092+0000] {processor.py:914} INFO - Processing file /home/airflow/.local/lib/python3.12/site-packages/airflow/example_dags/example_dataset_alias.py for tasks to queue
[2026-08-08T07:18:41.095+0000] {logging_mixin.py:190} INFO - [2026-08-08T07:18:41.094+0000] {dagbag.py:588} INFO - Filling up the DagBag from /home/airflow/.local/lib/python3.12/site-packages/airflow/example_dags/example_dataset_alias.py
[2026-08-08T07:18:41.750+0000] {processor.py:925} INFO - DAG(s) 'dataset_alias_example_alias_producer', 'dataset_s3_bucket_producer', 'dataset_alias_example_alias_consumer', 'dataset_s3_bucket_consumer' retrieved from /home/airflow/.local/lib/python3.12/site-packages/airflow/example_dags/example_dataset_alias.py
[2026-08-08T07:18:41.781+0000] {logging_mixin.py:190} INFO - [2026-08-08T07:18:41.781+0000] {dag.py:3239} INFO - Sync 4 DAGs
[2026-08-08T07:18:41.814+0000] {logging_mixin.py:190} INFO - [2026-08-08T07:18:41.813+0000] {dag.py:4180} INFO - Setting next_dagrun for dataset_alias_example_alias_consumer to None, run_after=None
[2026-08-08T07:18:41.818+0000] {logging_mixin.py:190} INFO - [2026-08-08T07:18:41.818+0000] {dag.py:4180} INFO - Setting next_dagrun for dataset_alias_example_alias_producer to None, run_after=None
[2026-08-08T07:18:41.821+0000] {logging_mixin.py:190} INFO - [2026-08-08T07:18:41.820+0000] {dag.py:4180} INFO - Setting next_dagrun for dataset_s3_bucket_consumer to None, run_after=None
[2026-08-08T07:18:41.824+0000] {logging_mixin.py:190} INFO - [2026-08-08T07:18:41.823+0000] {dag.py:4180} INFO - Setting next_dagrun for dataset_s3_bucket_producer to None, run_after=None
[2026-08-08T07:18:41.853+0000] {processor.py:208} INFO - Processing /home/airflow/.local/lib/python3.12/site-packages/airflow/example_dags/example_dataset_alias.py took 0.769 seconds
[2026-08-08T07:19:12.172+0000] {processor.py:186} INFO - Started process (PID=3294) to work on /home/airflow/.local/lib/python3.12/site-packages/airflow/example_dags/example_dataset_alias.py
[2026-08-08T07:19:12.174+0000] {processor.py:914} INFO - Processing file /home/airflow/.local/lib/python3.12/site-packages/airflow/example_dags/example_dataset_alias.py for tasks to queue
[2026-08-08T07:19:12.178+0000] {logging_mixin.py:190} INFO - [2026-08-08T07:19:12.178+0000] {dagbag.py:588} INFO - Filling up the DagBag from /home/airflow/.local/lib/python3.12/site-packages/airflow/example_dags/example_dataset_alias.py
[2026-08-08T07:19:13.035+0000] {processor.py:925} INFO - DAG(s) 'dataset_alias_example_alias_producer', 'dataset_s3_bucket_producer', 'dataset_s3_bucket_consumer', 'dataset_alias_example_alias_consumer' retrieved from /home/airflow/.local/lib/python3.12/site-packages/airflow/example_dags/example_dataset_alias.py
[2026-08-08T07:19:13.066+0000] {logging_mixin.py:190} INFO - [2026-08-08T07:19:13.065+0000] {dag.py:3239} INFO - Sync 4 DAGs
[2026-08-08T07:19:13.101+0000] {logging_mixin.py:190} INFO - [2026-08-08T07:19:13.101+0000] {dag.py:4180} INFO - Setting next_dagrun for dataset_alias_example_alias_consumer to None, run_after=None
[2026-08-08T07:19:13.106+0000] {logging_mixin.py:190} INFO - [2026-08-08T07:19:13.106+0000] {dag.py:4180} INFO - Setting next_dagrun for dataset_alias_example_alias_producer to None, run_after=None
[2026-08-08T07:19:13.109+0000] {logging_mixin.py:190} INFO - [2026-08-08T07:19:13.109+0000] {dag.py:4180} INFO - Setting next_dagrun for dataset_s3_bucket_consumer to None, run_after=None
[2026-08-08T07:19:13.112+0000] {logging_mixin.py:190} INFO - [2026-08-08T07:19:13.111+0000] {dag.py:4180} INFO - Setting next_dagrun for dataset_s3_bucket_producer to None, run_after=None
[2026-08-08T07:19:13.144+0000] {processor.py:208} INFO - Processing /home/airflow/.local/lib/python3.12/site-packages/airflow/example_dags/example_dataset_alias.py took 0.982 seconds
[2026-08-08T07:19:43.308+0000] {processor.py:186} INFO - Started process (PID=3359) to work on /home/airflow/.local/lib/python3.12/site-packages/airflow/example_dags/example_dataset_alias.py
[2026-08-08T07:19:43.309+0000] {processor.py:914} INFO - Processing file /home/airflow/.local/lib/python3.12/site-packages/airflow/example_dags/example_dataset_alias.py for tasks to queue
[2026-08-08T07:19:43.312+0000] {logging_mixin.py:190} INFO - [2026-08-08T07:19:43.312+0000] {dagbag.py:588} INFO - Filling up the DagBag from /home/airflow/.local/lib/python3.12/site-packages/airflow/example_dags/example_dataset_alias.py
[2026-08-08T07:19:43.953+0000] {processor.py:925} INFO - DAG(s) 'dataset_s3_bucket_consumer', 'dataset_alias_example_alias_consumer', 'dataset_s3_bucket_producer', 'dataset_alias_example_alias_producer' retrieved from /home/airflow/.local/lib/python3.12/site-packages/airflow/example_dags/example_dataset_alias.py
[2026-08-08T07:19:43.976+0000] {logging_mixin.py:190} INFO - [2026-08-08T07:19:43.976+0000] {dag.py:3239} INFO - Sync 4 DAGs
[2026-08-08T07:19:43.999+0000] {logging_mixin.py:190} INFO - [2026-08-08T07:19:43.999+0000] {dag.py:4180} INFO - Setting next_dagrun for dataset_alias_example_alias_consumer to None, run_after=None
[2026-08-08T07:19:44.003+0000] {logging_mixin.py:190} INFO - [2026-08-08T07:19:44.003+0000] {dag.py:4180} INFO - Setting next_dagrun for dataset_alias_example_alias_producer to None, run_after=None
[2026-08-08T07:19:44.006+0000] {logging_mixin.py:190} INFO - [2026-08-08T07:19:44.006+0000] {dag.py:4180} INFO - Setting next_dagrun for dataset_s3_bucket_consumer to None, run_after=None
[2026-08-08T07:19:44.008+0000] {logging_mixin.py:190} INFO - [2026-08-08T07:19:44.008+0000] {dag.py:4180} INFO - Setting next_dagrun for dataset_s3_bucket_producer to None, run_after=None
[2026-08-08T07:19:44.031+0000] {processor.py:208} INFO - Processing /home/airflow/.local/lib/python3.12/site-packages/airflow/example_dags/example_dataset_alias.py took 0.731 seconds
[2026-08-08T07:20:14.577+0000] {processor.py:186} INFO - Started process (PID=3425) to work on /home/airflow/.local/lib/python3.12/site-packages/airflow/example_dags/example_dataset_alias.py
[2026-08-08T07:20:14.578+0000] {processor.py:914} INFO - Processing file /home/airflow/.local/lib/python3.12/site-packages/airflow/example_dags/example_dataset_alias.py for tasks to queue
[2026-08-08T07:20:14.583+0000] {logging_mixin.py:190} INFO - [2026-08-08T07:20:14.583+0000] {dagbag.py:588} INFO - Filling up the DagBag from /home/airflow/.local/lib/python3.12/site-packages/airflow/example_dags/example_dataset_alias.py
[2026-08-08T07:20:15.043+0000] {processor.py:925} INFO - DAG(s) 'dataset_alias_example_alias_producer', 'dataset_alias_example_alias_consumer', 'dataset_s3_bucket_consumer', 'dataset_s3_bucket_producer' retrieved from /home/airflow/.local/lib/python3.12/site-packages/airflow/example_dags/example_dataset_alias.py
[2026-08-08T07:20:15.066+0000] {logging_mixin.py:190} INFO - [2026-08-08T07:20:15.066+0000] {dag.py:3239} INFO - Sync 4 DAGs
[2026-08-08T07:20:15.094+0000] {logging_mixin.py:190} INFO - [2026-08-08T07:20:15.093+0000] {dag.py:4180} INFO - Setting next_dagrun for dataset_alias_example_alias_consumer to None, run_after=None
[2026-08-08T07:20:15.097+0000] {logging_mixin.py:190} INFO - [2026-08-08T07:20:15.097+0000] {dag.py:4180} INFO - Setting next_dagrun for dataset_alias_example_alias_producer to None, run_after=None
[2026-08-08T07:20:15.100+0000] {logging_mixin.py:190} INFO - [2026-08-08T07:20:15.100+0000] {dag.py:4180} INFO - Setting next_dagrun for dataset_s3_bucket_consumer to None, run_after=None
[2026-08-08T07:20:15.102+0000] {logging_mixin.py:190} INFO - [2026-08-08T07:20:15.102+0000] {dag.py:4180} INFO - Setting next_dagrun for dataset_s3_bucket_producer to None, run_after=None
[2026-08-08T07:20:15.126+0000] {processor.py:208} INFO - Processing /home/airflow/.local/lib/python3.12/site-packages/airflow/example_dags/example_dataset_alias.py took 0.555 seconds
[2026-08-08T07:20:45.406+0000] {processor.py:186} INFO - Started process (PID=3489) to work on /home/airflow/.local/lib/python3.12/site-packages/airflow/example_dags/example_dataset_alias.py
[2026-08-08T07:20:45.407+0000] {processor.py:914} INFO - Processing file /home/airflow/.local/lib/python3.12/site-packages/airflow/example_dags/example_dataset_alias.py for tasks to queue
[2026-08-08T07:20:45.410+0000] {logging_mixin.py:190} INFO - [2026-08-08T07:20:45.409+0000] {dagbag.py:588} INFO - Filling up the DagBag from /home/airflow/.local/lib/python3.12/site-packages/airflow/example_dags/example_dataset_alias.py
[2026-08-08T07:20:45.803+0000] {processor.py:925} INFO - DAG(s) 'dataset_alias_example_alias_producer', 'dataset_s3_bucket_consumer', 'dataset_s3_bucket_producer', 'dataset_alias_example_alias_consumer' retrieved from /home/airflow/.local/lib/python3.12/site-packages/airflow/example_dags/example_dataset_alias.py
[2026-08-08T07:20:45.828+0000] {logging_mixin.py:190} INFO - [2026-08-08T07:20:45.828+0000] {dag.py:3239} INFO - Sync 4 DAGs
[2026-08-08T07:20:45.853+0000] {logging_mixin.py:190} INFO - [2026-08-08T07:20:45.853+0000] {dag.py:4180} INFO - Setting next_dagrun for dataset_alias_example_alias_consumer to None, run_after=None
[2026-08-08T07:20:45.857+0000] {logging_mixin.py:190} INFO - [2026-08-08T07:20:45.857+0000] {dag.py:4180} INFO - Setting next_dagrun for dataset_alias_example_alias_producer to None, run_after=None
[2026-08-08T07:20:45.859+0000] {logging_mixin.py:190} INFO - [2026-08-08T07:20:45.859+0000] {dag.py:4180} INFO - Setting next_dagrun for dataset_s3_bucket_consumer to None, run_after=None
[2026-08-08T07:20:45.861+0000] {logging_mixin.py:190} INFO - [2026-08-08T07:20:45.861+0000] {dag.py:4180} INFO - Setting next_dagrun for dataset_s3_bucket_producer to None, run_after=None
[2026-08-08T07:20:45.886+0000] {processor.py:208} INFO - Processing /home/airflow/.local/lib/python3.12/site-packages/airflow/example_dags/example_dataset_alias.py took 0.486 seconds
[2026-08-08T07:21:15.974+0000] {processor.py:186} INFO - Started process (PID=3554) to work on /home/airflow/.local/lib/python3.12/site-packages/airflow/example_dags/example_dataset_alias.py
[2026-08-08T07:21:15.976+0000] {processor.py:914} INFO - Processing file /home/airflow/.local/lib/python3.12/site-packages/airflow/example_dags/example_dataset_alias.py for tasks to queue
[2026-08-08T07:21:15.979+0000] {logging_mixin.py:190} INFO - [2026-08-08T07:21:15.979+0000] {dagbag.py:588} INFO - Filling up the DagBag from /home/airflow/.local/lib/python3.12/site-packages/airflow/example_dags/example_dataset_alias.py
[2026-08-08T07:21:16.381+0000] {processor.py:925} INFO - DAG(s) 'dataset_alias_example_alias_consumer', 'dataset_s3_bucket_consumer', 'dataset_s3_bucket_producer', 'dataset_alias_example_alias_producer' retrieved from /home/airflow/.local/lib/python3.12/site-packages/airflow/example_dags/example_dataset_alias.py
[2026-08-08T07:21:16.405+0000] {logging_mixin.py:190} INFO - [2026-08-08T07:21:16.405+0000] {dag.py:3239} INFO - Sync 4 DAGs
[2026-08-08T07:21:16.432+0000] {logging_mixin.py:190} INFO - [2026-08-08T07:21:16.431+0000] {dag.py:4180} INFO - Setting next_dagrun for dataset_alias_example_alias_consumer to None, run_after=None
[2026-08-08T07:21:16.435+0000] {logging_mixin.py:190} INFO - [2026-08-08T07:21:16.435+0000] {dag.py:4180} INFO - Setting next_dagrun for dataset_alias_example_alias_producer to None, run_after=None
[2026-08-08T07:21:16.438+0000] {logging_mixin.py:190} INFO - [2026-08-08T07:21:16.437+0000] {dag.py:4180} INFO - Setting next_dagrun for dataset_s3_bucket_consumer to None, run_after=None
[2026-08-08T07:21:16.440+0000] {logging_mixin.py:190} INFO - [2026-08-08T07:21:16.440+0000] {dag.py:4180} INFO - Setting next_dagrun for dataset_s3_bucket_producer to None, run_after=None
[2026-08-08T07:21:16.465+0000] {processor.py:208} INFO - Processing /home/airflow/.local/lib/python3.12/site-packages/airflow/example_dags/example_dataset_alias.py took 0.499 seconds
[2026-08-08T07:21:47.341+0000] {processor.py:186} INFO - Started process (PID=3619) to work on /home/airflow/.local/lib/python3.12/site-packages/airflow/example_dags/example_dataset_alias.py
[2026-08-08T07:21:47.342+0000] {processor.py:914} INFO - Processing file /home/airflow/.local/lib/python3.12/site-packages/airflow/example_dags/example_dataset_alias.py for tasks to queue
[2026-08-08T07:21:47.345+0000] {logging_mixin.py:190} INFO - [2026-08-08T07:21:47.345+0000] {dagbag.py:588} INFO - Filling up the DagBag from /home/airflow/.local/lib/python3.12/site-packages/airflow/example_dags/example_dataset_alias.py
[2026-08-08T07:21:47.742+0000] {processor.py:925} INFO - DAG(s) 'dataset_alias_example_alias_producer', 'dataset_s3_bucket_producer', 'dataset_s3_bucket_consumer', 'dataset_alias_example_alias_consumer' retrieved from /home/airflow/.local/lib/python3.12/site-packages/airflow/example_dags/example_dataset_alias.py
[2026-08-08T07:21:47.766+0000] {logging_mixin.py:190} INFO - [2026-08-08T07:21:47.766+0000] {dag.py:3239} INFO - Sync 4 DAGs
[2026-08-08T07:21:47.795+0000] {logging_mixin.py:190} INFO - [2026-08-08T07:21:47.795+0000] {dag.py:4180} INFO - Setting next_dagrun for dataset_alias_example_alias_consumer to None, run_after=None
[2026-08-08T07:21:47.799+0000] {logging_mixin.py:190} INFO - [2026-08-08T07:21:47.799+0000] {dag.py:4180} INFO - Setting next_dagrun for dataset_alias_example_alias_producer to None, run_after=None
[2026-08-08T07:21:47.801+0000] {logging_mixin.py:190} INFO - [2026-08-08T07:21:47.801+0000] {dag.py:4180} INFO - Setting next_dagrun for dataset_s3_bucket_consumer to None, run_after=None
[2026-08-08T07:21:47.803+0000] {logging_mixin.py:190} INFO - [2026-08-08T07:21:47.803+0000] {dag.py:4180} INFO - Setting next_dagrun for dataset_s3_bucket_producer to None, run_after=None
[2026-08-08T07:21:47.828+0000] {processor.py:208} INFO - Processing /home/airflow/.local/lib/python3.12/site-packages/airflow/example_dags/example_dataset_alias.py took 0.494 seconds
[2026-08-08T07:22:17.948+0000] {processor.py:186} INFO - Started process (PID=3684) to work on /home/airflow/.local/lib/python3.12/site-packages/airflow/example_dags/example_dataset_alias.py
[2026-08-08T07:22:17.949+0000] {processor.py:914} INFO - Processing file /home/airflow/.local/lib/python3.12/site-packages/airflow/example_dags/example_dataset_alias.py for tasks to queue
[2026-08-08T07:22:17.952+0000] {logging_mixin.py:190} INFO - [2026-08-08T07:22:17.952+0000] {dagbag.py:588} INFO - Filling up the DagBag from /home/airflow/.local/lib/python3.12/site-packages/airflow/example_dags/example_dataset_alias.py
[2026-08-08T07:22:18.340+0000] {processor.py:925} INFO - DAG(s) 'dataset_s3_bucket_producer', 'dataset_alias_example_alias_consumer', 'dataset_s3_bucket_consumer', 'dataset_alias_example_alias_producer' retrieved from /home/airflow/.local/lib/python3.12/site-packages/airflow/example_dags/example_dataset_alias.py
[2026-08-08T07:22:18.362+0000] {logging_mixin.py:190} INFO - [2026-08-08T07:22:18.362+0000] {dag.py:3239} INFO - Sync 4 DAGs
[2026-08-08T07:22:18.387+0000] {logging_mixin.py:190} INFO - [2026-08-08T07:22:18.387+0000] {dag.py:4180} INFO - Setting next_dagrun for dataset_alias_example_alias_consumer to None, run_after=None
[2026-08-08T07:22:18.390+0000] {logging_mixin.py:190} INFO - [2026-08-08T07:22:18.390+0000] {dag.py:4180} INFO - Setting next_dagrun for dataset_alias_example_alias_producer to None, run_after=None
[2026-08-08T07:22:18.393+0000] {logging_mixin.py:190} INFO - [2026-08-08T07:22:18.392+0000] {dag.py:4180} INFO - Setting next_dagrun for dataset_s3_bucket_consumer to None, run_after=None
[2026-08-08T07:22:18.395+0000] {logging_mixin.py:190} INFO - [2026-08-08T07:22:18.394+0000] {dag.py:4180} INFO - Setting next_dagrun for dataset_s3_bucket_producer to None, run_after=None
[2026-08-08T07:22:18.420+0000] {processor.py:208} INFO - Processing /home/airflow/.local/lib/python3.12/site-packages/airflow/example_dags/example_dataset_alias.py took 0.478 seconds
[2026-08-08T07:22:48.584+0000] {processor.py:186} INFO - Started process (PID=3749) to work on /home/airflow/.local/lib/python3.12/site-packages/airflow/example_dags/example_dataset_alias.py
[2026-08-08T07:22:48.585+0000] {processor.py:914} INFO - Processing file /home/airflow/.local/lib/python3.12/site-packages/airflow/example_dags/example_dataset_alias.py for tasks to queue
[2026-08-08T07:22:48.588+0000] {logging_mixin.py:190} INFO - [2026-08-08T07:22:48.587+0000] {dagbag.py:588} INFO - Filling up the DagBag from /home/airflow/.local/lib/python3.12/site-packages/airflow/example_dags/example_dataset_alias.py
[2026-08-08T07:22:49.031+0000] {processor.py:925} INFO - DAG(s) 'dataset_alias_example_alias_consumer', 'dataset_alias_example_alias_producer', 'dataset_s3_bucket_consumer', 'dataset_s3_bucket_producer' retrieved from /home/airflow/.local/lib/python3.12/site-packages/airflow/example_dags/example_dataset_alias.py
[2026-08-08T07:22:49.056+0000] {logging_mixin.py:190} INFO - [2026-08-08T07:22:49.055+0000] {dag.py:3239} INFO - Sync 4 DAGs
[2026-08-08T07:22:49.082+0000] {logging_mixin.py:190} INFO - [2026-08-08T07:22:49.082+0000] {dag.py:4180} INFO - Setting next_dagrun for dataset_alias_example_alias_consumer to None, run_after=None
[2026-08-08T07:22:49.086+0000] {logging_mixin.py:190} INFO - [2026-08-08T07:22:49.085+0000] {dag.py:4180} INFO - Setting next_dagrun for dataset_alias_example_alias_producer to None, run_after=None
[2026-08-08T07:22:49.088+0000] {logging_mixin.py:190} INFO - [2026-08-08T07:22:49.088+0000] {dag.py:4180} INFO - Setting next_dagrun for dataset_s3_bucket_consumer to None, run_after=None
[2026-08-08T07:22:49.090+0000] {logging_mixin.py:190} INFO - [2026-08-08T07:22:49.090+0000] {dag.py:4180} INFO - Setting next_dagrun for dataset_s3_bucket_producer to None, run_after=None
[2026-08-08T07:22:49.116+0000] {processor.py:208} INFO - Processing /home/airflow/.local/lib/python3.12/site-packages/airflow/example_dags/example_dataset_alias.py took 0.538 seconds
[2026-08-08T07:23:19.435+0000] {processor.py:186} INFO - Started process (PID=3814) to work on /home/airflow/.local/lib/python3.12/site-packages/airflow/example_dags/example_dataset_alias.py
[2026-08-08T07:23:19.436+0000] {processor.py:914} INFO - Processing file /home/airflow/.local/lib/python3.12/site-packages/airflow/example_dags/example_dataset_alias.py for tasks to queue
[2026-08-08T07:23:19.440+0000] {logging_mixin.py:190} INFO - [2026-08-08T07:23:19.440+0000] {dagbag.py:588} INFO - Filling up the DagBag from /home/airflow/.local/lib/python3.12/site-packages/airflow/example_dags/example_dataset_alias.py
[2026-08-08T07:23:19.869+0000] {processor.py:925} INFO - DAG(s) 'dataset_alias_example_alias_producer', 'dataset_alias_example_alias_consumer', 'dataset_s3_bucket_producer', 'dataset_s3_bucket_consumer' retrieved from /home/airflow/.local/lib/python3.12/site-packages/airflow/example_dags/example_dataset_alias.py
[2026-08-08T07:23:19.894+0000] {logging_mixin.py:190} INFO - [2026-08-08T07:23:19.893+0000] {dag.py:3239} INFO - Sync 4 DAGs
[2026-08-08T07:23:19.920+0000] {logging_mixin.py:190} INFO - [2026-08-08T07:23:19.919+0000] {dag.py:4180} INFO - Setting next_dagrun for dataset_alias_example_alias_consumer to None, run_after=None
[2026-08-08T07:23:19.923+0000] {logging_mixin.py:190} INFO - [2026-08-08T07:23:19.923+0000] {dag.py:4180} INFO - Setting next_dagrun for dataset_alias_example_alias_producer to None, run_after=None
[2026-08-08T07:23:19.925+0000] {logging_mixin.py:190} INFO - [2026-08-08T07:23:19.925+0000] {dag.py:4180} INFO - Setting next_dagrun for dataset_s3_bucket_consumer to None, run_after=None
[2026-08-08T07:23:19.927+0000] {logging_mixin.py:190} INFO - [2026-08-08T07:23:19.927+0000] {dag.py:4180} INFO - Setting next_dagrun for dataset_s3_bucket_producer to None, run_after=None
[2026-08-08T07:23:19.953+0000] {processor.py:208} INFO - Processing /home/airflow/.local/lib/python3.12/site-packages/airflow/example_dags/example_dataset_alias.py took 0.527 seconds
[2026-08-08T07:23:50.162+0000] {processor.py:186} INFO - Started process (PID=3879) to work on /home/airflow/.local/lib/python3.12/site-packages/airflow/example_dags/example_dataset_alias.py
[2026-08-08T07:23:50.163+0000] {processor.py:914} INFO - Processing file /home/airflow/.local/lib/python3.12/site-packages/airflow/example_dags/example_dataset_alias.py for tasks to queue
[2026-08-08T07:23:50.166+0000] {logging_mixin.py:190} INFO - [2026-08-08T07:23:50.165+0000] {dagbag.py:588} INFO - Filling up the DagBag from /home/airflow/.local/lib/python3.12/site-packages/airflow/example_dags/example_dataset_alias.py
[2026-08-08T07:23:50.573+0000] {processor.py:925} INFO - DAG(s) 'dataset_alias_example_alias_producer', 'dataset_s3_bucket_producer', 'dataset_s3_bucket_consumer', 'dataset_alias_example_alias_consumer' retrieved from /home/airflow/.local/lib/python3.12/site-packages/airflow/example_dags/example_dataset_alias.py
[2026-08-08T07:23:50.596+0000] {logging_mixin.py:190} INFO - [2026-08-08T07:23:50.596+0000] {dag.py:3239} INFO - Sync 4 DAGs
[2026-08-08T07:23:50.625+0000] {logging_mixin.py:190} INFO - [2026-08-08T07:23:50.625+0000] {dag.py:4180} INFO - Setting next_dagrun for dataset_alias_example_alias_consumer to None, run_after=None
[2026-08-08T07:23:50.628+0000] {logging_mixin.py:190} INFO - [2026-08-08T07:23:50.628+0000] {dag.py:4180} INFO - Setting next_dagrun for dataset_alias_example_alias_producer to None, run_after=None
[2026-08-08T07:23:50.630+0000] {logging_mixin.py:190} INFO - [2026-08-08T07:23:50.630+0000] {dag.py:4180} INFO - Setting next_dagrun for dataset_s3_bucket_consumer to None, run_after=None
[2026-08-08T07:23:50.632+0000] {logging_mixin.py:190} INFO - [2026-08-08T07:23:50.632+0000] {dag.py:4180} INFO - Setting next_dagrun for dataset_s3_bucket_producer to None, run_after=None
[2026-08-08T07:23:50.656+0000] {processor.py:208} INFO - Processing /home/airflow/.local/lib/python3.12/site-packages/airflow/example_dags/example_dataset_alias.py took 0.501 seconds
[2026-08-08T07:24:21.090+0000] {processor.py:186} INFO - Started process (PID=3944) to work on /home/airflow/.local/lib/python3.12/site-packages/airflow/example_dags/example_dataset_alias.py
[2026-08-08T07:24:21.091+0000] {processor.py:914} INFO - Processing file /home/airflow/.local/lib/python3.12/site-packages/airflow/example_dags/example_dataset_alias.py for tasks to queue
[2026-08-08T07:24:21.094+0000] {logging_mixin.py:190} INFO - [2026-08-08T07:24:21.094+0000] {dagbag.py:588} INFO - Filling up the DagBag from /home/airflow/.local/lib/python3.12/site-packages/airflow/example_dags/example_dataset_alias.py
[2026-08-08T07:24:21.532+0000] {processor.py:925} INFO - DAG(s) 'dataset_alias_example_alias_consumer', 'dataset_s3_bucket_producer', 'dataset_alias_example_alias_producer', 'dataset_s3_bucket_consumer' retrieved from /home/airflow/.local/lib/python3.12/site-packages/airflow/example_dags/example_dataset_alias.py
[2026-08-08T07:24:21.558+0000] {logging_mixin.py:190} INFO - [2026-08-08T07:24:21.558+0000] {dag.py:3239} INFO - Sync 4 DAGs
[2026-08-08T07:24:21.589+0000] {logging_mixin.py:190} INFO - [2026-08-08T07:24:21.589+0000] {dag.py:4180} INFO - Setting next_dagrun for dataset_alias_example_alias_consumer to None, run_after=None
[2026-08-08T07:24:21.593+0000] {logging_mixin.py:190} INFO - [2026-08-08T07:24:21.592+0000] {dag.py:4180} INFO - Setting next_dagrun for dataset_alias_example_alias_producer to None, run_after=None
[2026-08-08T07:24:21.595+0000] {logging_mixin.py:190} INFO - [2026-08-08T07:24:21.595+0000] {dag.py:4180} INFO - Setting next_dagrun for dataset_s3_bucket_consumer to None, run_after=None
[2026-08-08T07:24:21.597+0000] {logging_mixin.py:190} INFO - [2026-08-08T07:24:21.597+0000] {dag.py:4180} INFO - Setting next_dagrun for dataset_s3_bucket_producer to None, run_after=None
[2026-08-08T07:24:21.620+0000] {processor.py:208} INFO - Processing /home/airflow/.local/lib/python3.12/site-packages/airflow/example_dags/example_dataset_alias.py took 0.536 seconds
[2026-08-08T07:24:51.697+0000] {processor.py:186} INFO - Started process (PID=4009) to work on /home/airflow/.local/lib/python3.12/site-packages/airflow/example_dags/example_dataset_alias.py
[2026-08-08T07:24:51.699+0000] {processor.py:914} INFO - Processing file /home/airflow/.local/lib/python3.12/site-packages/airflow/example_dags/example_dataset_alias.py for tasks to queue
[2026-08-08T07:24:51.703+0000] {logging_mixin.py:190} INFO - [2026-08-08T07:24:51.702+0000] {dagbag.py:588} INFO - Filling up the DagBag from /home/airflow/.local/lib/python3.12/site-packages/airflow/example_dags/example_dataset_alias.py
[2026-08-08T07:24:52.151+0000] {processor.py:925} INFO - DAG(s) 'dataset_alias_example_alias_consumer', 'dataset_s3_bucket_consumer', 'dataset_alias_example_alias_producer', 'dataset_s3_bucket_producer' retrieved from /home/airflow/.local/lib/python3.12/site-packages/airflow/example_dags/example_dataset_alias.py
[2026-08-08T07:24:52.179+0000] {logging_mixin.py:190} INFO - [2026-08-08T07:24:52.178+0000] {dag.py:3239} INFO - Sync 4 DAGs
[2026-08-08T07:24:52.209+0000] {logging_mixin.py:190} INFO - [2026-08-08T07:24:52.209+0000] {dag.py:4180} INFO - Setting next_dagrun for dataset_alias_example_alias_consumer to None, run_after=None
[2026-08-08T07:24:52.212+0000] {logging_mixin.py:190} INFO - [2026-08-08T07:24:52.212+0000] {dag.py:4180} INFO - Setting next_dagrun for dataset_alias_example_alias_producer to None, run_after=None
[2026-08-08T07:24:52.215+0000] {logging_mixin.py:190} INFO - [2026-08-08T07:24:52.214+0000] {dag.py:4180} INFO - Setting next_dagrun for dataset_s3_bucket_consumer to None, run_after=None
[2026-08-08T07:24:52.217+0000] {logging_mixin.py:190} INFO - [2026-08-08T07:24:52.216+0000] {dag.py:4180} INFO - Setting next_dagrun for dataset_s3_bucket_producer to None, run_after=None
[2026-08-08T07:24:52.241+0000] {processor.py:208} INFO - Processing /home/airflow/.local/lib/python3.12/site-packages/airflow/example_dags/example_dataset_alias.py took 0.551 seconds
[2026-08-08T07:25:22.727+0000] {processor.py:186} INFO - Started process (PID=4074) to work on /home/airflow/.local/lib/python3.12/site-packages/airflow/example_dags/example_dataset_alias.py
[2026-08-08T07:25:22.729+0000] {processor.py:914} INFO - Processing file /home/airflow/.local/lib/python3.12/site-packages/airflow/example_dags/example_dataset_alias.py for tasks to queue
[2026-08-08T07:25:22.734+0000] {logging_mixin.py:190} INFO - [2026-08-08T07:25:22.733+0000] {dagbag.py:588} INFO - Filling up the DagBag from /home/airflow/.local/lib/python3.12/site-packages/airflow/example_dags/example_dataset_alias.py
[2026-08-08T07:25:23.274+0000] {processor.py:925} INFO - DAG(s) 'dataset_s3_bucket_consumer', 'dataset_alias_example_alias_producer', 'dataset_s3_bucket_producer', 'dataset_alias_example_alias_consumer' retrieved from /home/airflow/.local/lib/python3.12/site-packages/airflow/example_dags/example_dataset_alias.py
[2026-08-08T07:25:23.305+0000] {logging_mixin.py:190} INFO - [2026-08-08T07:25:23.304+0000] {dag.py:3239} INFO - Sync 4 DAGs
[2026-08-08T07:25:23.340+0000] {logging_mixin.py:190} INFO - [2026-08-08T07:25:23.340+0000] {dag.py:4180} INFO - Setting next_dagrun for dataset_alias_example_alias_consumer to None, run_after=None
[2026-08-08T07:25:23.344+0000] {logging_mixin.py:190} INFO - [2026-08-08T07:25:23.344+0000] {dag.py:4180} INFO - Setting next_dagrun for dataset_alias_example_alias_producer to None, run_after=None
[2026-08-08T07:25:23.349+0000] {logging_mixin.py:190} INFO - [2026-08-08T07:25:23.349+0000] {dag.py:4180} INFO - Setting next_dagrun for dataset_s3_bucket_consumer to None, run_after=None
[2026-08-08T07:25:23.351+0000] {logging_mixin.py:190} INFO - [2026-08-08T07:25:23.351+0000] {dag.py:4180} INFO - Setting next_dagrun for dataset_s3_bucket_producer to None, run_after=None
[2026-08-08T07:25:23.390+0000] {processor.py:208} INFO - Processing /home/airflow/.local/lib/python3.12/site-packages/airflow/example_dags/example_dataset_alias.py took 0.672 seconds
[2026-08-08T07:25:53.568+0000] {processor.py:186} INFO - Started process (PID=4139) to work on /home/airflow/.local/lib/python3.12/site-packages/airflow/example_dags/example_dataset_alias.py
[2026-08-08T07:25:53.570+0000] {processor.py:914} INFO - Processing file /home/airflow/.local/lib/python3.12/site-packages/airflow/example_dags/example_dataset_alias.py for tasks to queue
[2026-08-08T07:25:53.576+0000] {logging_mixin.py:190} INFO - [2026-08-08T07:25:53.575+0000] {dagbag.py:588} INFO - Filling up the DagBag from /home/airflow/.local/lib/python3.12/site-packages/airflow/example_dags/example_dataset_alias.py
[2026-08-08T07:25:54.055+0000] {processor.py:925} INFO - DAG(s) 'dataset_s3_bucket_producer', 'dataset_alias_example_alias_consumer', 'dataset_s3_bucket_consumer', 'dataset_alias_example_alias_producer' retrieved from /home/airflow/.local/lib/python3.12/site-packages/airflow/example_dags/example_dataset_alias.py
[2026-08-08T07:25:54.080+0000] {logging_mixin.py:190} INFO - [2026-08-08T07:25:54.080+0000] {dag.py:3239} INFO - Sync 4 DAGs
[2026-08-08T07:25:54.108+0000] {logging_mixin.py:190} INFO - [2026-08-08T07:25:54.108+0000] {dag.py:4180} INFO - Setting next_dagrun for dataset_alias_example_alias_consumer to None, run_after=None
[2026-08-08T07:25:54.112+0000] {logging_mixin.py:190} INFO - [2026-08-08T07:25:54.112+0000] {dag.py:4180} INFO - Setting next_dagrun for dataset_alias_example_alias_producer to None, run_after=None
[2026-08-08T07:25:54.114+0000] {logging_mixin.py:190} INFO - [2026-08-08T07:25:54.114+0000] {dag.py:4180} INFO - Setting next_dagrun for dataset_s3_bucket_consumer to None, run_after=None
[2026-08-08T07:25:54.116+0000] {logging_mixin.py:190} INFO - [2026-08-08T07:25:54.116+0000] {dag.py:4180} INFO - Setting next_dagrun for dataset_s3_bucket_producer to None, run_after=None
[2026-08-08T07:25:54.145+0000] {processor.py:208} INFO - Processing /home/airflow/.local/lib/python3.12/site-packages/airflow/example_dags/example_dataset_alias.py took 0.588 seconds
[2026-08-08T07:26:24.304+0000] {processor.py:186} INFO - Started process (PID=4204) to work on /home/airflow/.local/lib/python3.12/site-packages/airflow/example_dags/example_dataset_alias.py
[2026-08-08T07:26:24.306+0000] {processor.py:914} INFO - Processing file /home/airflow/.local/lib/python3.12/site-packages/airflow/example_dags/example_dataset_alias.py for tasks to queue
[2026-08-08T07:26:24.309+0000] {logging_mixin.py:190} INFO - [2026-08-08T07:26:24.309+0000] {dagbag.py:588} INFO - Filling up the DagBag from /home/airflow/.local/lib/python3.12/site-packages/airflow/example_dags/example_dataset_alias.py
[2026-08-08T07:26:24.847+0000] {processor.py:925} INFO - DAG(s) 'dataset_alias_example_alias_consumer', 'dataset_s3_bucket_consumer', 'dataset_s3_bucket_producer', 'dataset_alias_example_alias_producer' retrieved from /home/airflow/.local/lib/python3.12/site-packages/airflow/example_dags/example_dataset_alias.py
[2026-08-08T07:26:24.875+0000] {logging_mixin.py:190} INFO - [2026-08-08T07:26:24.874+0000] {dag.py:3239} INFO - Sync 4 DAGs
[2026-08-08T07:26:24.903+0000] {logging_mixin.py:190} INFO - [2026-08-08T07:26:24.902+0000] {dag.py:4180} INFO - Setting next_dagrun for dataset_alias_example_alias_consumer to None, run_after=None
[2026-08-08T07:26:24.906+0000] {logging_mixin.py:190} INFO - [2026-08-08T07:26:24.906+0000] {dag.py:4180} INFO - Setting next_dagrun for dataset_alias_example_alias_producer to None, run_after=None
[2026-08-08T07:26:24.909+0000] {logging_mixin.py:190} INFO - [2026-08-08T07:26:24.908+0000] {dag.py:4180} INFO - Setting next_dagrun for dataset_s3_bucket_consumer to None, run_after=None
[2026-08-08T07:26:24.911+0000] {logging_mixin.py:190} INFO - [2026-08-08T07:26:24.911+0000] {dag.py:4180} INFO - Setting next_dagrun for dataset_s3_bucket_producer to None, run_after=None
[2026-08-08T07:26:24.944+0000] {processor.py:208} INFO - Processing /home/airflow/.local/lib/python3.12/site-packages/airflow/example_dags/example_dataset_alias.py took 0.647 seconds
[2026-08-08T07:26:55.468+0000] {processor.py:186} INFO - Started process (PID=4269) to work on /home/airflow/.local/lib/python3.12/site-packages/airflow/example_dags/example_dataset_alias.py
[2026-08-08T07:26:55.469+0000] {processor.py:914} INFO - Processing file /home/airflow/.local/lib/python3.12/site-packages/airflow/example_dags/example_dataset_alias.py for tasks to queue
[2026-08-08T07:26:55.472+0000] {logging_mixin.py:190} INFO - [2026-08-08T07:26:55.471+0000] {dagbag.py:588} INFO - Filling up the DagBag from /home/airflow/.local/lib/python3.12/site-packages/airflow/example_dags/example_dataset_alias.py
[2026-08-08T07:26:55.907+0000] {processor.py:925} INFO - DAG(s) 'dataset_s3_bucket_consumer', 'dataset_alias_example_alias_producer', 'dataset_s3_bucket_producer', 'dataset_alias_example_alias_consumer' retrieved from /home/airflow/.local/lib/python3.12/site-packages/airflow/example_dags/example_dataset_alias.py
[2026-08-08T07:26:55.934+0000] {logging_mixin.py:190} INFO - [2026-08-08T07:26:55.933+0000] {dag.py:3239} INFO - Sync 4 DAGs
[2026-08-08T07:26:55.967+0000] {logging_mixin.py:190} INFO - [2026-08-08T07:26:55.967+0000] {dag.py:4180} INFO - Setting next_dagrun for dataset_alias_example_alias_consumer to None, run_after=None
[2026-08-08T07:26:55.971+0000] {logging_mixin.py:190} INFO - [2026-08-08T07:26:55.971+0000] {dag.py:4180} INFO - Setting next_dagrun for dataset_alias_example_alias_producer to None, run_after=None
[2026-08-08T07:26:55.974+0000] {logging_mixin.py:190} INFO - [2026-08-08T07:26:55.974+0000] {dag.py:4180} INFO - Setting next_dagrun for dataset_s3_bucket_consumer to None, run_after=None
[2026-08-08T07:26:55.977+0000] {logging_mixin.py:190} INFO - [2026-08-08T07:26:55.976+0000] {dag.py:4180} INFO - Setting next_dagrun for dataset_s3_bucket_producer to None, run_after=None
[2026-08-08T07:26:56.004+0000] {processor.py:208} INFO - Processing /home/airflow/.local/lib/python3.12/site-packages/airflow/example_dags/example_dataset_alias.py took 0.542 seconds
[2026-08-08T07:27:26.122+0000] {processor.py:186} INFO - Started process (PID=4334) to work on /home/airflow/.local/lib/python3.12/site-packages/airflow/example_dags/example_dataset_alias.py
[2026-08-08T07:27:26.123+0000] {processor.py:914} INFO - Processing file /home/airflow/.local/lib/python3.12/site-packages/airflow/example_dags/example_dataset_alias.py for tasks to queue
[2026-08-08T07:27:26.126+0000] {logging_mixin.py:190} INFO - [2026-08-08T07:27:26.126+0000] {dagbag.py:588} INFO - Filling up the DagBag from /home/airflow/.local/lib/python3.12/site-packages/airflow/example_dags/example_dataset_alias.py
[2026-08-08T07:27:26.731+0000] {processor.py:925} INFO - DAG(s) 'dataset_alias_example_alias_consumer', 'dataset_s3_bucket_consumer', 'dataset_alias_example_alias_producer', 'dataset_s3_bucket_producer' retrieved from /home/airflow/.local/lib/python3.12/site-packages/airflow/example_dags/example_dataset_alias.py
[2026-08-08T07:27:26.804+0000] {logging_mixin.py:190} INFO - [2026-08-08T07:27:26.803+0000] {dag.py:3239} INFO - Sync 4 DAGs
[2026-08-08T07:27:26.839+0000] {logging_mixin.py:190} INFO - [2026-08-08T07:27:26.839+0000] {dag.py:4180} INFO - Setting next_dagrun for dataset_alias_example_alias_consumer to None, run_after=None
[2026-08-08T07:27:26.843+0000] {logging_mixin.py:190} INFO - [2026-08-08T07:27:26.842+0000] {dag.py:4180} INFO - Setting next_dagrun for dataset_alias_example_alias_producer to None, run_after=None
[2026-08-08T07:27:26.846+0000] {logging_mixin.py:190} INFO - [2026-08-08T07:27:26.846+0000] {dag.py:4180} INFO - Setting next_dagrun for dataset_s3_bucket_consumer to None, run_after=None
[2026-08-08T07:27:26.848+0000] {logging_mixin.py:190} INFO - [2026-08-08T07:27:26.848+0000] {dag.py:4180} INFO - Setting next_dagrun for dataset_s3_bucket_producer to None, run_after=None
[2026-08-08T07:27:26.876+0000] {processor.py:208} INFO - Processing /home/airflow/.local/lib/python3.12/site-packages/airflow/example_dags/example_dataset_alias.py took 0.761 seconds
[2026-08-08T07:27:57.076+0000] {processor.py:186} INFO - Started process (PID=4399) to work on /home/airflow/.local/lib/python3.12/site-packages/airflow/example_dags/example_dataset_alias.py
[2026-08-08T07:27:57.077+0000] {processor.py:914} INFO - Processing file /home/airflow/.local/lib/python3.12/site-packages/airflow/example_dags/example_dataset_alias.py for tasks to queue
[2026-08-08T07:27:57.080+0000] {logging_mixin.py:190} INFO - [2026-08-08T07:27:57.080+0000] {dagbag.py:588} INFO - Filling up the DagBag from /home/airflow/.local/lib/python3.12/site-packages/airflow/example_dags/example_dataset_alias.py
[2026-08-08T07:27:57.504+0000] {processor.py:925} INFO - DAG(s) 'dataset_s3_bucket_producer', 'dataset_s3_bucket_consumer', 'dataset_alias_example_alias_producer', 'dataset_alias_example_alias_consumer' retrieved from /home/airflow/.local/lib/python3.12/site-packages/airflow/example_dags/example_dataset_alias.py
[2026-08-08T07:27:57.529+0000] {logging_mixin.py:190} INFO - [2026-08-08T07:27:57.528+0000] {dag.py:3239} INFO - Sync 4 DAGs
[2026-08-08T07:27:57.557+0000] {logging_mixin.py:190} INFO - [2026-08-08T07:27:57.556+0000] {dag.py:4180} INFO - Setting next_dagrun for dataset_alias_example_alias_consumer to None, run_after=None
[2026-08-08T07:27:57.561+0000] {logging_mixin.py:190} INFO - [2026-08-08T07:27:57.560+0000] {dag.py:4180} INFO - Setting next_dagrun for dataset_alias_example_alias_producer to None, run_after=None
[2026-08-08T07:27:57.564+0000] {logging_mixin.py:190} INFO - [2026-08-08T07:27:57.564+0000] {dag.py:4180} INFO - Setting next_dagrun for dataset_s3_bucket_consumer to None, run_after=None
[2026-08-08T07:27:57.566+0000] {logging_mixin.py:190} INFO - [2026-08-08T07:27:57.566+0000] {dag.py:4180} INFO - Setting next_dagrun for dataset_s3_bucket_producer to None, run_after=None
[2026-08-08T07:27:57.588+0000] {processor.py:208} INFO - Processing /home/airflow/.local/lib/python3.12/site-packages/airflow/example_dags/example_dataset_alias.py took 0.518 seconds
[2026-08-08T07:28:27.782+0000] {processor.py:186} INFO - Started process (PID=4464) to work on /home/airflow/.local/lib/python3.12/site-packages/airflow/example_dags/example_dataset_alias.py
[2026-08-08T07:28:27.783+0000] {processor.py:914} INFO - Processing file /home/airflow/.local/lib/python3.12/site-packages/airflow/example_dags/example_dataset_alias.py for tasks to queue
[2026-08-08T07:28:27.786+0000] {logging_mixin.py:190} INFO - [2026-08-08T07:28:27.786+0000] {dagbag.py:588} INFO - Filling up the DagBag from /home/airflow/.local/lib/python3.12/site-packages/airflow/example_dags/example_dataset_alias.py
[2026-08-08T07:28:28.221+0000] {processor.py:925} INFO - DAG(s) 'dataset_alias_example_alias_producer', 'dataset_s3_bucket_consumer', 'dataset_alias_example_alias_consumer', 'dataset_s3_bucket_producer' retrieved from /home/airflow/.local/lib/python3.12/site-packages/airflow/example_dags/example_dataset_alias.py
[2026-08-08T07:28:28.246+0000] {logging_mixin.py:190} INFO - [2026-08-08T07:28:28.246+0000] {dag.py:3239} INFO - Sync 4 DAGs
[2026-08-08T07:28:28.273+0000] {logging_mixin.py:190} INFO - [2026-08-08T07:28:28.273+0000] {dag.py:4180} INFO - Setting next_dagrun for dataset_alias_example_alias_consumer to None, run_after=None
[2026-08-08T07:28:28.277+0000] {logging_mixin.py:190} INFO - [2026-08-08T07:28:28.276+0000] {dag.py:4180} INFO - Setting next_dagrun for dataset_alias_example_alias_producer to None, run_after=None
[2026-08-08T07:28:28.279+0000] {logging_mixin.py:190} INFO - [2026-08-08T07:28:28.279+0000] {dag.py:4180} INFO - Setting next_dagrun for dataset_s3_bucket_consumer to None, run_after=None
[2026-08-08T07:28:28.281+0000] {logging_mixin.py:190} INFO - [2026-08-08T07:28:28.281+0000] {dag.py:4180} INFO - Setting next_dagrun for dataset_s3_bucket_producer to None, run_after=None
[2026-08-08T07:28:28.310+0000] {processor.py:208} INFO - Processing /home/airflow/.local/lib/python3.12/site-packages/airflow/example_dags/example_dataset_alias.py took 0.535 seconds
[2026-08-08T07:28:58.672+0000] {processor.py:186} INFO - Started process (PID=4529) to work on /home/airflow/.local/lib/python3.12/site-packages/airflow/example_dags/example_dataset_alias.py
[2026-08-08T07:28:58.674+0000] {processor.py:914} INFO - Processing file /home/airflow/.local/lib/python3.12/site-packages/airflow/example_dags/example_dataset_alias.py for tasks to queue
[2026-08-08T07:28:58.679+0000] {logging_mixin.py:190} INFO - [2026-08-08T07:28:58.679+0000] {dagbag.py:588} INFO - Filling up the DagBag from /home/airflow/.local/lib/python3.12/site-packages/airflow/example_dags/example_dataset_alias.py
[2026-08-08T07:28:59.210+0000] {processor.py:925} INFO - DAG(s) 'dataset_s3_bucket_consumer', 'dataset_alias_example_alias_consumer', 'dataset_alias_example_alias_producer', 'dataset_s3_bucket_producer' retrieved from /home/airflow/.local/lib/python3.12/site-packages/airflow/example_dags/example_dataset_alias.py
[2026-08-08T07:28:59.240+0000] {logging_mixin.py:190} INFO - [2026-08-08T07:28:59.240+0000] {dag.py:3239} INFO - Sync 4 DAGs
[2026-08-08T07:28:59.275+0000] {logging_mixin.py:190} INFO - [2026-08-08T07:28:59.275+0000] {dag.py:4180} INFO - Setting next_dagrun for dataset_alias_example_alias_consumer to None, run_after=None
[2026-08-08T07:28:59.301+0000] {logging_mixin.py:190} INFO - [2026-08-08T07:28:59.301+0000] {dag.py:4180} INFO - Setting next_dagrun for dataset_alias_example_alias_producer to None, run_after=None
[2026-08-08T07:28:59.330+0000] {logging_mixin.py:190} INFO - [2026-08-08T07:28:59.330+0000] {dag.py:4180} INFO - Setting next_dagrun for dataset_s3_bucket_consumer to None, run_after=None
[2026-08-08T07:28:59.335+0000] {logging_mixin.py:190} INFO - [2026-08-08T07:28:59.334+0000] {dag.py:4180} INFO - Setting next_dagrun for dataset_s3_bucket_producer to None, run_after=None
[2026-08-08T07:28:59.380+0000] {processor.py:208} INFO - Processing /home/airflow/.local/lib/python3.12/site-packages/airflow/example_dags/example_dataset_alias.py took 0.720 seconds
[2026-08-08T07:29:29.624+0000] {processor.py:186} INFO - Started process (PID=4595) to work on /home/airflow/.local/lib/python3.12/site-packages/airflow/example_dags/example_dataset_alias.py
[2026-08-08T07:29:29.626+0000] {processor.py:914} INFO - Processing file /home/airflow/.local/lib/python3.12/site-packages/airflow/example_dags/example_dataset_alias.py for tasks to queue
[2026-08-08T07:29:29.630+0000] {logging_mixin.py:190} INFO - [2026-08-08T07:29:29.629+0000] {dagbag.py:588} INFO - Filling up the DagBag from /home/airflow/.local/lib/python3.12/site-packages/airflow/example_dags/example_dataset_alias.py
[2026-08-08T07:29:30.147+0000] {processor.py:925} INFO - DAG(s) 'dataset_alias_example_alias_consumer', 'dataset_s3_bucket_consumer', 'dataset_alias_example_alias_producer', 'dataset_s3_bucket_producer' retrieved from /home/airflow/.local/lib/python3.12/site-packages/airflow/example_dags/example_dataset_alias.py
[2026-08-08T07:29:30.170+0000] {logging_mixin.py:190} INFO - [2026-08-08T07:29:30.169+0000] {dag.py:3239} INFO - Sync 4 DAGs
[2026-08-08T07:29:30.196+0000] {logging_mixin.py:190} INFO - [2026-08-08T07:29:30.196+0000] {dag.py:4180} INFO - Setting next_dagrun for dataset_alias_example_alias_consumer to None, run_after=None
[2026-08-08T07:29:30.200+0000] {logging_mixin.py:190} INFO - [2026-08-08T07:29:30.199+0000] {dag.py:4180} INFO - Setting next_dagrun for dataset_alias_example_alias_producer to None, run_after=None
[2026-08-08T07:29:30.202+0000] {logging_mixin.py:190} INFO - [2026-08-08T07:29:30.202+0000] {dag.py:4180} INFO - Setting next_dagrun for dataset_s3_bucket_consumer to None, run_after=None
[2026-08-08T07:29:30.204+0000] {logging_mixin.py:190} INFO - [2026-08-08T07:29:30.204+0000] {dag.py:4180} INFO - Setting next_dagrun for dataset_s3_bucket_producer to None, run_after=None
[2026-08-08T07:29:30.226+0000] {processor.py:208} INFO - Processing /home/airflow/.local/lib/python3.12/site-packages/airflow/example_dags/example_dataset_alias.py took 0.614 seconds
[2026-08-08T07:30:00.591+0000] {processor.py:186} INFO - Started process (PID=4659) to work on /home/airflow/.local/lib/python3.12/site-packages/airflow/example_dags/example_dataset_alias.py
[2026-08-08T07:30:00.592+0000] {processor.py:914} INFO - Processing file /home/airflow/.local/lib/python3.12/site-packages/airflow/example_dags/example_dataset_alias.py for tasks to queue
[2026-08-08T07:30:00.595+0000] {logging_mixin.py:190} INFO - [2026-08-08T07:30:00.595+0000] {dagbag.py:588} INFO - Filling up the DagBag from /home/airflow/.local/lib/python3.12/site-packages/airflow/example_dags/example_dataset_alias.py
[2026-08-08T07:30:01.057+0000] {processor.py:925} INFO - DAG(s) 'dataset_alias_example_alias_consumer', 'dataset_s3_bucket_consumer', 'dataset_alias_example_alias_producer', 'dataset_s3_bucket_producer' retrieved from /home/airflow/.local/lib/python3.12/site-packages/airflow/example_dags/example_dataset_alias.py
[2026-08-08T07:30:01.095+0000] {logging_mixin.py:190} INFO - [2026-08-08T07:30:01.095+0000] {dag.py:3239} INFO - Sync 4 DAGs
[2026-08-08T07:30:01.136+0000] {logging_mixin.py:190} INFO - [2026-08-08T07:30:01.135+0000] {dag.py:4180} INFO - Setting next_dagrun for dataset_alias_example_alias_consumer to None, run_after=None
[2026-08-08T07:30:01.142+0000] {logging_mixin.py:190} INFO - [2026-08-08T07:30:01.142+0000] {dag.py:4180} INFO - Setting next_dagrun for dataset_alias_example_alias_producer to None, run_after=None
[2026-08-08T07:30:01.144+0000] {logging_mixin.py:190} INFO - [2026-08-08T07:30:01.144+0000] {dag.py:4180} INFO - Setting next_dagrun for dataset_s3_bucket_consumer to None, run_after=None
[2026-08-08T07:30:01.147+0000] {logging_mixin.py:190} INFO - [2026-08-08T07:30:01.147+0000] {dag.py:4180} INFO - Setting next_dagrun for dataset_s3_bucket_producer to None, run_after=None
[2026-08-08T07:30:01.171+0000] {processor.py:208} INFO - Processing /home/airflow/.local/lib/python3.12/site-packages/airflow/example_dags/example_dataset_alias.py took 0.586 seconds
[2026-08-08T07:30:31.519+0000] {processor.py:186} INFO - Started process (PID=4724) to work on /home/airflow/.local/lib/python3.12/site-packages/airflow/example_dags/example_dataset_alias.py
[2026-08-08T07:30:31.523+0000] {processor.py:914} INFO - Processing file /home/airflow/.local/lib/python3.12/site-packages/airflow/example_dags/example_dataset_alias.py for tasks to queue
[2026-08-08T07:30:31.528+0000] {logging_mixin.py:190} INFO - [2026-08-08T07:30:31.527+0000] {dagbag.py:588} INFO - Filling up the DagBag from /home/airflow/.local/lib/python3.12/site-packages/airflow/example_dags/example_dataset_alias.py
[2026-08-08T07:30:32.124+0000] {processor.py:925} INFO - DAG(s) 'dataset_s3_bucket_producer', 'dataset_alias_example_alias_producer', 'dataset_alias_example_alias_consumer', 'dataset_s3_bucket_consumer' retrieved from /home/airflow/.local/lib/python3.12/site-packages/airflow/example_dags/example_dataset_alias.py
[2026-08-08T07:30:32.161+0000] {logging_mixin.py:190} INFO - [2026-08-08T07:30:32.160+0000] {dag.py:3239} INFO - Sync 4 DAGs
[2026-08-08T07:30:32.192+0000] {logging_mixin.py:190} INFO - [2026-08-08T07:30:32.192+0000] {dag.py:4180} INFO - Setting next_dagrun for dataset_alias_example_alias_consumer to None, run_after=None
[2026-08-08T07:30:32.197+0000] {logging_mixin.py:190} INFO - [2026-08-08T07:30:32.197+0000] {dag.py:4180} INFO - Setting next_dagrun for dataset_alias_example_alias_producer to None, run_after=None
[2026-08-08T07:30:32.200+0000] {logging_mixin.py:190} INFO - [2026-08-08T07:30:32.199+0000] {dag.py:4180} INFO - Setting next_dagrun for dataset_s3_bucket_consumer to None, run_after=None
[2026-08-08T07:30:32.202+0000] {logging_mixin.py:190} INFO - [2026-08-08T07:30:32.202+0000] {dag.py:4180} INFO - Setting next_dagrun for dataset_s3_bucket_producer to None, run_after=None
[2026-08-08T07:30:32.232+0000] {processor.py:208} INFO - Processing /home/airflow/.local/lib/python3.12/site-packages/airflow/example_dags/example_dataset_alias.py took 0.727 seconds
[2026-08-08T07:31:02.751+0000] {processor.py:186} INFO - Started process (PID=4790) to work on /home/airflow/.local/lib/python3.12/site-packages/airflow/example_dags/example_dataset_alias.py
[2026-08-08T07:31:02.753+0000] {processor.py:914} INFO - Processing file /home/airflow/.local/lib/python3.12/site-packages/airflow/example_dags/example_dataset_alias.py for tasks to queue
[2026-08-08T07:31:02.759+0000] {logging_mixin.py:190} INFO - [2026-08-08T07:31:02.759+0000] {dagbag.py:588} INFO - Filling up the DagBag from /home/airflow/.local/lib/python3.12/site-packages/airflow/example_dags/example_dataset_alias.py
[2026-08-08T07:31:03.289+0000] {processor.py:925} INFO - DAG(s) 'dataset_alias_example_alias_consumer', 'dataset_alias_example_alias_producer', 'dataset_s3_bucket_consumer', 'dataset_s3_bucket_producer' retrieved from /home/airflow/.local/lib/python3.12/site-packages/airflow/example_dags/example_dataset_alias.py
[2026-08-08T07:31:03.315+0000] {logging_mixin.py:190} INFO - [2026-08-08T07:31:03.314+0000] {dag.py:3239} INFO - Sync 4 DAGs
[2026-08-08T07:31:03.539+0000] {logging_mixin.py:190} INFO - [2026-08-08T07:31:03.539+0000] {dag.py:4180} INFO - Setting next_dagrun for dataset_alias_example_alias_consumer to None, run_after=None
[2026-08-08T07:31:03.542+0000] {logging_mixin.py:190} INFO - [2026-08-08T07:31:03.542+0000] {dag.py:4180} INFO - Setting next_dagrun for dataset_alias_example_alias_producer to None, run_after=None
[2026-08-08T07:31:03.544+0000] {logging_mixin.py:190} INFO - [2026-08-08T07:31:03.544+0000] {dag.py:4180} INFO - Setting next_dagrun for dataset_s3_bucket_consumer to None, run_after=None
[2026-08-08T07:31:03.547+0000] {logging_mixin.py:190} INFO - [2026-08-08T07:31:03.546+0000] {dag.py:4180} INFO - Setting next_dagrun for dataset_s3_bucket_producer to None, run_after=None
[2026-08-08T07:31:03.574+0000] {processor.py:208} INFO - Processing /home/airflow/.local/lib/python3.12/site-packages/airflow/example_dags/example_dataset_alias.py took 0.834 seconds
[2026-08-08T07:31:33.639+0000] {processor.py:186} INFO - Started process (PID=4855) to work on /home/airflow/.local/lib/python3.12/site-packages/airflow/example_dags/example_dataset_alias.py
[2026-08-08T07:31:33.641+0000] {processor.py:914} INFO - Processing file /home/airflow/.local/lib/python3.12/site-packages/airflow/example_dags/example_dataset_alias.py for tasks to queue
[2026-08-08T07:31:33.644+0000] {logging_mixin.py:190} INFO - [2026-08-08T07:31:33.644+0000] {dagbag.py:588} INFO - Filling up the DagBag from /home/airflow/.local/lib/python3.12/site-packages/airflow/example_dags/example_dataset_alias.py
[2026-08-08T07:31:34.111+0000] {processor.py:925} INFO - DAG(s) 'dataset_alias_example_alias_producer', 'dataset_alias_example_alias_consumer', 'dataset_s3_bucket_producer', 'dataset_s3_bucket_consumer' retrieved from /home/airflow/.local/lib/python3.12/site-packages/airflow/example_dags/example_dataset_alias.py
[2026-08-08T07:31:34.142+0000] {logging_mixin.py:190} INFO - [2026-08-08T07:31:34.141+0000] {dag.py:3239} INFO - Sync 4 DAGs
[2026-08-08T07:31:34.395+0000] {logging_mixin.py:190} INFO - [2026-08-08T07:31:34.395+0000] {dag.py:4180} INFO - Setting next_dagrun for dataset_alias_example_alias_consumer to None, run_after=None
[2026-08-08T07:31:34.399+0000] {logging_mixin.py:190} INFO - [2026-08-08T07:31:34.399+0000] {dag.py:4180} INFO - Setting next_dagrun for dataset_alias_example_alias_producer to None, run_after=None
[2026-08-08T07:31:34.401+0000] {logging_mixin.py:190} INFO - [2026-08-08T07:31:34.401+0000] {dag.py:4180} INFO - Setting next_dagrun for dataset_s3_bucket_consumer to None, run_after=None
[2026-08-08T07:31:34.403+0000] {logging_mixin.py:190} INFO - [2026-08-08T07:31:34.403+0000] {dag.py:4180} INFO - Setting next_dagrun for dataset_s3_bucket_producer to None, run_after=None
[2026-08-08T07:31:34.430+0000] {processor.py:208} INFO - Processing /home/airflow/.local/lib/python3.12/site-packages/airflow/example_dags/example_dataset_alias.py took 0.798 seconds
[2026-08-08T07:32:04.859+0000] {processor.py:186} INFO - Started process (PID=4920) to work on /home/airflow/.local/lib/python3.12/site-packages/airflow/example_dags/example_dataset_alias.py
[2026-08-08T07:32:04.860+0000] {processor.py:914} INFO - Processing file /home/airflow/.local/lib/python3.12/site-packages/airflow/example_dags/example_dataset_alias.py for tasks to queue
[2026-08-08T07:32:04.864+0000] {logging_mixin.py:190} INFO - [2026-08-08T07:32:04.863+0000] {dagbag.py:588} INFO - Filling up the DagBag from /home/airflow/.local/lib/python3.12/site-packages/airflow/example_dags/example_dataset_alias.py
[2026-08-08T07:32:05.274+0000] {processor.py:925} INFO - DAG(s) 'dataset_s3_bucket_consumer', 'dataset_alias_example_alias_producer', 'dataset_s3_bucket_producer', 'dataset_alias_example_alias_consumer' retrieved from /home/airflow/.local/lib/python3.12/site-packages/airflow/example_dags/example_dataset_alias.py
[2026-08-08T07:32:05.298+0000] {logging_mixin.py:190} INFO - [2026-08-08T07:32:05.298+0000] {dag.py:3239} INFO - Sync 4 DAGs
[2026-08-08T07:32:05.521+0000] {logging_mixin.py:190} INFO - [2026-08-08T07:32:05.520+0000] {dag.py:4180} INFO - Setting next_dagrun for dataset_alias_example_alias_consumer to None, run_after=None
[2026-08-08T07:32:05.525+0000] {logging_mixin.py:190} INFO - [2026-08-08T07:32:05.524+0000] {dag.py:4180} INFO - Setting next_dagrun for dataset_alias_example_alias_producer to None, run_after=None
[2026-08-08T07:32:05.527+0000] {logging_mixin.py:190} INFO - [2026-08-08T07:32:05.527+0000] {dag.py:4180} INFO - Setting next_dagrun for dataset_s3_bucket_consumer to None, run_after=None
[2026-08-08T07:32:05.529+0000] {logging_mixin.py:190} INFO - [2026-08-08T07:32:05.529+0000] {dag.py:4180} INFO - Setting next_dagrun for dataset_s3_bucket_producer to None, run_after=None
[2026-08-08T07:32:05.550+0000] {processor.py:208} INFO - Processing /home/airflow/.local/lib/python3.12/site-packages/airflow/example_dags/example_dataset_alias.py took 0.699 seconds
[2026-08-08T07:32:36.023+0000] {processor.py:186} INFO - Started process (PID=4985) to work on /home/airflow/.local/lib/python3.12/site-packages/airflow/example_dags/example_dataset_alias.py
[2026-08-08T07:32:36.024+0000] {processor.py:914} INFO - Processing file /home/airflow/.local/lib/python3.12/site-packages/airflow/example_dags/example_dataset_alias.py for tasks to queue
[2026-08-08T07:32:36.027+0000] {logging_mixin.py:190} INFO - [2026-08-08T07:32:36.027+0000] {dagbag.py:588} INFO - Filling up the DagBag from /home/airflow/.local/lib/python3.12/site-packages/airflow/example_dags/example_dataset_alias.py
[2026-08-08T07:32:36.442+0000] {processor.py:925} INFO - DAG(s) 'dataset_alias_example_alias_producer', 'dataset_alias_example_alias_consumer', 'dataset_s3_bucket_consumer', 'dataset_s3_bucket_producer' retrieved from /home/airflow/.local/lib/python3.12/site-packages/airflow/example_dags/example_dataset_alias.py
[2026-08-08T07:32:36.466+0000] {logging_mixin.py:190} INFO - [2026-08-08T07:32:36.466+0000] {dag.py:3239} INFO - Sync 4 DAGs
[2026-08-08T07:32:36.494+0000] {logging_mixin.py:190} INFO - [2026-08-08T07:32:36.494+0000] {dag.py:4180} INFO - Setting next_dagrun for dataset_alias_example_alias_consumer to None, run_after=None
[2026-08-08T07:32:36.498+0000] {logging_mixin.py:190} INFO - [2026-08-08T07:32:36.497+0000] {dag.py:4180} INFO - Setting next_dagrun for dataset_alias_example_alias_producer to None, run_after=None
[2026-08-08T07:32:36.692+0000] {logging_mixin.py:190} INFO - [2026-08-08T07:32:36.692+0000] {dag.py:4180} INFO - Setting next_dagrun for dataset_s3_bucket_consumer to None, run_after=None
[2026-08-08T07:32:36.694+0000] {logging_mixin.py:190} INFO - [2026-08-08T07:32:36.694+0000] {dag.py:4180} INFO - Setting next_dagrun for dataset_s3_bucket_producer to None, run_after=None
[2026-08-08T07:32:36.715+0000] {processor.py:208} INFO - Processing /home/airflow/.local/lib/python3.12/site-packages/airflow/example_dags/example_dataset_alias.py took 0.698 seconds
[2026-08-08T07:33:07.351+0000] {processor.py:186} INFO - Started process (PID=5051) to work on /home/airflow/.local/lib/python3.12/site-packages/airflow/example_dags/example_dataset_alias.py
[2026-08-08T07:33:07.352+0000] {processor.py:914} INFO - Processing file /home/airflow/.local/lib/python3.12/site-packages/airflow/example_dags/example_dataset_alias.py for tasks to queue
[2026-08-08T07:33:07.355+0000] {logging_mixin.py:190} INFO - [2026-08-08T07:33:07.355+0000] {dagbag.py:588} INFO - Filling up the DagBag from /home/airflow/.local/lib/python3.12/site-packages/airflow/example_dags/example_dataset_alias.py
[2026-08-08T07:33:07.769+0000] {processor.py:925} INFO - DAG(s) 'dataset_s3_bucket_consumer', 'dataset_s3_bucket_producer', 'dataset_alias_example_alias_consumer', 'dataset_alias_example_alias_producer' retrieved from /home/airflow/.local/lib/python3.12/site-packages/airflow/example_dags/example_dataset_alias.py
[2026-08-08T07:33:07.791+0000] {logging_mixin.py:190} INFO - [2026-08-08T07:33:07.791+0000] {dag.py:3239} INFO - Sync 4 DAGs
[2026-08-08T07:33:07.816+0000] {logging_mixin.py:190} INFO - [2026-08-08T07:33:07.816+0000] {dag.py:4180} INFO - Setting next_dagrun for dataset_alias_example_alias_consumer to None, run_after=None
[2026-08-08T07:33:07.820+0000] {logging_mixin.py:190} INFO - [2026-08-08T07:33:07.820+0000] {dag.py:4180} INFO - Setting next_dagrun for dataset_alias_example_alias_producer to None, run_after=None
[2026-08-08T07:33:07.823+0000] {logging_mixin.py:190} INFO - [2026-08-08T07:33:07.823+0000] {dag.py:4180} INFO - Setting next_dagrun for dataset_s3_bucket_consumer to None, run_after=None
[2026-08-08T07:33:07.826+0000] {logging_mixin.py:190} INFO - [2026-08-08T07:33:07.825+0000] {dag.py:4180} INFO - Setting next_dagrun for dataset_s3_bucket_producer to None, run_after=None
[2026-08-08T07:33:08.022+0000] {processor.py:208} INFO - Processing /home/airflow/.local/lib/python3.12/site-packages/airflow/example_dags/example_dataset_alias.py took 0.677 seconds
[2026-08-08T07:33:38.332+0000] {processor.py:186} INFO - Started process (PID=5123) to work on /home/airflow/.local/lib/python3.12/site-packages/airflow/example_dags/example_dataset_alias.py
[2026-08-08T07:33:38.333+0000] {processor.py:914} INFO - Processing file /home/airflow/.local/lib/python3.12/site-packages/airflow/example_dags/example_dataset_alias.py for tasks to queue
[2026-08-08T07:33:38.337+0000] {logging_mixin.py:190} INFO - [2026-08-08T07:33:38.336+0000] {dagbag.py:588} INFO - Filling up the DagBag from /home/airflow/.local/lib/python3.12/site-packages/airflow/example_dags/example_dataset_alias.py
[2026-08-08T07:33:38.935+0000] {processor.py:925} INFO - DAG(s) 'dataset_s3_bucket_consumer', 'dataset_s3_bucket_producer', 'dataset_alias_example_alias_consumer', 'dataset_alias_example_alias_producer' retrieved from /home/airflow/.local/lib/python3.12/site-packages/airflow/example_dags/example_dataset_alias.py
[2026-08-08T07:33:38.958+0000] {logging_mixin.py:190} INFO - [2026-08-08T07:33:38.957+0000] {dag.py:3239} INFO - Sync 4 DAGs
[2026-08-08T07:33:38.980+0000] {logging_mixin.py:190} INFO - [2026-08-08T07:33:38.979+0000] {dag.py:4180} INFO - Setting next_dagrun for dataset_alias_example_alias_consumer to None, run_after=None
[2026-08-08T07:33:38.983+0000] {logging_mixin.py:190} INFO - [2026-08-08T07:33:38.983+0000] {dag.py:4180} INFO - Setting next_dagrun for dataset_alias_example_alias_producer to None, run_after=None
[2026-08-08T07:33:38.985+0000] {logging_mixin.py:190} INFO - [2026-08-08T07:33:38.985+0000] {dag.py:4180} INFO - Setting next_dagrun for dataset_s3_bucket_consumer to None, run_after=None
[2026-08-08T07:33:38.987+0000] {logging_mixin.py:190} INFO - [2026-08-08T07:33:38.987+0000] {dag.py:4180} INFO - Setting next_dagrun for dataset_s3_bucket_producer to None, run_after=None
[2026-08-08T07:33:39.010+0000] {processor.py:208} INFO - Processing /home/airflow/.local/lib/python3.12/site-packages/airflow/example_dags/example_dataset_alias.py took 0.686 seconds
[2026-08-08T07:34:09.926+0000] {processor.py:186} INFO - Started process (PID=5189) to work on /home/airflow/.local/lib/python3.12/site-packages/airflow/example_dags/example_dataset_alias.py
[2026-08-08T07:34:09.927+0000] {processor.py:914} INFO - Processing file /home/airflow/.local/lib/python3.12/site-packages/airflow/example_dags/example_dataset_alias.py for tasks to queue
[2026-08-08T07:34:09.931+0000] {logging_mixin.py:190} INFO - [2026-08-08T07:34:09.930+0000] {dagbag.py:588} INFO - Filling up the DagBag from /home/airflow/.local/lib/python3.12/site-packages/airflow/example_dags/example_dataset_alias.py
[2026-08-08T07:34:10.506+0000] {processor.py:925} INFO - DAG(s) 'dataset_s3_bucket_producer', 'dataset_alias_example_alias_producer', 'dataset_alias_example_alias_consumer', 'dataset_s3_bucket_consumer' retrieved from /home/airflow/.local/lib/python3.12/site-packages/airflow/example_dags/example_dataset_alias.py
[2026-08-08T07:34:10.532+0000] {logging_mixin.py:190} INFO - [2026-08-08T07:34:10.531+0000] {dag.py:3239} INFO - Sync 4 DAGs
[2026-08-08T07:34:10.555+0000] {logging_mixin.py:190} INFO - [2026-08-08T07:34:10.555+0000] {dag.py:4180} INFO - Setting next_dagrun for dataset_alias_example_alias_consumer to None, run_after=None
[2026-08-08T07:34:10.559+0000] {logging_mixin.py:190} INFO - [2026-08-08T07:34:10.559+0000] {dag.py:4180} INFO - Setting next_dagrun for dataset_alias_example_alias_producer to None, run_after=None
[2026-08-08T07:34:10.561+0000] {logging_mixin.py:190} INFO - [2026-08-08T07:34:10.561+0000] {dag.py:4180} INFO - Setting next_dagrun for dataset_s3_bucket_consumer to None, run_after=None
[2026-08-08T07:34:10.563+0000] {logging_mixin.py:190} INFO - [2026-08-08T07:34:10.563+0000] {dag.py:4180} INFO - Setting next_dagrun for dataset_s3_bucket_producer to None, run_after=None
[2026-08-08T07:34:10.587+0000] {processor.py:208} INFO - Processing /home/airflow/.local/lib/python3.12/site-packages/airflow/example_dags/example_dataset_alias.py took 0.667 seconds
[2026-08-08T07:34:40.631+0000] {processor.py:186} INFO - Started process (PID=5254) to work on /home/airflow/.local/lib/python3.12/site-packages/airflow/example_dags/example_dataset_alias.py
[2026-08-08T07:34:40.632+0000] {processor.py:914} INFO - Processing file /home/airflow/.local/lib/python3.12/site-packages/airflow/example_dags/example_dataset_alias.py for tasks to queue
[2026-08-08T07:34:40.635+0000] {logging_mixin.py:190} INFO - [2026-08-08T07:34:40.634+0000] {dagbag.py:588} INFO - Filling up the DagBag from /home/airflow/.local/lib/python3.12/site-packages/airflow/example_dags/example_dataset_alias.py
[2026-08-08T07:34:41.071+0000] {processor.py:925} INFO - DAG(s) 'dataset_alias_example_alias_producer', 'dataset_alias_example_alias_consumer', 'dataset_s3_bucket_producer', 'dataset_s3_bucket_consumer' retrieved from /home/airflow/.local/lib/python3.12/site-packages/airflow/example_dags/example_dataset_alias.py
[2026-08-08T07:34:41.282+0000] {logging_mixin.py:190} INFO - [2026-08-08T07:34:41.282+0000] {dag.py:3239} INFO - Sync 4 DAGs
[2026-08-08T07:34:41.310+0000] {logging_mixin.py:190} INFO - [2026-08-08T07:34:41.309+0000] {dag.py:4180} INFO - Setting next_dagrun for dataset_alias_example_alias_consumer to None, run_after=None
[2026-08-08T07:34:41.313+0000] {logging_mixin.py:190} INFO - [2026-08-08T07:34:41.313+0000] {dag.py:4180} INFO - Setting next_dagrun for dataset_alias_example_alias_producer to None, run_after=None
[2026-08-08T07:34:41.316+0000] {logging_mixin.py:190} INFO - [2026-08-08T07:34:41.316+0000] {dag.py:4180} INFO - Setting next_dagrun for dataset_s3_bucket_consumer to None, run_after=None
[2026-08-08T07:34:41.318+0000] {logging_mixin.py:190} INFO - [2026-08-08T07:34:41.318+0000] {dag.py:4180} INFO - Setting next_dagrun for dataset_s3_bucket_producer to None, run_after=None
[2026-08-08T07:34:41.344+0000] {processor.py:208} INFO - Processing /home/airflow/.local/lib/python3.12/site-packages/airflow/example_dags/example_dataset_alias.py took 0.720 seconds
[2026-08-08T07:35:12.440+0000] {processor.py:186} INFO - Started process (PID=5320) to work on /home/airflow/.local/lib/python3.12/site-packages/airflow/example_dags/example_dataset_alias.py
[2026-08-08T07:35:12.441+0000] {processor.py:914} INFO - Processing file /home/airflow/.local/lib/python3.12/site-packages/airflow/example_dags/example_dataset_alias.py for tasks to queue
[2026-08-08T07:35:12.445+0000] {logging_mixin.py:190} INFO - [2026-08-08T07:35:12.444+0000] {dagbag.py:588} INFO - Filling up the DagBag from /home/airflow/.local/lib/python3.12/site-packages/airflow/example_dags/example_dataset_alias.py
[2026-08-08T07:35:12.982+0000] {processor.py:925} INFO - DAG(s) 'dataset_s3_bucket_consumer', 'dataset_alias_example_alias_producer', 'dataset_alias_example_alias_consumer', 'dataset_s3_bucket_producer' retrieved from /home/airflow/.local/lib/python3.12/site-packages/airflow/example_dags/example_dataset_alias.py
[2026-08-08T07:35:13.243+0000] {logging_mixin.py:190} INFO - [2026-08-08T07:35:13.242+0000] {dag.py:3239} INFO - Sync 4 DAGs
[2026-08-08T07:35:13.270+0000] {logging_mixin.py:190} INFO - [2026-08-08T07:35:13.269+0000] {dag.py:4180} INFO - Setting next_dagrun for dataset_alias_example_alias_consumer to None, run_after=None
[2026-08-08T07:35:13.273+0000] {logging_mixin.py:190} INFO - [2026-08-08T07:35:13.273+0000] {dag.py:4180} INFO - Setting next_dagrun for dataset_alias_example_alias_producer to None, run_after=None
[2026-08-08T07:35:13.276+0000] {logging_mixin.py:190} INFO - [2026-08-08T07:35:13.276+0000] {dag.py:4180} INFO - Setting next_dagrun for dataset_s3_bucket_consumer to None, run_after=None
[2026-08-08T07:35:13.280+0000] {logging_mixin.py:190} INFO - [2026-08-08T07:35:13.280+0000] {dag.py:4180} INFO - Setting next_dagrun for dataset_s3_bucket_producer to None, run_after=None
[2026-08-08T07:35:13.307+0000] {processor.py:208} INFO - Processing /home/airflow/.local/lib/python3.12/site-packages/airflow/example_dags/example_dataset_alias.py took 0.876 seconds
[2026-08-08T07:35:43.389+0000] {processor.py:186} INFO - Started process (PID=5383) to work on /home/airflow/.local/lib/python3.12/site-packages/airflow/example_dags/example_dataset_alias.py
[2026-08-08T07:35:43.390+0000] {processor.py:914} INFO - Processing file /home/airflow/.local/lib/python3.12/site-packages/airflow/example_dags/example_dataset_alias.py for tasks to queue
[2026-08-08T07:35:43.393+0000] {logging_mixin.py:190} INFO - [2026-08-08T07:35:43.393+0000] {dagbag.py:588} INFO - Filling up the DagBag from /home/airflow/.local/lib/python3.12/site-packages/airflow/example_dags/example_dataset_alias.py
[2026-08-08T07:35:44.114+0000] {processor.py:925} INFO - DAG(s) 'dataset_alias_example_alias_consumer', 'dataset_s3_bucket_consumer', 'dataset_s3_bucket_producer', 'dataset_alias_example_alias_producer' retrieved from /home/airflow/.local/lib/python3.12/site-packages/airflow/example_dags/example_dataset_alias.py
[2026-08-08T07:35:44.139+0000] {logging_mixin.py:190} INFO - [2026-08-08T07:35:44.139+0000] {dag.py:3239} INFO - Sync 4 DAGs
[2026-08-08T07:35:44.168+0000] {logging_mixin.py:190} INFO - [2026-08-08T07:35:44.168+0000] {dag.py:4180} INFO - Setting next_dagrun for dataset_alias_example_alias_consumer to None, run_after=None
[2026-08-08T07:35:44.172+0000] {logging_mixin.py:190} INFO - [2026-08-08T07:35:44.171+0000] {dag.py:4180} INFO - Setting next_dagrun for dataset_alias_example_alias_producer to None, run_after=None
[2026-08-08T07:35:44.174+0000] {logging_mixin.py:190} INFO - [2026-08-08T07:35:44.174+0000] {dag.py:4180} INFO - Setting next_dagrun for dataset_s3_bucket_consumer to None, run_after=None
[2026-08-08T07:35:44.176+0000] {logging_mixin.py:190} INFO - [2026-08-08T07:35:44.176+0000] {dag.py:4180} INFO - Setting next_dagrun for dataset_s3_bucket_producer to None, run_after=None
[2026-08-08T07:35:44.201+0000] {processor.py:208} INFO - Processing /home/airflow/.local/lib/python3.12/site-packages/airflow/example_dags/example_dataset_alias.py took 0.818 seconds
[2026-08-08T07:36:15.238+0000] {processor.py:186} INFO - Started process (PID=5450) to work on /home/airflow/.local/lib/python3.12/site-packages/airflow/example_dags/example_dataset_alias.py
[2026-08-08T07:36:15.240+0000] {processor.py:914} INFO - Processing file /home/airflow/.local/lib/python3.12/site-packages/airflow/example_dags/example_dataset_alias.py for tasks to queue
[2026-08-08T07:36:15.245+0000] {logging_mixin.py:190} INFO - [2026-08-08T07:36:15.244+0000] {dagbag.py:588} INFO - Filling up the DagBag from /home/airflow/.local/lib/python3.12/site-packages/airflow/example_dags/example_dataset_alias.py
[2026-08-08T07:36:15.970+0000] {processor.py:925} INFO - DAG(s) 'dataset_s3_bucket_consumer', 'dataset_s3_bucket_producer', 'dataset_alias_example_alias_consumer', 'dataset_alias_example_alias_producer' retrieved from /home/airflow/.local/lib/python3.12/site-packages/airflow/example_dags/example_dataset_alias.py
[2026-08-08T07:36:15.993+0000] {logging_mixin.py:190} INFO - [2026-08-08T07:36:15.993+0000] {dag.py:3239} INFO - Sync 4 DAGs
[2026-08-08T07:36:16.017+0000] {logging_mixin.py:190} INFO - [2026-08-08T07:36:16.017+0000] {dag.py:4180} INFO - Setting next_dagrun for dataset_alias_example_alias_consumer to None, run_after=None
[2026-08-08T07:36:16.021+0000] {logging_mixin.py:190} INFO - [2026-08-08T07:36:16.020+0000] {dag.py:4180} INFO - Setting next_dagrun for dataset_alias_example_alias_producer to None, run_after=None
[2026-08-08T07:36:16.023+0000] {logging_mixin.py:190} INFO - [2026-08-08T07:36:16.023+0000] {dag.py:4180} INFO - Setting next_dagrun for dataset_s3_bucket_consumer to None, run_after=None
[2026-08-08T07:36:16.025+0000] {logging_mixin.py:190} INFO - [2026-08-08T07:36:16.025+0000] {dag.py:4180} INFO - Setting next_dagrun for dataset_s3_bucket_producer to None, run_after=None
[2026-08-08T07:36:16.048+0000] {processor.py:208} INFO - Processing /home/airflow/.local/lib/python3.12/site-packages/airflow/example_dags/example_dataset_alias.py took 0.821 seconds
[2026-08-08T07:36:46.970+0000] {processor.py:186} INFO - Started process (PID=5515) to work on /home/airflow/.local/lib/python3.12/site-packages/airflow/example_dags/example_dataset_alias.py
[2026-08-08T07:36:46.971+0000] {processor.py:914} INFO - Processing file /home/airflow/.local/lib/python3.12/site-packages/airflow/example_dags/example_dataset_alias.py for tasks to queue
[2026-08-08T07:36:46.974+0000] {logging_mixin.py:190} INFO - [2026-08-08T07:36:46.974+0000] {dagbag.py:588} INFO - Filling up the DagBag from /home/airflow/.local/lib/python3.12/site-packages/airflow/example_dags/example_dataset_alias.py
[2026-08-08T07:36:47.541+0000] {processor.py:925} INFO - DAG(s) 'dataset_alias_example_alias_consumer', 'dataset_s3_bucket_producer', 'dataset_s3_bucket_consumer', 'dataset_alias_example_alias_producer' retrieved from /home/airflow/.local/lib/python3.12/site-packages/airflow/example_dags/example_dataset_alias.py
[2026-08-08T07:36:47.564+0000] {logging_mixin.py:190} INFO - [2026-08-08T07:36:47.563+0000] {dag.py:3239} INFO - Sync 4 DAGs
[2026-08-08T07:36:47.587+0000] {logging_mixin.py:190} INFO - [2026-08-08T07:36:47.587+0000] {dag.py:4180} INFO - Setting next_dagrun for dataset_alias_example_alias_consumer to None, run_after=None
[2026-08-08T07:36:47.591+0000] {logging_mixin.py:190} INFO - [2026-08-08T07:36:47.590+0000] {dag.py:4180} INFO - Setting next_dagrun for dataset_alias_example_alias_producer to None, run_after=None
[2026-08-08T07:36:47.593+0000] {logging_mixin.py:190} INFO - [2026-08-08T07:36:47.592+0000] {dag.py:4180} INFO - Setting next_dagrun for dataset_s3_bucket_consumer to None, run_after=None
[2026-08-08T07:36:47.595+0000] {logging_mixin.py:190} INFO - [2026-08-08T07:36:47.594+0000] {dag.py:4180} INFO - Setting next_dagrun for dataset_s3_bucket_producer to None, run_after=None
[2026-08-08T07:36:47.617+0000] {processor.py:208} INFO - Processing /home/airflow/.local/lib/python3.12/site-packages/airflow/example_dags/example_dataset_alias.py took 0.653 seconds
[2026-08-08T07:37:18.305+0000] {processor.py:186} INFO - Started process (PID=5580) to work on /home/airflow/.local/lib/python3.12/site-packages/airflow/example_dags/example_dataset_alias.py
[2026-08-08T07:37:18.306+0000] {processor.py:914} INFO - Processing file /home/airflow/.local/lib/python3.12/site-packages/airflow/example_dags/example_dataset_alias.py for tasks to queue
[2026-08-08T07:37:18.310+0000] {logging_mixin.py:190} INFO - [2026-08-08T07:37:18.309+0000] {dagbag.py:588} INFO - Filling up the DagBag from /home/airflow/.local/lib/python3.12/site-packages/airflow/example_dags/example_dataset_alias.py
[2026-08-08T07:37:18.952+0000] {processor.py:925} INFO - DAG(s) 'dataset_alias_example_alias_consumer', 'dataset_s3_bucket_consumer', 'dataset_s3_bucket_producer', 'dataset_alias_example_alias_producer' retrieved from /home/airflow/.local/lib/python3.12/site-packages/airflow/example_dags/example_dataset_alias.py
[2026-08-08T07:37:18.974+0000] {logging_mixin.py:190} INFO - [2026-08-08T07:37:18.973+0000] {dag.py:3239} INFO - Sync 4 DAGs
[2026-08-08T07:37:18.997+0000] {logging_mixin.py:190} INFO - [2026-08-08T07:37:18.997+0000] {dag.py:4180} INFO - Setting next_dagrun for dataset_alias_example_alias_consumer to None, run_after=None
[2026-08-08T07:37:19.001+0000] {logging_mixin.py:190} INFO - [2026-08-08T07:37:19.000+0000] {dag.py:4180} INFO - Setting next_dagrun for dataset_alias_example_alias_producer to None, run_after=None
[2026-08-08T07:37:19.003+0000] {logging_mixin.py:190} INFO - [2026-08-08T07:37:19.003+0000] {dag.py:4180} INFO - Setting next_dagrun for dataset_s3_bucket_consumer to None, run_after=None
[2026-08-08T07:37:19.005+0000] {logging_mixin.py:190} INFO - [2026-08-08T07:37:19.005+0000] {dag.py:4180} INFO - Setting next_dagrun for dataset_s3_bucket_producer to None, run_after=None
[2026-08-08T07:37:19.027+0000] {processor.py:208} INFO - Processing /home/airflow/.local/lib/python3.12/site-packages/airflow/example_dags/example_dataset_alias.py took 0.730 seconds
[2026-08-08T07:37:49.139+0000] {processor.py:186} INFO - Started process (PID=5645) to work on /home/airflow/.local/lib/python3.12/site-packages/airflow/example_dags/example_dataset_alias.py
[2026-08-08T07:37:49.141+0000] {processor.py:914} INFO - Processing file /home/airflow/.local/lib/python3.12/site-packages/airflow/example_dags/example_dataset_alias.py for tasks to queue
[2026-08-08T07:37:49.144+0000] {logging_mixin.py:190} INFO - [2026-08-08T07:37:49.143+0000] {dagbag.py:588} INFO - Filling up the DagBag from /home/airflow/.local/lib/python3.12/site-packages/airflow/example_dags/example_dataset_alias.py
[2026-08-08T07:37:49.731+0000] {processor.py:925} INFO - DAG(s) 'dataset_alias_example_alias_consumer', 'dataset_s3_bucket_consumer', 'dataset_alias_example_alias_producer', 'dataset_s3_bucket_producer' retrieved from /home/airflow/.local/lib/python3.12/site-packages/airflow/example_dags/example_dataset_alias.py
[2026-08-08T07:37:49.756+0000] {logging_mixin.py:190} INFO - [2026-08-08T07:37:49.755+0000] {dag.py:3239} INFO - Sync 4 DAGs
[2026-08-08T07:37:49.777+0000] {logging_mixin.py:190} INFO - [2026-08-08T07:37:49.777+0000] {dag.py:4180} INFO - Setting next_dagrun for dataset_alias_example_alias_consumer to None, run_after=None
[2026-08-08T07:37:49.781+0000] {logging_mixin.py:190} INFO - [2026-08-08T07:37:49.781+0000] {dag.py:4180} INFO - Setting next_dagrun for dataset_alias_example_alias_producer to None, run_after=None
[2026-08-08T07:37:49.785+0000] {logging_mixin.py:190} INFO - [2026-08-08T07:37:49.784+0000] {dag.py:4180} INFO - Setting next_dagrun for dataset_s3_bucket_consumer to None, run_after=None
[2026-08-08T07:37:49.787+0000] {logging_mixin.py:190} INFO - [2026-08-08T07:37:49.786+0000] {dag.py:4180} INFO - Setting next_dagrun for dataset_s3_bucket_producer to None, run_after=None
[2026-08-08T07:37:49.808+0000] {processor.py:208} INFO - Processing /home/airflow/.local/lib/python3.12/site-packages/airflow/example_dags/example_dataset_alias.py took 0.676 seconds
[2026-08-08T07:38:20.388+0000] {processor.py:186} INFO - Started process (PID=5713) to work on /home/airflow/.local/lib/python3.12/site-packages/airflow/example_dags/example_dataset_alias.py
[2026-08-08T07:38:20.390+0000] {processor.py:914} INFO - Processing file /home/airflow/.local/lib/python3.12/site-packages/airflow/example_dags/example_dataset_alias.py for tasks to queue
[2026-08-08T07:38:20.394+0000] {logging_mixin.py:190} INFO - [2026-08-08T07:38:20.393+0000] {dagbag.py:588} INFO - Filling up the DagBag from /home/airflow/.local/lib/python3.12/site-packages/airflow/example_dags/example_dataset_alias.py
[2026-08-08T07:38:21.032+0000] {processor.py:925} INFO - DAG(s) 'dataset_s3_bucket_consumer', 'dataset_alias_example_alias_consumer', 'dataset_alias_example_alias_producer', 'dataset_s3_bucket_producer' retrieved from /home/airflow/.local/lib/python3.12/site-packages/airflow/example_dags/example_dataset_alias.py
[2026-08-08T07:38:21.055+0000] {logging_mixin.py:190} INFO - [2026-08-08T07:38:21.054+0000] {dag.py:3239} INFO - Sync 4 DAGs
[2026-08-08T07:38:21.080+0000] {logging_mixin.py:190} INFO - [2026-08-08T07:38:21.079+0000] {dag.py:4180} INFO - Setting next_dagrun for dataset_alias_example_alias_consumer to None, run_after=None
[2026-08-08T07:38:21.083+0000] {logging_mixin.py:190} INFO - [2026-08-08T07:38:21.083+0000] {dag.py:4180} INFO - Setting next_dagrun for dataset_alias_example_alias_producer to None, run_after=None
[2026-08-08T07:38:21.086+0000] {logging_mixin.py:190} INFO - [2026-08-08T07:38:21.085+0000] {dag.py:4180} INFO - Setting next_dagrun for dataset_s3_bucket_consumer to None, run_after=None
[2026-08-08T07:38:21.088+0000] {logging_mixin.py:190} INFO - [2026-08-08T07:38:21.088+0000] {dag.py:4180} INFO - Setting next_dagrun for dataset_s3_bucket_producer to None, run_after=None
[2026-08-08T07:38:21.115+0000] {processor.py:208} INFO - Processing /home/airflow/.local/lib/python3.12/site-packages/airflow/example_dags/example_dataset_alias.py took 0.734 seconds
[2026-08-08T07:38:51.157+0000] {processor.py:186} INFO - Started process (PID=5778) to work on /home/airflow/.local/lib/python3.12/site-packages/airflow/example_dags/example_dataset_alias.py
[2026-08-08T07:38:51.159+0000] {processor.py:914} INFO - Processing file /home/airflow/.local/lib/python3.12/site-packages/airflow/example_dags/example_dataset_alias.py for tasks to queue
[2026-08-08T07:38:51.162+0000] {logging_mixin.py:190} INFO - [2026-08-08T07:38:51.161+0000] {dagbag.py:588} INFO - Filling up the DagBag from /home/airflow/.local/lib/python3.12/site-packages/airflow/example_dags/example_dataset_alias.py
[2026-08-08T07:38:51.845+0000] {processor.py:925} INFO - DAG(s) 'dataset_alias_example_alias_consumer', 'dataset_s3_bucket_consumer', 'dataset_alias_example_alias_producer', 'dataset_s3_bucket_producer' retrieved from /home/airflow/.local/lib/python3.12/site-packages/airflow/example_dags/example_dataset_alias.py
[2026-08-08T07:38:51.869+0000] {logging_mixin.py:190} INFO - [2026-08-08T07:38:51.869+0000] {dag.py:3239} INFO - Sync 4 DAGs
[2026-08-08T07:38:51.894+0000] {logging_mixin.py:190} INFO - [2026-08-08T07:38:51.894+0000] {dag.py:4180} INFO - Setting next_dagrun for dataset_alias_example_alias_consumer to None, run_after=None
[2026-08-08T07:38:51.898+0000] {logging_mixin.py:190} INFO - [2026-08-08T07:38:51.898+0000] {dag.py:4180} INFO - Setting next_dagrun for dataset_alias_example_alias_producer to None, run_after=None
[2026-08-08T07:38:51.901+0000] {logging_mixin.py:190} INFO - [2026-08-08T07:38:51.901+0000] {dag.py:4180} INFO - Setting next_dagrun for dataset_s3_bucket_consumer to None, run_after=None
[2026-08-08T07:38:51.903+0000] {logging_mixin.py:190} INFO - [2026-08-08T07:38:51.903+0000] {dag.py:4180} INFO - Setting next_dagrun for dataset_s3_bucket_producer to None, run_after=None
[2026-08-08T07:38:51.931+0000] {processor.py:208} INFO - Processing /home/airflow/.local/lib/python3.12/site-packages/airflow/example_dags/example_dataset_alias.py took 0.780 seconds
[2026-08-08T07:39:22.309+0000] {processor.py:186} INFO - Started process (PID=5843) to work on /home/airflow/.local/lib/python3.12/site-packages/airflow/example_dags/example_dataset_alias.py
[2026-08-08T07:39:22.313+0000] {processor.py:914} INFO - Processing file /home/airflow/.local/lib/python3.12/site-packages/airflow/example_dags/example_dataset_alias.py for tasks to queue
[2026-08-08T07:39:22.316+0000] {logging_mixin.py:190} INFO - [2026-08-08T07:39:22.316+0000] {dagbag.py:588} INFO - Filling up the DagBag from /home/airflow/.local/lib/python3.12/site-packages/airflow/example_dags/example_dataset_alias.py
[2026-08-08T07:39:23.076+0000] {processor.py:925} INFO - DAG(s) 'dataset_alias_example_alias_producer', 'dataset_s3_bucket_consumer', 'dataset_s3_bucket_producer', 'dataset_alias_example_alias_consumer' retrieved from /home/airflow/.local/lib/python3.12/site-packages/airflow/example_dags/example_dataset_alias.py
[2026-08-08T07:39:23.102+0000] {logging_mixin.py:190} INFO - [2026-08-08T07:39:23.101+0000] {dag.py:3239} INFO - Sync 4 DAGs
[2026-08-08T07:39:23.127+0000] {logging_mixin.py:190} INFO - [2026-08-08T07:39:23.127+0000] {dag.py:4180} INFO - Setting next_dagrun for dataset_alias_example_alias_consumer to None, run_after=None
[2026-08-08T07:39:23.131+0000] {logging_mixin.py:190} INFO - [2026-08-08T07:39:23.131+0000] {dag.py:4180} INFO - Setting next_dagrun for dataset_alias_example_alias_producer to None, run_after=None
[2026-08-08T07:39:23.134+0000] {logging_mixin.py:190} INFO - [2026-08-08T07:39:23.133+0000] {dag.py:4180} INFO - Setting next_dagrun for dataset_s3_bucket_consumer to None, run_after=None
[2026-08-08T07:39:23.136+0000] {logging_mixin.py:190} INFO - [2026-08-08T07:39:23.136+0000] {dag.py:4180} INFO - Setting next_dagrun for dataset_s3_bucket_producer to None, run_after=None
[2026-08-08T07:39:23.162+0000] {processor.py:208} INFO - Processing /home/airflow/.local/lib/python3.12/site-packages/airflow/example_dags/example_dataset_alias.py took 0.860 seconds
[2026-08-08T07:39:53.290+0000] {processor.py:186} INFO - Started process (PID=5908) to work on /home/airflow/.local/lib/python3.12/site-packages/airflow/example_dags/example_dataset_alias.py
[2026-08-08T07:39:53.291+0000] {processor.py:914} INFO - Processing file /home/airflow/.local/lib/python3.12/site-packages/airflow/example_dags/example_dataset_alias.py for tasks to queue
[2026-08-08T07:39:53.294+0000] {logging_mixin.py:190} INFO - [2026-08-08T07:39:53.294+0000] {dagbag.py:588} INFO - Filling up the DagBag from /home/airflow/.local/lib/python3.12/site-packages/airflow/example_dags/example_dataset_alias.py
[2026-08-08T07:39:53.911+0000] {processor.py:925} INFO - DAG(s) 'dataset_s3_bucket_producer', 'dataset_alias_example_alias_producer', 'dataset_alias_example_alias_consumer', 'dataset_s3_bucket_consumer' retrieved from /home/airflow/.local/lib/python3.12/site-packages/airflow/example_dags/example_dataset_alias.py
[2026-08-08T07:39:53.936+0000] {logging_mixin.py:190} INFO - [2026-08-08T07:39:53.936+0000] {dag.py:3239} INFO - Sync 4 DAGs
[2026-08-08T07:39:53.960+0000] {logging_mixin.py:190} INFO - [2026-08-08T07:39:53.960+0000] {dag.py:4180} INFO - Setting next_dagrun for dataset_alias_example_alias_consumer to None, run_after=None
[2026-08-08T07:39:53.964+0000] {logging_mixin.py:190} INFO - [2026-08-08T07:39:53.964+0000] {dag.py:4180} INFO - Setting next_dagrun for dataset_alias_example_alias_producer to None, run_after=None
[2026-08-08T07:39:53.967+0000] {logging_mixin.py:190} INFO - [2026-08-08T07:39:53.967+0000] {dag.py:4180} INFO - Setting next_dagrun for dataset_s3_bucket_consumer to None, run_after=None
[2026-08-08T07:39:53.969+0000] {logging_mixin.py:190} INFO - [2026-08-08T07:39:53.969+0000] {dag.py:4180} INFO - Setting next_dagrun for dataset_s3_bucket_producer to None, run_after=None
[2026-08-08T07:39:53.991+0000] {processor.py:208} INFO - Processing /home/airflow/.local/lib/python3.12/site-packages/airflow/example_dags/example_dataset_alias.py took 0.707 seconds
[2026-08-08T07:40:24.471+0000] {processor.py:186} INFO - Started process (PID=5975) to work on /home/airflow/.local/lib/python3.12/site-packages/airflow/example_dags/example_dataset_alias.py
[2026-08-08T07:40:24.472+0000] {processor.py:914} INFO - Processing file /home/airflow/.local/lib/python3.12/site-packages/airflow/example_dags/example_dataset_alias.py for tasks to queue
[2026-08-08T07:40:24.476+0000] {logging_mixin.py:190} INFO - [2026-08-08T07:40:24.475+0000] {dagbag.py:588} INFO - Filling up the DagBag from /home/airflow/.local/lib/python3.12/site-packages/airflow/example_dags/example_dataset_alias.py
[2026-08-08T07:40:25.125+0000] {processor.py:925} INFO - DAG(s) 'dataset_s3_bucket_consumer', 'dataset_s3_bucket_producer', 'dataset_alias_example_alias_producer', 'dataset_alias_example_alias_consumer' retrieved from /home/airflow/.local/lib/python3.12/site-packages/airflow/example_dags/example_dataset_alias.py
[2026-08-08T07:40:25.150+0000] {logging_mixin.py:190} INFO - [2026-08-08T07:40:25.150+0000] {dag.py:3239} INFO - Sync 4 DAGs
[2026-08-08T07:40:25.173+0000] {logging_mixin.py:190} INFO - [2026-08-08T07:40:25.173+0000] {dag.py:4180} INFO - Setting next_dagrun for dataset_alias_example_alias_consumer to None, run_after=None
[2026-08-08T07:40:25.177+0000] {logging_mixin.py:190} INFO - [2026-08-08T07:40:25.177+0000] {dag.py:4180} INFO - Setting next_dagrun for dataset_alias_example_alias_producer to None, run_after=None
[2026-08-08T07:40:25.179+0000] {logging_mixin.py:190} INFO - [2026-08-08T07:40:25.179+0000] {dag.py:4180} INFO - Setting next_dagrun for dataset_s3_bucket_consumer to None, run_after=None
[2026-08-08T07:40:25.181+0000] {logging_mixin.py:190} INFO - [2026-08-08T07:40:25.181+0000] {dag.py:4180} INFO - Setting next_dagrun for dataset_s3_bucket_producer to None, run_after=None
[2026-08-08T07:40:25.204+0000] {processor.py:208} INFO - Processing /home/airflow/.local/lib/python3.12/site-packages/airflow/example_dags/example_dataset_alias.py took 0.740 seconds
[2026-08-08T07:40:56.445+0000] {processor.py:186} INFO - Started process (PID=6043) to work on /home/airflow/.local/lib/python3.12/site-packages/airflow/example_dags/example_dataset_alias.py
[2026-08-08T07:40:56.446+0000] {processor.py:914} INFO - Processing file /home/airflow/.local/lib/python3.12/site-packages/airflow/example_dags/example_dataset_alias.py for tasks to queue
[2026-08-08T07:40:56.449+0000] {logging_mixin.py:190} INFO - [2026-08-08T07:40:56.449+0000] {dagbag.py:588} INFO - Filling up the DagBag from /home/airflow/.local/lib/python3.12/site-packages/airflow/example_dags/example_dataset_alias.py
[2026-08-08T07:40:57.014+0000] {processor.py:925} INFO - DAG(s) 'dataset_s3_bucket_producer', 'dataset_alias_example_alias_producer', 'dataset_alias_example_alias_consumer', 'dataset_s3_bucket_consumer' retrieved from /home/airflow/.local/lib/python3.12/site-packages/airflow/example_dags/example_dataset_alias.py
[2026-08-08T07:40:57.038+0000] {logging_mixin.py:190} INFO - [2026-08-08T07:40:57.037+0000] {dag.py:3239} INFO - Sync 4 DAGs
[2026-08-08T07:40:57.059+0000] {logging_mixin.py:190} INFO - [2026-08-08T07:40:57.059+0000] {dag.py:4180} INFO - Setting next_dagrun for dataset_alias_example_alias_consumer to None, run_after=None
[2026-08-08T07:40:57.062+0000] {logging_mixin.py:190} INFO - [2026-08-08T07:40:57.062+0000] {dag.py:4180} INFO - Setting next_dagrun for dataset_alias_example_alias_producer to None, run_after=None
[2026-08-08T07:40:57.065+0000] {logging_mixin.py:190} INFO - [2026-08-08T07:40:57.064+0000] {dag.py:4180} INFO - Setting next_dagrun for dataset_s3_bucket_consumer to None, run_after=None
[2026-08-08T07:40:57.067+0000] {logging_mixin.py:190} INFO - [2026-08-08T07:40:57.066+0000] {dag.py:4180} INFO - Setting next_dagrun for dataset_s3_bucket_producer to None, run_after=None
[2026-08-08T07:40:57.090+0000] {processor.py:208} INFO - Processing /home/airflow/.local/lib/python3.12/site-packages/airflow/example_dags/example_dataset_alias.py took 0.651 seconds
[2026-08-08T07:41:27.140+0000] {processor.py:186} INFO - Started process (PID=6108) to work on /home/airflow/.local/lib/python3.12/site-packages/airflow/example_dags/example_dataset_alias.py
[2026-08-08T07:41:27.142+0000] {processor.py:914} INFO - Processing file /home/airflow/.local/lib/python3.12/site-packages/airflow/example_dags/example_dataset_alias.py for tasks to queue
[2026-08-08T07:41:27.145+0000] {logging_mixin.py:190} INFO - [2026-08-08T07:41:27.145+0000] {dagbag.py:588} INFO - Filling up the DagBag from /home/airflow/.local/lib/python3.12/site-packages/airflow/example_dags/example_dataset_alias.py
[2026-08-08T07:41:27.728+0000] {processor.py:925} INFO - DAG(s) 'dataset_s3_bucket_consumer', 'dataset_alias_example_alias_producer', 'dataset_s3_bucket_producer', 'dataset_alias_example_alias_consumer' retrieved from /home/airflow/.local/lib/python3.12/site-packages/airflow/example_dags/example_dataset_alias.py
[2026-08-08T07:41:27.752+0000] {logging_mixin.py:190} INFO - [2026-08-08T07:41:27.752+0000] {dag.py:3239} INFO - Sync 4 DAGs
[2026-08-08T07:41:27.775+0000] {logging_mixin.py:190} INFO - [2026-08-08T07:41:27.775+0000] {dag.py:4180} INFO - Setting next_dagrun for dataset_alias_example_alias_consumer to None, run_after=None
[2026-08-08T07:41:27.779+0000] {logging_mixin.py:190} INFO - [2026-08-08T07:41:27.779+0000] {dag.py:4180} INFO - Setting next_dagrun for dataset_alias_example_alias_producer to None, run_after=None
[2026-08-08T07:41:27.781+0000] {logging_mixin.py:190} INFO - [2026-08-08T07:41:27.781+0000] {dag.py:4180} INFO - Setting next_dagrun for dataset_s3_bucket_consumer to None, run_after=None
[2026-08-08T07:41:27.783+0000] {logging_mixin.py:190} INFO - [2026-08-08T07:41:27.783+0000] {dag.py:4180} INFO - Setting next_dagrun for dataset_s3_bucket_producer to None, run_after=None
[2026-08-08T07:41:27.806+0000] {processor.py:208} INFO - Processing /home/airflow/.local/lib/python3.12/site-packages/airflow/example_dags/example_dataset_alias.py took 0.673 seconds
[2026-08-08T07:41:58.428+0000] {processor.py:186} INFO - Started process (PID=6175) to work on /home/airflow/.local/lib/python3.12/site-packages/airflow/example_dags/example_dataset_alias.py
[2026-08-08T07:41:58.429+0000] {processor.py:914} INFO - Processing file /home/airflow/.local/lib/python3.12/site-packages/airflow/example_dags/example_dataset_alias.py for tasks to queue
[2026-08-08T07:41:58.432+0000] {logging_mixin.py:190} INFO - [2026-08-08T07:41:58.431+0000] {dagbag.py:588} INFO - Filling up the DagBag from /home/airflow/.local/lib/python3.12/site-packages/airflow/example_dags/example_dataset_alias.py
[2026-08-08T07:41:59.019+0000] {processor.py:925} INFO - DAG(s) 'dataset_alias_example_alias_consumer', 'dataset_alias_example_alias_producer', 'dataset_s3_bucket_producer', 'dataset_s3_bucket_consumer' retrieved from /home/airflow/.local/lib/python3.12/site-packages/airflow/example_dags/example_dataset_alias.py
[2026-08-08T07:41:59.042+0000] {logging_mixin.py:190} INFO - [2026-08-08T07:41:59.041+0000] {dag.py:3239} INFO - Sync 4 DAGs
[2026-08-08T07:41:59.066+0000] {logging_mixin.py:190} INFO - [2026-08-08T07:41:59.066+0000] {dag.py:4180} INFO - Setting next_dagrun for dataset_alias_example_alias_consumer to None, run_after=None
[2026-08-08T07:41:59.070+0000] {logging_mixin.py:190} INFO - [2026-08-08T07:41:59.069+0000] {dag.py:4180} INFO - Setting next_dagrun for dataset_alias_example_alias_producer to None, run_after=None
[2026-08-08T07:41:59.072+0000] {logging_mixin.py:190} INFO - [2026-08-08T07:41:59.072+0000] {dag.py:4180} INFO - Setting next_dagrun for dataset_s3_bucket_consumer to None, run_after=None
[2026-08-08T07:41:59.074+0000] {logging_mixin.py:190} INFO - [2026-08-08T07:41:59.074+0000] {dag.py:4180} INFO - Setting next_dagrun for dataset_s3_bucket_producer to None, run_after=None
[2026-08-08T07:41:59.099+0000] {processor.py:208} INFO - Processing /home/airflow/.local/lib/python3.12/site-packages/airflow/example_dags/example_dataset_alias.py took 0.677 seconds
[2026-08-08T07:42:30.047+0000] {processor.py:186} INFO - Started process (PID=6246) to work on /home/airflow/.local/lib/python3.12/site-packages/airflow/example_dags/example_dataset_alias.py
[2026-08-08T07:42:30.048+0000] {processor.py:914} INFO - Processing file /home/airflow/.local/lib/python3.12/site-packages/airflow/example_dags/example_dataset_alias.py for tasks to queue
[2026-08-08T07:42:30.051+0000] {logging_mixin.py:190} INFO - [2026-08-08T07:42:30.051+0000] {dagbag.py:588} INFO - Filling up the DagBag from /home/airflow/.local/lib/python3.12/site-packages/airflow/example_dags/example_dataset_alias.py
[2026-08-08T07:42:30.608+0000] {processor.py:925} INFO - DAG(s) 'dataset_alias_example_alias_producer', 'dataset_s3_bucket_consumer', 'dataset_s3_bucket_producer', 'dataset_alias_example_alias_consumer' retrieved from /home/airflow/.local/lib/python3.12/site-packages/airflow/example_dags/example_dataset_alias.py
[2026-08-08T07:42:30.631+0000] {logging_mixin.py:190} INFO - [2026-08-08T07:42:30.631+0000] {dag.py:3239} INFO - Sync 4 DAGs
[2026-08-08T07:42:30.659+0000] {logging_mixin.py:190} INFO - [2026-08-08T07:42:30.659+0000] {dag.py:4180} INFO - Setting next_dagrun for dataset_alias_example_alias_consumer to None, run_after=None
[2026-08-08T07:42:30.662+0000] {logging_mixin.py:190} INFO - [2026-08-08T07:42:30.662+0000] {dag.py:4180} INFO - Setting next_dagrun for dataset_alias_example_alias_producer to None, run_after=None
[2026-08-08T07:42:30.664+0000] {logging_mixin.py:190} INFO - [2026-08-08T07:42:30.664+0000] {dag.py:4180} INFO - Setting next_dagrun for dataset_s3_bucket_consumer to None, run_after=None
[2026-08-08T07:42:30.666+0000] {logging_mixin.py:190} INFO - [2026-08-08T07:42:30.666+0000] {dag.py:4180} INFO - Setting next_dagrun for dataset_s3_bucket_producer to None, run_after=None
[2026-08-08T07:42:30.691+0000] {processor.py:208} INFO - Processing /home/airflow/.local/lib/python3.12/site-packages/airflow/example_dags/example_dataset_alias.py took 0.650 seconds
[2026-08-08T07:43:01.704+0000] {processor.py:186} INFO - Started process (PID=6313) to work on /home/airflow/.local/lib/python3.12/site-packages/airflow/example_dags/example_dataset_alias.py
[2026-08-08T07:43:01.705+0000] {processor.py:914} INFO - Processing file /home/airflow/.local/lib/python3.12/site-packages/airflow/example_dags/example_dataset_alias.py for tasks to queue
[2026-08-08T07:43:01.708+0000] {logging_mixin.py:190} INFO - [2026-08-08T07:43:01.708+0000] {dagbag.py:588} INFO - Filling up the DagBag from /home/airflow/.local/lib/python3.12/site-packages/airflow/example_dags/example_dataset_alias.py
[2026-08-08T07:43:02.313+0000] {processor.py:925} INFO - DAG(s) 'dataset_alias_example_alias_consumer', 'dataset_s3_bucket_producer', 'dataset_alias_example_alias_producer', 'dataset_s3_bucket_consumer' retrieved from /home/airflow/.local/lib/python3.12/site-packages/airflow/example_dags/example_dataset_alias.py
[2026-08-08T07:43:02.335+0000] {logging_mixin.py:190} INFO - [2026-08-08T07:43:02.335+0000] {dag.py:3239} INFO - Sync 4 DAGs
[2026-08-08T07:43:02.358+0000] {logging_mixin.py:190} INFO - [2026-08-08T07:43:02.358+0000] {dag.py:4180} INFO - Setting next_dagrun for dataset_alias_example_alias_consumer to None, run_after=None
[2026-08-08T07:43:02.361+0000] {logging_mixin.py:190} INFO - [2026-08-08T07:43:02.361+0000] {dag.py:4180} INFO - Setting next_dagrun for dataset_alias_example_alias_producer to None, run_after=None
[2026-08-08T07:43:02.363+0000] {logging_mixin.py:190} INFO - [2026-08-08T07:43:02.363+0000] {dag.py:4180} INFO - Setting next_dagrun for dataset_s3_bucket_consumer to None, run_after=None
[2026-08-08T07:43:02.365+0000] {logging_mixin.py:190} INFO - [2026-08-08T07:43:02.365+0000] {dag.py:4180} INFO - Setting next_dagrun for dataset_s3_bucket_producer to None, run_after=None
[2026-08-08T07:43:02.386+0000] {processor.py:208} INFO - Processing /home/airflow/.local/lib/python3.12/site-packages/airflow/example_dags/example_dataset_alias.py took 0.689 seconds
[2026-08-08T07:43:33.155+0000] {processor.py:186} INFO - Started process (PID=6378) to work on /home/airflow/.local/lib/python3.12/site-packages/airflow/example_dags/example_dataset_alias.py
[2026-08-08T07:43:33.157+0000] {processor.py:914} INFO - Processing file /home/airflow/.local/lib/python3.12/site-packages/airflow/example_dags/example_dataset_alias.py for tasks to queue
[2026-08-08T07:43:33.160+0000] {logging_mixin.py:190} INFO - [2026-08-08T07:43:33.160+0000] {dagbag.py:588} INFO - Filling up the DagBag from /home/airflow/.local/lib/python3.12/site-packages/airflow/example_dags/example_dataset_alias.py
[2026-08-08T07:43:33.783+0000] {processor.py:925} INFO - DAG(s) 'dataset_alias_example_alias_producer', 'dataset_alias_example_alias_consumer', 'dataset_s3_bucket_consumer', 'dataset_s3_bucket_producer' retrieved from /home/airflow/.local/lib/python3.12/site-packages/airflow/example_dags/example_dataset_alias.py
[2026-08-08T07:43:33.806+0000] {logging_mixin.py:190} INFO - [2026-08-08T07:43:33.805+0000] {dag.py:3239} INFO - Sync 4 DAGs
[2026-08-08T07:43:33.828+0000] {logging_mixin.py:190} INFO - [2026-08-08T07:43:33.828+0000] {dag.py:4180} INFO - Setting next_dagrun for dataset_alias_example_alias_consumer to None, run_after=None
[2026-08-08T07:43:33.832+0000] {logging_mixin.py:190} INFO - [2026-08-08T07:43:33.832+0000] {dag.py:4180} INFO - Setting next_dagrun for dataset_alias_example_alias_producer to None, run_after=None
[2026-08-08T07:43:33.834+0000] {logging_mixin.py:190} INFO - [2026-08-08T07:43:33.834+0000] {dag.py:4180} INFO - Setting next_dagrun for dataset_s3_bucket_consumer to None, run_after=None
[2026-08-08T07:43:33.837+0000] {logging_mixin.py:190} INFO - [2026-08-08T07:43:33.836+0000] {dag.py:4180} INFO - Setting next_dagrun for dataset_s3_bucket_producer to None, run_after=None
[2026-08-08T07:43:33.862+0000] {processor.py:208} INFO - Processing /home/airflow/.local/lib/python3.12/site-packages/airflow/example_dags/example_dataset_alias.py took 0.714 seconds
[2026-08-08T07:44:04.139+0000] {processor.py:186} INFO - Started process (PID=6443) to work on /home/airflow/.local/lib/python3.12/site-packages/airflow/example_dags/example_dataset_alias.py
[2026-08-08T07:44:04.140+0000] {processor.py:914} INFO - Processing file /home/airflow/.local/lib/python3.12/site-packages/airflow/example_dags/example_dataset_alias.py for tasks to queue
[2026-08-08T07:44:04.144+0000] {logging_mixin.py:190} INFO - [2026-08-08T07:44:04.143+0000] {dagbag.py:588} INFO - Filling up the DagBag from /home/airflow/.local/lib/python3.12/site-packages/airflow/example_dags/example_dataset_alias.py
[2026-08-08T07:44:04.767+0000] {processor.py:925} INFO - DAG(s) 'dataset_s3_bucket_producer', 'dataset_s3_bucket_consumer', 'dataset_alias_example_alias_consumer', 'dataset_alias_example_alias_producer' retrieved from /home/airflow/.local/lib/python3.12/site-packages/airflow/example_dags/example_dataset_alias.py
[2026-08-08T07:44:04.788+0000] {logging_mixin.py:190} INFO - [2026-08-08T07:44:04.788+0000] {dag.py:3239} INFO - Sync 4 DAGs
[2026-08-08T07:44:04.810+0000] {logging_mixin.py:190} INFO - [2026-08-08T07:44:04.810+0000] {dag.py:4180} INFO - Setting next_dagrun for dataset_alias_example_alias_consumer to None, run_after=None
[2026-08-08T07:44:04.814+0000] {logging_mixin.py:190} INFO - [2026-08-08T07:44:04.814+0000] {dag.py:4180} INFO - Setting next_dagrun for dataset_alias_example_alias_producer to None, run_after=None
[2026-08-08T07:44:04.816+0000] {logging_mixin.py:190} INFO - [2026-08-08T07:44:04.816+0000] {dag.py:4180} INFO - Setting next_dagrun for dataset_s3_bucket_consumer to None, run_after=None
[2026-08-08T07:44:04.818+0000] {logging_mixin.py:190} INFO - [2026-08-08T07:44:04.818+0000] {dag.py:4180} INFO - Setting next_dagrun for dataset_s3_bucket_producer to None, run_after=None
[2026-08-08T07:44:04.840+0000] {processor.py:208} INFO - Processing /home/airflow/.local/lib/python3.12/site-packages/airflow/example_dags/example_dataset_alias.py took 0.708 seconds
[2026-08-08T07:44:34.944+0000] {processor.py:186} INFO - Started process (PID=6508) to work on /home/airflow/.local/lib/python3.12/site-packages/airflow/example_dags/example_dataset_alias.py
[2026-08-08T07:44:34.945+0000] {processor.py:914} INFO - Processing file /home/airflow/.local/lib/python3.12/site-packages/airflow/example_dags/example_dataset_alias.py for tasks to queue
[2026-08-08T07:44:34.948+0000] {logging_mixin.py:190} INFO - [2026-08-08T07:44:34.948+0000] {dagbag.py:588} INFO - Filling up the DagBag from /home/airflow/.local/lib/python3.12/site-packages/airflow/example_dags/example_dataset_alias.py
[2026-08-08T07:44:35.524+0000] {processor.py:925} INFO - DAG(s) 'dataset_alias_example_alias_consumer', 'dataset_s3_bucket_consumer', 'dataset_alias_example_alias_producer', 'dataset_s3_bucket_producer' retrieved from /home/airflow/.local/lib/python3.12/site-packages/airflow/example_dags/example_dataset_alias.py
[2026-08-08T07:44:35.547+0000] {logging_mixin.py:190} INFO - [2026-08-08T07:44:35.547+0000] {dag.py:3239} INFO - Sync 4 DAGs
[2026-08-08T07:44:35.569+0000] {logging_mixin.py:190} INFO - [2026-08-08T07:44:35.569+0000] {dag.py:4180} INFO - Setting next_dagrun for dataset_alias_example_alias_consumer to None, run_after=None
[2026-08-08T07:44:35.573+0000] {logging_mixin.py:190} INFO - [2026-08-08T07:44:35.572+0000] {dag.py:4180} INFO - Setting next_dagrun for dataset_alias_example_alias_producer to None, run_after=None
[2026-08-08T07:44:35.575+0000] {logging_mixin.py:190} INFO - [2026-08-08T07:44:35.575+0000] {dag.py:4180} INFO - Setting next_dagrun for dataset_s3_bucket_consumer to None, run_after=None
[2026-08-08T07:44:35.577+0000] {logging_mixin.py:190} INFO - [2026-08-08T07:44:35.577+0000] {dag.py:4180} INFO - Setting next_dagrun for dataset_s3_bucket_producer to None, run_after=None
[2026-08-08T07:44:35.600+0000] {processor.py:208} INFO - Processing /home/airflow/.local/lib/python3.12/site-packages/airflow/example_dags/example_dataset_alias.py took 0.663 seconds
[2026-08-08T07:45:07.091+0000] {processor.py:186} INFO - Started process (PID=6579) to work on /home/airflow/.local/lib/python3.12/site-packages/airflow/example_dags/example_dataset_alias.py
[2026-08-08T07:45:07.093+0000] {processor.py:914} INFO - Processing file /home/airflow/.local/lib/python3.12/site-packages/airflow/example_dags/example_dataset_alias.py for tasks to queue
[2026-08-08T07:45:07.097+0000] {logging_mixin.py:190} INFO - [2026-08-08T07:45:07.096+0000] {dagbag.py:588} INFO - Filling up the DagBag from /home/airflow/.local/lib/python3.12/site-packages/airflow/example_dags/example_dataset_alias.py
[2026-08-08T07:45:07.718+0000] {processor.py:925} INFO - DAG(s) 'dataset_alias_example_alias_consumer', 'dataset_alias_example_alias_producer', 'dataset_s3_bucket_consumer', 'dataset_s3_bucket_producer' retrieved from /home/airflow/.local/lib/python3.12/site-packages/airflow/example_dags/example_dataset_alias.py
[2026-08-08T07:45:07.741+0000] {logging_mixin.py:190} INFO - [2026-08-08T07:45:07.740+0000] {dag.py:3239} INFO - Sync 4 DAGs
[2026-08-08T07:45:07.765+0000] {logging_mixin.py:190} INFO - [2026-08-08T07:45:07.765+0000] {dag.py:4180} INFO - Setting next_dagrun for dataset_alias_example_alias_consumer to None, run_after=None
[2026-08-08T07:45:07.769+0000] {logging_mixin.py:190} INFO - [2026-08-08T07:45:07.769+0000] {dag.py:4180} INFO - Setting next_dagrun for dataset_alias_example_alias_producer to None, run_after=None
[2026-08-08T07:45:07.771+0000] {logging_mixin.py:190} INFO - [2026-08-08T07:45:07.771+0000] {dag.py:4180} INFO - Setting next_dagrun for dataset_s3_bucket_consumer to None, run_after=None
[2026-08-08T07:45:07.774+0000] {logging_mixin.py:190} INFO - [2026-08-08T07:45:07.773+0000] {dag.py:4180} INFO - Setting next_dagrun for dataset_s3_bucket_producer to None, run_after=None
[2026-08-08T07:45:07.798+0000] {processor.py:208} INFO - Processing /home/airflow/.local/lib/python3.12/site-packages/airflow/example_dags/example_dataset_alias.py took 0.714 seconds
[2026-08-08T07:45:38.049+0000] {processor.py:186} INFO - Started process (PID=6650) to work on /home/airflow/.local/lib/python3.12/site-packages/airflow/example_dags/example_dataset_alias.py
[2026-08-08T07:45:38.051+0000] {processor.py:914} INFO - Processing file /home/airflow/.local/lib/python3.12/site-packages/airflow/example_dags/example_dataset_alias.py for tasks to queue
[2026-08-08T07:45:38.054+0000] {logging_mixin.py:190} INFO - [2026-08-08T07:45:38.053+0000] {dagbag.py:588} INFO - Filling up the DagBag from /home/airflow/.local/lib/python3.12/site-packages/airflow/example_dags/example_dataset_alias.py
[2026-08-08T07:45:38.721+0000] {processor.py:925} INFO - DAG(s) 'dataset_s3_bucket_consumer', 'dataset_s3_bucket_producer', 'dataset_alias_example_alias_producer', 'dataset_alias_example_alias_consumer' retrieved from /home/airflow/.local/lib/python3.12/site-packages/airflow/example_dags/example_dataset_alias.py
[2026-08-08T07:45:38.749+0000] {logging_mixin.py:190} INFO - [2026-08-08T07:45:38.748+0000] {dag.py:3239} INFO - Sync 4 DAGs
[2026-08-08T07:45:38.776+0000] {logging_mixin.py:190} INFO - [2026-08-08T07:45:38.776+0000] {dag.py:4180} INFO - Setting next_dagrun for dataset_alias_example_alias_consumer to None, run_after=None
[2026-08-08T07:45:38.779+0000] {logging_mixin.py:190} INFO - [2026-08-08T07:45:38.779+0000] {dag.py:4180} INFO - Setting next_dagrun for dataset_alias_example_alias_producer to None, run_after=None
[2026-08-08T07:45:38.782+0000] {logging_mixin.py:190} INFO - [2026-08-08T07:45:38.782+0000] {dag.py:4180} INFO - Setting next_dagrun for dataset_s3_bucket_consumer to None, run_after=None
[2026-08-08T07:45:38.784+0000] {logging_mixin.py:190} INFO - [2026-08-08T07:45:38.784+0000] {dag.py:4180} INFO - Setting next_dagrun for dataset_s3_bucket_producer to None, run_after=None
[2026-08-08T07:45:38.807+0000] {processor.py:208} INFO - Processing /home/airflow/.local/lib/python3.12/site-packages/airflow/example_dags/example_dataset_alias.py took 0.766 seconds
[2026-08-08T07:46:09.297+0000] {processor.py:186} INFO - Started process (PID=6726) to work on /home/airflow/.local/lib/python3.12/site-packages/airflow/example_dags/example_dataset_alias.py
[2026-08-08T07:46:09.298+0000] {processor.py:914} INFO - Processing file /home/airflow/.local/lib/python3.12/site-packages/airflow/example_dags/example_dataset_alias.py for tasks to queue
[2026-08-08T07:46:09.301+0000] {logging_mixin.py:190} INFO - [2026-08-08T07:46:09.301+0000] {dagbag.py:588} INFO - Filling up the DagBag from /home/airflow/.local/lib/python3.12/site-packages/airflow/example_dags/example_dataset_alias.py
[2026-08-08T07:46:09.883+0000] {processor.py:925} INFO - DAG(s) 'dataset_s3_bucket_consumer', 'dataset_alias_example_alias_producer', 'dataset_alias_example_alias_consumer', 'dataset_s3_bucket_producer' retrieved from /home/airflow/.local/lib/python3.12/site-packages/airflow/example_dags/example_dataset_alias.py
[2026-08-08T07:46:09.909+0000] {logging_mixin.py:190} INFO - [2026-08-08T07:46:09.908+0000] {dag.py:3239} INFO - Sync 4 DAGs
[2026-08-08T07:46:09.936+0000] {logging_mixin.py:190} INFO - [2026-08-08T07:46:09.935+0000] {dag.py:4180} INFO - Setting next_dagrun for dataset_alias_example_alias_consumer to None, run_after=None
[2026-08-08T07:46:09.940+0000] {logging_mixin.py:190} INFO - [2026-08-08T07:46:09.940+0000] {dag.py:4180} INFO - Setting next_dagrun for dataset_alias_example_alias_producer to None, run_after=None
[2026-08-08T07:46:09.943+0000] {logging_mixin.py:190} INFO - [2026-08-08T07:46:09.943+0000] {dag.py:4180} INFO - Setting next_dagrun for dataset_s3_bucket_consumer to None, run_after=None
[2026-08-08T07:46:09.949+0000] {logging_mixin.py:190} INFO - [2026-08-08T07:46:09.949+0000] {dag.py:4180} INFO - Setting next_dagrun for dataset_s3_bucket_producer to None, run_after=None
[2026-08-08T07:46:09.974+0000] {processor.py:208} INFO - Processing /home/airflow/.local/lib/python3.12/site-packages/airflow/example_dags/example_dataset_alias.py took 0.683 seconds
[2026-08-08T07:46:40.428+0000] {processor.py:186} INFO - Started process (PID=6795) to work on /home/airflow/.local/lib/python3.12/site-packages/airflow/example_dags/example_dataset_alias.py
[2026-08-08T07:46:40.429+0000] {processor.py:914} INFO - Processing file /home/airflow/.local/lib/python3.12/site-packages/airflow/example_dags/example_dataset_alias.py for tasks to queue
[2026-08-08T07:46:40.432+0000] {logging_mixin.py:190} INFO - [2026-08-08T07:46:40.432+0000] {dagbag.py:588} INFO - Filling up the DagBag from /home/airflow/.local/lib/python3.12/site-packages/airflow/example_dags/example_dataset_alias.py
[2026-08-08T07:46:41.038+0000] {processor.py:925} INFO - DAG(s) 'dataset_alias_example_alias_consumer', 'dataset_s3_bucket_consumer', 'dataset_alias_example_alias_producer', 'dataset_s3_bucket_producer' retrieved from /home/airflow/.local/lib/python3.12/site-packages/airflow/example_dags/example_dataset_alias.py
[2026-08-08T07:46:41.060+0000] {logging_mixin.py:190} INFO - [2026-08-08T07:46:41.059+0000] {dag.py:3239} INFO - Sync 4 DAGs
[2026-08-08T07:46:41.084+0000] {logging_mixin.py:190} INFO - [2026-08-08T07:46:41.083+0000] {dag.py:4180} INFO - Setting next_dagrun for dataset_alias_example_alias_consumer to None, run_after=None
[2026-08-08T07:46:41.087+0000] {logging_mixin.py:190} INFO - [2026-08-08T07:46:41.087+0000] {dag.py:4180} INFO - Setting next_dagrun for dataset_alias_example_alias_producer to None, run_after=None
[2026-08-08T07:46:41.089+0000] {logging_mixin.py:190} INFO - [2026-08-08T07:46:41.089+0000] {dag.py:4180} INFO - Setting next_dagrun for dataset_s3_bucket_consumer to None, run_after=None
[2026-08-08T07:46:41.091+0000] {logging_mixin.py:190} INFO - [2026-08-08T07:46:41.091+0000] {dag.py:4180} INFO - Setting next_dagrun for dataset_s3_bucket_producer to None, run_after=None
[2026-08-08T07:46:41.115+0000] {processor.py:208} INFO - Processing /home/airflow/.local/lib/python3.12/site-packages/airflow/example_dags/example_dataset_alias.py took 0.692 seconds
[2026-08-08T07:47:11.160+0000] {processor.py:186} INFO - Started process (PID=6865) to work on /home/airflow/.local/lib/python3.12/site-packages/airflow/example_dags/example_dataset_alias.py
[2026-08-08T07:47:11.162+0000] {processor.py:914} INFO - Processing file /home/airflow/.local/lib/python3.12/site-packages/airflow/example_dags/example_dataset_alias.py for tasks to queue
[2026-08-08T07:47:11.166+0000] {logging_mixin.py:190} INFO - [2026-08-08T07:47:11.165+0000] {dagbag.py:588} INFO - Filling up the DagBag from /home/airflow/.local/lib/python3.12/site-packages/airflow/example_dags/example_dataset_alias.py
[2026-08-08T07:47:11.802+0000] {processor.py:925} INFO - DAG(s) 'dataset_alias_example_alias_consumer', 'dataset_alias_example_alias_producer', 'dataset_s3_bucket_producer', 'dataset_s3_bucket_consumer' retrieved from /home/airflow/.local/lib/python3.12/site-packages/airflow/example_dags/example_dataset_alias.py
[2026-08-08T07:47:11.822+0000] {logging_mixin.py:190} INFO - [2026-08-08T07:47:11.822+0000] {dag.py:3239} INFO - Sync 4 DAGs
[2026-08-08T07:47:11.845+0000] {logging_mixin.py:190} INFO - [2026-08-08T07:47:11.845+0000] {dag.py:4180} INFO - Setting next_dagrun for dataset_alias_example_alias_consumer to None, run_after=None
[2026-08-08T07:47:11.848+0000] {logging_mixin.py:190} INFO - [2026-08-08T07:47:11.848+0000] {dag.py:4180} INFO - Setting next_dagrun for dataset_alias_example_alias_producer to None, run_after=None
[2026-08-08T07:47:11.851+0000] {logging_mixin.py:190} INFO - [2026-08-08T07:47:11.850+0000] {dag.py:4180} INFO - Setting next_dagrun for dataset_s3_bucket_consumer to None, run_after=None
[2026-08-08T07:47:11.852+0000] {logging_mixin.py:190} INFO - [2026-08-08T07:47:11.852+0000] {dag.py:4180} INFO - Setting next_dagrun for dataset_s3_bucket_producer to None, run_after=None
[2026-08-08T07:47:11.873+0000] {processor.py:208} INFO - Processing /home/airflow/.local/lib/python3.12/site-packages/airflow/example_dags/example_dataset_alias.py took 0.720 seconds
[2026-08-08T07:47:41.953+0000] {processor.py:186} INFO - Started process (PID=6936) to work on /home/airflow/.local/lib/python3.12/site-packages/airflow/example_dags/example_dataset_alias.py
[2026-08-08T07:47:41.955+0000] {processor.py:914} INFO - Processing file /home/airflow/.local/lib/python3.12/site-packages/airflow/example_dags/example_dataset_alias.py for tasks to queue
[2026-08-08T07:47:41.959+0000] {logging_mixin.py:190} INFO - [2026-08-08T07:47:41.958+0000] {dagbag.py:588} INFO - Filling up the DagBag from /home/airflow/.local/lib/python3.12/site-packages/airflow/example_dags/example_dataset_alias.py
[2026-08-08T07:47:42.488+0000] {processor.py:925} INFO - DAG(s) 'dataset_s3_bucket_producer', 'dataset_alias_example_alias_consumer', 'dataset_alias_example_alias_producer', 'dataset_s3_bucket_consumer' retrieved from /home/airflow/.local/lib/python3.12/site-packages/airflow/example_dags/example_dataset_alias.py
[2026-08-08T07:47:42.512+0000] {logging_mixin.py:190} INFO - [2026-08-08T07:47:42.511+0000] {dag.py:3239} INFO - Sync 4 DAGs
[2026-08-08T07:47:42.548+0000] {logging_mixin.py:190} INFO - [2026-08-08T07:47:42.548+0000] {dag.py:4180} INFO - Setting next_dagrun for dataset_alias_example_alias_consumer to None, run_after=None
[2026-08-08T07:47:42.553+0000] {logging_mixin.py:190} INFO - [2026-08-08T07:47:42.553+0000] {dag.py:4180} INFO - Setting next_dagrun for dataset_alias_example_alias_producer to None, run_after=None
[2026-08-08T07:47:42.556+0000] {logging_mixin.py:190} INFO - [2026-08-08T07:47:42.555+0000] {dag.py:4180} INFO - Setting next_dagrun for dataset_s3_bucket_consumer to None, run_after=None
[2026-08-08T07:47:42.558+0000] {logging_mixin.py:190} INFO - [2026-08-08T07:47:42.558+0000] {dag.py:4180} INFO - Setting next_dagrun for dataset_s3_bucket_producer to None, run_after=None
[2026-08-08T07:47:42.591+0000] {processor.py:208} INFO - Processing /home/airflow/.local/lib/python3.12/site-packages/airflow/example_dags/example_dataset_alias.py took 0.645 seconds
[2026-08-08T07:48:13.415+0000] {processor.py:186} INFO - Started process (PID=7001) to work on /home/airflow/.local/lib/python3.12/site-packages/airflow/example_dags/example_dataset_alias.py
[2026-08-08T07:48:13.416+0000] {processor.py:914} INFO - Processing file /home/airflow/.local/lib/python3.12/site-packages/airflow/example_dags/example_dataset_alias.py for tasks to queue
[2026-08-08T07:48:13.420+0000] {logging_mixin.py:190} INFO - [2026-08-08T07:48:13.419+0000] {dagbag.py:588} INFO - Filling up the DagBag from /home/airflow/.local/lib/python3.12/site-packages/airflow/example_dags/example_dataset_alias.py
[2026-08-08T07:48:14.038+0000] {processor.py:925} INFO - DAG(s) 'dataset_s3_bucket_consumer', 'dataset_alias_example_alias_producer', 'dataset_alias_example_alias_consumer', 'dataset_s3_bucket_producer' retrieved from /home/airflow/.local/lib/python3.12/site-packages/airflow/example_dags/example_dataset_alias.py
[2026-08-08T07:48:14.062+0000] {logging_mixin.py:190} INFO - [2026-08-08T07:48:14.061+0000] {dag.py:3239} INFO - Sync 4 DAGs
[2026-08-08T07:48:14.090+0000] {logging_mixin.py:190} INFO - [2026-08-08T07:48:14.089+0000] {dag.py:4180} INFO - Setting next_dagrun for dataset_alias_example_alias_consumer to None, run_after=None
[2026-08-08T07:48:14.093+0000] {logging_mixin.py:190} INFO - [2026-08-08T07:48:14.093+0000] {dag.py:4180} INFO - Setting next_dagrun for dataset_alias_example_alias_producer to None, run_after=None
[2026-08-08T07:48:14.096+0000] {logging_mixin.py:190} INFO - [2026-08-08T07:48:14.096+0000] {dag.py:4180} INFO - Setting next_dagrun for dataset_s3_bucket_consumer to None, run_after=None
[2026-08-08T07:48:14.098+0000] {logging_mixin.py:190} INFO - [2026-08-08T07:48:14.098+0000] {dag.py:4180} INFO - Setting next_dagrun for dataset_s3_bucket_producer to None, run_after=None
[2026-08-08T07:48:14.126+0000] {processor.py:208} INFO - Processing /home/airflow/.local/lib/python3.12/site-packages/airflow/example_dags/example_dataset_alias.py took 0.718 seconds
[2026-08-08T07:48:44.539+0000] {processor.py:186} INFO - Started process (PID=7066) to work on /home/airflow/.local/lib/python3.12/site-packages/airflow/example_dags/example_dataset_alias.py
[2026-08-08T07:48:44.541+0000] {processor.py:914} INFO - Processing file /home/airflow/.local/lib/python3.12/site-packages/airflow/example_dags/example_dataset_alias.py for tasks to queue
[2026-08-08T07:48:44.544+0000] {logging_mixin.py:190} INFO - [2026-08-08T07:48:44.544+0000] {dagbag.py:588} INFO - Filling up the DagBag from /home/airflow/.local/lib/python3.12/site-packages/airflow/example_dags/example_dataset_alias.py
[2026-08-08T07:48:45.167+0000] {processor.py:925} INFO - DAG(s) 'dataset_alias_example_alias_consumer', 'dataset_s3_bucket_consumer', 'dataset_s3_bucket_producer', 'dataset_alias_example_alias_producer' retrieved from /home/airflow/.local/lib/python3.12/site-packages/airflow/example_dags/example_dataset_alias.py
[2026-08-08T07:48:45.189+0000] {logging_mixin.py:190} INFO - [2026-08-08T07:48:45.188+0000] {dag.py:3239} INFO - Sync 4 DAGs
[2026-08-08T07:48:45.212+0000] {logging_mixin.py:190} INFO - [2026-08-08T07:48:45.212+0000] {dag.py:4180} INFO - Setting next_dagrun for dataset_alias_example_alias_consumer to None, run_after=None
[2026-08-08T07:48:45.216+0000] {logging_mixin.py:190} INFO - [2026-08-08T07:48:45.215+0000] {dag.py:4180} INFO - Setting next_dagrun for dataset_alias_example_alias_producer to None, run_after=None
[2026-08-08T07:48:45.218+0000] {logging_mixin.py:190} INFO - [2026-08-08T07:48:45.218+0000] {dag.py:4180} INFO - Setting next_dagrun for dataset_s3_bucket_consumer to None, run_after=None
[2026-08-08T07:48:45.220+0000] {logging_mixin.py:190} INFO - [2026-08-08T07:48:45.219+0000] {dag.py:4180} INFO - Setting next_dagrun for dataset_s3_bucket_producer to None, run_after=None
[2026-08-08T07:48:45.243+0000] {processor.py:208} INFO - Processing /home/airflow/.local/lib/python3.12/site-packages/airflow/example_dags/example_dataset_alias.py took 0.713 seconds
[2026-08-08T07:49:15.302+0000] {processor.py:186} INFO - Started process (PID=7132) to work on /home/airflow/.local/lib/python3.12/site-packages/airflow/example_dags/example_dataset_alias.py
[2026-08-08T07:49:15.303+0000] {processor.py:914} INFO - Processing file /home/airflow/.local/lib/python3.12/site-packages/airflow/example_dags/example_dataset_alias.py for tasks to queue
[2026-08-08T07:49:15.306+0000] {logging_mixin.py:190} INFO - [2026-08-08T07:49:15.305+0000] {dagbag.py:588} INFO - Filling up the DagBag from /home/airflow/.local/lib/python3.12/site-packages/airflow/example_dags/example_dataset_alias.py
[2026-08-08T07:49:15.849+0000] {processor.py:925} INFO - DAG(s) 'dataset_alias_example_alias_consumer', 'dataset_s3_bucket_consumer', 'dataset_alias_example_alias_producer', 'dataset_s3_bucket_producer' retrieved from /home/airflow/.local/lib/python3.12/site-packages/airflow/example_dags/example_dataset_alias.py
[2026-08-08T07:49:15.869+0000] {logging_mixin.py:190} INFO - [2026-08-08T07:49:15.869+0000] {dag.py:3239} INFO - Sync 4 DAGs
[2026-08-08T07:49:15.891+0000] {logging_mixin.py:190} INFO - [2026-08-08T07:49:15.891+0000] {dag.py:4180} INFO - Setting next_dagrun for dataset_alias_example_alias_consumer to None, run_after=None
[2026-08-08T07:49:15.895+0000] {logging_mixin.py:190} INFO - [2026-08-08T07:49:15.894+0000] {dag.py:4180} INFO - Setting next_dagrun for dataset_alias_example_alias_producer to None, run_after=None
[2026-08-08T07:49:15.897+0000] {logging_mixin.py:190} INFO - [2026-08-08T07:49:15.896+0000] {dag.py:4180} INFO - Setting next_dagrun for dataset_s3_bucket_consumer to None, run_after=None
[2026-08-08T07:49:15.899+0000] {logging_mixin.py:190} INFO - [2026-08-08T07:49:15.898+0000] {dag.py:4180} INFO - Setting next_dagrun for dataset_s3_bucket_producer to None, run_after=None
[2026-08-08T07:49:15.920+0000] {processor.py:208} INFO - Processing /home/airflow/.local/lib/python3.12/site-packages/airflow/example_dags/example_dataset_alias.py took 0.625 seconds
[2026-08-08T07:49:46.063+0000] {processor.py:186} INFO - Started process (PID=7197) to work on /home/airflow/.local/lib/python3.12/site-packages/airflow/example_dags/example_dataset_alias.py
[2026-08-08T07:49:46.065+0000] {processor.py:914} INFO - Processing file /home/airflow/.local/lib/python3.12/site-packages/airflow/example_dags/example_dataset_alias.py for tasks to queue
[2026-08-08T07:49:46.069+0000] {logging_mixin.py:190} INFO - [2026-08-08T07:49:46.068+0000] {dagbag.py:588} INFO - Filling up the DagBag from /home/airflow/.local/lib/python3.12/site-packages/airflow/example_dags/example_dataset_alias.py
[2026-08-08T07:49:46.731+0000] {processor.py:925} INFO - DAG(s) 'dataset_s3_bucket_consumer', 'dataset_alias_example_alias_producer', 'dataset_alias_example_alias_consumer', 'dataset_s3_bucket_producer' retrieved from /home/airflow/.local/lib/python3.12/site-packages/airflow/example_dags/example_dataset_alias.py
[2026-08-08T07:49:46.756+0000] {logging_mixin.py:190} INFO - [2026-08-08T07:49:46.756+0000] {dag.py:3239} INFO - Sync 4 DAGs
[2026-08-08T07:49:46.781+0000] {logging_mixin.py:190} INFO - [2026-08-08T07:49:46.781+0000] {dag.py:4180} INFO - Setting next_dagrun for dataset_alias_example_alias_consumer to None, run_after=None
[2026-08-08T07:49:46.791+0000] {logging_mixin.py:190} INFO - [2026-08-08T07:49:46.790+0000] {dag.py:4180} INFO - Setting next_dagrun for dataset_alias_example_alias_producer to None, run_after=None
[2026-08-08T07:49:46.793+0000] {logging_mixin.py:190} INFO - [2026-08-08T07:49:46.793+0000] {dag.py:4180} INFO - Setting next_dagrun for dataset_s3_bucket_consumer to None, run_after=None
[2026-08-08T07:49:46.795+0000] {logging_mixin.py:190} INFO - [2026-08-08T07:49:46.795+0000] {dag.py:4180} INFO - Setting next_dagrun for dataset_s3_bucket_producer to None, run_after=None
[2026-08-08T07:49:46.818+0000] {processor.py:208} INFO - Processing /home/airflow/.local/lib/python3.12/site-packages/airflow/example_dags/example_dataset_alias.py took 0.762 seconds
[2026-08-08T07:50:17.132+0000] {processor.py:186} INFO - Started process (PID=7262) to work on /home/airflow/.local/lib/python3.12/site-packages/airflow/example_dags/example_dataset_alias.py
[2026-08-08T07:50:17.133+0000] {processor.py:914} INFO - Processing file /home/airflow/.local/lib/python3.12/site-packages/airflow/example_dags/example_dataset_alias.py for tasks to queue
[2026-08-08T07:50:17.137+0000] {logging_mixin.py:190} INFO - [2026-08-08T07:50:17.137+0000] {dagbag.py:588} INFO - Filling up the DagBag from /home/airflow/.local/lib/python3.12/site-packages/airflow/example_dags/example_dataset_alias.py
[2026-08-08T07:50:17.742+0000] {processor.py:925} INFO - DAG(s) 'dataset_s3_bucket_producer', 'dataset_s3_bucket_consumer', 'dataset_alias_example_alias_producer', 'dataset_alias_example_alias_consumer' retrieved from /home/airflow/.local/lib/python3.12/site-packages/airflow/example_dags/example_dataset_alias.py
[2026-08-08T07:50:17.767+0000] {logging_mixin.py:190} INFO - [2026-08-08T07:50:17.766+0000] {dag.py:3239} INFO - Sync 4 DAGs
[2026-08-08T07:50:17.794+0000] {logging_mixin.py:190} INFO - [2026-08-08T07:50:17.794+0000] {dag.py:4180} INFO - Setting next_dagrun for dataset_alias_example_alias_consumer to None, run_after=None
[2026-08-08T07:50:17.798+0000] {logging_mixin.py:190} INFO - [2026-08-08T07:50:17.797+0000] {dag.py:4180} INFO - Setting next_dagrun for dataset_alias_example_alias_producer to None, run_after=None
[2026-08-08T07:50:17.800+0000] {logging_mixin.py:190} INFO - [2026-08-08T07:50:17.800+0000] {dag.py:4180} INFO - Setting next_dagrun for dataset_s3_bucket_consumer to None, run_after=None
[2026-08-08T07:50:17.803+0000] {logging_mixin.py:190} INFO - [2026-08-08T07:50:17.802+0000] {dag.py:4180} INFO - Setting next_dagrun for dataset_s3_bucket_producer to None, run_after=None
[2026-08-08T07:50:17.827+0000] {processor.py:208} INFO - Processing /home/airflow/.local/lib/python3.12/site-packages/airflow/example_dags/example_dataset_alias.py took 0.703 seconds
[2026-08-08T07:50:48.273+0000] {processor.py:186} INFO - Started process (PID=7327) to work on /home/airflow/.local/lib/python3.12/site-packages/airflow/example_dags/example_dataset_alias.py
[2026-08-08T07:50:48.274+0000] {processor.py:914} INFO - Processing file /home/airflow/.local/lib/python3.12/site-packages/airflow/example_dags/example_dataset_alias.py for tasks to queue
[2026-08-08T07:50:48.278+0000] {logging_mixin.py:190} INFO - [2026-08-08T07:50:48.277+0000] {dagbag.py:588} INFO - Filling up the DagBag from /home/airflow/.local/lib/python3.12/site-packages/airflow/example_dags/example_dataset_alias.py
[2026-08-08T07:50:48.969+0000] {processor.py:925} INFO - DAG(s) 'dataset_alias_example_alias_producer', 'dataset_s3_bucket_producer', 'dataset_s3_bucket_consumer', 'dataset_alias_example_alias_consumer' retrieved from /home/airflow/.local/lib/python3.12/site-packages/airflow/example_dags/example_dataset_alias.py
[2026-08-08T07:50:48.994+0000] {logging_mixin.py:190} INFO - [2026-08-08T07:50:48.993+0000] {dag.py:3239} INFO - Sync 4 DAGs
[2026-08-08T07:50:49.016+0000] {logging_mixin.py:190} INFO - [2026-08-08T07:50:49.016+0000] {dag.py:4180} INFO - Setting next_dagrun for dataset_alias_example_alias_consumer to None, run_after=None
[2026-08-08T07:50:49.020+0000] {logging_mixin.py:190} INFO - [2026-08-08T07:50:49.019+0000] {dag.py:4180} INFO - Setting next_dagrun for dataset_alias_example_alias_producer to None, run_after=None
[2026-08-08T07:50:49.022+0000] {logging_mixin.py:190} INFO - [2026-08-08T07:50:49.022+0000] {dag.py:4180} INFO - Setting next_dagrun for dataset_s3_bucket_consumer to None, run_after=None
[2026-08-08T07:50:49.024+0000] {logging_mixin.py:190} INFO - [2026-08-08T07:50:49.024+0000] {dag.py:4180} INFO - Setting next_dagrun for dataset_s3_bucket_producer to None, run_after=None
[2026-08-08T07:50:49.047+0000] {processor.py:208} INFO - Processing /home/airflow/.local/lib/python3.12/site-packages/airflow/example_dags/example_dataset_alias.py took 0.782 seconds
[2026-08-08T07:51:19.277+0000] {processor.py:186} INFO - Started process (PID=7392) to work on /home/airflow/.local/lib/python3.12/site-packages/airflow/example_dags/example_dataset_alias.py
[2026-08-08T07:51:19.278+0000] {processor.py:914} INFO - Processing file /home/airflow/.local/lib/python3.12/site-packages/airflow/example_dags/example_dataset_alias.py for tasks to queue
[2026-08-08T07:51:19.282+0000] {logging_mixin.py:190} INFO - [2026-08-08T07:51:19.281+0000] {dagbag.py:588} INFO - Filling up the DagBag from /home/airflow/.local/lib/python3.12/site-packages/airflow/example_dags/example_dataset_alias.py
[2026-08-08T07:51:19.906+0000] {processor.py:925} INFO - DAG(s) 'dataset_alias_example_alias_consumer', 'dataset_s3_bucket_producer', 'dataset_alias_example_alias_producer', 'dataset_s3_bucket_consumer' retrieved from /home/airflow/.local/lib/python3.12/site-packages/airflow/example_dags/example_dataset_alias.py
[2026-08-08T07:51:19.930+0000] {logging_mixin.py:190} INFO - [2026-08-08T07:51:19.929+0000] {dag.py:3239} INFO - Sync 4 DAGs
[2026-08-08T07:51:19.953+0000] {logging_mixin.py:190} INFO - [2026-08-08T07:51:19.952+0000] {dag.py:4180} INFO - Setting next_dagrun for dataset_alias_example_alias_consumer to None, run_after=None
[2026-08-08T07:51:19.956+0000] {logging_mixin.py:190} INFO - [2026-08-08T07:51:19.956+0000] {dag.py:4180} INFO - Setting next_dagrun for dataset_alias_example_alias_producer to None, run_after=None
[2026-08-08T07:51:19.958+0000] {logging_mixin.py:190} INFO - [2026-08-08T07:51:19.958+0000] {dag.py:4180} INFO - Setting next_dagrun for dataset_s3_bucket_consumer to None, run_after=None
[2026-08-08T07:51:19.960+0000] {logging_mixin.py:190} INFO - [2026-08-08T07:51:19.960+0000] {dag.py:4180} INFO - Setting next_dagrun for dataset_s3_bucket_producer to None, run_after=None
[2026-08-08T07:51:19.981+0000] {processor.py:208} INFO - Processing /home/airflow/.local/lib/python3.12/site-packages/airflow/example_dags/example_dataset_alias.py took 0.711 seconds
[2026-08-08T07:51:50.177+0000] {processor.py:186} INFO - Started process (PID=7457) to work on /home/airflow/.local/lib/python3.12/site-packages/airflow/example_dags/example_dataset_alias.py
[2026-08-08T07:51:50.178+0000] {processor.py:914} INFO - Processing file /home/airflow/.local/lib/python3.12/site-packages/airflow/example_dags/example_dataset_alias.py for tasks to queue
[2026-08-08T07:51:50.181+0000] {logging_mixin.py:190} INFO - [2026-08-08T07:51:50.181+0000] {dagbag.py:588} INFO - Filling up the DagBag from /home/airflow/.local/lib/python3.12/site-packages/airflow/example_dags/example_dataset_alias.py
[2026-08-08T07:51:50.757+0000] {processor.py:925} INFO - DAG(s) 'dataset_s3_bucket_producer', 'dataset_alias_example_alias_consumer', 'dataset_alias_example_alias_producer', 'dataset_s3_bucket_consumer' retrieved from /home/airflow/.local/lib/python3.12/site-packages/airflow/example_dags/example_dataset_alias.py
[2026-08-08T07:51:50.781+0000] {logging_mixin.py:190} INFO - [2026-08-08T07:51:50.780+0000] {dag.py:3239} INFO - Sync 4 DAGs
[2026-08-08T07:51:50.804+0000] {logging_mixin.py:190} INFO - [2026-08-08T07:51:50.804+0000] {dag.py:4180} INFO - Setting next_dagrun for dataset_alias_example_alias_consumer to None, run_after=None
[2026-08-08T07:51:50.807+0000] {logging_mixin.py:190} INFO - [2026-08-08T07:51:50.807+0000] {dag.py:4180} INFO - Setting next_dagrun for dataset_alias_example_alias_producer to None, run_after=None
[2026-08-08T07:51:50.810+0000] {logging_mixin.py:190} INFO - [2026-08-08T07:51:50.809+0000] {dag.py:4180} INFO - Setting next_dagrun for dataset_s3_bucket_consumer to None, run_after=None
[2026-08-08T07:51:50.812+0000] {logging_mixin.py:190} INFO - [2026-08-08T07:51:50.812+0000] {dag.py:4180} INFO - Setting next_dagrun for dataset_s3_bucket_producer to None, run_after=None
[2026-08-08T07:51:50.835+0000] {processor.py:208} INFO - Processing /home/airflow/.local/lib/python3.12/site-packages/airflow/example_dags/example_dataset_alias.py took 0.663 seconds
[2026-08-08T07:52:21.087+0000] {processor.py:186} INFO - Started process (PID=7522) to work on /home/airflow/.local/lib/python3.12/site-packages/airflow/example_dags/example_dataset_alias.py
[2026-08-08T07:52:21.088+0000] {processor.py:914} INFO - Processing file /home/airflow/.local/lib/python3.12/site-packages/airflow/example_dags/example_dataset_alias.py for tasks to queue
[2026-08-08T07:52:21.091+0000] {logging_mixin.py:190} INFO - [2026-08-08T07:52:21.091+0000] {dagbag.py:588} INFO - Filling up the DagBag from /home/airflow/.local/lib/python3.12/site-packages/airflow/example_dags/example_dataset_alias.py
[2026-08-08T07:52:21.695+0000] {processor.py:925} INFO - DAG(s) 'dataset_alias_example_alias_consumer', 'dataset_s3_bucket_producer', 'dataset_s3_bucket_consumer', 'dataset_alias_example_alias_producer' retrieved from /home/airflow/.local/lib/python3.12/site-packages/airflow/example_dags/example_dataset_alias.py
[2026-08-08T07:52:21.717+0000] {logging_mixin.py:190} INFO - [2026-08-08T07:52:21.717+0000] {dag.py:3239} INFO - Sync 4 DAGs
[2026-08-08T07:52:21.740+0000] {logging_mixin.py:190} INFO - [2026-08-08T07:52:21.740+0000] {dag.py:4180} INFO - Setting next_dagrun for dataset_alias_example_alias_consumer to None, run_after=None
[2026-08-08T07:52:21.743+0000] {logging_mixin.py:190} INFO - [2026-08-08T07:52:21.743+0000] {dag.py:4180} INFO - Setting next_dagrun for dataset_alias_example_alias_producer to None, run_after=None
[2026-08-08T07:52:21.746+0000] {logging_mixin.py:190} INFO - [2026-08-08T07:52:21.745+0000] {dag.py:4180} INFO - Setting next_dagrun for dataset_s3_bucket_consumer to None, run_after=None
[2026-08-08T07:52:21.748+0000] {logging_mixin.py:190} INFO - [2026-08-08T07:52:21.747+0000] {dag.py:4180} INFO - Setting next_dagrun for dataset_s3_bucket_producer to None, run_after=None
[2026-08-08T07:52:21.773+0000] {processor.py:208} INFO - Processing /home/airflow/.local/lib/python3.12/site-packages/airflow/example_dags/example_dataset_alias.py took 0.692 seconds
[2026-08-08T07:52:52.058+0000] {processor.py:186} INFO - Started process (PID=7587) to work on /home/airflow/.local/lib/python3.12/site-packages/airflow/example_dags/example_dataset_alias.py
[2026-08-08T07:52:52.059+0000] {processor.py:914} INFO - Processing file /home/airflow/.local/lib/python3.12/site-packages/airflow/example_dags/example_dataset_alias.py for tasks to queue
[2026-08-08T07:52:52.063+0000] {logging_mixin.py:190} INFO - [2026-08-08T07:52:52.062+0000] {dagbag.py:588} INFO - Filling up the DagBag from /home/airflow/.local/lib/python3.12/site-packages/airflow/example_dags/example_dataset_alias.py
[2026-08-08T07:52:52.708+0000] {processor.py:925} INFO - DAG(s) 'dataset_alias_example_alias_producer', 'dataset_alias_example_alias_consumer', 'dataset_s3_bucket_producer', 'dataset_s3_bucket_consumer' retrieved from /home/airflow/.local/lib/python3.12/site-packages/airflow/example_dags/example_dataset_alias.py
[2026-08-08T07:52:52.730+0000] {logging_mixin.py:190} INFO - [2026-08-08T07:52:52.730+0000] {dag.py:3239} INFO - Sync 4 DAGs
[2026-08-08T07:52:52.757+0000] {logging_mixin.py:190} INFO - [2026-08-08T07:52:52.757+0000] {dag.py:4180} INFO - Setting next_dagrun for dataset_alias_example_alias_consumer to None, run_after=None
[2026-08-08T07:52:52.761+0000] {logging_mixin.py:190} INFO - [2026-08-08T07:52:52.760+0000] {dag.py:4180} INFO - Setting next_dagrun for dataset_alias_example_alias_producer to None, run_after=None
[2026-08-08T07:52:52.763+0000] {logging_mixin.py:190} INFO - [2026-08-08T07:52:52.763+0000] {dag.py:4180} INFO - Setting next_dagrun for dataset_s3_bucket_consumer to None, run_after=None
[2026-08-08T07:52:52.765+0000] {logging_mixin.py:190} INFO - [2026-08-08T07:52:52.764+0000] {dag.py:4180} INFO - Setting next_dagrun for dataset_s3_bucket_producer to None, run_after=None
[2026-08-08T07:52:52.788+0000] {processor.py:208} INFO - Processing /home/airflow/.local/lib/python3.12/site-packages/airflow/example_dags/example_dataset_alias.py took 0.736 seconds
[2026-08-08T07:53:23.210+0000] {processor.py:186} INFO - Started process (PID=7652) to work on /home/airflow/.local/lib/python3.12/site-packages/airflow/example_dags/example_dataset_alias.py
[2026-08-08T07:53:23.211+0000] {processor.py:914} INFO - Processing file /home/airflow/.local/lib/python3.12/site-packages/airflow/example_dags/example_dataset_alias.py for tasks to queue
[2026-08-08T07:53:23.215+0000] {logging_mixin.py:190} INFO - [2026-08-08T07:53:23.215+0000] {dagbag.py:588} INFO - Filling up the DagBag from /home/airflow/.local/lib/python3.12/site-packages/airflow/example_dags/example_dataset_alias.py
[2026-08-08T07:53:23.824+0000] {processor.py:925} INFO - DAG(s) 'dataset_alias_example_alias_producer', 'dataset_alias_example_alias_consumer', 'dataset_s3_bucket_producer', 'dataset_s3_bucket_consumer' retrieved from /home/airflow/.local/lib/python3.12/site-packages/airflow/example_dags/example_dataset_alias.py
[2026-08-08T07:53:23.845+0000] {logging_mixin.py:190} INFO - [2026-08-08T07:53:23.845+0000] {dag.py:3239} INFO - Sync 4 DAGs
[2026-08-08T07:53:23.868+0000] {logging_mixin.py:190} INFO - [2026-08-08T07:53:23.867+0000] {dag.py:4180} INFO - Setting next_dagrun for dataset_alias_example_alias_consumer to None, run_after=None
[2026-08-08T07:53:23.871+0000] {logging_mixin.py:190} INFO - [2026-08-08T07:53:23.871+0000] {dag.py:4180} INFO - Setting next_dagrun for dataset_alias_example_alias_producer to None, run_after=None
[2026-08-08T07:53:23.873+0000] {logging_mixin.py:190} INFO - [2026-08-08T07:53:23.873+0000] {dag.py:4180} INFO - Setting next_dagrun for dataset_s3_bucket_consumer to None, run_after=None
[2026-08-08T07:53:23.876+0000] {logging_mixin.py:190} INFO - [2026-08-08T07:53:23.875+0000] {dag.py:4180} INFO - Setting next_dagrun for dataset_s3_bucket_producer to None, run_after=None
[2026-08-08T07:53:23.899+0000] {processor.py:208} INFO - Processing /home/airflow/.local/lib/python3.12/site-packages/airflow/example_dags/example_dataset_alias.py took 0.695 seconds
[2026-08-08T07:53:54.399+0000] {processor.py:186} INFO - Started process (PID=7718) to work on /home/airflow/.local/lib/python3.12/site-packages/airflow/example_dags/example_dataset_alias.py
[2026-08-08T07:53:54.401+0000] {processor.py:914} INFO - Processing file /home/airflow/.local/lib/python3.12/site-packages/airflow/example_dags/example_dataset_alias.py for tasks to queue
[2026-08-08T07:53:54.404+0000] {logging_mixin.py:190} INFO - [2026-08-08T07:53:54.404+0000] {dagbag.py:588} INFO - Filling up the DagBag from /home/airflow/.local/lib/python3.12/site-packages/airflow/example_dags/example_dataset_alias.py
[2026-08-08T07:53:54.950+0000] {processor.py:925} INFO - DAG(s) 'dataset_s3_bucket_producer', 'dataset_s3_bucket_consumer', 'dataset_alias_example_alias_consumer', 'dataset_alias_example_alias_producer' retrieved from /home/airflow/.local/lib/python3.12/site-packages/airflow/example_dags/example_dataset_alias.py
[2026-08-08T07:53:54.970+0000] {logging_mixin.py:190} INFO - [2026-08-08T07:53:54.969+0000] {dag.py:3239} INFO - Sync 4 DAGs
[2026-08-08T07:53:54.991+0000] {logging_mixin.py:190} INFO - [2026-08-08T07:53:54.991+0000] {dag.py:4180} INFO - Setting next_dagrun for dataset_alias_example_alias_consumer to None, run_after=None
[2026-08-08T07:53:54.994+0000] {logging_mixin.py:190} INFO - [2026-08-08T07:53:54.994+0000] {dag.py:4180} INFO - Setting next_dagrun for dataset_alias_example_alias_producer to None, run_after=None
[2026-08-08T07:53:54.996+0000] {logging_mixin.py:190} INFO - [2026-08-08T07:53:54.996+0000] {dag.py:4180} INFO - Setting next_dagrun for dataset_s3_bucket_consumer to None, run_after=None
[2026-08-08T07:53:54.998+0000] {logging_mixin.py:190} INFO - [2026-08-08T07:53:54.998+0000] {dag.py:4180} INFO - Setting next_dagrun for dataset_s3_bucket_producer to None, run_after=None
[2026-08-08T07:53:55.019+0000] {processor.py:208} INFO - Processing /home/airflow/.local/lib/python3.12/site-packages/airflow/example_dags/example_dataset_alias.py took 0.626 seconds
[2026-08-08T07:54:25.323+0000] {processor.py:186} INFO - Started process (PID=7782) to work on /home/airflow/.local/lib/python3.12/site-packages/airflow/example_dags/example_dataset_alias.py
[2026-08-08T07:54:25.325+0000] {processor.py:914} INFO - Processing file /home/airflow/.local/lib/python3.12/site-packages/airflow/example_dags/example_dataset_alias.py for tasks to queue
[2026-08-08T07:54:25.329+0000] {logging_mixin.py:190} INFO - [2026-08-08T07:54:25.329+0000] {dagbag.py:588} INFO - Filling up the DagBag from /home/airflow/.local/lib/python3.12/site-packages/airflow/example_dags/example_dataset_alias.py
[2026-08-08T07:54:25.947+0000] {processor.py:925} INFO - DAG(s) 'dataset_alias_example_alias_producer', 'dataset_s3_bucket_consumer', 'dataset_s3_bucket_producer', 'dataset_alias_example_alias_consumer' retrieved from /home/airflow/.local/lib/python3.12/site-packages/airflow/example_dags/example_dataset_alias.py
[2026-08-08T07:54:25.971+0000] {logging_mixin.py:190} INFO - [2026-08-08T07:54:25.970+0000] {dag.py:3239} INFO - Sync 4 DAGs
[2026-08-08T07:54:25.997+0000] {logging_mixin.py:190} INFO - [2026-08-08T07:54:25.997+0000] {dag.py:4180} INFO - Setting next_dagrun for dataset_alias_example_alias_consumer to None, run_after=None
[2026-08-08T07:54:26.001+0000] {logging_mixin.py:190} INFO - [2026-08-08T07:54:26.000+0000] {dag.py:4180} INFO - Setting next_dagrun for dataset_alias_example_alias_producer to None, run_after=None
[2026-08-08T07:54:26.004+0000] {logging_mixin.py:190} INFO - [2026-08-08T07:54:26.004+0000] {dag.py:4180} INFO - Setting next_dagrun for dataset_s3_bucket_consumer to None, run_after=None
[2026-08-08T07:54:26.006+0000] {logging_mixin.py:190} INFO - [2026-08-08T07:54:26.006+0000] {dag.py:4180} INFO - Setting next_dagrun for dataset_s3_bucket_producer to None, run_after=None
[2026-08-08T07:54:26.027+0000] {processor.py:208} INFO - Processing /home/airflow/.local/lib/python3.12/site-packages/airflow/example_dags/example_dataset_alias.py took 0.713 seconds
[2026-08-08T07:54:56.280+0000] {processor.py:186} INFO - Started process (PID=7847) to work on /home/airflow/.local/lib/python3.12/site-packages/airflow/example_dags/example_dataset_alias.py
[2026-08-08T07:54:56.281+0000] {processor.py:914} INFO - Processing file /home/airflow/.local/lib/python3.12/site-packages/airflow/example_dags/example_dataset_alias.py for tasks to queue
[2026-08-08T07:54:56.284+0000] {logging_mixin.py:190} INFO - [2026-08-08T07:54:56.284+0000] {dagbag.py:588} INFO - Filling up the DagBag from /home/airflow/.local/lib/python3.12/site-packages/airflow/example_dags/example_dataset_alias.py
[2026-08-08T07:54:56.889+0000] {processor.py:925} INFO - DAG(s) 'dataset_s3_bucket_consumer', 'dataset_s3_bucket_producer', 'dataset_alias_example_alias_producer', 'dataset_alias_example_alias_consumer' retrieved from /home/airflow/.local/lib/python3.12/site-packages/airflow/example_dags/example_dataset_alias.py
[2026-08-08T07:54:56.913+0000] {logging_mixin.py:190} INFO - [2026-08-08T07:54:56.912+0000] {dag.py:3239} INFO - Sync 4 DAGs
[2026-08-08T07:54:56.936+0000] {logging_mixin.py:190} INFO - [2026-08-08T07:54:56.936+0000] {dag.py:4180} INFO - Setting next_dagrun for dataset_alias_example_alias_consumer to None, run_after=None
[2026-08-08T07:54:56.940+0000] {logging_mixin.py:190} INFO - [2026-08-08T07:54:56.940+0000] {dag.py:4180} INFO - Setting next_dagrun for dataset_alias_example_alias_producer to None, run_after=None
[2026-08-08T07:54:56.944+0000] {logging_mixin.py:190} INFO - [2026-08-08T07:54:56.944+0000] {dag.py:4180} INFO - Setting next_dagrun for dataset_s3_bucket_consumer to None, run_after=None
[2026-08-08T07:54:56.946+0000] {logging_mixin.py:190} INFO - [2026-08-08T07:54:56.946+0000] {dag.py:4180} INFO - Setting next_dagrun for dataset_s3_bucket_producer to None, run_after=None
[2026-08-08T07:54:56.971+0000] {processor.py:208} INFO - Processing /home/airflow/.local/lib/python3.12/site-packages/airflow/example_dags/example_dataset_alias.py took 0.696 seconds
[2026-08-08T07:55:27.304+0000] {processor.py:186} INFO - Started process (PID=7912) to work on /home/airflow/.local/lib/python3.12/site-packages/airflow/example_dags/example_dataset_alias.py
[2026-08-08T07:55:27.305+0000] {processor.py:914} INFO - Processing file /home/airflow/.local/lib/python3.12/site-packages/airflow/example_dags/example_dataset_alias.py for tasks to queue
[2026-08-08T07:55:27.309+0000] {logging_mixin.py:190} INFO - [2026-08-08T07:55:27.308+0000] {dagbag.py:588} INFO - Filling up the DagBag from /home/airflow/.local/lib/python3.12/site-packages/airflow/example_dags/example_dataset_alias.py
[2026-08-08T07:55:27.955+0000] {processor.py:925} INFO - DAG(s) 'dataset_s3_bucket_consumer', 'dataset_s3_bucket_producer', 'dataset_alias_example_alias_producer', 'dataset_alias_example_alias_consumer' retrieved from /home/airflow/.local/lib/python3.12/site-packages/airflow/example_dags/example_dataset_alias.py
[2026-08-08T07:55:27.976+0000] {logging_mixin.py:190} INFO - [2026-08-08T07:55:27.975+0000] {dag.py:3239} INFO - Sync 4 DAGs
[2026-08-08T07:55:27.998+0000] {logging_mixin.py:190} INFO - [2026-08-08T07:55:27.997+0000] {dag.py:4180} INFO - Setting next_dagrun for dataset_alias_example_alias_consumer to None, run_after=None
[2026-08-08T07:55:28.001+0000] {logging_mixin.py:190} INFO - [2026-08-08T07:55:28.001+0000] {dag.py:4180} INFO - Setting next_dagrun for dataset_alias_example_alias_producer to None, run_after=None
[2026-08-08T07:55:28.005+0000] {logging_mixin.py:190} INFO - [2026-08-08T07:55:28.005+0000] {dag.py:4180} INFO - Setting next_dagrun for dataset_s3_bucket_consumer to None, run_after=None
[2026-08-08T07:55:28.007+0000] {logging_mixin.py:190} INFO - [2026-08-08T07:55:28.007+0000] {dag.py:4180} INFO - Setting next_dagrun for dataset_s3_bucket_producer to None, run_after=None
[2026-08-08T07:55:28.029+0000] {processor.py:208} INFO - Processing /home/airflow/.local/lib/python3.12/site-packages/airflow/example_dags/example_dataset_alias.py took 0.733 seconds
[2026-08-08T07:55:58.763+0000] {processor.py:186} INFO - Started process (PID=7977) to work on /home/airflow/.local/lib/python3.12/site-packages/airflow/example_dags/example_dataset_alias.py
[2026-08-08T07:55:58.764+0000] {processor.py:914} INFO - Processing file /home/airflow/.local/lib/python3.12/site-packages/airflow/example_dags/example_dataset_alias.py for tasks to queue
[2026-08-08T07:55:58.767+0000] {logging_mixin.py:190} INFO - [2026-08-08T07:55:58.767+0000] {dagbag.py:588} INFO - Filling up the DagBag from /home/airflow/.local/lib/python3.12/site-packages/airflow/example_dags/example_dataset_alias.py
[2026-08-08T07:55:59.293+0000] {processor.py:925} INFO - DAG(s) 'dataset_alias_example_alias_consumer', 'dataset_s3_bucket_producer', 'dataset_alias_example_alias_producer', 'dataset_s3_bucket_consumer' retrieved from /home/airflow/.local/lib/python3.12/site-packages/airflow/example_dags/example_dataset_alias.py
[2026-08-08T07:55:59.314+0000] {logging_mixin.py:190} INFO - [2026-08-08T07:55:59.314+0000] {dag.py:3239} INFO - Sync 4 DAGs
[2026-08-08T07:55:59.336+0000] {logging_mixin.py:190} INFO - [2026-08-08T07:55:59.336+0000] {dag.py:4180} INFO - Setting next_dagrun for dataset_alias_example_alias_consumer to None, run_after=None
[2026-08-08T07:55:59.340+0000] {logging_mixin.py:190} INFO - [2026-08-08T07:55:59.339+0000] {dag.py:4180} INFO - Setting next_dagrun for dataset_alias_example_alias_producer to None, run_after=None
[2026-08-08T07:55:59.343+0000] {logging_mixin.py:190} INFO - [2026-08-08T07:55:59.343+0000] {dag.py:4180} INFO - Setting next_dagrun for dataset_s3_bucket_consumer to None, run_after=None
[2026-08-08T07:55:59.346+0000] {logging_mixin.py:190} INFO - [2026-08-08T07:55:59.345+0000] {dag.py:4180} INFO - Setting next_dagrun for dataset_s3_bucket_producer to None, run_after=None
[2026-08-08T07:55:59.369+0000] {processor.py:208} INFO - Processing /home/airflow/.local/lib/python3.12/site-packages/airflow/example_dags/example_dataset_alias.py took 0.611 seconds
[2026-08-08T07:56:29.501+0000] {processor.py:186} INFO - Started process (PID=8042) to work on /home/airflow/.local/lib/python3.12/site-packages/airflow/example_dags/example_dataset_alias.py
[2026-08-08T07:56:29.502+0000] {processor.py:914} INFO - Processing file /home/airflow/.local/lib/python3.12/site-packages/airflow/example_dags/example_dataset_alias.py for tasks to queue
[2026-08-08T07:56:29.505+0000] {logging_mixin.py:190} INFO - [2026-08-08T07:56:29.505+0000] {dagbag.py:588} INFO - Filling up the DagBag from /home/airflow/.local/lib/python3.12/site-packages/airflow/example_dags/example_dataset_alias.py
[2026-08-08T07:56:30.051+0000] {processor.py:925} INFO - DAG(s) 'dataset_alias_example_alias_consumer', 'dataset_s3_bucket_consumer', 'dataset_s3_bucket_producer', 'dataset_alias_example_alias_producer' retrieved from /home/airflow/.local/lib/python3.12/site-packages/airflow/example_dags/example_dataset_alias.py
[2026-08-08T07:56:30.071+0000] {logging_mixin.py:190} INFO - [2026-08-08T07:56:30.071+0000] {dag.py:3239} INFO - Sync 4 DAGs
[2026-08-08T07:56:30.094+0000] {logging_mixin.py:190} INFO - [2026-08-08T07:56:30.094+0000] {dag.py:4180} INFO - Setting next_dagrun for dataset_alias_example_alias_consumer to None, run_after=None
[2026-08-08T07:56:30.097+0000] {logging_mixin.py:190} INFO - [2026-08-08T07:56:30.097+0000] {dag.py:4180} INFO - Setting next_dagrun for dataset_alias_example_alias_producer to None, run_after=None
[2026-08-08T07:56:30.100+0000] {logging_mixin.py:190} INFO - [2026-08-08T07:56:30.100+0000] {dag.py:4180} INFO - Setting next_dagrun for dataset_s3_bucket_consumer to None, run_after=None
[2026-08-08T07:56:30.102+0000] {logging_mixin.py:190} INFO - [2026-08-08T07:56:30.102+0000] {dag.py:4180} INFO - Setting next_dagrun for dataset_s3_bucket_producer to None, run_after=None
[2026-08-08T07:56:30.123+0000] {processor.py:208} INFO - Processing /home/airflow/.local/lib/python3.12/site-packages/airflow/example_dags/example_dataset_alias.py took 0.628 seconds
[2026-08-08T07:57:01.017+0000] {processor.py:186} INFO - Started process (PID=8107) to work on /home/airflow/.local/lib/python3.12/site-packages/airflow/example_dags/example_dataset_alias.py
[2026-08-08T07:57:01.018+0000] {processor.py:914} INFO - Processing file /home/airflow/.local/lib/python3.12/site-packages/airflow/example_dags/example_dataset_alias.py for tasks to queue
[2026-08-08T07:57:01.021+0000] {logging_mixin.py:190} INFO - [2026-08-08T07:57:01.020+0000] {dagbag.py:588} INFO - Filling up the DagBag from /home/airflow/.local/lib/python3.12/site-packages/airflow/example_dags/example_dataset_alias.py
[2026-08-08T07:57:01.623+0000] {processor.py:925} INFO - DAG(s) 'dataset_alias_example_alias_consumer', 'dataset_s3_bucket_producer', 'dataset_s3_bucket_consumer', 'dataset_alias_example_alias_producer' retrieved from /home/airflow/.local/lib/python3.12/site-packages/airflow/example_dags/example_dataset_alias.py
[2026-08-08T07:57:01.646+0000] {logging_mixin.py:190} INFO - [2026-08-08T07:57:01.645+0000] {dag.py:3239} INFO - Sync 4 DAGs
[2026-08-08T07:57:01.673+0000] {logging_mixin.py:190} INFO - [2026-08-08T07:57:01.672+0000] {dag.py:4180} INFO - Setting next_dagrun for dataset_alias_example_alias_consumer to None, run_after=None
[2026-08-08T07:57:01.677+0000] {logging_mixin.py:190} INFO - [2026-08-08T07:57:01.676+0000] {dag.py:4180} INFO - Setting next_dagrun for dataset_alias_example_alias_producer to None, run_after=None
[2026-08-08T07:57:01.681+0000] {logging_mixin.py:190} INFO - [2026-08-08T07:57:01.681+0000] {dag.py:4180} INFO - Setting next_dagrun for dataset_s3_bucket_consumer to None, run_after=None
[2026-08-08T07:57:01.684+0000] {logging_mixin.py:190} INFO - [2026-08-08T07:57:01.683+0000] {dag.py:4180} INFO - Setting next_dagrun for dataset_s3_bucket_producer to None, run_after=None
[2026-08-08T07:57:01.712+0000] {processor.py:208} INFO - Processing /home/airflow/.local/lib/python3.12/site-packages/airflow/example_dags/example_dataset_alias.py took 0.702 seconds
[2026-08-08T07:57:32.242+0000] {processor.py:186} INFO - Started process (PID=8172) to work on /home/airflow/.local/lib/python3.12/site-packages/airflow/example_dags/example_dataset_alias.py
[2026-08-08T07:57:32.244+0000] {processor.py:914} INFO - Processing file /home/airflow/.local/lib/python3.12/site-packages/airflow/example_dags/example_dataset_alias.py for tasks to queue
[2026-08-08T07:57:32.247+0000] {logging_mixin.py:190} INFO - [2026-08-08T07:57:32.246+0000] {dagbag.py:588} INFO - Filling up the DagBag from /home/airflow/.local/lib/python3.12/site-packages/airflow/example_dags/example_dataset_alias.py
[2026-08-08T07:57:32.864+0000] {processor.py:925} INFO - DAG(s) 'dataset_alias_example_alias_consumer', 'dataset_alias_example_alias_producer', 'dataset_s3_bucket_consumer', 'dataset_s3_bucket_producer' retrieved from /home/airflow/.local/lib/python3.12/site-packages/airflow/example_dags/example_dataset_alias.py
[2026-08-08T07:57:32.899+0000] {logging_mixin.py:190} INFO - [2026-08-08T07:57:32.899+0000] {dag.py:3239} INFO - Sync 4 DAGs
[2026-08-08T07:57:32.930+0000] {logging_mixin.py:190} INFO - [2026-08-08T07:57:32.929+0000] {dag.py:4180} INFO - Setting next_dagrun for dataset_alias_example_alias_consumer to None, run_after=None
[2026-08-08T07:57:32.934+0000] {logging_mixin.py:190} INFO - [2026-08-08T07:57:32.933+0000] {dag.py:4180} INFO - Setting next_dagrun for dataset_alias_example_alias_producer to None, run_after=None
[2026-08-08T07:57:32.938+0000] {logging_mixin.py:190} INFO - [2026-08-08T07:57:32.938+0000] {dag.py:4180} INFO - Setting next_dagrun for dataset_s3_bucket_consumer to None, run_after=None
[2026-08-08T07:57:32.940+0000] {logging_mixin.py:190} INFO - [2026-08-08T07:57:32.940+0000] {dag.py:4180} INFO - Setting next_dagrun for dataset_s3_bucket_producer to None, run_after=None
[2026-08-08T07:57:32.966+0000] {processor.py:208} INFO - Processing /home/airflow/.local/lib/python3.12/site-packages/airflow/example_dags/example_dataset_alias.py took 0.732 seconds
[2026-08-08T07:58:03.512+0000] {processor.py:186} INFO - Started process (PID=8237) to work on /home/airflow/.local/lib/python3.12/site-packages/airflow/example_dags/example_dataset_alias.py
[2026-08-08T07:58:03.513+0000] {processor.py:914} INFO - Processing file /home/airflow/.local/lib/python3.12/site-packages/airflow/example_dags/example_dataset_alias.py for tasks to queue
[2026-08-08T07:58:03.516+0000] {logging_mixin.py:190} INFO - [2026-08-08T07:58:03.516+0000] {dagbag.py:588} INFO - Filling up the DagBag from /home/airflow/.local/lib/python3.12/site-packages/airflow/example_dags/example_dataset_alias.py
[2026-08-08T07:58:04.068+0000] {processor.py:925} INFO - DAG(s) 'dataset_s3_bucket_consumer', 'dataset_alias_example_alias_consumer', 'dataset_s3_bucket_producer', 'dataset_alias_example_alias_producer' retrieved from /home/airflow/.local/lib/python3.12/site-packages/airflow/example_dags/example_dataset_alias.py
[2026-08-08T07:58:04.090+0000] {logging_mixin.py:190} INFO - [2026-08-08T07:58:04.089+0000] {dag.py:3239} INFO - Sync 4 DAGs
[2026-08-08T07:58:04.111+0000] {logging_mixin.py:190} INFO - [2026-08-08T07:58:04.111+0000] {dag.py:4180} INFO - Setting next_dagrun for dataset_alias_example_alias_consumer to None, run_after=None
[2026-08-08T07:58:04.115+0000] {logging_mixin.py:190} INFO - [2026-08-08T07:58:04.114+0000] {dag.py:4180} INFO - Setting next_dagrun for dataset_alias_example_alias_producer to None, run_after=None
[2026-08-08T07:58:04.118+0000] {logging_mixin.py:190} INFO - [2026-08-08T07:58:04.118+0000] {dag.py:4180} INFO - Setting next_dagrun for dataset_s3_bucket_consumer to None, run_after=None
[2026-08-08T07:58:04.120+0000] {logging_mixin.py:190} INFO - [2026-08-08T07:58:04.120+0000] {dag.py:4180} INFO - Setting next_dagrun for dataset_s3_bucket_producer to None, run_after=None
[2026-08-08T07:58:04.142+0000] {processor.py:208} INFO - Processing /home/airflow/.local/lib/python3.12/site-packages/airflow/example_dags/example_dataset_alias.py took 0.637 seconds
[2026-08-08T07:58:34.327+0000] {processor.py:186} INFO - Started process (PID=8302) to work on /home/airflow/.local/lib/python3.12/site-packages/airflow/example_dags/example_dataset_alias.py
[2026-08-08T07:58:34.328+0000] {processor.py:914} INFO - Processing file /home/airflow/.local/lib/python3.12/site-packages/airflow/example_dags/example_dataset_alias.py for tasks to queue
[2026-08-08T07:58:34.330+0000] {logging_mixin.py:190} INFO - [2026-08-08T07:58:34.330+0000] {dagbag.py:588} INFO - Filling up the DagBag from /home/airflow/.local/lib/python3.12/site-packages/airflow/example_dags/example_dataset_alias.py
[2026-08-08T07:58:34.899+0000] {processor.py:925} INFO - DAG(s) 'dataset_s3_bucket_consumer', 'dataset_s3_bucket_producer', 'dataset_alias_example_alias_consumer', 'dataset_alias_example_alias_producer' retrieved from /home/airflow/.local/lib/python3.12/site-packages/airflow/example_dags/example_dataset_alias.py
[2026-08-08T07:58:34.923+0000] {logging_mixin.py:190} INFO - [2026-08-08T07:58:34.923+0000] {dag.py:3239} INFO - Sync 4 DAGs
[2026-08-08T07:58:34.947+0000] {logging_mixin.py:190} INFO - [2026-08-08T07:58:34.946+0000] {dag.py:4180} INFO - Setting next_dagrun for dataset_alias_example_alias_consumer to None, run_after=None
[2026-08-08T07:58:34.950+0000] {logging_mixin.py:190} INFO - [2026-08-08T07:58:34.950+0000] {dag.py:4180} INFO - Setting next_dagrun for dataset_alias_example_alias_producer to None, run_after=None
[2026-08-08T07:58:34.954+0000] {logging_mixin.py:190} INFO - [2026-08-08T07:58:34.954+0000] {dag.py:4180} INFO - Setting next_dagrun for dataset_s3_bucket_consumer to None, run_after=None
[2026-08-08T07:58:34.957+0000] {logging_mixin.py:190} INFO - [2026-08-08T07:58:34.956+0000] {dag.py:4180} INFO - Setting next_dagrun for dataset_s3_bucket_producer to None, run_after=None
[2026-08-08T07:58:34.980+0000] {processor.py:208} INFO - Processing /home/airflow/.local/lib/python3.12/site-packages/airflow/example_dags/example_dataset_alias.py took 0.659 seconds
[2026-08-08T07:59:05.125+0000] {processor.py:186} INFO - Started process (PID=8367) to work on /home/airflow/.local/lib/python3.12/site-packages/airflow/example_dags/example_dataset_alias.py
[2026-08-08T07:59:05.127+0000] {processor.py:914} INFO - Processing file /home/airflow/.local/lib/python3.12/site-packages/airflow/example_dags/example_dataset_alias.py for tasks to queue
[2026-08-08T07:59:05.130+0000] {logging_mixin.py:190} INFO - [2026-08-08T07:59:05.129+0000] {dagbag.py:588} INFO - Filling up the DagBag from /home/airflow/.local/lib/python3.12/site-packages/airflow/example_dags/example_dataset_alias.py
[2026-08-08T07:59:05.645+0000] {processor.py:925} INFO - DAG(s) 'dataset_s3_bucket_consumer', 'dataset_alias_example_alias_producer', 'dataset_alias_example_alias_consumer', 'dataset_s3_bucket_producer' retrieved from /home/airflow/.local/lib/python3.12/site-packages/airflow/example_dags/example_dataset_alias.py
[2026-08-08T07:59:05.666+0000] {logging_mixin.py:190} INFO - [2026-08-08T07:59:05.665+0000] {dag.py:3239} INFO - Sync 4 DAGs
[2026-08-08T07:59:05.689+0000] {logging_mixin.py:190} INFO - [2026-08-08T07:59:05.688+0000] {dag.py:4180} INFO - Setting next_dagrun for dataset_alias_example_alias_consumer to None, run_after=None
[2026-08-08T07:59:05.692+0000] {logging_mixin.py:190} INFO - [2026-08-08T07:59:05.692+0000] {dag.py:4180} INFO - Setting next_dagrun for dataset_alias_example_alias_producer to None, run_after=None
[2026-08-08T07:59:05.694+0000] {logging_mixin.py:190} INFO - [2026-08-08T07:59:05.694+0000] {dag.py:4180} INFO - Setting next_dagrun for dataset_s3_bucket_consumer to None, run_after=None
[2026-08-08T07:59:05.696+0000] {logging_mixin.py:190} INFO - [2026-08-08T07:59:05.696+0000] {dag.py:4180} INFO - Setting next_dagrun for dataset_s3_bucket_producer to None, run_after=None
[2026-08-08T07:59:05.718+0000] {processor.py:208} INFO - Processing /home/airflow/.local/lib/python3.12/site-packages/airflow/example_dags/example_dataset_alias.py took 0.598 seconds
[2026-08-08T07:59:36.749+0000] {processor.py:186} INFO - Started process (PID=8432) to work on /home/airflow/.local/lib/python3.12/site-packages/airflow/example_dags/example_dataset_alias.py
[2026-08-08T07:59:36.751+0000] {processor.py:914} INFO - Processing file /home/airflow/.local/lib/python3.12/site-packages/airflow/example_dags/example_dataset_alias.py for tasks to queue
[2026-08-08T07:59:36.754+0000] {logging_mixin.py:190} INFO - [2026-08-08T07:59:36.753+0000] {dagbag.py:588} INFO - Filling up the DagBag from /home/airflow/.local/lib/python3.12/site-packages/airflow/example_dags/example_dataset_alias.py
[2026-08-08T07:59:37.326+0000] {processor.py:925} INFO - DAG(s) 'dataset_s3_bucket_producer', 'dataset_alias_example_alias_consumer', 'dataset_s3_bucket_consumer', 'dataset_alias_example_alias_producer' retrieved from /home/airflow/.local/lib/python3.12/site-packages/airflow/example_dags/example_dataset_alias.py
[2026-08-08T07:59:37.348+0000] {logging_mixin.py:190} INFO - [2026-08-08T07:59:37.347+0000] {dag.py:3239} INFO - Sync 4 DAGs
[2026-08-08T07:59:37.371+0000] {logging_mixin.py:190} INFO - [2026-08-08T07:59:37.371+0000] {dag.py:4180} INFO - Setting next_dagrun for dataset_alias_example_alias_consumer to None, run_after=None
[2026-08-08T07:59:37.374+0000] {logging_mixin.py:190} INFO - [2026-08-08T07:59:37.374+0000] {dag.py:4180} INFO - Setting next_dagrun for dataset_alias_example_alias_producer to None, run_after=None
[2026-08-08T07:59:37.377+0000] {logging_mixin.py:190} INFO - [2026-08-08T07:59:37.376+0000] {dag.py:4180} INFO - Setting next_dagrun for dataset_s3_bucket_consumer to None, run_after=None
[2026-08-08T07:59:37.379+0000] {logging_mixin.py:190} INFO - [2026-08-08T07:59:37.378+0000] {dag.py:4180} INFO - Setting next_dagrun for dataset_s3_bucket_producer to None, run_after=None
[2026-08-08T07:59:37.401+0000] {processor.py:208} INFO - Processing /home/airflow/.local/lib/python3.12/site-packages/airflow/example_dags/example_dataset_alias.py took 0.659 seconds
[2026-08-08T08:00:08.220+0000] {processor.py:186} INFO - Started process (PID=8497) to work on /home/airflow/.local/lib/python3.12/site-packages/airflow/example_dags/example_dataset_alias.py
[2026-08-08T08:00:08.222+0000] {processor.py:914} INFO - Processing file /home/airflow/.local/lib/python3.12/site-packages/airflow/example_dags/example_dataset_alias.py for tasks to queue
[2026-08-08T08:00:08.225+0000] {logging_mixin.py:190} INFO - [2026-08-08T08:00:08.225+0000] {dagbag.py:588} INFO - Filling up the DagBag from /home/airflow/.local/lib/python3.12/site-packages/airflow/example_dags/example_dataset_alias.py
[2026-08-08T08:00:08.831+0000] {processor.py:925} INFO - DAG(s) 'dataset_alias_example_alias_consumer', 'dataset_s3_bucket_producer', 'dataset_s3_bucket_consumer', 'dataset_alias_example_alias_producer' retrieved from /home/airflow/.local/lib/python3.12/site-packages/airflow/example_dags/example_dataset_alias.py
[2026-08-08T08:00:08.856+0000] {logging_mixin.py:190} INFO - [2026-08-08T08:00:08.856+0000] {dag.py:3239} INFO - Sync 4 DAGs
[2026-08-08T08:00:08.882+0000] {logging_mixin.py:190} INFO - [2026-08-08T08:00:08.881+0000] {dag.py:4180} INFO - Setting next_dagrun for dataset_alias_example_alias_consumer to None, run_after=None
[2026-08-08T08:00:08.885+0000] {logging_mixin.py:190} INFO - [2026-08-08T08:00:08.885+0000] {dag.py:4180} INFO - Setting next_dagrun for dataset_alias_example_alias_producer to None, run_after=None
[2026-08-08T08:00:08.887+0000] {logging_mixin.py:190} INFO - [2026-08-08T08:00:08.887+0000] {dag.py:4180} INFO - Setting next_dagrun for dataset_s3_bucket_consumer to None, run_after=None
[2026-08-08T08:00:08.890+0000] {logging_mixin.py:190} INFO - [2026-08-08T08:00:08.889+0000] {dag.py:4180} INFO - Setting next_dagrun for dataset_s3_bucket_producer to None, run_after=None
[2026-08-08T08:00:08.914+0000] {processor.py:208} INFO - Processing /home/airflow/.local/lib/python3.12/site-packages/airflow/example_dags/example_dataset_alias.py took 0.702 seconds
[2026-08-08T08:00:39.364+0000] {processor.py:186} INFO - Started process (PID=8562) to work on /home/airflow/.local/lib/python3.12/site-packages/airflow/example_dags/example_dataset_alias.py
[2026-08-08T08:00:39.365+0000] {processor.py:914} INFO - Processing file /home/airflow/.local/lib/python3.12/site-packages/airflow/example_dags/example_dataset_alias.py for tasks to queue
[2026-08-08T08:00:39.368+0000] {logging_mixin.py:190} INFO - [2026-08-08T08:00:39.367+0000] {dagbag.py:588} INFO - Filling up the DagBag from /home/airflow/.local/lib/python3.12/site-packages/airflow/example_dags/example_dataset_alias.py
[2026-08-08T08:00:39.960+0000] {processor.py:925} INFO - DAG(s) 'dataset_s3_bucket_consumer', 'dataset_s3_bucket_producer', 'dataset_alias_example_alias_producer', 'dataset_alias_example_alias_consumer' retrieved from /home/airflow/.local/lib/python3.12/site-packages/airflow/example_dags/example_dataset_alias.py
[2026-08-08T08:00:39.983+0000] {logging_mixin.py:190} INFO - [2026-08-08T08:00:39.983+0000] {dag.py:3239} INFO - Sync 4 DAGs
[2026-08-08T08:00:40.008+0000] {logging_mixin.py:190} INFO - [2026-08-08T08:00:40.008+0000] {dag.py:4180} INFO - Setting next_dagrun for dataset_alias_example_alias_consumer to None, run_after=None
[2026-08-08T08:00:40.012+0000] {logging_mixin.py:190} INFO - [2026-08-08T08:00:40.012+0000] {dag.py:4180} INFO - Setting next_dagrun for dataset_alias_example_alias_producer to None, run_after=None
[2026-08-08T08:00:40.015+0000] {logging_mixin.py:190} INFO - [2026-08-08T08:00:40.014+0000] {dag.py:4180} INFO - Setting next_dagrun for dataset_s3_bucket_consumer to None, run_after=None
[2026-08-08T08:00:40.017+0000] {logging_mixin.py:190} INFO - [2026-08-08T08:00:40.017+0000] {dag.py:4180} INFO - Setting next_dagrun for dataset_s3_bucket_producer to None, run_after=None
[2026-08-08T08:00:40.042+0000] {processor.py:208} INFO - Processing /home/airflow/.local/lib/python3.12/site-packages/airflow/example_dags/example_dataset_alias.py took 0.683 seconds
[2026-08-08T08:01:10.775+0000] {processor.py:186} INFO - Started process (PID=8627) to work on /home/airflow/.local/lib/python3.12/site-packages/airflow/example_dags/example_dataset_alias.py
[2026-08-08T08:01:10.777+0000] {processor.py:914} INFO - Processing file /home/airflow/.local/lib/python3.12/site-packages/airflow/example_dags/example_dataset_alias.py for tasks to queue
[2026-08-08T08:01:10.780+0000] {logging_mixin.py:190} INFO - [2026-08-08T08:01:10.780+0000] {dagbag.py:588} INFO - Filling up the DagBag from /home/airflow/.local/lib/python3.12/site-packages/airflow/example_dags/example_dataset_alias.py
[2026-08-08T08:01:11.364+0000] {processor.py:925} INFO - DAG(s) 'dataset_s3_bucket_consumer', 'dataset_alias_example_alias_producer', 'dataset_alias_example_alias_consumer', 'dataset_s3_bucket_producer' retrieved from /home/airflow/.local/lib/python3.12/site-packages/airflow/example_dags/example_dataset_alias.py
[2026-08-08T08:01:11.387+0000] {logging_mixin.py:190} INFO - [2026-08-08T08:01:11.387+0000] {dag.py:3239} INFO - Sync 4 DAGs
[2026-08-08T08:01:11.412+0000] {logging_mixin.py:190} INFO - [2026-08-08T08:01:11.412+0000] {dag.py:4180} INFO - Setting next_dagrun for dataset_alias_example_alias_consumer to None, run_after=None
[2026-08-08T08:01:11.416+0000] {logging_mixin.py:190} INFO - [2026-08-08T08:01:11.416+0000] {dag.py:4180} INFO - Setting next_dagrun for dataset_alias_example_alias_producer to None, run_after=None
[2026-08-08T08:01:11.418+0000] {logging_mixin.py:190} INFO - [2026-08-08T08:01:11.418+0000] {dag.py:4180} INFO - Setting next_dagrun for dataset_s3_bucket_consumer to None, run_after=None
[2026-08-08T08:01:11.421+0000] {logging_mixin.py:190} INFO - [2026-08-08T08:01:11.420+0000] {dag.py:4180} INFO - Setting next_dagrun for dataset_s3_bucket_producer to None, run_after=None
[2026-08-08T08:01:11.443+0000] {processor.py:208} INFO - Processing /home/airflow/.local/lib/python3.12/site-packages/airflow/example_dags/example_dataset_alias.py took 0.675 seconds
[2026-08-08T08:01:41.818+0000] {processor.py:186} INFO - Started process (PID=8698) to work on /home/airflow/.local/lib/python3.12/site-packages/airflow/example_dags/example_dataset_alias.py
[2026-08-08T08:01:41.819+0000] {processor.py:914} INFO - Processing file /home/airflow/.local/lib/python3.12/site-packages/airflow/example_dags/example_dataset_alias.py for tasks to queue
[2026-08-08T08:01:41.822+0000] {logging_mixin.py:190} INFO - [2026-08-08T08:01:41.822+0000] {dagbag.py:588} INFO - Filling up the DagBag from /home/airflow/.local/lib/python3.12/site-packages/airflow/example_dags/example_dataset_alias.py
[2026-08-08T08:01:42.361+0000] {processor.py:925} INFO - DAG(s) 'dataset_alias_example_alias_consumer', 'dataset_alias_example_alias_producer', 'dataset_s3_bucket_producer', 'dataset_s3_bucket_consumer' retrieved from /home/airflow/.local/lib/python3.12/site-packages/airflow/example_dags/example_dataset_alias.py
[2026-08-08T08:01:42.382+0000] {logging_mixin.py:190} INFO - [2026-08-08T08:01:42.381+0000] {dag.py:3239} INFO - Sync 4 DAGs
[2026-08-08T08:01:42.410+0000] {logging_mixin.py:190} INFO - [2026-08-08T08:01:42.409+0000] {dag.py:4180} INFO - Setting next_dagrun for dataset_alias_example_alias_consumer to None, run_after=None
[2026-08-08T08:01:42.413+0000] {logging_mixin.py:190} INFO - [2026-08-08T08:01:42.413+0000] {dag.py:4180} INFO - Setting next_dagrun for dataset_alias_example_alias_producer to None, run_after=None
[2026-08-08T08:01:42.415+0000] {logging_mixin.py:190} INFO - [2026-08-08T08:01:42.415+0000] {dag.py:4180} INFO - Setting next_dagrun for dataset_s3_bucket_consumer to None, run_after=None
[2026-08-08T08:01:42.417+0000] {logging_mixin.py:190} INFO - [2026-08-08T08:01:42.417+0000] {dag.py:4180} INFO - Setting next_dagrun for dataset_s3_bucket_producer to None, run_after=None
[2026-08-08T08:01:42.440+0000] {processor.py:208} INFO - Processing /home/airflow/.local/lib/python3.12/site-packages/airflow/example_dags/example_dataset_alias.py took 0.628 seconds
[2026-08-08T08:02:13.489+0000] {processor.py:186} INFO - Started process (PID=8763) to work on /home/airflow/.local/lib/python3.12/site-packages/airflow/example_dags/example_dataset_alias.py
[2026-08-08T08:02:13.490+0000] {processor.py:914} INFO - Processing file /home/airflow/.local/lib/python3.12/site-packages/airflow/example_dags/example_dataset_alias.py for tasks to queue
[2026-08-08T08:02:13.494+0000] {logging_mixin.py:190} INFO - [2026-08-08T08:02:13.493+0000] {dagbag.py:588} INFO - Filling up the DagBag from /home/airflow/.local/lib/python3.12/site-packages/airflow/example_dags/example_dataset_alias.py
[2026-08-08T08:02:14.074+0000] {processor.py:925} INFO - DAG(s) 'dataset_alias_example_alias_producer', 'dataset_s3_bucket_consumer', 'dataset_alias_example_alias_consumer', 'dataset_s3_bucket_producer' retrieved from /home/airflow/.local/lib/python3.12/site-packages/airflow/example_dags/example_dataset_alias.py
[2026-08-08T08:02:14.101+0000] {logging_mixin.py:190} INFO - [2026-08-08T08:02:14.100+0000] {dag.py:3239} INFO - Sync 4 DAGs
[2026-08-08T08:02:14.124+0000] {logging_mixin.py:190} INFO - [2026-08-08T08:02:14.124+0000] {dag.py:4180} INFO - Setting next_dagrun for dataset_alias_example_alias_consumer to None, run_after=None
[2026-08-08T08:02:14.127+0000] {logging_mixin.py:190} INFO - [2026-08-08T08:02:14.127+0000] {dag.py:4180} INFO - Setting next_dagrun for dataset_alias_example_alias_producer to None, run_after=None
[2026-08-08T08:02:14.130+0000] {logging_mixin.py:190} INFO - [2026-08-08T08:02:14.130+0000] {dag.py:4180} INFO - Setting next_dagrun for dataset_s3_bucket_consumer to None, run_after=None
[2026-08-08T08:02:14.132+0000] {logging_mixin.py:190} INFO - [2026-08-08T08:02:14.132+0000] {dag.py:4180} INFO - Setting next_dagrun for dataset_s3_bucket_producer to None, run_after=None
[2026-08-08T08:02:14.155+0000] {processor.py:208} INFO - Processing /home/airflow/.local/lib/python3.12/site-packages/airflow/example_dags/example_dataset_alias.py took 0.672 seconds
[2026-08-08T08:02:45.496+0000] {processor.py:186} INFO - Started process (PID=8833) to work on /home/airflow/.local/lib/python3.12/site-packages/airflow/example_dags/example_dataset_alias.py
[2026-08-08T08:02:45.498+0000] {processor.py:914} INFO - Processing file /home/airflow/.local/lib/python3.12/site-packages/airflow/example_dags/example_dataset_alias.py for tasks to queue
[2026-08-08T08:02:45.501+0000] {logging_mixin.py:190} INFO - [2026-08-08T08:02:45.501+0000] {dagbag.py:588} INFO - Filling up the DagBag from /home/airflow/.local/lib/python3.12/site-packages/airflow/example_dags/example_dataset_alias.py
[2026-08-08T08:02:46.107+0000] {processor.py:925} INFO - DAG(s) 'dataset_alias_example_alias_producer', 'dataset_s3_bucket_consumer', 'dataset_alias_example_alias_consumer', 'dataset_s3_bucket_producer' retrieved from /home/airflow/.local/lib/python3.12/site-packages/airflow/example_dags/example_dataset_alias.py
[2026-08-08T08:02:46.130+0000] {logging_mixin.py:190} INFO - [2026-08-08T08:02:46.129+0000] {dag.py:3239} INFO - Sync 4 DAGs
[2026-08-08T08:02:46.153+0000] {logging_mixin.py:190} INFO - [2026-08-08T08:02:46.153+0000] {dag.py:4180} INFO - Setting next_dagrun for dataset_alias_example_alias_consumer to None, run_after=None
[2026-08-08T08:02:46.157+0000] {logging_mixin.py:190} INFO - [2026-08-08T08:02:46.156+0000] {dag.py:4180} INFO - Setting next_dagrun for dataset_alias_example_alias_producer to None, run_after=None
[2026-08-08T08:02:46.159+0000] {logging_mixin.py:190} INFO - [2026-08-08T08:02:46.159+0000] {dag.py:4180} INFO - Setting next_dagrun for dataset_s3_bucket_consumer to None, run_after=None
[2026-08-08T08:02:46.162+0000] {logging_mixin.py:190} INFO - [2026-08-08T08:02:46.161+0000] {dag.py:4180} INFO - Setting next_dagrun for dataset_s3_bucket_producer to None, run_after=None
[2026-08-08T08:02:46.185+0000] {processor.py:208} INFO - Processing /home/airflow/.local/lib/python3.12/site-packages/airflow/example_dags/example_dataset_alias.py took 0.696 seconds
[2026-08-08T08:03:16.936+0000] {processor.py:186} INFO - Started process (PID=8899) to work on /home/airflow/.local/lib/python3.12/site-packages/airflow/example_dags/example_dataset_alias.py
[2026-08-08T08:03:16.937+0000] {processor.py:914} INFO - Processing file /home/airflow/.local/lib/python3.12/site-packages/airflow/example_dags/example_dataset_alias.py for tasks to queue
[2026-08-08T08:03:16.940+0000] {logging_mixin.py:190} INFO - [2026-08-08T08:03:16.940+0000] {dagbag.py:588} INFO - Filling up the DagBag from /home/airflow/.local/lib/python3.12/site-packages/airflow/example_dags/example_dataset_alias.py
[2026-08-08T08:03:17.495+0000] {processor.py:925} INFO - DAG(s) 'dataset_s3_bucket_consumer', 'dataset_s3_bucket_producer', 'dataset_alias_example_alias_consumer', 'dataset_alias_example_alias_producer' retrieved from /home/airflow/.local/lib/python3.12/site-packages/airflow/example_dags/example_dataset_alias.py
[2026-08-08T08:03:17.516+0000] {logging_mixin.py:190} INFO - [2026-08-08T08:03:17.516+0000] {dag.py:3239} INFO - Sync 4 DAGs
[2026-08-08T08:03:17.540+0000] {logging_mixin.py:190} INFO - [2026-08-08T08:03:17.539+0000] {dag.py:4180} INFO - Setting next_dagrun for dataset_alias_example_alias_consumer to None, run_after=None
[2026-08-08T08:03:17.543+0000] {logging_mixin.py:190} INFO - [2026-08-08T08:03:17.543+0000] {dag.py:4180} INFO - Setting next_dagrun for dataset_alias_example_alias_producer to None, run_after=None
[2026-08-08T08:03:17.546+0000] {logging_mixin.py:190} INFO - [2026-08-08T08:03:17.546+0000] {dag.py:4180} INFO - Setting next_dagrun for dataset_s3_bucket_consumer to None, run_after=None
[2026-08-08T08:03:17.549+0000] {logging_mixin.py:190} INFO - [2026-08-08T08:03:17.549+0000] {dag.py:4180} INFO - Setting next_dagrun for dataset_s3_bucket_producer to None, run_after=None
[2026-08-08T08:03:17.572+0000] {processor.py:208} INFO - Processing /home/airflow/.local/lib/python3.12/site-packages/airflow/example_dags/example_dataset_alias.py took 0.642 seconds
[2026-08-08T08:03:48.532+0000] {processor.py:186} INFO - Started process (PID=8966) to work on /home/airflow/.local/lib/python3.12/site-packages/airflow/example_dags/example_dataset_alias.py
[2026-08-08T08:03:48.534+0000] {processor.py:914} INFO - Processing file /home/airflow/.local/lib/python3.12/site-packages/airflow/example_dags/example_dataset_alias.py for tasks to queue
[2026-08-08T08:03:48.537+0000] {logging_mixin.py:190} INFO - [2026-08-08T08:03:48.536+0000] {dagbag.py:588} INFO - Filling up the DagBag from /home/airflow/.local/lib/python3.12/site-packages/airflow/example_dags/example_dataset_alias.py
[2026-08-08T08:03:49.119+0000] {processor.py:925} INFO - DAG(s) 'dataset_s3_bucket_consumer', 'dataset_s3_bucket_producer', 'dataset_alias_example_alias_producer', 'dataset_alias_example_alias_consumer' retrieved from /home/airflow/.local/lib/python3.12/site-packages/airflow/example_dags/example_dataset_alias.py
[2026-08-08T08:03:49.149+0000] {logging_mixin.py:190} INFO - [2026-08-08T08:03:49.148+0000] {dag.py:3239} INFO - Sync 4 DAGs
[2026-08-08T08:03:49.173+0000] {logging_mixin.py:190} INFO - [2026-08-08T08:03:49.172+0000] {dag.py:4180} INFO - Setting next_dagrun for dataset_alias_example_alias_consumer to None, run_after=None
[2026-08-08T08:03:49.176+0000] {logging_mixin.py:190} INFO - [2026-08-08T08:03:49.176+0000] {dag.py:4180} INFO - Setting next_dagrun for dataset_alias_example_alias_producer to None, run_after=None
[2026-08-08T08:03:49.178+0000] {logging_mixin.py:190} INFO - [2026-08-08T08:03:49.178+0000] {dag.py:4180} INFO - Setting next_dagrun for dataset_s3_bucket_consumer to None, run_after=None
[2026-08-08T08:03:49.180+0000] {logging_mixin.py:190} INFO - [2026-08-08T08:03:49.180+0000] {dag.py:4180} INFO - Setting next_dagrun for dataset_s3_bucket_producer to None, run_after=None
[2026-08-08T08:03:49.202+0000] {processor.py:208} INFO - Processing /home/airflow/.local/lib/python3.12/site-packages/airflow/example_dags/example_dataset_alias.py took 0.677 seconds
[2026-08-08T08:04:19.896+0000] {processor.py:186} INFO - Started process (PID=9036) to work on /home/airflow/.local/lib/python3.12/site-packages/airflow/example_dags/example_dataset_alias.py
[2026-08-08T08:04:19.897+0000] {processor.py:914} INFO - Processing file /home/airflow/.local/lib/python3.12/site-packages/airflow/example_dags/example_dataset_alias.py for tasks to queue
[2026-08-08T08:04:19.900+0000] {logging_mixin.py:190} INFO - [2026-08-08T08:04:19.900+0000] {dagbag.py:588} INFO - Filling up the DagBag from /home/airflow/.local/lib/python3.12/site-packages/airflow/example_dags/example_dataset_alias.py
[2026-08-08T08:04:20.449+0000] {processor.py:925} INFO - DAG(s) 'dataset_alias_example_alias_consumer', 'dataset_s3_bucket_consumer', 'dataset_s3_bucket_producer', 'dataset_alias_example_alias_producer' retrieved from /home/airflow/.local/lib/python3.12/site-packages/airflow/example_dags/example_dataset_alias.py
[2026-08-08T08:04:20.471+0000] {logging_mixin.py:190} INFO - [2026-08-08T08:04:20.470+0000] {dag.py:3239} INFO - Sync 4 DAGs
[2026-08-08T08:04:20.493+0000] {logging_mixin.py:190} INFO - [2026-08-08T08:04:20.492+0000] {dag.py:4180} INFO - Setting next_dagrun for dataset_alias_example_alias_consumer to None, run_after=None
[2026-08-08T08:04:20.496+0000] {logging_mixin.py:190} INFO - [2026-08-08T08:04:20.496+0000] {dag.py:4180} INFO - Setting next_dagrun for dataset_alias_example_alias_producer to None, run_after=None
[2026-08-08T08:04:20.499+0000] {logging_mixin.py:190} INFO - [2026-08-08T08:04:20.498+0000] {dag.py:4180} INFO - Setting next_dagrun for dataset_s3_bucket_consumer to None, run_after=None
[2026-08-08T08:04:20.501+0000] {logging_mixin.py:190} INFO - [2026-08-08T08:04:20.501+0000] {dag.py:4180} INFO - Setting next_dagrun for dataset_s3_bucket_producer to None, run_after=None
[2026-08-08T08:04:20.525+0000] {processor.py:208} INFO - Processing /home/airflow/.local/lib/python3.12/site-packages/airflow/example_dags/example_dataset_alias.py took 0.635 seconds
[2026-08-08T08:04:51.428+0000] {processor.py:186} INFO - Started process (PID=9103) to work on /home/airflow/.local/lib/python3.12/site-packages/airflow/example_dags/example_dataset_alias.py
[2026-08-08T08:04:51.429+0000] {processor.py:914} INFO - Processing file /home/airflow/.local/lib/python3.12/site-packages/airflow/example_dags/example_dataset_alias.py for tasks to queue
[2026-08-08T08:04:51.433+0000] {logging_mixin.py:190} INFO - [2026-08-08T08:04:51.432+0000] {dagbag.py:588} INFO - Filling up the DagBag from /home/airflow/.local/lib/python3.12/site-packages/airflow/example_dags/example_dataset_alias.py
[2026-08-08T08:04:52.063+0000] {processor.py:925} INFO - DAG(s) 'dataset_alias_example_alias_producer', 'dataset_alias_example_alias_consumer', 'dataset_s3_bucket_consumer', 'dataset_s3_bucket_producer' retrieved from /home/airflow/.local/lib/python3.12/site-packages/airflow/example_dags/example_dataset_alias.py
[2026-08-08T08:04:52.086+0000] {logging_mixin.py:190} INFO - [2026-08-08T08:04:52.085+0000] {dag.py:3239} INFO - Sync 4 DAGs
[2026-08-08T08:04:52.110+0000] {logging_mixin.py:190} INFO - [2026-08-08T08:04:52.109+0000] {dag.py:4180} INFO - Setting next_dagrun for dataset_alias_example_alias_consumer to None, run_after=None
[2026-08-08T08:04:52.113+0000] {logging_mixin.py:190} INFO - [2026-08-08T08:04:52.113+0000] {dag.py:4180} INFO - Setting next_dagrun for dataset_alias_example_alias_producer to None, run_after=None
[2026-08-08T08:04:52.116+0000] {logging_mixin.py:190} INFO - [2026-08-08T08:04:52.116+0000] {dag.py:4180} INFO - Setting next_dagrun for dataset_s3_bucket_consumer to None, run_after=None
[2026-08-08T08:04:52.118+0000] {logging_mixin.py:190} INFO - [2026-08-08T08:04:52.118+0000] {dag.py:4180} INFO - Setting next_dagrun for dataset_s3_bucket_producer to None, run_after=None
[2026-08-08T08:04:52.143+0000] {processor.py:208} INFO - Processing /home/airflow/.local/lib/python3.12/site-packages/airflow/example_dags/example_dataset_alias.py took 0.722 seconds
[2026-08-08T08:05:23.574+0000] {processor.py:186} INFO - Started process (PID=9173) to work on /home/airflow/.local/lib/python3.12/site-packages/airflow/example_dags/example_dataset_alias.py
[2026-08-08T08:05:23.575+0000] {processor.py:914} INFO - Processing file /home/airflow/.local/lib/python3.12/site-packages/airflow/example_dags/example_dataset_alias.py for tasks to queue
[2026-08-08T08:05:23.578+0000] {logging_mixin.py:190} INFO - [2026-08-08T08:05:23.578+0000] {dagbag.py:588} INFO - Filling up the DagBag from /home/airflow/.local/lib/python3.12/site-packages/airflow/example_dags/example_dataset_alias.py
[2026-08-08T08:05:24.257+0000] {processor.py:925} INFO - DAG(s) 'dataset_s3_bucket_consumer', 'dataset_s3_bucket_producer', 'dataset_alias_example_alias_producer', 'dataset_alias_example_alias_consumer' retrieved from /home/airflow/.local/lib/python3.12/site-packages/airflow/example_dags/example_dataset_alias.py
[2026-08-08T08:05:24.290+0000] {logging_mixin.py:190} INFO - [2026-08-08T08:05:24.289+0000] {dag.py:3239} INFO - Sync 4 DAGs
[2026-08-08T08:05:24.318+0000] {logging_mixin.py:190} INFO - [2026-08-08T08:05:24.317+0000] {dag.py:4180} INFO - Setting next_dagrun for dataset_alias_example_alias_consumer to None, run_after=None
[2026-08-08T08:05:24.322+0000] {logging_mixin.py:190} INFO - [2026-08-08T08:05:24.322+0000] {dag.py:4180} INFO - Setting next_dagrun for dataset_alias_example_alias_producer to None, run_after=None
[2026-08-08T08:05:24.325+0000] {logging_mixin.py:190} INFO - [2026-08-08T08:05:24.325+0000] {dag.py:4180} INFO - Setting next_dagrun for dataset_s3_bucket_consumer to None, run_after=None
[2026-08-08T08:05:24.328+0000] {logging_mixin.py:190} INFO - [2026-08-08T08:05:24.327+0000] {dag.py:4180} INFO - Setting next_dagrun for dataset_s3_bucket_producer to None, run_after=None
[2026-08-08T08:05:24.355+0000] {processor.py:208} INFO - Processing /home/airflow/.local/lib/python3.12/site-packages/airflow/example_dags/example_dataset_alias.py took 0.787 seconds
[2026-08-08T08:05:54.608+0000] {processor.py:186} INFO - Started process (PID=9239) to work on /home/airflow/.local/lib/python3.12/site-packages/airflow/example_dags/example_dataset_alias.py
[2026-08-08T08:05:54.610+0000] {processor.py:914} INFO - Processing file /home/airflow/.local/lib/python3.12/site-packages/airflow/example_dags/example_dataset_alias.py for tasks to queue
[2026-08-08T08:05:54.614+0000] {logging_mixin.py:190} INFO - [2026-08-08T08:05:54.613+0000] {dagbag.py:588} INFO - Filling up the DagBag from /home/airflow/.local/lib/python3.12/site-packages/airflow/example_dags/example_dataset_alias.py
[2026-08-08T08:05:55.301+0000] {processor.py:925} INFO - DAG(s) 'dataset_alias_example_alias_consumer', 'dataset_s3_bucket_producer', 'dataset_alias_example_alias_producer', 'dataset_s3_bucket_consumer' retrieved from /home/airflow/.local/lib/python3.12/site-packages/airflow/example_dags/example_dataset_alias.py
[2026-08-08T08:05:55.326+0000] {logging_mixin.py:190} INFO - [2026-08-08T08:05:55.325+0000] {dag.py:3239} INFO - Sync 4 DAGs
[2026-08-08T08:05:55.356+0000] {logging_mixin.py:190} INFO - [2026-08-08T08:05:55.356+0000] {dag.py:4180} INFO - Setting next_dagrun for dataset_alias_example_alias_consumer to None, run_after=None
[2026-08-08T08:05:55.359+0000] {logging_mixin.py:190} INFO - [2026-08-08T08:05:55.359+0000] {dag.py:4180} INFO - Setting next_dagrun for dataset_alias_example_alias_producer to None, run_after=None
[2026-08-08T08:05:55.362+0000] {logging_mixin.py:190} INFO - [2026-08-08T08:05:55.362+0000] {dag.py:4180} INFO - Setting next_dagrun for dataset_s3_bucket_consumer to None, run_after=None
[2026-08-08T08:05:55.364+0000] {logging_mixin.py:190} INFO - [2026-08-08T08:05:55.364+0000] {dag.py:4180} INFO - Setting next_dagrun for dataset_s3_bucket_producer to None, run_after=None
[2026-08-08T08:05:55.387+0000] {processor.py:208} INFO - Processing /home/airflow/.local/lib/python3.12/site-packages/airflow/example_dags/example_dataset_alias.py took 0.786 seconds
[2026-08-08T08:06:25.726+0000] {processor.py:186} INFO - Started process (PID=9305) to work on /home/airflow/.local/lib/python3.12/site-packages/airflow/example_dags/example_dataset_alias.py
[2026-08-08T08:06:25.727+0000] {processor.py:914} INFO - Processing file /home/airflow/.local/lib/python3.12/site-packages/airflow/example_dags/example_dataset_alias.py for tasks to queue
[2026-08-08T08:06:25.730+0000] {logging_mixin.py:190} INFO - [2026-08-08T08:06:25.729+0000] {dagbag.py:588} INFO - Filling up the DagBag from /home/airflow/.local/lib/python3.12/site-packages/airflow/example_dags/example_dataset_alias.py
[2026-08-08T08:06:26.239+0000] {processor.py:925} INFO - DAG(s) 'dataset_s3_bucket_producer', 'dataset_alias_example_alias_consumer', 'dataset_s3_bucket_consumer', 'dataset_alias_example_alias_producer' retrieved from /home/airflow/.local/lib/python3.12/site-packages/airflow/example_dags/example_dataset_alias.py
[2026-08-08T08:06:26.262+0000] {logging_mixin.py:190} INFO - [2026-08-08T08:06:26.261+0000] {dag.py:3239} INFO - Sync 4 DAGs
[2026-08-08T08:06:26.283+0000] {logging_mixin.py:190} INFO - [2026-08-08T08:06:26.283+0000] {dag.py:4180} INFO - Setting next_dagrun for dataset_alias_example_alias_consumer to None, run_after=None
[2026-08-08T08:06:26.286+0000] {logging_mixin.py:190} INFO - [2026-08-08T08:06:26.286+0000] {dag.py:4180} INFO - Setting next_dagrun for dataset_alias_example_alias_producer to None, run_after=None
[2026-08-08T08:06:26.289+0000] {logging_mixin.py:190} INFO - [2026-08-08T08:06:26.289+0000] {dag.py:4180} INFO - Setting next_dagrun for dataset_s3_bucket_consumer to None, run_after=None
[2026-08-08T08:06:26.291+0000] {logging_mixin.py:190} INFO - [2026-08-08T08:06:26.291+0000] {dag.py:4180} INFO - Setting next_dagrun for dataset_s3_bucket_producer to None, run_after=None
[2026-08-08T08:06:26.311+0000] {processor.py:208} INFO - Processing /home/airflow/.local/lib/python3.12/site-packages/airflow/example_dags/example_dataset_alias.py took 0.592 seconds
[2026-08-08T08:06:56.436+0000] {processor.py:186} INFO - Started process (PID=9370) to work on /home/airflow/.local/lib/python3.12/site-packages/airflow/example_dags/example_dataset_alias.py
[2026-08-08T08:06:56.437+0000] {processor.py:914} INFO - Processing file /home/airflow/.local/lib/python3.12/site-packages/airflow/example_dags/example_dataset_alias.py for tasks to queue
[2026-08-08T08:06:56.440+0000] {logging_mixin.py:190} INFO - [2026-08-08T08:06:56.440+0000] {dagbag.py:588} INFO - Filling up the DagBag from /home/airflow/.local/lib/python3.12/site-packages/airflow/example_dags/example_dataset_alias.py
[2026-08-08T08:06:56.832+0000] {processor.py:925} INFO - DAG(s) 'dataset_s3_bucket_consumer', 'dataset_s3_bucket_producer', 'dataset_alias_example_alias_consumer', 'dataset_alias_example_alias_producer' retrieved from /home/airflow/.local/lib/python3.12/site-packages/airflow/example_dags/example_dataset_alias.py
[2026-08-08T08:06:56.856+0000] {logging_mixin.py:190} INFO - [2026-08-08T08:06:56.855+0000] {dag.py:3239} INFO - Sync 4 DAGs
[2026-08-08T08:06:56.882+0000] {logging_mixin.py:190} INFO - [2026-08-08T08:06:56.882+0000] {dag.py:4180} INFO - Setting next_dagrun for dataset_alias_example_alias_consumer to None, run_after=None
[2026-08-08T08:06:56.886+0000] {logging_mixin.py:190} INFO - [2026-08-08T08:06:56.885+0000] {dag.py:4180} INFO - Setting next_dagrun for dataset_alias_example_alias_producer to None, run_after=None
[2026-08-08T08:06:56.889+0000] {logging_mixin.py:190} INFO - [2026-08-08T08:06:56.888+0000] {dag.py:4180} INFO - Setting next_dagrun for dataset_s3_bucket_consumer to None, run_after=None
[2026-08-08T08:06:56.891+0000] {logging_mixin.py:190} INFO - [2026-08-08T08:06:56.891+0000] {dag.py:4180} INFO - Setting next_dagrun for dataset_s3_bucket_producer to None, run_after=None
[2026-08-08T08:06:56.915+0000] {processor.py:208} INFO - Processing /home/airflow/.local/lib/python3.12/site-packages/airflow/example_dags/example_dataset_alias.py took 0.485 seconds
[2026-08-08T08:07:27.361+0000] {processor.py:186} INFO - Started process (PID=9435) to work on /home/airflow/.local/lib/python3.12/site-packages/airflow/example_dags/example_dataset_alias.py
[2026-08-08T08:07:27.363+0000] {processor.py:914} INFO - Processing file /home/airflow/.local/lib/python3.12/site-packages/airflow/example_dags/example_dataset_alias.py for tasks to queue
[2026-08-08T08:07:27.366+0000] {logging_mixin.py:190} INFO - [2026-08-08T08:07:27.365+0000] {dagbag.py:588} INFO - Filling up the DagBag from /home/airflow/.local/lib/python3.12/site-packages/airflow/example_dags/example_dataset_alias.py
[2026-08-08T08:07:27.758+0000] {processor.py:925} INFO - DAG(s) 'dataset_alias_example_alias_consumer', 'dataset_s3_bucket_producer', 'dataset_alias_example_alias_producer', 'dataset_s3_bucket_consumer' retrieved from /home/airflow/.local/lib/python3.12/site-packages/airflow/example_dags/example_dataset_alias.py
[2026-08-08T08:07:27.783+0000] {logging_mixin.py:190} INFO - [2026-08-08T08:07:27.783+0000] {dag.py:3239} INFO - Sync 4 DAGs
[2026-08-08T08:07:27.811+0000] {logging_mixin.py:190} INFO - [2026-08-08T08:07:27.811+0000] {dag.py:4180} INFO - Setting next_dagrun for dataset_alias_example_alias_consumer to None, run_after=None
[2026-08-08T08:07:27.815+0000] {logging_mixin.py:190} INFO - [2026-08-08T08:07:27.814+0000] {dag.py:4180} INFO - Setting next_dagrun for dataset_alias_example_alias_producer to None, run_after=None
[2026-08-08T08:07:27.817+0000] {logging_mixin.py:190} INFO - [2026-08-08T08:07:27.817+0000] {dag.py:4180} INFO - Setting next_dagrun for dataset_s3_bucket_consumer to None, run_after=None
[2026-08-08T08:07:27.819+0000] {logging_mixin.py:190} INFO - [2026-08-08T08:07:27.819+0000] {dag.py:4180} INFO - Setting next_dagrun for dataset_s3_bucket_producer to None, run_after=None
[2026-08-08T08:07:27.843+0000] {processor.py:208} INFO - Processing /home/airflow/.local/lib/python3.12/site-packages/airflow/example_dags/example_dataset_alias.py took 0.488 seconds
[2026-08-08T08:07:58.524+0000] {processor.py:186} INFO - Started process (PID=9498) to work on /home/airflow/.local/lib/python3.12/site-packages/airflow/example_dags/example_dataset_alias.py
[2026-08-08T08:07:58.525+0000] {processor.py:914} INFO - Processing file /home/airflow/.local/lib/python3.12/site-packages/airflow/example_dags/example_dataset_alias.py for tasks to queue
[2026-08-08T08:07:58.529+0000] {logging_mixin.py:190} INFO - [2026-08-08T08:07:58.528+0000] {dagbag.py:588} INFO - Filling up the DagBag from /home/airflow/.local/lib/python3.12/site-packages/airflow/example_dags/example_dataset_alias.py
[2026-08-08T08:07:58.934+0000] {processor.py:925} INFO - DAG(s) 'dataset_alias_example_alias_consumer', 'dataset_alias_example_alias_producer', 'dataset_s3_bucket_producer', 'dataset_s3_bucket_consumer' retrieved from /home/airflow/.local/lib/python3.12/site-packages/airflow/example_dags/example_dataset_alias.py
[2026-08-08T08:07:58.956+0000] {logging_mixin.py:190} INFO - [2026-08-08T08:07:58.956+0000] {dag.py:3239} INFO - Sync 4 DAGs
[2026-08-08T08:07:58.982+0000] {logging_mixin.py:190} INFO - [2026-08-08T08:07:58.982+0000] {dag.py:4180} INFO - Setting next_dagrun for dataset_alias_example_alias_consumer to None, run_after=None
[2026-08-08T08:07:58.986+0000] {logging_mixin.py:190} INFO - [2026-08-08T08:07:58.985+0000] {dag.py:4180} INFO - Setting next_dagrun for dataset_alias_example_alias_producer to None, run_after=None
[2026-08-08T08:07:58.988+0000] {logging_mixin.py:190} INFO - [2026-08-08T08:07:58.988+0000] {dag.py:4180} INFO - Setting next_dagrun for dataset_s3_bucket_consumer to None, run_after=None
[2026-08-08T08:07:58.990+0000] {logging_mixin.py:190} INFO - [2026-08-08T08:07:58.990+0000] {dag.py:4180} INFO - Setting next_dagrun for dataset_s3_bucket_producer to None, run_after=None
[2026-08-08T08:07:59.013+0000] {processor.py:208} INFO - Processing /home/airflow/.local/lib/python3.12/site-packages/airflow/example_dags/example_dataset_alias.py took 0.495 seconds
[2026-08-08T08:08:29.079+0000] {processor.py:186} INFO - Started process (PID=9563) to work on /home/airflow/.local/lib/python3.12/site-packages/airflow/example_dags/example_dataset_alias.py
[2026-08-08T08:08:29.080+0000] {processor.py:914} INFO - Processing file /home/airflow/.local/lib/python3.12/site-packages/airflow/example_dags/example_dataset_alias.py for tasks to queue
[2026-08-08T08:08:29.083+0000] {logging_mixin.py:190} INFO - [2026-08-08T08:08:29.083+0000] {dagbag.py:588} INFO - Filling up the DagBag from /home/airflow/.local/lib/python3.12/site-packages/airflow/example_dags/example_dataset_alias.py
[2026-08-08T08:08:29.470+0000] {processor.py:925} INFO - DAG(s) 'dataset_alias_example_alias_consumer', 'dataset_s3_bucket_consumer', 'dataset_alias_example_alias_producer', 'dataset_s3_bucket_producer' retrieved from /home/airflow/.local/lib/python3.12/site-packages/airflow/example_dags/example_dataset_alias.py
[2026-08-08T08:08:29.493+0000] {logging_mixin.py:190} INFO - [2026-08-08T08:08:29.492+0000] {dag.py:3239} INFO - Sync 4 DAGs
[2026-08-08T08:08:29.519+0000] {logging_mixin.py:190} INFO - [2026-08-08T08:08:29.519+0000] {dag.py:4180} INFO - Setting next_dagrun for dataset_alias_example_alias_consumer to None, run_after=None
[2026-08-08T08:08:29.523+0000] {logging_mixin.py:190} INFO - [2026-08-08T08:08:29.522+0000] {dag.py:4180} INFO - Setting next_dagrun for dataset_alias_example_alias_producer to None, run_after=None
[2026-08-08T08:08:29.526+0000] {logging_mixin.py:190} INFO - [2026-08-08T08:08:29.526+0000] {dag.py:4180} INFO - Setting next_dagrun for dataset_s3_bucket_consumer to None, run_after=None
[2026-08-08T08:08:29.528+0000] {logging_mixin.py:190} INFO - [2026-08-08T08:08:29.528+0000] {dag.py:4180} INFO - Setting next_dagrun for dataset_s3_bucket_producer to None, run_after=None
[2026-08-08T08:08:29.550+0000] {processor.py:208} INFO - Processing /home/airflow/.local/lib/python3.12/site-packages/airflow/example_dags/example_dataset_alias.py took 0.477 seconds
[2026-08-08T08:08:59.653+0000] {processor.py:186} INFO - Started process (PID=9628) to work on /home/airflow/.local/lib/python3.12/site-packages/airflow/example_dags/example_dataset_alias.py
[2026-08-08T08:08:59.654+0000] {processor.py:914} INFO - Processing file /home/airflow/.local/lib/python3.12/site-packages/airflow/example_dags/example_dataset_alias.py for tasks to queue
[2026-08-08T08:08:59.657+0000] {logging_mixin.py:190} INFO - [2026-08-08T08:08:59.657+0000] {dagbag.py:588} INFO - Filling up the DagBag from /home/airflow/.local/lib/python3.12/site-packages/airflow/example_dags/example_dataset_alias.py
[2026-08-08T08:09:00.038+0000] {processor.py:925} INFO - DAG(s) 'dataset_alias_example_alias_consumer', 'dataset_s3_bucket_producer', 'dataset_alias_example_alias_producer', 'dataset_s3_bucket_consumer' retrieved from /home/airflow/.local/lib/python3.12/site-packages/airflow/example_dags/example_dataset_alias.py
[2026-08-08T08:09:00.061+0000] {logging_mixin.py:190} INFO - [2026-08-08T08:09:00.060+0000] {dag.py:3239} INFO - Sync 4 DAGs
[2026-08-08T08:09:00.085+0000] {logging_mixin.py:190} INFO - [2026-08-08T08:09:00.085+0000] {dag.py:4180} INFO - Setting next_dagrun for dataset_alias_example_alias_consumer to None, run_after=None
[2026-08-08T08:09:00.090+0000] {logging_mixin.py:190} INFO - [2026-08-08T08:09:00.089+0000] {dag.py:4180} INFO - Setting next_dagrun for dataset_alias_example_alias_producer to None, run_after=None
[2026-08-08T08:09:00.092+0000] {logging_mixin.py:190} INFO - [2026-08-08T08:09:00.092+0000] {dag.py:4180} INFO - Setting next_dagrun for dataset_s3_bucket_consumer to None, run_after=None
[2026-08-08T08:09:00.094+0000] {logging_mixin.py:190} INFO - [2026-08-08T08:09:00.094+0000] {dag.py:4180} INFO - Setting next_dagrun for dataset_s3_bucket_producer to None, run_after=None
[2026-08-08T08:09:00.120+0000] {processor.py:208} INFO - Processing /home/airflow/.local/lib/python3.12/site-packages/airflow/example_dags/example_dataset_alias.py took 0.473 seconds
[2026-08-08T08:09:31.252+0000] {processor.py:186} INFO - Started process (PID=9697) to work on /home/airflow/.local/lib/python3.12/site-packages/airflow/example_dags/example_dataset_alias.py
[2026-08-08T08:09:31.254+0000] {processor.py:914} INFO - Processing file /home/airflow/.local/lib/python3.12/site-packages/airflow/example_dags/example_dataset_alias.py for tasks to queue
[2026-08-08T08:09:31.257+0000] {logging_mixin.py:190} INFO - [2026-08-08T08:09:31.257+0000] {dagbag.py:588} INFO - Filling up the DagBag from /home/airflow/.local/lib/python3.12/site-packages/airflow/example_dags/example_dataset_alias.py
[2026-08-08T08:09:31.729+0000] {processor.py:925} INFO - DAG(s) 'dataset_s3_bucket_consumer', 'dataset_alias_example_alias_producer', 'dataset_alias_example_alias_consumer', 'dataset_s3_bucket_producer' retrieved from /home/airflow/.local/lib/python3.12/site-packages/airflow/example_dags/example_dataset_alias.py
[2026-08-08T08:09:31.755+0000] {logging_mixin.py:190} INFO - [2026-08-08T08:09:31.754+0000] {dag.py:3239} INFO - Sync 4 DAGs
[2026-08-08T08:09:31.785+0000] {logging_mixin.py:190} INFO - [2026-08-08T08:09:31.785+0000] {dag.py:4180} INFO - Setting next_dagrun for dataset_alias_example_alias_consumer to None, run_after=None
[2026-08-08T08:09:31.789+0000] {logging_mixin.py:190} INFO - [2026-08-08T08:09:31.789+0000] {dag.py:4180} INFO - Setting next_dagrun for dataset_alias_example_alias_producer to None, run_after=None
[2026-08-08T08:09:31.791+0000] {logging_mixin.py:190} INFO - [2026-08-08T08:09:31.791+0000] {dag.py:4180} INFO - Setting next_dagrun for dataset_s3_bucket_consumer to None, run_after=None
[2026-08-08T08:09:31.794+0000] {logging_mixin.py:190} INFO - [2026-08-08T08:09:31.793+0000] {dag.py:4180} INFO - Setting next_dagrun for dataset_s3_bucket_producer to None, run_after=None
[2026-08-08T08:09:31.818+0000] {processor.py:208} INFO - Processing /home/airflow/.local/lib/python3.12/site-packages/airflow/example_dags/example_dataset_alias.py took 0.574 seconds
[2026-08-08T08:10:02.950+0000] {processor.py:186} INFO - Started process (PID=9767) to work on /home/airflow/.local/lib/python3.12/site-packages/airflow/example_dags/example_dataset_alias.py
[2026-08-08T08:10:02.951+0000] {processor.py:914} INFO - Processing file /home/airflow/.local/lib/python3.12/site-packages/airflow/example_dags/example_dataset_alias.py for tasks to queue
[2026-08-08T08:10:02.955+0000] {logging_mixin.py:190} INFO - [2026-08-08T08:10:02.954+0000] {dagbag.py:588} INFO - Filling up the DagBag from /home/airflow/.local/lib/python3.12/site-packages/airflow/example_dags/example_dataset_alias.py
[2026-08-08T08:10:03.379+0000] {processor.py:925} INFO - DAG(s) 'dataset_s3_bucket_producer', 'dataset_s3_bucket_consumer', 'dataset_alias_example_alias_consumer', 'dataset_alias_example_alias_producer' retrieved from /home/airflow/.local/lib/python3.12/site-packages/airflow/example_dags/example_dataset_alias.py
[2026-08-08T08:10:03.414+0000] {logging_mixin.py:190} INFO - [2026-08-08T08:10:03.413+0000] {dag.py:3239} INFO - Sync 4 DAGs
[2026-08-08T08:10:03.446+0000] {logging_mixin.py:190} INFO - [2026-08-08T08:10:03.446+0000] {dag.py:4180} INFO - Setting next_dagrun for dataset_alias_example_alias_consumer to None, run_after=None
[2026-08-08T08:10:03.450+0000] {logging_mixin.py:190} INFO - [2026-08-08T08:10:03.450+0000] {dag.py:4180} INFO - Setting next_dagrun for dataset_alias_example_alias_producer to None, run_after=None
[2026-08-08T08:10:03.453+0000] {logging_mixin.py:190} INFO - [2026-08-08T08:10:03.452+0000] {dag.py:4180} INFO - Setting next_dagrun for dataset_s3_bucket_consumer to None, run_after=None
[2026-08-08T08:10:03.455+0000] {logging_mixin.py:190} INFO - [2026-08-08T08:10:03.455+0000] {dag.py:4180} INFO - Setting next_dagrun for dataset_s3_bucket_producer to None, run_after=None
[2026-08-08T08:10:03.484+0000] {processor.py:208} INFO - Processing /home/airflow/.local/lib/python3.12/site-packages/airflow/example_dags/example_dataset_alias.py took 0.544 seconds
[2026-08-08T08:10:34.858+0000] {processor.py:186} INFO - Started process (PID=9842) to work on /home/airflow/.local/lib/python3.12/site-packages/airflow/example_dags/example_dataset_alias.py
[2026-08-08T08:10:34.859+0000] {processor.py:914} INFO - Processing file /home/airflow/.local/lib/python3.12/site-packages/airflow/example_dags/example_dataset_alias.py for tasks to queue
[2026-08-08T08:10:34.862+0000] {logging_mixin.py:190} INFO - [2026-08-08T08:10:34.861+0000] {dagbag.py:588} INFO - Filling up the DagBag from /home/airflow/.local/lib/python3.12/site-packages/airflow/example_dags/example_dataset_alias.py
[2026-08-08T08:10:35.262+0000] {processor.py:925} INFO - DAG(s) 'dataset_s3_bucket_consumer', 'dataset_alias_example_alias_consumer', 'dataset_s3_bucket_producer', 'dataset_alias_example_alias_producer' retrieved from /home/airflow/.local/lib/python3.12/site-packages/airflow/example_dags/example_dataset_alias.py
[2026-08-08T08:10:35.285+0000] {logging_mixin.py:190} INFO - [2026-08-08T08:10:35.285+0000] {dag.py:3239} INFO - Sync 4 DAGs
[2026-08-08T08:10:35.312+0000] {logging_mixin.py:190} INFO - [2026-08-08T08:10:35.311+0000] {dag.py:4180} INFO - Setting next_dagrun for dataset_alias_example_alias_consumer to None, run_after=None
[2026-08-08T08:10:35.316+0000] {logging_mixin.py:190} INFO - [2026-08-08T08:10:35.315+0000] {dag.py:4180} INFO - Setting next_dagrun for dataset_alias_example_alias_producer to None, run_after=None
[2026-08-08T08:10:35.318+0000] {logging_mixin.py:190} INFO - [2026-08-08T08:10:35.318+0000] {dag.py:4180} INFO - Setting next_dagrun for dataset_s3_bucket_consumer to None, run_after=None
[2026-08-08T08:10:35.320+0000] {logging_mixin.py:190} INFO - [2026-08-08T08:10:35.320+0000] {dag.py:4180} INFO - Setting next_dagrun for dataset_s3_bucket_producer to None, run_after=None
[2026-08-08T08:10:35.345+0000] {processor.py:208} INFO - Processing /home/airflow/.local/lib/python3.12/site-packages/airflow/example_dags/example_dataset_alias.py took 0.494 seconds
[2026-08-08T08:11:06.031+0000] {processor.py:186} INFO - Started process (PID=9907) to work on /home/airflow/.local/lib/python3.12/site-packages/airflow/example_dags/example_dataset_alias.py
[2026-08-08T08:11:06.032+0000] {processor.py:914} INFO - Processing file /home/airflow/.local/lib/python3.12/site-packages/airflow/example_dags/example_dataset_alias.py for tasks to queue
[2026-08-08T08:11:06.035+0000] {logging_mixin.py:190} INFO - [2026-08-08T08:11:06.034+0000] {dagbag.py:588} INFO - Filling up the DagBag from /home/airflow/.local/lib/python3.12/site-packages/airflow/example_dags/example_dataset_alias.py
[2026-08-08T08:11:06.416+0000] {processor.py:925} INFO - DAG(s) 'dataset_alias_example_alias_producer', 'dataset_s3_bucket_consumer', 'dataset_s3_bucket_producer', 'dataset_alias_example_alias_consumer' retrieved from /home/airflow/.local/lib/python3.12/site-packages/airflow/example_dags/example_dataset_alias.py
[2026-08-08T08:11:06.439+0000] {logging_mixin.py:190} INFO - [2026-08-08T08:11:06.438+0000] {dag.py:3239} INFO - Sync 4 DAGs
[2026-08-08T08:11:06.462+0000] {logging_mixin.py:190} INFO - [2026-08-08T08:11:06.462+0000] {dag.py:4180} INFO - Setting next_dagrun for dataset_alias_example_alias_consumer to None, run_after=None
[2026-08-08T08:11:06.466+0000] {logging_mixin.py:190} INFO - [2026-08-08T08:11:06.466+0000] {dag.py:4180} INFO - Setting next_dagrun for dataset_alias_example_alias_producer to None, run_after=None
[2026-08-08T08:11:06.468+0000] {logging_mixin.py:190} INFO - [2026-08-08T08:11:06.468+0000] {dag.py:4180} INFO - Setting next_dagrun for dataset_s3_bucket_consumer to None, run_after=None
[2026-08-08T08:11:06.470+0000] {logging_mixin.py:190} INFO - [2026-08-08T08:11:06.470+0000] {dag.py:4180} INFO - Setting next_dagrun for dataset_s3_bucket_producer to None, run_after=None
[2026-08-08T08:11:06.492+0000] {processor.py:208} INFO - Processing /home/airflow/.local/lib/python3.12/site-packages/airflow/example_dags/example_dataset_alias.py took 0.467 seconds
[2026-08-08T08:11:37.196+0000] {processor.py:186} INFO - Started process (PID=9972) to work on /home/airflow/.local/lib/python3.12/site-packages/airflow/example_dags/example_dataset_alias.py
[2026-08-08T08:11:37.197+0000] {processor.py:914} INFO - Processing file /home/airflow/.local/lib/python3.12/site-packages/airflow/example_dags/example_dataset_alias.py for tasks to queue
[2026-08-08T08:11:37.200+0000] {logging_mixin.py:190} INFO - [2026-08-08T08:11:37.199+0000] {dagbag.py:588} INFO - Filling up the DagBag from /home/airflow/.local/lib/python3.12/site-packages/airflow/example_dags/example_dataset_alias.py
[2026-08-08T08:11:37.573+0000] {processor.py:925} INFO - DAG(s) 'dataset_s3_bucket_consumer', 'dataset_alias_example_alias_producer', 'dataset_s3_bucket_producer', 'dataset_alias_example_alias_consumer' retrieved from /home/airflow/.local/lib/python3.12/site-packages/airflow/example_dags/example_dataset_alias.py
[2026-08-08T08:11:37.595+0000] {logging_mixin.py:190} INFO - [2026-08-08T08:11:37.595+0000] {dag.py:3239} INFO - Sync 4 DAGs
[2026-08-08T08:11:37.621+0000] {logging_mixin.py:190} INFO - [2026-08-08T08:11:37.621+0000] {dag.py:4180} INFO - Setting next_dagrun for dataset_alias_example_alias_consumer to None, run_after=None
[2026-08-08T08:11:37.624+0000] {logging_mixin.py:190} INFO - [2026-08-08T08:11:37.624+0000] {dag.py:4180} INFO - Setting next_dagrun for dataset_alias_example_alias_producer to None, run_after=None
[2026-08-08T08:11:37.626+0000] {logging_mixin.py:190} INFO - [2026-08-08T08:11:37.626+0000] {dag.py:4180} INFO - Setting next_dagrun for dataset_s3_bucket_consumer to None, run_after=None
[2026-08-08T08:11:37.628+0000] {logging_mixin.py:190} INFO - [2026-08-08T08:11:37.628+0000] {dag.py:4180} INFO - Setting next_dagrun for dataset_s3_bucket_producer to None, run_after=None
[2026-08-08T08:11:37.650+0000] {processor.py:208} INFO - Processing /home/airflow/.local/lib/python3.12/site-packages/airflow/example_dags/example_dataset_alias.py took 0.460 seconds
[2026-08-08T08:12:08.372+0000] {processor.py:186} INFO - Started process (PID=10037) to work on /home/airflow/.local/lib/python3.12/site-packages/airflow/example_dags/example_dataset_alias.py
[2026-08-08T08:12:08.374+0000] {processor.py:914} INFO - Processing file /home/airflow/.local/lib/python3.12/site-packages/airflow/example_dags/example_dataset_alias.py for tasks to queue
[2026-08-08T08:12:08.377+0000] {logging_mixin.py:190} INFO - [2026-08-08T08:12:08.376+0000] {dagbag.py:588} INFO - Filling up the DagBag from /home/airflow/.local/lib/python3.12/site-packages/airflow/example_dags/example_dataset_alias.py
[2026-08-08T08:12:08.829+0000] {processor.py:925} INFO - DAG(s) 'dataset_s3_bucket_consumer', 'dataset_alias_example_alias_consumer', 'dataset_alias_example_alias_producer', 'dataset_s3_bucket_producer' retrieved from /home/airflow/.local/lib/python3.12/site-packages/airflow/example_dags/example_dataset_alias.py
[2026-08-08T08:12:08.854+0000] {logging_mixin.py:190} INFO - [2026-08-08T08:12:08.853+0000] {dag.py:3239} INFO - Sync 4 DAGs
[2026-08-08T08:12:08.883+0000] {logging_mixin.py:190} INFO - [2026-08-08T08:12:08.883+0000] {dag.py:4180} INFO - Setting next_dagrun for dataset_alias_example_alias_consumer to None, run_after=None
[2026-08-08T08:12:08.886+0000] {logging_mixin.py:190} INFO - [2026-08-08T08:12:08.886+0000] {dag.py:4180} INFO - Setting next_dagrun for dataset_alias_example_alias_producer to None, run_after=None
[2026-08-08T08:12:08.889+0000] {logging_mixin.py:190} INFO - [2026-08-08T08:12:08.889+0000] {dag.py:4180} INFO - Setting next_dagrun for dataset_s3_bucket_consumer to None, run_after=None
[2026-08-08T08:12:08.891+0000] {logging_mixin.py:190} INFO - [2026-08-08T08:12:08.891+0000] {dag.py:4180} INFO - Setting next_dagrun for dataset_s3_bucket_producer to None, run_after=None
[2026-08-08T08:12:08.916+0000] {processor.py:208} INFO - Processing /home/airflow/.local/lib/python3.12/site-packages/airflow/example_dags/example_dataset_alias.py took 0.551 seconds
[2026-08-08T08:12:39.382+0000] {processor.py:186} INFO - Started process (PID=10103) to work on /home/airflow/.local/lib/python3.12/site-packages/airflow/example_dags/example_dataset_alias.py
[2026-08-08T08:12:39.383+0000] {processor.py:914} INFO - Processing file /home/airflow/.local/lib/python3.12/site-packages/airflow/example_dags/example_dataset_alias.py for tasks to queue
[2026-08-08T08:12:39.387+0000] {logging_mixin.py:190} INFO - [2026-08-08T08:12:39.387+0000] {dagbag.py:588} INFO - Filling up the DagBag from /home/airflow/.local/lib/python3.12/site-packages/airflow/example_dags/example_dataset_alias.py
[2026-08-08T08:12:39.785+0000] {processor.py:925} INFO - DAG(s) 'dataset_s3_bucket_producer', 'dataset_s3_bucket_consumer', 'dataset_alias_example_alias_producer', 'dataset_alias_example_alias_consumer' retrieved from /home/airflow/.local/lib/python3.12/site-packages/airflow/example_dags/example_dataset_alias.py
[2026-08-08T08:12:39.812+0000] {logging_mixin.py:190} INFO - [2026-08-08T08:12:39.812+0000] {dag.py:3239} INFO - Sync 4 DAGs
[2026-08-08T08:12:39.844+0000] {logging_mixin.py:190} INFO - [2026-08-08T08:12:39.844+0000] {dag.py:4180} INFO - Setting next_dagrun for dataset_alias_example_alias_consumer to None, run_after=None
[2026-08-08T08:12:39.847+0000] {logging_mixin.py:190} INFO - [2026-08-08T08:12:39.847+0000] {dag.py:4180} INFO - Setting next_dagrun for dataset_alias_example_alias_producer to None, run_after=None
[2026-08-08T08:12:39.850+0000] {logging_mixin.py:190} INFO - [2026-08-08T08:12:39.849+0000] {dag.py:4180} INFO - Setting next_dagrun for dataset_s3_bucket_consumer to None, run_after=None
[2026-08-08T08:12:39.852+0000] {logging_mixin.py:190} INFO - [2026-08-08T08:12:39.851+0000] {dag.py:4180} INFO - Setting next_dagrun for dataset_s3_bucket_producer to None, run_after=None
[2026-08-08T08:12:39.877+0000] {processor.py:208} INFO - Processing /home/airflow/.local/lib/python3.12/site-packages/airflow/example_dags/example_dataset_alias.py took 0.501 seconds
[2026-08-08T08:13:10.464+0000] {processor.py:186} INFO - Started process (PID=10168) to work on /home/airflow/.local/lib/python3.12/site-packages/airflow/example_dags/example_dataset_alias.py
[2026-08-08T08:13:10.466+0000] {processor.py:914} INFO - Processing file /home/airflow/.local/lib/python3.12/site-packages/airflow/example_dags/example_dataset_alias.py for tasks to queue
[2026-08-08T08:13:10.469+0000] {logging_mixin.py:190} INFO - [2026-08-08T08:13:10.469+0000] {dagbag.py:588} INFO - Filling up the DagBag from /home/airflow/.local/lib/python3.12/site-packages/airflow/example_dags/example_dataset_alias.py
[2026-08-08T08:13:10.867+0000] {processor.py:925} INFO - DAG(s) 'dataset_alias_example_alias_consumer', 'dataset_s3_bucket_producer', 'dataset_s3_bucket_consumer', 'dataset_alias_example_alias_producer' retrieved from /home/airflow/.local/lib/python3.12/site-packages/airflow/example_dags/example_dataset_alias.py
[2026-08-08T08:13:10.891+0000] {logging_mixin.py:190} INFO - [2026-08-08T08:13:10.891+0000] {dag.py:3239} INFO - Sync 4 DAGs
[2026-08-08T08:13:10.917+0000] {logging_mixin.py:190} INFO - [2026-08-08T08:13:10.917+0000] {dag.py:4180} INFO - Setting next_dagrun for dataset_alias_example_alias_consumer to None, run_after=None
[2026-08-08T08:13:10.921+0000] {logging_mixin.py:190} INFO - [2026-08-08T08:13:10.920+0000] {dag.py:4180} INFO - Setting next_dagrun for dataset_alias_example_alias_producer to None, run_after=None
[2026-08-08T08:13:10.924+0000] {logging_mixin.py:190} INFO - [2026-08-08T08:13:10.924+0000] {dag.py:4180} INFO - Setting next_dagrun for dataset_s3_bucket_consumer to None, run_after=None
[2026-08-08T08:13:10.926+0000] {logging_mixin.py:190} INFO - [2026-08-08T08:13:10.926+0000] {dag.py:4180} INFO - Setting next_dagrun for dataset_s3_bucket_producer to None, run_after=None
[2026-08-08T08:13:10.951+0000] {processor.py:208} INFO - Processing /home/airflow/.local/lib/python3.12/site-packages/airflow/example_dags/example_dataset_alias.py took 0.494 seconds
[2026-08-08T08:13:41.119+0000] {processor.py:186} INFO - Started process (PID=10233) to work on /home/airflow/.local/lib/python3.12/site-packages/airflow/example_dags/example_dataset_alias.py
[2026-08-08T08:13:41.120+0000] {processor.py:914} INFO - Processing file /home/airflow/.local/lib/python3.12/site-packages/airflow/example_dags/example_dataset_alias.py for tasks to queue
[2026-08-08T08:13:41.124+0000] {logging_mixin.py:190} INFO - [2026-08-08T08:13:41.123+0000] {dagbag.py:588} INFO - Filling up the DagBag from /home/airflow/.local/lib/python3.12/site-packages/airflow/example_dags/example_dataset_alias.py
[2026-08-08T08:13:41.517+0000] {processor.py:925} INFO - DAG(s) 'dataset_alias_example_alias_producer', 'dataset_s3_bucket_consumer', 'dataset_s3_bucket_producer', 'dataset_alias_example_alias_consumer' retrieved from /home/airflow/.local/lib/python3.12/site-packages/airflow/example_dags/example_dataset_alias.py
[2026-08-08T08:13:41.555+0000] {logging_mixin.py:190} INFO - [2026-08-08T08:13:41.554+0000] {dag.py:3239} INFO - Sync 4 DAGs
[2026-08-08T08:13:41.596+0000] {logging_mixin.py:190} INFO - [2026-08-08T08:13:41.596+0000] {dag.py:4180} INFO - Setting next_dagrun for dataset_alias_example_alias_consumer to None, run_after=None
[2026-08-08T08:13:41.601+0000] {logging_mixin.py:190} INFO - [2026-08-08T08:13:41.601+0000] {dag.py:4180} INFO - Setting next_dagrun for dataset_alias_example_alias_producer to None, run_after=None
[2026-08-08T08:13:41.606+0000] {logging_mixin.py:190} INFO - [2026-08-08T08:13:41.605+0000] {dag.py:4180} INFO - Setting next_dagrun for dataset_s3_bucket_consumer to None, run_after=None
[2026-08-08T08:13:41.608+0000] {logging_mixin.py:190} INFO - [2026-08-08T08:13:41.607+0000] {dag.py:4180} INFO - Setting next_dagrun for dataset_s3_bucket_producer to None, run_after=None
[2026-08-08T08:13:41.636+0000] {processor.py:208} INFO - Processing /home/airflow/.local/lib/python3.12/site-packages/airflow/example_dags/example_dataset_alias.py took 0.524 seconds
[2026-08-08T08:14:12.053+0000] {processor.py:186} INFO - Started process (PID=10298) to work on /home/airflow/.local/lib/python3.12/site-packages/airflow/example_dags/example_dataset_alias.py
[2026-08-08T08:14:12.055+0000] {processor.py:914} INFO - Processing file /home/airflow/.local/lib/python3.12/site-packages/airflow/example_dags/example_dataset_alias.py for tasks to queue
[2026-08-08T08:14:12.058+0000] {logging_mixin.py:190} INFO - [2026-08-08T08:14:12.057+0000] {dagbag.py:588} INFO - Filling up the DagBag from /home/airflow/.local/lib/python3.12/site-packages/airflow/example_dags/example_dataset_alias.py
[2026-08-08T08:14:12.477+0000] {processor.py:925} INFO - DAG(s) 'dataset_s3_bucket_producer', 'dataset_alias_example_alias_consumer', 'dataset_s3_bucket_consumer', 'dataset_alias_example_alias_producer' retrieved from /home/airflow/.local/lib/python3.12/site-packages/airflow/example_dags/example_dataset_alias.py
[2026-08-08T08:14:12.507+0000] {logging_mixin.py:190} INFO - [2026-08-08T08:14:12.506+0000] {dag.py:3239} INFO - Sync 4 DAGs
[2026-08-08T08:14:12.543+0000] {logging_mixin.py:190} INFO - [2026-08-08T08:14:12.542+0000] {dag.py:4180} INFO - Setting next_dagrun for dataset_alias_example_alias_consumer to None, run_after=None
[2026-08-08T08:14:12.548+0000] {logging_mixin.py:190} INFO - [2026-08-08T08:14:12.547+0000] {dag.py:4180} INFO - Setting next_dagrun for dataset_alias_example_alias_producer to None, run_after=None
[2026-08-08T08:14:12.551+0000] {logging_mixin.py:190} INFO - [2026-08-08T08:14:12.551+0000] {dag.py:4180} INFO - Setting next_dagrun for dataset_s3_bucket_consumer to None, run_after=None
[2026-08-08T08:14:12.555+0000] {logging_mixin.py:190} INFO - [2026-08-08T08:14:12.555+0000] {dag.py:4180} INFO - Setting next_dagrun for dataset_s3_bucket_producer to None, run_after=None
[2026-08-08T08:14:12.590+0000] {processor.py:208} INFO - Processing /home/airflow/.local/lib/python3.12/site-packages/airflow/example_dags/example_dataset_alias.py took 0.542 seconds
[2026-08-08T08:14:43.192+0000] {processor.py:186} INFO - Started process (PID=10365) to work on /home/airflow/.local/lib/python3.12/site-packages/airflow/example_dags/example_dataset_alias.py
[2026-08-08T08:14:43.194+0000] {processor.py:914} INFO - Processing file /home/airflow/.local/lib/python3.12/site-packages/airflow/example_dags/example_dataset_alias.py for tasks to queue
[2026-08-08T08:14:43.197+0000] {logging_mixin.py:190} INFO - [2026-08-08T08:14:43.196+0000] {dagbag.py:588} INFO - Filling up the DagBag from /home/airflow/.local/lib/python3.12/site-packages/airflow/example_dags/example_dataset_alias.py
[2026-08-08T08:14:43.671+0000] {processor.py:925} INFO - DAG(s) 'dataset_s3_bucket_consumer', 'dataset_alias_example_alias_producer', 'dataset_s3_bucket_producer', 'dataset_alias_example_alias_consumer' retrieved from /home/airflow/.local/lib/python3.12/site-packages/airflow/example_dags/example_dataset_alias.py
[2026-08-08T08:14:43.697+0000] {logging_mixin.py:190} INFO - [2026-08-08T08:14:43.696+0000] {dag.py:3239} INFO - Sync 4 DAGs
[2026-08-08T08:14:43.728+0000] {logging_mixin.py:190} INFO - [2026-08-08T08:14:43.727+0000] {dag.py:4180} INFO - Setting next_dagrun for dataset_alias_example_alias_consumer to None, run_after=None
[2026-08-08T08:14:43.731+0000] {logging_mixin.py:190} INFO - [2026-08-08T08:14:43.731+0000] {dag.py:4180} INFO - Setting next_dagrun for dataset_alias_example_alias_producer to None, run_after=None
[2026-08-08T08:14:43.733+0000] {logging_mixin.py:190} INFO - [2026-08-08T08:14:43.733+0000] {dag.py:4180} INFO - Setting next_dagrun for dataset_s3_bucket_consumer to None, run_after=None
[2026-08-08T08:14:43.736+0000] {logging_mixin.py:190} INFO - [2026-08-08T08:14:43.735+0000] {dag.py:4180} INFO - Setting next_dagrun for dataset_s3_bucket_producer to None, run_after=None
[2026-08-08T08:14:43.765+0000] {processor.py:208} INFO - Processing /home/airflow/.local/lib/python3.12/site-packages/airflow/example_dags/example_dataset_alias.py took 0.579 seconds
[2026-08-08T08:15:14.240+0000] {processor.py:186} INFO - Started process (PID=10432) to work on /home/airflow/.local/lib/python3.12/site-packages/airflow/example_dags/example_dataset_alias.py
[2026-08-08T08:15:14.242+0000] {processor.py:914} INFO - Processing file /home/airflow/.local/lib/python3.12/site-packages/airflow/example_dags/example_dataset_alias.py for tasks to queue
[2026-08-08T08:15:14.244+0000] {logging_mixin.py:190} INFO - [2026-08-08T08:15:14.244+0000] {dagbag.py:588} INFO - Filling up the DagBag from /home/airflow/.local/lib/python3.12/site-packages/airflow/example_dags/example_dataset_alias.py
[2026-08-08T08:15:14.673+0000] {processor.py:925} INFO - DAG(s) 'dataset_s3_bucket_consumer', 'dataset_s3_bucket_producer', 'dataset_alias_example_alias_producer', 'dataset_alias_example_alias_consumer' retrieved from /home/airflow/.local/lib/python3.12/site-packages/airflow/example_dags/example_dataset_alias.py
[2026-08-08T08:15:14.701+0000] {logging_mixin.py:190} INFO - [2026-08-08T08:15:14.700+0000] {dag.py:3239} INFO - Sync 4 DAGs
[2026-08-08T08:15:14.730+0000] {logging_mixin.py:190} INFO - [2026-08-08T08:15:14.730+0000] {dag.py:4180} INFO - Setting next_dagrun for dataset_alias_example_alias_consumer to None, run_after=None
[2026-08-08T08:15:14.734+0000] {logging_mixin.py:190} INFO - [2026-08-08T08:15:14.733+0000] {dag.py:4180} INFO - Setting next_dagrun for dataset_alias_example_alias_producer to None, run_after=None
[2026-08-08T08:15:14.736+0000] {logging_mixin.py:190} INFO - [2026-08-08T08:15:14.736+0000] {dag.py:4180} INFO - Setting next_dagrun for dataset_s3_bucket_consumer to None, run_after=None
[2026-08-08T08:15:14.739+0000] {logging_mixin.py:190} INFO - [2026-08-08T08:15:14.738+0000] {dag.py:4180} INFO - Setting next_dagrun for dataset_s3_bucket_producer to None, run_after=None
[2026-08-08T08:15:14.767+0000] {processor.py:208} INFO - Processing /home/airflow/.local/lib/python3.12/site-packages/airflow/example_dags/example_dataset_alias.py took 0.533 seconds
[2026-08-08T08:15:45.443+0000] {processor.py:186} INFO - Started process (PID=10495) to work on /home/airflow/.local/lib/python3.12/site-packages/airflow/example_dags/example_dataset_alias.py
[2026-08-08T08:15:45.444+0000] {processor.py:914} INFO - Processing file /home/airflow/.local/lib/python3.12/site-packages/airflow/example_dags/example_dataset_alias.py for tasks to queue
[2026-08-08T08:15:45.447+0000] {logging_mixin.py:190} INFO - [2026-08-08T08:15:45.446+0000] {dagbag.py:588} INFO - Filling up the DagBag from /home/airflow/.local/lib/python3.12/site-packages/airflow/example_dags/example_dataset_alias.py
[2026-08-08T08:15:45.857+0000] {processor.py:925} INFO - DAG(s) 'dataset_s3_bucket_consumer', 'dataset_alias_example_alias_consumer', 'dataset_alias_example_alias_producer', 'dataset_s3_bucket_producer' retrieved from /home/airflow/.local/lib/python3.12/site-packages/airflow/example_dags/example_dataset_alias.py
[2026-08-08T08:15:45.881+0000] {logging_mixin.py:190} INFO - [2026-08-08T08:15:45.880+0000] {dag.py:3239} INFO - Sync 4 DAGs
[2026-08-08T08:15:45.909+0000] {logging_mixin.py:190} INFO - [2026-08-08T08:15:45.908+0000] {dag.py:4180} INFO - Setting next_dagrun for dataset_alias_example_alias_consumer to None, run_after=None
[2026-08-08T08:15:45.912+0000] {logging_mixin.py:190} INFO - [2026-08-08T08:15:45.912+0000] {dag.py:4180} INFO - Setting next_dagrun for dataset_alias_example_alias_producer to None, run_after=None
[2026-08-08T08:15:45.914+0000] {logging_mixin.py:190} INFO - [2026-08-08T08:15:45.914+0000] {dag.py:4180} INFO - Setting next_dagrun for dataset_s3_bucket_consumer to None, run_after=None
[2026-08-08T08:15:45.916+0000] {logging_mixin.py:190} INFO - [2026-08-08T08:15:45.916+0000] {dag.py:4180} INFO - Setting next_dagrun for dataset_s3_bucket_producer to None, run_after=None
[2026-08-08T08:15:45.939+0000] {processor.py:208} INFO - Processing /home/airflow/.local/lib/python3.12/site-packages/airflow/example_dags/example_dataset_alias.py took 0.502 seconds
[2026-08-08T08:16:16.253+0000] {processor.py:186} INFO - Started process (PID=10560) to work on /home/airflow/.local/lib/python3.12/site-packages/airflow/example_dags/example_dataset_alias.py
[2026-08-08T08:16:16.254+0000] {processor.py:914} INFO - Processing file /home/airflow/.local/lib/python3.12/site-packages/airflow/example_dags/example_dataset_alias.py for tasks to queue
[2026-08-08T08:16:16.257+0000] {logging_mixin.py:190} INFO - [2026-08-08T08:16:16.257+0000] {dagbag.py:588} INFO - Filling up the DagBag from /home/airflow/.local/lib/python3.12/site-packages/airflow/example_dags/example_dataset_alias.py
[2026-08-08T08:16:16.660+0000] {processor.py:925} INFO - DAG(s) 'dataset_alias_example_alias_consumer', 'dataset_s3_bucket_producer', 'dataset_alias_example_alias_producer', 'dataset_s3_bucket_consumer' retrieved from /home/airflow/.local/lib/python3.12/site-packages/airflow/example_dags/example_dataset_alias.py
[2026-08-08T08:16:16.688+0000] {logging_mixin.py:190} INFO - [2026-08-08T08:16:16.687+0000] {dag.py:3239} INFO - Sync 4 DAGs
[2026-08-08T08:16:16.874+0000] {logging_mixin.py:190} INFO - [2026-08-08T08:16:16.874+0000] {dag.py:4180} INFO - Setting next_dagrun for dataset_alias_example_alias_consumer to None, run_after=None
[2026-08-08T08:16:16.878+0000] {logging_mixin.py:190} INFO - [2026-08-08T08:16:16.878+0000] {dag.py:4180} INFO - Setting next_dagrun for dataset_alias_example_alias_producer to None, run_after=None
[2026-08-08T08:16:16.881+0000] {logging_mixin.py:190} INFO - [2026-08-08T08:16:16.880+0000] {dag.py:4180} INFO - Setting next_dagrun for dataset_s3_bucket_consumer to None, run_after=None
[2026-08-08T08:16:16.883+0000] {logging_mixin.py:190} INFO - [2026-08-08T08:16:16.883+0000] {dag.py:4180} INFO - Setting next_dagrun for dataset_s3_bucket_producer to None, run_after=None
[2026-08-08T08:16:16.905+0000] {processor.py:208} INFO - Processing /home/airflow/.local/lib/python3.12/site-packages/airflow/example_dags/example_dataset_alias.py took 0.658 seconds
[2026-08-08T08:16:47.721+0000] {processor.py:186} INFO - Started process (PID=10626) to work on /home/airflow/.local/lib/python3.12/site-packages/airflow/example_dags/example_dataset_alias.py
[2026-08-08T08:16:47.722+0000] {processor.py:914} INFO - Processing file /home/airflow/.local/lib/python3.12/site-packages/airflow/example_dags/example_dataset_alias.py for tasks to queue
[2026-08-08T08:16:47.725+0000] {logging_mixin.py:190} INFO - [2026-08-08T08:16:47.724+0000] {dagbag.py:588} INFO - Filling up the DagBag from /home/airflow/.local/lib/python3.12/site-packages/airflow/example_dags/example_dataset_alias.py
[2026-08-08T08:16:48.141+0000] {processor.py:925} INFO - DAG(s) 'dataset_alias_example_alias_producer', 'dataset_alias_example_alias_consumer', 'dataset_s3_bucket_producer', 'dataset_s3_bucket_consumer' retrieved from /home/airflow/.local/lib/python3.12/site-packages/airflow/example_dags/example_dataset_alias.py
[2026-08-08T08:16:48.165+0000] {logging_mixin.py:190} INFO - [2026-08-08T08:16:48.164+0000] {dag.py:3239} INFO - Sync 4 DAGs
[2026-08-08T08:16:48.194+0000] {logging_mixin.py:190} INFO - [2026-08-08T08:16:48.194+0000] {dag.py:4180} INFO - Setting next_dagrun for dataset_alias_example_alias_consumer to None, run_after=None
[2026-08-08T08:16:48.197+0000] {logging_mixin.py:190} INFO - [2026-08-08T08:16:48.197+0000] {dag.py:4180} INFO - Setting next_dagrun for dataset_alias_example_alias_producer to None, run_after=None
[2026-08-08T08:16:48.389+0000] {logging_mixin.py:190} INFO - [2026-08-08T08:16:48.388+0000] {dag.py:4180} INFO - Setting next_dagrun for dataset_s3_bucket_consumer to None, run_after=None
[2026-08-08T08:16:48.391+0000] {logging_mixin.py:190} INFO - [2026-08-08T08:16:48.391+0000] {dag.py:4180} INFO - Setting next_dagrun for dataset_s3_bucket_producer to None, run_after=None
[2026-08-08T08:16:48.416+0000] {processor.py:208} INFO - Processing /home/airflow/.local/lib/python3.12/site-packages/airflow/example_dags/example_dataset_alias.py took 0.702 seconds
[2026-08-08T08:17:19.329+0000] {processor.py:186} INFO - Started process (PID=10695) to work on /home/airflow/.local/lib/python3.12/site-packages/airflow/example_dags/example_dataset_alias.py
[2026-08-08T08:17:19.331+0000] {processor.py:914} INFO - Processing file /home/airflow/.local/lib/python3.12/site-packages/airflow/example_dags/example_dataset_alias.py for tasks to queue
[2026-08-08T08:17:19.334+0000] {logging_mixin.py:190} INFO - [2026-08-08T08:17:19.334+0000] {dagbag.py:588} INFO - Filling up the DagBag from /home/airflow/.local/lib/python3.12/site-packages/airflow/example_dags/example_dataset_alias.py
[2026-08-08T08:17:19.763+0000] {processor.py:925} INFO - DAG(s) 'dataset_s3_bucket_consumer', 'dataset_s3_bucket_producer', 'dataset_alias_example_alias_consumer', 'dataset_alias_example_alias_producer' retrieved from /home/airflow/.local/lib/python3.12/site-packages/airflow/example_dags/example_dataset_alias.py
[2026-08-08T08:17:19.787+0000] {logging_mixin.py:190} INFO - [2026-08-08T08:17:19.787+0000] {dag.py:3239} INFO - Sync 4 DAGs
[2026-08-08T08:17:19.973+0000] {logging_mixin.py:190} INFO - [2026-08-08T08:17:19.973+0000] {dag.py:4180} INFO - Setting next_dagrun for dataset_alias_example_alias_consumer to None, run_after=None
[2026-08-08T08:17:19.977+0000] {logging_mixin.py:190} INFO - [2026-08-08T08:17:19.977+0000] {dag.py:4180} INFO - Setting next_dagrun for dataset_alias_example_alias_producer to None, run_after=None
[2026-08-08T08:17:19.979+0000] {logging_mixin.py:190} INFO - [2026-08-08T08:17:19.979+0000] {dag.py:4180} INFO - Setting next_dagrun for dataset_s3_bucket_consumer to None, run_after=None
[2026-08-08T08:17:19.982+0000] {logging_mixin.py:190} INFO - [2026-08-08T08:17:19.982+0000] {dag.py:4180} INFO - Setting next_dagrun for dataset_s3_bucket_producer to None, run_after=None
[2026-08-08T08:17:20.006+0000] {processor.py:208} INFO - Processing /home/airflow/.local/lib/python3.12/site-packages/airflow/example_dags/example_dataset_alias.py took 0.685 seconds
[2026-08-08T08:17:50.054+0000] {processor.py:186} INFO - Started process (PID=10760) to work on /home/airflow/.local/lib/python3.12/site-packages/airflow/example_dags/example_dataset_alias.py
[2026-08-08T08:17:50.055+0000] {processor.py:914} INFO - Processing file /home/airflow/.local/lib/python3.12/site-packages/airflow/example_dags/example_dataset_alias.py for tasks to queue
[2026-08-08T08:17:50.058+0000] {logging_mixin.py:190} INFO - [2026-08-08T08:17:50.058+0000] {dagbag.py:588} INFO - Filling up the DagBag from /home/airflow/.local/lib/python3.12/site-packages/airflow/example_dags/example_dataset_alias.py
[2026-08-08T08:17:50.466+0000] {processor.py:925} INFO - DAG(s) 'dataset_alias_example_alias_consumer', 'dataset_alias_example_alias_producer', 'dataset_s3_bucket_consumer', 'dataset_s3_bucket_producer' retrieved from /home/airflow/.local/lib/python3.12/site-packages/airflow/example_dags/example_dataset_alias.py
[2026-08-08T08:17:50.491+0000] {logging_mixin.py:190} INFO - [2026-08-08T08:17:50.490+0000] {dag.py:3239} INFO - Sync 4 DAGs
[2026-08-08T08:17:50.518+0000] {logging_mixin.py:190} INFO - [2026-08-08T08:17:50.518+0000] {dag.py:4180} INFO - Setting next_dagrun for dataset_alias_example_alias_consumer to None, run_after=None
[2026-08-08T08:17:50.522+0000] {logging_mixin.py:190} INFO - [2026-08-08T08:17:50.521+0000] {dag.py:4180} INFO - Setting next_dagrun for dataset_alias_example_alias_producer to None, run_after=None
[2026-08-08T08:17:50.706+0000] {logging_mixin.py:190} INFO - [2026-08-08T08:17:50.706+0000] {dag.py:4180} INFO - Setting next_dagrun for dataset_s3_bucket_consumer to None, run_after=None
[2026-08-08T08:17:50.708+0000] {logging_mixin.py:190} INFO - [2026-08-08T08:17:50.708+0000] {dag.py:4180} INFO - Setting next_dagrun for dataset_s3_bucket_producer to None, run_after=None
[2026-08-08T08:17:50.731+0000] {processor.py:208} INFO - Processing /home/airflow/.local/lib/python3.12/site-packages/airflow/example_dags/example_dataset_alias.py took 0.683 seconds
[2026-08-08T08:18:20.816+0000] {processor.py:186} INFO - Started process (PID=10827) to work on /home/airflow/.local/lib/python3.12/site-packages/airflow/example_dags/example_dataset_alias.py
[2026-08-08T08:18:20.817+0000] {processor.py:914} INFO - Processing file /home/airflow/.local/lib/python3.12/site-packages/airflow/example_dags/example_dataset_alias.py for tasks to queue
[2026-08-08T08:18:20.820+0000] {logging_mixin.py:190} INFO - [2026-08-08T08:18:20.820+0000] {dagbag.py:588} INFO - Filling up the DagBag from /home/airflow/.local/lib/python3.12/site-packages/airflow/example_dags/example_dataset_alias.py
[2026-08-08T08:18:21.233+0000] {processor.py:925} INFO - DAG(s) 'dataset_alias_example_alias_producer', 'dataset_alias_example_alias_consumer', 'dataset_s3_bucket_producer', 'dataset_s3_bucket_consumer' retrieved from /home/airflow/.local/lib/python3.12/site-packages/airflow/example_dags/example_dataset_alias.py
[2026-08-08T08:18:21.256+0000] {logging_mixin.py:190} INFO - [2026-08-08T08:18:21.256+0000] {dag.py:3239} INFO - Sync 4 DAGs
[2026-08-08T08:18:21.283+0000] {logging_mixin.py:190} INFO - [2026-08-08T08:18:21.282+0000] {dag.py:4180} INFO - Setting next_dagrun for dataset_alias_example_alias_consumer to None, run_after=None
[2026-08-08T08:18:21.286+0000] {logging_mixin.py:190} INFO - [2026-08-08T08:18:21.286+0000] {dag.py:4180} INFO - Setting next_dagrun for dataset_alias_example_alias_producer to None, run_after=None
[2026-08-08T08:18:21.450+0000] {logging_mixin.py:190} INFO - [2026-08-08T08:18:21.449+0000] {dag.py:4180} INFO - Setting next_dagrun for dataset_s3_bucket_consumer to None, run_after=None
[2026-08-08T08:18:21.452+0000] {logging_mixin.py:190} INFO - [2026-08-08T08:18:21.452+0000] {dag.py:4180} INFO - Setting next_dagrun for dataset_s3_bucket_producer to None, run_after=None
[2026-08-08T08:18:21.478+0000] {processor.py:208} INFO - Processing /home/airflow/.local/lib/python3.12/site-packages/airflow/example_dags/example_dataset_alias.py took 0.668 seconds
[2026-08-08T08:18:51.525+0000] {processor.py:186} INFO - Started process (PID=10892) to work on /home/airflow/.local/lib/python3.12/site-packages/airflow/example_dags/example_dataset_alias.py
[2026-08-08T08:18:51.527+0000] {processor.py:914} INFO - Processing file /home/airflow/.local/lib/python3.12/site-packages/airflow/example_dags/example_dataset_alias.py for tasks to queue
[2026-08-08T08:18:51.531+0000] {logging_mixin.py:190} INFO - [2026-08-08T08:18:51.530+0000] {dagbag.py:588} INFO - Filling up the DagBag from /home/airflow/.local/lib/python3.12/site-packages/airflow/example_dags/example_dataset_alias.py
[2026-08-08T08:18:52.000+0000] {processor.py:925} INFO - DAG(s) 'dataset_s3_bucket_producer', 'dataset_alias_example_alias_producer', 'dataset_s3_bucket_consumer', 'dataset_alias_example_alias_consumer' retrieved from /home/airflow/.local/lib/python3.12/site-packages/airflow/example_dags/example_dataset_alias.py
[2026-08-08T08:18:52.024+0000] {logging_mixin.py:190} INFO - [2026-08-08T08:18:52.023+0000] {dag.py:3239} INFO - Sync 4 DAGs
[2026-08-08T08:18:52.053+0000] {logging_mixin.py:190} INFO - [2026-08-08T08:18:52.052+0000] {dag.py:4180} INFO - Setting next_dagrun for dataset_alias_example_alias_consumer to None, run_after=None
[2026-08-08T08:18:52.056+0000] {logging_mixin.py:190} INFO - [2026-08-08T08:18:52.056+0000] {dag.py:4180} INFO - Setting next_dagrun for dataset_alias_example_alias_producer to None, run_after=None
[2026-08-08T08:18:52.246+0000] {logging_mixin.py:190} INFO - [2026-08-08T08:18:52.246+0000] {dag.py:4180} INFO - Setting next_dagrun for dataset_s3_bucket_consumer to None, run_after=None
[2026-08-08T08:18:52.248+0000] {logging_mixin.py:190} INFO - [2026-08-08T08:18:52.248+0000] {dag.py:4180} INFO - Setting next_dagrun for dataset_s3_bucket_producer to None, run_after=None
[2026-08-08T08:18:52.270+0000] {processor.py:208} INFO - Processing /home/airflow/.local/lib/python3.12/site-packages/airflow/example_dags/example_dataset_alias.py took 0.752 seconds
[2026-08-08T08:19:22.408+0000] {processor.py:186} INFO - Started process (PID=10955) to work on /home/airflow/.local/lib/python3.12/site-packages/airflow/example_dags/example_dataset_alias.py
[2026-08-08T08:19:22.410+0000] {processor.py:914} INFO - Processing file /home/airflow/.local/lib/python3.12/site-packages/airflow/example_dags/example_dataset_alias.py for tasks to queue
[2026-08-08T08:19:22.412+0000] {logging_mixin.py:190} INFO - [2026-08-08T08:19:22.412+0000] {dagbag.py:588} INFO - Filling up the DagBag from /home/airflow/.local/lib/python3.12/site-packages/airflow/example_dags/example_dataset_alias.py
[2026-08-08T08:19:22.904+0000] {processor.py:925} INFO - DAG(s) 'dataset_alias_example_alias_consumer', 'dataset_s3_bucket_producer', 'dataset_s3_bucket_consumer', 'dataset_alias_example_alias_producer' retrieved from /home/airflow/.local/lib/python3.12/site-packages/airflow/example_dags/example_dataset_alias.py
[2026-08-08T08:19:22.939+0000] {logging_mixin.py:190} INFO - [2026-08-08T08:19:22.939+0000] {dag.py:3239} INFO - Sync 4 DAGs
[2026-08-08T08:19:23.176+0000] {logging_mixin.py:190} INFO - [2026-08-08T08:19:23.175+0000] {dag.py:4180} INFO - Setting next_dagrun for dataset_alias_example_alias_consumer to None, run_after=None
[2026-08-08T08:19:23.181+0000] {logging_mixin.py:190} INFO - [2026-08-08T08:19:23.181+0000] {dag.py:4180} INFO - Setting next_dagrun for dataset_alias_example_alias_producer to None, run_after=None
[2026-08-08T08:19:23.183+0000] {logging_mixin.py:190} INFO - [2026-08-08T08:19:23.183+0000] {dag.py:4180} INFO - Setting next_dagrun for dataset_s3_bucket_consumer to None, run_after=None
[2026-08-08T08:19:23.186+0000] {logging_mixin.py:190} INFO - [2026-08-08T08:19:23.185+0000] {dag.py:4180} INFO - Setting next_dagrun for dataset_s3_bucket_producer to None, run_after=None
[2026-08-08T08:19:23.209+0000] {processor.py:208} INFO - Processing /home/airflow/.local/lib/python3.12/site-packages/airflow/example_dags/example_dataset_alias.py took 0.807 seconds
[2026-08-08T08:19:54.099+0000] {processor.py:186} INFO - Started process (PID=11016) to work on /home/airflow/.local/lib/python3.12/site-packages/airflow/example_dags/example_dataset_alias.py
[2026-08-08T08:19:54.100+0000] {processor.py:914} INFO - Processing file /home/airflow/.local/lib/python3.12/site-packages/airflow/example_dags/example_dataset_alias.py for tasks to queue
[2026-08-08T08:19:54.103+0000] {logging_mixin.py:190} INFO - [2026-08-08T08:19:54.103+0000] {dagbag.py:588} INFO - Filling up the DagBag from /home/airflow/.local/lib/python3.12/site-packages/airflow/example_dags/example_dataset_alias.py
[2026-08-08T08:19:54.725+0000] {processor.py:925} INFO - DAG(s) 'dataset_alias_example_alias_producer', 'dataset_alias_example_alias_consumer', 'dataset_s3_bucket_consumer', 'dataset_s3_bucket_producer' retrieved from /home/airflow/.local/lib/python3.12/site-packages/airflow/example_dags/example_dataset_alias.py
[2026-08-08T08:19:54.751+0000] {logging_mixin.py:190} INFO - [2026-08-08T08:19:54.750+0000] {dag.py:3239} INFO - Sync 4 DAGs
[2026-08-08T08:19:54.774+0000] {logging_mixin.py:190} INFO - [2026-08-08T08:19:54.774+0000] {dag.py:4180} INFO - Setting next_dagrun for dataset_alias_example_alias_consumer to None, run_after=None
[2026-08-08T08:19:54.778+0000] {logging_mixin.py:190} INFO - [2026-08-08T08:19:54.777+0000] {dag.py:4180} INFO - Setting next_dagrun for dataset_alias_example_alias_producer to None, run_after=None
[2026-08-08T08:19:54.780+0000] {logging_mixin.py:190} INFO - [2026-08-08T08:19:54.780+0000] {dag.py:4180} INFO - Setting next_dagrun for dataset_s3_bucket_consumer to None, run_after=None
[2026-08-08T08:19:54.782+0000] {logging_mixin.py:190} INFO - [2026-08-08T08:19:54.782+0000] {dag.py:4180} INFO - Setting next_dagrun for dataset_s3_bucket_producer to None, run_after=None
[2026-08-08T08:19:54.813+0000] {processor.py:208} INFO - Processing /home/airflow/.local/lib/python3.12/site-packages/airflow/example_dags/example_dataset_alias.py took 0.720 seconds
[2026-08-08T08:20:25.581+0000] {processor.py:186} INFO - Started process (PID=11085) to work on /home/airflow/.local/lib/python3.12/site-packages/airflow/example_dags/example_dataset_alias.py
[2026-08-08T08:20:25.585+0000] {processor.py:914} INFO - Processing file /home/airflow/.local/lib/python3.12/site-packages/airflow/example_dags/example_dataset_alias.py for tasks to queue
[2026-08-08T08:20:25.588+0000] {logging_mixin.py:190} INFO - [2026-08-08T08:20:25.588+0000] {dagbag.py:588} INFO - Filling up the DagBag from /home/airflow/.local/lib/python3.12/site-packages/airflow/example_dags/example_dataset_alias.py
[2026-08-08T08:20:26.160+0000] {processor.py:925} INFO - DAG(s) 'dataset_s3_bucket_producer', 'dataset_alias_example_alias_producer', 'dataset_s3_bucket_consumer', 'dataset_alias_example_alias_consumer' retrieved from /home/airflow/.local/lib/python3.12/site-packages/airflow/example_dags/example_dataset_alias.py
[2026-08-08T08:20:26.184+0000] {logging_mixin.py:190} INFO - [2026-08-08T08:20:26.183+0000] {dag.py:3239} INFO - Sync 4 DAGs
[2026-08-08T08:20:26.206+0000] {logging_mixin.py:190} INFO - [2026-08-08T08:20:26.206+0000] {dag.py:4180} INFO - Setting next_dagrun for dataset_alias_example_alias_consumer to None, run_after=None
[2026-08-08T08:20:26.210+0000] {logging_mixin.py:190} INFO - [2026-08-08T08:20:26.209+0000] {dag.py:4180} INFO - Setting next_dagrun for dataset_alias_example_alias_producer to None, run_after=None
[2026-08-08T08:20:26.213+0000] {logging_mixin.py:190} INFO - [2026-08-08T08:20:26.213+0000] {dag.py:4180} INFO - Setting next_dagrun for dataset_s3_bucket_consumer to None, run_after=None
[2026-08-08T08:20:26.215+0000] {logging_mixin.py:190} INFO - [2026-08-08T08:20:26.215+0000] {dag.py:4180} INFO - Setting next_dagrun for dataset_s3_bucket_producer to None, run_after=None
[2026-08-08T08:20:26.237+0000] {processor.py:208} INFO - Processing /home/airflow/.local/lib/python3.12/site-packages/airflow/example_dags/example_dataset_alias.py took 0.663 seconds
[2026-08-08T08:20:56.942+0000] {processor.py:186} INFO - Started process (PID=11146) to work on /home/airflow/.local/lib/python3.12/site-packages/airflow/example_dags/example_dataset_alias.py
[2026-08-08T08:20:56.943+0000] {processor.py:914} INFO - Processing file /home/airflow/.local/lib/python3.12/site-packages/airflow/example_dags/example_dataset_alias.py for tasks to queue
[2026-08-08T08:20:56.946+0000] {logging_mixin.py:190} INFO - [2026-08-08T08:20:56.946+0000] {dagbag.py:588} INFO - Filling up the DagBag from /home/airflow/.local/lib/python3.12/site-packages/airflow/example_dags/example_dataset_alias.py
[2026-08-08T08:20:57.553+0000] {processor.py:925} INFO - DAG(s) 'dataset_alias_example_alias_producer', 'dataset_alias_example_alias_consumer', 'dataset_s3_bucket_consumer', 'dataset_s3_bucket_producer' retrieved from /home/airflow/.local/lib/python3.12/site-packages/airflow/example_dags/example_dataset_alias.py
[2026-08-08T08:20:57.575+0000] {logging_mixin.py:190} INFO - [2026-08-08T08:20:57.574+0000] {dag.py:3239} INFO - Sync 4 DAGs
[2026-08-08T08:20:57.598+0000] {logging_mixin.py:190} INFO - [2026-08-08T08:20:57.598+0000] {dag.py:4180} INFO - Setting next_dagrun for dataset_alias_example_alias_consumer to None, run_after=None
[2026-08-08T08:20:57.601+0000] {logging_mixin.py:190} INFO - [2026-08-08T08:20:57.601+0000] {dag.py:4180} INFO - Setting next_dagrun for dataset_alias_example_alias_producer to None, run_after=None
[2026-08-08T08:20:57.603+0000] {logging_mixin.py:190} INFO - [2026-08-08T08:20:57.603+0000] {dag.py:4180} INFO - Setting next_dagrun for dataset_s3_bucket_consumer to None, run_after=None
[2026-08-08T08:20:57.606+0000] {logging_mixin.py:190} INFO - [2026-08-08T08:20:57.605+0000] {dag.py:4180} INFO - Setting next_dagrun for dataset_s3_bucket_producer to None, run_after=None
[2026-08-08T08:20:57.629+0000] {processor.py:208} INFO - Processing /home/airflow/.local/lib/python3.12/site-packages/airflow/example_dags/example_dataset_alias.py took 0.693 seconds
[2026-08-08T08:21:27.917+0000] {processor.py:186} INFO - Started process (PID=11214) to work on /home/airflow/.local/lib/python3.12/site-packages/airflow/example_dags/example_dataset_alias.py
[2026-08-08T08:21:27.918+0000] {processor.py:914} INFO - Processing file /home/airflow/.local/lib/python3.12/site-packages/airflow/example_dags/example_dataset_alias.py for tasks to queue
[2026-08-08T08:21:27.921+0000] {logging_mixin.py:190} INFO - [2026-08-08T08:21:27.920+0000] {dagbag.py:588} INFO - Filling up the DagBag from /home/airflow/.local/lib/python3.12/site-packages/airflow/example_dags/example_dataset_alias.py
[2026-08-08T08:21:28.529+0000] {processor.py:925} INFO - DAG(s) 'dataset_s3_bucket_producer', 'dataset_s3_bucket_consumer', 'dataset_alias_example_alias_producer', 'dataset_alias_example_alias_consumer' retrieved from /home/airflow/.local/lib/python3.12/site-packages/airflow/example_dags/example_dataset_alias.py
[2026-08-08T08:21:28.551+0000] {logging_mixin.py:190} INFO - [2026-08-08T08:21:28.551+0000] {dag.py:3239} INFO - Sync 4 DAGs
[2026-08-08T08:21:28.573+0000] {logging_mixin.py:190} INFO - [2026-08-08T08:21:28.573+0000] {dag.py:4180} INFO - Setting next_dagrun for dataset_alias_example_alias_consumer to None, run_after=None
[2026-08-08T08:21:28.576+0000] {logging_mixin.py:190} INFO - [2026-08-08T08:21:28.576+0000] {dag.py:4180} INFO - Setting next_dagrun for dataset_alias_example_alias_producer to None, run_after=None
[2026-08-08T08:21:28.579+0000] {logging_mixin.py:190} INFO - [2026-08-08T08:21:28.578+0000] {dag.py:4180} INFO - Setting next_dagrun for dataset_s3_bucket_consumer to None, run_after=None
[2026-08-08T08:21:28.581+0000] {logging_mixin.py:190} INFO - [2026-08-08T08:21:28.580+0000] {dag.py:4180} INFO - Setting next_dagrun for dataset_s3_bucket_producer to None, run_after=None
[2026-08-08T08:21:28.602+0000] {processor.py:208} INFO - Processing /home/airflow/.local/lib/python3.12/site-packages/airflow/example_dags/example_dataset_alias.py took 0.692 seconds
[2026-08-08T08:21:59.361+0000] {processor.py:186} INFO - Started process (PID=11282) to work on /home/airflow/.local/lib/python3.12/site-packages/airflow/example_dags/example_dataset_alias.py
[2026-08-08T08:21:59.363+0000] {processor.py:914} INFO - Processing file /home/airflow/.local/lib/python3.12/site-packages/airflow/example_dags/example_dataset_alias.py for tasks to queue
[2026-08-08T08:21:59.366+0000] {logging_mixin.py:190} INFO - [2026-08-08T08:21:59.365+0000] {dagbag.py:588} INFO - Filling up the DagBag from /home/airflow/.local/lib/python3.12/site-packages/airflow/example_dags/example_dataset_alias.py
[2026-08-08T08:21:59.998+0000] {processor.py:925} INFO - DAG(s) 'dataset_alias_example_alias_producer', 'dataset_s3_bucket_producer', 'dataset_s3_bucket_consumer', 'dataset_alias_example_alias_consumer' retrieved from /home/airflow/.local/lib/python3.12/site-packages/airflow/example_dags/example_dataset_alias.py
[2026-08-08T08:22:00.023+0000] {logging_mixin.py:190} INFO - [2026-08-08T08:22:00.022+0000] {dag.py:3239} INFO - Sync 4 DAGs
[2026-08-08T08:22:00.045+0000] {logging_mixin.py:190} INFO - [2026-08-08T08:22:00.045+0000] {dag.py:4180} INFO - Setting next_dagrun for dataset_alias_example_alias_consumer to None, run_after=None
[2026-08-08T08:22:00.048+0000] {logging_mixin.py:190} INFO - [2026-08-08T08:22:00.048+0000] {dag.py:4180} INFO - Setting next_dagrun for dataset_alias_example_alias_producer to None, run_after=None
[2026-08-08T08:22:00.050+0000] {logging_mixin.py:190} INFO - [2026-08-08T08:22:00.050+0000] {dag.py:4180} INFO - Setting next_dagrun for dataset_s3_bucket_consumer to None, run_after=None
[2026-08-08T08:22:00.052+0000] {logging_mixin.py:190} INFO - [2026-08-08T08:22:00.052+0000] {dag.py:4180} INFO - Setting next_dagrun for dataset_s3_bucket_producer to None, run_after=None
[2026-08-08T08:22:00.075+0000] {processor.py:208} INFO - Processing /home/airflow/.local/lib/python3.12/site-packages/airflow/example_dags/example_dataset_alias.py took 0.720 seconds
[2026-08-08T08:22:30.276+0000] {processor.py:186} INFO - Started process (PID=11343) to work on /home/airflow/.local/lib/python3.12/site-packages/airflow/example_dags/example_dataset_alias.py
[2026-08-08T08:22:30.278+0000] {processor.py:914} INFO - Processing file /home/airflow/.local/lib/python3.12/site-packages/airflow/example_dags/example_dataset_alias.py for tasks to queue
[2026-08-08T08:22:30.281+0000] {logging_mixin.py:190} INFO - [2026-08-08T08:22:30.280+0000] {dagbag.py:588} INFO - Filling up the DagBag from /home/airflow/.local/lib/python3.12/site-packages/airflow/example_dags/example_dataset_alias.py
[2026-08-08T08:22:30.939+0000] {processor.py:925} INFO - DAG(s) 'dataset_s3_bucket_producer', 'dataset_alias_example_alias_producer', 'dataset_alias_example_alias_consumer', 'dataset_s3_bucket_consumer' retrieved from /home/airflow/.local/lib/python3.12/site-packages/airflow/example_dags/example_dataset_alias.py
[2026-08-08T08:22:30.967+0000] {logging_mixin.py:190} INFO - [2026-08-08T08:22:30.966+0000] {dag.py:3239} INFO - Sync 4 DAGs
[2026-08-08T08:22:30.993+0000] {logging_mixin.py:190} INFO - [2026-08-08T08:22:30.993+0000] {dag.py:4180} INFO - Setting next_dagrun for dataset_alias_example_alias_consumer to None, run_after=None
[2026-08-08T08:22:30.996+0000] {logging_mixin.py:190} INFO - [2026-08-08T08:22:30.996+0000] {dag.py:4180} INFO - Setting next_dagrun for dataset_alias_example_alias_producer to None, run_after=None
[2026-08-08T08:22:30.998+0000] {logging_mixin.py:190} INFO - [2026-08-08T08:22:30.998+0000] {dag.py:4180} INFO - Setting next_dagrun for dataset_s3_bucket_consumer to None, run_after=None
[2026-08-08T08:22:31.001+0000] {logging_mixin.py:190} INFO - [2026-08-08T08:22:31.000+0000] {dag.py:4180} INFO - Setting next_dagrun for dataset_s3_bucket_producer to None, run_after=None
[2026-08-08T08:22:31.025+0000] {processor.py:208} INFO - Processing /home/airflow/.local/lib/python3.12/site-packages/airflow/example_dags/example_dataset_alias.py took 0.755 seconds
[2026-08-08T08:23:01.865+0000] {processor.py:186} INFO - Started process (PID=11410) to work on /home/airflow/.local/lib/python3.12/site-packages/airflow/example_dags/example_dataset_alias.py
[2026-08-08T08:23:01.867+0000] {processor.py:914} INFO - Processing file /home/airflow/.local/lib/python3.12/site-packages/airflow/example_dags/example_dataset_alias.py for tasks to queue
[2026-08-08T08:23:01.871+0000] {logging_mixin.py:190} INFO - [2026-08-08T08:23:01.870+0000] {dagbag.py:588} INFO - Filling up the DagBag from /home/airflow/.local/lib/python3.12/site-packages/airflow/example_dags/example_dataset_alias.py
[2026-08-08T08:23:02.540+0000] {processor.py:925} INFO - DAG(s) 'dataset_alias_example_alias_consumer', 'dataset_s3_bucket_producer', 'dataset_alias_example_alias_producer', 'dataset_s3_bucket_consumer' retrieved from /home/airflow/.local/lib/python3.12/site-packages/airflow/example_dags/example_dataset_alias.py
[2026-08-08T08:23:02.576+0000] {logging_mixin.py:190} INFO - [2026-08-08T08:23:02.575+0000] {dag.py:3239} INFO - Sync 4 DAGs
[2026-08-08T08:23:02.617+0000] {logging_mixin.py:190} INFO - [2026-08-08T08:23:02.616+0000] {dag.py:4180} INFO - Setting next_dagrun for dataset_alias_example_alias_consumer to None, run_after=None
[2026-08-08T08:23:02.621+0000] {logging_mixin.py:190} INFO - [2026-08-08T08:23:02.621+0000] {dag.py:4180} INFO - Setting next_dagrun for dataset_alias_example_alias_producer to None, run_after=None
[2026-08-08T08:23:02.625+0000] {logging_mixin.py:190} INFO - [2026-08-08T08:23:02.625+0000] {dag.py:4180} INFO - Setting next_dagrun for dataset_s3_bucket_consumer to None, run_after=None
[2026-08-08T08:23:02.628+0000] {logging_mixin.py:190} INFO - [2026-08-08T08:23:02.628+0000] {dag.py:4180} INFO - Setting next_dagrun for dataset_s3_bucket_producer to None, run_after=None
[2026-08-08T08:23:02.664+0000] {processor.py:208} INFO - Processing /home/airflow/.local/lib/python3.12/site-packages/airflow/example_dags/example_dataset_alias.py took 0.806 seconds
[2026-08-08T08:23:32.865+0000] {processor.py:186} INFO - Started process (PID=11475) to work on /home/airflow/.local/lib/python3.12/site-packages/airflow/example_dags/example_dataset_alias.py
[2026-08-08T08:23:32.867+0000] {processor.py:914} INFO - Processing file /home/airflow/.local/lib/python3.12/site-packages/airflow/example_dags/example_dataset_alias.py for tasks to queue
[2026-08-08T08:23:32.872+0000] {logging_mixin.py:190} INFO - [2026-08-08T08:23:32.872+0000] {dagbag.py:588} INFO - Filling up the DagBag from /home/airflow/.local/lib/python3.12/site-packages/airflow/example_dags/example_dataset_alias.py
[2026-08-08T08:23:33.513+0000] {processor.py:925} INFO - DAG(s) 'dataset_alias_example_alias_producer', 'dataset_alias_example_alias_consumer', 'dataset_s3_bucket_consumer', 'dataset_s3_bucket_producer' retrieved from /home/airflow/.local/lib/python3.12/site-packages/airflow/example_dags/example_dataset_alias.py
[2026-08-08T08:23:33.535+0000] {logging_mixin.py:190} INFO - [2026-08-08T08:23:33.535+0000] {dag.py:3239} INFO - Sync 4 DAGs
[2026-08-08T08:23:33.558+0000] {logging_mixin.py:190} INFO - [2026-08-08T08:23:33.558+0000] {dag.py:4180} INFO - Setting next_dagrun for dataset_alias_example_alias_consumer to None, run_after=None
[2026-08-08T08:23:33.561+0000] {logging_mixin.py:190} INFO - [2026-08-08T08:23:33.561+0000] {dag.py:4180} INFO - Setting next_dagrun for dataset_alias_example_alias_producer to None, run_after=None
[2026-08-08T08:23:33.563+0000] {logging_mixin.py:190} INFO - [2026-08-08T08:23:33.563+0000] {dag.py:4180} INFO - Setting next_dagrun for dataset_s3_bucket_consumer to None, run_after=None
[2026-08-08T08:23:33.565+0000] {logging_mixin.py:190} INFO - [2026-08-08T08:23:33.565+0000] {dag.py:4180} INFO - Setting next_dagrun for dataset_s3_bucket_producer to None, run_after=None
[2026-08-08T08:23:33.587+0000] {processor.py:208} INFO - Processing /home/airflow/.local/lib/python3.12/site-packages/airflow/example_dags/example_dataset_alias.py took 0.733 seconds
[2026-08-08T08:24:04.331+0000] {processor.py:186} INFO - Started process (PID=11540) to work on /home/airflow/.local/lib/python3.12/site-packages/airflow/example_dags/example_dataset_alias.py
[2026-08-08T08:24:04.332+0000] {processor.py:914} INFO - Processing file /home/airflow/.local/lib/python3.12/site-packages/airflow/example_dags/example_dataset_alias.py for tasks to queue
[2026-08-08T08:24:04.335+0000] {logging_mixin.py:190} INFO - [2026-08-08T08:24:04.335+0000] {dagbag.py:588} INFO - Filling up the DagBag from /home/airflow/.local/lib/python3.12/site-packages/airflow/example_dags/example_dataset_alias.py
[2026-08-08T08:24:04.957+0000] {processor.py:925} INFO - DAG(s) 'dataset_s3_bucket_consumer', 'dataset_alias_example_alias_producer', 'dataset_alias_example_alias_consumer', 'dataset_s3_bucket_producer' retrieved from /home/airflow/.local/lib/python3.12/site-packages/airflow/example_dags/example_dataset_alias.py
[2026-08-08T08:24:04.978+0000] {logging_mixin.py:190} INFO - [2026-08-08T08:24:04.978+0000] {dag.py:3239} INFO - Sync 4 DAGs
[2026-08-08T08:24:05.000+0000] {logging_mixin.py:190} INFO - [2026-08-08T08:24:05.000+0000] {dag.py:4180} INFO - Setting next_dagrun for dataset_alias_example_alias_consumer to None, run_after=None
[2026-08-08T08:24:05.004+0000] {logging_mixin.py:190} INFO - [2026-08-08T08:24:05.003+0000] {dag.py:4180} INFO - Setting next_dagrun for dataset_alias_example_alias_producer to None, run_after=None
[2026-08-08T08:24:05.006+0000] {logging_mixin.py:190} INFO - [2026-08-08T08:24:05.006+0000] {dag.py:4180} INFO - Setting next_dagrun for dataset_s3_bucket_consumer to None, run_after=None
[2026-08-08T08:24:05.008+0000] {logging_mixin.py:190} INFO - [2026-08-08T08:24:05.008+0000] {dag.py:4180} INFO - Setting next_dagrun for dataset_s3_bucket_producer to None, run_after=None
[2026-08-08T08:24:05.031+0000] {processor.py:208} INFO - Processing /home/airflow/.local/lib/python3.12/site-packages/airflow/example_dags/example_dataset_alias.py took 0.707 seconds
[2026-08-08T08:24:35.195+0000] {processor.py:186} INFO - Started process (PID=11603) to work on /home/airflow/.local/lib/python3.12/site-packages/airflow/example_dags/example_dataset_alias.py
[2026-08-08T08:24:35.196+0000] {processor.py:914} INFO - Processing file /home/airflow/.local/lib/python3.12/site-packages/airflow/example_dags/example_dataset_alias.py for tasks to queue
[2026-08-08T08:24:35.200+0000] {logging_mixin.py:190} INFO - [2026-08-08T08:24:35.199+0000] {dagbag.py:588} INFO - Filling up the DagBag from /home/airflow/.local/lib/python3.12/site-packages/airflow/example_dags/example_dataset_alias.py
[2026-08-08T08:24:35.872+0000] {processor.py:925} INFO - DAG(s) 'dataset_alias_example_alias_producer', 'dataset_alias_example_alias_consumer', 'dataset_s3_bucket_consumer', 'dataset_s3_bucket_producer' retrieved from /home/airflow/.local/lib/python3.12/site-packages/airflow/example_dags/example_dataset_alias.py
[2026-08-08T08:24:35.897+0000] {logging_mixin.py:190} INFO - [2026-08-08T08:24:35.897+0000] {dag.py:3239} INFO - Sync 4 DAGs
[2026-08-08T08:24:35.924+0000] {logging_mixin.py:190} INFO - [2026-08-08T08:24:35.923+0000] {dag.py:4180} INFO - Setting next_dagrun for dataset_alias_example_alias_consumer to None, run_after=None
[2026-08-08T08:24:35.927+0000] {logging_mixin.py:190} INFO - [2026-08-08T08:24:35.927+0000] {dag.py:4180} INFO - Setting next_dagrun for dataset_alias_example_alias_producer to None, run_after=None
[2026-08-08T08:24:35.930+0000] {logging_mixin.py:190} INFO - [2026-08-08T08:24:35.929+0000] {dag.py:4180} INFO - Setting next_dagrun for dataset_s3_bucket_consumer to None, run_after=None
[2026-08-08T08:24:35.932+0000] {logging_mixin.py:190} INFO - [2026-08-08T08:24:35.932+0000] {dag.py:4180} INFO - Setting next_dagrun for dataset_s3_bucket_producer to None, run_after=None
[2026-08-08T08:24:35.958+0000] {processor.py:208} INFO - Processing /home/airflow/.local/lib/python3.12/site-packages/airflow/example_dags/example_dataset_alias.py took 0.770 seconds
[2026-08-08T08:25:06.675+0000] {processor.py:186} INFO - Started process (PID=11670) to work on /home/airflow/.local/lib/python3.12/site-packages/airflow/example_dags/example_dataset_alias.py
[2026-08-08T08:25:06.676+0000] {processor.py:914} INFO - Processing file /home/airflow/.local/lib/python3.12/site-packages/airflow/example_dags/example_dataset_alias.py for tasks to queue
[2026-08-08T08:25:06.680+0000] {logging_mixin.py:190} INFO - [2026-08-08T08:25:06.679+0000] {dagbag.py:588} INFO - Filling up the DagBag from /home/airflow/.local/lib/python3.12/site-packages/airflow/example_dags/example_dataset_alias.py
[2026-08-08T08:25:07.326+0000] {processor.py:925} INFO - DAG(s) 'dataset_alias_example_alias_consumer', 'dataset_alias_example_alias_producer', 'dataset_s3_bucket_consumer', 'dataset_s3_bucket_producer' retrieved from /home/airflow/.local/lib/python3.12/site-packages/airflow/example_dags/example_dataset_alias.py
[2026-08-08T08:25:07.353+0000] {logging_mixin.py:190} INFO - [2026-08-08T08:25:07.353+0000] {dag.py:3239} INFO - Sync 4 DAGs
[2026-08-08T08:25:07.377+0000] {logging_mixin.py:190} INFO - [2026-08-08T08:25:07.377+0000] {dag.py:4180} INFO - Setting next_dagrun for dataset_alias_example_alias_consumer to None, run_after=None
[2026-08-08T08:25:07.381+0000] {logging_mixin.py:190} INFO - [2026-08-08T08:25:07.380+0000] {dag.py:4180} INFO - Setting next_dagrun for dataset_alias_example_alias_producer to None, run_after=None
[2026-08-08T08:25:07.383+0000] {logging_mixin.py:190} INFO - [2026-08-08T08:25:07.383+0000] {dag.py:4180} INFO - Setting next_dagrun for dataset_s3_bucket_consumer to None, run_after=None
[2026-08-08T08:25:07.386+0000] {logging_mixin.py:190} INFO - [2026-08-08T08:25:07.385+0000] {dag.py:4180} INFO - Setting next_dagrun for dataset_s3_bucket_producer to None, run_after=None
[2026-08-08T08:25:07.414+0000] {processor.py:208} INFO - Processing /home/airflow/.local/lib/python3.12/site-packages/airflow/example_dags/example_dataset_alias.py took 0.747 seconds
[2026-08-08T08:25:38.062+0000] {processor.py:186} INFO - Started process (PID=11735) to work on /home/airflow/.local/lib/python3.12/site-packages/airflow/example_dags/example_dataset_alias.py
[2026-08-08T08:25:38.064+0000] {processor.py:914} INFO - Processing file /home/airflow/.local/lib/python3.12/site-packages/airflow/example_dags/example_dataset_alias.py for tasks to queue
[2026-08-08T08:25:38.069+0000] {logging_mixin.py:190} INFO - [2026-08-08T08:25:38.068+0000] {dagbag.py:588} INFO - Filling up the DagBag from /home/airflow/.local/lib/python3.12/site-packages/airflow/example_dags/example_dataset_alias.py
[2026-08-08T08:25:38.629+0000] {processor.py:925} INFO - DAG(s) 'dataset_alias_example_alias_consumer', 'dataset_alias_example_alias_producer', 'dataset_s3_bucket_consumer', 'dataset_s3_bucket_producer' retrieved from /home/airflow/.local/lib/python3.12/site-packages/airflow/example_dags/example_dataset_alias.py
[2026-08-08T08:25:38.652+0000] {logging_mixin.py:190} INFO - [2026-08-08T08:25:38.651+0000] {dag.py:3239} INFO - Sync 4 DAGs
[2026-08-08T08:25:38.674+0000] {logging_mixin.py:190} INFO - [2026-08-08T08:25:38.674+0000] {dag.py:4180} INFO - Setting next_dagrun for dataset_alias_example_alias_consumer to None, run_after=None
[2026-08-08T08:25:38.677+0000] {logging_mixin.py:190} INFO - [2026-08-08T08:25:38.677+0000] {dag.py:4180} INFO - Setting next_dagrun for dataset_alias_example_alias_producer to None, run_after=None
[2026-08-08T08:25:38.680+0000] {logging_mixin.py:190} INFO - [2026-08-08T08:25:38.679+0000] {dag.py:4180} INFO - Setting next_dagrun for dataset_s3_bucket_consumer to None, run_after=None
[2026-08-08T08:25:38.682+0000] {logging_mixin.py:190} INFO - [2026-08-08T08:25:38.681+0000] {dag.py:4180} INFO - Setting next_dagrun for dataset_s3_bucket_producer to None, run_after=None
[2026-08-08T08:25:38.705+0000] {processor.py:208} INFO - Processing /home/airflow/.local/lib/python3.12/site-packages/airflow/example_dags/example_dataset_alias.py took 0.651 seconds
[2026-08-08T08:26:08.984+0000] {processor.py:186} INFO - Started process (PID=11800) to work on /home/airflow/.local/lib/python3.12/site-packages/airflow/example_dags/example_dataset_alias.py
[2026-08-08T08:26:08.985+0000] {processor.py:914} INFO - Processing file /home/airflow/.local/lib/python3.12/site-packages/airflow/example_dags/example_dataset_alias.py for tasks to queue
[2026-08-08T08:26:08.989+0000] {logging_mixin.py:190} INFO - [2026-08-08T08:26:08.988+0000] {dagbag.py:588} INFO - Filling up the DagBag from /home/airflow/.local/lib/python3.12/site-packages/airflow/example_dags/example_dataset_alias.py
[2026-08-08T08:26:09.611+0000] {processor.py:925} INFO - DAG(s) 'dataset_alias_example_alias_consumer', 'dataset_alias_example_alias_producer', 'dataset_s3_bucket_consumer', 'dataset_s3_bucket_producer' retrieved from /home/airflow/.local/lib/python3.12/site-packages/airflow/example_dags/example_dataset_alias.py
[2026-08-08T08:26:09.633+0000] {logging_mixin.py:190} INFO - [2026-08-08T08:26:09.632+0000] {dag.py:3239} INFO - Sync 4 DAGs
[2026-08-08T08:26:09.656+0000] {logging_mixin.py:190} INFO - [2026-08-08T08:26:09.656+0000] {dag.py:4180} INFO - Setting next_dagrun for dataset_alias_example_alias_consumer to None, run_after=None
[2026-08-08T08:26:09.660+0000] {logging_mixin.py:190} INFO - [2026-08-08T08:26:09.660+0000] {dag.py:4180} INFO - Setting next_dagrun for dataset_alias_example_alias_producer to None, run_after=None
[2026-08-08T08:26:09.662+0000] {logging_mixin.py:190} INFO - [2026-08-08T08:26:09.662+0000] {dag.py:4180} INFO - Setting next_dagrun for dataset_s3_bucket_consumer to None, run_after=None
[2026-08-08T08:26:09.664+0000] {logging_mixin.py:190} INFO - [2026-08-08T08:26:09.664+0000] {dag.py:4180} INFO - Setting next_dagrun for dataset_s3_bucket_producer to None, run_after=None
[2026-08-08T08:26:09.688+0000] {processor.py:208} INFO - Processing /home/airflow/.local/lib/python3.12/site-packages/airflow/example_dags/example_dataset_alias.py took 0.713 seconds
[2026-08-08T08:26:39.779+0000] {processor.py:186} INFO - Started process (PID=11867) to work on /home/airflow/.local/lib/python3.12/site-packages/airflow/example_dags/example_dataset_alias.py
[2026-08-08T08:26:39.780+0000] {processor.py:914} INFO - Processing file /home/airflow/.local/lib/python3.12/site-packages/airflow/example_dags/example_dataset_alias.py for tasks to queue
[2026-08-08T08:26:39.783+0000] {logging_mixin.py:190} INFO - [2026-08-08T08:26:39.782+0000] {dagbag.py:588} INFO - Filling up the DagBag from /home/airflow/.local/lib/python3.12/site-packages/airflow/example_dags/example_dataset_alias.py
[2026-08-08T08:26:40.334+0000] {processor.py:925} INFO - DAG(s) 'dataset_alias_example_alias_consumer', 'dataset_s3_bucket_consumer', 'dataset_alias_example_alias_producer', 'dataset_s3_bucket_producer' retrieved from /home/airflow/.local/lib/python3.12/site-packages/airflow/example_dags/example_dataset_alias.py
[2026-08-08T08:26:40.356+0000] {logging_mixin.py:190} INFO - [2026-08-08T08:26:40.355+0000] {dag.py:3239} INFO - Sync 4 DAGs
[2026-08-08T08:26:40.381+0000] {logging_mixin.py:190} INFO - [2026-08-08T08:26:40.380+0000] {dag.py:4180} INFO - Setting next_dagrun for dataset_alias_example_alias_consumer to None, run_after=None
[2026-08-08T08:26:40.384+0000] {logging_mixin.py:190} INFO - [2026-08-08T08:26:40.384+0000] {dag.py:4180} INFO - Setting next_dagrun for dataset_alias_example_alias_producer to None, run_after=None
[2026-08-08T08:26:40.387+0000] {logging_mixin.py:190} INFO - [2026-08-08T08:26:40.386+0000] {dag.py:4180} INFO - Setting next_dagrun for dataset_s3_bucket_consumer to None, run_after=None
[2026-08-08T08:26:40.389+0000] {logging_mixin.py:190} INFO - [2026-08-08T08:26:40.388+0000] {dag.py:4180} INFO - Setting next_dagrun for dataset_s3_bucket_producer to None, run_after=None
[2026-08-08T08:26:40.411+0000] {processor.py:208} INFO - Processing /home/airflow/.local/lib/python3.12/site-packages/airflow/example_dags/example_dataset_alias.py took 0.638 seconds
[2026-08-08T08:27:10.993+0000] {processor.py:186} INFO - Started process (PID=11935) to work on /home/airflow/.local/lib/python3.12/site-packages/airflow/example_dags/example_dataset_alias.py
[2026-08-08T08:27:10.994+0000] {processor.py:914} INFO - Processing file /home/airflow/.local/lib/python3.12/site-packages/airflow/example_dags/example_dataset_alias.py for tasks to queue
[2026-08-08T08:27:10.997+0000] {logging_mixin.py:190} INFO - [2026-08-08T08:27:10.997+0000] {dagbag.py:588} INFO - Filling up the DagBag from /home/airflow/.local/lib/python3.12/site-packages/airflow/example_dags/example_dataset_alias.py
[2026-08-08T08:27:11.652+0000] {processor.py:925} INFO - DAG(s) 'dataset_s3_bucket_consumer', 'dataset_s3_bucket_producer', 'dataset_alias_example_alias_consumer', 'dataset_alias_example_alias_producer' retrieved from /home/airflow/.local/lib/python3.12/site-packages/airflow/example_dags/example_dataset_alias.py
[2026-08-08T08:27:11.685+0000] {logging_mixin.py:190} INFO - [2026-08-08T08:27:11.684+0000] {dag.py:3239} INFO - Sync 4 DAGs
[2026-08-08T08:27:11.712+0000] {logging_mixin.py:190} INFO - [2026-08-08T08:27:11.712+0000] {dag.py:4180} INFO - Setting next_dagrun for dataset_alias_example_alias_consumer to None, run_after=None
[2026-08-08T08:27:11.715+0000] {logging_mixin.py:190} INFO - [2026-08-08T08:27:11.715+0000] {dag.py:4180} INFO - Setting next_dagrun for dataset_alias_example_alias_producer to None, run_after=None
[2026-08-08T08:27:11.718+0000] {logging_mixin.py:190} INFO - [2026-08-08T08:27:11.717+0000] {dag.py:4180} INFO - Setting next_dagrun for dataset_s3_bucket_consumer to None, run_after=None
[2026-08-08T08:27:11.719+0000] {logging_mixin.py:190} INFO - [2026-08-08T08:27:11.719+0000] {dag.py:4180} INFO - Setting next_dagrun for dataset_s3_bucket_producer to None, run_after=None
[2026-08-08T08:27:11.740+0000] {processor.py:208} INFO - Processing /home/airflow/.local/lib/python3.12/site-packages/airflow/example_dags/example_dataset_alias.py took 0.754 seconds
[2026-08-08T08:27:41.888+0000] {processor.py:186} INFO - Started process (PID=12000) to work on /home/airflow/.local/lib/python3.12/site-packages/airflow/example_dags/example_dataset_alias.py
[2026-08-08T08:27:41.889+0000] {processor.py:914} INFO - Processing file /home/airflow/.local/lib/python3.12/site-packages/airflow/example_dags/example_dataset_alias.py for tasks to queue
[2026-08-08T08:27:41.892+0000] {logging_mixin.py:190} INFO - [2026-08-08T08:27:41.892+0000] {dagbag.py:588} INFO - Filling up the DagBag from /home/airflow/.local/lib/python3.12/site-packages/airflow/example_dags/example_dataset_alias.py
[2026-08-08T08:27:42.490+0000] {processor.py:925} INFO - DAG(s) 'dataset_s3_bucket_producer', 'dataset_alias_example_alias_producer', 'dataset_s3_bucket_consumer', 'dataset_alias_example_alias_consumer' retrieved from /home/airflow/.local/lib/python3.12/site-packages/airflow/example_dags/example_dataset_alias.py
[2026-08-08T08:27:42.520+0000] {logging_mixin.py:190} INFO - [2026-08-08T08:27:42.519+0000] {dag.py:3239} INFO - Sync 4 DAGs
[2026-08-08T08:27:42.552+0000] {logging_mixin.py:190} INFO - [2026-08-08T08:27:42.551+0000] {dag.py:4180} INFO - Setting next_dagrun for dataset_alias_example_alias_consumer to None, run_after=None
[2026-08-08T08:27:42.557+0000] {logging_mixin.py:190} INFO - [2026-08-08T08:27:42.556+0000] {dag.py:4180} INFO - Setting next_dagrun for dataset_alias_example_alias_producer to None, run_after=None
[2026-08-08T08:27:42.560+0000] {logging_mixin.py:190} INFO - [2026-08-08T08:27:42.559+0000] {dag.py:4180} INFO - Setting next_dagrun for dataset_s3_bucket_consumer to None, run_after=None
[2026-08-08T08:27:42.562+0000] {logging_mixin.py:190} INFO - [2026-08-08T08:27:42.562+0000] {dag.py:4180} INFO - Setting next_dagrun for dataset_s3_bucket_producer to None, run_after=None
[2026-08-08T08:27:42.602+0000] {processor.py:208} INFO - Processing /home/airflow/.local/lib/python3.12/site-packages/airflow/example_dags/example_dataset_alias.py took 0.721 seconds
[2026-08-08T08:28:13.685+0000] {processor.py:186} INFO - Started process (PID=12072) to work on /home/airflow/.local/lib/python3.12/site-packages/airflow/example_dags/example_dataset_alias.py
[2026-08-08T08:28:13.688+0000] {processor.py:914} INFO - Processing file /home/airflow/.local/lib/python3.12/site-packages/airflow/example_dags/example_dataset_alias.py for tasks to queue
[2026-08-08T08:28:13.692+0000] {logging_mixin.py:190} INFO - [2026-08-08T08:28:13.692+0000] {dagbag.py:588} INFO - Filling up the DagBag from /home/airflow/.local/lib/python3.12/site-packages/airflow/example_dags/example_dataset_alias.py
[2026-08-08T08:28:14.320+0000] {processor.py:925} INFO - DAG(s) 'dataset_s3_bucket_consumer', 'dataset_alias_example_alias_producer', 'dataset_alias_example_alias_consumer', 'dataset_s3_bucket_producer' retrieved from /home/airflow/.local/lib/python3.12/site-packages/airflow/example_dags/example_dataset_alias.py
[2026-08-08T08:28:14.343+0000] {logging_mixin.py:190} INFO - [2026-08-08T08:28:14.343+0000] {dag.py:3239} INFO - Sync 4 DAGs
[2026-08-08T08:28:14.370+0000] {logging_mixin.py:190} INFO - [2026-08-08T08:28:14.370+0000] {dag.py:4180} INFO - Setting next_dagrun for dataset_alias_example_alias_consumer to None, run_after=None
[2026-08-08T08:28:14.377+0000] {logging_mixin.py:190} INFO - [2026-08-08T08:28:14.376+0000] {dag.py:4180} INFO - Setting next_dagrun for dataset_alias_example_alias_producer to None, run_after=None
[2026-08-08T08:28:14.380+0000] {logging_mixin.py:190} INFO - [2026-08-08T08:28:14.379+0000] {dag.py:4180} INFO - Setting next_dagrun for dataset_s3_bucket_consumer to None, run_after=None
[2026-08-08T08:28:14.382+0000] {logging_mixin.py:190} INFO - [2026-08-08T08:28:14.382+0000] {dag.py:4180} INFO - Setting next_dagrun for dataset_s3_bucket_producer to None, run_after=None
[2026-08-08T08:28:14.409+0000] {processor.py:208} INFO - Processing /home/airflow/.local/lib/python3.12/site-packages/airflow/example_dags/example_dataset_alias.py took 0.736 seconds
[2026-08-08T08:28:44.855+0000] {processor.py:186} INFO - Started process (PID=12146) to work on /home/airflow/.local/lib/python3.12/site-packages/airflow/example_dags/example_dataset_alias.py
[2026-08-08T08:28:44.857+0000] {processor.py:914} INFO - Processing file /home/airflow/.local/lib/python3.12/site-packages/airflow/example_dags/example_dataset_alias.py for tasks to queue
[2026-08-08T08:28:44.860+0000] {logging_mixin.py:190} INFO - [2026-08-08T08:28:44.860+0000] {dagbag.py:588} INFO - Filling up the DagBag from /home/airflow/.local/lib/python3.12/site-packages/airflow/example_dags/example_dataset_alias.py
[2026-08-08T08:28:45.468+0000] {processor.py:925} INFO - DAG(s) 'dataset_s3_bucket_producer', 'dataset_alias_example_alias_consumer', 'dataset_s3_bucket_consumer', 'dataset_alias_example_alias_producer' retrieved from /home/airflow/.local/lib/python3.12/site-packages/airflow/example_dags/example_dataset_alias.py
[2026-08-08T08:28:45.490+0000] {logging_mixin.py:190} INFO - [2026-08-08T08:28:45.490+0000] {dag.py:3239} INFO - Sync 4 DAGs
[2026-08-08T08:28:45.514+0000] {logging_mixin.py:190} INFO - [2026-08-08T08:28:45.514+0000] {dag.py:4180} INFO - Setting next_dagrun for dataset_alias_example_alias_consumer to None, run_after=None
[2026-08-08T08:28:45.517+0000] {logging_mixin.py:190} INFO - [2026-08-08T08:28:45.517+0000] {dag.py:4180} INFO - Setting next_dagrun for dataset_alias_example_alias_producer to None, run_after=None
[2026-08-08T08:28:45.520+0000] {logging_mixin.py:190} INFO - [2026-08-08T08:28:45.520+0000] {dag.py:4180} INFO - Setting next_dagrun for dataset_s3_bucket_consumer to None, run_after=None
[2026-08-08T08:28:45.522+0000] {logging_mixin.py:190} INFO - [2026-08-08T08:28:45.522+0000] {dag.py:4180} INFO - Setting next_dagrun for dataset_s3_bucket_producer to None, run_after=None
[2026-08-08T08:28:45.545+0000] {processor.py:208} INFO - Processing /home/airflow/.local/lib/python3.12/site-packages/airflow/example_dags/example_dataset_alias.py took 0.697 seconds
[2026-08-08T08:29:15.690+0000] {processor.py:186} INFO - Started process (PID=12211) to work on /home/airflow/.local/lib/python3.12/site-packages/airflow/example_dags/example_dataset_alias.py
[2026-08-08T08:29:15.691+0000] {processor.py:914} INFO - Processing file /home/airflow/.local/lib/python3.12/site-packages/airflow/example_dags/example_dataset_alias.py for tasks to queue
[2026-08-08T08:29:15.694+0000] {logging_mixin.py:190} INFO - [2026-08-08T08:29:15.694+0000] {dagbag.py:588} INFO - Filling up the DagBag from /home/airflow/.local/lib/python3.12/site-packages/airflow/example_dags/example_dataset_alias.py
[2026-08-08T08:29:16.237+0000] {processor.py:925} INFO - DAG(s) 'dataset_s3_bucket_producer', 'dataset_alias_example_alias_producer', 'dataset_s3_bucket_consumer', 'dataset_alias_example_alias_consumer' retrieved from /home/airflow/.local/lib/python3.12/site-packages/airflow/example_dags/example_dataset_alias.py
[2026-08-08T08:29:16.260+0000] {logging_mixin.py:190} INFO - [2026-08-08T08:29:16.259+0000] {dag.py:3239} INFO - Sync 4 DAGs
[2026-08-08T08:29:16.283+0000] {logging_mixin.py:190} INFO - [2026-08-08T08:29:16.283+0000] {dag.py:4180} INFO - Setting next_dagrun for dataset_alias_example_alias_consumer to None, run_after=None
[2026-08-08T08:29:16.286+0000] {logging_mixin.py:190} INFO - [2026-08-08T08:29:16.286+0000] {dag.py:4180} INFO - Setting next_dagrun for dataset_alias_example_alias_producer to None, run_after=None
[2026-08-08T08:29:16.289+0000] {logging_mixin.py:190} INFO - [2026-08-08T08:29:16.288+0000] {dag.py:4180} INFO - Setting next_dagrun for dataset_s3_bucket_consumer to None, run_after=None
[2026-08-08T08:29:16.291+0000] {logging_mixin.py:190} INFO - [2026-08-08T08:29:16.291+0000] {dag.py:4180} INFO - Setting next_dagrun for dataset_s3_bucket_producer to None, run_after=None
[2026-08-08T08:29:16.317+0000] {processor.py:208} INFO - Processing /home/airflow/.local/lib/python3.12/site-packages/airflow/example_dags/example_dataset_alias.py took 0.633 seconds
[2026-08-08T08:29:47.258+0000] {processor.py:186} INFO - Started process (PID=12280) to work on /home/airflow/.local/lib/python3.12/site-packages/airflow/example_dags/example_dataset_alias.py
[2026-08-08T08:29:47.259+0000] {processor.py:914} INFO - Processing file /home/airflow/.local/lib/python3.12/site-packages/airflow/example_dags/example_dataset_alias.py for tasks to queue
[2026-08-08T08:29:47.262+0000] {logging_mixin.py:190} INFO - [2026-08-08T08:29:47.262+0000] {dagbag.py:588} INFO - Filling up the DagBag from /home/airflow/.local/lib/python3.12/site-packages/airflow/example_dags/example_dataset_alias.py
[2026-08-08T08:29:47.856+0000] {processor.py:925} INFO - DAG(s) 'dataset_s3_bucket_producer', 'dataset_alias_example_alias_producer', 'dataset_s3_bucket_consumer', 'dataset_alias_example_alias_consumer' retrieved from /home/airflow/.local/lib/python3.12/site-packages/airflow/example_dags/example_dataset_alias.py
[2026-08-08T08:29:47.877+0000] {logging_mixin.py:190} INFO - [2026-08-08T08:29:47.877+0000] {dag.py:3239} INFO - Sync 4 DAGs
[2026-08-08T08:29:47.901+0000] {logging_mixin.py:190} INFO - [2026-08-08T08:29:47.901+0000] {dag.py:4180} INFO - Setting next_dagrun for dataset_alias_example_alias_consumer to None, run_after=None
[2026-08-08T08:29:47.904+0000] {logging_mixin.py:190} INFO - [2026-08-08T08:29:47.904+0000] {dag.py:4180} INFO - Setting next_dagrun for dataset_alias_example_alias_producer to None, run_after=None
[2026-08-08T08:29:47.907+0000] {logging_mixin.py:190} INFO - [2026-08-08T08:29:47.906+0000] {dag.py:4180} INFO - Setting next_dagrun for dataset_s3_bucket_consumer to None, run_after=None
[2026-08-08T08:29:47.909+0000] {logging_mixin.py:190} INFO - [2026-08-08T08:29:47.908+0000] {dag.py:4180} INFO - Setting next_dagrun for dataset_s3_bucket_producer to None, run_after=None
[2026-08-08T08:29:47.932+0000] {processor.py:208} INFO - Processing /home/airflow/.local/lib/python3.12/site-packages/airflow/example_dags/example_dataset_alias.py took 0.679 seconds
