[2026-08-08T01:09:27.561+0000] {processor.py:186} INFO - Started process (PID=116) to work on /home/airflow/.local/lib/python3.12/site-packages/airflow/example_dags/example_branch_day_of_week_operator.py
[2026-08-08T01:09:27.562+0000] {processor.py:914} INFO - Processing file /home/airflow/.local/lib/python3.12/site-packages/airflow/example_dags/example_branch_day_of_week_operator.py for tasks to queue
[2026-08-08T01:09:27.565+0000] {logging_mixin.py:190} INFO - [2026-08-08T01:09:27.565+0000] {dagbag.py:588} INFO - Filling up the DagBag from /home/airflow/.local/lib/python3.12/site-packages/airflow/example_dags/example_branch_day_of_week_operator.py
[2026-08-08T01:09:27.580+0000] {processor.py:925} INFO - DAG(s) 'example_weekday_branch_operator' retrieved from /home/airflow/.local/lib/python3.12/site-packages/airflow/example_dags/example_branch_day_of_week_operator.py
[2026-08-08T01:09:27.605+0000] {logging_mixin.py:190} INFO - [2026-08-08T01:09:27.604+0000] {dag.py:3239} INFO - Sync 1 DAGs
[2026-08-08T01:09:27.634+0000] {logging_mixin.py:190} INFO - [2026-08-08T01:09:27.634+0000] {dag.py:4180} INFO - Setting next_dagrun for example_weekday_branch_operator to 2026-08-07 00:00:00+00:00, run_after=2026-08-08 00:00:00+00:00
[2026-08-08T01:09:27.695+0000] {processor.py:208} INFO - Processing /home/airflow/.local/lib/python3.12/site-packages/airflow/example_dags/example_branch_day_of_week_operator.py took 0.140 seconds
[2026-08-08T01:09:58.399+0000] {processor.py:186} INFO - Started process (PID=181) to work on /home/airflow/.local/lib/python3.12/site-packages/airflow/example_dags/example_branch_day_of_week_operator.py
[2026-08-08T01:09:58.401+0000] {processor.py:914} INFO - Processing file /home/airflow/.local/lib/python3.12/site-packages/airflow/example_dags/example_branch_day_of_week_operator.py for tasks to queue
[2026-08-08T01:09:58.405+0000] {logging_mixin.py:190} INFO - [2026-08-08T01:09:58.405+0000] {dagbag.py:588} INFO - Filling up the DagBag from /home/airflow/.local/lib/python3.12/site-packages/airflow/example_dags/example_branch_day_of_week_operator.py
[2026-08-08T01:09:58.422+0000] {processor.py:925} INFO - DAG(s) 'example_weekday_branch_operator' retrieved from /home/airflow/.local/lib/python3.12/site-packages/airflow/example_dags/example_branch_day_of_week_operator.py
[2026-08-08T01:09:58.447+0000] {logging_mixin.py:190} INFO - [2026-08-08T01:09:58.447+0000] {dag.py:3239} INFO - Sync 1 DAGs
[2026-08-08T01:09:58.480+0000] {logging_mixin.py:190} INFO - [2026-08-08T01:09:58.480+0000] {dag.py:4180} INFO - Setting next_dagrun for example_weekday_branch_operator to 2026-08-07 00:00:00+00:00, run_after=2026-08-08 00:00:00+00:00
[2026-08-08T01:09:58.505+0000] {processor.py:208} INFO - Processing /home/airflow/.local/lib/python3.12/site-packages/airflow/example_dags/example_branch_day_of_week_operator.py took 0.116 seconds
[2026-08-08T01:10:29.882+0000] {processor.py:186} INFO - Started process (PID=246) to work on /home/airflow/.local/lib/python3.12/site-packages/airflow/example_dags/example_branch_day_of_week_operator.py
[2026-08-08T01:10:29.884+0000] {processor.py:914} INFO - Processing file /home/airflow/.local/lib/python3.12/site-packages/airflow/example_dags/example_branch_day_of_week_operator.py for tasks to queue
[2026-08-08T01:10:29.888+0000] {logging_mixin.py:190} INFO - [2026-08-08T01:10:29.887+0000] {dagbag.py:588} INFO - Filling up the DagBag from /home/airflow/.local/lib/python3.12/site-packages/airflow/example_dags/example_branch_day_of_week_operator.py
[2026-08-08T01:10:29.900+0000] {processor.py:925} INFO - DAG(s) 'example_weekday_branch_operator' retrieved from /home/airflow/.local/lib/python3.12/site-packages/airflow/example_dags/example_branch_day_of_week_operator.py
[2026-08-08T01:10:29.926+0000] {logging_mixin.py:190} INFO - [2026-08-08T01:10:29.926+0000] {dag.py:3239} INFO - Sync 1 DAGs
[2026-08-08T01:10:29.959+0000] {logging_mixin.py:190} INFO - [2026-08-08T01:10:29.959+0000] {dag.py:4180} INFO - Setting next_dagrun for example_weekday_branch_operator to 2026-08-07 00:00:00+00:00, run_after=2026-08-08 00:00:00+00:00
[2026-08-08T01:10:29.985+0000] {processor.py:208} INFO - Processing /home/airflow/.local/lib/python3.12/site-packages/airflow/example_dags/example_branch_day_of_week_operator.py took 0.112 seconds
[2026-08-08T01:11:00.510+0000] {processor.py:186} INFO - Started process (PID=310) to work on /home/airflow/.local/lib/python3.12/site-packages/airflow/example_dags/example_branch_day_of_week_operator.py
[2026-08-08T01:11:00.511+0000] {processor.py:914} INFO - Processing file /home/airflow/.local/lib/python3.12/site-packages/airflow/example_dags/example_branch_day_of_week_operator.py for tasks to queue
[2026-08-08T01:11:00.515+0000] {logging_mixin.py:190} INFO - [2026-08-08T01:11:00.514+0000] {dagbag.py:588} INFO - Filling up the DagBag from /home/airflow/.local/lib/python3.12/site-packages/airflow/example_dags/example_branch_day_of_week_operator.py
[2026-08-08T01:11:00.533+0000] {processor.py:925} INFO - DAG(s) 'example_weekday_branch_operator' retrieved from /home/airflow/.local/lib/python3.12/site-packages/airflow/example_dags/example_branch_day_of_week_operator.py
[2026-08-08T01:11:00.561+0000] {logging_mixin.py:190} INFO - [2026-08-08T01:11:00.561+0000] {dag.py:3239} INFO - Sync 1 DAGs
[2026-08-08T01:11:00.602+0000] {logging_mixin.py:190} INFO - [2026-08-08T01:11:00.602+0000] {dag.py:4180} INFO - Setting next_dagrun for example_weekday_branch_operator to 2026-08-07 00:00:00+00:00, run_after=2026-08-08 00:00:00+00:00
[2026-08-08T01:11:00.629+0000] {processor.py:208} INFO - Processing /home/airflow/.local/lib/python3.12/site-packages/airflow/example_dags/example_branch_day_of_week_operator.py took 0.127 seconds
[2026-08-08T01:11:31.990+0000] {processor.py:186} INFO - Started process (PID=373) to work on /home/airflow/.local/lib/python3.12/site-packages/airflow/example_dags/example_branch_day_of_week_operator.py
[2026-08-08T01:11:31.991+0000] {processor.py:914} INFO - Processing file /home/airflow/.local/lib/python3.12/site-packages/airflow/example_dags/example_branch_day_of_week_operator.py for tasks to queue
[2026-08-08T01:11:31.996+0000] {logging_mixin.py:190} INFO - [2026-08-08T01:11:31.995+0000] {dagbag.py:588} INFO - Filling up the DagBag from /home/airflow/.local/lib/python3.12/site-packages/airflow/example_dags/example_branch_day_of_week_operator.py
[2026-08-08T01:11:32.017+0000] {processor.py:925} INFO - DAG(s) 'example_weekday_branch_operator' retrieved from /home/airflow/.local/lib/python3.12/site-packages/airflow/example_dags/example_branch_day_of_week_operator.py
[2026-08-08T01:11:32.058+0000] {logging_mixin.py:190} INFO - [2026-08-08T01:11:32.057+0000] {dag.py:3239} INFO - Sync 1 DAGs
[2026-08-08T01:11:32.110+0000] {logging_mixin.py:190} INFO - [2026-08-08T01:11:32.109+0000] {dag.py:4180} INFO - Setting next_dagrun for example_weekday_branch_operator to 2026-08-07 00:00:00+00:00, run_after=2026-08-08 00:00:00+00:00
[2026-08-08T01:11:32.149+0000] {processor.py:208} INFO - Processing /home/airflow/.local/lib/python3.12/site-packages/airflow/example_dags/example_branch_day_of_week_operator.py took 0.168 seconds
[2026-08-08T01:12:04.300+0000] {processor.py:186} INFO - Started process (PID=442) to work on /home/airflow/.local/lib/python3.12/site-packages/airflow/example_dags/example_branch_day_of_week_operator.py
[2026-08-08T01:12:04.302+0000] {processor.py:914} INFO - Processing file /home/airflow/.local/lib/python3.12/site-packages/airflow/example_dags/example_branch_day_of_week_operator.py for tasks to queue
[2026-08-08T01:12:04.306+0000] {logging_mixin.py:190} INFO - [2026-08-08T01:12:04.306+0000] {dagbag.py:588} INFO - Filling up the DagBag from /home/airflow/.local/lib/python3.12/site-packages/airflow/example_dags/example_branch_day_of_week_operator.py
[2026-08-08T01:12:04.325+0000] {processor.py:925} INFO - DAG(s) 'example_weekday_branch_operator' retrieved from /home/airflow/.local/lib/python3.12/site-packages/airflow/example_dags/example_branch_day_of_week_operator.py
[2026-08-08T01:12:04.353+0000] {logging_mixin.py:190} INFO - [2026-08-08T01:12:04.353+0000] {dag.py:3239} INFO - Sync 1 DAGs
[2026-08-08T01:12:04.394+0000] {logging_mixin.py:190} INFO - [2026-08-08T01:12:04.394+0000] {dag.py:4180} INFO - Setting next_dagrun for example_weekday_branch_operator to 2026-08-07 00:00:00+00:00, run_after=2026-08-08 00:00:00+00:00
[2026-08-08T01:12:04.428+0000] {processor.py:208} INFO - Processing /home/airflow/.local/lib/python3.12/site-packages/airflow/example_dags/example_branch_day_of_week_operator.py took 0.140 seconds
[2026-08-08T01:12:36.774+0000] {processor.py:186} INFO - Started process (PID=507) to work on /home/airflow/.local/lib/python3.12/site-packages/airflow/example_dags/example_branch_day_of_week_operator.py
[2026-08-08T01:12:36.775+0000] {processor.py:914} INFO - Processing file /home/airflow/.local/lib/python3.12/site-packages/airflow/example_dags/example_branch_day_of_week_operator.py for tasks to queue
[2026-08-08T01:12:36.779+0000] {logging_mixin.py:190} INFO - [2026-08-08T01:12:36.778+0000] {dagbag.py:588} INFO - Filling up the DagBag from /home/airflow/.local/lib/python3.12/site-packages/airflow/example_dags/example_branch_day_of_week_operator.py
[2026-08-08T01:12:36.795+0000] {processor.py:925} INFO - DAG(s) 'example_weekday_branch_operator' retrieved from /home/airflow/.local/lib/python3.12/site-packages/airflow/example_dags/example_branch_day_of_week_operator.py
[2026-08-08T01:12:36.831+0000] {logging_mixin.py:190} INFO - [2026-08-08T01:12:36.831+0000] {dag.py:3239} INFO - Sync 1 DAGs
[2026-08-08T01:12:36.880+0000] {logging_mixin.py:190} INFO - [2026-08-08T01:12:36.880+0000] {dag.py:4180} INFO - Setting next_dagrun for example_weekday_branch_operator to 2026-08-07 00:00:00+00:00, run_after=2026-08-08 00:00:00+00:00
[2026-08-08T01:12:36.920+0000] {processor.py:208} INFO - Processing /home/airflow/.local/lib/python3.12/site-packages/airflow/example_dags/example_branch_day_of_week_operator.py took 0.154 seconds
[2026-08-08T01:13:07.406+0000] {processor.py:186} INFO - Started process (PID=572) to work on /home/airflow/.local/lib/python3.12/site-packages/airflow/example_dags/example_branch_day_of_week_operator.py
[2026-08-08T01:13:07.407+0000] {processor.py:914} INFO - Processing file /home/airflow/.local/lib/python3.12/site-packages/airflow/example_dags/example_branch_day_of_week_operator.py for tasks to queue
[2026-08-08T01:13:07.411+0000] {logging_mixin.py:190} INFO - [2026-08-08T01:13:07.411+0000] {dagbag.py:588} INFO - Filling up the DagBag from /home/airflow/.local/lib/python3.12/site-packages/airflow/example_dags/example_branch_day_of_week_operator.py
[2026-08-08T01:13:07.424+0000] {processor.py:925} INFO - DAG(s) 'example_weekday_branch_operator' retrieved from /home/airflow/.local/lib/python3.12/site-packages/airflow/example_dags/example_branch_day_of_week_operator.py
[2026-08-08T01:13:07.453+0000] {logging_mixin.py:190} INFO - [2026-08-08T01:13:07.453+0000] {dag.py:3239} INFO - Sync 1 DAGs
[2026-08-08T01:13:07.485+0000] {logging_mixin.py:190} INFO - [2026-08-08T01:13:07.485+0000] {dag.py:4180} INFO - Setting next_dagrun for example_weekday_branch_operator to 2026-08-07 00:00:00+00:00, run_after=2026-08-08 00:00:00+00:00
[2026-08-08T01:13:07.511+0000] {processor.py:208} INFO - Processing /home/airflow/.local/lib/python3.12/site-packages/airflow/example_dags/example_branch_day_of_week_operator.py took 0.111 seconds
[2026-08-08T01:13:38.862+0000] {processor.py:186} INFO - Started process (PID=637) to work on /home/airflow/.local/lib/python3.12/site-packages/airflow/example_dags/example_branch_day_of_week_operator.py
[2026-08-08T01:13:38.863+0000] {processor.py:914} INFO - Processing file /home/airflow/.local/lib/python3.12/site-packages/airflow/example_dags/example_branch_day_of_week_operator.py for tasks to queue
[2026-08-08T01:13:38.867+0000] {logging_mixin.py:190} INFO - [2026-08-08T01:13:38.866+0000] {dagbag.py:588} INFO - Filling up the DagBag from /home/airflow/.local/lib/python3.12/site-packages/airflow/example_dags/example_branch_day_of_week_operator.py
[2026-08-08T01:13:38.880+0000] {processor.py:925} INFO - DAG(s) 'example_weekday_branch_operator' retrieved from /home/airflow/.local/lib/python3.12/site-packages/airflow/example_dags/example_branch_day_of_week_operator.py
[2026-08-08T01:13:38.903+0000] {logging_mixin.py:190} INFO - [2026-08-08T01:13:38.902+0000] {dag.py:3239} INFO - Sync 1 DAGs
[2026-08-08T01:13:38.930+0000] {logging_mixin.py:190} INFO - [2026-08-08T01:13:38.930+0000] {dag.py:4180} INFO - Setting next_dagrun for example_weekday_branch_operator to 2026-08-07 00:00:00+00:00, run_after=2026-08-08 00:00:00+00:00
[2026-08-08T01:13:38.953+0000] {processor.py:208} INFO - Processing /home/airflow/.local/lib/python3.12/site-packages/airflow/example_dags/example_branch_day_of_week_operator.py took 0.098 seconds
[2026-08-08T01:14:09.292+0000] {processor.py:186} INFO - Started process (PID=702) to work on /home/airflow/.local/lib/python3.12/site-packages/airflow/example_dags/example_branch_day_of_week_operator.py
[2026-08-08T01:14:09.294+0000] {processor.py:914} INFO - Processing file /home/airflow/.local/lib/python3.12/site-packages/airflow/example_dags/example_branch_day_of_week_operator.py for tasks to queue
[2026-08-08T01:14:09.297+0000] {logging_mixin.py:190} INFO - [2026-08-08T01:14:09.297+0000] {dagbag.py:588} INFO - Filling up the DagBag from /home/airflow/.local/lib/python3.12/site-packages/airflow/example_dags/example_branch_day_of_week_operator.py
[2026-08-08T01:14:09.309+0000] {processor.py:925} INFO - DAG(s) 'example_weekday_branch_operator' retrieved from /home/airflow/.local/lib/python3.12/site-packages/airflow/example_dags/example_branch_day_of_week_operator.py
[2026-08-08T01:14:09.336+0000] {logging_mixin.py:190} INFO - [2026-08-08T01:14:09.336+0000] {dag.py:3239} INFO - Sync 1 DAGs
[2026-08-08T01:14:09.369+0000] {logging_mixin.py:190} INFO - [2026-08-08T01:14:09.369+0000] {dag.py:4180} INFO - Setting next_dagrun for example_weekday_branch_operator to 2026-08-07 00:00:00+00:00, run_after=2026-08-08 00:00:00+00:00
[2026-08-08T01:14:09.393+0000] {processor.py:208} INFO - Processing /home/airflow/.local/lib/python3.12/site-packages/airflow/example_dags/example_branch_day_of_week_operator.py took 0.109 seconds
[2026-08-08T01:14:40.559+0000] {processor.py:186} INFO - Started process (PID=767) to work on /home/airflow/.local/lib/python3.12/site-packages/airflow/example_dags/example_branch_day_of_week_operator.py
[2026-08-08T01:14:40.561+0000] {processor.py:914} INFO - Processing file /home/airflow/.local/lib/python3.12/site-packages/airflow/example_dags/example_branch_day_of_week_operator.py for tasks to queue
[2026-08-08T01:14:40.564+0000] {logging_mixin.py:190} INFO - [2026-08-08T01:14:40.563+0000] {dagbag.py:588} INFO - Filling up the DagBag from /home/airflow/.local/lib/python3.12/site-packages/airflow/example_dags/example_branch_day_of_week_operator.py
[2026-08-08T01:14:40.578+0000] {processor.py:925} INFO - DAG(s) 'example_weekday_branch_operator' retrieved from /home/airflow/.local/lib/python3.12/site-packages/airflow/example_dags/example_branch_day_of_week_operator.py
[2026-08-08T01:14:40.602+0000] {logging_mixin.py:190} INFO - [2026-08-08T01:14:40.602+0000] {dag.py:3239} INFO - Sync 1 DAGs
[2026-08-08T01:14:40.632+0000] {logging_mixin.py:190} INFO - [2026-08-08T01:14:40.632+0000] {dag.py:4180} INFO - Setting next_dagrun for example_weekday_branch_operator to 2026-08-07 00:00:00+00:00, run_after=2026-08-08 00:00:00+00:00
[2026-08-08T01:14:40.661+0000] {processor.py:208} INFO - Processing /home/airflow/.local/lib/python3.12/site-packages/airflow/example_dags/example_branch_day_of_week_operator.py took 0.108 seconds
[2026-08-08T01:15:11.798+0000] {processor.py:186} INFO - Started process (PID=832) to work on /home/airflow/.local/lib/python3.12/site-packages/airflow/example_dags/example_branch_day_of_week_operator.py
[2026-08-08T01:15:11.800+0000] {processor.py:914} INFO - Processing file /home/airflow/.local/lib/python3.12/site-packages/airflow/example_dags/example_branch_day_of_week_operator.py for tasks to queue
[2026-08-08T01:15:11.803+0000] {logging_mixin.py:190} INFO - [2026-08-08T01:15:11.802+0000] {dagbag.py:588} INFO - Filling up the DagBag from /home/airflow/.local/lib/python3.12/site-packages/airflow/example_dags/example_branch_day_of_week_operator.py
[2026-08-08T01:15:11.814+0000] {processor.py:925} INFO - DAG(s) 'example_weekday_branch_operator' retrieved from /home/airflow/.local/lib/python3.12/site-packages/airflow/example_dags/example_branch_day_of_week_operator.py
[2026-08-08T01:15:11.842+0000] {logging_mixin.py:190} INFO - [2026-08-08T01:15:11.842+0000] {dag.py:3239} INFO - Sync 1 DAGs
[2026-08-08T01:15:11.871+0000] {logging_mixin.py:190} INFO - [2026-08-08T01:15:11.871+0000] {dag.py:4180} INFO - Setting next_dagrun for example_weekday_branch_operator to 2026-08-07 00:00:00+00:00, run_after=2026-08-08 00:00:00+00:00
[2026-08-08T01:15:11.897+0000] {processor.py:208} INFO - Processing /home/airflow/.local/lib/python3.12/site-packages/airflow/example_dags/example_branch_day_of_week_operator.py took 0.105 seconds
[2026-08-08T01:15:43.217+0000] {processor.py:186} INFO - Started process (PID=897) to work on /home/airflow/.local/lib/python3.12/site-packages/airflow/example_dags/example_branch_day_of_week_operator.py
[2026-08-08T01:15:43.218+0000] {processor.py:914} INFO - Processing file /home/airflow/.local/lib/python3.12/site-packages/airflow/example_dags/example_branch_day_of_week_operator.py for tasks to queue
[2026-08-08T01:15:43.221+0000] {logging_mixin.py:190} INFO - [2026-08-08T01:15:43.221+0000] {dagbag.py:588} INFO - Filling up the DagBag from /home/airflow/.local/lib/python3.12/site-packages/airflow/example_dags/example_branch_day_of_week_operator.py
[2026-08-08T01:15:43.231+0000] {processor.py:925} INFO - DAG(s) 'example_weekday_branch_operator' retrieved from /home/airflow/.local/lib/python3.12/site-packages/airflow/example_dags/example_branch_day_of_week_operator.py
[2026-08-08T01:15:43.250+0000] {logging_mixin.py:190} INFO - [2026-08-08T01:15:43.250+0000] {dag.py:3239} INFO - Sync 1 DAGs
[2026-08-08T01:15:43.274+0000] {logging_mixin.py:190} INFO - [2026-08-08T01:15:43.274+0000] {dag.py:4180} INFO - Setting next_dagrun for example_weekday_branch_operator to 2026-08-07 00:00:00+00:00, run_after=2026-08-08 00:00:00+00:00
[2026-08-08T01:15:43.296+0000] {processor.py:208} INFO - Processing /home/airflow/.local/lib/python3.12/site-packages/airflow/example_dags/example_branch_day_of_week_operator.py took 0.085 seconds
[2026-08-08T01:16:14.210+0000] {processor.py:186} INFO - Started process (PID=962) to work on /home/airflow/.local/lib/python3.12/site-packages/airflow/example_dags/example_branch_day_of_week_operator.py
[2026-08-08T01:16:14.212+0000] {processor.py:914} INFO - Processing file /home/airflow/.local/lib/python3.12/site-packages/airflow/example_dags/example_branch_day_of_week_operator.py for tasks to queue
[2026-08-08T01:16:14.216+0000] {logging_mixin.py:190} INFO - [2026-08-08T01:16:14.215+0000] {dagbag.py:588} INFO - Filling up the DagBag from /home/airflow/.local/lib/python3.12/site-packages/airflow/example_dags/example_branch_day_of_week_operator.py
[2026-08-08T01:16:14.231+0000] {processor.py:925} INFO - DAG(s) 'example_weekday_branch_operator' retrieved from /home/airflow/.local/lib/python3.12/site-packages/airflow/example_dags/example_branch_day_of_week_operator.py
[2026-08-08T01:16:14.260+0000] {logging_mixin.py:190} INFO - [2026-08-08T01:16:14.259+0000] {dag.py:3239} INFO - Sync 1 DAGs
[2026-08-08T01:16:14.288+0000] {logging_mixin.py:190} INFO - [2026-08-08T01:16:14.288+0000] {dag.py:4180} INFO - Setting next_dagrun for example_weekday_branch_operator to 2026-08-07 00:00:00+00:00, run_after=2026-08-08 00:00:00+00:00
[2026-08-08T01:16:14.310+0000] {processor.py:208} INFO - Processing /home/airflow/.local/lib/python3.12/site-packages/airflow/example_dags/example_branch_day_of_week_operator.py took 0.108 seconds
[2026-08-08T01:16:45.422+0000] {processor.py:186} INFO - Started process (PID=1027) to work on /home/airflow/.local/lib/python3.12/site-packages/airflow/example_dags/example_branch_day_of_week_operator.py
[2026-08-08T01:16:45.424+0000] {processor.py:914} INFO - Processing file /home/airflow/.local/lib/python3.12/site-packages/airflow/example_dags/example_branch_day_of_week_operator.py for tasks to queue
[2026-08-08T01:16:45.427+0000] {logging_mixin.py:190} INFO - [2026-08-08T01:16:45.427+0000] {dagbag.py:588} INFO - Filling up the DagBag from /home/airflow/.local/lib/python3.12/site-packages/airflow/example_dags/example_branch_day_of_week_operator.py
[2026-08-08T01:16:45.443+0000] {processor.py:925} INFO - DAG(s) 'example_weekday_branch_operator' retrieved from /home/airflow/.local/lib/python3.12/site-packages/airflow/example_dags/example_branch_day_of_week_operator.py
[2026-08-08T01:16:45.464+0000] {logging_mixin.py:190} INFO - [2026-08-08T01:16:45.464+0000] {dag.py:3239} INFO - Sync 1 DAGs
[2026-08-08T01:16:45.492+0000] {logging_mixin.py:190} INFO - [2026-08-08T01:16:45.492+0000] {dag.py:4180} INFO - Setting next_dagrun for example_weekday_branch_operator to 2026-08-07 00:00:00+00:00, run_after=2026-08-08 00:00:00+00:00
[2026-08-08T01:16:45.521+0000] {processor.py:208} INFO - Processing /home/airflow/.local/lib/python3.12/site-packages/airflow/example_dags/example_branch_day_of_week_operator.py took 0.105 seconds
[2026-08-08T01:17:16.839+0000] {processor.py:186} INFO - Started process (PID=1092) to work on /home/airflow/.local/lib/python3.12/site-packages/airflow/example_dags/example_branch_day_of_week_operator.py
[2026-08-08T01:17:16.841+0000] {processor.py:914} INFO - Processing file /home/airflow/.local/lib/python3.12/site-packages/airflow/example_dags/example_branch_day_of_week_operator.py for tasks to queue
[2026-08-08T01:17:16.845+0000] {logging_mixin.py:190} INFO - [2026-08-08T01:17:16.845+0000] {dagbag.py:588} INFO - Filling up the DagBag from /home/airflow/.local/lib/python3.12/site-packages/airflow/example_dags/example_branch_day_of_week_operator.py
[2026-08-08T01:17:16.857+0000] {processor.py:925} INFO - DAG(s) 'example_weekday_branch_operator' retrieved from /home/airflow/.local/lib/python3.12/site-packages/airflow/example_dags/example_branch_day_of_week_operator.py
[2026-08-08T01:17:16.876+0000] {logging_mixin.py:190} INFO - [2026-08-08T01:17:16.876+0000] {dag.py:3239} INFO - Sync 1 DAGs
[2026-08-08T01:17:16.902+0000] {logging_mixin.py:190} INFO - [2026-08-08T01:17:16.902+0000] {dag.py:4180} INFO - Setting next_dagrun for example_weekday_branch_operator to 2026-08-07 00:00:00+00:00, run_after=2026-08-08 00:00:00+00:00
[2026-08-08T01:17:16.932+0000] {processor.py:208} INFO - Processing /home/airflow/.local/lib/python3.12/site-packages/airflow/example_dags/example_branch_day_of_week_operator.py took 0.099 seconds
[2026-08-08T01:17:48.483+0000] {processor.py:186} INFO - Started process (PID=1157) to work on /home/airflow/.local/lib/python3.12/site-packages/airflow/example_dags/example_branch_day_of_week_operator.py
[2026-08-08T01:17:48.484+0000] {processor.py:914} INFO - Processing file /home/airflow/.local/lib/python3.12/site-packages/airflow/example_dags/example_branch_day_of_week_operator.py for tasks to queue
[2026-08-08T01:17:48.487+0000] {logging_mixin.py:190} INFO - [2026-08-08T01:17:48.487+0000] {dagbag.py:588} INFO - Filling up the DagBag from /home/airflow/.local/lib/python3.12/site-packages/airflow/example_dags/example_branch_day_of_week_operator.py
[2026-08-08T01:17:48.501+0000] {processor.py:925} INFO - DAG(s) 'example_weekday_branch_operator' retrieved from /home/airflow/.local/lib/python3.12/site-packages/airflow/example_dags/example_branch_day_of_week_operator.py
[2026-08-08T01:17:48.525+0000] {logging_mixin.py:190} INFO - [2026-08-08T01:17:48.525+0000] {dag.py:3239} INFO - Sync 1 DAGs
[2026-08-08T01:17:48.550+0000] {logging_mixin.py:190} INFO - [2026-08-08T01:17:48.550+0000] {dag.py:4180} INFO - Setting next_dagrun for example_weekday_branch_operator to 2026-08-07 00:00:00+00:00, run_after=2026-08-08 00:00:00+00:00
[2026-08-08T01:17:48.575+0000] {processor.py:208} INFO - Processing /home/airflow/.local/lib/python3.12/site-packages/airflow/example_dags/example_branch_day_of_week_operator.py took 0.098 seconds
[2026-08-08T01:18:19.854+0000] {processor.py:186} INFO - Started process (PID=1222) to work on /home/airflow/.local/lib/python3.12/site-packages/airflow/example_dags/example_branch_day_of_week_operator.py
[2026-08-08T01:18:19.856+0000] {processor.py:914} INFO - Processing file /home/airflow/.local/lib/python3.12/site-packages/airflow/example_dags/example_branch_day_of_week_operator.py for tasks to queue
[2026-08-08T01:18:19.859+0000] {logging_mixin.py:190} INFO - [2026-08-08T01:18:19.858+0000] {dagbag.py:588} INFO - Filling up the DagBag from /home/airflow/.local/lib/python3.12/site-packages/airflow/example_dags/example_branch_day_of_week_operator.py
[2026-08-08T01:18:19.870+0000] {processor.py:925} INFO - DAG(s) 'example_weekday_branch_operator' retrieved from /home/airflow/.local/lib/python3.12/site-packages/airflow/example_dags/example_branch_day_of_week_operator.py
[2026-08-08T01:18:19.892+0000] {logging_mixin.py:190} INFO - [2026-08-08T01:18:19.892+0000] {dag.py:3239} INFO - Sync 1 DAGs
[2026-08-08T01:18:19.924+0000] {logging_mixin.py:190} INFO - [2026-08-08T01:18:19.924+0000] {dag.py:4180} INFO - Setting next_dagrun for example_weekday_branch_operator to 2026-08-07 00:00:00+00:00, run_after=2026-08-08 00:00:00+00:00
[2026-08-08T01:18:19.955+0000] {processor.py:208} INFO - Processing /home/airflow/.local/lib/python3.12/site-packages/airflow/example_dags/example_branch_day_of_week_operator.py took 0.108 seconds
[2026-08-08T01:18:51.146+0000] {processor.py:186} INFO - Started process (PID=1287) to work on /home/airflow/.local/lib/python3.12/site-packages/airflow/example_dags/example_branch_day_of_week_operator.py
[2026-08-08T01:18:51.148+0000] {processor.py:914} INFO - Processing file /home/airflow/.local/lib/python3.12/site-packages/airflow/example_dags/example_branch_day_of_week_operator.py for tasks to queue
[2026-08-08T01:18:51.152+0000] {logging_mixin.py:190} INFO - [2026-08-08T01:18:51.151+0000] {dagbag.py:588} INFO - Filling up the DagBag from /home/airflow/.local/lib/python3.12/site-packages/airflow/example_dags/example_branch_day_of_week_operator.py
[2026-08-08T01:18:51.173+0000] {processor.py:925} INFO - DAG(s) 'example_weekday_branch_operator' retrieved from /home/airflow/.local/lib/python3.12/site-packages/airflow/example_dags/example_branch_day_of_week_operator.py
[2026-08-08T01:18:51.209+0000] {logging_mixin.py:190} INFO - [2026-08-08T01:18:51.208+0000] {dag.py:3239} INFO - Sync 1 DAGs
[2026-08-08T01:18:51.243+0000] {logging_mixin.py:190} INFO - [2026-08-08T01:18:51.242+0000] {dag.py:4180} INFO - Setting next_dagrun for example_weekday_branch_operator to 2026-08-07 00:00:00+00:00, run_after=2026-08-08 00:00:00+00:00
[2026-08-08T01:18:51.278+0000] {processor.py:208} INFO - Processing /home/airflow/.local/lib/python3.12/site-packages/airflow/example_dags/example_branch_day_of_week_operator.py took 0.141 seconds
[2026-08-08T01:19:22.374+0000] {processor.py:186} INFO - Started process (PID=1352) to work on /home/airflow/.local/lib/python3.12/site-packages/airflow/example_dags/example_branch_day_of_week_operator.py
[2026-08-08T01:19:22.376+0000] {processor.py:914} INFO - Processing file /home/airflow/.local/lib/python3.12/site-packages/airflow/example_dags/example_branch_day_of_week_operator.py for tasks to queue
[2026-08-08T01:19:22.380+0000] {logging_mixin.py:190} INFO - [2026-08-08T01:19:22.380+0000] {dagbag.py:588} INFO - Filling up the DagBag from /home/airflow/.local/lib/python3.12/site-packages/airflow/example_dags/example_branch_day_of_week_operator.py
[2026-08-08T01:19:22.395+0000] {processor.py:925} INFO - DAG(s) 'example_weekday_branch_operator' retrieved from /home/airflow/.local/lib/python3.12/site-packages/airflow/example_dags/example_branch_day_of_week_operator.py
[2026-08-08T01:19:22.425+0000] {logging_mixin.py:190} INFO - [2026-08-08T01:19:22.425+0000] {dag.py:3239} INFO - Sync 1 DAGs
[2026-08-08T01:19:22.466+0000] {logging_mixin.py:190} INFO - [2026-08-08T01:19:22.466+0000] {dag.py:4180} INFO - Setting next_dagrun for example_weekday_branch_operator to 2026-08-07 00:00:00+00:00, run_after=2026-08-08 00:00:00+00:00
[2026-08-08T01:19:22.492+0000] {processor.py:208} INFO - Processing /home/airflow/.local/lib/python3.12/site-packages/airflow/example_dags/example_branch_day_of_week_operator.py took 0.125 seconds
[2026-08-08T01:19:53.821+0000] {processor.py:186} INFO - Started process (PID=1423) to work on /home/airflow/.local/lib/python3.12/site-packages/airflow/example_dags/example_branch_day_of_week_operator.py
[2026-08-08T01:19:53.822+0000] {processor.py:914} INFO - Processing file /home/airflow/.local/lib/python3.12/site-packages/airflow/example_dags/example_branch_day_of_week_operator.py for tasks to queue
[2026-08-08T01:19:53.826+0000] {logging_mixin.py:190} INFO - [2026-08-08T01:19:53.825+0000] {dagbag.py:588} INFO - Filling up the DagBag from /home/airflow/.local/lib/python3.12/site-packages/airflow/example_dags/example_branch_day_of_week_operator.py
[2026-08-08T01:19:53.837+0000] {processor.py:925} INFO - DAG(s) 'example_weekday_branch_operator' retrieved from /home/airflow/.local/lib/python3.12/site-packages/airflow/example_dags/example_branch_day_of_week_operator.py
[2026-08-08T01:19:53.859+0000] {logging_mixin.py:190} INFO - [2026-08-08T01:19:53.859+0000] {dag.py:3239} INFO - Sync 1 DAGs
[2026-08-08T01:19:53.887+0000] {logging_mixin.py:190} INFO - [2026-08-08T01:19:53.887+0000] {dag.py:4180} INFO - Setting next_dagrun for example_weekday_branch_operator to 2026-08-07 00:00:00+00:00, run_after=2026-08-08 00:00:00+00:00
[2026-08-08T01:19:53.908+0000] {processor.py:208} INFO - Processing /home/airflow/.local/lib/python3.12/site-packages/airflow/example_dags/example_branch_day_of_week_operator.py took 0.093 seconds
[2026-08-08T01:20:24.944+0000] {processor.py:186} INFO - Started process (PID=1488) to work on /home/airflow/.local/lib/python3.12/site-packages/airflow/example_dags/example_branch_day_of_week_operator.py
[2026-08-08T01:20:24.945+0000] {processor.py:914} INFO - Processing file /home/airflow/.local/lib/python3.12/site-packages/airflow/example_dags/example_branch_day_of_week_operator.py for tasks to queue
[2026-08-08T01:20:24.948+0000] {logging_mixin.py:190} INFO - [2026-08-08T01:20:24.948+0000] {dagbag.py:588} INFO - Filling up the DagBag from /home/airflow/.local/lib/python3.12/site-packages/airflow/example_dags/example_branch_day_of_week_operator.py
[2026-08-08T01:20:24.959+0000] {processor.py:925} INFO - DAG(s) 'example_weekday_branch_operator' retrieved from /home/airflow/.local/lib/python3.12/site-packages/airflow/example_dags/example_branch_day_of_week_operator.py
[2026-08-08T01:20:24.987+0000] {logging_mixin.py:190} INFO - [2026-08-08T01:20:24.987+0000] {dag.py:3239} INFO - Sync 1 DAGs
[2026-08-08T01:20:25.016+0000] {logging_mixin.py:190} INFO - [2026-08-08T01:20:25.016+0000] {dag.py:4180} INFO - Setting next_dagrun for example_weekday_branch_operator to 2026-08-07 00:00:00+00:00, run_after=2026-08-08 00:00:00+00:00
[2026-08-08T01:20:25.040+0000] {processor.py:208} INFO - Processing /home/airflow/.local/lib/python3.12/site-packages/airflow/example_dags/example_branch_day_of_week_operator.py took 0.102 seconds
[2026-08-08T01:20:56.896+0000] {processor.py:186} INFO - Started process (PID=1553) to work on /home/airflow/.local/lib/python3.12/site-packages/airflow/example_dags/example_branch_day_of_week_operator.py
[2026-08-08T01:20:56.898+0000] {processor.py:914} INFO - Processing file /home/airflow/.local/lib/python3.12/site-packages/airflow/example_dags/example_branch_day_of_week_operator.py for tasks to queue
[2026-08-08T01:20:56.901+0000] {logging_mixin.py:190} INFO - [2026-08-08T01:20:56.900+0000] {dagbag.py:588} INFO - Filling up the DagBag from /home/airflow/.local/lib/python3.12/site-packages/airflow/example_dags/example_branch_day_of_week_operator.py
[2026-08-08T01:20:56.913+0000] {processor.py:925} INFO - DAG(s) 'example_weekday_branch_operator' retrieved from /home/airflow/.local/lib/python3.12/site-packages/airflow/example_dags/example_branch_day_of_week_operator.py
[2026-08-08T01:20:56.933+0000] {logging_mixin.py:190} INFO - [2026-08-08T01:20:56.933+0000] {dag.py:3239} INFO - Sync 1 DAGs
[2026-08-08T01:20:56.961+0000] {logging_mixin.py:190} INFO - [2026-08-08T01:20:56.961+0000] {dag.py:4180} INFO - Setting next_dagrun for example_weekday_branch_operator to 2026-08-07 00:00:00+00:00, run_after=2026-08-08 00:00:00+00:00
[2026-08-08T01:20:56.983+0000] {processor.py:208} INFO - Processing /home/airflow/.local/lib/python3.12/site-packages/airflow/example_dags/example_branch_day_of_week_operator.py took 0.092 seconds
[2026-08-08T01:21:28.178+0000] {processor.py:186} INFO - Started process (PID=1618) to work on /home/airflow/.local/lib/python3.12/site-packages/airflow/example_dags/example_branch_day_of_week_operator.py
[2026-08-08T01:21:28.180+0000] {processor.py:914} INFO - Processing file /home/airflow/.local/lib/python3.12/site-packages/airflow/example_dags/example_branch_day_of_week_operator.py for tasks to queue
[2026-08-08T01:21:28.184+0000] {logging_mixin.py:190} INFO - [2026-08-08T01:21:28.184+0000] {dagbag.py:588} INFO - Filling up the DagBag from /home/airflow/.local/lib/python3.12/site-packages/airflow/example_dags/example_branch_day_of_week_operator.py
[2026-08-08T01:21:28.200+0000] {processor.py:925} INFO - DAG(s) 'example_weekday_branch_operator' retrieved from /home/airflow/.local/lib/python3.12/site-packages/airflow/example_dags/example_branch_day_of_week_operator.py
[2026-08-08T01:21:28.223+0000] {logging_mixin.py:190} INFO - [2026-08-08T01:21:28.222+0000] {dag.py:3239} INFO - Sync 1 DAGs
[2026-08-08T01:21:28.253+0000] {logging_mixin.py:190} INFO - [2026-08-08T01:21:28.253+0000] {dag.py:4180} INFO - Setting next_dagrun for example_weekday_branch_operator to 2026-08-07 00:00:00+00:00, run_after=2026-08-08 00:00:00+00:00
[2026-08-08T01:21:28.274+0000] {processor.py:208} INFO - Processing /home/airflow/.local/lib/python3.12/site-packages/airflow/example_dags/example_branch_day_of_week_operator.py took 0.104 seconds
[2026-08-08T01:21:59.571+0000] {processor.py:186} INFO - Started process (PID=1683) to work on /home/airflow/.local/lib/python3.12/site-packages/airflow/example_dags/example_branch_day_of_week_operator.py
[2026-08-08T01:21:59.572+0000] {processor.py:914} INFO - Processing file /home/airflow/.local/lib/python3.12/site-packages/airflow/example_dags/example_branch_day_of_week_operator.py for tasks to queue
[2026-08-08T01:21:59.576+0000] {logging_mixin.py:190} INFO - [2026-08-08T01:21:59.575+0000] {dagbag.py:588} INFO - Filling up the DagBag from /home/airflow/.local/lib/python3.12/site-packages/airflow/example_dags/example_branch_day_of_week_operator.py
[2026-08-08T01:21:59.587+0000] {processor.py:925} INFO - DAG(s) 'example_weekday_branch_operator' retrieved from /home/airflow/.local/lib/python3.12/site-packages/airflow/example_dags/example_branch_day_of_week_operator.py
[2026-08-08T01:21:59.610+0000] {logging_mixin.py:190} INFO - [2026-08-08T01:21:59.610+0000] {dag.py:3239} INFO - Sync 1 DAGs
[2026-08-08T01:21:59.643+0000] {logging_mixin.py:190} INFO - [2026-08-08T01:21:59.642+0000] {dag.py:4180} INFO - Setting next_dagrun for example_weekday_branch_operator to 2026-08-07 00:00:00+00:00, run_after=2026-08-08 00:00:00+00:00
[2026-08-08T01:21:59.665+0000] {processor.py:208} INFO - Processing /home/airflow/.local/lib/python3.12/site-packages/airflow/example_dags/example_branch_day_of_week_operator.py took 0.100 seconds
[2026-08-08T01:22:31.505+0000] {processor.py:186} INFO - Started process (PID=1748) to work on /home/airflow/.local/lib/python3.12/site-packages/airflow/example_dags/example_branch_day_of_week_operator.py
[2026-08-08T01:22:31.507+0000] {processor.py:914} INFO - Processing file /home/airflow/.local/lib/python3.12/site-packages/airflow/example_dags/example_branch_day_of_week_operator.py for tasks to queue
[2026-08-08T01:22:31.511+0000] {logging_mixin.py:190} INFO - [2026-08-08T01:22:31.510+0000] {dagbag.py:588} INFO - Filling up the DagBag from /home/airflow/.local/lib/python3.12/site-packages/airflow/example_dags/example_branch_day_of_week_operator.py
[2026-08-08T01:22:31.530+0000] {processor.py:925} INFO - DAG(s) 'example_weekday_branch_operator' retrieved from /home/airflow/.local/lib/python3.12/site-packages/airflow/example_dags/example_branch_day_of_week_operator.py
[2026-08-08T01:22:31.565+0000] {logging_mixin.py:190} INFO - [2026-08-08T01:22:31.565+0000] {dag.py:3239} INFO - Sync 1 DAGs
[2026-08-08T01:22:31.604+0000] {logging_mixin.py:190} INFO - [2026-08-08T01:22:31.604+0000] {dag.py:4180} INFO - Setting next_dagrun for example_weekday_branch_operator to 2026-08-07 00:00:00+00:00, run_after=2026-08-08 00:00:00+00:00
[2026-08-08T01:22:31.630+0000] {processor.py:208} INFO - Processing /home/airflow/.local/lib/python3.12/site-packages/airflow/example_dags/example_branch_day_of_week_operator.py took 0.133 seconds
[2026-08-08T01:23:02.489+0000] {processor.py:186} INFO - Started process (PID=1813) to work on /home/airflow/.local/lib/python3.12/site-packages/airflow/example_dags/example_branch_day_of_week_operator.py
[2026-08-08T01:23:02.491+0000] {processor.py:914} INFO - Processing file /home/airflow/.local/lib/python3.12/site-packages/airflow/example_dags/example_branch_day_of_week_operator.py for tasks to queue
[2026-08-08T01:23:02.495+0000] {logging_mixin.py:190} INFO - [2026-08-08T01:23:02.494+0000] {dagbag.py:588} INFO - Filling up the DagBag from /home/airflow/.local/lib/python3.12/site-packages/airflow/example_dags/example_branch_day_of_week_operator.py
[2026-08-08T01:23:02.507+0000] {processor.py:925} INFO - DAG(s) 'example_weekday_branch_operator' retrieved from /home/airflow/.local/lib/python3.12/site-packages/airflow/example_dags/example_branch_day_of_week_operator.py
[2026-08-08T01:23:02.532+0000] {logging_mixin.py:190} INFO - [2026-08-08T01:23:02.532+0000] {dag.py:3239} INFO - Sync 1 DAGs
[2026-08-08T01:23:02.564+0000] {logging_mixin.py:190} INFO - [2026-08-08T01:23:02.564+0000] {dag.py:4180} INFO - Setting next_dagrun for example_weekday_branch_operator to 2026-08-07 00:00:00+00:00, run_after=2026-08-08 00:00:00+00:00
[2026-08-08T01:23:02.588+0000] {processor.py:208} INFO - Processing /home/airflow/.local/lib/python3.12/site-packages/airflow/example_dags/example_branch_day_of_week_operator.py took 0.106 seconds
[2026-08-08T01:23:33.310+0000] {processor.py:186} INFO - Started process (PID=1878) to work on /home/airflow/.local/lib/python3.12/site-packages/airflow/example_dags/example_branch_day_of_week_operator.py
[2026-08-08T01:23:33.312+0000] {processor.py:914} INFO - Processing file /home/airflow/.local/lib/python3.12/site-packages/airflow/example_dags/example_branch_day_of_week_operator.py for tasks to queue
[2026-08-08T01:23:33.315+0000] {logging_mixin.py:190} INFO - [2026-08-08T01:23:33.314+0000] {dagbag.py:588} INFO - Filling up the DagBag from /home/airflow/.local/lib/python3.12/site-packages/airflow/example_dags/example_branch_day_of_week_operator.py
[2026-08-08T01:23:33.330+0000] {processor.py:925} INFO - DAG(s) 'example_weekday_branch_operator' retrieved from /home/airflow/.local/lib/python3.12/site-packages/airflow/example_dags/example_branch_day_of_week_operator.py
[2026-08-08T01:23:33.355+0000] {logging_mixin.py:190} INFO - [2026-08-08T01:23:33.354+0000] {dag.py:3239} INFO - Sync 1 DAGs
[2026-08-08T01:23:33.383+0000] {logging_mixin.py:190} INFO - [2026-08-08T01:23:33.383+0000] {dag.py:4180} INFO - Setting next_dagrun for example_weekday_branch_operator to 2026-08-07 00:00:00+00:00, run_after=2026-08-08 00:00:00+00:00
[2026-08-08T01:23:33.404+0000] {processor.py:208} INFO - Processing /home/airflow/.local/lib/python3.12/site-packages/airflow/example_dags/example_branch_day_of_week_operator.py took 0.101 seconds
[2026-08-08T01:24:04.524+0000] {processor.py:186} INFO - Started process (PID=1943) to work on /home/airflow/.local/lib/python3.12/site-packages/airflow/example_dags/example_branch_day_of_week_operator.py
[2026-08-08T01:24:04.526+0000] {processor.py:914} INFO - Processing file /home/airflow/.local/lib/python3.12/site-packages/airflow/example_dags/example_branch_day_of_week_operator.py for tasks to queue
[2026-08-08T01:24:04.531+0000] {logging_mixin.py:190} INFO - [2026-08-08T01:24:04.530+0000] {dagbag.py:588} INFO - Filling up the DagBag from /home/airflow/.local/lib/python3.12/site-packages/airflow/example_dags/example_branch_day_of_week_operator.py
[2026-08-08T01:24:04.549+0000] {processor.py:925} INFO - DAG(s) 'example_weekday_branch_operator' retrieved from /home/airflow/.local/lib/python3.12/site-packages/airflow/example_dags/example_branch_day_of_week_operator.py
[2026-08-08T01:24:04.584+0000] {logging_mixin.py:190} INFO - [2026-08-08T01:24:04.583+0000] {dag.py:3239} INFO - Sync 1 DAGs
[2026-08-08T01:24:04.616+0000] {logging_mixin.py:190} INFO - [2026-08-08T01:24:04.616+0000] {dag.py:4180} INFO - Setting next_dagrun for example_weekday_branch_operator to 2026-08-07 00:00:00+00:00, run_after=2026-08-08 00:00:00+00:00
[2026-08-08T01:24:04.651+0000] {processor.py:208} INFO - Processing /home/airflow/.local/lib/python3.12/site-packages/airflow/example_dags/example_branch_day_of_week_operator.py took 0.137 seconds
[2026-08-08T01:24:36.082+0000] {processor.py:186} INFO - Started process (PID=2008) to work on /home/airflow/.local/lib/python3.12/site-packages/airflow/example_dags/example_branch_day_of_week_operator.py
[2026-08-08T01:24:36.083+0000] {processor.py:914} INFO - Processing file /home/airflow/.local/lib/python3.12/site-packages/airflow/example_dags/example_branch_day_of_week_operator.py for tasks to queue
[2026-08-08T01:24:36.086+0000] {logging_mixin.py:190} INFO - [2026-08-08T01:24:36.086+0000] {dagbag.py:588} INFO - Filling up the DagBag from /home/airflow/.local/lib/python3.12/site-packages/airflow/example_dags/example_branch_day_of_week_operator.py
[2026-08-08T01:24:36.101+0000] {processor.py:925} INFO - DAG(s) 'example_weekday_branch_operator' retrieved from /home/airflow/.local/lib/python3.12/site-packages/airflow/example_dags/example_branch_day_of_week_operator.py
[2026-08-08T01:24:36.131+0000] {logging_mixin.py:190} INFO - [2026-08-08T01:24:36.130+0000] {dag.py:3239} INFO - Sync 1 DAGs
[2026-08-08T01:24:36.168+0000] {logging_mixin.py:190} INFO - [2026-08-08T01:24:36.168+0000] {dag.py:4180} INFO - Setting next_dagrun for example_weekday_branch_operator to 2026-08-07 00:00:00+00:00, run_after=2026-08-08 00:00:00+00:00
[2026-08-08T01:24:36.196+0000] {processor.py:208} INFO - Processing /home/airflow/.local/lib/python3.12/site-packages/airflow/example_dags/example_branch_day_of_week_operator.py took 0.123 seconds
[2026-08-08T01:25:08.012+0000] {processor.py:186} INFO - Started process (PID=2078) to work on /home/airflow/.local/lib/python3.12/site-packages/airflow/example_dags/example_branch_day_of_week_operator.py
[2026-08-08T01:25:08.014+0000] {processor.py:914} INFO - Processing file /home/airflow/.local/lib/python3.12/site-packages/airflow/example_dags/example_branch_day_of_week_operator.py for tasks to queue
[2026-08-08T01:25:08.017+0000] {logging_mixin.py:190} INFO - [2026-08-08T01:25:08.017+0000] {dagbag.py:588} INFO - Filling up the DagBag from /home/airflow/.local/lib/python3.12/site-packages/airflow/example_dags/example_branch_day_of_week_operator.py
[2026-08-08T01:25:08.029+0000] {processor.py:925} INFO - DAG(s) 'example_weekday_branch_operator' retrieved from /home/airflow/.local/lib/python3.12/site-packages/airflow/example_dags/example_branch_day_of_week_operator.py
[2026-08-08T01:25:08.051+0000] {logging_mixin.py:190} INFO - [2026-08-08T01:25:08.050+0000] {dag.py:3239} INFO - Sync 1 DAGs
[2026-08-08T01:25:08.077+0000] {logging_mixin.py:190} INFO - [2026-08-08T01:25:08.077+0000] {dag.py:4180} INFO - Setting next_dagrun for example_weekday_branch_operator to 2026-08-07 00:00:00+00:00, run_after=2026-08-08 00:00:00+00:00
[2026-08-08T01:25:08.100+0000] {processor.py:208} INFO - Processing /home/airflow/.local/lib/python3.12/site-packages/airflow/example_dags/example_branch_day_of_week_operator.py took 0.094 seconds
[2026-08-08T01:25:38.471+0000] {processor.py:186} INFO - Started process (PID=2143) to work on /home/airflow/.local/lib/python3.12/site-packages/airflow/example_dags/example_branch_day_of_week_operator.py
[2026-08-08T01:25:38.472+0000] {processor.py:914} INFO - Processing file /home/airflow/.local/lib/python3.12/site-packages/airflow/example_dags/example_branch_day_of_week_operator.py for tasks to queue
[2026-08-08T01:25:38.476+0000] {logging_mixin.py:190} INFO - [2026-08-08T01:25:38.475+0000] {dagbag.py:588} INFO - Filling up the DagBag from /home/airflow/.local/lib/python3.12/site-packages/airflow/example_dags/example_branch_day_of_week_operator.py
[2026-08-08T01:25:38.488+0000] {processor.py:925} INFO - DAG(s) 'example_weekday_branch_operator' retrieved from /home/airflow/.local/lib/python3.12/site-packages/airflow/example_dags/example_branch_day_of_week_operator.py
[2026-08-08T01:25:38.510+0000] {logging_mixin.py:190} INFO - [2026-08-08T01:25:38.510+0000] {dag.py:3239} INFO - Sync 1 DAGs
[2026-08-08T01:25:38.537+0000] {logging_mixin.py:190} INFO - [2026-08-08T01:25:38.537+0000] {dag.py:4180} INFO - Setting next_dagrun for example_weekday_branch_operator to 2026-08-07 00:00:00+00:00, run_after=2026-08-08 00:00:00+00:00
[2026-08-08T01:25:38.560+0000] {processor.py:208} INFO - Processing /home/airflow/.local/lib/python3.12/site-packages/airflow/example_dags/example_branch_day_of_week_operator.py took 0.096 seconds
[2026-08-08T01:26:09.975+0000] {processor.py:186} INFO - Started process (PID=2211) to work on /home/airflow/.local/lib/python3.12/site-packages/airflow/example_dags/example_branch_day_of_week_operator.py
[2026-08-08T01:26:09.976+0000] {processor.py:914} INFO - Processing file /home/airflow/.local/lib/python3.12/site-packages/airflow/example_dags/example_branch_day_of_week_operator.py for tasks to queue
[2026-08-08T01:26:09.979+0000] {logging_mixin.py:190} INFO - [2026-08-08T01:26:09.978+0000] {dagbag.py:588} INFO - Filling up the DagBag from /home/airflow/.local/lib/python3.12/site-packages/airflow/example_dags/example_branch_day_of_week_operator.py
[2026-08-08T01:26:09.990+0000] {processor.py:925} INFO - DAG(s) 'example_weekday_branch_operator' retrieved from /home/airflow/.local/lib/python3.12/site-packages/airflow/example_dags/example_branch_day_of_week_operator.py
[2026-08-08T01:26:10.010+0000] {logging_mixin.py:190} INFO - [2026-08-08T01:26:10.010+0000] {dag.py:3239} INFO - Sync 1 DAGs
[2026-08-08T01:26:10.034+0000] {logging_mixin.py:190} INFO - [2026-08-08T01:26:10.034+0000] {dag.py:4180} INFO - Setting next_dagrun for example_weekday_branch_operator to 2026-08-07 00:00:00+00:00, run_after=2026-08-08 00:00:00+00:00
[2026-08-08T01:26:10.052+0000] {processor.py:208} INFO - Processing /home/airflow/.local/lib/python3.12/site-packages/airflow/example_dags/example_branch_day_of_week_operator.py took 0.083 seconds
[2026-08-08T01:26:41.571+0000] {processor.py:186} INFO - Started process (PID=2280) to work on /home/airflow/.local/lib/python3.12/site-packages/airflow/example_dags/example_branch_day_of_week_operator.py
[2026-08-08T01:26:41.573+0000] {processor.py:914} INFO - Processing file /home/airflow/.local/lib/python3.12/site-packages/airflow/example_dags/example_branch_day_of_week_operator.py for tasks to queue
[2026-08-08T01:26:41.576+0000] {logging_mixin.py:190} INFO - [2026-08-08T01:26:41.576+0000] {dagbag.py:588} INFO - Filling up the DagBag from /home/airflow/.local/lib/python3.12/site-packages/airflow/example_dags/example_branch_day_of_week_operator.py
[2026-08-08T01:26:41.590+0000] {processor.py:925} INFO - DAG(s) 'example_weekday_branch_operator' retrieved from /home/airflow/.local/lib/python3.12/site-packages/airflow/example_dags/example_branch_day_of_week_operator.py
[2026-08-08T01:26:41.617+0000] {logging_mixin.py:190} INFO - [2026-08-08T01:26:41.616+0000] {dag.py:3239} INFO - Sync 1 DAGs
[2026-08-08T01:26:41.647+0000] {logging_mixin.py:190} INFO - [2026-08-08T01:26:41.646+0000] {dag.py:4180} INFO - Setting next_dagrun for example_weekday_branch_operator to 2026-08-07 00:00:00+00:00, run_after=2026-08-08 00:00:00+00:00
[2026-08-08T01:26:41.671+0000] {processor.py:208} INFO - Processing /home/airflow/.local/lib/python3.12/site-packages/airflow/example_dags/example_branch_day_of_week_operator.py took 0.107 seconds
[2026-08-08T01:27:13.394+0000] {processor.py:186} INFO - Started process (PID=2352) to work on /home/airflow/.local/lib/python3.12/site-packages/airflow/example_dags/example_branch_day_of_week_operator.py
[2026-08-08T01:27:13.395+0000] {processor.py:914} INFO - Processing file /home/airflow/.local/lib/python3.12/site-packages/airflow/example_dags/example_branch_day_of_week_operator.py for tasks to queue
[2026-08-08T01:27:13.398+0000] {logging_mixin.py:190} INFO - [2026-08-08T01:27:13.398+0000] {dagbag.py:588} INFO - Filling up the DagBag from /home/airflow/.local/lib/python3.12/site-packages/airflow/example_dags/example_branch_day_of_week_operator.py
[2026-08-08T01:27:13.409+0000] {processor.py:925} INFO - DAG(s) 'example_weekday_branch_operator' retrieved from /home/airflow/.local/lib/python3.12/site-packages/airflow/example_dags/example_branch_day_of_week_operator.py
[2026-08-08T01:27:13.434+0000] {logging_mixin.py:190} INFO - [2026-08-08T01:27:13.434+0000] {dag.py:3239} INFO - Sync 1 DAGs
[2026-08-08T01:27:13.464+0000] {logging_mixin.py:190} INFO - [2026-08-08T01:27:13.464+0000] {dag.py:4180} INFO - Setting next_dagrun for example_weekday_branch_operator to 2026-08-07 00:00:00+00:00, run_after=2026-08-08 00:00:00+00:00
[2026-08-08T01:27:13.486+0000] {processor.py:208} INFO - Processing /home/airflow/.local/lib/python3.12/site-packages/airflow/example_dags/example_branch_day_of_week_operator.py took 0.098 seconds
[2026-08-08T01:27:44.610+0000] {processor.py:186} INFO - Started process (PID=2417) to work on /home/airflow/.local/lib/python3.12/site-packages/airflow/example_dags/example_branch_day_of_week_operator.py
[2026-08-08T01:27:44.612+0000] {processor.py:914} INFO - Processing file /home/airflow/.local/lib/python3.12/site-packages/airflow/example_dags/example_branch_day_of_week_operator.py for tasks to queue
[2026-08-08T01:27:44.614+0000] {logging_mixin.py:190} INFO - [2026-08-08T01:27:44.614+0000] {dagbag.py:588} INFO - Filling up the DagBag from /home/airflow/.local/lib/python3.12/site-packages/airflow/example_dags/example_branch_day_of_week_operator.py
[2026-08-08T01:27:44.625+0000] {processor.py:925} INFO - DAG(s) 'example_weekday_branch_operator' retrieved from /home/airflow/.local/lib/python3.12/site-packages/airflow/example_dags/example_branch_day_of_week_operator.py
[2026-08-08T01:27:44.647+0000] {logging_mixin.py:190} INFO - [2026-08-08T01:27:44.647+0000] {dag.py:3239} INFO - Sync 1 DAGs
[2026-08-08T01:27:44.678+0000] {logging_mixin.py:190} INFO - [2026-08-08T01:27:44.678+0000] {dag.py:4180} INFO - Setting next_dagrun for example_weekday_branch_operator to 2026-08-07 00:00:00+00:00, run_after=2026-08-08 00:00:00+00:00
[2026-08-08T01:27:44.699+0000] {processor.py:208} INFO - Processing /home/airflow/.local/lib/python3.12/site-packages/airflow/example_dags/example_branch_day_of_week_operator.py took 0.094 seconds
[2026-08-08T01:28:15.959+0000] {processor.py:186} INFO - Started process (PID=2482) to work on /home/airflow/.local/lib/python3.12/site-packages/airflow/example_dags/example_branch_day_of_week_operator.py
[2026-08-08T01:28:15.960+0000] {processor.py:914} INFO - Processing file /home/airflow/.local/lib/python3.12/site-packages/airflow/example_dags/example_branch_day_of_week_operator.py for tasks to queue
[2026-08-08T01:28:15.964+0000] {logging_mixin.py:190} INFO - [2026-08-08T01:28:15.963+0000] {dagbag.py:588} INFO - Filling up the DagBag from /home/airflow/.local/lib/python3.12/site-packages/airflow/example_dags/example_branch_day_of_week_operator.py
[2026-08-08T01:28:15.978+0000] {processor.py:925} INFO - DAG(s) 'example_weekday_branch_operator' retrieved from /home/airflow/.local/lib/python3.12/site-packages/airflow/example_dags/example_branch_day_of_week_operator.py
[2026-08-08T01:28:16.005+0000] {logging_mixin.py:190} INFO - [2026-08-08T01:28:16.005+0000] {dag.py:3239} INFO - Sync 1 DAGs
[2026-08-08T01:28:16.039+0000] {logging_mixin.py:190} INFO - [2026-08-08T01:28:16.039+0000] {dag.py:4180} INFO - Setting next_dagrun for example_weekday_branch_operator to 2026-08-07 00:00:00+00:00, run_after=2026-08-08 00:00:00+00:00
[2026-08-08T01:28:16.067+0000] {processor.py:208} INFO - Processing /home/airflow/.local/lib/python3.12/site-packages/airflow/example_dags/example_branch_day_of_week_operator.py took 0.115 seconds
[2026-08-08T01:28:47.010+0000] {processor.py:186} INFO - Started process (PID=2547) to work on /home/airflow/.local/lib/python3.12/site-packages/airflow/example_dags/example_branch_day_of_week_operator.py
[2026-08-08T01:28:47.011+0000] {processor.py:914} INFO - Processing file /home/airflow/.local/lib/python3.12/site-packages/airflow/example_dags/example_branch_day_of_week_operator.py for tasks to queue
[2026-08-08T01:28:47.014+0000] {logging_mixin.py:190} INFO - [2026-08-08T01:28:47.014+0000] {dagbag.py:588} INFO - Filling up the DagBag from /home/airflow/.local/lib/python3.12/site-packages/airflow/example_dags/example_branch_day_of_week_operator.py
[2026-08-08T01:28:47.024+0000] {processor.py:925} INFO - DAG(s) 'example_weekday_branch_operator' retrieved from /home/airflow/.local/lib/python3.12/site-packages/airflow/example_dags/example_branch_day_of_week_operator.py
[2026-08-08T01:28:47.043+0000] {logging_mixin.py:190} INFO - [2026-08-08T01:28:47.043+0000] {dag.py:3239} INFO - Sync 1 DAGs
[2026-08-08T01:28:47.067+0000] {logging_mixin.py:190} INFO - [2026-08-08T01:28:47.067+0000] {dag.py:4180} INFO - Setting next_dagrun for example_weekday_branch_operator to 2026-08-07 00:00:00+00:00, run_after=2026-08-08 00:00:00+00:00
[2026-08-08T01:28:47.086+0000] {processor.py:208} INFO - Processing /home/airflow/.local/lib/python3.12/site-packages/airflow/example_dags/example_branch_day_of_week_operator.py took 0.081 seconds
[2026-08-08T01:29:17.826+0000] {processor.py:186} INFO - Started process (PID=2612) to work on /home/airflow/.local/lib/python3.12/site-packages/airflow/example_dags/example_branch_day_of_week_operator.py
[2026-08-08T01:29:17.827+0000] {processor.py:914} INFO - Processing file /home/airflow/.local/lib/python3.12/site-packages/airflow/example_dags/example_branch_day_of_week_operator.py for tasks to queue
[2026-08-08T01:29:17.831+0000] {logging_mixin.py:190} INFO - [2026-08-08T01:29:17.830+0000] {dagbag.py:588} INFO - Filling up the DagBag from /home/airflow/.local/lib/python3.12/site-packages/airflow/example_dags/example_branch_day_of_week_operator.py
[2026-08-08T01:29:17.842+0000] {processor.py:925} INFO - DAG(s) 'example_weekday_branch_operator' retrieved from /home/airflow/.local/lib/python3.12/site-packages/airflow/example_dags/example_branch_day_of_week_operator.py
[2026-08-08T01:29:17.865+0000] {logging_mixin.py:190} INFO - [2026-08-08T01:29:17.865+0000] {dag.py:3239} INFO - Sync 1 DAGs
[2026-08-08T01:29:17.897+0000] {logging_mixin.py:190} INFO - [2026-08-08T01:29:17.897+0000] {dag.py:4180} INFO - Setting next_dagrun for example_weekday_branch_operator to 2026-08-07 00:00:00+00:00, run_after=2026-08-08 00:00:00+00:00
[2026-08-08T01:29:17.919+0000] {processor.py:208} INFO - Processing /home/airflow/.local/lib/python3.12/site-packages/airflow/example_dags/example_branch_day_of_week_operator.py took 0.100 seconds
[2026-08-08T01:29:48.434+0000] {processor.py:186} INFO - Started process (PID=2678) to work on /home/airflow/.local/lib/python3.12/site-packages/airflow/example_dags/example_branch_day_of_week_operator.py
[2026-08-08T01:29:48.436+0000] {processor.py:914} INFO - Processing file /home/airflow/.local/lib/python3.12/site-packages/airflow/example_dags/example_branch_day_of_week_operator.py for tasks to queue
[2026-08-08T01:29:48.439+0000] {logging_mixin.py:190} INFO - [2026-08-08T01:29:48.438+0000] {dagbag.py:588} INFO - Filling up the DagBag from /home/airflow/.local/lib/python3.12/site-packages/airflow/example_dags/example_branch_day_of_week_operator.py
[2026-08-08T01:29:48.449+0000] {processor.py:925} INFO - DAG(s) 'example_weekday_branch_operator' retrieved from /home/airflow/.local/lib/python3.12/site-packages/airflow/example_dags/example_branch_day_of_week_operator.py
[2026-08-08T01:29:48.471+0000] {logging_mixin.py:190} INFO - [2026-08-08T01:29:48.471+0000] {dag.py:3239} INFO - Sync 1 DAGs
[2026-08-08T01:29:48.497+0000] {logging_mixin.py:190} INFO - [2026-08-08T01:29:48.497+0000] {dag.py:4180} INFO - Setting next_dagrun for example_weekday_branch_operator to 2026-08-07 00:00:00+00:00, run_after=2026-08-08 00:00:00+00:00
[2026-08-08T01:29:48.518+0000] {processor.py:208} INFO - Processing /home/airflow/.local/lib/python3.12/site-packages/airflow/example_dags/example_branch_day_of_week_operator.py took 0.090 seconds
[2026-08-08T01:30:20.333+0000] {processor.py:186} INFO - Started process (PID=2743) to work on /home/airflow/.local/lib/python3.12/site-packages/airflow/example_dags/example_branch_day_of_week_operator.py
[2026-08-08T01:30:20.335+0000] {processor.py:914} INFO - Processing file /home/airflow/.local/lib/python3.12/site-packages/airflow/example_dags/example_branch_day_of_week_operator.py for tasks to queue
[2026-08-08T01:30:20.338+0000] {logging_mixin.py:190} INFO - [2026-08-08T01:30:20.338+0000] {dagbag.py:588} INFO - Filling up the DagBag from /home/airflow/.local/lib/python3.12/site-packages/airflow/example_dags/example_branch_day_of_week_operator.py
[2026-08-08T01:30:20.350+0000] {processor.py:925} INFO - DAG(s) 'example_weekday_branch_operator' retrieved from /home/airflow/.local/lib/python3.12/site-packages/airflow/example_dags/example_branch_day_of_week_operator.py
[2026-08-08T01:30:20.376+0000] {logging_mixin.py:190} INFO - [2026-08-08T01:30:20.376+0000] {dag.py:3239} INFO - Sync 1 DAGs
[2026-08-08T01:30:20.410+0000] {logging_mixin.py:190} INFO - [2026-08-08T01:30:20.410+0000] {dag.py:4180} INFO - Setting next_dagrun for example_weekday_branch_operator to 2026-08-07 00:00:00+00:00, run_after=2026-08-08 00:00:00+00:00
[2026-08-08T01:30:20.435+0000] {processor.py:208} INFO - Processing /home/airflow/.local/lib/python3.12/site-packages/airflow/example_dags/example_branch_day_of_week_operator.py took 0.109 seconds
[2026-08-08T01:30:52.432+0000] {processor.py:186} INFO - Started process (PID=2808) to work on /home/airflow/.local/lib/python3.12/site-packages/airflow/example_dags/example_branch_day_of_week_operator.py
[2026-08-08T01:30:52.434+0000] {processor.py:914} INFO - Processing file /home/airflow/.local/lib/python3.12/site-packages/airflow/example_dags/example_branch_day_of_week_operator.py for tasks to queue
[2026-08-08T01:30:52.440+0000] {logging_mixin.py:190} INFO - [2026-08-08T01:30:52.439+0000] {dagbag.py:588} INFO - Filling up the DagBag from /home/airflow/.local/lib/python3.12/site-packages/airflow/example_dags/example_branch_day_of_week_operator.py
[2026-08-08T01:30:52.460+0000] {processor.py:925} INFO - DAG(s) 'example_weekday_branch_operator' retrieved from /home/airflow/.local/lib/python3.12/site-packages/airflow/example_dags/example_branch_day_of_week_operator.py
[2026-08-08T01:30:52.485+0000] {logging_mixin.py:190} INFO - [2026-08-08T01:30:52.485+0000] {dag.py:3239} INFO - Sync 1 DAGs
[2026-08-08T01:30:52.513+0000] {logging_mixin.py:190} INFO - [2026-08-08T01:30:52.513+0000] {dag.py:4180} INFO - Setting next_dagrun for example_weekday_branch_operator to 2026-08-07 00:00:00+00:00, run_after=2026-08-08 00:00:00+00:00
[2026-08-08T01:30:52.534+0000] {processor.py:208} INFO - Processing /home/airflow/.local/lib/python3.12/site-packages/airflow/example_dags/example_branch_day_of_week_operator.py took 0.112 seconds
[2026-08-08T01:31:22.944+0000] {processor.py:186} INFO - Started process (PID=2873) to work on /home/airflow/.local/lib/python3.12/site-packages/airflow/example_dags/example_branch_day_of_week_operator.py
[2026-08-08T01:31:22.945+0000] {processor.py:914} INFO - Processing file /home/airflow/.local/lib/python3.12/site-packages/airflow/example_dags/example_branch_day_of_week_operator.py for tasks to queue
[2026-08-08T01:31:22.948+0000] {logging_mixin.py:190} INFO - [2026-08-08T01:31:22.948+0000] {dagbag.py:588} INFO - Filling up the DagBag from /home/airflow/.local/lib/python3.12/site-packages/airflow/example_dags/example_branch_day_of_week_operator.py
[2026-08-08T01:31:22.960+0000] {processor.py:925} INFO - DAG(s) 'example_weekday_branch_operator' retrieved from /home/airflow/.local/lib/python3.12/site-packages/airflow/example_dags/example_branch_day_of_week_operator.py
[2026-08-08T01:31:22.987+0000] {logging_mixin.py:190} INFO - [2026-08-08T01:31:22.986+0000] {dag.py:3239} INFO - Sync 1 DAGs
[2026-08-08T01:31:23.016+0000] {logging_mixin.py:190} INFO - [2026-08-08T01:31:23.016+0000] {dag.py:4180} INFO - Setting next_dagrun for example_weekday_branch_operator to 2026-08-07 00:00:00+00:00, run_after=2026-08-08 00:00:00+00:00
[2026-08-08T01:31:23.040+0000] {processor.py:208} INFO - Processing /home/airflow/.local/lib/python3.12/site-packages/airflow/example_dags/example_branch_day_of_week_operator.py took 0.102 seconds
[2026-08-08T01:31:54.506+0000] {processor.py:186} INFO - Started process (PID=2944) to work on /home/airflow/.local/lib/python3.12/site-packages/airflow/example_dags/example_branch_day_of_week_operator.py
[2026-08-08T01:31:54.507+0000] {processor.py:914} INFO - Processing file /home/airflow/.local/lib/python3.12/site-packages/airflow/example_dags/example_branch_day_of_week_operator.py for tasks to queue
[2026-08-08T01:31:54.510+0000] {logging_mixin.py:190} INFO - [2026-08-08T01:31:54.510+0000] {dagbag.py:588} INFO - Filling up the DagBag from /home/airflow/.local/lib/python3.12/site-packages/airflow/example_dags/example_branch_day_of_week_operator.py
[2026-08-08T01:31:54.523+0000] {processor.py:925} INFO - DAG(s) 'example_weekday_branch_operator' retrieved from /home/airflow/.local/lib/python3.12/site-packages/airflow/example_dags/example_branch_day_of_week_operator.py
[2026-08-08T01:31:54.550+0000] {logging_mixin.py:190} INFO - [2026-08-08T01:31:54.550+0000] {dag.py:3239} INFO - Sync 1 DAGs
[2026-08-08T01:31:54.584+0000] {logging_mixin.py:190} INFO - [2026-08-08T01:31:54.584+0000] {dag.py:4180} INFO - Setting next_dagrun for example_weekday_branch_operator to 2026-08-07 00:00:00+00:00, run_after=2026-08-08 00:00:00+00:00
[2026-08-08T01:31:54.609+0000] {processor.py:208} INFO - Processing /home/airflow/.local/lib/python3.12/site-packages/airflow/example_dags/example_branch_day_of_week_operator.py took 0.110 seconds
[2026-08-08T01:32:25.060+0000] {processor.py:186} INFO - Started process (PID=3009) to work on /home/airflow/.local/lib/python3.12/site-packages/airflow/example_dags/example_branch_day_of_week_operator.py
[2026-08-08T01:32:25.062+0000] {processor.py:914} INFO - Processing file /home/airflow/.local/lib/python3.12/site-packages/airflow/example_dags/example_branch_day_of_week_operator.py for tasks to queue
[2026-08-08T01:32:25.065+0000] {logging_mixin.py:190} INFO - [2026-08-08T01:32:25.064+0000] {dagbag.py:588} INFO - Filling up the DagBag from /home/airflow/.local/lib/python3.12/site-packages/airflow/example_dags/example_branch_day_of_week_operator.py
[2026-08-08T01:32:25.077+0000] {processor.py:925} INFO - DAG(s) 'example_weekday_branch_operator' retrieved from /home/airflow/.local/lib/python3.12/site-packages/airflow/example_dags/example_branch_day_of_week_operator.py
[2026-08-08T01:32:25.101+0000] {logging_mixin.py:190} INFO - [2026-08-08T01:32:25.101+0000] {dag.py:3239} INFO - Sync 1 DAGs
[2026-08-08T01:32:25.132+0000] {logging_mixin.py:190} INFO - [2026-08-08T01:32:25.132+0000] {dag.py:4180} INFO - Setting next_dagrun for example_weekday_branch_operator to 2026-08-07 00:00:00+00:00, run_after=2026-08-08 00:00:00+00:00
[2026-08-08T01:32:25.153+0000] {processor.py:208} INFO - Processing /home/airflow/.local/lib/python3.12/site-packages/airflow/example_dags/example_branch_day_of_week_operator.py took 0.099 seconds
[2026-08-08T01:32:56.087+0000] {processor.py:186} INFO - Started process (PID=3074) to work on /home/airflow/.local/lib/python3.12/site-packages/airflow/example_dags/example_branch_day_of_week_operator.py
[2026-08-08T01:32:56.088+0000] {processor.py:914} INFO - Processing file /home/airflow/.local/lib/python3.12/site-packages/airflow/example_dags/example_branch_day_of_week_operator.py for tasks to queue
[2026-08-08T01:32:56.092+0000] {logging_mixin.py:190} INFO - [2026-08-08T01:32:56.092+0000] {dagbag.py:588} INFO - Filling up the DagBag from /home/airflow/.local/lib/python3.12/site-packages/airflow/example_dags/example_branch_day_of_week_operator.py
[2026-08-08T01:32:56.105+0000] {processor.py:925} INFO - DAG(s) 'example_weekday_branch_operator' retrieved from /home/airflow/.local/lib/python3.12/site-packages/airflow/example_dags/example_branch_day_of_week_operator.py
[2026-08-08T01:32:56.131+0000] {logging_mixin.py:190} INFO - [2026-08-08T01:32:56.131+0000] {dag.py:3239} INFO - Sync 1 DAGs
[2026-08-08T01:32:56.160+0000] {logging_mixin.py:190} INFO - [2026-08-08T01:32:56.160+0000] {dag.py:4180} INFO - Setting next_dagrun for example_weekday_branch_operator to 2026-08-07 00:00:00+00:00, run_after=2026-08-08 00:00:00+00:00
[2026-08-08T01:32:56.181+0000] {processor.py:208} INFO - Processing /home/airflow/.local/lib/python3.12/site-packages/airflow/example_dags/example_branch_day_of_week_operator.py took 0.101 seconds
[2026-08-08T01:33:27.239+0000] {processor.py:186} INFO - Started process (PID=3139) to work on /home/airflow/.local/lib/python3.12/site-packages/airflow/example_dags/example_branch_day_of_week_operator.py
[2026-08-08T01:33:27.240+0000] {processor.py:914} INFO - Processing file /home/airflow/.local/lib/python3.12/site-packages/airflow/example_dags/example_branch_day_of_week_operator.py for tasks to queue
[2026-08-08T01:33:27.243+0000] {logging_mixin.py:190} INFO - [2026-08-08T01:33:27.243+0000] {dagbag.py:588} INFO - Filling up the DagBag from /home/airflow/.local/lib/python3.12/site-packages/airflow/example_dags/example_branch_day_of_week_operator.py
[2026-08-08T01:33:27.254+0000] {processor.py:925} INFO - DAG(s) 'example_weekday_branch_operator' retrieved from /home/airflow/.local/lib/python3.12/site-packages/airflow/example_dags/example_branch_day_of_week_operator.py
[2026-08-08T01:33:27.275+0000] {logging_mixin.py:190} INFO - [2026-08-08T01:33:27.274+0000] {dag.py:3239} INFO - Sync 1 DAGs
[2026-08-08T01:33:27.303+0000] {logging_mixin.py:190} INFO - [2026-08-08T01:33:27.303+0000] {dag.py:4180} INFO - Setting next_dagrun for example_weekday_branch_operator to 2026-08-07 00:00:00+00:00, run_after=2026-08-08 00:00:00+00:00
[2026-08-08T01:33:27.327+0000] {processor.py:208} INFO - Processing /home/airflow/.local/lib/python3.12/site-packages/airflow/example_dags/example_branch_day_of_week_operator.py took 0.095 seconds
[2026-08-08T01:33:58.782+0000] {processor.py:186} INFO - Started process (PID=3204) to work on /home/airflow/.local/lib/python3.12/site-packages/airflow/example_dags/example_branch_day_of_week_operator.py
[2026-08-08T01:33:58.784+0000] {processor.py:914} INFO - Processing file /home/airflow/.local/lib/python3.12/site-packages/airflow/example_dags/example_branch_day_of_week_operator.py for tasks to queue
[2026-08-08T01:33:58.787+0000] {logging_mixin.py:190} INFO - [2026-08-08T01:33:58.787+0000] {dagbag.py:588} INFO - Filling up the DagBag from /home/airflow/.local/lib/python3.12/site-packages/airflow/example_dags/example_branch_day_of_week_operator.py
[2026-08-08T01:33:58.800+0000] {processor.py:925} INFO - DAG(s) 'example_weekday_branch_operator' retrieved from /home/airflow/.local/lib/python3.12/site-packages/airflow/example_dags/example_branch_day_of_week_operator.py
[2026-08-08T01:33:58.821+0000] {logging_mixin.py:190} INFO - [2026-08-08T01:33:58.820+0000] {dag.py:3239} INFO - Sync 1 DAGs
[2026-08-08T01:33:58.846+0000] {logging_mixin.py:190} INFO - [2026-08-08T01:33:58.846+0000] {dag.py:4180} INFO - Setting next_dagrun for example_weekday_branch_operator to 2026-08-07 00:00:00+00:00, run_after=2026-08-08 00:00:00+00:00
[2026-08-08T01:33:58.867+0000] {processor.py:208} INFO - Processing /home/airflow/.local/lib/python3.12/site-packages/airflow/example_dags/example_branch_day_of_week_operator.py took 0.092 seconds
[2026-08-08T01:34:29.787+0000] {processor.py:186} INFO - Started process (PID=3270) to work on /home/airflow/.local/lib/python3.12/site-packages/airflow/example_dags/example_branch_day_of_week_operator.py
[2026-08-08T01:34:29.789+0000] {processor.py:914} INFO - Processing file /home/airflow/.local/lib/python3.12/site-packages/airflow/example_dags/example_branch_day_of_week_operator.py for tasks to queue
[2026-08-08T01:34:29.792+0000] {logging_mixin.py:190} INFO - [2026-08-08T01:34:29.791+0000] {dagbag.py:588} INFO - Filling up the DagBag from /home/airflow/.local/lib/python3.12/site-packages/airflow/example_dags/example_branch_day_of_week_operator.py
[2026-08-08T01:34:29.805+0000] {processor.py:925} INFO - DAG(s) 'example_weekday_branch_operator' retrieved from /home/airflow/.local/lib/python3.12/site-packages/airflow/example_dags/example_branch_day_of_week_operator.py
[2026-08-08T01:34:29.827+0000] {logging_mixin.py:190} INFO - [2026-08-08T01:34:29.827+0000] {dag.py:3239} INFO - Sync 1 DAGs
[2026-08-08T01:34:29.858+0000] {logging_mixin.py:190} INFO - [2026-08-08T01:34:29.858+0000] {dag.py:4180} INFO - Setting next_dagrun for example_weekday_branch_operator to 2026-08-07 00:00:00+00:00, run_after=2026-08-08 00:00:00+00:00
[2026-08-08T01:34:29.883+0000] {processor.py:208} INFO - Processing /home/airflow/.local/lib/python3.12/site-packages/airflow/example_dags/example_branch_day_of_week_operator.py took 0.101 seconds
[2026-08-08T01:35:02.010+0000] {processor.py:186} INFO - Started process (PID=3335) to work on /home/airflow/.local/lib/python3.12/site-packages/airflow/example_dags/example_branch_day_of_week_operator.py
[2026-08-08T01:35:02.011+0000] {processor.py:914} INFO - Processing file /home/airflow/.local/lib/python3.12/site-packages/airflow/example_dags/example_branch_day_of_week_operator.py for tasks to queue
[2026-08-08T01:35:02.016+0000] {logging_mixin.py:190} INFO - [2026-08-08T01:35:02.015+0000] {dagbag.py:588} INFO - Filling up the DagBag from /home/airflow/.local/lib/python3.12/site-packages/airflow/example_dags/example_branch_day_of_week_operator.py
[2026-08-08T01:35:02.040+0000] {processor.py:925} INFO - DAG(s) 'example_weekday_branch_operator' retrieved from /home/airflow/.local/lib/python3.12/site-packages/airflow/example_dags/example_branch_day_of_week_operator.py
[2026-08-08T01:35:02.082+0000] {logging_mixin.py:190} INFO - [2026-08-08T01:35:02.081+0000] {dag.py:3239} INFO - Sync 1 DAGs
[2026-08-08T01:35:02.351+0000] {logging_mixin.py:190} INFO - [2026-08-08T01:35:02.351+0000] {dag.py:4180} INFO - Setting next_dagrun for example_weekday_branch_operator to 2026-08-07 00:00:00+00:00, run_after=2026-08-08 00:00:00+00:00
[2026-08-08T01:35:02.372+0000] {processor.py:208} INFO - Processing /home/airflow/.local/lib/python3.12/site-packages/airflow/example_dags/example_branch_day_of_week_operator.py took 0.370 seconds
[2026-08-08T01:35:33.335+0000] {processor.py:186} INFO - Started process (PID=3400) to work on /home/airflow/.local/lib/python3.12/site-packages/airflow/example_dags/example_branch_day_of_week_operator.py
[2026-08-08T01:35:33.337+0000] {processor.py:914} INFO - Processing file /home/airflow/.local/lib/python3.12/site-packages/airflow/example_dags/example_branch_day_of_week_operator.py for tasks to queue
[2026-08-08T01:35:33.340+0000] {logging_mixin.py:190} INFO - [2026-08-08T01:35:33.339+0000] {dagbag.py:588} INFO - Filling up the DagBag from /home/airflow/.local/lib/python3.12/site-packages/airflow/example_dags/example_branch_day_of_week_operator.py
[2026-08-08T01:35:33.353+0000] {processor.py:925} INFO - DAG(s) 'example_weekday_branch_operator' retrieved from /home/airflow/.local/lib/python3.12/site-packages/airflow/example_dags/example_branch_day_of_week_operator.py
[2026-08-08T01:35:33.378+0000] {logging_mixin.py:190} INFO - [2026-08-08T01:35:33.377+0000] {dag.py:3239} INFO - Sync 1 DAGs
[2026-08-08T01:35:33.583+0000] {logging_mixin.py:190} INFO - [2026-08-08T01:35:33.582+0000] {dag.py:4180} INFO - Setting next_dagrun for example_weekday_branch_operator to 2026-08-07 00:00:00+00:00, run_after=2026-08-08 00:00:00+00:00
[2026-08-08T01:35:33.608+0000] {processor.py:208} INFO - Processing /home/airflow/.local/lib/python3.12/site-packages/airflow/example_dags/example_branch_day_of_week_operator.py took 0.279 seconds
[2026-08-08T01:36:04.575+0000] {processor.py:186} INFO - Started process (PID=3465) to work on /home/airflow/.local/lib/python3.12/site-packages/airflow/example_dags/example_branch_day_of_week_operator.py
[2026-08-08T01:36:04.576+0000] {processor.py:914} INFO - Processing file /home/airflow/.local/lib/python3.12/site-packages/airflow/example_dags/example_branch_day_of_week_operator.py for tasks to queue
[2026-08-08T01:36:04.579+0000] {logging_mixin.py:190} INFO - [2026-08-08T01:36:04.579+0000] {dagbag.py:588} INFO - Filling up the DagBag from /home/airflow/.local/lib/python3.12/site-packages/airflow/example_dags/example_branch_day_of_week_operator.py
[2026-08-08T01:36:04.591+0000] {processor.py:925} INFO - DAG(s) 'example_weekday_branch_operator' retrieved from /home/airflow/.local/lib/python3.12/site-packages/airflow/example_dags/example_branch_day_of_week_operator.py
[2026-08-08T01:36:04.615+0000] {logging_mixin.py:190} INFO - [2026-08-08T01:36:04.615+0000] {dag.py:3239} INFO - Sync 1 DAGs
[2026-08-08T01:36:04.814+0000] {logging_mixin.py:190} INFO - [2026-08-08T01:36:04.813+0000] {dag.py:4180} INFO - Setting next_dagrun for example_weekday_branch_operator to 2026-08-07 00:00:00+00:00, run_after=2026-08-08 00:00:00+00:00
[2026-08-08T01:36:04.835+0000] {processor.py:208} INFO - Processing /home/airflow/.local/lib/python3.12/site-packages/airflow/example_dags/example_branch_day_of_week_operator.py took 0.266 seconds
[2026-08-08T01:36:34.935+0000] {processor.py:186} INFO - Started process (PID=3530) to work on /home/airflow/.local/lib/python3.12/site-packages/airflow/example_dags/example_branch_day_of_week_operator.py
[2026-08-08T01:36:34.936+0000] {processor.py:914} INFO - Processing file /home/airflow/.local/lib/python3.12/site-packages/airflow/example_dags/example_branch_day_of_week_operator.py for tasks to queue
[2026-08-08T01:36:34.939+0000] {logging_mixin.py:190} INFO - [2026-08-08T01:36:34.939+0000] {dagbag.py:588} INFO - Filling up the DagBag from /home/airflow/.local/lib/python3.12/site-packages/airflow/example_dags/example_branch_day_of_week_operator.py
[2026-08-08T01:36:34.950+0000] {processor.py:925} INFO - DAG(s) 'example_weekday_branch_operator' retrieved from /home/airflow/.local/lib/python3.12/site-packages/airflow/example_dags/example_branch_day_of_week_operator.py
[2026-08-08T01:36:34.971+0000] {logging_mixin.py:190} INFO - [2026-08-08T01:36:34.971+0000] {dag.py:3239} INFO - Sync 1 DAGs
[2026-08-08T01:36:34.998+0000] {logging_mixin.py:190} INFO - [2026-08-08T01:36:34.998+0000] {dag.py:4180} INFO - Setting next_dagrun for example_weekday_branch_operator to 2026-08-07 00:00:00+00:00, run_after=2026-08-08 00:00:00+00:00
[2026-08-08T01:36:35.019+0000] {processor.py:208} INFO - Processing /home/airflow/.local/lib/python3.12/site-packages/airflow/example_dags/example_branch_day_of_week_operator.py took 0.091 seconds
[2026-08-08T01:37:06.050+0000] {processor.py:186} INFO - Started process (PID=3595) to work on /home/airflow/.local/lib/python3.12/site-packages/airflow/example_dags/example_branch_day_of_week_operator.py
[2026-08-08T01:37:06.052+0000] {processor.py:914} INFO - Processing file /home/airflow/.local/lib/python3.12/site-packages/airflow/example_dags/example_branch_day_of_week_operator.py for tasks to queue
[2026-08-08T01:37:06.055+0000] {logging_mixin.py:190} INFO - [2026-08-08T01:37:06.054+0000] {dagbag.py:588} INFO - Filling up the DagBag from /home/airflow/.local/lib/python3.12/site-packages/airflow/example_dags/example_branch_day_of_week_operator.py
[2026-08-08T01:37:06.066+0000] {processor.py:925} INFO - DAG(s) 'example_weekday_branch_operator' retrieved from /home/airflow/.local/lib/python3.12/site-packages/airflow/example_dags/example_branch_day_of_week_operator.py
[2026-08-08T01:37:06.089+0000] {logging_mixin.py:190} INFO - [2026-08-08T01:37:06.088+0000] {dag.py:3239} INFO - Sync 1 DAGs
[2026-08-08T01:37:06.120+0000] {logging_mixin.py:190} INFO - [2026-08-08T01:37:06.120+0000] {dag.py:4180} INFO - Setting next_dagrun for example_weekday_branch_operator to 2026-08-07 00:00:00+00:00, run_after=2026-08-08 00:00:00+00:00
[2026-08-08T01:37:06.143+0000] {processor.py:208} INFO - Processing /home/airflow/.local/lib/python3.12/site-packages/airflow/example_dags/example_branch_day_of_week_operator.py took 0.099 seconds
[2026-08-08T01:37:37.636+0000] {processor.py:186} INFO - Started process (PID=3660) to work on /home/airflow/.local/lib/python3.12/site-packages/airflow/example_dags/example_branch_day_of_week_operator.py
[2026-08-08T01:37:37.638+0000] {processor.py:914} INFO - Processing file /home/airflow/.local/lib/python3.12/site-packages/airflow/example_dags/example_branch_day_of_week_operator.py for tasks to queue
[2026-08-08T01:37:37.641+0000] {logging_mixin.py:190} INFO - [2026-08-08T01:37:37.641+0000] {dagbag.py:588} INFO - Filling up the DagBag from /home/airflow/.local/lib/python3.12/site-packages/airflow/example_dags/example_branch_day_of_week_operator.py
[2026-08-08T01:37:37.653+0000] {processor.py:925} INFO - DAG(s) 'example_weekday_branch_operator' retrieved from /home/airflow/.local/lib/python3.12/site-packages/airflow/example_dags/example_branch_day_of_week_operator.py
[2026-08-08T01:37:37.678+0000] {logging_mixin.py:190} INFO - [2026-08-08T01:37:37.678+0000] {dag.py:3239} INFO - Sync 1 DAGs
[2026-08-08T01:37:37.709+0000] {logging_mixin.py:190} INFO - [2026-08-08T01:37:37.709+0000] {dag.py:4180} INFO - Setting next_dagrun for example_weekday_branch_operator to 2026-08-07 00:00:00+00:00, run_after=2026-08-08 00:00:00+00:00
[2026-08-08T01:37:37.732+0000] {processor.py:208} INFO - Processing /home/airflow/.local/lib/python3.12/site-packages/airflow/example_dags/example_branch_day_of_week_operator.py took 0.103 seconds
[2026-08-08T01:38:08.909+0000] {processor.py:186} INFO - Started process (PID=3725) to work on /home/airflow/.local/lib/python3.12/site-packages/airflow/example_dags/example_branch_day_of_week_operator.py
[2026-08-08T01:38:08.911+0000] {processor.py:914} INFO - Processing file /home/airflow/.local/lib/python3.12/site-packages/airflow/example_dags/example_branch_day_of_week_operator.py for tasks to queue
[2026-08-08T01:38:08.915+0000] {logging_mixin.py:190} INFO - [2026-08-08T01:38:08.915+0000] {dagbag.py:588} INFO - Filling up the DagBag from /home/airflow/.local/lib/python3.12/site-packages/airflow/example_dags/example_branch_day_of_week_operator.py
[2026-08-08T01:38:08.929+0000] {processor.py:925} INFO - DAG(s) 'example_weekday_branch_operator' retrieved from /home/airflow/.local/lib/python3.12/site-packages/airflow/example_dags/example_branch_day_of_week_operator.py
[2026-08-08T01:38:08.954+0000] {logging_mixin.py:190} INFO - [2026-08-08T01:38:08.954+0000] {dag.py:3239} INFO - Sync 1 DAGs
[2026-08-08T01:38:08.994+0000] {logging_mixin.py:190} INFO - [2026-08-08T01:38:08.993+0000] {dag.py:4180} INFO - Setting next_dagrun for example_weekday_branch_operator to 2026-08-07 00:00:00+00:00, run_after=2026-08-08 00:00:00+00:00
[2026-08-08T01:38:09.018+0000] {processor.py:208} INFO - Processing /home/airflow/.local/lib/python3.12/site-packages/airflow/example_dags/example_branch_day_of_week_operator.py took 0.116 seconds
[2026-08-08T01:38:39.969+0000] {processor.py:186} INFO - Started process (PID=3790) to work on /home/airflow/.local/lib/python3.12/site-packages/airflow/example_dags/example_branch_day_of_week_operator.py
[2026-08-08T01:38:39.970+0000] {processor.py:914} INFO - Processing file /home/airflow/.local/lib/python3.12/site-packages/airflow/example_dags/example_branch_day_of_week_operator.py for tasks to queue
[2026-08-08T01:38:39.974+0000] {logging_mixin.py:190} INFO - [2026-08-08T01:38:39.973+0000] {dagbag.py:588} INFO - Filling up the DagBag from /home/airflow/.local/lib/python3.12/site-packages/airflow/example_dags/example_branch_day_of_week_operator.py
[2026-08-08T01:38:39.985+0000] {processor.py:925} INFO - DAG(s) 'example_weekday_branch_operator' retrieved from /home/airflow/.local/lib/python3.12/site-packages/airflow/example_dags/example_branch_day_of_week_operator.py
[2026-08-08T01:38:40.014+0000] {logging_mixin.py:190} INFO - [2026-08-08T01:38:40.014+0000] {dag.py:3239} INFO - Sync 1 DAGs
[2026-08-08T01:38:40.047+0000] {logging_mixin.py:190} INFO - [2026-08-08T01:38:40.047+0000] {dag.py:4180} INFO - Setting next_dagrun for example_weekday_branch_operator to 2026-08-07 00:00:00+00:00, run_after=2026-08-08 00:00:00+00:00
[2026-08-08T01:38:40.071+0000] {processor.py:208} INFO - Processing /home/airflow/.local/lib/python3.12/site-packages/airflow/example_dags/example_branch_day_of_week_operator.py took 0.109 seconds
[2026-08-08T01:39:10.761+0000] {processor.py:186} INFO - Started process (PID=3855) to work on /home/airflow/.local/lib/python3.12/site-packages/airflow/example_dags/example_branch_day_of_week_operator.py
[2026-08-08T01:39:10.762+0000] {processor.py:914} INFO - Processing file /home/airflow/.local/lib/python3.12/site-packages/airflow/example_dags/example_branch_day_of_week_operator.py for tasks to queue
[2026-08-08T01:39:10.765+0000] {logging_mixin.py:190} INFO - [2026-08-08T01:39:10.764+0000] {dagbag.py:588} INFO - Filling up the DagBag from /home/airflow/.local/lib/python3.12/site-packages/airflow/example_dags/example_branch_day_of_week_operator.py
[2026-08-08T01:39:10.777+0000] {processor.py:925} INFO - DAG(s) 'example_weekday_branch_operator' retrieved from /home/airflow/.local/lib/python3.12/site-packages/airflow/example_dags/example_branch_day_of_week_operator.py
[2026-08-08T01:39:10.802+0000] {logging_mixin.py:190} INFO - [2026-08-08T01:39:10.802+0000] {dag.py:3239} INFO - Sync 1 DAGs
[2026-08-08T01:39:10.831+0000] {logging_mixin.py:190} INFO - [2026-08-08T01:39:10.831+0000] {dag.py:4180} INFO - Setting next_dagrun for example_weekday_branch_operator to 2026-08-07 00:00:00+00:00, run_after=2026-08-08 00:00:00+00:00
[2026-08-08T01:39:10.858+0000] {processor.py:208} INFO - Processing /home/airflow/.local/lib/python3.12/site-packages/airflow/example_dags/example_branch_day_of_week_operator.py took 0.104 seconds
[2026-08-08T01:39:41.932+0000] {processor.py:186} INFO - Started process (PID=3920) to work on /home/airflow/.local/lib/python3.12/site-packages/airflow/example_dags/example_branch_day_of_week_operator.py
[2026-08-08T01:39:41.934+0000] {processor.py:914} INFO - Processing file /home/airflow/.local/lib/python3.12/site-packages/airflow/example_dags/example_branch_day_of_week_operator.py for tasks to queue
[2026-08-08T01:39:41.937+0000] {logging_mixin.py:190} INFO - [2026-08-08T01:39:41.937+0000] {dagbag.py:588} INFO - Filling up the DagBag from /home/airflow/.local/lib/python3.12/site-packages/airflow/example_dags/example_branch_day_of_week_operator.py
[2026-08-08T01:39:41.950+0000] {processor.py:925} INFO - DAG(s) 'example_weekday_branch_operator' retrieved from /home/airflow/.local/lib/python3.12/site-packages/airflow/example_dags/example_branch_day_of_week_operator.py
[2026-08-08T01:39:41.976+0000] {logging_mixin.py:190} INFO - [2026-08-08T01:39:41.976+0000] {dag.py:3239} INFO - Sync 1 DAGs
[2026-08-08T01:39:42.013+0000] {logging_mixin.py:190} INFO - [2026-08-08T01:39:42.012+0000] {dag.py:4180} INFO - Setting next_dagrun for example_weekday_branch_operator to 2026-08-07 00:00:00+00:00, run_after=2026-08-08 00:00:00+00:00
[2026-08-08T01:39:42.053+0000] {processor.py:208} INFO - Processing /home/airflow/.local/lib/python3.12/site-packages/airflow/example_dags/example_branch_day_of_week_operator.py took 0.129 seconds
[2026-08-08T01:40:12.366+0000] {processor.py:186} INFO - Started process (PID=3985) to work on /home/airflow/.local/lib/python3.12/site-packages/airflow/example_dags/example_branch_day_of_week_operator.py
[2026-08-08T01:40:12.367+0000] {processor.py:914} INFO - Processing file /home/airflow/.local/lib/python3.12/site-packages/airflow/example_dags/example_branch_day_of_week_operator.py for tasks to queue
[2026-08-08T01:40:12.370+0000] {logging_mixin.py:190} INFO - [2026-08-08T01:40:12.370+0000] {dagbag.py:588} INFO - Filling up the DagBag from /home/airflow/.local/lib/python3.12/site-packages/airflow/example_dags/example_branch_day_of_week_operator.py
[2026-08-08T01:40:12.382+0000] {processor.py:925} INFO - DAG(s) 'example_weekday_branch_operator' retrieved from /home/airflow/.local/lib/python3.12/site-packages/airflow/example_dags/example_branch_day_of_week_operator.py
[2026-08-08T01:40:12.405+0000] {logging_mixin.py:190} INFO - [2026-08-08T01:40:12.405+0000] {dag.py:3239} INFO - Sync 1 DAGs
[2026-08-08T01:40:12.433+0000] {logging_mixin.py:190} INFO - [2026-08-08T01:40:12.433+0000] {dag.py:4180} INFO - Setting next_dagrun for example_weekday_branch_operator to 2026-08-07 00:00:00+00:00, run_after=2026-08-08 00:00:00+00:00
[2026-08-08T01:40:12.456+0000] {processor.py:208} INFO - Processing /home/airflow/.local/lib/python3.12/site-packages/airflow/example_dags/example_branch_day_of_week_operator.py took 0.098 seconds
[2026-08-08T01:40:43.771+0000] {processor.py:186} INFO - Started process (PID=4050) to work on /home/airflow/.local/lib/python3.12/site-packages/airflow/example_dags/example_branch_day_of_week_operator.py
[2026-08-08T01:40:43.773+0000] {processor.py:914} INFO - Processing file /home/airflow/.local/lib/python3.12/site-packages/airflow/example_dags/example_branch_day_of_week_operator.py for tasks to queue
[2026-08-08T01:40:43.781+0000] {logging_mixin.py:190} INFO - [2026-08-08T01:40:43.780+0000] {dagbag.py:588} INFO - Filling up the DagBag from /home/airflow/.local/lib/python3.12/site-packages/airflow/example_dags/example_branch_day_of_week_operator.py
[2026-08-08T01:40:43.810+0000] {processor.py:925} INFO - DAG(s) 'example_weekday_branch_operator' retrieved from /home/airflow/.local/lib/python3.12/site-packages/airflow/example_dags/example_branch_day_of_week_operator.py
[2026-08-08T01:40:43.853+0000] {logging_mixin.py:190} INFO - [2026-08-08T01:40:43.852+0000] {dag.py:3239} INFO - Sync 1 DAGs
[2026-08-08T01:40:43.894+0000] {logging_mixin.py:190} INFO - [2026-08-08T01:40:43.893+0000] {dag.py:4180} INFO - Setting next_dagrun for example_weekday_branch_operator to 2026-08-07 00:00:00+00:00, run_after=2026-08-08 00:00:00+00:00
[2026-08-08T01:40:43.934+0000] {processor.py:208} INFO - Processing /home/airflow/.local/lib/python3.12/site-packages/airflow/example_dags/example_branch_day_of_week_operator.py took 0.173 seconds
[2026-08-08T01:41:14.556+0000] {processor.py:186} INFO - Started process (PID=4115) to work on /home/airflow/.local/lib/python3.12/site-packages/airflow/example_dags/example_branch_day_of_week_operator.py
[2026-08-08T01:41:14.558+0000] {processor.py:914} INFO - Processing file /home/airflow/.local/lib/python3.12/site-packages/airflow/example_dags/example_branch_day_of_week_operator.py for tasks to queue
[2026-08-08T01:41:14.561+0000] {logging_mixin.py:190} INFO - [2026-08-08T01:41:14.560+0000] {dagbag.py:588} INFO - Filling up the DagBag from /home/airflow/.local/lib/python3.12/site-packages/airflow/example_dags/example_branch_day_of_week_operator.py
[2026-08-08T01:41:14.572+0000] {processor.py:925} INFO - DAG(s) 'example_weekday_branch_operator' retrieved from /home/airflow/.local/lib/python3.12/site-packages/airflow/example_dags/example_branch_day_of_week_operator.py
[2026-08-08T01:41:14.600+0000] {logging_mixin.py:190} INFO - [2026-08-08T01:41:14.600+0000] {dag.py:3239} INFO - Sync 1 DAGs
[2026-08-08T01:41:14.632+0000] {logging_mixin.py:190} INFO - [2026-08-08T01:41:14.632+0000] {dag.py:4180} INFO - Setting next_dagrun for example_weekday_branch_operator to 2026-08-07 00:00:00+00:00, run_after=2026-08-08 00:00:00+00:00
[2026-08-08T01:41:14.657+0000] {processor.py:208} INFO - Processing /home/airflow/.local/lib/python3.12/site-packages/airflow/example_dags/example_branch_day_of_week_operator.py took 0.108 seconds
[2026-08-08T01:41:45.613+0000] {processor.py:186} INFO - Started process (PID=4180) to work on /home/airflow/.local/lib/python3.12/site-packages/airflow/example_dags/example_branch_day_of_week_operator.py
[2026-08-08T01:41:45.614+0000] {processor.py:914} INFO - Processing file /home/airflow/.local/lib/python3.12/site-packages/airflow/example_dags/example_branch_day_of_week_operator.py for tasks to queue
[2026-08-08T01:41:45.617+0000] {logging_mixin.py:190} INFO - [2026-08-08T01:41:45.617+0000] {dagbag.py:588} INFO - Filling up the DagBag from /home/airflow/.local/lib/python3.12/site-packages/airflow/example_dags/example_branch_day_of_week_operator.py
[2026-08-08T01:41:45.634+0000] {processor.py:925} INFO - DAG(s) 'example_weekday_branch_operator' retrieved from /home/airflow/.local/lib/python3.12/site-packages/airflow/example_dags/example_branch_day_of_week_operator.py
[2026-08-08T01:41:45.661+0000] {logging_mixin.py:190} INFO - [2026-08-08T01:41:45.661+0000] {dag.py:3239} INFO - Sync 1 DAGs
[2026-08-08T01:41:45.695+0000] {logging_mixin.py:190} INFO - [2026-08-08T01:41:45.695+0000] {dag.py:4180} INFO - Setting next_dagrun for example_weekday_branch_operator to 2026-08-07 00:00:00+00:00, run_after=2026-08-08 00:00:00+00:00
[2026-08-08T01:41:45.719+0000] {processor.py:208} INFO - Processing /home/airflow/.local/lib/python3.12/site-packages/airflow/example_dags/example_branch_day_of_week_operator.py took 0.112 seconds
[2026-08-08T01:42:16.041+0000] {processor.py:186} INFO - Started process (PID=4245) to work on /home/airflow/.local/lib/python3.12/site-packages/airflow/example_dags/example_branch_day_of_week_operator.py
[2026-08-08T01:42:16.042+0000] {processor.py:914} INFO - Processing file /home/airflow/.local/lib/python3.12/site-packages/airflow/example_dags/example_branch_day_of_week_operator.py for tasks to queue
[2026-08-08T01:42:16.046+0000] {logging_mixin.py:190} INFO - [2026-08-08T01:42:16.045+0000] {dagbag.py:588} INFO - Filling up the DagBag from /home/airflow/.local/lib/python3.12/site-packages/airflow/example_dags/example_branch_day_of_week_operator.py
[2026-08-08T01:42:16.057+0000] {processor.py:925} INFO - DAG(s) 'example_weekday_branch_operator' retrieved from /home/airflow/.local/lib/python3.12/site-packages/airflow/example_dags/example_branch_day_of_week_operator.py
[2026-08-08T01:42:16.080+0000] {logging_mixin.py:190} INFO - [2026-08-08T01:42:16.080+0000] {dag.py:3239} INFO - Sync 1 DAGs
[2026-08-08T01:42:16.108+0000] {logging_mixin.py:190} INFO - [2026-08-08T01:42:16.108+0000] {dag.py:4180} INFO - Setting next_dagrun for example_weekday_branch_operator to 2026-08-07 00:00:00+00:00, run_after=2026-08-08 00:00:00+00:00
[2026-08-08T01:42:16.129+0000] {processor.py:208} INFO - Processing /home/airflow/.local/lib/python3.12/site-packages/airflow/example_dags/example_branch_day_of_week_operator.py took 0.095 seconds
[2026-08-08T01:42:47.597+0000] {processor.py:186} INFO - Started process (PID=4310) to work on /home/airflow/.local/lib/python3.12/site-packages/airflow/example_dags/example_branch_day_of_week_operator.py
[2026-08-08T01:42:47.598+0000] {processor.py:914} INFO - Processing file /home/airflow/.local/lib/python3.12/site-packages/airflow/example_dags/example_branch_day_of_week_operator.py for tasks to queue
[2026-08-08T01:42:47.602+0000] {logging_mixin.py:190} INFO - [2026-08-08T01:42:47.601+0000] {dagbag.py:588} INFO - Filling up the DagBag from /home/airflow/.local/lib/python3.12/site-packages/airflow/example_dags/example_branch_day_of_week_operator.py
[2026-08-08T01:42:47.614+0000] {processor.py:925} INFO - DAG(s) 'example_weekday_branch_operator' retrieved from /home/airflow/.local/lib/python3.12/site-packages/airflow/example_dags/example_branch_day_of_week_operator.py
[2026-08-08T01:42:47.640+0000] {logging_mixin.py:190} INFO - [2026-08-08T01:42:47.640+0000] {dag.py:3239} INFO - Sync 1 DAGs
[2026-08-08T01:42:47.670+0000] {logging_mixin.py:190} INFO - [2026-08-08T01:42:47.670+0000] {dag.py:4180} INFO - Setting next_dagrun for example_weekday_branch_operator to 2026-08-07 00:00:00+00:00, run_after=2026-08-08 00:00:00+00:00
[2026-08-08T01:42:47.696+0000] {processor.py:208} INFO - Processing /home/airflow/.local/lib/python3.12/site-packages/airflow/example_dags/example_branch_day_of_week_operator.py took 0.105 seconds
[2026-08-08T01:43:18.656+0000] {processor.py:186} INFO - Started process (PID=4375) to work on /home/airflow/.local/lib/python3.12/site-packages/airflow/example_dags/example_branch_day_of_week_operator.py
[2026-08-08T01:43:18.657+0000] {processor.py:914} INFO - Processing file /home/airflow/.local/lib/python3.12/site-packages/airflow/example_dags/example_branch_day_of_week_operator.py for tasks to queue
[2026-08-08T01:43:18.661+0000] {logging_mixin.py:190} INFO - [2026-08-08T01:43:18.660+0000] {dagbag.py:588} INFO - Filling up the DagBag from /home/airflow/.local/lib/python3.12/site-packages/airflow/example_dags/example_branch_day_of_week_operator.py
[2026-08-08T01:43:18.672+0000] {processor.py:925} INFO - DAG(s) 'example_weekday_branch_operator' retrieved from /home/airflow/.local/lib/python3.12/site-packages/airflow/example_dags/example_branch_day_of_week_operator.py
[2026-08-08T01:43:18.694+0000] {logging_mixin.py:190} INFO - [2026-08-08T01:43:18.693+0000] {dag.py:3239} INFO - Sync 1 DAGs
[2026-08-08T01:43:18.724+0000] {logging_mixin.py:190} INFO - [2026-08-08T01:43:18.723+0000] {dag.py:4180} INFO - Setting next_dagrun for example_weekday_branch_operator to 2026-08-07 00:00:00+00:00, run_after=2026-08-08 00:00:00+00:00
[2026-08-08T01:43:18.746+0000] {processor.py:208} INFO - Processing /home/airflow/.local/lib/python3.12/site-packages/airflow/example_dags/example_branch_day_of_week_operator.py took 0.096 seconds
[2026-08-08T01:43:49.862+0000] {processor.py:186} INFO - Started process (PID=4440) to work on /home/airflow/.local/lib/python3.12/site-packages/airflow/example_dags/example_branch_day_of_week_operator.py
[2026-08-08T01:43:49.864+0000] {processor.py:914} INFO - Processing file /home/airflow/.local/lib/python3.12/site-packages/airflow/example_dags/example_branch_day_of_week_operator.py for tasks to queue
[2026-08-08T01:43:49.868+0000] {logging_mixin.py:190} INFO - [2026-08-08T01:43:49.867+0000] {dagbag.py:588} INFO - Filling up the DagBag from /home/airflow/.local/lib/python3.12/site-packages/airflow/example_dags/example_branch_day_of_week_operator.py
[2026-08-08T01:43:49.879+0000] {processor.py:925} INFO - DAG(s) 'example_weekday_branch_operator' retrieved from /home/airflow/.local/lib/python3.12/site-packages/airflow/example_dags/example_branch_day_of_week_operator.py
[2026-08-08T01:43:49.902+0000] {logging_mixin.py:190} INFO - [2026-08-08T01:43:49.902+0000] {dag.py:3239} INFO - Sync 1 DAGs
[2026-08-08T01:43:49.936+0000] {logging_mixin.py:190} INFO - [2026-08-08T01:43:49.936+0000] {dag.py:4180} INFO - Setting next_dagrun for example_weekday_branch_operator to 2026-08-07 00:00:00+00:00, run_after=2026-08-08 00:00:00+00:00
[2026-08-08T01:43:49.969+0000] {processor.py:208} INFO - Processing /home/airflow/.local/lib/python3.12/site-packages/airflow/example_dags/example_branch_day_of_week_operator.py took 0.114 seconds
[2026-08-08T01:44:20.568+0000] {processor.py:186} INFO - Started process (PID=4506) to work on /home/airflow/.local/lib/python3.12/site-packages/airflow/example_dags/example_branch_day_of_week_operator.py
[2026-08-08T01:44:20.569+0000] {processor.py:914} INFO - Processing file /home/airflow/.local/lib/python3.12/site-packages/airflow/example_dags/example_branch_day_of_week_operator.py for tasks to queue
[2026-08-08T01:44:20.572+0000] {logging_mixin.py:190} INFO - [2026-08-08T01:44:20.572+0000] {dagbag.py:588} INFO - Filling up the DagBag from /home/airflow/.local/lib/python3.12/site-packages/airflow/example_dags/example_branch_day_of_week_operator.py
[2026-08-08T01:44:20.586+0000] {processor.py:925} INFO - DAG(s) 'example_weekday_branch_operator' retrieved from /home/airflow/.local/lib/python3.12/site-packages/airflow/example_dags/example_branch_day_of_week_operator.py
[2026-08-08T01:44:20.608+0000] {logging_mixin.py:190} INFO - [2026-08-08T01:44:20.608+0000] {dag.py:3239} INFO - Sync 1 DAGs
[2026-08-08T01:44:20.637+0000] {logging_mixin.py:190} INFO - [2026-08-08T01:44:20.636+0000] {dag.py:4180} INFO - Setting next_dagrun for example_weekday_branch_operator to 2026-08-07 00:00:00+00:00, run_after=2026-08-08 00:00:00+00:00
[2026-08-08T01:44:20.659+0000] {processor.py:208} INFO - Processing /home/airflow/.local/lib/python3.12/site-packages/airflow/example_dags/example_branch_day_of_week_operator.py took 0.099 seconds
[2026-08-08T01:44:52.152+0000] {processor.py:186} INFO - Started process (PID=4571) to work on /home/airflow/.local/lib/python3.12/site-packages/airflow/example_dags/example_branch_day_of_week_operator.py
[2026-08-08T01:44:52.155+0000] {processor.py:914} INFO - Processing file /home/airflow/.local/lib/python3.12/site-packages/airflow/example_dags/example_branch_day_of_week_operator.py for tasks to queue
[2026-08-08T01:44:52.161+0000] {logging_mixin.py:190} INFO - [2026-08-08T01:44:52.160+0000] {dagbag.py:588} INFO - Filling up the DagBag from /home/airflow/.local/lib/python3.12/site-packages/airflow/example_dags/example_branch_day_of_week_operator.py
[2026-08-08T01:44:52.186+0000] {processor.py:925} INFO - DAG(s) 'example_weekday_branch_operator' retrieved from /home/airflow/.local/lib/python3.12/site-packages/airflow/example_dags/example_branch_day_of_week_operator.py
[2026-08-08T01:44:52.215+0000] {logging_mixin.py:190} INFO - [2026-08-08T01:44:52.215+0000] {dag.py:3239} INFO - Sync 1 DAGs
[2026-08-08T01:44:52.249+0000] {logging_mixin.py:190} INFO - [2026-08-08T01:44:52.249+0000] {dag.py:4180} INFO - Setting next_dagrun for example_weekday_branch_operator to 2026-08-07 00:00:00+00:00, run_after=2026-08-08 00:00:00+00:00
[2026-08-08T01:44:52.272+0000] {processor.py:208} INFO - Processing /home/airflow/.local/lib/python3.12/site-packages/airflow/example_dags/example_branch_day_of_week_operator.py took 0.136 seconds
[2026-08-08T01:45:23.369+0000] {processor.py:186} INFO - Started process (PID=4636) to work on /home/airflow/.local/lib/python3.12/site-packages/airflow/example_dags/example_branch_day_of_week_operator.py
[2026-08-08T01:45:23.370+0000] {processor.py:914} INFO - Processing file /home/airflow/.local/lib/python3.12/site-packages/airflow/example_dags/example_branch_day_of_week_operator.py for tasks to queue
[2026-08-08T01:45:23.374+0000] {logging_mixin.py:190} INFO - [2026-08-08T01:45:23.374+0000] {dagbag.py:588} INFO - Filling up the DagBag from /home/airflow/.local/lib/python3.12/site-packages/airflow/example_dags/example_branch_day_of_week_operator.py
[2026-08-08T01:45:23.385+0000] {processor.py:925} INFO - DAG(s) 'example_weekday_branch_operator' retrieved from /home/airflow/.local/lib/python3.12/site-packages/airflow/example_dags/example_branch_day_of_week_operator.py
[2026-08-08T01:45:23.405+0000] {logging_mixin.py:190} INFO - [2026-08-08T01:45:23.404+0000] {dag.py:3239} INFO - Sync 1 DAGs
[2026-08-08T01:45:23.431+0000] {logging_mixin.py:190} INFO - [2026-08-08T01:45:23.430+0000] {dag.py:4180} INFO - Setting next_dagrun for example_weekday_branch_operator to 2026-08-07 00:00:00+00:00, run_after=2026-08-08 00:00:00+00:00
[2026-08-08T01:45:23.451+0000] {processor.py:208} INFO - Processing /home/airflow/.local/lib/python3.12/site-packages/airflow/example_dags/example_branch_day_of_week_operator.py took 0.090 seconds
[2026-08-08T01:45:54.699+0000] {processor.py:186} INFO - Started process (PID=4701) to work on /home/airflow/.local/lib/python3.12/site-packages/airflow/example_dags/example_branch_day_of_week_operator.py
[2026-08-08T01:45:54.700+0000] {processor.py:914} INFO - Processing file /home/airflow/.local/lib/python3.12/site-packages/airflow/example_dags/example_branch_day_of_week_operator.py for tasks to queue
[2026-08-08T01:45:54.703+0000] {logging_mixin.py:190} INFO - [2026-08-08T01:45:54.703+0000] {dagbag.py:588} INFO - Filling up the DagBag from /home/airflow/.local/lib/python3.12/site-packages/airflow/example_dags/example_branch_day_of_week_operator.py
[2026-08-08T01:45:54.715+0000] {processor.py:925} INFO - DAG(s) 'example_weekday_branch_operator' retrieved from /home/airflow/.local/lib/python3.12/site-packages/airflow/example_dags/example_branch_day_of_week_operator.py
[2026-08-08T01:45:54.737+0000] {logging_mixin.py:190} INFO - [2026-08-08T01:45:54.737+0000] {dag.py:3239} INFO - Sync 1 DAGs
[2026-08-08T01:45:54.765+0000] {logging_mixin.py:190} INFO - [2026-08-08T01:45:54.765+0000] {dag.py:4180} INFO - Setting next_dagrun for example_weekday_branch_operator to 2026-08-07 00:00:00+00:00, run_after=2026-08-08 00:00:00+00:00
[2026-08-08T01:45:54.786+0000] {processor.py:208} INFO - Processing /home/airflow/.local/lib/python3.12/site-packages/airflow/example_dags/example_branch_day_of_week_operator.py took 0.093 seconds
[2026-08-08T01:46:26.010+0000] {processor.py:186} INFO - Started process (PID=4766) to work on /home/airflow/.local/lib/python3.12/site-packages/airflow/example_dags/example_branch_day_of_week_operator.py
[2026-08-08T01:46:26.012+0000] {processor.py:914} INFO - Processing file /home/airflow/.local/lib/python3.12/site-packages/airflow/example_dags/example_branch_day_of_week_operator.py for tasks to queue
[2026-08-08T01:46:26.015+0000] {logging_mixin.py:190} INFO - [2026-08-08T01:46:26.015+0000] {dagbag.py:588} INFO - Filling up the DagBag from /home/airflow/.local/lib/python3.12/site-packages/airflow/example_dags/example_branch_day_of_week_operator.py
[2026-08-08T01:46:26.026+0000] {processor.py:925} INFO - DAG(s) 'example_weekday_branch_operator' retrieved from /home/airflow/.local/lib/python3.12/site-packages/airflow/example_dags/example_branch_day_of_week_operator.py
[2026-08-08T01:46:26.049+0000] {logging_mixin.py:190} INFO - [2026-08-08T01:46:26.048+0000] {dag.py:3239} INFO - Sync 1 DAGs
[2026-08-08T01:46:26.075+0000] {logging_mixin.py:190} INFO - [2026-08-08T01:46:26.074+0000] {dag.py:4180} INFO - Setting next_dagrun for example_weekday_branch_operator to 2026-08-07 00:00:00+00:00, run_after=2026-08-08 00:00:00+00:00
[2026-08-08T01:46:26.096+0000] {processor.py:208} INFO - Processing /home/airflow/.local/lib/python3.12/site-packages/airflow/example_dags/example_branch_day_of_week_operator.py took 0.092 seconds
[2026-08-08T01:46:57.311+0000] {processor.py:186} INFO - Started process (PID=4838) to work on /home/airflow/.local/lib/python3.12/site-packages/airflow/example_dags/example_branch_day_of_week_operator.py
[2026-08-08T01:46:57.312+0000] {processor.py:914} INFO - Processing file /home/airflow/.local/lib/python3.12/site-packages/airflow/example_dags/example_branch_day_of_week_operator.py for tasks to queue
[2026-08-08T01:46:57.315+0000] {logging_mixin.py:190} INFO - [2026-08-08T01:46:57.315+0000] {dagbag.py:588} INFO - Filling up the DagBag from /home/airflow/.local/lib/python3.12/site-packages/airflow/example_dags/example_branch_day_of_week_operator.py
[2026-08-08T01:46:57.327+0000] {processor.py:925} INFO - DAG(s) 'example_weekday_branch_operator' retrieved from /home/airflow/.local/lib/python3.12/site-packages/airflow/example_dags/example_branch_day_of_week_operator.py
[2026-08-08T01:46:57.350+0000] {logging_mixin.py:190} INFO - [2026-08-08T01:46:57.350+0000] {dag.py:3239} INFO - Sync 1 DAGs
[2026-08-08T01:46:57.382+0000] {logging_mixin.py:190} INFO - [2026-08-08T01:46:57.381+0000] {dag.py:4180} INFO - Setting next_dagrun for example_weekday_branch_operator to 2026-08-07 00:00:00+00:00, run_after=2026-08-08 00:00:00+00:00
[2026-08-08T01:46:57.412+0000] {processor.py:208} INFO - Processing /home/airflow/.local/lib/python3.12/site-packages/airflow/example_dags/example_branch_day_of_week_operator.py took 0.110 seconds
[2026-08-08T01:47:28.833+0000] {processor.py:186} INFO - Started process (PID=4903) to work on /home/airflow/.local/lib/python3.12/site-packages/airflow/example_dags/example_branch_day_of_week_operator.py
[2026-08-08T01:47:28.835+0000] {processor.py:914} INFO - Processing file /home/airflow/.local/lib/python3.12/site-packages/airflow/example_dags/example_branch_day_of_week_operator.py for tasks to queue
[2026-08-08T01:47:28.838+0000] {logging_mixin.py:190} INFO - [2026-08-08T01:47:28.837+0000] {dagbag.py:588} INFO - Filling up the DagBag from /home/airflow/.local/lib/python3.12/site-packages/airflow/example_dags/example_branch_day_of_week_operator.py
[2026-08-08T01:47:28.848+0000] {processor.py:925} INFO - DAG(s) 'example_weekday_branch_operator' retrieved from /home/airflow/.local/lib/python3.12/site-packages/airflow/example_dags/example_branch_day_of_week_operator.py
[2026-08-08T01:47:28.869+0000] {logging_mixin.py:190} INFO - [2026-08-08T01:47:28.869+0000] {dag.py:3239} INFO - Sync 1 DAGs
[2026-08-08T01:47:28.898+0000] {logging_mixin.py:190} INFO - [2026-08-08T01:47:28.898+0000] {dag.py:4180} INFO - Setting next_dagrun for example_weekday_branch_operator to 2026-08-07 00:00:00+00:00, run_after=2026-08-08 00:00:00+00:00
[2026-08-08T01:47:28.921+0000] {processor.py:208} INFO - Processing /home/airflow/.local/lib/python3.12/site-packages/airflow/example_dags/example_branch_day_of_week_operator.py took 0.094 seconds
[2026-08-08T01:48:00.098+0000] {processor.py:186} INFO - Started process (PID=4968) to work on /home/airflow/.local/lib/python3.12/site-packages/airflow/example_dags/example_branch_day_of_week_operator.py
[2026-08-08T01:48:00.100+0000] {processor.py:914} INFO - Processing file /home/airflow/.local/lib/python3.12/site-packages/airflow/example_dags/example_branch_day_of_week_operator.py for tasks to queue
[2026-08-08T01:48:00.104+0000] {logging_mixin.py:190} INFO - [2026-08-08T01:48:00.103+0000] {dagbag.py:588} INFO - Filling up the DagBag from /home/airflow/.local/lib/python3.12/site-packages/airflow/example_dags/example_branch_day_of_week_operator.py
[2026-08-08T01:48:00.117+0000] {processor.py:925} INFO - DAG(s) 'example_weekday_branch_operator' retrieved from /home/airflow/.local/lib/python3.12/site-packages/airflow/example_dags/example_branch_day_of_week_operator.py
[2026-08-08T01:48:00.143+0000] {logging_mixin.py:190} INFO - [2026-08-08T01:48:00.142+0000] {dag.py:3239} INFO - Sync 1 DAGs
[2026-08-08T01:48:00.172+0000] {logging_mixin.py:190} INFO - [2026-08-08T01:48:00.172+0000] {dag.py:4180} INFO - Setting next_dagrun for example_weekday_branch_operator to 2026-08-07 00:00:00+00:00, run_after=2026-08-08 00:00:00+00:00
[2026-08-08T01:48:00.194+0000] {processor.py:208} INFO - Processing /home/airflow/.local/lib/python3.12/site-packages/airflow/example_dags/example_branch_day_of_week_operator.py took 0.103 seconds
[2026-08-08T01:48:31.748+0000] {processor.py:186} INFO - Started process (PID=5036) to work on /home/airflow/.local/lib/python3.12/site-packages/airflow/example_dags/example_branch_day_of_week_operator.py
[2026-08-08T01:48:31.750+0000] {processor.py:914} INFO - Processing file /home/airflow/.local/lib/python3.12/site-packages/airflow/example_dags/example_branch_day_of_week_operator.py for tasks to queue
[2026-08-08T01:48:31.752+0000] {logging_mixin.py:190} INFO - [2026-08-08T01:48:31.752+0000] {dagbag.py:588} INFO - Filling up the DagBag from /home/airflow/.local/lib/python3.12/site-packages/airflow/example_dags/example_branch_day_of_week_operator.py
[2026-08-08T01:48:31.763+0000] {processor.py:925} INFO - DAG(s) 'example_weekday_branch_operator' retrieved from /home/airflow/.local/lib/python3.12/site-packages/airflow/example_dags/example_branch_day_of_week_operator.py
[2026-08-08T01:48:31.786+0000] {logging_mixin.py:190} INFO - [2026-08-08T01:48:31.786+0000] {dag.py:3239} INFO - Sync 1 DAGs
[2026-08-08T01:48:31.817+0000] {logging_mixin.py:190} INFO - [2026-08-08T01:48:31.816+0000] {dag.py:4180} INFO - Setting next_dagrun for example_weekday_branch_operator to 2026-08-07 00:00:00+00:00, run_after=2026-08-08 00:00:00+00:00
[2026-08-08T01:48:31.838+0000] {processor.py:208} INFO - Processing /home/airflow/.local/lib/python3.12/site-packages/airflow/example_dags/example_branch_day_of_week_operator.py took 0.096 seconds
[2026-08-08T01:49:03.285+0000] {processor.py:186} INFO - Started process (PID=5102) to work on /home/airflow/.local/lib/python3.12/site-packages/airflow/example_dags/example_branch_day_of_week_operator.py
[2026-08-08T01:49:03.286+0000] {processor.py:914} INFO - Processing file /home/airflow/.local/lib/python3.12/site-packages/airflow/example_dags/example_branch_day_of_week_operator.py for tasks to queue
[2026-08-08T01:49:03.289+0000] {logging_mixin.py:190} INFO - [2026-08-08T01:49:03.288+0000] {dagbag.py:588} INFO - Filling up the DagBag from /home/airflow/.local/lib/python3.12/site-packages/airflow/example_dags/example_branch_day_of_week_operator.py
[2026-08-08T01:49:03.300+0000] {processor.py:925} INFO - DAG(s) 'example_weekday_branch_operator' retrieved from /home/airflow/.local/lib/python3.12/site-packages/airflow/example_dags/example_branch_day_of_week_operator.py
[2026-08-08T01:49:03.323+0000] {logging_mixin.py:190} INFO - [2026-08-08T01:49:03.323+0000] {dag.py:3239} INFO - Sync 1 DAGs
[2026-08-08T01:49:03.356+0000] {logging_mixin.py:190} INFO - [2026-08-08T01:49:03.355+0000] {dag.py:4180} INFO - Setting next_dagrun for example_weekday_branch_operator to 2026-08-07 00:00:00+00:00, run_after=2026-08-08 00:00:00+00:00
[2026-08-08T01:49:03.377+0000] {processor.py:208} INFO - Processing /home/airflow/.local/lib/python3.12/site-packages/airflow/example_dags/example_branch_day_of_week_operator.py took 0.099 seconds
[2026-08-08T01:49:34.329+0000] {processor.py:186} INFO - Started process (PID=5167) to work on /home/airflow/.local/lib/python3.12/site-packages/airflow/example_dags/example_branch_day_of_week_operator.py
[2026-08-08T01:49:34.330+0000] {processor.py:914} INFO - Processing file /home/airflow/.local/lib/python3.12/site-packages/airflow/example_dags/example_branch_day_of_week_operator.py for tasks to queue
[2026-08-08T01:49:34.335+0000] {logging_mixin.py:190} INFO - [2026-08-08T01:49:34.334+0000] {dagbag.py:588} INFO - Filling up the DagBag from /home/airflow/.local/lib/python3.12/site-packages/airflow/example_dags/example_branch_day_of_week_operator.py
[2026-08-08T01:49:34.351+0000] {processor.py:925} INFO - DAG(s) 'example_weekday_branch_operator' retrieved from /home/airflow/.local/lib/python3.12/site-packages/airflow/example_dags/example_branch_day_of_week_operator.py
[2026-08-08T01:49:34.380+0000] {logging_mixin.py:190} INFO - [2026-08-08T01:49:34.380+0000] {dag.py:3239} INFO - Sync 1 DAGs
[2026-08-08T01:49:34.412+0000] {logging_mixin.py:190} INFO - [2026-08-08T01:49:34.412+0000] {dag.py:4180} INFO - Setting next_dagrun for example_weekday_branch_operator to 2026-08-07 00:00:00+00:00, run_after=2026-08-08 00:00:00+00:00
[2026-08-08T01:49:34.434+0000] {processor.py:208} INFO - Processing /home/airflow/.local/lib/python3.12/site-packages/airflow/example_dags/example_branch_day_of_week_operator.py took 0.111 seconds
[2026-08-08T01:50:06.081+0000] {processor.py:186} INFO - Started process (PID=5237) to work on /home/airflow/.local/lib/python3.12/site-packages/airflow/example_dags/example_branch_day_of_week_operator.py
[2026-08-08T01:50:06.083+0000] {processor.py:914} INFO - Processing file /home/airflow/.local/lib/python3.12/site-packages/airflow/example_dags/example_branch_day_of_week_operator.py for tasks to queue
[2026-08-08T01:50:06.086+0000] {logging_mixin.py:190} INFO - [2026-08-08T01:50:06.086+0000] {dagbag.py:588} INFO - Filling up the DagBag from /home/airflow/.local/lib/python3.12/site-packages/airflow/example_dags/example_branch_day_of_week_operator.py
[2026-08-08T01:50:06.098+0000] {processor.py:925} INFO - DAG(s) 'example_weekday_branch_operator' retrieved from /home/airflow/.local/lib/python3.12/site-packages/airflow/example_dags/example_branch_day_of_week_operator.py
[2026-08-08T01:50:06.120+0000] {logging_mixin.py:190} INFO - [2026-08-08T01:50:06.120+0000] {dag.py:3239} INFO - Sync 1 DAGs
[2026-08-08T01:50:06.149+0000] {logging_mixin.py:190} INFO - [2026-08-08T01:50:06.148+0000] {dag.py:4180} INFO - Setting next_dagrun for example_weekday_branch_operator to 2026-08-07 00:00:00+00:00, run_after=2026-08-08 00:00:00+00:00
[2026-08-08T01:50:06.170+0000] {processor.py:208} INFO - Processing /home/airflow/.local/lib/python3.12/site-packages/airflow/example_dags/example_branch_day_of_week_operator.py took 0.096 seconds
[2026-08-08T01:50:37.245+0000] {processor.py:186} INFO - Started process (PID=5302) to work on /home/airflow/.local/lib/python3.12/site-packages/airflow/example_dags/example_branch_day_of_week_operator.py
[2026-08-08T01:50:37.246+0000] {processor.py:914} INFO - Processing file /home/airflow/.local/lib/python3.12/site-packages/airflow/example_dags/example_branch_day_of_week_operator.py for tasks to queue
[2026-08-08T01:50:37.250+0000] {logging_mixin.py:190} INFO - [2026-08-08T01:50:37.249+0000] {dagbag.py:588} INFO - Filling up the DagBag from /home/airflow/.local/lib/python3.12/site-packages/airflow/example_dags/example_branch_day_of_week_operator.py
[2026-08-08T01:50:37.263+0000] {processor.py:925} INFO - DAG(s) 'example_weekday_branch_operator' retrieved from /home/airflow/.local/lib/python3.12/site-packages/airflow/example_dags/example_branch_day_of_week_operator.py
[2026-08-08T01:50:37.286+0000] {logging_mixin.py:190} INFO - [2026-08-08T01:50:37.286+0000] {dag.py:3239} INFO - Sync 1 DAGs
[2026-08-08T01:50:37.316+0000] {logging_mixin.py:190} INFO - [2026-08-08T01:50:37.316+0000] {dag.py:4180} INFO - Setting next_dagrun for example_weekday_branch_operator to 2026-08-07 00:00:00+00:00, run_after=2026-08-08 00:00:00+00:00
[2026-08-08T01:50:37.340+0000] {processor.py:208} INFO - Processing /home/airflow/.local/lib/python3.12/site-packages/airflow/example_dags/example_branch_day_of_week_operator.py took 0.103 seconds
[2026-08-08T01:51:08.594+0000] {processor.py:186} INFO - Started process (PID=5368) to work on /home/airflow/.local/lib/python3.12/site-packages/airflow/example_dags/example_branch_day_of_week_operator.py
[2026-08-08T01:51:08.596+0000] {processor.py:914} INFO - Processing file /home/airflow/.local/lib/python3.12/site-packages/airflow/example_dags/example_branch_day_of_week_operator.py for tasks to queue
[2026-08-08T01:51:08.599+0000] {logging_mixin.py:190} INFO - [2026-08-08T01:51:08.598+0000] {dagbag.py:588} INFO - Filling up the DagBag from /home/airflow/.local/lib/python3.12/site-packages/airflow/example_dags/example_branch_day_of_week_operator.py
[2026-08-08T01:51:08.610+0000] {processor.py:925} INFO - DAG(s) 'example_weekday_branch_operator' retrieved from /home/airflow/.local/lib/python3.12/site-packages/airflow/example_dags/example_branch_day_of_week_operator.py
[2026-08-08T01:51:08.631+0000] {logging_mixin.py:190} INFO - [2026-08-08T01:51:08.631+0000] {dag.py:3239} INFO - Sync 1 DAGs
[2026-08-08T01:51:08.659+0000] {logging_mixin.py:190} INFO - [2026-08-08T01:51:08.659+0000] {dag.py:4180} INFO - Setting next_dagrun for example_weekday_branch_operator to 2026-08-07 00:00:00+00:00, run_after=2026-08-08 00:00:00+00:00
[2026-08-08T01:51:08.679+0000] {processor.py:208} INFO - Processing /home/airflow/.local/lib/python3.12/site-packages/airflow/example_dags/example_branch_day_of_week_operator.py took 0.092 seconds
[2026-08-08T01:51:40.584+0000] {processor.py:186} INFO - Started process (PID=5437) to work on /home/airflow/.local/lib/python3.12/site-packages/airflow/example_dags/example_branch_day_of_week_operator.py
[2026-08-08T01:51:40.585+0000] {processor.py:914} INFO - Processing file /home/airflow/.local/lib/python3.12/site-packages/airflow/example_dags/example_branch_day_of_week_operator.py for tasks to queue
[2026-08-08T01:51:40.589+0000] {logging_mixin.py:190} INFO - [2026-08-08T01:51:40.588+0000] {dagbag.py:588} INFO - Filling up the DagBag from /home/airflow/.local/lib/python3.12/site-packages/airflow/example_dags/example_branch_day_of_week_operator.py
[2026-08-08T01:51:40.601+0000] {processor.py:925} INFO - DAG(s) 'example_weekday_branch_operator' retrieved from /home/airflow/.local/lib/python3.12/site-packages/airflow/example_dags/example_branch_day_of_week_operator.py
[2026-08-08T01:51:40.623+0000] {logging_mixin.py:190} INFO - [2026-08-08T01:51:40.622+0000] {dag.py:3239} INFO - Sync 1 DAGs
[2026-08-08T01:51:40.651+0000] {logging_mixin.py:190} INFO - [2026-08-08T01:51:40.650+0000] {dag.py:4180} INFO - Setting next_dagrun for example_weekday_branch_operator to 2026-08-07 00:00:00+00:00, run_after=2026-08-08 00:00:00+00:00
[2026-08-08T01:51:40.673+0000] {processor.py:208} INFO - Processing /home/airflow/.local/lib/python3.12/site-packages/airflow/example_dags/example_branch_day_of_week_operator.py took 0.095 seconds
[2026-08-08T01:52:12.322+0000] {processor.py:186} INFO - Started process (PID=5504) to work on /home/airflow/.local/lib/python3.12/site-packages/airflow/example_dags/example_branch_day_of_week_operator.py
[2026-08-08T01:52:12.323+0000] {processor.py:914} INFO - Processing file /home/airflow/.local/lib/python3.12/site-packages/airflow/example_dags/example_branch_day_of_week_operator.py for tasks to queue
[2026-08-08T01:52:12.327+0000] {logging_mixin.py:190} INFO - [2026-08-08T01:52:12.326+0000] {dagbag.py:588} INFO - Filling up the DagBag from /home/airflow/.local/lib/python3.12/site-packages/airflow/example_dags/example_branch_day_of_week_operator.py
[2026-08-08T01:52:12.337+0000] {processor.py:925} INFO - DAG(s) 'example_weekday_branch_operator' retrieved from /home/airflow/.local/lib/python3.12/site-packages/airflow/example_dags/example_branch_day_of_week_operator.py
[2026-08-08T01:52:12.360+0000] {logging_mixin.py:190} INFO - [2026-08-08T01:52:12.360+0000] {dag.py:3239} INFO - Sync 1 DAGs
[2026-08-08T01:52:12.390+0000] {logging_mixin.py:190} INFO - [2026-08-08T01:52:12.389+0000] {dag.py:4180} INFO - Setting next_dagrun for example_weekday_branch_operator to 2026-08-07 00:00:00+00:00, run_after=2026-08-08 00:00:00+00:00
[2026-08-08T01:52:12.411+0000] {processor.py:208} INFO - Processing /home/airflow/.local/lib/python3.12/site-packages/airflow/example_dags/example_branch_day_of_week_operator.py took 0.096 seconds
[2026-08-08T01:52:44.212+0000] {processor.py:186} INFO - Started process (PID=5573) to work on /home/airflow/.local/lib/python3.12/site-packages/airflow/example_dags/example_branch_day_of_week_operator.py
[2026-08-08T01:52:44.213+0000] {processor.py:914} INFO - Processing file /home/airflow/.local/lib/python3.12/site-packages/airflow/example_dags/example_branch_day_of_week_operator.py for tasks to queue
[2026-08-08T01:52:44.217+0000] {logging_mixin.py:190} INFO - [2026-08-08T01:52:44.216+0000] {dagbag.py:588} INFO - Filling up the DagBag from /home/airflow/.local/lib/python3.12/site-packages/airflow/example_dags/example_branch_day_of_week_operator.py
[2026-08-08T01:52:44.230+0000] {processor.py:925} INFO - DAG(s) 'example_weekday_branch_operator' retrieved from /home/airflow/.local/lib/python3.12/site-packages/airflow/example_dags/example_branch_day_of_week_operator.py
[2026-08-08T01:52:44.253+0000] {logging_mixin.py:190} INFO - [2026-08-08T01:52:44.252+0000] {dag.py:3239} INFO - Sync 1 DAGs
[2026-08-08T01:52:44.282+0000] {logging_mixin.py:190} INFO - [2026-08-08T01:52:44.281+0000] {dag.py:4180} INFO - Setting next_dagrun for example_weekday_branch_operator to 2026-08-07 00:00:00+00:00, run_after=2026-08-08 00:00:00+00:00
[2026-08-08T01:52:44.304+0000] {processor.py:208} INFO - Processing /home/airflow/.local/lib/python3.12/site-packages/airflow/example_dags/example_branch_day_of_week_operator.py took 0.100 seconds
[2026-08-08T01:53:15.434+0000] {processor.py:186} INFO - Started process (PID=5638) to work on /home/airflow/.local/lib/python3.12/site-packages/airflow/example_dags/example_branch_day_of_week_operator.py
[2026-08-08T01:53:15.435+0000] {processor.py:914} INFO - Processing file /home/airflow/.local/lib/python3.12/site-packages/airflow/example_dags/example_branch_day_of_week_operator.py for tasks to queue
[2026-08-08T01:53:15.439+0000] {logging_mixin.py:190} INFO - [2026-08-08T01:53:15.438+0000] {dagbag.py:588} INFO - Filling up the DagBag from /home/airflow/.local/lib/python3.12/site-packages/airflow/example_dags/example_branch_day_of_week_operator.py
[2026-08-08T01:53:15.453+0000] {processor.py:925} INFO - DAG(s) 'example_weekday_branch_operator' retrieved from /home/airflow/.local/lib/python3.12/site-packages/airflow/example_dags/example_branch_day_of_week_operator.py
[2026-08-08T01:53:15.478+0000] {logging_mixin.py:190} INFO - [2026-08-08T01:53:15.477+0000] {dag.py:3239} INFO - Sync 1 DAGs
[2026-08-08T01:53:15.509+0000] {logging_mixin.py:190} INFO - [2026-08-08T01:53:15.509+0000] {dag.py:4180} INFO - Setting next_dagrun for example_weekday_branch_operator to 2026-08-07 00:00:00+00:00, run_after=2026-08-08 00:00:00+00:00
[2026-08-08T01:53:15.530+0000] {processor.py:208} INFO - Processing /home/airflow/.local/lib/python3.12/site-packages/airflow/example_dags/example_branch_day_of_week_operator.py took 0.103 seconds
[2026-08-08T01:53:46.391+0000] {processor.py:186} INFO - Started process (PID=5705) to work on /home/airflow/.local/lib/python3.12/site-packages/airflow/example_dags/example_branch_day_of_week_operator.py
[2026-08-08T01:53:46.392+0000] {processor.py:914} INFO - Processing file /home/airflow/.local/lib/python3.12/site-packages/airflow/example_dags/example_branch_day_of_week_operator.py for tasks to queue
[2026-08-08T01:53:46.396+0000] {logging_mixin.py:190} INFO - [2026-08-08T01:53:46.395+0000] {dagbag.py:588} INFO - Filling up the DagBag from /home/airflow/.local/lib/python3.12/site-packages/airflow/example_dags/example_branch_day_of_week_operator.py
[2026-08-08T01:53:46.408+0000] {processor.py:925} INFO - DAG(s) 'example_weekday_branch_operator' retrieved from /home/airflow/.local/lib/python3.12/site-packages/airflow/example_dags/example_branch_day_of_week_operator.py
[2026-08-08T01:53:46.453+0000] {logging_mixin.py:190} INFO - [2026-08-08T01:53:46.453+0000] {dag.py:3239} INFO - Sync 1 DAGs
[2026-08-08T01:53:46.504+0000] {logging_mixin.py:190} INFO - [2026-08-08T01:53:46.503+0000] {dag.py:4180} INFO - Setting next_dagrun for example_weekday_branch_operator to 2026-08-07 00:00:00+00:00, run_after=2026-08-08 00:00:00+00:00
[2026-08-08T01:53:46.526+0000] {processor.py:208} INFO - Processing /home/airflow/.local/lib/python3.12/site-packages/airflow/example_dags/example_branch_day_of_week_operator.py took 0.141 seconds
[2026-08-08T01:54:17.833+0000] {processor.py:186} INFO - Started process (PID=5776) to work on /home/airflow/.local/lib/python3.12/site-packages/airflow/example_dags/example_branch_day_of_week_operator.py
[2026-08-08T01:54:17.835+0000] {processor.py:914} INFO - Processing file /home/airflow/.local/lib/python3.12/site-packages/airflow/example_dags/example_branch_day_of_week_operator.py for tasks to queue
[2026-08-08T01:54:17.839+0000] {logging_mixin.py:190} INFO - [2026-08-08T01:54:17.838+0000] {dagbag.py:588} INFO - Filling up the DagBag from /home/airflow/.local/lib/python3.12/site-packages/airflow/example_dags/example_branch_day_of_week_operator.py
[2026-08-08T01:54:17.850+0000] {processor.py:925} INFO - DAG(s) 'example_weekday_branch_operator' retrieved from /home/airflow/.local/lib/python3.12/site-packages/airflow/example_dags/example_branch_day_of_week_operator.py
[2026-08-08T01:54:17.874+0000] {logging_mixin.py:190} INFO - [2026-08-08T01:54:17.874+0000] {dag.py:3239} INFO - Sync 1 DAGs
[2026-08-08T01:54:17.903+0000] {logging_mixin.py:190} INFO - [2026-08-08T01:54:17.903+0000] {dag.py:4180} INFO - Setting next_dagrun for example_weekday_branch_operator to 2026-08-07 00:00:00+00:00, run_after=2026-08-08 00:00:00+00:00
[2026-08-08T01:54:17.928+0000] {processor.py:208} INFO - Processing /home/airflow/.local/lib/python3.12/site-packages/airflow/example_dags/example_branch_day_of_week_operator.py took 0.103 seconds
[2026-08-08T01:54:48.463+0000] {processor.py:186} INFO - Started process (PID=5840) to work on /home/airflow/.local/lib/python3.12/site-packages/airflow/example_dags/example_branch_day_of_week_operator.py
[2026-08-08T01:54:48.464+0000] {processor.py:914} INFO - Processing file /home/airflow/.local/lib/python3.12/site-packages/airflow/example_dags/example_branch_day_of_week_operator.py for tasks to queue
[2026-08-08T01:54:48.467+0000] {logging_mixin.py:190} INFO - [2026-08-08T01:54:48.467+0000] {dagbag.py:588} INFO - Filling up the DagBag from /home/airflow/.local/lib/python3.12/site-packages/airflow/example_dags/example_branch_day_of_week_operator.py
[2026-08-08T01:54:48.478+0000] {processor.py:925} INFO - DAG(s) 'example_weekday_branch_operator' retrieved from /home/airflow/.local/lib/python3.12/site-packages/airflow/example_dags/example_branch_day_of_week_operator.py
[2026-08-08T01:54:48.502+0000] {logging_mixin.py:190} INFO - [2026-08-08T01:54:48.501+0000] {dag.py:3239} INFO - Sync 1 DAGs
[2026-08-08T01:54:48.529+0000] {logging_mixin.py:190} INFO - [2026-08-08T01:54:48.529+0000] {dag.py:4180} INFO - Setting next_dagrun for example_weekday_branch_operator to 2026-08-07 00:00:00+00:00, run_after=2026-08-08 00:00:00+00:00
[2026-08-08T01:54:48.549+0000] {processor.py:208} INFO - Processing /home/airflow/.local/lib/python3.12/site-packages/airflow/example_dags/example_branch_day_of_week_operator.py took 0.092 seconds
[2026-08-08T01:55:19.814+0000] {processor.py:186} INFO - Started process (PID=5906) to work on /home/airflow/.local/lib/python3.12/site-packages/airflow/example_dags/example_branch_day_of_week_operator.py
[2026-08-08T01:55:19.815+0000] {processor.py:914} INFO - Processing file /home/airflow/.local/lib/python3.12/site-packages/airflow/example_dags/example_branch_day_of_week_operator.py for tasks to queue
[2026-08-08T01:55:19.819+0000] {logging_mixin.py:190} INFO - [2026-08-08T01:55:19.818+0000] {dagbag.py:588} INFO - Filling up the DagBag from /home/airflow/.local/lib/python3.12/site-packages/airflow/example_dags/example_branch_day_of_week_operator.py
[2026-08-08T01:55:19.831+0000] {processor.py:925} INFO - DAG(s) 'example_weekday_branch_operator' retrieved from /home/airflow/.local/lib/python3.12/site-packages/airflow/example_dags/example_branch_day_of_week_operator.py
[2026-08-08T01:55:19.855+0000] {logging_mixin.py:190} INFO - [2026-08-08T01:55:19.855+0000] {dag.py:3239} INFO - Sync 1 DAGs
[2026-08-08T01:55:19.891+0000] {logging_mixin.py:190} INFO - [2026-08-08T01:55:19.891+0000] {dag.py:4180} INFO - Setting next_dagrun for example_weekday_branch_operator to 2026-08-07 00:00:00+00:00, run_after=2026-08-08 00:00:00+00:00
[2026-08-08T01:55:19.915+0000] {processor.py:208} INFO - Processing /home/airflow/.local/lib/python3.12/site-packages/airflow/example_dags/example_branch_day_of_week_operator.py took 0.108 seconds
[2026-08-08T01:55:51.088+0000] {processor.py:186} INFO - Started process (PID=5972) to work on /home/airflow/.local/lib/python3.12/site-packages/airflow/example_dags/example_branch_day_of_week_operator.py
[2026-08-08T01:55:51.090+0000] {processor.py:914} INFO - Processing file /home/airflow/.local/lib/python3.12/site-packages/airflow/example_dags/example_branch_day_of_week_operator.py for tasks to queue
[2026-08-08T01:55:51.094+0000] {logging_mixin.py:190} INFO - [2026-08-08T01:55:51.094+0000] {dagbag.py:588} INFO - Filling up the DagBag from /home/airflow/.local/lib/python3.12/site-packages/airflow/example_dags/example_branch_day_of_week_operator.py
[2026-08-08T01:55:51.113+0000] {processor.py:925} INFO - DAG(s) 'example_weekday_branch_operator' retrieved from /home/airflow/.local/lib/python3.12/site-packages/airflow/example_dags/example_branch_day_of_week_operator.py
[2026-08-08T01:55:51.138+0000] {logging_mixin.py:190} INFO - [2026-08-08T01:55:51.137+0000] {dag.py:3239} INFO - Sync 1 DAGs
[2026-08-08T01:55:51.166+0000] {logging_mixin.py:190} INFO - [2026-08-08T01:55:51.166+0000] {dag.py:4180} INFO - Setting next_dagrun for example_weekday_branch_operator to 2026-08-07 00:00:00+00:00, run_after=2026-08-08 00:00:00+00:00
[2026-08-08T01:55:51.190+0000] {processor.py:208} INFO - Processing /home/airflow/.local/lib/python3.12/site-packages/airflow/example_dags/example_branch_day_of_week_operator.py took 0.114 seconds
[2026-08-08T01:56:22.618+0000] {processor.py:186} INFO - Started process (PID=6037) to work on /home/airflow/.local/lib/python3.12/site-packages/airflow/example_dags/example_branch_day_of_week_operator.py
[2026-08-08T01:56:22.620+0000] {processor.py:914} INFO - Processing file /home/airflow/.local/lib/python3.12/site-packages/airflow/example_dags/example_branch_day_of_week_operator.py for tasks to queue
[2026-08-08T01:56:22.623+0000] {logging_mixin.py:190} INFO - [2026-08-08T01:56:22.623+0000] {dagbag.py:588} INFO - Filling up the DagBag from /home/airflow/.local/lib/python3.12/site-packages/airflow/example_dags/example_branch_day_of_week_operator.py
[2026-08-08T01:56:22.636+0000] {processor.py:925} INFO - DAG(s) 'example_weekday_branch_operator' retrieved from /home/airflow/.local/lib/python3.12/site-packages/airflow/example_dags/example_branch_day_of_week_operator.py
[2026-08-08T01:56:22.659+0000] {logging_mixin.py:190} INFO - [2026-08-08T01:56:22.658+0000] {dag.py:3239} INFO - Sync 1 DAGs
[2026-08-08T01:56:22.687+0000] {logging_mixin.py:190} INFO - [2026-08-08T01:56:22.687+0000] {dag.py:4180} INFO - Setting next_dagrun for example_weekday_branch_operator to 2026-08-07 00:00:00+00:00, run_after=2026-08-08 00:00:00+00:00
[2026-08-08T01:56:22.712+0000] {processor.py:208} INFO - Processing /home/airflow/.local/lib/python3.12/site-packages/airflow/example_dags/example_branch_day_of_week_operator.py took 0.100 seconds
[2026-08-08T01:56:52.908+0000] {processor.py:186} INFO - Started process (PID=6102) to work on /home/airflow/.local/lib/python3.12/site-packages/airflow/example_dags/example_branch_day_of_week_operator.py
[2026-08-08T01:56:52.909+0000] {processor.py:914} INFO - Processing file /home/airflow/.local/lib/python3.12/site-packages/airflow/example_dags/example_branch_day_of_week_operator.py for tasks to queue
[2026-08-08T01:56:52.912+0000] {logging_mixin.py:190} INFO - [2026-08-08T01:56:52.911+0000] {dagbag.py:588} INFO - Filling up the DagBag from /home/airflow/.local/lib/python3.12/site-packages/airflow/example_dags/example_branch_day_of_week_operator.py
[2026-08-08T01:56:52.923+0000] {processor.py:925} INFO - DAG(s) 'example_weekday_branch_operator' retrieved from /home/airflow/.local/lib/python3.12/site-packages/airflow/example_dags/example_branch_day_of_week_operator.py
[2026-08-08T01:56:52.951+0000] {logging_mixin.py:190} INFO - [2026-08-08T01:56:52.950+0000] {dag.py:3239} INFO - Sync 1 DAGs
[2026-08-08T01:56:52.982+0000] {logging_mixin.py:190} INFO - [2026-08-08T01:56:52.981+0000] {dag.py:4180} INFO - Setting next_dagrun for example_weekday_branch_operator to 2026-08-07 00:00:00+00:00, run_after=2026-08-08 00:00:00+00:00
[2026-08-08T01:56:53.004+0000] {processor.py:208} INFO - Processing /home/airflow/.local/lib/python3.12/site-packages/airflow/example_dags/example_branch_day_of_week_operator.py took 0.103 seconds
[2026-08-08T01:57:24.611+0000] {processor.py:186} INFO - Started process (PID=6167) to work on /home/airflow/.local/lib/python3.12/site-packages/airflow/example_dags/example_branch_day_of_week_operator.py
[2026-08-08T01:57:24.612+0000] {processor.py:914} INFO - Processing file /home/airflow/.local/lib/python3.12/site-packages/airflow/example_dags/example_branch_day_of_week_operator.py for tasks to queue
[2026-08-08T01:57:24.616+0000] {logging_mixin.py:190} INFO - [2026-08-08T01:57:24.615+0000] {dagbag.py:588} INFO - Filling up the DagBag from /home/airflow/.local/lib/python3.12/site-packages/airflow/example_dags/example_branch_day_of_week_operator.py
[2026-08-08T01:57:24.631+0000] {processor.py:925} INFO - DAG(s) 'example_weekday_branch_operator' retrieved from /home/airflow/.local/lib/python3.12/site-packages/airflow/example_dags/example_branch_day_of_week_operator.py
[2026-08-08T01:57:24.665+0000] {logging_mixin.py:190} INFO - [2026-08-08T01:57:24.665+0000] {dag.py:3239} INFO - Sync 1 DAGs
[2026-08-08T01:57:24.712+0000] {logging_mixin.py:190} INFO - [2026-08-08T01:57:24.712+0000] {dag.py:4180} INFO - Setting next_dagrun for example_weekday_branch_operator to 2026-08-07 00:00:00+00:00, run_after=2026-08-08 00:00:00+00:00
[2026-08-08T01:57:24.743+0000] {processor.py:208} INFO - Processing /home/airflow/.local/lib/python3.12/site-packages/airflow/example_dags/example_branch_day_of_week_operator.py took 0.139 seconds
[2026-08-08T01:57:55.602+0000] {processor.py:186} INFO - Started process (PID=6232) to work on /home/airflow/.local/lib/python3.12/site-packages/airflow/example_dags/example_branch_day_of_week_operator.py
[2026-08-08T01:57:55.604+0000] {processor.py:914} INFO - Processing file /home/airflow/.local/lib/python3.12/site-packages/airflow/example_dags/example_branch_day_of_week_operator.py for tasks to queue
[2026-08-08T01:57:55.607+0000] {logging_mixin.py:190} INFO - [2026-08-08T01:57:55.606+0000] {dagbag.py:588} INFO - Filling up the DagBag from /home/airflow/.local/lib/python3.12/site-packages/airflow/example_dags/example_branch_day_of_week_operator.py
[2026-08-08T01:57:55.618+0000] {processor.py:925} INFO - DAG(s) 'example_weekday_branch_operator' retrieved from /home/airflow/.local/lib/python3.12/site-packages/airflow/example_dags/example_branch_day_of_week_operator.py
[2026-08-08T01:57:55.643+0000] {logging_mixin.py:190} INFO - [2026-08-08T01:57:55.643+0000] {dag.py:3239} INFO - Sync 1 DAGs
[2026-08-08T01:57:55.673+0000] {logging_mixin.py:190} INFO - [2026-08-08T01:57:55.672+0000] {dag.py:4180} INFO - Setting next_dagrun for example_weekday_branch_operator to 2026-08-07 00:00:00+00:00, run_after=2026-08-08 00:00:00+00:00
[2026-08-08T01:57:55.700+0000] {processor.py:208} INFO - Processing /home/airflow/.local/lib/python3.12/site-packages/airflow/example_dags/example_branch_day_of_week_operator.py took 0.104 seconds
[2026-08-08T01:58:26.128+0000] {processor.py:186} INFO - Started process (PID=6297) to work on /home/airflow/.local/lib/python3.12/site-packages/airflow/example_dags/example_branch_day_of_week_operator.py
[2026-08-08T01:58:26.130+0000] {processor.py:914} INFO - Processing file /home/airflow/.local/lib/python3.12/site-packages/airflow/example_dags/example_branch_day_of_week_operator.py for tasks to queue
[2026-08-08T01:58:26.132+0000] {logging_mixin.py:190} INFO - [2026-08-08T01:58:26.132+0000] {dagbag.py:588} INFO - Filling up the DagBag from /home/airflow/.local/lib/python3.12/site-packages/airflow/example_dags/example_branch_day_of_week_operator.py
[2026-08-08T01:58:26.143+0000] {processor.py:925} INFO - DAG(s) 'example_weekday_branch_operator' retrieved from /home/airflow/.local/lib/python3.12/site-packages/airflow/example_dags/example_branch_day_of_week_operator.py
[2026-08-08T01:58:26.166+0000] {logging_mixin.py:190} INFO - [2026-08-08T01:58:26.166+0000] {dag.py:3239} INFO - Sync 1 DAGs
[2026-08-08T01:58:26.194+0000] {logging_mixin.py:190} INFO - [2026-08-08T01:58:26.193+0000] {dag.py:4180} INFO - Setting next_dagrun for example_weekday_branch_operator to 2026-08-07 00:00:00+00:00, run_after=2026-08-08 00:00:00+00:00
[2026-08-08T01:58:26.215+0000] {processor.py:208} INFO - Processing /home/airflow/.local/lib/python3.12/site-packages/airflow/example_dags/example_branch_day_of_week_operator.py took 0.093 seconds
[2026-08-08T01:58:56.623+0000] {processor.py:186} INFO - Started process (PID=6362) to work on /home/airflow/.local/lib/python3.12/site-packages/airflow/example_dags/example_branch_day_of_week_operator.py
[2026-08-08T01:58:56.625+0000] {processor.py:914} INFO - Processing file /home/airflow/.local/lib/python3.12/site-packages/airflow/example_dags/example_branch_day_of_week_operator.py for tasks to queue
[2026-08-08T01:58:56.628+0000] {logging_mixin.py:190} INFO - [2026-08-08T01:58:56.628+0000] {dagbag.py:588} INFO - Filling up the DagBag from /home/airflow/.local/lib/python3.12/site-packages/airflow/example_dags/example_branch_day_of_week_operator.py
[2026-08-08T01:58:56.641+0000] {processor.py:925} INFO - DAG(s) 'example_weekday_branch_operator' retrieved from /home/airflow/.local/lib/python3.12/site-packages/airflow/example_dags/example_branch_day_of_week_operator.py
[2026-08-08T01:58:56.667+0000] {logging_mixin.py:190} INFO - [2026-08-08T01:58:56.667+0000] {dag.py:3239} INFO - Sync 1 DAGs
[2026-08-08T01:58:56.699+0000] {logging_mixin.py:190} INFO - [2026-08-08T01:58:56.699+0000] {dag.py:4180} INFO - Setting next_dagrun for example_weekday_branch_operator to 2026-08-07 00:00:00+00:00, run_after=2026-08-08 00:00:00+00:00
[2026-08-08T01:58:56.720+0000] {processor.py:208} INFO - Processing /home/airflow/.local/lib/python3.12/site-packages/airflow/example_dags/example_branch_day_of_week_operator.py took 0.106 seconds
[2026-08-08T01:59:27.476+0000] {processor.py:186} INFO - Started process (PID=6427) to work on /home/airflow/.local/lib/python3.12/site-packages/airflow/example_dags/example_branch_day_of_week_operator.py
[2026-08-08T01:59:27.477+0000] {processor.py:914} INFO - Processing file /home/airflow/.local/lib/python3.12/site-packages/airflow/example_dags/example_branch_day_of_week_operator.py for tasks to queue
[2026-08-08T01:59:27.480+0000] {logging_mixin.py:190} INFO - [2026-08-08T01:59:27.480+0000] {dagbag.py:588} INFO - Filling up the DagBag from /home/airflow/.local/lib/python3.12/site-packages/airflow/example_dags/example_branch_day_of_week_operator.py
[2026-08-08T01:59:27.490+0000] {processor.py:925} INFO - DAG(s) 'example_weekday_branch_operator' retrieved from /home/airflow/.local/lib/python3.12/site-packages/airflow/example_dags/example_branch_day_of_week_operator.py
[2026-08-08T01:59:27.512+0000] {logging_mixin.py:190} INFO - [2026-08-08T01:59:27.512+0000] {dag.py:3239} INFO - Sync 1 DAGs
[2026-08-08T01:59:27.540+0000] {logging_mixin.py:190} INFO - [2026-08-08T01:59:27.540+0000] {dag.py:4180} INFO - Setting next_dagrun for example_weekday_branch_operator to 2026-08-07 00:00:00+00:00, run_after=2026-08-08 00:00:00+00:00
[2026-08-08T01:59:27.563+0000] {processor.py:208} INFO - Processing /home/airflow/.local/lib/python3.12/site-packages/airflow/example_dags/example_branch_day_of_week_operator.py took 0.093 seconds
[2026-08-08T01:59:58.053+0000] {processor.py:186} INFO - Started process (PID=6499) to work on /home/airflow/.local/lib/python3.12/site-packages/airflow/example_dags/example_branch_day_of_week_operator.py
[2026-08-08T01:59:58.055+0000] {processor.py:914} INFO - Processing file /home/airflow/.local/lib/python3.12/site-packages/airflow/example_dags/example_branch_day_of_week_operator.py for tasks to queue
[2026-08-08T01:59:58.060+0000] {logging_mixin.py:190} INFO - [2026-08-08T01:59:58.059+0000] {dagbag.py:588} INFO - Filling up the DagBag from /home/airflow/.local/lib/python3.12/site-packages/airflow/example_dags/example_branch_day_of_week_operator.py
[2026-08-08T01:59:58.072+0000] {processor.py:925} INFO - DAG(s) 'example_weekday_branch_operator' retrieved from /home/airflow/.local/lib/python3.12/site-packages/airflow/example_dags/example_branch_day_of_week_operator.py
[2026-08-08T01:59:58.099+0000] {logging_mixin.py:190} INFO - [2026-08-08T01:59:58.099+0000] {dag.py:3239} INFO - Sync 1 DAGs
[2026-08-08T01:59:58.137+0000] {logging_mixin.py:190} INFO - [2026-08-08T01:59:58.136+0000] {dag.py:4180} INFO - Setting next_dagrun for example_weekday_branch_operator to 2026-08-07 00:00:00+00:00, run_after=2026-08-08 00:00:00+00:00
[2026-08-08T01:59:58.159+0000] {processor.py:208} INFO - Processing /home/airflow/.local/lib/python3.12/site-packages/airflow/example_dags/example_branch_day_of_week_operator.py took 0.116 seconds
[2026-08-08T02:00:28.836+0000] {processor.py:186} INFO - Started process (PID=6563) to work on /home/airflow/.local/lib/python3.12/site-packages/airflow/example_dags/example_branch_day_of_week_operator.py
[2026-08-08T02:00:28.838+0000] {processor.py:914} INFO - Processing file /home/airflow/.local/lib/python3.12/site-packages/airflow/example_dags/example_branch_day_of_week_operator.py for tasks to queue
[2026-08-08T02:00:28.841+0000] {logging_mixin.py:190} INFO - [2026-08-08T02:00:28.840+0000] {dagbag.py:588} INFO - Filling up the DagBag from /home/airflow/.local/lib/python3.12/site-packages/airflow/example_dags/example_branch_day_of_week_operator.py
[2026-08-08T02:00:28.852+0000] {processor.py:925} INFO - DAG(s) 'example_weekday_branch_operator' retrieved from /home/airflow/.local/lib/python3.12/site-packages/airflow/example_dags/example_branch_day_of_week_operator.py
[2026-08-08T02:00:28.876+0000] {logging_mixin.py:190} INFO - [2026-08-08T02:00:28.876+0000] {dag.py:3239} INFO - Sync 1 DAGs
[2026-08-08T02:00:28.908+0000] {logging_mixin.py:190} INFO - [2026-08-08T02:00:28.907+0000] {dag.py:4180} INFO - Setting next_dagrun for example_weekday_branch_operator to 2026-08-07 00:00:00+00:00, run_after=2026-08-08 00:00:00+00:00
[2026-08-08T02:00:28.929+0000] {processor.py:208} INFO - Processing /home/airflow/.local/lib/python3.12/site-packages/airflow/example_dags/example_branch_day_of_week_operator.py took 0.099 seconds
[2026-08-08T02:00:59.810+0000] {processor.py:186} INFO - Started process (PID=6628) to work on /home/airflow/.local/lib/python3.12/site-packages/airflow/example_dags/example_branch_day_of_week_operator.py
[2026-08-08T02:00:59.812+0000] {processor.py:914} INFO - Processing file /home/airflow/.local/lib/python3.12/site-packages/airflow/example_dags/example_branch_day_of_week_operator.py for tasks to queue
[2026-08-08T02:00:59.814+0000] {logging_mixin.py:190} INFO - [2026-08-08T02:00:59.814+0000] {dagbag.py:588} INFO - Filling up the DagBag from /home/airflow/.local/lib/python3.12/site-packages/airflow/example_dags/example_branch_day_of_week_operator.py
[2026-08-08T02:00:59.826+0000] {processor.py:925} INFO - DAG(s) 'example_weekday_branch_operator' retrieved from /home/airflow/.local/lib/python3.12/site-packages/airflow/example_dags/example_branch_day_of_week_operator.py
[2026-08-08T02:00:59.847+0000] {logging_mixin.py:190} INFO - [2026-08-08T02:00:59.847+0000] {dag.py:3239} INFO - Sync 1 DAGs
[2026-08-08T02:00:59.875+0000] {logging_mixin.py:190} INFO - [2026-08-08T02:00:59.874+0000] {dag.py:4180} INFO - Setting next_dagrun for example_weekday_branch_operator to 2026-08-07 00:00:00+00:00, run_after=2026-08-08 00:00:00+00:00
[2026-08-08T02:00:59.900+0000] {processor.py:208} INFO - Processing /home/airflow/.local/lib/python3.12/site-packages/airflow/example_dags/example_branch_day_of_week_operator.py took 0.096 seconds
[2026-08-08T02:01:30.451+0000] {processor.py:186} INFO - Started process (PID=6694) to work on /home/airflow/.local/lib/python3.12/site-packages/airflow/example_dags/example_branch_day_of_week_operator.py
[2026-08-08T02:01:30.452+0000] {processor.py:914} INFO - Processing file /home/airflow/.local/lib/python3.12/site-packages/airflow/example_dags/example_branch_day_of_week_operator.py for tasks to queue
[2026-08-08T02:01:30.455+0000] {logging_mixin.py:190} INFO - [2026-08-08T02:01:30.454+0000] {dagbag.py:588} INFO - Filling up the DagBag from /home/airflow/.local/lib/python3.12/site-packages/airflow/example_dags/example_branch_day_of_week_operator.py
[2026-08-08T02:01:30.465+0000] {processor.py:925} INFO - DAG(s) 'example_weekday_branch_operator' retrieved from /home/airflow/.local/lib/python3.12/site-packages/airflow/example_dags/example_branch_day_of_week_operator.py
[2026-08-08T02:01:30.487+0000] {logging_mixin.py:190} INFO - [2026-08-08T02:01:30.486+0000] {dag.py:3239} INFO - Sync 1 DAGs
[2026-08-08T02:01:30.515+0000] {logging_mixin.py:190} INFO - [2026-08-08T02:01:30.514+0000] {dag.py:4180} INFO - Setting next_dagrun for example_weekday_branch_operator to 2026-08-07 00:00:00+00:00, run_after=2026-08-08 00:00:00+00:00
[2026-08-08T02:01:30.537+0000] {processor.py:208} INFO - Processing /home/airflow/.local/lib/python3.12/site-packages/airflow/example_dags/example_branch_day_of_week_operator.py took 0.093 seconds
[2026-08-08T02:02:00.648+0000] {processor.py:186} INFO - Started process (PID=6759) to work on /home/airflow/.local/lib/python3.12/site-packages/airflow/example_dags/example_branch_day_of_week_operator.py
[2026-08-08T02:02:00.650+0000] {processor.py:914} INFO - Processing file /home/airflow/.local/lib/python3.12/site-packages/airflow/example_dags/example_branch_day_of_week_operator.py for tasks to queue
[2026-08-08T02:02:00.652+0000] {logging_mixin.py:190} INFO - [2026-08-08T02:02:00.652+0000] {dagbag.py:588} INFO - Filling up the DagBag from /home/airflow/.local/lib/python3.12/site-packages/airflow/example_dags/example_branch_day_of_week_operator.py
[2026-08-08T02:02:00.663+0000] {processor.py:925} INFO - DAG(s) 'example_weekday_branch_operator' retrieved from /home/airflow/.local/lib/python3.12/site-packages/airflow/example_dags/example_branch_day_of_week_operator.py
[2026-08-08T02:02:00.683+0000] {logging_mixin.py:190} INFO - [2026-08-08T02:02:00.682+0000] {dag.py:3239} INFO - Sync 1 DAGs
[2026-08-08T02:02:00.709+0000] {logging_mixin.py:190} INFO - [2026-08-08T02:02:00.709+0000] {dag.py:4180} INFO - Setting next_dagrun for example_weekday_branch_operator to 2026-08-07 00:00:00+00:00, run_after=2026-08-08 00:00:00+00:00
[2026-08-08T02:02:00.730+0000] {processor.py:208} INFO - Processing /home/airflow/.local/lib/python3.12/site-packages/airflow/example_dags/example_branch_day_of_week_operator.py took 0.087 seconds
[2026-08-08T02:02:30.801+0000] {processor.py:186} INFO - Started process (PID=6823) to work on /home/airflow/.local/lib/python3.12/site-packages/airflow/example_dags/example_branch_day_of_week_operator.py
[2026-08-08T02:02:30.802+0000] {processor.py:914} INFO - Processing file /home/airflow/.local/lib/python3.12/site-packages/airflow/example_dags/example_branch_day_of_week_operator.py for tasks to queue
[2026-08-08T02:02:30.805+0000] {logging_mixin.py:190} INFO - [2026-08-08T02:02:30.804+0000] {dagbag.py:588} INFO - Filling up the DagBag from /home/airflow/.local/lib/python3.12/site-packages/airflow/example_dags/example_branch_day_of_week_operator.py
[2026-08-08T02:02:30.815+0000] {processor.py:925} INFO - DAG(s) 'example_weekday_branch_operator' retrieved from /home/airflow/.local/lib/python3.12/site-packages/airflow/example_dags/example_branch_day_of_week_operator.py
[2026-08-08T02:02:30.835+0000] {logging_mixin.py:190} INFO - [2026-08-08T02:02:30.835+0000] {dag.py:3239} INFO - Sync 1 DAGs
[2026-08-08T02:02:30.860+0000] {logging_mixin.py:190} INFO - [2026-08-08T02:02:30.859+0000] {dag.py:4180} INFO - Setting next_dagrun for example_weekday_branch_operator to 2026-08-07 00:00:00+00:00, run_after=2026-08-08 00:00:00+00:00
[2026-08-08T02:02:30.880+0000] {processor.py:208} INFO - Processing /home/airflow/.local/lib/python3.12/site-packages/airflow/example_dags/example_branch_day_of_week_operator.py took 0.085 seconds
[2026-08-08T02:03:01.091+0000] {processor.py:186} INFO - Started process (PID=6888) to work on /home/airflow/.local/lib/python3.12/site-packages/airflow/example_dags/example_branch_day_of_week_operator.py
[2026-08-08T02:03:01.093+0000] {processor.py:914} INFO - Processing file /home/airflow/.local/lib/python3.12/site-packages/airflow/example_dags/example_branch_day_of_week_operator.py for tasks to queue
[2026-08-08T02:03:01.096+0000] {logging_mixin.py:190} INFO - [2026-08-08T02:03:01.096+0000] {dagbag.py:588} INFO - Filling up the DagBag from /home/airflow/.local/lib/python3.12/site-packages/airflow/example_dags/example_branch_day_of_week_operator.py
[2026-08-08T02:03:01.112+0000] {processor.py:925} INFO - DAG(s) 'example_weekday_branch_operator' retrieved from /home/airflow/.local/lib/python3.12/site-packages/airflow/example_dags/example_branch_day_of_week_operator.py
[2026-08-08T02:03:01.140+0000] {logging_mixin.py:190} INFO - [2026-08-08T02:03:01.139+0000] {dag.py:3239} INFO - Sync 1 DAGs
[2026-08-08T02:03:01.172+0000] {logging_mixin.py:190} INFO - [2026-08-08T02:03:01.171+0000] {dag.py:4180} INFO - Setting next_dagrun for example_weekday_branch_operator to 2026-08-07 00:00:00+00:00, run_after=2026-08-08 00:00:00+00:00
[2026-08-08T02:03:01.193+0000] {processor.py:208} INFO - Processing /home/airflow/.local/lib/python3.12/site-packages/airflow/example_dags/example_branch_day_of_week_operator.py took 0.110 seconds
[2026-08-08T02:03:31.627+0000] {processor.py:186} INFO - Started process (PID=6953) to work on /home/airflow/.local/lib/python3.12/site-packages/airflow/example_dags/example_branch_day_of_week_operator.py
[2026-08-08T02:03:31.628+0000] {processor.py:914} INFO - Processing file /home/airflow/.local/lib/python3.12/site-packages/airflow/example_dags/example_branch_day_of_week_operator.py for tasks to queue
[2026-08-08T02:03:31.631+0000] {logging_mixin.py:190} INFO - [2026-08-08T02:03:31.631+0000] {dagbag.py:588} INFO - Filling up the DagBag from /home/airflow/.local/lib/python3.12/site-packages/airflow/example_dags/example_branch_day_of_week_operator.py
[2026-08-08T02:03:31.642+0000] {processor.py:925} INFO - DAG(s) 'example_weekday_branch_operator' retrieved from /home/airflow/.local/lib/python3.12/site-packages/airflow/example_dags/example_branch_day_of_week_operator.py
[2026-08-08T02:03:31.665+0000] {logging_mixin.py:190} INFO - [2026-08-08T02:03:31.665+0000] {dag.py:3239} INFO - Sync 1 DAGs
[2026-08-08T02:03:31.696+0000] {logging_mixin.py:190} INFO - [2026-08-08T02:03:31.696+0000] {dag.py:4180} INFO - Setting next_dagrun for example_weekday_branch_operator to 2026-08-07 00:00:00+00:00, run_after=2026-08-08 00:00:00+00:00
[2026-08-08T02:03:31.721+0000] {processor.py:208} INFO - Processing /home/airflow/.local/lib/python3.12/site-packages/airflow/example_dags/example_branch_day_of_week_operator.py took 0.100 seconds
[2026-08-08T02:04:01.904+0000] {processor.py:186} INFO - Started process (PID=7018) to work on /home/airflow/.local/lib/python3.12/site-packages/airflow/example_dags/example_branch_day_of_week_operator.py
[2026-08-08T02:04:01.905+0000] {processor.py:914} INFO - Processing file /home/airflow/.local/lib/python3.12/site-packages/airflow/example_dags/example_branch_day_of_week_operator.py for tasks to queue
[2026-08-08T02:04:01.908+0000] {logging_mixin.py:190} INFO - [2026-08-08T02:04:01.907+0000] {dagbag.py:588} INFO - Filling up the DagBag from /home/airflow/.local/lib/python3.12/site-packages/airflow/example_dags/example_branch_day_of_week_operator.py
[2026-08-08T02:04:01.918+0000] {processor.py:925} INFO - DAG(s) 'example_weekday_branch_operator' retrieved from /home/airflow/.local/lib/python3.12/site-packages/airflow/example_dags/example_branch_day_of_week_operator.py
[2026-08-08T02:04:01.942+0000] {logging_mixin.py:190} INFO - [2026-08-08T02:04:01.942+0000] {dag.py:3239} INFO - Sync 1 DAGs
[2026-08-08T02:04:01.971+0000] {logging_mixin.py:190} INFO - [2026-08-08T02:04:01.971+0000] {dag.py:4180} INFO - Setting next_dagrun for example_weekday_branch_operator to 2026-08-07 00:00:00+00:00, run_after=2026-08-08 00:00:00+00:00
[2026-08-08T02:04:01.994+0000] {processor.py:208} INFO - Processing /home/airflow/.local/lib/python3.12/site-packages/airflow/example_dags/example_branch_day_of_week_operator.py took 0.097 seconds
[2026-08-08T02:04:32.636+0000] {processor.py:186} INFO - Started process (PID=7083) to work on /home/airflow/.local/lib/python3.12/site-packages/airflow/example_dags/example_branch_day_of_week_operator.py
[2026-08-08T02:04:32.638+0000] {processor.py:914} INFO - Processing file /home/airflow/.local/lib/python3.12/site-packages/airflow/example_dags/example_branch_day_of_week_operator.py for tasks to queue
[2026-08-08T02:04:32.641+0000] {logging_mixin.py:190} INFO - [2026-08-08T02:04:32.640+0000] {dagbag.py:588} INFO - Filling up the DagBag from /home/airflow/.local/lib/python3.12/site-packages/airflow/example_dags/example_branch_day_of_week_operator.py
[2026-08-08T02:04:32.653+0000] {processor.py:925} INFO - DAG(s) 'example_weekday_branch_operator' retrieved from /home/airflow/.local/lib/python3.12/site-packages/airflow/example_dags/example_branch_day_of_week_operator.py
[2026-08-08T02:04:32.675+0000] {logging_mixin.py:190} INFO - [2026-08-08T02:04:32.675+0000] {dag.py:3239} INFO - Sync 1 DAGs
[2026-08-08T02:04:32.705+0000] {logging_mixin.py:190} INFO - [2026-08-08T02:04:32.705+0000] {dag.py:4180} INFO - Setting next_dagrun for example_weekday_branch_operator to 2026-08-07 00:00:00+00:00, run_after=2026-08-08 00:00:00+00:00
[2026-08-08T02:04:32.728+0000] {processor.py:208} INFO - Processing /home/airflow/.local/lib/python3.12/site-packages/airflow/example_dags/example_branch_day_of_week_operator.py took 0.098 seconds
[2026-08-08T02:05:03.248+0000] {processor.py:186} INFO - Started process (PID=7148) to work on /home/airflow/.local/lib/python3.12/site-packages/airflow/example_dags/example_branch_day_of_week_operator.py
[2026-08-08T02:05:03.249+0000] {processor.py:914} INFO - Processing file /home/airflow/.local/lib/python3.12/site-packages/airflow/example_dags/example_branch_day_of_week_operator.py for tasks to queue
[2026-08-08T02:05:03.252+0000] {logging_mixin.py:190} INFO - [2026-08-08T02:05:03.251+0000] {dagbag.py:588} INFO - Filling up the DagBag from /home/airflow/.local/lib/python3.12/site-packages/airflow/example_dags/example_branch_day_of_week_operator.py
[2026-08-08T02:05:03.263+0000] {processor.py:925} INFO - DAG(s) 'example_weekday_branch_operator' retrieved from /home/airflow/.local/lib/python3.12/site-packages/airflow/example_dags/example_branch_day_of_week_operator.py
[2026-08-08T02:05:03.288+0000] {logging_mixin.py:190} INFO - [2026-08-08T02:05:03.288+0000] {dag.py:3239} INFO - Sync 1 DAGs
[2026-08-08T02:05:03.318+0000] {logging_mixin.py:190} INFO - [2026-08-08T02:05:03.317+0000] {dag.py:4180} INFO - Setting next_dagrun for example_weekday_branch_operator to 2026-08-07 00:00:00+00:00, run_after=2026-08-08 00:00:00+00:00
[2026-08-08T02:05:03.339+0000] {processor.py:208} INFO - Processing /home/airflow/.local/lib/python3.12/site-packages/airflow/example_dags/example_branch_day_of_week_operator.py took 0.099 seconds
[2026-08-08T02:05:34.149+0000] {processor.py:186} INFO - Started process (PID=7213) to work on /home/airflow/.local/lib/python3.12/site-packages/airflow/example_dags/example_branch_day_of_week_operator.py
[2026-08-08T02:05:34.151+0000] {processor.py:914} INFO - Processing file /home/airflow/.local/lib/python3.12/site-packages/airflow/example_dags/example_branch_day_of_week_operator.py for tasks to queue
[2026-08-08T02:05:34.154+0000] {logging_mixin.py:190} INFO - [2026-08-08T02:05:34.154+0000] {dagbag.py:588} INFO - Filling up the DagBag from /home/airflow/.local/lib/python3.12/site-packages/airflow/example_dags/example_branch_day_of_week_operator.py
[2026-08-08T02:05:34.165+0000] {processor.py:925} INFO - DAG(s) 'example_weekday_branch_operator' retrieved from /home/airflow/.local/lib/python3.12/site-packages/airflow/example_dags/example_branch_day_of_week_operator.py
[2026-08-08T02:05:34.186+0000] {logging_mixin.py:190} INFO - [2026-08-08T02:05:34.186+0000] {dag.py:3239} INFO - Sync 1 DAGs
[2026-08-08T02:05:34.218+0000] {logging_mixin.py:190} INFO - [2026-08-08T02:05:34.217+0000] {dag.py:4180} INFO - Setting next_dagrun for example_weekday_branch_operator to 2026-08-07 00:00:00+00:00, run_after=2026-08-08 00:00:00+00:00
[2026-08-08T02:05:34.240+0000] {processor.py:208} INFO - Processing /home/airflow/.local/lib/python3.12/site-packages/airflow/example_dags/example_branch_day_of_week_operator.py took 0.099 seconds
[2026-08-08T02:06:04.657+0000] {processor.py:186} INFO - Started process (PID=7278) to work on /home/airflow/.local/lib/python3.12/site-packages/airflow/example_dags/example_branch_day_of_week_operator.py
[2026-08-08T02:06:04.658+0000] {processor.py:914} INFO - Processing file /home/airflow/.local/lib/python3.12/site-packages/airflow/example_dags/example_branch_day_of_week_operator.py for tasks to queue
[2026-08-08T02:06:04.661+0000] {logging_mixin.py:190} INFO - [2026-08-08T02:06:04.660+0000] {dagbag.py:588} INFO - Filling up the DagBag from /home/airflow/.local/lib/python3.12/site-packages/airflow/example_dags/example_branch_day_of_week_operator.py
[2026-08-08T02:06:04.671+0000] {processor.py:925} INFO - DAG(s) 'example_weekday_branch_operator' retrieved from /home/airflow/.local/lib/python3.12/site-packages/airflow/example_dags/example_branch_day_of_week_operator.py
[2026-08-08T02:06:04.693+0000] {logging_mixin.py:190} INFO - [2026-08-08T02:06:04.693+0000] {dag.py:3239} INFO - Sync 1 DAGs
[2026-08-08T02:06:04.726+0000] {logging_mixin.py:190} INFO - [2026-08-08T02:06:04.725+0000] {dag.py:4180} INFO - Setting next_dagrun for example_weekday_branch_operator to 2026-08-07 00:00:00+00:00, run_after=2026-08-08 00:00:00+00:00
[2026-08-08T02:06:04.748+0000] {processor.py:208} INFO - Processing /home/airflow/.local/lib/python3.12/site-packages/airflow/example_dags/example_branch_day_of_week_operator.py took 0.098 seconds
[2026-08-08T02:06:35.100+0000] {processor.py:186} INFO - Started process (PID=7343) to work on /home/airflow/.local/lib/python3.12/site-packages/airflow/example_dags/example_branch_day_of_week_operator.py
[2026-08-08T02:06:35.101+0000] {processor.py:914} INFO - Processing file /home/airflow/.local/lib/python3.12/site-packages/airflow/example_dags/example_branch_day_of_week_operator.py for tasks to queue
[2026-08-08T02:06:35.105+0000] {logging_mixin.py:190} INFO - [2026-08-08T02:06:35.104+0000] {dagbag.py:588} INFO - Filling up the DagBag from /home/airflow/.local/lib/python3.12/site-packages/airflow/example_dags/example_branch_day_of_week_operator.py
[2026-08-08T02:06:35.115+0000] {processor.py:925} INFO - DAG(s) 'example_weekday_branch_operator' retrieved from /home/airflow/.local/lib/python3.12/site-packages/airflow/example_dags/example_branch_day_of_week_operator.py
[2026-08-08T02:06:35.140+0000] {logging_mixin.py:190} INFO - [2026-08-08T02:06:35.140+0000] {dag.py:3239} INFO - Sync 1 DAGs
[2026-08-08T02:06:35.176+0000] {logging_mixin.py:190} INFO - [2026-08-08T02:06:35.175+0000] {dag.py:4180} INFO - Setting next_dagrun for example_weekday_branch_operator to 2026-08-07 00:00:00+00:00, run_after=2026-08-08 00:00:00+00:00
[2026-08-08T02:06:35.199+0000] {processor.py:208} INFO - Processing /home/airflow/.local/lib/python3.12/site-packages/airflow/example_dags/example_branch_day_of_week_operator.py took 0.105 seconds
[2026-08-08T02:07:05.511+0000] {processor.py:186} INFO - Started process (PID=7408) to work on /home/airflow/.local/lib/python3.12/site-packages/airflow/example_dags/example_branch_day_of_week_operator.py
[2026-08-08T02:07:05.513+0000] {processor.py:914} INFO - Processing file /home/airflow/.local/lib/python3.12/site-packages/airflow/example_dags/example_branch_day_of_week_operator.py for tasks to queue
[2026-08-08T02:07:05.516+0000] {logging_mixin.py:190} INFO - [2026-08-08T02:07:05.515+0000] {dagbag.py:588} INFO - Filling up the DagBag from /home/airflow/.local/lib/python3.12/site-packages/airflow/example_dags/example_branch_day_of_week_operator.py
[2026-08-08T02:07:05.526+0000] {processor.py:925} INFO - DAG(s) 'example_weekday_branch_operator' retrieved from /home/airflow/.local/lib/python3.12/site-packages/airflow/example_dags/example_branch_day_of_week_operator.py
[2026-08-08T02:07:05.546+0000] {logging_mixin.py:190} INFO - [2026-08-08T02:07:05.546+0000] {dag.py:3239} INFO - Sync 1 DAGs
[2026-08-08T02:07:05.573+0000] {logging_mixin.py:190} INFO - [2026-08-08T02:07:05.572+0000] {dag.py:4180} INFO - Setting next_dagrun for example_weekday_branch_operator to 2026-08-07 00:00:00+00:00, run_after=2026-08-08 00:00:00+00:00
[2026-08-08T02:07:05.593+0000] {processor.py:208} INFO - Processing /home/airflow/.local/lib/python3.12/site-packages/airflow/example_dags/example_branch_day_of_week_operator.py took 0.087 seconds
[2026-08-08T02:07:35.801+0000] {processor.py:186} INFO - Started process (PID=7473) to work on /home/airflow/.local/lib/python3.12/site-packages/airflow/example_dags/example_branch_day_of_week_operator.py
[2026-08-08T02:07:35.803+0000] {processor.py:914} INFO - Processing file /home/airflow/.local/lib/python3.12/site-packages/airflow/example_dags/example_branch_day_of_week_operator.py for tasks to queue
[2026-08-08T02:07:35.806+0000] {logging_mixin.py:190} INFO - [2026-08-08T02:07:35.805+0000] {dagbag.py:588} INFO - Filling up the DagBag from /home/airflow/.local/lib/python3.12/site-packages/airflow/example_dags/example_branch_day_of_week_operator.py
[2026-08-08T02:07:35.817+0000] {processor.py:925} INFO - DAG(s) 'example_weekday_branch_operator' retrieved from /home/airflow/.local/lib/python3.12/site-packages/airflow/example_dags/example_branch_day_of_week_operator.py
[2026-08-08T02:07:35.840+0000] {logging_mixin.py:190} INFO - [2026-08-08T02:07:35.840+0000] {dag.py:3239} INFO - Sync 1 DAGs
[2026-08-08T02:07:35.872+0000] {logging_mixin.py:190} INFO - [2026-08-08T02:07:35.872+0000] {dag.py:4180} INFO - Setting next_dagrun for example_weekday_branch_operator to 2026-08-07 00:00:00+00:00, run_after=2026-08-08 00:00:00+00:00
[2026-08-08T02:07:35.899+0000] {processor.py:208} INFO - Processing /home/airflow/.local/lib/python3.12/site-packages/airflow/example_dags/example_branch_day_of_week_operator.py took 0.105 seconds
[2026-08-08T02:08:06.628+0000] {processor.py:186} INFO - Started process (PID=7538) to work on /home/airflow/.local/lib/python3.12/site-packages/airflow/example_dags/example_branch_day_of_week_operator.py
[2026-08-08T02:08:06.630+0000] {processor.py:914} INFO - Processing file /home/airflow/.local/lib/python3.12/site-packages/airflow/example_dags/example_branch_day_of_week_operator.py for tasks to queue
[2026-08-08T02:08:06.632+0000] {logging_mixin.py:190} INFO - [2026-08-08T02:08:06.632+0000] {dagbag.py:588} INFO - Filling up the DagBag from /home/airflow/.local/lib/python3.12/site-packages/airflow/example_dags/example_branch_day_of_week_operator.py
[2026-08-08T02:08:06.644+0000] {processor.py:925} INFO - DAG(s) 'example_weekday_branch_operator' retrieved from /home/airflow/.local/lib/python3.12/site-packages/airflow/example_dags/example_branch_day_of_week_operator.py
[2026-08-08T02:08:06.666+0000] {logging_mixin.py:190} INFO - [2026-08-08T02:08:06.666+0000] {dag.py:3239} INFO - Sync 1 DAGs
[2026-08-08T02:08:06.699+0000] {logging_mixin.py:190} INFO - [2026-08-08T02:08:06.699+0000] {dag.py:4180} INFO - Setting next_dagrun for example_weekday_branch_operator to 2026-08-07 00:00:00+00:00, run_after=2026-08-08 00:00:00+00:00
[2026-08-08T02:08:06.721+0000] {processor.py:208} INFO - Processing /home/airflow/.local/lib/python3.12/site-packages/airflow/example_dags/example_branch_day_of_week_operator.py took 0.099 seconds
[2026-08-08T02:08:37.236+0000] {processor.py:186} INFO - Started process (PID=7603) to work on /home/airflow/.local/lib/python3.12/site-packages/airflow/example_dags/example_branch_day_of_week_operator.py
[2026-08-08T02:08:37.238+0000] {processor.py:914} INFO - Processing file /home/airflow/.local/lib/python3.12/site-packages/airflow/example_dags/example_branch_day_of_week_operator.py for tasks to queue
[2026-08-08T02:08:37.240+0000] {logging_mixin.py:190} INFO - [2026-08-08T02:08:37.240+0000] {dagbag.py:588} INFO - Filling up the DagBag from /home/airflow/.local/lib/python3.12/site-packages/airflow/example_dags/example_branch_day_of_week_operator.py
[2026-08-08T02:08:37.252+0000] {processor.py:925} INFO - DAG(s) 'example_weekday_branch_operator' retrieved from /home/airflow/.local/lib/python3.12/site-packages/airflow/example_dags/example_branch_day_of_week_operator.py
[2026-08-08T02:08:37.274+0000] {logging_mixin.py:190} INFO - [2026-08-08T02:08:37.274+0000] {dag.py:3239} INFO - Sync 1 DAGs
[2026-08-08T02:08:37.305+0000] {logging_mixin.py:190} INFO - [2026-08-08T02:08:37.305+0000] {dag.py:4180} INFO - Setting next_dagrun for example_weekday_branch_operator to 2026-08-07 00:00:00+00:00, run_after=2026-08-08 00:00:00+00:00
[2026-08-08T02:08:37.327+0000] {processor.py:208} INFO - Processing /home/airflow/.local/lib/python3.12/site-packages/airflow/example_dags/example_branch_day_of_week_operator.py took 0.097 seconds
[2026-08-08T02:09:08.292+0000] {processor.py:186} INFO - Started process (PID=7668) to work on /home/airflow/.local/lib/python3.12/site-packages/airflow/example_dags/example_branch_day_of_week_operator.py
[2026-08-08T02:09:08.293+0000] {processor.py:914} INFO - Processing file /home/airflow/.local/lib/python3.12/site-packages/airflow/example_dags/example_branch_day_of_week_operator.py for tasks to queue
[2026-08-08T02:09:08.297+0000] {logging_mixin.py:190} INFO - [2026-08-08T02:09:08.296+0000] {dagbag.py:588} INFO - Filling up the DagBag from /home/airflow/.local/lib/python3.12/site-packages/airflow/example_dags/example_branch_day_of_week_operator.py
[2026-08-08T02:09:08.311+0000] {processor.py:925} INFO - DAG(s) 'example_weekday_branch_operator' retrieved from /home/airflow/.local/lib/python3.12/site-packages/airflow/example_dags/example_branch_day_of_week_operator.py
[2026-08-08T02:09:08.338+0000] {logging_mixin.py:190} INFO - [2026-08-08T02:09:08.338+0000] {dag.py:3239} INFO - Sync 1 DAGs
[2026-08-08T02:09:08.377+0000] {logging_mixin.py:190} INFO - [2026-08-08T02:09:08.376+0000] {dag.py:4180} INFO - Setting next_dagrun for example_weekday_branch_operator to 2026-08-07 00:00:00+00:00, run_after=2026-08-08 00:00:00+00:00
[2026-08-08T02:09:08.398+0000] {processor.py:208} INFO - Processing /home/airflow/.local/lib/python3.12/site-packages/airflow/example_dags/example_branch_day_of_week_operator.py took 0.115 seconds
[2026-08-08T02:09:38.575+0000] {processor.py:186} INFO - Started process (PID=7733) to work on /home/airflow/.local/lib/python3.12/site-packages/airflow/example_dags/example_branch_day_of_week_operator.py
[2026-08-08T02:09:38.576+0000] {processor.py:914} INFO - Processing file /home/airflow/.local/lib/python3.12/site-packages/airflow/example_dags/example_branch_day_of_week_operator.py for tasks to queue
[2026-08-08T02:09:38.579+0000] {logging_mixin.py:190} INFO - [2026-08-08T02:09:38.579+0000] {dagbag.py:588} INFO - Filling up the DagBag from /home/airflow/.local/lib/python3.12/site-packages/airflow/example_dags/example_branch_day_of_week_operator.py
[2026-08-08T02:09:38.590+0000] {processor.py:925} INFO - DAG(s) 'example_weekday_branch_operator' retrieved from /home/airflow/.local/lib/python3.12/site-packages/airflow/example_dags/example_branch_day_of_week_operator.py
[2026-08-08T02:09:38.609+0000] {logging_mixin.py:190} INFO - [2026-08-08T02:09:38.608+0000] {dag.py:3239} INFO - Sync 1 DAGs
[2026-08-08T02:09:38.635+0000] {logging_mixin.py:190} INFO - [2026-08-08T02:09:38.634+0000] {dag.py:4180} INFO - Setting next_dagrun for example_weekday_branch_operator to 2026-08-07 00:00:00+00:00, run_after=2026-08-08 00:00:00+00:00
[2026-08-08T02:09:38.654+0000] {processor.py:208} INFO - Processing /home/airflow/.local/lib/python3.12/site-packages/airflow/example_dags/example_branch_day_of_week_operator.py took 0.086 seconds
[2026-08-08T02:10:08.820+0000] {processor.py:186} INFO - Started process (PID=7798) to work on /home/airflow/.local/lib/python3.12/site-packages/airflow/example_dags/example_branch_day_of_week_operator.py
[2026-08-08T02:10:08.821+0000] {processor.py:914} INFO - Processing file /home/airflow/.local/lib/python3.12/site-packages/airflow/example_dags/example_branch_day_of_week_operator.py for tasks to queue
[2026-08-08T02:10:08.824+0000] {logging_mixin.py:190} INFO - [2026-08-08T02:10:08.823+0000] {dagbag.py:588} INFO - Filling up the DagBag from /home/airflow/.local/lib/python3.12/site-packages/airflow/example_dags/example_branch_day_of_week_operator.py
[2026-08-08T02:10:08.835+0000] {processor.py:925} INFO - DAG(s) 'example_weekday_branch_operator' retrieved from /home/airflow/.local/lib/python3.12/site-packages/airflow/example_dags/example_branch_day_of_week_operator.py
[2026-08-08T02:10:08.858+0000] {logging_mixin.py:190} INFO - [2026-08-08T02:10:08.857+0000] {dag.py:3239} INFO - Sync 1 DAGs
[2026-08-08T02:10:08.889+0000] {logging_mixin.py:190} INFO - [2026-08-08T02:10:08.888+0000] {dag.py:4180} INFO - Setting next_dagrun for example_weekday_branch_operator to 2026-08-07 00:00:00+00:00, run_after=2026-08-08 00:00:00+00:00
[2026-08-08T02:10:08.912+0000] {processor.py:208} INFO - Processing /home/airflow/.local/lib/python3.12/site-packages/airflow/example_dags/example_branch_day_of_week_operator.py took 0.098 seconds
[2026-08-08T02:10:39.025+0000] {processor.py:186} INFO - Started process (PID=7863) to work on /home/airflow/.local/lib/python3.12/site-packages/airflow/example_dags/example_branch_day_of_week_operator.py
[2026-08-08T02:10:39.026+0000] {processor.py:914} INFO - Processing file /home/airflow/.local/lib/python3.12/site-packages/airflow/example_dags/example_branch_day_of_week_operator.py for tasks to queue
[2026-08-08T02:10:39.031+0000] {logging_mixin.py:190} INFO - [2026-08-08T02:10:39.030+0000] {dagbag.py:588} INFO - Filling up the DagBag from /home/airflow/.local/lib/python3.12/site-packages/airflow/example_dags/example_branch_day_of_week_operator.py
[2026-08-08T02:10:39.043+0000] {processor.py:925} INFO - DAG(s) 'example_weekday_branch_operator' retrieved from /home/airflow/.local/lib/python3.12/site-packages/airflow/example_dags/example_branch_day_of_week_operator.py
[2026-08-08T02:10:39.068+0000] {logging_mixin.py:190} INFO - [2026-08-08T02:10:39.067+0000] {dag.py:3239} INFO - Sync 1 DAGs
[2026-08-08T02:10:39.099+0000] {logging_mixin.py:190} INFO - [2026-08-08T02:10:39.099+0000] {dag.py:4180} INFO - Setting next_dagrun for example_weekday_branch_operator to 2026-08-07 00:00:00+00:00, run_after=2026-08-08 00:00:00+00:00
[2026-08-08T02:10:39.121+0000] {processor.py:208} INFO - Processing /home/airflow/.local/lib/python3.12/site-packages/airflow/example_dags/example_branch_day_of_week_operator.py took 0.103 seconds
[2026-08-08T02:11:09.195+0000] {processor.py:186} INFO - Started process (PID=7927) to work on /home/airflow/.local/lib/python3.12/site-packages/airflow/example_dags/example_branch_day_of_week_operator.py
[2026-08-08T02:11:09.197+0000] {processor.py:914} INFO - Processing file /home/airflow/.local/lib/python3.12/site-packages/airflow/example_dags/example_branch_day_of_week_operator.py for tasks to queue
[2026-08-08T02:11:09.199+0000] {logging_mixin.py:190} INFO - [2026-08-08T02:11:09.199+0000] {dagbag.py:588} INFO - Filling up the DagBag from /home/airflow/.local/lib/python3.12/site-packages/airflow/example_dags/example_branch_day_of_week_operator.py
[2026-08-08T02:11:09.210+0000] {processor.py:925} INFO - DAG(s) 'example_weekday_branch_operator' retrieved from /home/airflow/.local/lib/python3.12/site-packages/airflow/example_dags/example_branch_day_of_week_operator.py
[2026-08-08T02:11:09.230+0000] {logging_mixin.py:190} INFO - [2026-08-08T02:11:09.229+0000] {dag.py:3239} INFO - Sync 1 DAGs
[2026-08-08T02:11:09.255+0000] {logging_mixin.py:190} INFO - [2026-08-08T02:11:09.255+0000] {dag.py:4180} INFO - Setting next_dagrun for example_weekday_branch_operator to 2026-08-07 00:00:00+00:00, run_after=2026-08-08 00:00:00+00:00
[2026-08-08T02:11:09.275+0000] {processor.py:208} INFO - Processing /home/airflow/.local/lib/python3.12/site-packages/airflow/example_dags/example_branch_day_of_week_operator.py took 0.086 seconds
[2026-08-08T02:11:39.612+0000] {processor.py:186} INFO - Started process (PID=7992) to work on /home/airflow/.local/lib/python3.12/site-packages/airflow/example_dags/example_branch_day_of_week_operator.py
[2026-08-08T02:11:39.614+0000] {processor.py:914} INFO - Processing file /home/airflow/.local/lib/python3.12/site-packages/airflow/example_dags/example_branch_day_of_week_operator.py for tasks to queue
[2026-08-08T02:11:39.617+0000] {logging_mixin.py:190} INFO - [2026-08-08T02:11:39.617+0000] {dagbag.py:588} INFO - Filling up the DagBag from /home/airflow/.local/lib/python3.12/site-packages/airflow/example_dags/example_branch_day_of_week_operator.py
[2026-08-08T02:11:39.629+0000] {processor.py:925} INFO - DAG(s) 'example_weekday_branch_operator' retrieved from /home/airflow/.local/lib/python3.12/site-packages/airflow/example_dags/example_branch_day_of_week_operator.py
[2026-08-08T02:11:39.651+0000] {logging_mixin.py:190} INFO - [2026-08-08T02:11:39.651+0000] {dag.py:3239} INFO - Sync 1 DAGs
[2026-08-08T02:11:39.677+0000] {logging_mixin.py:190} INFO - [2026-08-08T02:11:39.677+0000] {dag.py:4180} INFO - Setting next_dagrun for example_weekday_branch_operator to 2026-08-07 00:00:00+00:00, run_after=2026-08-08 00:00:00+00:00
[2026-08-08T02:11:39.700+0000] {processor.py:208} INFO - Processing /home/airflow/.local/lib/python3.12/site-packages/airflow/example_dags/example_branch_day_of_week_operator.py took 0.095 seconds
[2026-08-08T02:12:09.802+0000] {processor.py:186} INFO - Started process (PID=8057) to work on /home/airflow/.local/lib/python3.12/site-packages/airflow/example_dags/example_branch_day_of_week_operator.py
[2026-08-08T02:12:09.803+0000] {processor.py:914} INFO - Processing file /home/airflow/.local/lib/python3.12/site-packages/airflow/example_dags/example_branch_day_of_week_operator.py for tasks to queue
[2026-08-08T02:12:09.806+0000] {logging_mixin.py:190} INFO - [2026-08-08T02:12:09.806+0000] {dagbag.py:588} INFO - Filling up the DagBag from /home/airflow/.local/lib/python3.12/site-packages/airflow/example_dags/example_branch_day_of_week_operator.py
[2026-08-08T02:12:09.818+0000] {processor.py:925} INFO - DAG(s) 'example_weekday_branch_operator' retrieved from /home/airflow/.local/lib/python3.12/site-packages/airflow/example_dags/example_branch_day_of_week_operator.py
[2026-08-08T02:12:09.842+0000] {logging_mixin.py:190} INFO - [2026-08-08T02:12:09.842+0000] {dag.py:3239} INFO - Sync 1 DAGs
[2026-08-08T02:12:09.871+0000] {logging_mixin.py:190} INFO - [2026-08-08T02:12:09.871+0000] {dag.py:4180} INFO - Setting next_dagrun for example_weekday_branch_operator to 2026-08-07 00:00:00+00:00, run_after=2026-08-08 00:00:00+00:00
[2026-08-08T02:12:09.896+0000] {processor.py:208} INFO - Processing /home/airflow/.local/lib/python3.12/site-packages/airflow/example_dags/example_branch_day_of_week_operator.py took 0.101 seconds
[2026-08-08T02:12:40.028+0000] {processor.py:186} INFO - Started process (PID=8122) to work on /home/airflow/.local/lib/python3.12/site-packages/airflow/example_dags/example_branch_day_of_week_operator.py
[2026-08-08T02:12:40.030+0000] {processor.py:914} INFO - Processing file /home/airflow/.local/lib/python3.12/site-packages/airflow/example_dags/example_branch_day_of_week_operator.py for tasks to queue
[2026-08-08T02:12:40.033+0000] {logging_mixin.py:190} INFO - [2026-08-08T02:12:40.032+0000] {dagbag.py:588} INFO - Filling up the DagBag from /home/airflow/.local/lib/python3.12/site-packages/airflow/example_dags/example_branch_day_of_week_operator.py
[2026-08-08T02:12:40.045+0000] {processor.py:925} INFO - DAG(s) 'example_weekday_branch_operator' retrieved from /home/airflow/.local/lib/python3.12/site-packages/airflow/example_dags/example_branch_day_of_week_operator.py
[2026-08-08T02:12:40.068+0000] {logging_mixin.py:190} INFO - [2026-08-08T02:12:40.068+0000] {dag.py:3239} INFO - Sync 1 DAGs
[2026-08-08T02:12:40.098+0000] {logging_mixin.py:190} INFO - [2026-08-08T02:12:40.097+0000] {dag.py:4180} INFO - Setting next_dagrun for example_weekday_branch_operator to 2026-08-07 00:00:00+00:00, run_after=2026-08-08 00:00:00+00:00
[2026-08-08T02:12:40.119+0000] {processor.py:208} INFO - Processing /home/airflow/.local/lib/python3.12/site-packages/airflow/example_dags/example_branch_day_of_week_operator.py took 0.098 seconds
[2026-08-08T02:13:10.350+0000] {processor.py:186} INFO - Started process (PID=8187) to work on /home/airflow/.local/lib/python3.12/site-packages/airflow/example_dags/example_branch_day_of_week_operator.py
[2026-08-08T02:13:10.352+0000] {processor.py:914} INFO - Processing file /home/airflow/.local/lib/python3.12/site-packages/airflow/example_dags/example_branch_day_of_week_operator.py for tasks to queue
[2026-08-08T02:13:10.354+0000] {logging_mixin.py:190} INFO - [2026-08-08T02:13:10.354+0000] {dagbag.py:588} INFO - Filling up the DagBag from /home/airflow/.local/lib/python3.12/site-packages/airflow/example_dags/example_branch_day_of_week_operator.py
[2026-08-08T02:13:10.368+0000] {processor.py:925} INFO - DAG(s) 'example_weekday_branch_operator' retrieved from /home/airflow/.local/lib/python3.12/site-packages/airflow/example_dags/example_branch_day_of_week_operator.py
[2026-08-08T02:13:10.388+0000] {logging_mixin.py:190} INFO - [2026-08-08T02:13:10.388+0000] {dag.py:3239} INFO - Sync 1 DAGs
[2026-08-08T02:13:10.412+0000] {logging_mixin.py:190} INFO - [2026-08-08T02:13:10.412+0000] {dag.py:4180} INFO - Setting next_dagrun for example_weekday_branch_operator to 2026-08-07 00:00:00+00:00, run_after=2026-08-08 00:00:00+00:00
[2026-08-08T02:13:10.440+0000] {processor.py:208} INFO - Processing /home/airflow/.local/lib/python3.12/site-packages/airflow/example_dags/example_branch_day_of_week_operator.py took 0.096 seconds
[2026-08-08T02:13:40.551+0000] {processor.py:186} INFO - Started process (PID=8252) to work on /home/airflow/.local/lib/python3.12/site-packages/airflow/example_dags/example_branch_day_of_week_operator.py
[2026-08-08T02:13:40.552+0000] {processor.py:914} INFO - Processing file /home/airflow/.local/lib/python3.12/site-packages/airflow/example_dags/example_branch_day_of_week_operator.py for tasks to queue
[2026-08-08T02:13:40.556+0000] {logging_mixin.py:190} INFO - [2026-08-08T02:13:40.555+0000] {dagbag.py:588} INFO - Filling up the DagBag from /home/airflow/.local/lib/python3.12/site-packages/airflow/example_dags/example_branch_day_of_week_operator.py
[2026-08-08T02:13:40.570+0000] {processor.py:925} INFO - DAG(s) 'example_weekday_branch_operator' retrieved from /home/airflow/.local/lib/python3.12/site-packages/airflow/example_dags/example_branch_day_of_week_operator.py
[2026-08-08T02:13:40.601+0000] {logging_mixin.py:190} INFO - [2026-08-08T02:13:40.598+0000] {dag.py:3239} INFO - Sync 1 DAGs
[2026-08-08T02:13:40.725+0000] {logging_mixin.py:190} INFO - [2026-08-08T02:13:40.725+0000] {dag.py:4180} INFO - Setting next_dagrun for example_weekday_branch_operator to 2026-08-07 00:00:00+00:00, run_after=2026-08-08 00:00:00+00:00
[2026-08-08T02:13:40.769+0000] {processor.py:208} INFO - Processing /home/airflow/.local/lib/python3.12/site-packages/airflow/example_dags/example_branch_day_of_week_operator.py took 0.226 seconds
[2026-08-08T02:14:11.146+0000] {processor.py:186} INFO - Started process (PID=8317) to work on /home/airflow/.local/lib/python3.12/site-packages/airflow/example_dags/example_branch_day_of_week_operator.py
[2026-08-08T02:14:11.147+0000] {processor.py:914} INFO - Processing file /home/airflow/.local/lib/python3.12/site-packages/airflow/example_dags/example_branch_day_of_week_operator.py for tasks to queue
[2026-08-08T02:14:11.151+0000] {logging_mixin.py:190} INFO - [2026-08-08T02:14:11.150+0000] {dagbag.py:588} INFO - Filling up the DagBag from /home/airflow/.local/lib/python3.12/site-packages/airflow/example_dags/example_branch_day_of_week_operator.py
[2026-08-08T02:14:11.163+0000] {processor.py:925} INFO - DAG(s) 'example_weekday_branch_operator' retrieved from /home/airflow/.local/lib/python3.12/site-packages/airflow/example_dags/example_branch_day_of_week_operator.py
[2026-08-08T02:14:11.188+0000] {logging_mixin.py:190} INFO - [2026-08-08T02:14:11.187+0000] {dag.py:3239} INFO - Sync 1 DAGs
[2026-08-08T02:14:11.227+0000] {logging_mixin.py:190} INFO - [2026-08-08T02:14:11.227+0000] {dag.py:4180} INFO - Setting next_dagrun for example_weekday_branch_operator to 2026-08-07 00:00:00+00:00, run_after=2026-08-08 00:00:00+00:00
[2026-08-08T02:14:11.250+0000] {processor.py:208} INFO - Processing /home/airflow/.local/lib/python3.12/site-packages/airflow/example_dags/example_branch_day_of_week_operator.py took 0.113 seconds
[2026-08-08T02:14:41.576+0000] {processor.py:186} INFO - Started process (PID=8382) to work on /home/airflow/.local/lib/python3.12/site-packages/airflow/example_dags/example_branch_day_of_week_operator.py
[2026-08-08T02:14:41.577+0000] {processor.py:914} INFO - Processing file /home/airflow/.local/lib/python3.12/site-packages/airflow/example_dags/example_branch_day_of_week_operator.py for tasks to queue
[2026-08-08T02:14:41.580+0000] {logging_mixin.py:190} INFO - [2026-08-08T02:14:41.580+0000] {dagbag.py:588} INFO - Filling up the DagBag from /home/airflow/.local/lib/python3.12/site-packages/airflow/example_dags/example_branch_day_of_week_operator.py
[2026-08-08T02:14:41.591+0000] {processor.py:925} INFO - DAG(s) 'example_weekday_branch_operator' retrieved from /home/airflow/.local/lib/python3.12/site-packages/airflow/example_dags/example_branch_day_of_week_operator.py
[2026-08-08T02:14:41.612+0000] {logging_mixin.py:190} INFO - [2026-08-08T02:14:41.612+0000] {dag.py:3239} INFO - Sync 1 DAGs
[2026-08-08T02:14:41.640+0000] {logging_mixin.py:190} INFO - [2026-08-08T02:14:41.639+0000] {dag.py:4180} INFO - Setting next_dagrun for example_weekday_branch_operator to 2026-08-07 00:00:00+00:00, run_after=2026-08-08 00:00:00+00:00
[2026-08-08T02:14:41.663+0000] {processor.py:208} INFO - Processing /home/airflow/.local/lib/python3.12/site-packages/airflow/example_dags/example_branch_day_of_week_operator.py took 0.093 seconds
[2026-08-08T02:15:12.028+0000] {processor.py:186} INFO - Started process (PID=8447) to work on /home/airflow/.local/lib/python3.12/site-packages/airflow/example_dags/example_branch_day_of_week_operator.py
[2026-08-08T02:15:12.030+0000] {processor.py:914} INFO - Processing file /home/airflow/.local/lib/python3.12/site-packages/airflow/example_dags/example_branch_day_of_week_operator.py for tasks to queue
[2026-08-08T02:15:12.034+0000] {logging_mixin.py:190} INFO - [2026-08-08T02:15:12.034+0000] {dagbag.py:588} INFO - Filling up the DagBag from /home/airflow/.local/lib/python3.12/site-packages/airflow/example_dags/example_branch_day_of_week_operator.py
[2026-08-08T02:15:12.048+0000] {processor.py:925} INFO - DAG(s) 'example_weekday_branch_operator' retrieved from /home/airflow/.local/lib/python3.12/site-packages/airflow/example_dags/example_branch_day_of_week_operator.py
[2026-08-08T02:15:12.098+0000] {logging_mixin.py:190} INFO - [2026-08-08T02:15:12.098+0000] {dag.py:3239} INFO - Sync 1 DAGs
[2026-08-08T02:15:12.158+0000] {logging_mixin.py:190} INFO - [2026-08-08T02:15:12.158+0000] {dag.py:4180} INFO - Setting next_dagrun for example_weekday_branch_operator to 2026-08-07 00:00:00+00:00, run_after=2026-08-08 00:00:00+00:00
[2026-08-08T02:15:12.196+0000] {processor.py:208} INFO - Processing /home/airflow/.local/lib/python3.12/site-packages/airflow/example_dags/example_branch_day_of_week_operator.py took 0.176 seconds
[2026-08-08T02:15:42.534+0000] {processor.py:186} INFO - Started process (PID=8512) to work on /home/airflow/.local/lib/python3.12/site-packages/airflow/example_dags/example_branch_day_of_week_operator.py
[2026-08-08T02:15:42.535+0000] {processor.py:914} INFO - Processing file /home/airflow/.local/lib/python3.12/site-packages/airflow/example_dags/example_branch_day_of_week_operator.py for tasks to queue
[2026-08-08T02:15:42.538+0000] {logging_mixin.py:190} INFO - [2026-08-08T02:15:42.538+0000] {dagbag.py:588} INFO - Filling up the DagBag from /home/airflow/.local/lib/python3.12/site-packages/airflow/example_dags/example_branch_day_of_week_operator.py
[2026-08-08T02:15:42.550+0000] {processor.py:925} INFO - DAG(s) 'example_weekday_branch_operator' retrieved from /home/airflow/.local/lib/python3.12/site-packages/airflow/example_dags/example_branch_day_of_week_operator.py
[2026-08-08T02:15:42.572+0000] {logging_mixin.py:190} INFO - [2026-08-08T02:15:42.572+0000] {dag.py:3239} INFO - Sync 1 DAGs
[2026-08-08T02:15:42.599+0000] {logging_mixin.py:190} INFO - [2026-08-08T02:15:42.598+0000] {dag.py:4180} INFO - Setting next_dagrun for example_weekday_branch_operator to 2026-08-07 00:00:00+00:00, run_after=2026-08-08 00:00:00+00:00
[2026-08-08T02:15:42.620+0000] {processor.py:208} INFO - Processing /home/airflow/.local/lib/python3.12/site-packages/airflow/example_dags/example_branch_day_of_week_operator.py took 0.091 seconds
[2026-08-08T02:16:12.894+0000] {processor.py:186} INFO - Started process (PID=8577) to work on /home/airflow/.local/lib/python3.12/site-packages/airflow/example_dags/example_branch_day_of_week_operator.py
[2026-08-08T02:16:12.896+0000] {processor.py:914} INFO - Processing file /home/airflow/.local/lib/python3.12/site-packages/airflow/example_dags/example_branch_day_of_week_operator.py for tasks to queue
[2026-08-08T02:16:12.899+0000] {logging_mixin.py:190} INFO - [2026-08-08T02:16:12.899+0000] {dagbag.py:588} INFO - Filling up the DagBag from /home/airflow/.local/lib/python3.12/site-packages/airflow/example_dags/example_branch_day_of_week_operator.py
[2026-08-08T02:16:12.910+0000] {processor.py:925} INFO - DAG(s) 'example_weekday_branch_operator' retrieved from /home/airflow/.local/lib/python3.12/site-packages/airflow/example_dags/example_branch_day_of_week_operator.py
[2026-08-08T02:16:12.936+0000] {logging_mixin.py:190} INFO - [2026-08-08T02:16:12.936+0000] {dag.py:3239} INFO - Sync 1 DAGs
[2026-08-08T02:16:12.966+0000] {logging_mixin.py:190} INFO - [2026-08-08T02:16:12.966+0000] {dag.py:4180} INFO - Setting next_dagrun for example_weekday_branch_operator to 2026-08-07 00:00:00+00:00, run_after=2026-08-08 00:00:00+00:00
[2026-08-08T02:16:12.987+0000] {processor.py:208} INFO - Processing /home/airflow/.local/lib/python3.12/site-packages/airflow/example_dags/example_branch_day_of_week_operator.py took 0.099 seconds
[2026-08-08T02:16:43.200+0000] {processor.py:186} INFO - Started process (PID=8642) to work on /home/airflow/.local/lib/python3.12/site-packages/airflow/example_dags/example_branch_day_of_week_operator.py
[2026-08-08T02:16:43.201+0000] {processor.py:914} INFO - Processing file /home/airflow/.local/lib/python3.12/site-packages/airflow/example_dags/example_branch_day_of_week_operator.py for tasks to queue
[2026-08-08T02:16:43.204+0000] {logging_mixin.py:190} INFO - [2026-08-08T02:16:43.204+0000] {dagbag.py:588} INFO - Filling up the DagBag from /home/airflow/.local/lib/python3.12/site-packages/airflow/example_dags/example_branch_day_of_week_operator.py
[2026-08-08T02:16:43.215+0000] {processor.py:925} INFO - DAG(s) 'example_weekday_branch_operator' retrieved from /home/airflow/.local/lib/python3.12/site-packages/airflow/example_dags/example_branch_day_of_week_operator.py
[2026-08-08T02:16:43.239+0000] {logging_mixin.py:190} INFO - [2026-08-08T02:16:43.239+0000] {dag.py:3239} INFO - Sync 1 DAGs
[2026-08-08T02:16:43.273+0000] {logging_mixin.py:190} INFO - [2026-08-08T02:16:43.273+0000] {dag.py:4180} INFO - Setting next_dagrun for example_weekday_branch_operator to 2026-08-07 00:00:00+00:00, run_after=2026-08-08 00:00:00+00:00
[2026-08-08T02:16:43.302+0000] {processor.py:208} INFO - Processing /home/airflow/.local/lib/python3.12/site-packages/airflow/example_dags/example_branch_day_of_week_operator.py took 0.109 seconds
[2026-08-08T02:17:13.617+0000] {processor.py:186} INFO - Started process (PID=8707) to work on /home/airflow/.local/lib/python3.12/site-packages/airflow/example_dags/example_branch_day_of_week_operator.py
[2026-08-08T02:17:13.619+0000] {processor.py:914} INFO - Processing file /home/airflow/.local/lib/python3.12/site-packages/airflow/example_dags/example_branch_day_of_week_operator.py for tasks to queue
[2026-08-08T02:17:13.622+0000] {logging_mixin.py:190} INFO - [2026-08-08T02:17:13.622+0000] {dagbag.py:588} INFO - Filling up the DagBag from /home/airflow/.local/lib/python3.12/site-packages/airflow/example_dags/example_branch_day_of_week_operator.py
[2026-08-08T02:17:13.635+0000] {processor.py:925} INFO - DAG(s) 'example_weekday_branch_operator' retrieved from /home/airflow/.local/lib/python3.12/site-packages/airflow/example_dags/example_branch_day_of_week_operator.py
[2026-08-08T02:17:13.662+0000] {logging_mixin.py:190} INFO - [2026-08-08T02:17:13.662+0000] {dag.py:3239} INFO - Sync 1 DAGs
[2026-08-08T02:17:13.701+0000] {logging_mixin.py:190} INFO - [2026-08-08T02:17:13.701+0000] {dag.py:4180} INFO - Setting next_dagrun for example_weekday_branch_operator to 2026-08-07 00:00:00+00:00, run_after=2026-08-08 00:00:00+00:00
[2026-08-08T02:17:13.732+0000] {processor.py:208} INFO - Processing /home/airflow/.local/lib/python3.12/site-packages/airflow/example_dags/example_branch_day_of_week_operator.py took 0.122 seconds
[2026-08-08T02:17:47.874+0000] {processor.py:186} INFO - Started process (PID=8771) to work on /home/airflow/.local/lib/python3.12/site-packages/airflow/example_dags/example_branch_day_of_week_operator.py
[2026-08-08T02:17:47.876+0000] {processor.py:914} INFO - Processing file /home/airflow/.local/lib/python3.12/site-packages/airflow/example_dags/example_branch_day_of_week_operator.py for tasks to queue
[2026-08-08T02:17:47.880+0000] {logging_mixin.py:190} INFO - [2026-08-08T02:17:47.879+0000] {dagbag.py:588} INFO - Filling up the DagBag from /home/airflow/.local/lib/python3.12/site-packages/airflow/example_dags/example_branch_day_of_week_operator.py
[2026-08-08T02:17:47.892+0000] {processor.py:925} INFO - DAG(s) 'example_weekday_branch_operator' retrieved from /home/airflow/.local/lib/python3.12/site-packages/airflow/example_dags/example_branch_day_of_week_operator.py
[2026-08-08T02:17:47.916+0000] {logging_mixin.py:190} INFO - [2026-08-08T02:17:47.916+0000] {dag.py:3239} INFO - Sync 1 DAGs
[2026-08-08T02:17:47.946+0000] {logging_mixin.py:190} INFO - [2026-08-08T02:17:47.946+0000] {dag.py:4180} INFO - Setting next_dagrun for example_weekday_branch_operator to 2026-08-07 00:00:00+00:00, run_after=2026-08-08 00:00:00+00:00
[2026-08-08T02:17:47.974+0000] {processor.py:208} INFO - Processing /home/airflow/.local/lib/python3.12/site-packages/airflow/example_dags/example_branch_day_of_week_operator.py took 0.107 seconds
[2026-08-08T02:18:18.094+0000] {processor.py:186} INFO - Started process (PID=8835) to work on /home/airflow/.local/lib/python3.12/site-packages/airflow/example_dags/example_branch_day_of_week_operator.py
[2026-08-08T02:18:18.095+0000] {processor.py:914} INFO - Processing file /home/airflow/.local/lib/python3.12/site-packages/airflow/example_dags/example_branch_day_of_week_operator.py for tasks to queue
[2026-08-08T02:18:18.098+0000] {logging_mixin.py:190} INFO - [2026-08-08T02:18:18.098+0000] {dagbag.py:588} INFO - Filling up the DagBag from /home/airflow/.local/lib/python3.12/site-packages/airflow/example_dags/example_branch_day_of_week_operator.py
[2026-08-08T02:18:18.110+0000] {processor.py:925} INFO - DAG(s) 'example_weekday_branch_operator' retrieved from /home/airflow/.local/lib/python3.12/site-packages/airflow/example_dags/example_branch_day_of_week_operator.py
[2026-08-08T02:18:18.132+0000] {logging_mixin.py:190} INFO - [2026-08-08T02:18:18.131+0000] {dag.py:3239} INFO - Sync 1 DAGs
[2026-08-08T02:18:18.157+0000] {logging_mixin.py:190} INFO - [2026-08-08T02:18:18.157+0000] {dag.py:4180} INFO - Setting next_dagrun for example_weekday_branch_operator to 2026-08-07 00:00:00+00:00, run_after=2026-08-08 00:00:00+00:00
[2026-08-08T02:18:18.177+0000] {processor.py:208} INFO - Processing /home/airflow/.local/lib/python3.12/site-packages/airflow/example_dags/example_branch_day_of_week_operator.py took 0.089 seconds
[2026-08-08T02:18:49.338+0000] {processor.py:186} INFO - Started process (PID=8900) to work on /home/airflow/.local/lib/python3.12/site-packages/airflow/example_dags/example_branch_day_of_week_operator.py
[2026-08-08T02:18:49.339+0000] {processor.py:914} INFO - Processing file /home/airflow/.local/lib/python3.12/site-packages/airflow/example_dags/example_branch_day_of_week_operator.py for tasks to queue
[2026-08-08T02:18:49.343+0000] {logging_mixin.py:190} INFO - [2026-08-08T02:18:49.343+0000] {dagbag.py:588} INFO - Filling up the DagBag from /home/airflow/.local/lib/python3.12/site-packages/airflow/example_dags/example_branch_day_of_week_operator.py
[2026-08-08T02:18:49.359+0000] {processor.py:925} INFO - DAG(s) 'example_weekday_branch_operator' retrieved from /home/airflow/.local/lib/python3.12/site-packages/airflow/example_dags/example_branch_day_of_week_operator.py
[2026-08-08T02:18:49.405+0000] {logging_mixin.py:190} INFO - [2026-08-08T02:18:49.405+0000] {dag.py:3239} INFO - Sync 1 DAGs
[2026-08-08T02:18:49.452+0000] {logging_mixin.py:190} INFO - [2026-08-08T02:18:49.452+0000] {dag.py:4180} INFO - Setting next_dagrun for example_weekday_branch_operator to 2026-08-07 00:00:00+00:00, run_after=2026-08-08 00:00:00+00:00
[2026-08-08T02:18:49.498+0000] {processor.py:208} INFO - Processing /home/airflow/.local/lib/python3.12/site-packages/airflow/example_dags/example_branch_day_of_week_operator.py took 0.170 seconds
[2026-08-08T02:19:20.403+0000] {processor.py:186} INFO - Started process (PID=8965) to work on /home/airflow/.local/lib/python3.12/site-packages/airflow/example_dags/example_branch_day_of_week_operator.py
[2026-08-08T02:19:20.405+0000] {processor.py:914} INFO - Processing file /home/airflow/.local/lib/python3.12/site-packages/airflow/example_dags/example_branch_day_of_week_operator.py for tasks to queue
[2026-08-08T02:19:20.410+0000] {logging_mixin.py:190} INFO - [2026-08-08T02:19:20.410+0000] {dagbag.py:588} INFO - Filling up the DagBag from /home/airflow/.local/lib/python3.12/site-packages/airflow/example_dags/example_branch_day_of_week_operator.py
[2026-08-08T02:19:20.433+0000] {processor.py:925} INFO - DAG(s) 'example_weekday_branch_operator' retrieved from /home/airflow/.local/lib/python3.12/site-packages/airflow/example_dags/example_branch_day_of_week_operator.py
[2026-08-08T02:19:20.466+0000] {logging_mixin.py:190} INFO - [2026-08-08T02:19:20.465+0000] {dag.py:3239} INFO - Sync 1 DAGs
[2026-08-08T02:19:20.499+0000] {logging_mixin.py:190} INFO - [2026-08-08T02:19:20.499+0000] {dag.py:4180} INFO - Setting next_dagrun for example_weekday_branch_operator to 2026-08-07 00:00:00+00:00, run_after=2026-08-08 00:00:00+00:00
[2026-08-08T02:19:20.525+0000] {processor.py:208} INFO - Processing /home/airflow/.local/lib/python3.12/site-packages/airflow/example_dags/example_branch_day_of_week_operator.py took 0.131 seconds
[2026-08-08T02:19:51.279+0000] {processor.py:186} INFO - Started process (PID=9030) to work on /home/airflow/.local/lib/python3.12/site-packages/airflow/example_dags/example_branch_day_of_week_operator.py
[2026-08-08T02:19:51.280+0000] {processor.py:914} INFO - Processing file /home/airflow/.local/lib/python3.12/site-packages/airflow/example_dags/example_branch_day_of_week_operator.py for tasks to queue
[2026-08-08T02:19:51.284+0000] {logging_mixin.py:190} INFO - [2026-08-08T02:19:51.284+0000] {dagbag.py:588} INFO - Filling up the DagBag from /home/airflow/.local/lib/python3.12/site-packages/airflow/example_dags/example_branch_day_of_week_operator.py
[2026-08-08T02:19:51.297+0000] {processor.py:925} INFO - DAG(s) 'example_weekday_branch_operator' retrieved from /home/airflow/.local/lib/python3.12/site-packages/airflow/example_dags/example_branch_day_of_week_operator.py
[2026-08-08T02:19:51.320+0000] {logging_mixin.py:190} INFO - [2026-08-08T02:19:51.320+0000] {dag.py:3239} INFO - Sync 1 DAGs
[2026-08-08T02:19:51.351+0000] {logging_mixin.py:190} INFO - [2026-08-08T02:19:51.351+0000] {dag.py:4180} INFO - Setting next_dagrun for example_weekday_branch_operator to 2026-08-07 00:00:00+00:00, run_after=2026-08-08 00:00:00+00:00
[2026-08-08T02:19:51.373+0000] {processor.py:208} INFO - Processing /home/airflow/.local/lib/python3.12/site-packages/airflow/example_dags/example_branch_day_of_week_operator.py took 0.100 seconds
[2026-08-08T02:20:21.480+0000] {processor.py:186} INFO - Started process (PID=9094) to work on /home/airflow/.local/lib/python3.12/site-packages/airflow/example_dags/example_branch_day_of_week_operator.py
[2026-08-08T02:20:21.481+0000] {processor.py:914} INFO - Processing file /home/airflow/.local/lib/python3.12/site-packages/airflow/example_dags/example_branch_day_of_week_operator.py for tasks to queue
[2026-08-08T02:20:21.484+0000] {logging_mixin.py:190} INFO - [2026-08-08T02:20:21.484+0000] {dagbag.py:588} INFO - Filling up the DagBag from /home/airflow/.local/lib/python3.12/site-packages/airflow/example_dags/example_branch_day_of_week_operator.py
[2026-08-08T02:20:21.494+0000] {processor.py:925} INFO - DAG(s) 'example_weekday_branch_operator' retrieved from /home/airflow/.local/lib/python3.12/site-packages/airflow/example_dags/example_branch_day_of_week_operator.py
[2026-08-08T02:20:21.516+0000] {logging_mixin.py:190} INFO - [2026-08-08T02:20:21.516+0000] {dag.py:3239} INFO - Sync 1 DAGs
[2026-08-08T02:20:21.545+0000] {logging_mixin.py:190} INFO - [2026-08-08T02:20:21.544+0000] {dag.py:4180} INFO - Setting next_dagrun for example_weekday_branch_operator to 2026-08-07 00:00:00+00:00, run_after=2026-08-08 00:00:00+00:00
[2026-08-08T02:20:21.568+0000] {processor.py:208} INFO - Processing /home/airflow/.local/lib/python3.12/site-packages/airflow/example_dags/example_branch_day_of_week_operator.py took 0.094 seconds
[2026-08-08T02:20:51.686+0000] {processor.py:186} INFO - Started process (PID=9159) to work on /home/airflow/.local/lib/python3.12/site-packages/airflow/example_dags/example_branch_day_of_week_operator.py
[2026-08-08T02:20:51.687+0000] {processor.py:914} INFO - Processing file /home/airflow/.local/lib/python3.12/site-packages/airflow/example_dags/example_branch_day_of_week_operator.py for tasks to queue
[2026-08-08T02:20:51.690+0000] {logging_mixin.py:190} INFO - [2026-08-08T02:20:51.690+0000] {dagbag.py:588} INFO - Filling up the DagBag from /home/airflow/.local/lib/python3.12/site-packages/airflow/example_dags/example_branch_day_of_week_operator.py
[2026-08-08T02:20:51.703+0000] {processor.py:925} INFO - DAG(s) 'example_weekday_branch_operator' retrieved from /home/airflow/.local/lib/python3.12/site-packages/airflow/example_dags/example_branch_day_of_week_operator.py
[2026-08-08T02:20:51.725+0000] {logging_mixin.py:190} INFO - [2026-08-08T02:20:51.724+0000] {dag.py:3239} INFO - Sync 1 DAGs
[2026-08-08T02:20:51.752+0000] {logging_mixin.py:190} INFO - [2026-08-08T02:20:51.751+0000] {dag.py:4180} INFO - Setting next_dagrun for example_weekday_branch_operator to 2026-08-07 00:00:00+00:00, run_after=2026-08-08 00:00:00+00:00
[2026-08-08T02:20:51.772+0000] {processor.py:208} INFO - Processing /home/airflow/.local/lib/python3.12/site-packages/airflow/example_dags/example_branch_day_of_week_operator.py took 0.093 seconds
[2026-08-08T02:21:22.645+0000] {processor.py:186} INFO - Started process (PID=9225) to work on /home/airflow/.local/lib/python3.12/site-packages/airflow/example_dags/example_branch_day_of_week_operator.py
[2026-08-08T02:21:22.647+0000] {processor.py:914} INFO - Processing file /home/airflow/.local/lib/python3.12/site-packages/airflow/example_dags/example_branch_day_of_week_operator.py for tasks to queue
[2026-08-08T02:21:22.650+0000] {logging_mixin.py:190} INFO - [2026-08-08T02:21:22.649+0000] {dagbag.py:588} INFO - Filling up the DagBag from /home/airflow/.local/lib/python3.12/site-packages/airflow/example_dags/example_branch_day_of_week_operator.py
[2026-08-08T02:21:22.662+0000] {processor.py:925} INFO - DAG(s) 'example_weekday_branch_operator' retrieved from /home/airflow/.local/lib/python3.12/site-packages/airflow/example_dags/example_branch_day_of_week_operator.py
[2026-08-08T02:21:22.691+0000] {logging_mixin.py:190} INFO - [2026-08-08T02:21:22.691+0000] {dag.py:3239} INFO - Sync 1 DAGs
[2026-08-08T02:21:22.724+0000] {logging_mixin.py:190} INFO - [2026-08-08T02:21:22.724+0000] {dag.py:4180} INFO - Setting next_dagrun for example_weekday_branch_operator to 2026-08-07 00:00:00+00:00, run_after=2026-08-08 00:00:00+00:00
[2026-08-08T02:21:22.749+0000] {processor.py:208} INFO - Processing /home/airflow/.local/lib/python3.12/site-packages/airflow/example_dags/example_branch_day_of_week_operator.py took 0.112 seconds
[2026-08-08T02:21:52.895+0000] {processor.py:186} INFO - Started process (PID=9289) to work on /home/airflow/.local/lib/python3.12/site-packages/airflow/example_dags/example_branch_day_of_week_operator.py
[2026-08-08T02:21:52.896+0000] {processor.py:914} INFO - Processing file /home/airflow/.local/lib/python3.12/site-packages/airflow/example_dags/example_branch_day_of_week_operator.py for tasks to queue
[2026-08-08T02:21:52.899+0000] {logging_mixin.py:190} INFO - [2026-08-08T02:21:52.899+0000] {dagbag.py:588} INFO - Filling up the DagBag from /home/airflow/.local/lib/python3.12/site-packages/airflow/example_dags/example_branch_day_of_week_operator.py
[2026-08-08T02:21:52.911+0000] {processor.py:925} INFO - DAG(s) 'example_weekday_branch_operator' retrieved from /home/airflow/.local/lib/python3.12/site-packages/airflow/example_dags/example_branch_day_of_week_operator.py
[2026-08-08T02:21:52.937+0000] {logging_mixin.py:190} INFO - [2026-08-08T02:21:52.936+0000] {dag.py:3239} INFO - Sync 1 DAGs
[2026-08-08T02:21:52.969+0000] {logging_mixin.py:190} INFO - [2026-08-08T02:21:52.969+0000] {dag.py:4180} INFO - Setting next_dagrun for example_weekday_branch_operator to 2026-08-07 00:00:00+00:00, run_after=2026-08-08 00:00:00+00:00
[2026-08-08T02:21:52.997+0000] {processor.py:208} INFO - Processing /home/airflow/.local/lib/python3.12/site-packages/airflow/example_dags/example_branch_day_of_week_operator.py took 0.108 seconds
[2026-08-08T02:22:23.805+0000] {processor.py:186} INFO - Started process (PID=9354) to work on /home/airflow/.local/lib/python3.12/site-packages/airflow/example_dags/example_branch_day_of_week_operator.py
[2026-08-08T02:22:23.807+0000] {processor.py:914} INFO - Processing file /home/airflow/.local/lib/python3.12/site-packages/airflow/example_dags/example_branch_day_of_week_operator.py for tasks to queue
[2026-08-08T02:22:23.810+0000] {logging_mixin.py:190} INFO - [2026-08-08T02:22:23.810+0000] {dagbag.py:588} INFO - Filling up the DagBag from /home/airflow/.local/lib/python3.12/site-packages/airflow/example_dags/example_branch_day_of_week_operator.py
[2026-08-08T02:22:23.823+0000] {processor.py:925} INFO - DAG(s) 'example_weekday_branch_operator' retrieved from /home/airflow/.local/lib/python3.12/site-packages/airflow/example_dags/example_branch_day_of_week_operator.py
[2026-08-08T02:22:23.847+0000] {logging_mixin.py:190} INFO - [2026-08-08T02:22:23.846+0000] {dag.py:3239} INFO - Sync 1 DAGs
[2026-08-08T02:22:23.876+0000] {logging_mixin.py:190} INFO - [2026-08-08T02:22:23.876+0000] {dag.py:4180} INFO - Setting next_dagrun for example_weekday_branch_operator to 2026-08-07 00:00:00+00:00, run_after=2026-08-08 00:00:00+00:00
[2026-08-08T02:22:24.088+0000] {processor.py:208} INFO - Processing /home/airflow/.local/lib/python3.12/site-packages/airflow/example_dags/example_branch_day_of_week_operator.py took 0.290 seconds
[2026-08-08T02:22:54.613+0000] {processor.py:186} INFO - Started process (PID=9419) to work on /home/airflow/.local/lib/python3.12/site-packages/airflow/example_dags/example_branch_day_of_week_operator.py
[2026-08-08T02:22:54.614+0000] {processor.py:914} INFO - Processing file /home/airflow/.local/lib/python3.12/site-packages/airflow/example_dags/example_branch_day_of_week_operator.py for tasks to queue
[2026-08-08T02:22:54.617+0000] {logging_mixin.py:190} INFO - [2026-08-08T02:22:54.617+0000] {dagbag.py:588} INFO - Filling up the DagBag from /home/airflow/.local/lib/python3.12/site-packages/airflow/example_dags/example_branch_day_of_week_operator.py
[2026-08-08T02:22:54.629+0000] {processor.py:925} INFO - DAG(s) 'example_weekday_branch_operator' retrieved from /home/airflow/.local/lib/python3.12/site-packages/airflow/example_dags/example_branch_day_of_week_operator.py
[2026-08-08T02:22:54.653+0000] {logging_mixin.py:190} INFO - [2026-08-08T02:22:54.653+0000] {dag.py:3239} INFO - Sync 1 DAGs
[2026-08-08T02:22:54.682+0000] {logging_mixin.py:190} INFO - [2026-08-08T02:22:54.682+0000] {dag.py:4180} INFO - Setting next_dagrun for example_weekday_branch_operator to 2026-08-07 00:00:00+00:00, run_after=2026-08-08 00:00:00+00:00
[2026-08-08T02:22:54.895+0000] {processor.py:208} INFO - Processing /home/airflow/.local/lib/python3.12/site-packages/airflow/example_dags/example_branch_day_of_week_operator.py took 0.289 seconds
[2026-08-08T02:23:25.690+0000] {processor.py:186} INFO - Started process (PID=9484) to work on /home/airflow/.local/lib/python3.12/site-packages/airflow/example_dags/example_branch_day_of_week_operator.py
[2026-08-08T02:23:25.691+0000] {processor.py:914} INFO - Processing file /home/airflow/.local/lib/python3.12/site-packages/airflow/example_dags/example_branch_day_of_week_operator.py for tasks to queue
[2026-08-08T02:23:25.694+0000] {logging_mixin.py:190} INFO - [2026-08-08T02:23:25.694+0000] {dagbag.py:588} INFO - Filling up the DagBag from /home/airflow/.local/lib/python3.12/site-packages/airflow/example_dags/example_branch_day_of_week_operator.py
[2026-08-08T02:23:25.706+0000] {processor.py:925} INFO - DAG(s) 'example_weekday_branch_operator' retrieved from /home/airflow/.local/lib/python3.12/site-packages/airflow/example_dags/example_branch_day_of_week_operator.py
[2026-08-08T02:23:25.728+0000] {logging_mixin.py:190} INFO - [2026-08-08T02:23:25.728+0000] {dag.py:3239} INFO - Sync 1 DAGs
[2026-08-08T02:23:25.757+0000] {logging_mixin.py:190} INFO - [2026-08-08T02:23:25.757+0000] {dag.py:4180} INFO - Setting next_dagrun for example_weekday_branch_operator to 2026-08-07 00:00:00+00:00, run_after=2026-08-08 00:00:00+00:00
[2026-08-08T02:23:25.965+0000] {processor.py:208} INFO - Processing /home/airflow/.local/lib/python3.12/site-packages/airflow/example_dags/example_branch_day_of_week_operator.py took 0.282 seconds
[2026-08-08T02:23:56.737+0000] {processor.py:186} INFO - Started process (PID=9549) to work on /home/airflow/.local/lib/python3.12/site-packages/airflow/example_dags/example_branch_day_of_week_operator.py
[2026-08-08T02:23:56.738+0000] {processor.py:914} INFO - Processing file /home/airflow/.local/lib/python3.12/site-packages/airflow/example_dags/example_branch_day_of_week_operator.py for tasks to queue
[2026-08-08T02:23:56.741+0000] {logging_mixin.py:190} INFO - [2026-08-08T02:23:56.740+0000] {dagbag.py:588} INFO - Filling up the DagBag from /home/airflow/.local/lib/python3.12/site-packages/airflow/example_dags/example_branch_day_of_week_operator.py
[2026-08-08T02:23:56.753+0000] {processor.py:925} INFO - DAG(s) 'example_weekday_branch_operator' retrieved from /home/airflow/.local/lib/python3.12/site-packages/airflow/example_dags/example_branch_day_of_week_operator.py
[2026-08-08T02:23:56.778+0000] {logging_mixin.py:190} INFO - [2026-08-08T02:23:56.778+0000] {dag.py:3239} INFO - Sync 1 DAGs
[2026-08-08T02:23:56.812+0000] {logging_mixin.py:190} INFO - [2026-08-08T02:23:56.811+0000] {dag.py:4180} INFO - Setting next_dagrun for example_weekday_branch_operator to 2026-08-07 00:00:00+00:00, run_after=2026-08-08 00:00:00+00:00
[2026-08-08T02:23:57.028+0000] {processor.py:208} INFO - Processing /home/airflow/.local/lib/python3.12/site-packages/airflow/example_dags/example_branch_day_of_week_operator.py took 0.298 seconds
[2026-08-08T02:24:27.503+0000] {processor.py:186} INFO - Started process (PID=9614) to work on /home/airflow/.local/lib/python3.12/site-packages/airflow/example_dags/example_branch_day_of_week_operator.py
[2026-08-08T02:24:27.505+0000] {processor.py:914} INFO - Processing file /home/airflow/.local/lib/python3.12/site-packages/airflow/example_dags/example_branch_day_of_week_operator.py for tasks to queue
[2026-08-08T02:24:27.508+0000] {logging_mixin.py:190} INFO - [2026-08-08T02:24:27.508+0000] {dagbag.py:588} INFO - Filling up the DagBag from /home/airflow/.local/lib/python3.12/site-packages/airflow/example_dags/example_branch_day_of_week_operator.py
[2026-08-08T02:24:27.520+0000] {processor.py:925} INFO - DAG(s) 'example_weekday_branch_operator' retrieved from /home/airflow/.local/lib/python3.12/site-packages/airflow/example_dags/example_branch_day_of_week_operator.py
[2026-08-08T02:24:27.542+0000] {logging_mixin.py:190} INFO - [2026-08-08T02:24:27.542+0000] {dag.py:3239} INFO - Sync 1 DAGs
[2026-08-08T02:24:27.573+0000] {logging_mixin.py:190} INFO - [2026-08-08T02:24:27.572+0000] {dag.py:4180} INFO - Setting next_dagrun for example_weekday_branch_operator to 2026-08-07 00:00:00+00:00, run_after=2026-08-08 00:00:00+00:00
[2026-08-08T02:24:27.763+0000] {processor.py:208} INFO - Processing /home/airflow/.local/lib/python3.12/site-packages/airflow/example_dags/example_branch_day_of_week_operator.py took 0.266 seconds
[2026-08-08T02:24:58.420+0000] {processor.py:186} INFO - Started process (PID=9679) to work on /home/airflow/.local/lib/python3.12/site-packages/airflow/example_dags/example_branch_day_of_week_operator.py
[2026-08-08T02:24:58.421+0000] {processor.py:914} INFO - Processing file /home/airflow/.local/lib/python3.12/site-packages/airflow/example_dags/example_branch_day_of_week_operator.py for tasks to queue
[2026-08-08T02:24:58.424+0000] {logging_mixin.py:190} INFO - [2026-08-08T02:24:58.424+0000] {dagbag.py:588} INFO - Filling up the DagBag from /home/airflow/.local/lib/python3.12/site-packages/airflow/example_dags/example_branch_day_of_week_operator.py
[2026-08-08T02:24:58.435+0000] {processor.py:925} INFO - DAG(s) 'example_weekday_branch_operator' retrieved from /home/airflow/.local/lib/python3.12/site-packages/airflow/example_dags/example_branch_day_of_week_operator.py
[2026-08-08T02:24:58.454+0000] {logging_mixin.py:190} INFO - [2026-08-08T02:24:58.454+0000] {dag.py:3239} INFO - Sync 1 DAGs
[2026-08-08T02:24:58.480+0000] {logging_mixin.py:190} INFO - [2026-08-08T02:24:58.480+0000] {dag.py:4180} INFO - Setting next_dagrun for example_weekday_branch_operator to 2026-08-07 00:00:00+00:00, run_after=2026-08-08 00:00:00+00:00
[2026-08-08T02:24:58.655+0000] {processor.py:208} INFO - Processing /home/airflow/.local/lib/python3.12/site-packages/airflow/example_dags/example_branch_day_of_week_operator.py took 0.242 seconds
[2026-08-08T02:25:29.078+0000] {processor.py:186} INFO - Started process (PID=9744) to work on /home/airflow/.local/lib/python3.12/site-packages/airflow/example_dags/example_branch_day_of_week_operator.py
[2026-08-08T02:25:29.079+0000] {processor.py:914} INFO - Processing file /home/airflow/.local/lib/python3.12/site-packages/airflow/example_dags/example_branch_day_of_week_operator.py for tasks to queue
[2026-08-08T02:25:29.083+0000] {logging_mixin.py:190} INFO - [2026-08-08T02:25:29.082+0000] {dagbag.py:588} INFO - Filling up the DagBag from /home/airflow/.local/lib/python3.12/site-packages/airflow/example_dags/example_branch_day_of_week_operator.py
[2026-08-08T02:25:29.095+0000] {processor.py:925} INFO - DAG(s) 'example_weekday_branch_operator' retrieved from /home/airflow/.local/lib/python3.12/site-packages/airflow/example_dags/example_branch_day_of_week_operator.py
[2026-08-08T02:25:29.120+0000] {logging_mixin.py:190} INFO - [2026-08-08T02:25:29.120+0000] {dag.py:3239} INFO - Sync 1 DAGs
[2026-08-08T02:25:29.150+0000] {logging_mixin.py:190} INFO - [2026-08-08T02:25:29.150+0000] {dag.py:4180} INFO - Setting next_dagrun for example_weekday_branch_operator to 2026-08-07 00:00:00+00:00, run_after=2026-08-08 00:00:00+00:00
[2026-08-08T02:25:29.177+0000] {processor.py:208} INFO - Processing /home/airflow/.local/lib/python3.12/site-packages/airflow/example_dags/example_branch_day_of_week_operator.py took 0.106 seconds
[2026-08-08T02:26:00.107+0000] {processor.py:186} INFO - Started process (PID=9809) to work on /home/airflow/.local/lib/python3.12/site-packages/airflow/example_dags/example_branch_day_of_week_operator.py
[2026-08-08T02:26:00.108+0000] {processor.py:914} INFO - Processing file /home/airflow/.local/lib/python3.12/site-packages/airflow/example_dags/example_branch_day_of_week_operator.py for tasks to queue
[2026-08-08T02:26:00.111+0000] {logging_mixin.py:190} INFO - [2026-08-08T02:26:00.111+0000] {dagbag.py:588} INFO - Filling up the DagBag from /home/airflow/.local/lib/python3.12/site-packages/airflow/example_dags/example_branch_day_of_week_operator.py
[2026-08-08T02:26:00.122+0000] {processor.py:925} INFO - DAG(s) 'example_weekday_branch_operator' retrieved from /home/airflow/.local/lib/python3.12/site-packages/airflow/example_dags/example_branch_day_of_week_operator.py
[2026-08-08T02:26:00.144+0000] {logging_mixin.py:190} INFO - [2026-08-08T02:26:00.144+0000] {dag.py:3239} INFO - Sync 1 DAGs
[2026-08-08T02:26:00.174+0000] {logging_mixin.py:190} INFO - [2026-08-08T02:26:00.173+0000] {dag.py:4180} INFO - Setting next_dagrun for example_weekday_branch_operator to 2026-08-07 00:00:00+00:00, run_after=2026-08-08 00:00:00+00:00
[2026-08-08T02:26:00.196+0000] {processor.py:208} INFO - Processing /home/airflow/.local/lib/python3.12/site-packages/airflow/example_dags/example_branch_day_of_week_operator.py took 0.095 seconds
[2026-08-08T02:26:30.259+0000] {processor.py:186} INFO - Started process (PID=9873) to work on /home/airflow/.local/lib/python3.12/site-packages/airflow/example_dags/example_branch_day_of_week_operator.py
[2026-08-08T02:26:30.260+0000] {processor.py:914} INFO - Processing file /home/airflow/.local/lib/python3.12/site-packages/airflow/example_dags/example_branch_day_of_week_operator.py for tasks to queue
[2026-08-08T02:26:30.263+0000] {logging_mixin.py:190} INFO - [2026-08-08T02:26:30.263+0000] {dagbag.py:588} INFO - Filling up the DagBag from /home/airflow/.local/lib/python3.12/site-packages/airflow/example_dags/example_branch_day_of_week_operator.py
[2026-08-08T02:26:30.273+0000] {processor.py:925} INFO - DAG(s) 'example_weekday_branch_operator' retrieved from /home/airflow/.local/lib/python3.12/site-packages/airflow/example_dags/example_branch_day_of_week_operator.py
[2026-08-08T02:26:30.290+0000] {logging_mixin.py:190} INFO - [2026-08-08T02:26:30.290+0000] {dag.py:3239} INFO - Sync 1 DAGs
[2026-08-08T02:26:30.314+0000] {logging_mixin.py:190} INFO - [2026-08-08T02:26:30.314+0000] {dag.py:4180} INFO - Setting next_dagrun for example_weekday_branch_operator to 2026-08-07 00:00:00+00:00, run_after=2026-08-08 00:00:00+00:00
[2026-08-08T02:26:30.332+0000] {processor.py:208} INFO - Processing /home/airflow/.local/lib/python3.12/site-packages/airflow/example_dags/example_branch_day_of_week_operator.py took 0.078 seconds
[2026-08-08T02:27:00.457+0000] {processor.py:186} INFO - Started process (PID=9938) to work on /home/airflow/.local/lib/python3.12/site-packages/airflow/example_dags/example_branch_day_of_week_operator.py
[2026-08-08T02:27:00.459+0000] {processor.py:914} INFO - Processing file /home/airflow/.local/lib/python3.12/site-packages/airflow/example_dags/example_branch_day_of_week_operator.py for tasks to queue
[2026-08-08T02:27:00.462+0000] {logging_mixin.py:190} INFO - [2026-08-08T02:27:00.461+0000] {dagbag.py:588} INFO - Filling up the DagBag from /home/airflow/.local/lib/python3.12/site-packages/airflow/example_dags/example_branch_day_of_week_operator.py
[2026-08-08T02:27:00.472+0000] {processor.py:925} INFO - DAG(s) 'example_weekday_branch_operator' retrieved from /home/airflow/.local/lib/python3.12/site-packages/airflow/example_dags/example_branch_day_of_week_operator.py
[2026-08-08T02:27:00.495+0000] {logging_mixin.py:190} INFO - [2026-08-08T02:27:00.495+0000] {dag.py:3239} INFO - Sync 1 DAGs
[2026-08-08T02:27:00.525+0000] {logging_mixin.py:190} INFO - [2026-08-08T02:27:00.524+0000] {dag.py:4180} INFO - Setting next_dagrun for example_weekday_branch_operator to 2026-08-07 00:00:00+00:00, run_after=2026-08-08 00:00:00+00:00
[2026-08-08T02:27:00.547+0000] {processor.py:208} INFO - Processing /home/airflow/.local/lib/python3.12/site-packages/airflow/example_dags/example_branch_day_of_week_operator.py took 0.095 seconds
[2026-08-08T02:27:30.762+0000] {processor.py:186} INFO - Started process (PID=10003) to work on /home/airflow/.local/lib/python3.12/site-packages/airflow/example_dags/example_branch_day_of_week_operator.py
[2026-08-08T02:27:30.763+0000] {processor.py:914} INFO - Processing file /home/airflow/.local/lib/python3.12/site-packages/airflow/example_dags/example_branch_day_of_week_operator.py for tasks to queue
[2026-08-08T02:27:30.766+0000] {logging_mixin.py:190} INFO - [2026-08-08T02:27:30.766+0000] {dagbag.py:588} INFO - Filling up the DagBag from /home/airflow/.local/lib/python3.12/site-packages/airflow/example_dags/example_branch_day_of_week_operator.py
[2026-08-08T02:27:30.778+0000] {processor.py:925} INFO - DAG(s) 'example_weekday_branch_operator' retrieved from /home/airflow/.local/lib/python3.12/site-packages/airflow/example_dags/example_branch_day_of_week_operator.py
[2026-08-08T02:27:30.803+0000] {logging_mixin.py:190} INFO - [2026-08-08T02:27:30.803+0000] {dag.py:3239} INFO - Sync 1 DAGs
[2026-08-08T02:27:30.833+0000] {logging_mixin.py:190} INFO - [2026-08-08T02:27:30.833+0000] {dag.py:4180} INFO - Setting next_dagrun for example_weekday_branch_operator to 2026-08-07 00:00:00+00:00, run_after=2026-08-08 00:00:00+00:00
[2026-08-08T02:27:30.857+0000] {processor.py:208} INFO - Processing /home/airflow/.local/lib/python3.12/site-packages/airflow/example_dags/example_branch_day_of_week_operator.py took 0.101 seconds
[2026-08-08T02:28:00.984+0000] {processor.py:186} INFO - Started process (PID=10068) to work on /home/airflow/.local/lib/python3.12/site-packages/airflow/example_dags/example_branch_day_of_week_operator.py
[2026-08-08T02:28:00.985+0000] {processor.py:914} INFO - Processing file /home/airflow/.local/lib/python3.12/site-packages/airflow/example_dags/example_branch_day_of_week_operator.py for tasks to queue
[2026-08-08T02:28:00.989+0000] {logging_mixin.py:190} INFO - [2026-08-08T02:28:00.989+0000] {dagbag.py:588} INFO - Filling up the DagBag from /home/airflow/.local/lib/python3.12/site-packages/airflow/example_dags/example_branch_day_of_week_operator.py
[2026-08-08T02:28:01.001+0000] {processor.py:925} INFO - DAG(s) 'example_weekday_branch_operator' retrieved from /home/airflow/.local/lib/python3.12/site-packages/airflow/example_dags/example_branch_day_of_week_operator.py
[2026-08-08T02:28:01.034+0000] {logging_mixin.py:190} INFO - [2026-08-08T02:28:01.034+0000] {dag.py:3239} INFO - Sync 1 DAGs
[2026-08-08T02:28:01.081+0000] {logging_mixin.py:190} INFO - [2026-08-08T02:28:01.081+0000] {dag.py:4180} INFO - Setting next_dagrun for example_weekday_branch_operator to 2026-08-07 00:00:00+00:00, run_after=2026-08-08 00:00:00+00:00
[2026-08-08T02:28:01.115+0000] {processor.py:208} INFO - Processing /home/airflow/.local/lib/python3.12/site-packages/airflow/example_dags/example_branch_day_of_week_operator.py took 0.140 seconds
[2026-08-08T02:28:31.486+0000] {processor.py:186} INFO - Started process (PID=10133) to work on /home/airflow/.local/lib/python3.12/site-packages/airflow/example_dags/example_branch_day_of_week_operator.py
[2026-08-08T02:28:31.488+0000] {processor.py:914} INFO - Processing file /home/airflow/.local/lib/python3.12/site-packages/airflow/example_dags/example_branch_day_of_week_operator.py for tasks to queue
[2026-08-08T02:28:31.491+0000] {logging_mixin.py:190} INFO - [2026-08-08T02:28:31.491+0000] {dagbag.py:588} INFO - Filling up the DagBag from /home/airflow/.local/lib/python3.12/site-packages/airflow/example_dags/example_branch_day_of_week_operator.py
[2026-08-08T02:28:31.503+0000] {processor.py:925} INFO - DAG(s) 'example_weekday_branch_operator' retrieved from /home/airflow/.local/lib/python3.12/site-packages/airflow/example_dags/example_branch_day_of_week_operator.py
[2026-08-08T02:28:31.528+0000] {logging_mixin.py:190} INFO - [2026-08-08T02:28:31.528+0000] {dag.py:3239} INFO - Sync 1 DAGs
[2026-08-08T02:28:31.560+0000] {logging_mixin.py:190} INFO - [2026-08-08T02:28:31.560+0000] {dag.py:4180} INFO - Setting next_dagrun for example_weekday_branch_operator to 2026-08-07 00:00:00+00:00, run_after=2026-08-08 00:00:00+00:00
[2026-08-08T02:28:31.584+0000] {processor.py:208} INFO - Processing /home/airflow/.local/lib/python3.12/site-packages/airflow/example_dags/example_branch_day_of_week_operator.py took 0.104 seconds
[2026-08-08T02:29:01.951+0000] {processor.py:186} INFO - Started process (PID=10205) to work on /home/airflow/.local/lib/python3.12/site-packages/airflow/example_dags/example_branch_day_of_week_operator.py
[2026-08-08T02:29:01.952+0000] {processor.py:914} INFO - Processing file /home/airflow/.local/lib/python3.12/site-packages/airflow/example_dags/example_branch_day_of_week_operator.py for tasks to queue
[2026-08-08T02:29:01.955+0000] {logging_mixin.py:190} INFO - [2026-08-08T02:29:01.955+0000] {dagbag.py:588} INFO - Filling up the DagBag from /home/airflow/.local/lib/python3.12/site-packages/airflow/example_dags/example_branch_day_of_week_operator.py
[2026-08-08T02:29:01.967+0000] {processor.py:925} INFO - DAG(s) 'example_weekday_branch_operator' retrieved from /home/airflow/.local/lib/python3.12/site-packages/airflow/example_dags/example_branch_day_of_week_operator.py
[2026-08-08T02:29:01.990+0000] {logging_mixin.py:190} INFO - [2026-08-08T02:29:01.989+0000] {dag.py:3239} INFO - Sync 1 DAGs
[2026-08-08T02:29:02.023+0000] {logging_mixin.py:190} INFO - [2026-08-08T02:29:02.023+0000] {dag.py:4180} INFO - Setting next_dagrun for example_weekday_branch_operator to 2026-08-07 00:00:00+00:00, run_after=2026-08-08 00:00:00+00:00
[2026-08-08T02:29:02.049+0000] {processor.py:208} INFO - Processing /home/airflow/.local/lib/python3.12/site-packages/airflow/example_dags/example_branch_day_of_week_operator.py took 0.105 seconds
[2026-08-08T02:29:32.139+0000] {processor.py:186} INFO - Started process (PID=10270) to work on /home/airflow/.local/lib/python3.12/site-packages/airflow/example_dags/example_branch_day_of_week_operator.py
[2026-08-08T02:29:32.142+0000] {processor.py:914} INFO - Processing file /home/airflow/.local/lib/python3.12/site-packages/airflow/example_dags/example_branch_day_of_week_operator.py for tasks to queue
[2026-08-08T02:29:32.148+0000] {logging_mixin.py:190} INFO - [2026-08-08T02:29:32.147+0000] {dagbag.py:588} INFO - Filling up the DagBag from /home/airflow/.local/lib/python3.12/site-packages/airflow/example_dags/example_branch_day_of_week_operator.py
[2026-08-08T02:29:32.169+0000] {processor.py:925} INFO - DAG(s) 'example_weekday_branch_operator' retrieved from /home/airflow/.local/lib/python3.12/site-packages/airflow/example_dags/example_branch_day_of_week_operator.py
[2026-08-08T02:29:32.211+0000] {logging_mixin.py:190} INFO - [2026-08-08T02:29:32.211+0000] {dag.py:3239} INFO - Sync 1 DAGs
[2026-08-08T02:29:32.253+0000] {logging_mixin.py:190} INFO - [2026-08-08T02:29:32.253+0000] {dag.py:4180} INFO - Setting next_dagrun for example_weekday_branch_operator to 2026-08-07 00:00:00+00:00, run_after=2026-08-08 00:00:00+00:00
[2026-08-08T02:29:32.283+0000] {processor.py:208} INFO - Processing /home/airflow/.local/lib/python3.12/site-packages/airflow/example_dags/example_branch_day_of_week_operator.py took 0.157 seconds
[2026-08-08T02:30:02.504+0000] {processor.py:186} INFO - Started process (PID=10336) to work on /home/airflow/.local/lib/python3.12/site-packages/airflow/example_dags/example_branch_day_of_week_operator.py
[2026-08-08T02:30:02.505+0000] {processor.py:914} INFO - Processing file /home/airflow/.local/lib/python3.12/site-packages/airflow/example_dags/example_branch_day_of_week_operator.py for tasks to queue
[2026-08-08T02:30:02.508+0000] {logging_mixin.py:190} INFO - [2026-08-08T02:30:02.507+0000] {dagbag.py:588} INFO - Filling up the DagBag from /home/airflow/.local/lib/python3.12/site-packages/airflow/example_dags/example_branch_day_of_week_operator.py
[2026-08-08T02:30:02.520+0000] {processor.py:925} INFO - DAG(s) 'example_weekday_branch_operator' retrieved from /home/airflow/.local/lib/python3.12/site-packages/airflow/example_dags/example_branch_day_of_week_operator.py
[2026-08-08T02:30:02.545+0000] {logging_mixin.py:190} INFO - [2026-08-08T02:30:02.545+0000] {dag.py:3239} INFO - Sync 1 DAGs
[2026-08-08T02:30:02.572+0000] {logging_mixin.py:190} INFO - [2026-08-08T02:30:02.572+0000] {dag.py:4180} INFO - Setting next_dagrun for example_weekday_branch_operator to 2026-08-07 00:00:00+00:00, run_after=2026-08-08 00:00:00+00:00
[2026-08-08T02:30:02.593+0000] {processor.py:208} INFO - Processing /home/airflow/.local/lib/python3.12/site-packages/airflow/example_dags/example_branch_day_of_week_operator.py took 0.096 seconds
[2026-08-08T02:30:33.208+0000] {processor.py:186} INFO - Started process (PID=10401) to work on /home/airflow/.local/lib/python3.12/site-packages/airflow/example_dags/example_branch_day_of_week_operator.py
[2026-08-08T02:30:33.210+0000] {processor.py:914} INFO - Processing file /home/airflow/.local/lib/python3.12/site-packages/airflow/example_dags/example_branch_day_of_week_operator.py for tasks to queue
[2026-08-08T02:30:33.213+0000] {logging_mixin.py:190} INFO - [2026-08-08T02:30:33.213+0000] {dagbag.py:588} INFO - Filling up the DagBag from /home/airflow/.local/lib/python3.12/site-packages/airflow/example_dags/example_branch_day_of_week_operator.py
[2026-08-08T02:30:33.224+0000] {processor.py:925} INFO - DAG(s) 'example_weekday_branch_operator' retrieved from /home/airflow/.local/lib/python3.12/site-packages/airflow/example_dags/example_branch_day_of_week_operator.py
[2026-08-08T02:30:33.249+0000] {logging_mixin.py:190} INFO - [2026-08-08T02:30:33.249+0000] {dag.py:3239} INFO - Sync 1 DAGs
[2026-08-08T02:30:33.280+0000] {logging_mixin.py:190} INFO - [2026-08-08T02:30:33.280+0000] {dag.py:4180} INFO - Setting next_dagrun for example_weekday_branch_operator to 2026-08-07 00:00:00+00:00, run_after=2026-08-08 00:00:00+00:00
[2026-08-08T02:30:33.303+0000] {processor.py:208} INFO - Processing /home/airflow/.local/lib/python3.12/site-packages/airflow/example_dags/example_branch_day_of_week_operator.py took 0.101 seconds
[2026-08-08T02:31:03.730+0000] {processor.py:186} INFO - Started process (PID=10466) to work on /home/airflow/.local/lib/python3.12/site-packages/airflow/example_dags/example_branch_day_of_week_operator.py
[2026-08-08T02:31:03.732+0000] {processor.py:914} INFO - Processing file /home/airflow/.local/lib/python3.12/site-packages/airflow/example_dags/example_branch_day_of_week_operator.py for tasks to queue
[2026-08-08T02:31:03.735+0000] {logging_mixin.py:190} INFO - [2026-08-08T02:31:03.735+0000] {dagbag.py:588} INFO - Filling up the DagBag from /home/airflow/.local/lib/python3.12/site-packages/airflow/example_dags/example_branch_day_of_week_operator.py
[2026-08-08T02:31:03.748+0000] {processor.py:925} INFO - DAG(s) 'example_weekday_branch_operator' retrieved from /home/airflow/.local/lib/python3.12/site-packages/airflow/example_dags/example_branch_day_of_week_operator.py
[2026-08-08T02:31:03.772+0000] {logging_mixin.py:190} INFO - [2026-08-08T02:31:03.772+0000] {dag.py:3239} INFO - Sync 1 DAGs
[2026-08-08T02:31:03.801+0000] {logging_mixin.py:190} INFO - [2026-08-08T02:31:03.800+0000] {dag.py:4180} INFO - Setting next_dagrun for example_weekday_branch_operator to 2026-08-07 00:00:00+00:00, run_after=2026-08-08 00:00:00+00:00
[2026-08-08T02:31:03.825+0000] {processor.py:208} INFO - Processing /home/airflow/.local/lib/python3.12/site-packages/airflow/example_dags/example_branch_day_of_week_operator.py took 0.102 seconds
[2026-08-08T02:31:33.931+0000] {processor.py:186} INFO - Started process (PID=10531) to work on /home/airflow/.local/lib/python3.12/site-packages/airflow/example_dags/example_branch_day_of_week_operator.py
[2026-08-08T02:31:33.932+0000] {processor.py:914} INFO - Processing file /home/airflow/.local/lib/python3.12/site-packages/airflow/example_dags/example_branch_day_of_week_operator.py for tasks to queue
[2026-08-08T02:31:33.935+0000] {logging_mixin.py:190} INFO - [2026-08-08T02:31:33.935+0000] {dagbag.py:588} INFO - Filling up the DagBag from /home/airflow/.local/lib/python3.12/site-packages/airflow/example_dags/example_branch_day_of_week_operator.py
[2026-08-08T02:31:33.947+0000] {processor.py:925} INFO - DAG(s) 'example_weekday_branch_operator' retrieved from /home/airflow/.local/lib/python3.12/site-packages/airflow/example_dags/example_branch_day_of_week_operator.py
[2026-08-08T02:31:33.969+0000] {logging_mixin.py:190} INFO - [2026-08-08T02:31:33.969+0000] {dag.py:3239} INFO - Sync 1 DAGs
[2026-08-08T02:31:33.996+0000] {logging_mixin.py:190} INFO - [2026-08-08T02:31:33.995+0000] {dag.py:4180} INFO - Setting next_dagrun for example_weekday_branch_operator to 2026-08-07 00:00:00+00:00, run_after=2026-08-08 00:00:00+00:00
[2026-08-08T02:31:34.017+0000] {processor.py:208} INFO - Processing /home/airflow/.local/lib/python3.12/site-packages/airflow/example_dags/example_branch_day_of_week_operator.py took 0.092 seconds
[2026-08-08T02:32:04.250+0000] {processor.py:186} INFO - Started process (PID=10596) to work on /home/airflow/.local/lib/python3.12/site-packages/airflow/example_dags/example_branch_day_of_week_operator.py
[2026-08-08T02:32:04.252+0000] {processor.py:914} INFO - Processing file /home/airflow/.local/lib/python3.12/site-packages/airflow/example_dags/example_branch_day_of_week_operator.py for tasks to queue
[2026-08-08T02:32:04.256+0000] {logging_mixin.py:190} INFO - [2026-08-08T02:32:04.255+0000] {dagbag.py:588} INFO - Filling up the DagBag from /home/airflow/.local/lib/python3.12/site-packages/airflow/example_dags/example_branch_day_of_week_operator.py
[2026-08-08T02:32:04.269+0000] {processor.py:925} INFO - DAG(s) 'example_weekday_branch_operator' retrieved from /home/airflow/.local/lib/python3.12/site-packages/airflow/example_dags/example_branch_day_of_week_operator.py
[2026-08-08T02:32:04.296+0000] {logging_mixin.py:190} INFO - [2026-08-08T02:32:04.296+0000] {dag.py:3239} INFO - Sync 1 DAGs
[2026-08-08T02:32:04.329+0000] {logging_mixin.py:190} INFO - [2026-08-08T02:32:04.328+0000] {dag.py:4180} INFO - Setting next_dagrun for example_weekday_branch_operator to 2026-08-07 00:00:00+00:00, run_after=2026-08-08 00:00:00+00:00
[2026-08-08T02:32:04.354+0000] {processor.py:208} INFO - Processing /home/airflow/.local/lib/python3.12/site-packages/airflow/example_dags/example_branch_day_of_week_operator.py took 0.114 seconds
[2026-08-08T02:32:34.501+0000] {processor.py:186} INFO - Started process (PID=10660) to work on /home/airflow/.local/lib/python3.12/site-packages/airflow/example_dags/example_branch_day_of_week_operator.py
[2026-08-08T02:32:34.502+0000] {processor.py:914} INFO - Processing file /home/airflow/.local/lib/python3.12/site-packages/airflow/example_dags/example_branch_day_of_week_operator.py for tasks to queue
[2026-08-08T02:32:34.505+0000] {logging_mixin.py:190} INFO - [2026-08-08T02:32:34.505+0000] {dagbag.py:588} INFO - Filling up the DagBag from /home/airflow/.local/lib/python3.12/site-packages/airflow/example_dags/example_branch_day_of_week_operator.py
[2026-08-08T02:32:34.516+0000] {processor.py:925} INFO - DAG(s) 'example_weekday_branch_operator' retrieved from /home/airflow/.local/lib/python3.12/site-packages/airflow/example_dags/example_branch_day_of_week_operator.py
[2026-08-08T02:32:34.541+0000] {logging_mixin.py:190} INFO - [2026-08-08T02:32:34.541+0000] {dag.py:3239} INFO - Sync 1 DAGs
[2026-08-08T02:32:34.571+0000] {logging_mixin.py:190} INFO - [2026-08-08T02:32:34.571+0000] {dag.py:4180} INFO - Setting next_dagrun for example_weekday_branch_operator to 2026-08-07 00:00:00+00:00, run_after=2026-08-08 00:00:00+00:00
[2026-08-08T02:32:34.595+0000] {processor.py:208} INFO - Processing /home/airflow/.local/lib/python3.12/site-packages/airflow/example_dags/example_branch_day_of_week_operator.py took 0.100 seconds
[2026-08-08T02:33:05.034+0000] {processor.py:186} INFO - Started process (PID=10725) to work on /home/airflow/.local/lib/python3.12/site-packages/airflow/example_dags/example_branch_day_of_week_operator.py
[2026-08-08T02:33:05.035+0000] {processor.py:914} INFO - Processing file /home/airflow/.local/lib/python3.12/site-packages/airflow/example_dags/example_branch_day_of_week_operator.py for tasks to queue
[2026-08-08T02:33:05.039+0000] {logging_mixin.py:190} INFO - [2026-08-08T02:33:05.038+0000] {dagbag.py:588} INFO - Filling up the DagBag from /home/airflow/.local/lib/python3.12/site-packages/airflow/example_dags/example_branch_day_of_week_operator.py
[2026-08-08T02:33:05.049+0000] {processor.py:925} INFO - DAG(s) 'example_weekday_branch_operator' retrieved from /home/airflow/.local/lib/python3.12/site-packages/airflow/example_dags/example_branch_day_of_week_operator.py
[2026-08-08T02:33:05.074+0000] {logging_mixin.py:190} INFO - [2026-08-08T02:33:05.074+0000] {dag.py:3239} INFO - Sync 1 DAGs
[2026-08-08T02:33:05.107+0000] {logging_mixin.py:190} INFO - [2026-08-08T02:33:05.107+0000] {dag.py:4180} INFO - Setting next_dagrun for example_weekday_branch_operator to 2026-08-07 00:00:00+00:00, run_after=2026-08-08 00:00:00+00:00
[2026-08-08T02:33:05.130+0000] {processor.py:208} INFO - Processing /home/airflow/.local/lib/python3.12/site-packages/airflow/example_dags/example_branch_day_of_week_operator.py took 0.102 seconds
[2026-08-08T02:33:35.321+0000] {processor.py:186} INFO - Started process (PID=10790) to work on /home/airflow/.local/lib/python3.12/site-packages/airflow/example_dags/example_branch_day_of_week_operator.py
[2026-08-08T02:33:35.322+0000] {processor.py:914} INFO - Processing file /home/airflow/.local/lib/python3.12/site-packages/airflow/example_dags/example_branch_day_of_week_operator.py for tasks to queue
[2026-08-08T02:33:35.325+0000] {logging_mixin.py:190} INFO - [2026-08-08T02:33:35.325+0000] {dagbag.py:588} INFO - Filling up the DagBag from /home/airflow/.local/lib/python3.12/site-packages/airflow/example_dags/example_branch_day_of_week_operator.py
[2026-08-08T02:33:35.335+0000] {processor.py:925} INFO - DAG(s) 'example_weekday_branch_operator' retrieved from /home/airflow/.local/lib/python3.12/site-packages/airflow/example_dags/example_branch_day_of_week_operator.py
[2026-08-08T02:33:35.355+0000] {logging_mixin.py:190} INFO - [2026-08-08T02:33:35.355+0000] {dag.py:3239} INFO - Sync 1 DAGs
[2026-08-08T02:33:35.381+0000] {logging_mixin.py:190} INFO - [2026-08-08T02:33:35.381+0000] {dag.py:4180} INFO - Setting next_dagrun for example_weekday_branch_operator to 2026-08-07 00:00:00+00:00, run_after=2026-08-08 00:00:00+00:00
[2026-08-08T02:33:35.403+0000] {processor.py:208} INFO - Processing /home/airflow/.local/lib/python3.12/site-packages/airflow/example_dags/example_branch_day_of_week_operator.py took 0.088 seconds
[2026-08-08T02:34:05.616+0000] {processor.py:186} INFO - Started process (PID=10855) to work on /home/airflow/.local/lib/python3.12/site-packages/airflow/example_dags/example_branch_day_of_week_operator.py
[2026-08-08T02:34:05.617+0000] {processor.py:914} INFO - Processing file /home/airflow/.local/lib/python3.12/site-packages/airflow/example_dags/example_branch_day_of_week_operator.py for tasks to queue
[2026-08-08T02:34:05.620+0000] {logging_mixin.py:190} INFO - [2026-08-08T02:34:05.620+0000] {dagbag.py:588} INFO - Filling up the DagBag from /home/airflow/.local/lib/python3.12/site-packages/airflow/example_dags/example_branch_day_of_week_operator.py
[2026-08-08T02:34:05.633+0000] {processor.py:925} INFO - DAG(s) 'example_weekday_branch_operator' retrieved from /home/airflow/.local/lib/python3.12/site-packages/airflow/example_dags/example_branch_day_of_week_operator.py
[2026-08-08T02:34:05.660+0000] {logging_mixin.py:190} INFO - [2026-08-08T02:34:05.660+0000] {dag.py:3239} INFO - Sync 1 DAGs
[2026-08-08T02:34:05.697+0000] {logging_mixin.py:190} INFO - [2026-08-08T02:34:05.696+0000] {dag.py:4180} INFO - Setting next_dagrun for example_weekday_branch_operator to 2026-08-07 00:00:00+00:00, run_after=2026-08-08 00:00:00+00:00
[2026-08-08T02:34:05.723+0000] {processor.py:208} INFO - Processing /home/airflow/.local/lib/python3.12/site-packages/airflow/example_dags/example_branch_day_of_week_operator.py took 0.114 seconds
[2026-08-08T02:34:35.932+0000] {processor.py:186} INFO - Started process (PID=10921) to work on /home/airflow/.local/lib/python3.12/site-packages/airflow/example_dags/example_branch_day_of_week_operator.py
[2026-08-08T02:34:35.933+0000] {processor.py:914} INFO - Processing file /home/airflow/.local/lib/python3.12/site-packages/airflow/example_dags/example_branch_day_of_week_operator.py for tasks to queue
[2026-08-08T02:34:35.936+0000] {logging_mixin.py:190} INFO - [2026-08-08T02:34:35.936+0000] {dagbag.py:588} INFO - Filling up the DagBag from /home/airflow/.local/lib/python3.12/site-packages/airflow/example_dags/example_branch_day_of_week_operator.py
[2026-08-08T02:34:35.950+0000] {processor.py:925} INFO - DAG(s) 'example_weekday_branch_operator' retrieved from /home/airflow/.local/lib/python3.12/site-packages/airflow/example_dags/example_branch_day_of_week_operator.py
[2026-08-08T02:34:35.975+0000] {logging_mixin.py:190} INFO - [2026-08-08T02:34:35.975+0000] {dag.py:3239} INFO - Sync 1 DAGs
[2026-08-08T02:34:36.006+0000] {logging_mixin.py:190} INFO - [2026-08-08T02:34:36.006+0000] {dag.py:4180} INFO - Setting next_dagrun for example_weekday_branch_operator to 2026-08-07 00:00:00+00:00, run_after=2026-08-08 00:00:00+00:00
[2026-08-08T02:34:36.030+0000] {processor.py:208} INFO - Processing /home/airflow/.local/lib/python3.12/site-packages/airflow/example_dags/example_branch_day_of_week_operator.py took 0.106 seconds
[2026-08-08T02:35:06.282+0000] {processor.py:186} INFO - Started process (PID=10986) to work on /home/airflow/.local/lib/python3.12/site-packages/airflow/example_dags/example_branch_day_of_week_operator.py
[2026-08-08T02:35:06.283+0000] {processor.py:914} INFO - Processing file /home/airflow/.local/lib/python3.12/site-packages/airflow/example_dags/example_branch_day_of_week_operator.py for tasks to queue
[2026-08-08T02:35:06.286+0000] {logging_mixin.py:190} INFO - [2026-08-08T02:35:06.286+0000] {dagbag.py:588} INFO - Filling up the DagBag from /home/airflow/.local/lib/python3.12/site-packages/airflow/example_dags/example_branch_day_of_week_operator.py
[2026-08-08T02:35:06.301+0000] {processor.py:925} INFO - DAG(s) 'example_weekday_branch_operator' retrieved from /home/airflow/.local/lib/python3.12/site-packages/airflow/example_dags/example_branch_day_of_week_operator.py
[2026-08-08T02:35:06.325+0000] {logging_mixin.py:190} INFO - [2026-08-08T02:35:06.324+0000] {dag.py:3239} INFO - Sync 1 DAGs
[2026-08-08T02:35:06.354+0000] {logging_mixin.py:190} INFO - [2026-08-08T02:35:06.353+0000] {dag.py:4180} INFO - Setting next_dagrun for example_weekday_branch_operator to 2026-08-07 00:00:00+00:00, run_after=2026-08-08 00:00:00+00:00
[2026-08-08T02:35:06.382+0000] {processor.py:208} INFO - Processing /home/airflow/.local/lib/python3.12/site-packages/airflow/example_dags/example_branch_day_of_week_operator.py took 0.108 seconds
[2026-08-08T02:35:36.570+0000] {processor.py:186} INFO - Started process (PID=11051) to work on /home/airflow/.local/lib/python3.12/site-packages/airflow/example_dags/example_branch_day_of_week_operator.py
[2026-08-08T02:35:36.571+0000] {processor.py:914} INFO - Processing file /home/airflow/.local/lib/python3.12/site-packages/airflow/example_dags/example_branch_day_of_week_operator.py for tasks to queue
[2026-08-08T02:35:36.577+0000] {logging_mixin.py:190} INFO - [2026-08-08T02:35:36.577+0000] {dagbag.py:588} INFO - Filling up the DagBag from /home/airflow/.local/lib/python3.12/site-packages/airflow/example_dags/example_branch_day_of_week_operator.py
[2026-08-08T02:35:36.597+0000] {processor.py:925} INFO - DAG(s) 'example_weekday_branch_operator' retrieved from /home/airflow/.local/lib/python3.12/site-packages/airflow/example_dags/example_branch_day_of_week_operator.py
[2026-08-08T02:35:36.620+0000] {logging_mixin.py:190} INFO - [2026-08-08T02:35:36.620+0000] {dag.py:3239} INFO - Sync 1 DAGs
[2026-08-08T02:35:36.649+0000] {logging_mixin.py:190} INFO - [2026-08-08T02:35:36.649+0000] {dag.py:4180} INFO - Setting next_dagrun for example_weekday_branch_operator to 2026-08-07 00:00:00+00:00, run_after=2026-08-08 00:00:00+00:00
[2026-08-08T02:35:36.673+0000] {processor.py:208} INFO - Processing /home/airflow/.local/lib/python3.12/site-packages/airflow/example_dags/example_branch_day_of_week_operator.py took 0.111 seconds
[2026-08-08T02:36:07.466+0000] {processor.py:186} INFO - Started process (PID=11116) to work on /home/airflow/.local/lib/python3.12/site-packages/airflow/example_dags/example_branch_day_of_week_operator.py
[2026-08-08T02:36:07.467+0000] {processor.py:914} INFO - Processing file /home/airflow/.local/lib/python3.12/site-packages/airflow/example_dags/example_branch_day_of_week_operator.py for tasks to queue
[2026-08-08T02:36:07.470+0000] {logging_mixin.py:190} INFO - [2026-08-08T02:36:07.469+0000] {dagbag.py:588} INFO - Filling up the DagBag from /home/airflow/.local/lib/python3.12/site-packages/airflow/example_dags/example_branch_day_of_week_operator.py
[2026-08-08T02:36:07.481+0000] {processor.py:925} INFO - DAG(s) 'example_weekday_branch_operator' retrieved from /home/airflow/.local/lib/python3.12/site-packages/airflow/example_dags/example_branch_day_of_week_operator.py
[2026-08-08T02:36:07.503+0000] {logging_mixin.py:190} INFO - [2026-08-08T02:36:07.503+0000] {dag.py:3239} INFO - Sync 1 DAGs
[2026-08-08T02:36:07.529+0000] {logging_mixin.py:190} INFO - [2026-08-08T02:36:07.529+0000] {dag.py:4180} INFO - Setting next_dagrun for example_weekday_branch_operator to 2026-08-07 00:00:00+00:00, run_after=2026-08-08 00:00:00+00:00
[2026-08-08T02:36:07.550+0000] {processor.py:208} INFO - Processing /home/airflow/.local/lib/python3.12/site-packages/airflow/example_dags/example_branch_day_of_week_operator.py took 0.090 seconds
[2026-08-08T02:36:37.691+0000] {processor.py:186} INFO - Started process (PID=11181) to work on /home/airflow/.local/lib/python3.12/site-packages/airflow/example_dags/example_branch_day_of_week_operator.py
[2026-08-08T02:36:37.692+0000] {processor.py:914} INFO - Processing file /home/airflow/.local/lib/python3.12/site-packages/airflow/example_dags/example_branch_day_of_week_operator.py for tasks to queue
[2026-08-08T02:36:37.695+0000] {logging_mixin.py:190} INFO - [2026-08-08T02:36:37.695+0000] {dagbag.py:588} INFO - Filling up the DagBag from /home/airflow/.local/lib/python3.12/site-packages/airflow/example_dags/example_branch_day_of_week_operator.py
[2026-08-08T02:36:37.707+0000] {processor.py:925} INFO - DAG(s) 'example_weekday_branch_operator' retrieved from /home/airflow/.local/lib/python3.12/site-packages/airflow/example_dags/example_branch_day_of_week_operator.py
[2026-08-08T02:36:37.728+0000] {logging_mixin.py:190} INFO - [2026-08-08T02:36:37.728+0000] {dag.py:3239} INFO - Sync 1 DAGs
[2026-08-08T02:36:37.753+0000] {logging_mixin.py:190} INFO - [2026-08-08T02:36:37.753+0000] {dag.py:4180} INFO - Setting next_dagrun for example_weekday_branch_operator to 2026-08-07 00:00:00+00:00, run_after=2026-08-08 00:00:00+00:00
[2026-08-08T02:36:37.776+0000] {processor.py:208} INFO - Processing /home/airflow/.local/lib/python3.12/site-packages/airflow/example_dags/example_branch_day_of_week_operator.py took 0.092 seconds
[2026-08-08T02:37:08.404+0000] {processor.py:186} INFO - Started process (PID=11246) to work on /home/airflow/.local/lib/python3.12/site-packages/airflow/example_dags/example_branch_day_of_week_operator.py
[2026-08-08T02:37:08.405+0000] {processor.py:914} INFO - Processing file /home/airflow/.local/lib/python3.12/site-packages/airflow/example_dags/example_branch_day_of_week_operator.py for tasks to queue
[2026-08-08T02:37:08.409+0000] {logging_mixin.py:190} INFO - [2026-08-08T02:37:08.408+0000] {dagbag.py:588} INFO - Filling up the DagBag from /home/airflow/.local/lib/python3.12/site-packages/airflow/example_dags/example_branch_day_of_week_operator.py
[2026-08-08T02:37:08.420+0000] {processor.py:925} INFO - DAG(s) 'example_weekday_branch_operator' retrieved from /home/airflow/.local/lib/python3.12/site-packages/airflow/example_dags/example_branch_day_of_week_operator.py
[2026-08-08T02:37:08.443+0000] {logging_mixin.py:190} INFO - [2026-08-08T02:37:08.443+0000] {dag.py:3239} INFO - Sync 1 DAGs
[2026-08-08T02:37:08.475+0000] {logging_mixin.py:190} INFO - [2026-08-08T02:37:08.475+0000] {dag.py:4180} INFO - Setting next_dagrun for example_weekday_branch_operator to 2026-08-07 00:00:00+00:00, run_after=2026-08-08 00:00:00+00:00
[2026-08-08T02:37:08.498+0000] {processor.py:208} INFO - Processing /home/airflow/.local/lib/python3.12/site-packages/airflow/example_dags/example_branch_day_of_week_operator.py took 0.100 seconds
[2026-08-08T02:37:38.656+0000] {processor.py:186} INFO - Started process (PID=11311) to work on /home/airflow/.local/lib/python3.12/site-packages/airflow/example_dags/example_branch_day_of_week_operator.py
[2026-08-08T02:37:38.658+0000] {processor.py:914} INFO - Processing file /home/airflow/.local/lib/python3.12/site-packages/airflow/example_dags/example_branch_day_of_week_operator.py for tasks to queue
[2026-08-08T02:37:38.661+0000] {logging_mixin.py:190} INFO - [2026-08-08T02:37:38.660+0000] {dagbag.py:588} INFO - Filling up the DagBag from /home/airflow/.local/lib/python3.12/site-packages/airflow/example_dags/example_branch_day_of_week_operator.py
[2026-08-08T02:37:38.673+0000] {processor.py:925} INFO - DAG(s) 'example_weekday_branch_operator' retrieved from /home/airflow/.local/lib/python3.12/site-packages/airflow/example_dags/example_branch_day_of_week_operator.py
[2026-08-08T02:37:38.699+0000] {logging_mixin.py:190} INFO - [2026-08-08T02:37:38.699+0000] {dag.py:3239} INFO - Sync 1 DAGs
[2026-08-08T02:37:38.730+0000] {logging_mixin.py:190} INFO - [2026-08-08T02:37:38.730+0000] {dag.py:4180} INFO - Setting next_dagrun for example_weekday_branch_operator to 2026-08-07 00:00:00+00:00, run_after=2026-08-08 00:00:00+00:00
[2026-08-08T02:37:38.754+0000] {processor.py:208} INFO - Processing /home/airflow/.local/lib/python3.12/site-packages/airflow/example_dags/example_branch_day_of_week_operator.py took 0.106 seconds
[2026-08-08T02:38:09.582+0000] {processor.py:186} INFO - Started process (PID=11376) to work on /home/airflow/.local/lib/python3.12/site-packages/airflow/example_dags/example_branch_day_of_week_operator.py
[2026-08-08T02:38:09.583+0000] {processor.py:914} INFO - Processing file /home/airflow/.local/lib/python3.12/site-packages/airflow/example_dags/example_branch_day_of_week_operator.py for tasks to queue
[2026-08-08T02:38:09.586+0000] {logging_mixin.py:190} INFO - [2026-08-08T02:38:09.586+0000] {dagbag.py:588} INFO - Filling up the DagBag from /home/airflow/.local/lib/python3.12/site-packages/airflow/example_dags/example_branch_day_of_week_operator.py
[2026-08-08T02:38:09.598+0000] {processor.py:925} INFO - DAG(s) 'example_weekday_branch_operator' retrieved from /home/airflow/.local/lib/python3.12/site-packages/airflow/example_dags/example_branch_day_of_week_operator.py
[2026-08-08T02:38:09.623+0000] {logging_mixin.py:190} INFO - [2026-08-08T02:38:09.623+0000] {dag.py:3239} INFO - Sync 1 DAGs
[2026-08-08T02:38:09.655+0000] {logging_mixin.py:190} INFO - [2026-08-08T02:38:09.654+0000] {dag.py:4180} INFO - Setting next_dagrun for example_weekday_branch_operator to 2026-08-07 00:00:00+00:00, run_after=2026-08-08 00:00:00+00:00
[2026-08-08T02:38:09.680+0000] {processor.py:208} INFO - Processing /home/airflow/.local/lib/python3.12/site-packages/airflow/example_dags/example_branch_day_of_week_operator.py took 0.105 seconds
[2026-08-08T02:38:40.610+0000] {processor.py:186} INFO - Started process (PID=11441) to work on /home/airflow/.local/lib/python3.12/site-packages/airflow/example_dags/example_branch_day_of_week_operator.py
[2026-08-08T02:38:40.612+0000] {processor.py:914} INFO - Processing file /home/airflow/.local/lib/python3.12/site-packages/airflow/example_dags/example_branch_day_of_week_operator.py for tasks to queue
[2026-08-08T02:38:40.615+0000] {logging_mixin.py:190} INFO - [2026-08-08T02:38:40.614+0000] {dagbag.py:588} INFO - Filling up the DagBag from /home/airflow/.local/lib/python3.12/site-packages/airflow/example_dags/example_branch_day_of_week_operator.py
[2026-08-08T02:38:40.627+0000] {processor.py:925} INFO - DAG(s) 'example_weekday_branch_operator' retrieved from /home/airflow/.local/lib/python3.12/site-packages/airflow/example_dags/example_branch_day_of_week_operator.py
[2026-08-08T02:38:40.651+0000] {logging_mixin.py:190} INFO - [2026-08-08T02:38:40.651+0000] {dag.py:3239} INFO - Sync 1 DAGs
[2026-08-08T02:38:40.681+0000] {logging_mixin.py:190} INFO - [2026-08-08T02:38:40.681+0000] {dag.py:4180} INFO - Setting next_dagrun for example_weekday_branch_operator to 2026-08-07 00:00:00+00:00, run_after=2026-08-08 00:00:00+00:00
[2026-08-08T02:38:40.705+0000] {processor.py:208} INFO - Processing /home/airflow/.local/lib/python3.12/site-packages/airflow/example_dags/example_branch_day_of_week_operator.py took 0.102 seconds
[2026-08-08T02:39:10.826+0000] {processor.py:186} INFO - Started process (PID=11506) to work on /home/airflow/.local/lib/python3.12/site-packages/airflow/example_dags/example_branch_day_of_week_operator.py
[2026-08-08T02:39:10.827+0000] {processor.py:914} INFO - Processing file /home/airflow/.local/lib/python3.12/site-packages/airflow/example_dags/example_branch_day_of_week_operator.py for tasks to queue
[2026-08-08T02:39:10.830+0000] {logging_mixin.py:190} INFO - [2026-08-08T02:39:10.829+0000] {dagbag.py:588} INFO - Filling up the DagBag from /home/airflow/.local/lib/python3.12/site-packages/airflow/example_dags/example_branch_day_of_week_operator.py
[2026-08-08T02:39:10.842+0000] {processor.py:925} INFO - DAG(s) 'example_weekday_branch_operator' retrieved from /home/airflow/.local/lib/python3.12/site-packages/airflow/example_dags/example_branch_day_of_week_operator.py
[2026-08-08T02:39:10.864+0000] {logging_mixin.py:190} INFO - [2026-08-08T02:39:10.864+0000] {dag.py:3239} INFO - Sync 1 DAGs
[2026-08-08T02:39:10.892+0000] {logging_mixin.py:190} INFO - [2026-08-08T02:39:10.892+0000] {dag.py:4180} INFO - Setting next_dagrun for example_weekday_branch_operator to 2026-08-07 00:00:00+00:00, run_after=2026-08-08 00:00:00+00:00
[2026-08-08T02:39:10.916+0000] {processor.py:208} INFO - Processing /home/airflow/.local/lib/python3.12/site-packages/airflow/example_dags/example_branch_day_of_week_operator.py took 0.097 seconds
[2026-08-08T02:39:41.372+0000] {processor.py:186} INFO - Started process (PID=11571) to work on /home/airflow/.local/lib/python3.12/site-packages/airflow/example_dags/example_branch_day_of_week_operator.py
[2026-08-08T02:39:41.373+0000] {processor.py:914} INFO - Processing file /home/airflow/.local/lib/python3.12/site-packages/airflow/example_dags/example_branch_day_of_week_operator.py for tasks to queue
[2026-08-08T02:39:41.376+0000] {logging_mixin.py:190} INFO - [2026-08-08T02:39:41.375+0000] {dagbag.py:588} INFO - Filling up the DagBag from /home/airflow/.local/lib/python3.12/site-packages/airflow/example_dags/example_branch_day_of_week_operator.py
[2026-08-08T02:39:41.388+0000] {processor.py:925} INFO - DAG(s) 'example_weekday_branch_operator' retrieved from /home/airflow/.local/lib/python3.12/site-packages/airflow/example_dags/example_branch_day_of_week_operator.py
[2026-08-08T02:39:41.411+0000] {logging_mixin.py:190} INFO - [2026-08-08T02:39:41.410+0000] {dag.py:3239} INFO - Sync 1 DAGs
[2026-08-08T02:39:41.437+0000] {logging_mixin.py:190} INFO - [2026-08-08T02:39:41.437+0000] {dag.py:4180} INFO - Setting next_dagrun for example_weekday_branch_operator to 2026-08-07 00:00:00+00:00, run_after=2026-08-08 00:00:00+00:00
[2026-08-08T02:39:41.459+0000] {processor.py:208} INFO - Processing /home/airflow/.local/lib/python3.12/site-packages/airflow/example_dags/example_branch_day_of_week_operator.py took 0.094 seconds
[2026-08-08T02:40:11.998+0000] {processor.py:186} INFO - Started process (PID=11636) to work on /home/airflow/.local/lib/python3.12/site-packages/airflow/example_dags/example_branch_day_of_week_operator.py
[2026-08-08T02:40:12.000+0000] {processor.py:914} INFO - Processing file /home/airflow/.local/lib/python3.12/site-packages/airflow/example_dags/example_branch_day_of_week_operator.py for tasks to queue
[2026-08-08T02:40:12.004+0000] {logging_mixin.py:190} INFO - [2026-08-08T02:40:12.003+0000] {dagbag.py:588} INFO - Filling up the DagBag from /home/airflow/.local/lib/python3.12/site-packages/airflow/example_dags/example_branch_day_of_week_operator.py
[2026-08-08T02:40:12.016+0000] {processor.py:925} INFO - DAG(s) 'example_weekday_branch_operator' retrieved from /home/airflow/.local/lib/python3.12/site-packages/airflow/example_dags/example_branch_day_of_week_operator.py
[2026-08-08T02:40:12.048+0000] {logging_mixin.py:190} INFO - [2026-08-08T02:40:12.048+0000] {dag.py:3239} INFO - Sync 1 DAGs
[2026-08-08T02:40:12.086+0000] {logging_mixin.py:190} INFO - [2026-08-08T02:40:12.085+0000] {dag.py:4180} INFO - Setting next_dagrun for example_weekday_branch_operator to 2026-08-07 00:00:00+00:00, run_after=2026-08-08 00:00:00+00:00
[2026-08-08T02:40:12.115+0000] {processor.py:208} INFO - Processing /home/airflow/.local/lib/python3.12/site-packages/airflow/example_dags/example_branch_day_of_week_operator.py took 0.124 seconds
[2026-08-08T02:40:42.681+0000] {processor.py:186} INFO - Started process (PID=11702) to work on /home/airflow/.local/lib/python3.12/site-packages/airflow/example_dags/example_branch_day_of_week_operator.py
[2026-08-08T02:40:42.682+0000] {processor.py:914} INFO - Processing file /home/airflow/.local/lib/python3.12/site-packages/airflow/example_dags/example_branch_day_of_week_operator.py for tasks to queue
[2026-08-08T02:40:42.686+0000] {logging_mixin.py:190} INFO - [2026-08-08T02:40:42.686+0000] {dagbag.py:588} INFO - Filling up the DagBag from /home/airflow/.local/lib/python3.12/site-packages/airflow/example_dags/example_branch_day_of_week_operator.py
[2026-08-08T02:40:42.701+0000] {processor.py:925} INFO - DAG(s) 'example_weekday_branch_operator' retrieved from /home/airflow/.local/lib/python3.12/site-packages/airflow/example_dags/example_branch_day_of_week_operator.py
[2026-08-08T02:40:42.727+0000] {logging_mixin.py:190} INFO - [2026-08-08T02:40:42.726+0000] {dag.py:3239} INFO - Sync 1 DAGs
[2026-08-08T02:40:42.761+0000] {logging_mixin.py:190} INFO - [2026-08-08T02:40:42.761+0000] {dag.py:4180} INFO - Setting next_dagrun for example_weekday_branch_operator to 2026-08-07 00:00:00+00:00, run_after=2026-08-08 00:00:00+00:00
[2026-08-08T02:40:42.786+0000] {processor.py:208} INFO - Processing /home/airflow/.local/lib/python3.12/site-packages/airflow/example_dags/example_branch_day_of_week_operator.py took 0.114 seconds
[2026-08-08T02:41:13.306+0000] {processor.py:186} INFO - Started process (PID=11767) to work on /home/airflow/.local/lib/python3.12/site-packages/airflow/example_dags/example_branch_day_of_week_operator.py
[2026-08-08T02:41:13.307+0000] {processor.py:914} INFO - Processing file /home/airflow/.local/lib/python3.12/site-packages/airflow/example_dags/example_branch_day_of_week_operator.py for tasks to queue
[2026-08-08T02:41:13.310+0000] {logging_mixin.py:190} INFO - [2026-08-08T02:41:13.310+0000] {dagbag.py:588} INFO - Filling up the DagBag from /home/airflow/.local/lib/python3.12/site-packages/airflow/example_dags/example_branch_day_of_week_operator.py
[2026-08-08T02:41:13.321+0000] {processor.py:925} INFO - DAG(s) 'example_weekday_branch_operator' retrieved from /home/airflow/.local/lib/python3.12/site-packages/airflow/example_dags/example_branch_day_of_week_operator.py
[2026-08-08T02:41:13.345+0000] {logging_mixin.py:190} INFO - [2026-08-08T02:41:13.345+0000] {dag.py:3239} INFO - Sync 1 DAGs
[2026-08-08T02:41:13.373+0000] {logging_mixin.py:190} INFO - [2026-08-08T02:41:13.373+0000] {dag.py:4180} INFO - Setting next_dagrun for example_weekday_branch_operator to 2026-08-07 00:00:00+00:00, run_after=2026-08-08 00:00:00+00:00
[2026-08-08T02:41:13.394+0000] {processor.py:208} INFO - Processing /home/airflow/.local/lib/python3.12/site-packages/airflow/example_dags/example_branch_day_of_week_operator.py took 0.094 seconds
[2026-08-08T02:41:43.597+0000] {processor.py:186} INFO - Started process (PID=11832) to work on /home/airflow/.local/lib/python3.12/site-packages/airflow/example_dags/example_branch_day_of_week_operator.py
[2026-08-08T02:41:43.599+0000] {processor.py:914} INFO - Processing file /home/airflow/.local/lib/python3.12/site-packages/airflow/example_dags/example_branch_day_of_week_operator.py for tasks to queue
[2026-08-08T02:41:43.602+0000] {logging_mixin.py:190} INFO - [2026-08-08T02:41:43.602+0000] {dagbag.py:588} INFO - Filling up the DagBag from /home/airflow/.local/lib/python3.12/site-packages/airflow/example_dags/example_branch_day_of_week_operator.py
[2026-08-08T02:41:43.617+0000] {processor.py:925} INFO - DAG(s) 'example_weekday_branch_operator' retrieved from /home/airflow/.local/lib/python3.12/site-packages/airflow/example_dags/example_branch_day_of_week_operator.py
[2026-08-08T02:41:43.639+0000] {logging_mixin.py:190} INFO - [2026-08-08T02:41:43.639+0000] {dag.py:3239} INFO - Sync 1 DAGs
[2026-08-08T02:41:43.666+0000] {logging_mixin.py:190} INFO - [2026-08-08T02:41:43.666+0000] {dag.py:4180} INFO - Setting next_dagrun for example_weekday_branch_operator to 2026-08-07 00:00:00+00:00, run_after=2026-08-08 00:00:00+00:00
[2026-08-08T02:41:43.689+0000] {processor.py:208} INFO - Processing /home/airflow/.local/lib/python3.12/site-packages/airflow/example_dags/example_branch_day_of_week_operator.py took 0.099 seconds
[2026-08-08T02:42:13.844+0000] {processor.py:186} INFO - Started process (PID=11897) to work on /home/airflow/.local/lib/python3.12/site-packages/airflow/example_dags/example_branch_day_of_week_operator.py
[2026-08-08T02:42:13.846+0000] {processor.py:914} INFO - Processing file /home/airflow/.local/lib/python3.12/site-packages/airflow/example_dags/example_branch_day_of_week_operator.py for tasks to queue
[2026-08-08T02:42:13.850+0000] {logging_mixin.py:190} INFO - [2026-08-08T02:42:13.850+0000] {dagbag.py:588} INFO - Filling up the DagBag from /home/airflow/.local/lib/python3.12/site-packages/airflow/example_dags/example_branch_day_of_week_operator.py
[2026-08-08T02:42:13.865+0000] {processor.py:925} INFO - DAG(s) 'example_weekday_branch_operator' retrieved from /home/airflow/.local/lib/python3.12/site-packages/airflow/example_dags/example_branch_day_of_week_operator.py
[2026-08-08T02:42:13.889+0000] {logging_mixin.py:190} INFO - [2026-08-08T02:42:13.889+0000] {dag.py:3239} INFO - Sync 1 DAGs
[2026-08-08T02:42:13.917+0000] {logging_mixin.py:190} INFO - [2026-08-08T02:42:13.917+0000] {dag.py:4180} INFO - Setting next_dagrun for example_weekday_branch_operator to 2026-08-07 00:00:00+00:00, run_after=2026-08-08 00:00:00+00:00
[2026-08-08T02:42:13.940+0000] {processor.py:208} INFO - Processing /home/airflow/.local/lib/python3.12/site-packages/airflow/example_dags/example_branch_day_of_week_operator.py took 0.105 seconds
[2026-08-08T02:42:44.266+0000] {processor.py:186} INFO - Started process (PID=11962) to work on /home/airflow/.local/lib/python3.12/site-packages/airflow/example_dags/example_branch_day_of_week_operator.py
[2026-08-08T02:42:44.268+0000] {processor.py:914} INFO - Processing file /home/airflow/.local/lib/python3.12/site-packages/airflow/example_dags/example_branch_day_of_week_operator.py for tasks to queue
[2026-08-08T02:42:44.271+0000] {logging_mixin.py:190} INFO - [2026-08-08T02:42:44.271+0000] {dagbag.py:588} INFO - Filling up the DagBag from /home/airflow/.local/lib/python3.12/site-packages/airflow/example_dags/example_branch_day_of_week_operator.py
[2026-08-08T02:42:44.285+0000] {processor.py:925} INFO - DAG(s) 'example_weekday_branch_operator' retrieved from /home/airflow/.local/lib/python3.12/site-packages/airflow/example_dags/example_branch_day_of_week_operator.py
[2026-08-08T02:42:44.309+0000] {logging_mixin.py:190} INFO - [2026-08-08T02:42:44.309+0000] {dag.py:3239} INFO - Sync 1 DAGs
[2026-08-08T02:42:44.342+0000] {logging_mixin.py:190} INFO - [2026-08-08T02:42:44.342+0000] {dag.py:4180} INFO - Setting next_dagrun for example_weekday_branch_operator to 2026-08-07 00:00:00+00:00, run_after=2026-08-08 00:00:00+00:00
[2026-08-08T02:42:44.366+0000] {processor.py:208} INFO - Processing /home/airflow/.local/lib/python3.12/site-packages/airflow/example_dags/example_branch_day_of_week_operator.py took 0.107 seconds
[2026-08-08T02:43:15.616+0000] {processor.py:186} INFO - Started process (PID=12026) to work on /home/airflow/.local/lib/python3.12/site-packages/airflow/example_dags/example_branch_day_of_week_operator.py
[2026-08-08T02:43:15.617+0000] {processor.py:914} INFO - Processing file /home/airflow/.local/lib/python3.12/site-packages/airflow/example_dags/example_branch_day_of_week_operator.py for tasks to queue
[2026-08-08T02:43:15.621+0000] {logging_mixin.py:190} INFO - [2026-08-08T02:43:15.621+0000] {dagbag.py:588} INFO - Filling up the DagBag from /home/airflow/.local/lib/python3.12/site-packages/airflow/example_dags/example_branch_day_of_week_operator.py
[2026-08-08T02:43:15.643+0000] {processor.py:925} INFO - DAG(s) 'example_weekday_branch_operator' retrieved from /home/airflow/.local/lib/python3.12/site-packages/airflow/example_dags/example_branch_day_of_week_operator.py
[2026-08-08T02:43:15.675+0000] {logging_mixin.py:190} INFO - [2026-08-08T02:43:15.675+0000] {dag.py:3239} INFO - Sync 1 DAGs
[2026-08-08T02:43:15.710+0000] {logging_mixin.py:190} INFO - [2026-08-08T02:43:15.710+0000] {dag.py:4180} INFO - Setting next_dagrun for example_weekday_branch_operator to 2026-08-07 00:00:00+00:00, run_after=2026-08-08 00:00:00+00:00
[2026-08-08T02:43:15.789+0000] {processor.py:208} INFO - Processing /home/airflow/.local/lib/python3.12/site-packages/airflow/example_dags/example_branch_day_of_week_operator.py took 0.180 seconds
[2026-08-08T02:43:47.166+0000] {processor.py:186} INFO - Started process (PID=12091) to work on /home/airflow/.local/lib/python3.12/site-packages/airflow/example_dags/example_branch_day_of_week_operator.py
[2026-08-08T02:43:47.168+0000] {processor.py:914} INFO - Processing file /home/airflow/.local/lib/python3.12/site-packages/airflow/example_dags/example_branch_day_of_week_operator.py for tasks to queue
[2026-08-08T02:43:47.171+0000] {logging_mixin.py:190} INFO - [2026-08-08T02:43:47.170+0000] {dagbag.py:588} INFO - Filling up the DagBag from /home/airflow/.local/lib/python3.12/site-packages/airflow/example_dags/example_branch_day_of_week_operator.py
[2026-08-08T02:43:47.182+0000] {processor.py:925} INFO - DAG(s) 'example_weekday_branch_operator' retrieved from /home/airflow/.local/lib/python3.12/site-packages/airflow/example_dags/example_branch_day_of_week_operator.py
[2026-08-08T02:43:47.207+0000] {logging_mixin.py:190} INFO - [2026-08-08T02:43:47.207+0000] {dag.py:3239} INFO - Sync 1 DAGs
[2026-08-08T02:43:47.235+0000] {logging_mixin.py:190} INFO - [2026-08-08T02:43:47.235+0000] {dag.py:4180} INFO - Setting next_dagrun for example_weekday_branch_operator to 2026-08-07 00:00:00+00:00, run_after=2026-08-08 00:00:00+00:00
[2026-08-08T02:43:47.258+0000] {processor.py:208} INFO - Processing /home/airflow/.local/lib/python3.12/site-packages/airflow/example_dags/example_branch_day_of_week_operator.py took 0.097 seconds
[2026-08-08T02:44:18.634+0000] {processor.py:186} INFO - Started process (PID=12156) to work on /home/airflow/.local/lib/python3.12/site-packages/airflow/example_dags/example_branch_day_of_week_operator.py
[2026-08-08T02:44:18.635+0000] {processor.py:914} INFO - Processing file /home/airflow/.local/lib/python3.12/site-packages/airflow/example_dags/example_branch_day_of_week_operator.py for tasks to queue
[2026-08-08T02:44:18.640+0000] {logging_mixin.py:190} INFO - [2026-08-08T02:44:18.639+0000] {dagbag.py:588} INFO - Filling up the DagBag from /home/airflow/.local/lib/python3.12/site-packages/airflow/example_dags/example_branch_day_of_week_operator.py
[2026-08-08T02:44:18.655+0000] {processor.py:925} INFO - DAG(s) 'example_weekday_branch_operator' retrieved from /home/airflow/.local/lib/python3.12/site-packages/airflow/example_dags/example_branch_day_of_week_operator.py
[2026-08-08T02:44:18.677+0000] {logging_mixin.py:190} INFO - [2026-08-08T02:44:18.677+0000] {dag.py:3239} INFO - Sync 1 DAGs
[2026-08-08T02:44:18.706+0000] {logging_mixin.py:190} INFO - [2026-08-08T02:44:18.705+0000] {dag.py:4180} INFO - Setting next_dagrun for example_weekday_branch_operator to 2026-08-07 00:00:00+00:00, run_after=2026-08-08 00:00:00+00:00
[2026-08-08T02:44:18.728+0000] {processor.py:208} INFO - Processing /home/airflow/.local/lib/python3.12/site-packages/airflow/example_dags/example_branch_day_of_week_operator.py took 0.101 seconds
[2026-08-08T02:44:50.067+0000] {processor.py:186} INFO - Started process (PID=12221) to work on /home/airflow/.local/lib/python3.12/site-packages/airflow/example_dags/example_branch_day_of_week_operator.py
[2026-08-08T02:44:50.068+0000] {processor.py:914} INFO - Processing file /home/airflow/.local/lib/python3.12/site-packages/airflow/example_dags/example_branch_day_of_week_operator.py for tasks to queue
[2026-08-08T02:44:50.072+0000] {logging_mixin.py:190} INFO - [2026-08-08T02:44:50.071+0000] {dagbag.py:588} INFO - Filling up the DagBag from /home/airflow/.local/lib/python3.12/site-packages/airflow/example_dags/example_branch_day_of_week_operator.py
[2026-08-08T02:44:50.085+0000] {processor.py:925} INFO - DAG(s) 'example_weekday_branch_operator' retrieved from /home/airflow/.local/lib/python3.12/site-packages/airflow/example_dags/example_branch_day_of_week_operator.py
[2026-08-08T02:44:50.108+0000] {logging_mixin.py:190} INFO - [2026-08-08T02:44:50.108+0000] {dag.py:3239} INFO - Sync 1 DAGs
[2026-08-08T02:44:50.138+0000] {logging_mixin.py:190} INFO - [2026-08-08T02:44:50.138+0000] {dag.py:4180} INFO - Setting next_dagrun for example_weekday_branch_operator to 2026-08-07 00:00:00+00:00, run_after=2026-08-08 00:00:00+00:00
[2026-08-08T02:44:50.161+0000] {processor.py:208} INFO - Processing /home/airflow/.local/lib/python3.12/site-packages/airflow/example_dags/example_branch_day_of_week_operator.py took 0.100 seconds
[2026-08-08T02:45:20.867+0000] {processor.py:186} INFO - Started process (PID=12287) to work on /home/airflow/.local/lib/python3.12/site-packages/airflow/example_dags/example_branch_day_of_week_operator.py
[2026-08-08T02:45:20.868+0000] {processor.py:914} INFO - Processing file /home/airflow/.local/lib/python3.12/site-packages/airflow/example_dags/example_branch_day_of_week_operator.py for tasks to queue
[2026-08-08T02:45:20.872+0000] {logging_mixin.py:190} INFO - [2026-08-08T02:45:20.871+0000] {dagbag.py:588} INFO - Filling up the DagBag from /home/airflow/.local/lib/python3.12/site-packages/airflow/example_dags/example_branch_day_of_week_operator.py
[2026-08-08T02:45:20.882+0000] {processor.py:925} INFO - DAG(s) 'example_weekday_branch_operator' retrieved from /home/airflow/.local/lib/python3.12/site-packages/airflow/example_dags/example_branch_day_of_week_operator.py
[2026-08-08T02:45:20.903+0000] {logging_mixin.py:190} INFO - [2026-08-08T02:45:20.902+0000] {dag.py:3239} INFO - Sync 1 DAGs
[2026-08-08T02:45:20.933+0000] {logging_mixin.py:190} INFO - [2026-08-08T02:45:20.933+0000] {dag.py:4180} INFO - Setting next_dagrun for example_weekday_branch_operator to 2026-08-07 00:00:00+00:00, run_after=2026-08-08 00:00:00+00:00
[2026-08-08T02:45:20.953+0000] {processor.py:208} INFO - Processing /home/airflow/.local/lib/python3.12/site-packages/airflow/example_dags/example_branch_day_of_week_operator.py took 0.093 seconds
[2026-08-08T02:45:52.292+0000] {processor.py:186} INFO - Started process (PID=12352) to work on /home/airflow/.local/lib/python3.12/site-packages/airflow/example_dags/example_branch_day_of_week_operator.py
[2026-08-08T02:45:52.297+0000] {processor.py:914} INFO - Processing file /home/airflow/.local/lib/python3.12/site-packages/airflow/example_dags/example_branch_day_of_week_operator.py for tasks to queue
[2026-08-08T02:45:52.304+0000] {logging_mixin.py:190} INFO - [2026-08-08T02:45:52.303+0000] {dagbag.py:588} INFO - Filling up the DagBag from /home/airflow/.local/lib/python3.12/site-packages/airflow/example_dags/example_branch_day_of_week_operator.py
[2026-08-08T02:45:52.332+0000] {processor.py:925} INFO - DAG(s) 'example_weekday_branch_operator' retrieved from /home/airflow/.local/lib/python3.12/site-packages/airflow/example_dags/example_branch_day_of_week_operator.py
[2026-08-08T02:45:52.375+0000] {logging_mixin.py:190} INFO - [2026-08-08T02:45:52.374+0000] {dag.py:3239} INFO - Sync 1 DAGs
[2026-08-08T02:45:52.425+0000] {logging_mixin.py:190} INFO - [2026-08-08T02:45:52.424+0000] {dag.py:4180} INFO - Setting next_dagrun for example_weekday_branch_operator to 2026-08-07 00:00:00+00:00, run_after=2026-08-08 00:00:00+00:00
[2026-08-08T02:45:52.452+0000] {processor.py:208} INFO - Processing /home/airflow/.local/lib/python3.12/site-packages/airflow/example_dags/example_branch_day_of_week_operator.py took 0.173 seconds
[2026-08-08T02:46:23.617+0000] {processor.py:186} INFO - Started process (PID=12417) to work on /home/airflow/.local/lib/python3.12/site-packages/airflow/example_dags/example_branch_day_of_week_operator.py
[2026-08-08T02:46:23.619+0000] {processor.py:914} INFO - Processing file /home/airflow/.local/lib/python3.12/site-packages/airflow/example_dags/example_branch_day_of_week_operator.py for tasks to queue
[2026-08-08T02:46:23.623+0000] {logging_mixin.py:190} INFO - [2026-08-08T02:46:23.622+0000] {dagbag.py:588} INFO - Filling up the DagBag from /home/airflow/.local/lib/python3.12/site-packages/airflow/example_dags/example_branch_day_of_week_operator.py
[2026-08-08T02:46:23.638+0000] {processor.py:925} INFO - DAG(s) 'example_weekday_branch_operator' retrieved from /home/airflow/.local/lib/python3.12/site-packages/airflow/example_dags/example_branch_day_of_week_operator.py
[2026-08-08T02:46:23.665+0000] {logging_mixin.py:190} INFO - [2026-08-08T02:46:23.664+0000] {dag.py:3239} INFO - Sync 1 DAGs
[2026-08-08T02:46:23.696+0000] {logging_mixin.py:190} INFO - [2026-08-08T02:46:23.696+0000] {dag.py:4180} INFO - Setting next_dagrun for example_weekday_branch_operator to 2026-08-07 00:00:00+00:00, run_after=2026-08-08 00:00:00+00:00
[2026-08-08T02:46:23.721+0000] {processor.py:208} INFO - Processing /home/airflow/.local/lib/python3.12/site-packages/airflow/example_dags/example_branch_day_of_week_operator.py took 0.110 seconds
[2026-08-08T02:46:54.630+0000] {processor.py:186} INFO - Started process (PID=12482) to work on /home/airflow/.local/lib/python3.12/site-packages/airflow/example_dags/example_branch_day_of_week_operator.py
[2026-08-08T02:46:54.632+0000] {processor.py:914} INFO - Processing file /home/airflow/.local/lib/python3.12/site-packages/airflow/example_dags/example_branch_day_of_week_operator.py for tasks to queue
[2026-08-08T02:46:54.635+0000] {logging_mixin.py:190} INFO - [2026-08-08T02:46:54.635+0000] {dagbag.py:588} INFO - Filling up the DagBag from /home/airflow/.local/lib/python3.12/site-packages/airflow/example_dags/example_branch_day_of_week_operator.py
[2026-08-08T02:46:54.645+0000] {processor.py:925} INFO - DAG(s) 'example_weekday_branch_operator' retrieved from /home/airflow/.local/lib/python3.12/site-packages/airflow/example_dags/example_branch_day_of_week_operator.py
[2026-08-08T02:46:54.665+0000] {logging_mixin.py:190} INFO - [2026-08-08T02:46:54.664+0000] {dag.py:3239} INFO - Sync 1 DAGs
[2026-08-08T02:46:54.691+0000] {logging_mixin.py:190} INFO - [2026-08-08T02:46:54.691+0000] {dag.py:4180} INFO - Setting next_dagrun for example_weekday_branch_operator to 2026-08-07 00:00:00+00:00, run_after=2026-08-08 00:00:00+00:00
[2026-08-08T02:46:54.712+0000] {processor.py:208} INFO - Processing /home/airflow/.local/lib/python3.12/site-packages/airflow/example_dags/example_branch_day_of_week_operator.py took 0.087 seconds
[2026-08-08T02:47:26.034+0000] {processor.py:186} INFO - Started process (PID=12547) to work on /home/airflow/.local/lib/python3.12/site-packages/airflow/example_dags/example_branch_day_of_week_operator.py
[2026-08-08T02:47:26.035+0000] {processor.py:914} INFO - Processing file /home/airflow/.local/lib/python3.12/site-packages/airflow/example_dags/example_branch_day_of_week_operator.py for tasks to queue
[2026-08-08T02:47:26.038+0000] {logging_mixin.py:190} INFO - [2026-08-08T02:47:26.038+0000] {dagbag.py:588} INFO - Filling up the DagBag from /home/airflow/.local/lib/python3.12/site-packages/airflow/example_dags/example_branch_day_of_week_operator.py
[2026-08-08T02:47:26.051+0000] {processor.py:925} INFO - DAG(s) 'example_weekday_branch_operator' retrieved from /home/airflow/.local/lib/python3.12/site-packages/airflow/example_dags/example_branch_day_of_week_operator.py
[2026-08-08T02:47:26.076+0000] {logging_mixin.py:190} INFO - [2026-08-08T02:47:26.076+0000] {dag.py:3239} INFO - Sync 1 DAGs
[2026-08-08T02:47:26.108+0000] {logging_mixin.py:190} INFO - [2026-08-08T02:47:26.108+0000] {dag.py:4180} INFO - Setting next_dagrun for example_weekday_branch_operator to 2026-08-07 00:00:00+00:00, run_after=2026-08-08 00:00:00+00:00
[2026-08-08T02:47:26.143+0000] {processor.py:208} INFO - Processing /home/airflow/.local/lib/python3.12/site-packages/airflow/example_dags/example_branch_day_of_week_operator.py took 0.118 seconds
[2026-08-08T02:47:57.139+0000] {processor.py:186} INFO - Started process (PID=12612) to work on /home/airflow/.local/lib/python3.12/site-packages/airflow/example_dags/example_branch_day_of_week_operator.py
[2026-08-08T02:47:57.141+0000] {processor.py:914} INFO - Processing file /home/airflow/.local/lib/python3.12/site-packages/airflow/example_dags/example_branch_day_of_week_operator.py for tasks to queue
[2026-08-08T02:47:57.145+0000] {logging_mixin.py:190} INFO - [2026-08-08T02:47:57.144+0000] {dagbag.py:588} INFO - Filling up the DagBag from /home/airflow/.local/lib/python3.12/site-packages/airflow/example_dags/example_branch_day_of_week_operator.py
[2026-08-08T02:47:57.162+0000] {processor.py:925} INFO - DAG(s) 'example_weekday_branch_operator' retrieved from /home/airflow/.local/lib/python3.12/site-packages/airflow/example_dags/example_branch_day_of_week_operator.py
[2026-08-08T02:47:57.196+0000] {logging_mixin.py:190} INFO - [2026-08-08T02:47:57.195+0000] {dag.py:3239} INFO - Sync 1 DAGs
[2026-08-08T02:47:57.243+0000] {logging_mixin.py:190} INFO - [2026-08-08T02:47:57.242+0000] {dag.py:4180} INFO - Setting next_dagrun for example_weekday_branch_operator to 2026-08-07 00:00:00+00:00, run_after=2026-08-08 00:00:00+00:00
[2026-08-08T02:47:57.283+0000] {processor.py:208} INFO - Processing /home/airflow/.local/lib/python3.12/site-packages/airflow/example_dags/example_branch_day_of_week_operator.py took 0.152 seconds
[2026-08-08T02:48:28.515+0000] {processor.py:186} INFO - Started process (PID=12677) to work on /home/airflow/.local/lib/python3.12/site-packages/airflow/example_dags/example_branch_day_of_week_operator.py
[2026-08-08T02:48:28.516+0000] {processor.py:914} INFO - Processing file /home/airflow/.local/lib/python3.12/site-packages/airflow/example_dags/example_branch_day_of_week_operator.py for tasks to queue
[2026-08-08T02:48:28.520+0000] {logging_mixin.py:190} INFO - [2026-08-08T02:48:28.520+0000] {dagbag.py:588} INFO - Filling up the DagBag from /home/airflow/.local/lib/python3.12/site-packages/airflow/example_dags/example_branch_day_of_week_operator.py
[2026-08-08T02:48:28.533+0000] {processor.py:925} INFO - DAG(s) 'example_weekday_branch_operator' retrieved from /home/airflow/.local/lib/python3.12/site-packages/airflow/example_dags/example_branch_day_of_week_operator.py
[2026-08-08T02:48:28.567+0000] {logging_mixin.py:190} INFO - [2026-08-08T02:48:28.567+0000] {dag.py:3239} INFO - Sync 1 DAGs
[2026-08-08T02:48:28.613+0000] {logging_mixin.py:190} INFO - [2026-08-08T02:48:28.613+0000] {dag.py:4180} INFO - Setting next_dagrun for example_weekday_branch_operator to 2026-08-07 00:00:00+00:00, run_after=2026-08-08 00:00:00+00:00
[2026-08-08T02:48:28.648+0000] {processor.py:208} INFO - Processing /home/airflow/.local/lib/python3.12/site-packages/airflow/example_dags/example_branch_day_of_week_operator.py took 0.141 seconds
[2026-08-08T02:48:59.742+0000] {processor.py:186} INFO - Started process (PID=12742) to work on /home/airflow/.local/lib/python3.12/site-packages/airflow/example_dags/example_branch_day_of_week_operator.py
[2026-08-08T02:48:59.744+0000] {processor.py:914} INFO - Processing file /home/airflow/.local/lib/python3.12/site-packages/airflow/example_dags/example_branch_day_of_week_operator.py for tasks to queue
[2026-08-08T02:48:59.747+0000] {logging_mixin.py:190} INFO - [2026-08-08T02:48:59.747+0000] {dagbag.py:588} INFO - Filling up the DagBag from /home/airflow/.local/lib/python3.12/site-packages/airflow/example_dags/example_branch_day_of_week_operator.py
[2026-08-08T02:48:59.759+0000] {processor.py:925} INFO - DAG(s) 'example_weekday_branch_operator' retrieved from /home/airflow/.local/lib/python3.12/site-packages/airflow/example_dags/example_branch_day_of_week_operator.py
[2026-08-08T02:48:59.791+0000] {logging_mixin.py:190} INFO - [2026-08-08T02:48:59.790+0000] {dag.py:3239} INFO - Sync 1 DAGs
[2026-08-08T02:48:59.833+0000] {logging_mixin.py:190} INFO - [2026-08-08T02:48:59.833+0000] {dag.py:4180} INFO - Setting next_dagrun for example_weekday_branch_operator to 2026-08-07 00:00:00+00:00, run_after=2026-08-08 00:00:00+00:00
[2026-08-08T02:48:59.870+0000] {processor.py:208} INFO - Processing /home/airflow/.local/lib/python3.12/site-packages/airflow/example_dags/example_branch_day_of_week_operator.py took 0.134 seconds
[2026-08-08T02:49:31.298+0000] {processor.py:186} INFO - Started process (PID=12807) to work on /home/airflow/.local/lib/python3.12/site-packages/airflow/example_dags/example_branch_day_of_week_operator.py
[2026-08-08T02:49:31.300+0000] {processor.py:914} INFO - Processing file /home/airflow/.local/lib/python3.12/site-packages/airflow/example_dags/example_branch_day_of_week_operator.py for tasks to queue
[2026-08-08T02:49:31.305+0000] {logging_mixin.py:190} INFO - [2026-08-08T02:49:31.304+0000] {dagbag.py:588} INFO - Filling up the DagBag from /home/airflow/.local/lib/python3.12/site-packages/airflow/example_dags/example_branch_day_of_week_operator.py
[2026-08-08T02:49:31.321+0000] {processor.py:925} INFO - DAG(s) 'example_weekday_branch_operator' retrieved from /home/airflow/.local/lib/python3.12/site-packages/airflow/example_dags/example_branch_day_of_week_operator.py
[2026-08-08T02:49:31.345+0000] {logging_mixin.py:190} INFO - [2026-08-08T02:49:31.344+0000] {dag.py:3239} INFO - Sync 1 DAGs
[2026-08-08T02:49:31.377+0000] {logging_mixin.py:190} INFO - [2026-08-08T02:49:31.376+0000] {dag.py:4180} INFO - Setting next_dagrun for example_weekday_branch_operator to 2026-08-07 00:00:00+00:00, run_after=2026-08-08 00:00:00+00:00
[2026-08-08T02:49:31.401+0000] {processor.py:208} INFO - Processing /home/airflow/.local/lib/python3.12/site-packages/airflow/example_dags/example_branch_day_of_week_operator.py took 0.114 seconds
[2026-08-08T02:50:02.097+0000] {processor.py:186} INFO - Started process (PID=12872) to work on /home/airflow/.local/lib/python3.12/site-packages/airflow/example_dags/example_branch_day_of_week_operator.py
[2026-08-08T02:50:02.099+0000] {processor.py:914} INFO - Processing file /home/airflow/.local/lib/python3.12/site-packages/airflow/example_dags/example_branch_day_of_week_operator.py for tasks to queue
[2026-08-08T02:50:02.103+0000] {logging_mixin.py:190} INFO - [2026-08-08T02:50:02.103+0000] {dagbag.py:588} INFO - Filling up the DagBag from /home/airflow/.local/lib/python3.12/site-packages/airflow/example_dags/example_branch_day_of_week_operator.py
[2026-08-08T02:50:02.117+0000] {processor.py:925} INFO - DAG(s) 'example_weekday_branch_operator' retrieved from /home/airflow/.local/lib/python3.12/site-packages/airflow/example_dags/example_branch_day_of_week_operator.py
[2026-08-08T02:50:02.146+0000] {logging_mixin.py:190} INFO - [2026-08-08T02:50:02.145+0000] {dag.py:3239} INFO - Sync 1 DAGs
[2026-08-08T02:50:02.198+0000] {logging_mixin.py:190} INFO - [2026-08-08T02:50:02.197+0000] {dag.py:4180} INFO - Setting next_dagrun for example_weekday_branch_operator to 2026-08-07 00:00:00+00:00, run_after=2026-08-08 00:00:00+00:00
[2026-08-08T02:50:02.231+0000] {processor.py:208} INFO - Processing /home/airflow/.local/lib/python3.12/site-packages/airflow/example_dags/example_branch_day_of_week_operator.py took 0.142 seconds
[2026-08-08T02:50:33.845+0000] {processor.py:186} INFO - Started process (PID=12938) to work on /home/airflow/.local/lib/python3.12/site-packages/airflow/example_dags/example_branch_day_of_week_operator.py
[2026-08-08T02:50:33.846+0000] {processor.py:914} INFO - Processing file /home/airflow/.local/lib/python3.12/site-packages/airflow/example_dags/example_branch_day_of_week_operator.py for tasks to queue
[2026-08-08T02:50:33.849+0000] {logging_mixin.py:190} INFO - [2026-08-08T02:50:33.849+0000] {dagbag.py:588} INFO - Filling up the DagBag from /home/airflow/.local/lib/python3.12/site-packages/airflow/example_dags/example_branch_day_of_week_operator.py
[2026-08-08T02:50:33.860+0000] {processor.py:925} INFO - DAG(s) 'example_weekday_branch_operator' retrieved from /home/airflow/.local/lib/python3.12/site-packages/airflow/example_dags/example_branch_day_of_week_operator.py
[2026-08-08T02:50:33.882+0000] {logging_mixin.py:190} INFO - [2026-08-08T02:50:33.881+0000] {dag.py:3239} INFO - Sync 1 DAGs
[2026-08-08T02:50:33.909+0000] {logging_mixin.py:190} INFO - [2026-08-08T02:50:33.909+0000] {dag.py:4180} INFO - Setting next_dagrun for example_weekday_branch_operator to 2026-08-07 00:00:00+00:00, run_after=2026-08-08 00:00:00+00:00
[2026-08-08T02:50:33.930+0000] {processor.py:208} INFO - Processing /home/airflow/.local/lib/python3.12/site-packages/airflow/example_dags/example_branch_day_of_week_operator.py took 0.092 seconds
[2026-08-08T02:51:05.075+0000] {processor.py:186} INFO - Started process (PID=13003) to work on /home/airflow/.local/lib/python3.12/site-packages/airflow/example_dags/example_branch_day_of_week_operator.py
[2026-08-08T02:51:05.076+0000] {processor.py:914} INFO - Processing file /home/airflow/.local/lib/python3.12/site-packages/airflow/example_dags/example_branch_day_of_week_operator.py for tasks to queue
[2026-08-08T02:51:05.080+0000] {logging_mixin.py:190} INFO - [2026-08-08T02:51:05.080+0000] {dagbag.py:588} INFO - Filling up the DagBag from /home/airflow/.local/lib/python3.12/site-packages/airflow/example_dags/example_branch_day_of_week_operator.py
[2026-08-08T02:51:05.092+0000] {processor.py:925} INFO - DAG(s) 'example_weekday_branch_operator' retrieved from /home/airflow/.local/lib/python3.12/site-packages/airflow/example_dags/example_branch_day_of_week_operator.py
[2026-08-08T02:51:05.114+0000] {logging_mixin.py:190} INFO - [2026-08-08T02:51:05.114+0000] {dag.py:3239} INFO - Sync 1 DAGs
[2026-08-08T02:51:05.143+0000] {logging_mixin.py:190} INFO - [2026-08-08T02:51:05.143+0000] {dag.py:4180} INFO - Setting next_dagrun for example_weekday_branch_operator to 2026-08-07 00:00:00+00:00, run_after=2026-08-08 00:00:00+00:00
[2026-08-08T02:51:05.174+0000] {processor.py:208} INFO - Processing /home/airflow/.local/lib/python3.12/site-packages/airflow/example_dags/example_branch_day_of_week_operator.py took 0.105 seconds
[2026-08-08T02:51:36.214+0000] {processor.py:186} INFO - Started process (PID=13079) to work on /home/airflow/.local/lib/python3.12/site-packages/airflow/example_dags/example_branch_day_of_week_operator.py
[2026-08-08T02:51:36.219+0000] {processor.py:914} INFO - Processing file /home/airflow/.local/lib/python3.12/site-packages/airflow/example_dags/example_branch_day_of_week_operator.py for tasks to queue
[2026-08-08T02:51:36.224+0000] {logging_mixin.py:190} INFO - [2026-08-08T02:51:36.224+0000] {dagbag.py:588} INFO - Filling up the DagBag from /home/airflow/.local/lib/python3.12/site-packages/airflow/example_dags/example_branch_day_of_week_operator.py
[2026-08-08T02:51:36.237+0000] {processor.py:925} INFO - DAG(s) 'example_weekday_branch_operator' retrieved from /home/airflow/.local/lib/python3.12/site-packages/airflow/example_dags/example_branch_day_of_week_operator.py
[2026-08-08T02:51:36.262+0000] {logging_mixin.py:190} INFO - [2026-08-08T02:51:36.262+0000] {dag.py:3239} INFO - Sync 1 DAGs
[2026-08-08T02:51:36.291+0000] {logging_mixin.py:190} INFO - [2026-08-08T02:51:36.290+0000] {dag.py:4180} INFO - Setting next_dagrun for example_weekday_branch_operator to 2026-08-07 00:00:00+00:00, run_after=2026-08-08 00:00:00+00:00
[2026-08-08T02:51:36.318+0000] {processor.py:208} INFO - Processing /home/airflow/.local/lib/python3.12/site-packages/airflow/example_dags/example_branch_day_of_week_operator.py took 0.112 seconds
[2026-08-08T02:52:09.063+0000] {processor.py:186} INFO - Started process (PID=13153) to work on /home/airflow/.local/lib/python3.12/site-packages/airflow/example_dags/example_branch_day_of_week_operator.py
[2026-08-08T02:52:09.065+0000] {processor.py:914} INFO - Processing file /home/airflow/.local/lib/python3.12/site-packages/airflow/example_dags/example_branch_day_of_week_operator.py for tasks to queue
[2026-08-08T02:52:09.070+0000] {logging_mixin.py:190} INFO - [2026-08-08T02:52:09.069+0000] {dagbag.py:588} INFO - Filling up the DagBag from /home/airflow/.local/lib/python3.12/site-packages/airflow/example_dags/example_branch_day_of_week_operator.py
[2026-08-08T02:52:09.089+0000] {processor.py:925} INFO - DAG(s) 'example_weekday_branch_operator' retrieved from /home/airflow/.local/lib/python3.12/site-packages/airflow/example_dags/example_branch_day_of_week_operator.py
[2026-08-08T02:52:09.122+0000] {logging_mixin.py:190} INFO - [2026-08-08T02:52:09.121+0000] {dag.py:3239} INFO - Sync 1 DAGs
[2026-08-08T02:52:09.157+0000] {logging_mixin.py:190} INFO - [2026-08-08T02:52:09.157+0000] {dag.py:4180} INFO - Setting next_dagrun for example_weekday_branch_operator to 2026-08-07 00:00:00+00:00, run_after=2026-08-08 00:00:00+00:00
[2026-08-08T02:52:09.191+0000] {processor.py:208} INFO - Processing /home/airflow/.local/lib/python3.12/site-packages/airflow/example_dags/example_branch_day_of_week_operator.py took 0.143 seconds
[2026-08-08T02:52:39.751+0000] {processor.py:186} INFO - Started process (PID=13218) to work on /home/airflow/.local/lib/python3.12/site-packages/airflow/example_dags/example_branch_day_of_week_operator.py
[2026-08-08T02:52:39.753+0000] {processor.py:914} INFO - Processing file /home/airflow/.local/lib/python3.12/site-packages/airflow/example_dags/example_branch_day_of_week_operator.py for tasks to queue
[2026-08-08T02:52:39.756+0000] {logging_mixin.py:190} INFO - [2026-08-08T02:52:39.755+0000] {dagbag.py:588} INFO - Filling up the DagBag from /home/airflow/.local/lib/python3.12/site-packages/airflow/example_dags/example_branch_day_of_week_operator.py
[2026-08-08T02:52:39.766+0000] {processor.py:925} INFO - DAG(s) 'example_weekday_branch_operator' retrieved from /home/airflow/.local/lib/python3.12/site-packages/airflow/example_dags/example_branch_day_of_week_operator.py
[2026-08-08T02:52:39.791+0000] {logging_mixin.py:190} INFO - [2026-08-08T02:52:39.790+0000] {dag.py:3239} INFO - Sync 1 DAGs
[2026-08-08T02:52:39.822+0000] {logging_mixin.py:190} INFO - [2026-08-08T02:52:39.822+0000] {dag.py:4180} INFO - Setting next_dagrun for example_weekday_branch_operator to 2026-08-07 00:00:00+00:00, run_after=2026-08-08 00:00:00+00:00
[2026-08-08T02:52:39.845+0000] {processor.py:208} INFO - Processing /home/airflow/.local/lib/python3.12/site-packages/airflow/example_dags/example_branch_day_of_week_operator.py took 0.099 seconds
[2026-08-08T02:53:11.061+0000] {processor.py:186} INFO - Started process (PID=13285) to work on /home/airflow/.local/lib/python3.12/site-packages/airflow/example_dags/example_branch_day_of_week_operator.py
[2026-08-08T02:53:11.062+0000] {processor.py:914} INFO - Processing file /home/airflow/.local/lib/python3.12/site-packages/airflow/example_dags/example_branch_day_of_week_operator.py for tasks to queue
[2026-08-08T02:53:11.065+0000] {logging_mixin.py:190} INFO - [2026-08-08T02:53:11.065+0000] {dagbag.py:588} INFO - Filling up the DagBag from /home/airflow/.local/lib/python3.12/site-packages/airflow/example_dags/example_branch_day_of_week_operator.py
[2026-08-08T02:53:11.080+0000] {processor.py:925} INFO - DAG(s) 'example_weekday_branch_operator' retrieved from /home/airflow/.local/lib/python3.12/site-packages/airflow/example_dags/example_branch_day_of_week_operator.py
[2026-08-08T02:53:11.108+0000] {logging_mixin.py:190} INFO - [2026-08-08T02:53:11.107+0000] {dag.py:3239} INFO - Sync 1 DAGs
[2026-08-08T02:53:11.156+0000] {logging_mixin.py:190} INFO - [2026-08-08T02:53:11.155+0000] {dag.py:4180} INFO - Setting next_dagrun for example_weekday_branch_operator to 2026-08-07 00:00:00+00:00, run_after=2026-08-08 00:00:00+00:00
[2026-08-08T02:53:11.188+0000] {processor.py:208} INFO - Processing /home/airflow/.local/lib/python3.12/site-packages/airflow/example_dags/example_branch_day_of_week_operator.py took 0.136 seconds
[2026-08-08T02:53:42.517+0000] {processor.py:186} INFO - Started process (PID=13350) to work on /home/airflow/.local/lib/python3.12/site-packages/airflow/example_dags/example_branch_day_of_week_operator.py
[2026-08-08T02:53:42.519+0000] {processor.py:914} INFO - Processing file /home/airflow/.local/lib/python3.12/site-packages/airflow/example_dags/example_branch_day_of_week_operator.py for tasks to queue
[2026-08-08T02:53:42.522+0000] {logging_mixin.py:190} INFO - [2026-08-08T02:53:42.521+0000] {dagbag.py:588} INFO - Filling up the DagBag from /home/airflow/.local/lib/python3.12/site-packages/airflow/example_dags/example_branch_day_of_week_operator.py
[2026-08-08T02:53:42.536+0000] {processor.py:925} INFO - DAG(s) 'example_weekday_branch_operator' retrieved from /home/airflow/.local/lib/python3.12/site-packages/airflow/example_dags/example_branch_day_of_week_operator.py
[2026-08-08T02:53:42.563+0000] {logging_mixin.py:190} INFO - [2026-08-08T02:53:42.562+0000] {dag.py:3239} INFO - Sync 1 DAGs
[2026-08-08T02:53:42.607+0000] {logging_mixin.py:190} INFO - [2026-08-08T02:53:42.607+0000] {dag.py:4180} INFO - Setting next_dagrun for example_weekday_branch_operator to 2026-08-07 00:00:00+00:00, run_after=2026-08-08 00:00:00+00:00
[2026-08-08T02:53:42.638+0000] {processor.py:208} INFO - Processing /home/airflow/.local/lib/python3.12/site-packages/airflow/example_dags/example_branch_day_of_week_operator.py took 0.128 seconds
[2026-08-08T02:54:13.869+0000] {processor.py:186} INFO - Started process (PID=13415) to work on /home/airflow/.local/lib/python3.12/site-packages/airflow/example_dags/example_branch_day_of_week_operator.py
[2026-08-08T02:54:13.871+0000] {processor.py:914} INFO - Processing file /home/airflow/.local/lib/python3.12/site-packages/airflow/example_dags/example_branch_day_of_week_operator.py for tasks to queue
[2026-08-08T02:54:13.876+0000] {logging_mixin.py:190} INFO - [2026-08-08T02:54:13.875+0000] {dagbag.py:588} INFO - Filling up the DagBag from /home/airflow/.local/lib/python3.12/site-packages/airflow/example_dags/example_branch_day_of_week_operator.py
[2026-08-08T02:54:13.891+0000] {processor.py:925} INFO - DAG(s) 'example_weekday_branch_operator' retrieved from /home/airflow/.local/lib/python3.12/site-packages/airflow/example_dags/example_branch_day_of_week_operator.py
[2026-08-08T02:54:13.922+0000] {logging_mixin.py:190} INFO - [2026-08-08T02:54:13.922+0000] {dag.py:3239} INFO - Sync 1 DAGs
[2026-08-08T02:54:13.956+0000] {logging_mixin.py:190} INFO - [2026-08-08T02:54:13.956+0000] {dag.py:4180} INFO - Setting next_dagrun for example_weekday_branch_operator to 2026-08-07 00:00:00+00:00, run_after=2026-08-08 00:00:00+00:00
[2026-08-08T02:54:13.987+0000] {processor.py:208} INFO - Processing /home/airflow/.local/lib/python3.12/site-packages/airflow/example_dags/example_branch_day_of_week_operator.py took 0.130 seconds
[2026-08-08T02:54:45.810+0000] {processor.py:186} INFO - Started process (PID=13482) to work on /home/airflow/.local/lib/python3.12/site-packages/airflow/example_dags/example_branch_day_of_week_operator.py
[2026-08-08T02:54:45.811+0000] {processor.py:914} INFO - Processing file /home/airflow/.local/lib/python3.12/site-packages/airflow/example_dags/example_branch_day_of_week_operator.py for tasks to queue
[2026-08-08T02:54:45.815+0000] {logging_mixin.py:190} INFO - [2026-08-08T02:54:45.814+0000] {dagbag.py:588} INFO - Filling up the DagBag from /home/airflow/.local/lib/python3.12/site-packages/airflow/example_dags/example_branch_day_of_week_operator.py
[2026-08-08T02:54:45.827+0000] {processor.py:925} INFO - DAG(s) 'example_weekday_branch_operator' retrieved from /home/airflow/.local/lib/python3.12/site-packages/airflow/example_dags/example_branch_day_of_week_operator.py
[2026-08-08T02:54:45.853+0000] {logging_mixin.py:190} INFO - [2026-08-08T02:54:45.852+0000] {dag.py:3239} INFO - Sync 1 DAGs
[2026-08-08T02:54:45.887+0000] {logging_mixin.py:190} INFO - [2026-08-08T02:54:45.887+0000] {dag.py:4180} INFO - Setting next_dagrun for example_weekday_branch_operator to 2026-08-07 00:00:00+00:00, run_after=2026-08-08 00:00:00+00:00
[2026-08-08T02:54:45.917+0000] {processor.py:208} INFO - Processing /home/airflow/.local/lib/python3.12/site-packages/airflow/example_dags/example_branch_day_of_week_operator.py took 0.115 seconds
[2026-08-08T02:55:17.007+0000] {processor.py:186} INFO - Started process (PID=13547) to work on /home/airflow/.local/lib/python3.12/site-packages/airflow/example_dags/example_branch_day_of_week_operator.py
[2026-08-08T02:55:17.008+0000] {processor.py:914} INFO - Processing file /home/airflow/.local/lib/python3.12/site-packages/airflow/example_dags/example_branch_day_of_week_operator.py for tasks to queue
[2026-08-08T02:55:17.014+0000] {logging_mixin.py:190} INFO - [2026-08-08T02:55:17.013+0000] {dagbag.py:588} INFO - Filling up the DagBag from /home/airflow/.local/lib/python3.12/site-packages/airflow/example_dags/example_branch_day_of_week_operator.py
[2026-08-08T02:55:17.031+0000] {processor.py:925} INFO - DAG(s) 'example_weekday_branch_operator' retrieved from /home/airflow/.local/lib/python3.12/site-packages/airflow/example_dags/example_branch_day_of_week_operator.py
[2026-08-08T02:55:17.076+0000] {logging_mixin.py:190} INFO - [2026-08-08T02:55:17.076+0000] {dag.py:3239} INFO - Sync 1 DAGs
[2026-08-08T02:55:17.127+0000] {logging_mixin.py:190} INFO - [2026-08-08T02:55:17.126+0000] {dag.py:4180} INFO - Setting next_dagrun for example_weekday_branch_operator to 2026-08-07 00:00:00+00:00, run_after=2026-08-08 00:00:00+00:00
[2026-08-08T02:55:17.165+0000] {processor.py:208} INFO - Processing /home/airflow/.local/lib/python3.12/site-packages/airflow/example_dags/example_branch_day_of_week_operator.py took 0.169 seconds
[2026-08-08T02:55:48.790+0000] {processor.py:186} INFO - Started process (PID=13613) to work on /home/airflow/.local/lib/python3.12/site-packages/airflow/example_dags/example_branch_day_of_week_operator.py
[2026-08-08T02:55:48.791+0000] {processor.py:914} INFO - Processing file /home/airflow/.local/lib/python3.12/site-packages/airflow/example_dags/example_branch_day_of_week_operator.py for tasks to queue
[2026-08-08T02:55:48.794+0000] {logging_mixin.py:190} INFO - [2026-08-08T02:55:48.794+0000] {dagbag.py:588} INFO - Filling up the DagBag from /home/airflow/.local/lib/python3.12/site-packages/airflow/example_dags/example_branch_day_of_week_operator.py
[2026-08-08T02:55:48.805+0000] {processor.py:925} INFO - DAG(s) 'example_weekday_branch_operator' retrieved from /home/airflow/.local/lib/python3.12/site-packages/airflow/example_dags/example_branch_day_of_week_operator.py
[2026-08-08T02:55:48.826+0000] {logging_mixin.py:190} INFO - [2026-08-08T02:55:48.826+0000] {dag.py:3239} INFO - Sync 1 DAGs
[2026-08-08T02:55:48.852+0000] {logging_mixin.py:190} INFO - [2026-08-08T02:55:48.852+0000] {dag.py:4180} INFO - Setting next_dagrun for example_weekday_branch_operator to 2026-08-07 00:00:00+00:00, run_after=2026-08-08 00:00:00+00:00
[2026-08-08T02:55:48.873+0000] {processor.py:208} INFO - Processing /home/airflow/.local/lib/python3.12/site-packages/airflow/example_dags/example_branch_day_of_week_operator.py took 0.089 seconds
[2026-08-08T02:56:19.144+0000] {processor.py:186} INFO - Started process (PID=13677) to work on /home/airflow/.local/lib/python3.12/site-packages/airflow/example_dags/example_branch_day_of_week_operator.py
[2026-08-08T02:56:19.146+0000] {processor.py:914} INFO - Processing file /home/airflow/.local/lib/python3.12/site-packages/airflow/example_dags/example_branch_day_of_week_operator.py for tasks to queue
[2026-08-08T02:56:19.149+0000] {logging_mixin.py:190} INFO - [2026-08-08T02:56:19.149+0000] {dagbag.py:588} INFO - Filling up the DagBag from /home/airflow/.local/lib/python3.12/site-packages/airflow/example_dags/example_branch_day_of_week_operator.py
[2026-08-08T02:56:19.160+0000] {processor.py:925} INFO - DAG(s) 'example_weekday_branch_operator' retrieved from /home/airflow/.local/lib/python3.12/site-packages/airflow/example_dags/example_branch_day_of_week_operator.py
[2026-08-08T02:56:19.185+0000] {logging_mixin.py:190} INFO - [2026-08-08T02:56:19.185+0000] {dag.py:3239} INFO - Sync 1 DAGs
[2026-08-08T02:56:19.214+0000] {logging_mixin.py:190} INFO - [2026-08-08T02:56:19.214+0000] {dag.py:4180} INFO - Setting next_dagrun for example_weekday_branch_operator to 2026-08-07 00:00:00+00:00, run_after=2026-08-08 00:00:00+00:00
[2026-08-08T02:56:19.236+0000] {processor.py:208} INFO - Processing /home/airflow/.local/lib/python3.12/site-packages/airflow/example_dags/example_branch_day_of_week_operator.py took 0.097 seconds
[2026-08-08T02:56:49.405+0000] {processor.py:186} INFO - Started process (PID=13741) to work on /home/airflow/.local/lib/python3.12/site-packages/airflow/example_dags/example_branch_day_of_week_operator.py
[2026-08-08T02:56:49.407+0000] {processor.py:914} INFO - Processing file /home/airflow/.local/lib/python3.12/site-packages/airflow/example_dags/example_branch_day_of_week_operator.py for tasks to queue
[2026-08-08T02:56:49.411+0000] {logging_mixin.py:190} INFO - [2026-08-08T02:56:49.410+0000] {dagbag.py:588} INFO - Filling up the DagBag from /home/airflow/.local/lib/python3.12/site-packages/airflow/example_dags/example_branch_day_of_week_operator.py
[2026-08-08T02:56:49.424+0000] {processor.py:925} INFO - DAG(s) 'example_weekday_branch_operator' retrieved from /home/airflow/.local/lib/python3.12/site-packages/airflow/example_dags/example_branch_day_of_week_operator.py
[2026-08-08T02:56:49.453+0000] {logging_mixin.py:190} INFO - [2026-08-08T02:56:49.453+0000] {dag.py:3239} INFO - Sync 1 DAGs
[2026-08-08T02:56:49.485+0000] {logging_mixin.py:190} INFO - [2026-08-08T02:56:49.484+0000] {dag.py:4180} INFO - Setting next_dagrun for example_weekday_branch_operator to 2026-08-07 00:00:00+00:00, run_after=2026-08-08 00:00:00+00:00
[2026-08-08T02:56:49.507+0000] {processor.py:208} INFO - Processing /home/airflow/.local/lib/python3.12/site-packages/airflow/example_dags/example_branch_day_of_week_operator.py took 0.109 seconds
[2026-08-08T02:57:20.190+0000] {processor.py:186} INFO - Started process (PID=13806) to work on /home/airflow/.local/lib/python3.12/site-packages/airflow/example_dags/example_branch_day_of_week_operator.py
[2026-08-08T02:57:20.192+0000] {processor.py:914} INFO - Processing file /home/airflow/.local/lib/python3.12/site-packages/airflow/example_dags/example_branch_day_of_week_operator.py for tasks to queue
[2026-08-08T02:57:20.196+0000] {logging_mixin.py:190} INFO - [2026-08-08T02:57:20.196+0000] {dagbag.py:588} INFO - Filling up the DagBag from /home/airflow/.local/lib/python3.12/site-packages/airflow/example_dags/example_branch_day_of_week_operator.py
[2026-08-08T02:57:20.211+0000] {processor.py:925} INFO - DAG(s) 'example_weekday_branch_operator' retrieved from /home/airflow/.local/lib/python3.12/site-packages/airflow/example_dags/example_branch_day_of_week_operator.py
[2026-08-08T02:57:20.237+0000] {logging_mixin.py:190} INFO - [2026-08-08T02:57:20.236+0000] {dag.py:3239} INFO - Sync 1 DAGs
[2026-08-08T02:57:20.268+0000] {logging_mixin.py:190} INFO - [2026-08-08T02:57:20.267+0000] {dag.py:4180} INFO - Setting next_dagrun for example_weekday_branch_operator to 2026-08-07 00:00:00+00:00, run_after=2026-08-08 00:00:00+00:00
[2026-08-08T02:57:20.291+0000] {processor.py:208} INFO - Processing /home/airflow/.local/lib/python3.12/site-packages/airflow/example_dags/example_branch_day_of_week_operator.py took 0.109 seconds
[2026-08-08T02:57:50.836+0000] {processor.py:186} INFO - Started process (PID=13872) to work on /home/airflow/.local/lib/python3.12/site-packages/airflow/example_dags/example_branch_day_of_week_operator.py
[2026-08-08T02:57:50.838+0000] {processor.py:914} INFO - Processing file /home/airflow/.local/lib/python3.12/site-packages/airflow/example_dags/example_branch_day_of_week_operator.py for tasks to queue
[2026-08-08T02:57:50.844+0000] {logging_mixin.py:190} INFO - [2026-08-08T02:57:50.844+0000] {dagbag.py:588} INFO - Filling up the DagBag from /home/airflow/.local/lib/python3.12/site-packages/airflow/example_dags/example_branch_day_of_week_operator.py
[2026-08-08T02:57:50.862+0000] {processor.py:925} INFO - DAG(s) 'example_weekday_branch_operator' retrieved from /home/airflow/.local/lib/python3.12/site-packages/airflow/example_dags/example_branch_day_of_week_operator.py
[2026-08-08T02:57:50.897+0000] {logging_mixin.py:190} INFO - [2026-08-08T02:57:50.897+0000] {dag.py:3239} INFO - Sync 1 DAGs
[2026-08-08T02:57:50.936+0000] {logging_mixin.py:190} INFO - [2026-08-08T02:57:50.935+0000] {dag.py:4180} INFO - Setting next_dagrun for example_weekday_branch_operator to 2026-08-07 00:00:00+00:00, run_after=2026-08-08 00:00:00+00:00
[2026-08-08T02:57:50.966+0000] {processor.py:208} INFO - Processing /home/airflow/.local/lib/python3.12/site-packages/airflow/example_dags/example_branch_day_of_week_operator.py took 0.140 seconds
[2026-08-08T02:58:21.459+0000] {processor.py:186} INFO - Started process (PID=13937) to work on /home/airflow/.local/lib/python3.12/site-packages/airflow/example_dags/example_branch_day_of_week_operator.py
[2026-08-08T02:58:21.460+0000] {processor.py:914} INFO - Processing file /home/airflow/.local/lib/python3.12/site-packages/airflow/example_dags/example_branch_day_of_week_operator.py for tasks to queue
[2026-08-08T02:58:21.463+0000] {logging_mixin.py:190} INFO - [2026-08-08T02:58:21.463+0000] {dagbag.py:588} INFO - Filling up the DagBag from /home/airflow/.local/lib/python3.12/site-packages/airflow/example_dags/example_branch_day_of_week_operator.py
[2026-08-08T02:58:21.474+0000] {processor.py:925} INFO - DAG(s) 'example_weekday_branch_operator' retrieved from /home/airflow/.local/lib/python3.12/site-packages/airflow/example_dags/example_branch_day_of_week_operator.py
[2026-08-08T02:58:21.494+0000] {logging_mixin.py:190} INFO - [2026-08-08T02:58:21.494+0000] {dag.py:3239} INFO - Sync 1 DAGs
[2026-08-08T02:58:21.521+0000] {logging_mixin.py:190} INFO - [2026-08-08T02:58:21.520+0000] {dag.py:4180} INFO - Setting next_dagrun for example_weekday_branch_operator to 2026-08-07 00:00:00+00:00, run_after=2026-08-08 00:00:00+00:00
[2026-08-08T02:58:21.543+0000] {processor.py:208} INFO - Processing /home/airflow/.local/lib/python3.12/site-packages/airflow/example_dags/example_branch_day_of_week_operator.py took 0.090 seconds
[2026-08-08T02:58:52.333+0000] {processor.py:186} INFO - Started process (PID=14002) to work on /home/airflow/.local/lib/python3.12/site-packages/airflow/example_dags/example_branch_day_of_week_operator.py
[2026-08-08T02:58:52.337+0000] {processor.py:914} INFO - Processing file /home/airflow/.local/lib/python3.12/site-packages/airflow/example_dags/example_branch_day_of_week_operator.py for tasks to queue
[2026-08-08T02:58:52.343+0000] {logging_mixin.py:190} INFO - [2026-08-08T02:58:52.342+0000] {dagbag.py:588} INFO - Filling up the DagBag from /home/airflow/.local/lib/python3.12/site-packages/airflow/example_dags/example_branch_day_of_week_operator.py
[2026-08-08T02:58:52.368+0000] {processor.py:925} INFO - DAG(s) 'example_weekday_branch_operator' retrieved from /home/airflow/.local/lib/python3.12/site-packages/airflow/example_dags/example_branch_day_of_week_operator.py
[2026-08-08T02:58:52.413+0000] {logging_mixin.py:190} INFO - [2026-08-08T02:58:52.412+0000] {dag.py:3239} INFO - Sync 1 DAGs
[2026-08-08T02:58:52.472+0000] {logging_mixin.py:190} INFO - [2026-08-08T02:58:52.471+0000] {dag.py:4180} INFO - Setting next_dagrun for example_weekday_branch_operator to 2026-08-07 00:00:00+00:00, run_after=2026-08-08 00:00:00+00:00
[2026-08-08T02:58:52.520+0000] {processor.py:208} INFO - Processing /home/airflow/.local/lib/python3.12/site-packages/airflow/example_dags/example_branch_day_of_week_operator.py took 0.198 seconds
[2026-08-08T02:59:22.624+0000] {processor.py:186} INFO - Started process (PID=14066) to work on /home/airflow/.local/lib/python3.12/site-packages/airflow/example_dags/example_branch_day_of_week_operator.py
[2026-08-08T02:59:22.625+0000] {processor.py:914} INFO - Processing file /home/airflow/.local/lib/python3.12/site-packages/airflow/example_dags/example_branch_day_of_week_operator.py for tasks to queue
[2026-08-08T02:59:22.628+0000] {logging_mixin.py:190} INFO - [2026-08-08T02:59:22.628+0000] {dagbag.py:588} INFO - Filling up the DagBag from /home/airflow/.local/lib/python3.12/site-packages/airflow/example_dags/example_branch_day_of_week_operator.py
[2026-08-08T02:59:22.640+0000] {processor.py:925} INFO - DAG(s) 'example_weekday_branch_operator' retrieved from /home/airflow/.local/lib/python3.12/site-packages/airflow/example_dags/example_branch_day_of_week_operator.py
[2026-08-08T02:59:22.660+0000] {logging_mixin.py:190} INFO - [2026-08-08T02:59:22.660+0000] {dag.py:3239} INFO - Sync 1 DAGs
[2026-08-08T02:59:22.685+0000] {logging_mixin.py:190} INFO - [2026-08-08T02:59:22.685+0000] {dag.py:4180} INFO - Setting next_dagrun for example_weekday_branch_operator to 2026-08-07 00:00:00+00:00, run_after=2026-08-08 00:00:00+00:00
[2026-08-08T02:59:22.707+0000] {processor.py:208} INFO - Processing /home/airflow/.local/lib/python3.12/site-packages/airflow/example_dags/example_branch_day_of_week_operator.py took 0.089 seconds
[2026-08-08T02:59:52.919+0000] {processor.py:186} INFO - Started process (PID=14131) to work on /home/airflow/.local/lib/python3.12/site-packages/airflow/example_dags/example_branch_day_of_week_operator.py
[2026-08-08T02:59:52.920+0000] {processor.py:914} INFO - Processing file /home/airflow/.local/lib/python3.12/site-packages/airflow/example_dags/example_branch_day_of_week_operator.py for tasks to queue
[2026-08-08T02:59:52.923+0000] {logging_mixin.py:190} INFO - [2026-08-08T02:59:52.923+0000] {dagbag.py:588} INFO - Filling up the DagBag from /home/airflow/.local/lib/python3.12/site-packages/airflow/example_dags/example_branch_day_of_week_operator.py
[2026-08-08T02:59:52.935+0000] {processor.py:925} INFO - DAG(s) 'example_weekday_branch_operator' retrieved from /home/airflow/.local/lib/python3.12/site-packages/airflow/example_dags/example_branch_day_of_week_operator.py
[2026-08-08T02:59:52.956+0000] {logging_mixin.py:190} INFO - [2026-08-08T02:59:52.956+0000] {dag.py:3239} INFO - Sync 1 DAGs
[2026-08-08T02:59:52.983+0000] {logging_mixin.py:190} INFO - [2026-08-08T02:59:52.982+0000] {dag.py:4180} INFO - Setting next_dagrun for example_weekday_branch_operator to 2026-08-07 00:00:00+00:00, run_after=2026-08-08 00:00:00+00:00
[2026-08-08T02:59:53.010+0000] {processor.py:208} INFO - Processing /home/airflow/.local/lib/python3.12/site-packages/airflow/example_dags/example_branch_day_of_week_operator.py took 0.098 seconds
[2026-08-08T03:00:23.890+0000] {processor.py:186} INFO - Started process (PID=14196) to work on /home/airflow/.local/lib/python3.12/site-packages/airflow/example_dags/example_branch_day_of_week_operator.py
[2026-08-08T03:00:23.892+0000] {processor.py:914} INFO - Processing file /home/airflow/.local/lib/python3.12/site-packages/airflow/example_dags/example_branch_day_of_week_operator.py for tasks to queue
[2026-08-08T03:00:23.898+0000] {logging_mixin.py:190} INFO - [2026-08-08T03:00:23.897+0000] {dagbag.py:588} INFO - Filling up the DagBag from /home/airflow/.local/lib/python3.12/site-packages/airflow/example_dags/example_branch_day_of_week_operator.py
[2026-08-08T03:00:23.914+0000] {processor.py:925} INFO - DAG(s) 'example_weekday_branch_operator' retrieved from /home/airflow/.local/lib/python3.12/site-packages/airflow/example_dags/example_branch_day_of_week_operator.py
[2026-08-08T03:00:23.944+0000] {logging_mixin.py:190} INFO - [2026-08-08T03:00:23.943+0000] {dag.py:3239} INFO - Sync 1 DAGs
[2026-08-08T03:00:23.983+0000] {logging_mixin.py:190} INFO - [2026-08-08T03:00:23.982+0000] {dag.py:4180} INFO - Setting next_dagrun for example_weekday_branch_operator to 2026-08-07 00:00:00+00:00, run_after=2026-08-08 00:00:00+00:00
[2026-08-08T03:00:24.012+0000] {processor.py:208} INFO - Processing /home/airflow/.local/lib/python3.12/site-packages/airflow/example_dags/example_branch_day_of_week_operator.py took 0.133 seconds
[2026-08-08T03:00:54.223+0000] {processor.py:186} INFO - Started process (PID=14261) to work on /home/airflow/.local/lib/python3.12/site-packages/airflow/example_dags/example_branch_day_of_week_operator.py
[2026-08-08T03:00:54.225+0000] {processor.py:914} INFO - Processing file /home/airflow/.local/lib/python3.12/site-packages/airflow/example_dags/example_branch_day_of_week_operator.py for tasks to queue
[2026-08-08T03:00:54.228+0000] {logging_mixin.py:190} INFO - [2026-08-08T03:00:54.227+0000] {dagbag.py:588} INFO - Filling up the DagBag from /home/airflow/.local/lib/python3.12/site-packages/airflow/example_dags/example_branch_day_of_week_operator.py
[2026-08-08T03:00:54.251+0000] {processor.py:925} INFO - DAG(s) 'example_weekday_branch_operator' retrieved from /home/airflow/.local/lib/python3.12/site-packages/airflow/example_dags/example_branch_day_of_week_operator.py
[2026-08-08T03:00:54.281+0000] {logging_mixin.py:190} INFO - [2026-08-08T03:00:54.281+0000] {dag.py:3239} INFO - Sync 1 DAGs
[2026-08-08T03:00:54.318+0000] {logging_mixin.py:190} INFO - [2026-08-08T03:00:54.318+0000] {dag.py:4180} INFO - Setting next_dagrun for example_weekday_branch_operator to 2026-08-07 00:00:00+00:00, run_after=2026-08-08 00:00:00+00:00
[2026-08-08T03:00:54.345+0000] {processor.py:208} INFO - Processing /home/airflow/.local/lib/python3.12/site-packages/airflow/example_dags/example_branch_day_of_week_operator.py took 0.130 seconds
[2026-08-08T03:01:24.554+0000] {processor.py:186} INFO - Started process (PID=14325) to work on /home/airflow/.local/lib/python3.12/site-packages/airflow/example_dags/example_branch_day_of_week_operator.py
[2026-08-08T03:01:24.555+0000] {processor.py:914} INFO - Processing file /home/airflow/.local/lib/python3.12/site-packages/airflow/example_dags/example_branch_day_of_week_operator.py for tasks to queue
[2026-08-08T03:01:24.559+0000] {logging_mixin.py:190} INFO - [2026-08-08T03:01:24.558+0000] {dagbag.py:588} INFO - Filling up the DagBag from /home/airflow/.local/lib/python3.12/site-packages/airflow/example_dags/example_branch_day_of_week_operator.py
[2026-08-08T03:01:24.570+0000] {processor.py:925} INFO - DAG(s) 'example_weekday_branch_operator' retrieved from /home/airflow/.local/lib/python3.12/site-packages/airflow/example_dags/example_branch_day_of_week_operator.py
[2026-08-08T03:01:24.601+0000] {logging_mixin.py:190} INFO - [2026-08-08T03:01:24.601+0000] {dag.py:3239} INFO - Sync 1 DAGs
[2026-08-08T03:01:24.634+0000] {logging_mixin.py:190} INFO - [2026-08-08T03:01:24.633+0000] {dag.py:4180} INFO - Setting next_dagrun for example_weekday_branch_operator to 2026-08-07 00:00:00+00:00, run_after=2026-08-08 00:00:00+00:00
[2026-08-08T03:01:24.663+0000] {processor.py:208} INFO - Processing /home/airflow/.local/lib/python3.12/site-packages/airflow/example_dags/example_branch_day_of_week_operator.py took 0.116 seconds
[2026-08-08T03:01:55.145+0000] {processor.py:186} INFO - Started process (PID=14389) to work on /home/airflow/.local/lib/python3.12/site-packages/airflow/example_dags/example_branch_day_of_week_operator.py
[2026-08-08T03:01:55.147+0000] {processor.py:914} INFO - Processing file /home/airflow/.local/lib/python3.12/site-packages/airflow/example_dags/example_branch_day_of_week_operator.py for tasks to queue
[2026-08-08T03:01:55.150+0000] {logging_mixin.py:190} INFO - [2026-08-08T03:01:55.150+0000] {dagbag.py:588} INFO - Filling up the DagBag from /home/airflow/.local/lib/python3.12/site-packages/airflow/example_dags/example_branch_day_of_week_operator.py
[2026-08-08T03:01:55.163+0000] {processor.py:925} INFO - DAG(s) 'example_weekday_branch_operator' retrieved from /home/airflow/.local/lib/python3.12/site-packages/airflow/example_dags/example_branch_day_of_week_operator.py
[2026-08-08T03:01:55.187+0000] {logging_mixin.py:190} INFO - [2026-08-08T03:01:55.187+0000] {dag.py:3239} INFO - Sync 1 DAGs
[2026-08-08T03:01:55.222+0000] {logging_mixin.py:190} INFO - [2026-08-08T03:01:55.222+0000] {dag.py:4180} INFO - Setting next_dagrun for example_weekday_branch_operator to 2026-08-07 00:00:00+00:00, run_after=2026-08-08 00:00:00+00:00
[2026-08-08T03:01:55.247+0000] {processor.py:208} INFO - Processing /home/airflow/.local/lib/python3.12/site-packages/airflow/example_dags/example_branch_day_of_week_operator.py took 0.109 seconds
[2026-08-08T03:02:25.537+0000] {processor.py:186} INFO - Started process (PID=14454) to work on /home/airflow/.local/lib/python3.12/site-packages/airflow/example_dags/example_branch_day_of_week_operator.py
[2026-08-08T03:02:25.539+0000] {processor.py:914} INFO - Processing file /home/airflow/.local/lib/python3.12/site-packages/airflow/example_dags/example_branch_day_of_week_operator.py for tasks to queue
[2026-08-08T03:02:25.542+0000] {logging_mixin.py:190} INFO - [2026-08-08T03:02:25.542+0000] {dagbag.py:588} INFO - Filling up the DagBag from /home/airflow/.local/lib/python3.12/site-packages/airflow/example_dags/example_branch_day_of_week_operator.py
[2026-08-08T03:02:25.554+0000] {processor.py:925} INFO - DAG(s) 'example_weekday_branch_operator' retrieved from /home/airflow/.local/lib/python3.12/site-packages/airflow/example_dags/example_branch_day_of_week_operator.py
[2026-08-08T03:02:25.575+0000] {logging_mixin.py:190} INFO - [2026-08-08T03:02:25.575+0000] {dag.py:3239} INFO - Sync 1 DAGs
[2026-08-08T03:02:25.606+0000] {logging_mixin.py:190} INFO - [2026-08-08T03:02:25.606+0000] {dag.py:4180} INFO - Setting next_dagrun for example_weekday_branch_operator to 2026-08-07 00:00:00+00:00, run_after=2026-08-08 00:00:00+00:00
[2026-08-08T03:02:25.629+0000] {processor.py:208} INFO - Processing /home/airflow/.local/lib/python3.12/site-packages/airflow/example_dags/example_branch_day_of_week_operator.py took 0.098 seconds
[2026-08-08T03:02:55.751+0000] {processor.py:186} INFO - Started process (PID=14519) to work on /home/airflow/.local/lib/python3.12/site-packages/airflow/example_dags/example_branch_day_of_week_operator.py
[2026-08-08T03:02:55.753+0000] {processor.py:914} INFO - Processing file /home/airflow/.local/lib/python3.12/site-packages/airflow/example_dags/example_branch_day_of_week_operator.py for tasks to queue
[2026-08-08T03:02:55.756+0000] {logging_mixin.py:190} INFO - [2026-08-08T03:02:55.755+0000] {dagbag.py:588} INFO - Filling up the DagBag from /home/airflow/.local/lib/python3.12/site-packages/airflow/example_dags/example_branch_day_of_week_operator.py
[2026-08-08T03:02:55.766+0000] {processor.py:925} INFO - DAG(s) 'example_weekday_branch_operator' retrieved from /home/airflow/.local/lib/python3.12/site-packages/airflow/example_dags/example_branch_day_of_week_operator.py
[2026-08-08T03:02:55.787+0000] {logging_mixin.py:190} INFO - [2026-08-08T03:02:55.787+0000] {dag.py:3239} INFO - Sync 1 DAGs
[2026-08-08T03:02:55.813+0000] {logging_mixin.py:190} INFO - [2026-08-08T03:02:55.813+0000] {dag.py:4180} INFO - Setting next_dagrun for example_weekday_branch_operator to 2026-08-07 00:00:00+00:00, run_after=2026-08-08 00:00:00+00:00
[2026-08-08T03:02:55.834+0000] {processor.py:208} INFO - Processing /home/airflow/.local/lib/python3.12/site-packages/airflow/example_dags/example_branch_day_of_week_operator.py took 0.088 seconds
[2026-08-08T03:03:26.160+0000] {processor.py:186} INFO - Started process (PID=14584) to work on /home/airflow/.local/lib/python3.12/site-packages/airflow/example_dags/example_branch_day_of_week_operator.py
[2026-08-08T03:03:26.161+0000] {processor.py:914} INFO - Processing file /home/airflow/.local/lib/python3.12/site-packages/airflow/example_dags/example_branch_day_of_week_operator.py for tasks to queue
[2026-08-08T03:03:26.164+0000] {logging_mixin.py:190} INFO - [2026-08-08T03:03:26.164+0000] {dagbag.py:588} INFO - Filling up the DagBag from /home/airflow/.local/lib/python3.12/site-packages/airflow/example_dags/example_branch_day_of_week_operator.py
[2026-08-08T03:03:26.175+0000] {processor.py:925} INFO - DAG(s) 'example_weekday_branch_operator' retrieved from /home/airflow/.local/lib/python3.12/site-packages/airflow/example_dags/example_branch_day_of_week_operator.py
[2026-08-08T03:03:26.195+0000] {logging_mixin.py:190} INFO - [2026-08-08T03:03:26.195+0000] {dag.py:3239} INFO - Sync 1 DAGs
[2026-08-08T03:03:26.225+0000] {logging_mixin.py:190} INFO - [2026-08-08T03:03:26.224+0000] {dag.py:4180} INFO - Setting next_dagrun for example_weekday_branch_operator to 2026-08-07 00:00:00+00:00, run_after=2026-08-08 00:00:00+00:00
[2026-08-08T03:03:26.249+0000] {processor.py:208} INFO - Processing /home/airflow/.local/lib/python3.12/site-packages/airflow/example_dags/example_branch_day_of_week_operator.py took 0.095 seconds
[2026-08-08T03:03:56.306+0000] {processor.py:186} INFO - Started process (PID=14649) to work on /home/airflow/.local/lib/python3.12/site-packages/airflow/example_dags/example_branch_day_of_week_operator.py
[2026-08-08T03:03:56.307+0000] {processor.py:914} INFO - Processing file /home/airflow/.local/lib/python3.12/site-packages/airflow/example_dags/example_branch_day_of_week_operator.py for tasks to queue
[2026-08-08T03:03:56.311+0000] {logging_mixin.py:190} INFO - [2026-08-08T03:03:56.310+0000] {dagbag.py:588} INFO - Filling up the DagBag from /home/airflow/.local/lib/python3.12/site-packages/airflow/example_dags/example_branch_day_of_week_operator.py
[2026-08-08T03:03:56.322+0000] {processor.py:925} INFO - DAG(s) 'example_weekday_branch_operator' retrieved from /home/airflow/.local/lib/python3.12/site-packages/airflow/example_dags/example_branch_day_of_week_operator.py
[2026-08-08T03:03:56.342+0000] {logging_mixin.py:190} INFO - [2026-08-08T03:03:56.341+0000] {dag.py:3239} INFO - Sync 1 DAGs
[2026-08-08T03:03:56.367+0000] {logging_mixin.py:190} INFO - [2026-08-08T03:03:56.367+0000] {dag.py:4180} INFO - Setting next_dagrun for example_weekday_branch_operator to 2026-08-07 00:00:00+00:00, run_after=2026-08-08 00:00:00+00:00
[2026-08-08T03:03:56.388+0000] {processor.py:208} INFO - Processing /home/airflow/.local/lib/python3.12/site-packages/airflow/example_dags/example_branch_day_of_week_operator.py took 0.088 seconds
[2026-08-08T03:04:26.776+0000] {processor.py:186} INFO - Started process (PID=14714) to work on /home/airflow/.local/lib/python3.12/site-packages/airflow/example_dags/example_branch_day_of_week_operator.py
[2026-08-08T03:04:26.777+0000] {processor.py:914} INFO - Processing file /home/airflow/.local/lib/python3.12/site-packages/airflow/example_dags/example_branch_day_of_week_operator.py for tasks to queue
[2026-08-08T03:04:26.781+0000] {logging_mixin.py:190} INFO - [2026-08-08T03:04:26.780+0000] {dagbag.py:588} INFO - Filling up the DagBag from /home/airflow/.local/lib/python3.12/site-packages/airflow/example_dags/example_branch_day_of_week_operator.py
[2026-08-08T03:04:26.803+0000] {processor.py:925} INFO - DAG(s) 'example_weekday_branch_operator' retrieved from /home/airflow/.local/lib/python3.12/site-packages/airflow/example_dags/example_branch_day_of_week_operator.py
[2026-08-08T03:04:26.839+0000] {logging_mixin.py:190} INFO - [2026-08-08T03:04:26.839+0000] {dag.py:3239} INFO - Sync 1 DAGs
[2026-08-08T03:04:26.866+0000] {logging_mixin.py:190} INFO - [2026-08-08T03:04:26.866+0000] {dag.py:4180} INFO - Setting next_dagrun for example_weekday_branch_operator to 2026-08-07 00:00:00+00:00, run_after=2026-08-08 00:00:00+00:00
[2026-08-08T03:04:26.888+0000] {processor.py:208} INFO - Processing /home/airflow/.local/lib/python3.12/site-packages/airflow/example_dags/example_branch_day_of_week_operator.py took 0.118 seconds
[2026-08-08T03:04:57.072+0000] {processor.py:186} INFO - Started process (PID=14779) to work on /home/airflow/.local/lib/python3.12/site-packages/airflow/example_dags/example_branch_day_of_week_operator.py
[2026-08-08T03:04:57.073+0000] {processor.py:914} INFO - Processing file /home/airflow/.local/lib/python3.12/site-packages/airflow/example_dags/example_branch_day_of_week_operator.py for tasks to queue
[2026-08-08T03:04:57.076+0000] {logging_mixin.py:190} INFO - [2026-08-08T03:04:57.076+0000] {dagbag.py:588} INFO - Filling up the DagBag from /home/airflow/.local/lib/python3.12/site-packages/airflow/example_dags/example_branch_day_of_week_operator.py
[2026-08-08T03:04:57.087+0000] {processor.py:925} INFO - DAG(s) 'example_weekday_branch_operator' retrieved from /home/airflow/.local/lib/python3.12/site-packages/airflow/example_dags/example_branch_day_of_week_operator.py
[2026-08-08T03:04:57.107+0000] {logging_mixin.py:190} INFO - [2026-08-08T03:04:57.106+0000] {dag.py:3239} INFO - Sync 1 DAGs
[2026-08-08T03:04:57.133+0000] {logging_mixin.py:190} INFO - [2026-08-08T03:04:57.133+0000] {dag.py:4180} INFO - Setting next_dagrun for example_weekday_branch_operator to 2026-08-07 00:00:00+00:00, run_after=2026-08-08 00:00:00+00:00
[2026-08-08T03:04:57.154+0000] {processor.py:208} INFO - Processing /home/airflow/.local/lib/python3.12/site-packages/airflow/example_dags/example_branch_day_of_week_operator.py took 0.087 seconds
[2026-08-08T03:05:27.235+0000] {processor.py:186} INFO - Started process (PID=14844) to work on /home/airflow/.local/lib/python3.12/site-packages/airflow/example_dags/example_branch_day_of_week_operator.py
[2026-08-08T03:05:27.236+0000] {processor.py:914} INFO - Processing file /home/airflow/.local/lib/python3.12/site-packages/airflow/example_dags/example_branch_day_of_week_operator.py for tasks to queue
[2026-08-08T03:05:27.239+0000] {logging_mixin.py:190} INFO - [2026-08-08T03:05:27.239+0000] {dagbag.py:588} INFO - Filling up the DagBag from /home/airflow/.local/lib/python3.12/site-packages/airflow/example_dags/example_branch_day_of_week_operator.py
[2026-08-08T03:05:27.250+0000] {processor.py:925} INFO - DAG(s) 'example_weekday_branch_operator' retrieved from /home/airflow/.local/lib/python3.12/site-packages/airflow/example_dags/example_branch_day_of_week_operator.py
[2026-08-08T03:05:27.273+0000] {logging_mixin.py:190} INFO - [2026-08-08T03:05:27.273+0000] {dag.py:3239} INFO - Sync 1 DAGs
[2026-08-08T03:05:27.302+0000] {logging_mixin.py:190} INFO - [2026-08-08T03:05:27.302+0000] {dag.py:4180} INFO - Setting next_dagrun for example_weekday_branch_operator to 2026-08-07 00:00:00+00:00, run_after=2026-08-08 00:00:00+00:00
[2026-08-08T03:05:27.324+0000] {processor.py:208} INFO - Processing /home/airflow/.local/lib/python3.12/site-packages/airflow/example_dags/example_branch_day_of_week_operator.py took 0.095 seconds
[2026-08-08T03:05:57.616+0000] {processor.py:186} INFO - Started process (PID=14909) to work on /home/airflow/.local/lib/python3.12/site-packages/airflow/example_dags/example_branch_day_of_week_operator.py
[2026-08-08T03:05:57.618+0000] {processor.py:914} INFO - Processing file /home/airflow/.local/lib/python3.12/site-packages/airflow/example_dags/example_branch_day_of_week_operator.py for tasks to queue
[2026-08-08T03:05:57.621+0000] {logging_mixin.py:190} INFO - [2026-08-08T03:05:57.621+0000] {dagbag.py:588} INFO - Filling up the DagBag from /home/airflow/.local/lib/python3.12/site-packages/airflow/example_dags/example_branch_day_of_week_operator.py
[2026-08-08T03:05:57.632+0000] {processor.py:925} INFO - DAG(s) 'example_weekday_branch_operator' retrieved from /home/airflow/.local/lib/python3.12/site-packages/airflow/example_dags/example_branch_day_of_week_operator.py
[2026-08-08T03:05:57.653+0000] {logging_mixin.py:190} INFO - [2026-08-08T03:05:57.653+0000] {dag.py:3239} INFO - Sync 1 DAGs
[2026-08-08T03:05:57.682+0000] {logging_mixin.py:190} INFO - [2026-08-08T03:05:57.682+0000] {dag.py:4180} INFO - Setting next_dagrun for example_weekday_branch_operator to 2026-08-07 00:00:00+00:00, run_after=2026-08-08 00:00:00+00:00
[2026-08-08T03:05:57.704+0000] {processor.py:208} INFO - Processing /home/airflow/.local/lib/python3.12/site-packages/airflow/example_dags/example_branch_day_of_week_operator.py took 0.093 seconds
[2026-08-08T03:06:27.851+0000] {processor.py:186} INFO - Started process (PID=14974) to work on /home/airflow/.local/lib/python3.12/site-packages/airflow/example_dags/example_branch_day_of_week_operator.py
[2026-08-08T03:06:27.852+0000] {processor.py:914} INFO - Processing file /home/airflow/.local/lib/python3.12/site-packages/airflow/example_dags/example_branch_day_of_week_operator.py for tasks to queue
[2026-08-08T03:06:27.856+0000] {logging_mixin.py:190} INFO - [2026-08-08T03:06:27.855+0000] {dagbag.py:588} INFO - Filling up the DagBag from /home/airflow/.local/lib/python3.12/site-packages/airflow/example_dags/example_branch_day_of_week_operator.py
[2026-08-08T03:06:27.868+0000] {processor.py:925} INFO - DAG(s) 'example_weekday_branch_operator' retrieved from /home/airflow/.local/lib/python3.12/site-packages/airflow/example_dags/example_branch_day_of_week_operator.py
[2026-08-08T03:06:27.890+0000] {logging_mixin.py:190} INFO - [2026-08-08T03:06:27.890+0000] {dag.py:3239} INFO - Sync 1 DAGs
[2026-08-08T03:06:27.917+0000] {logging_mixin.py:190} INFO - [2026-08-08T03:06:27.916+0000] {dag.py:4180} INFO - Setting next_dagrun for example_weekday_branch_operator to 2026-08-07 00:00:00+00:00, run_after=2026-08-08 00:00:00+00:00
[2026-08-08T03:06:27.938+0000] {processor.py:208} INFO - Processing /home/airflow/.local/lib/python3.12/site-packages/airflow/example_dags/example_branch_day_of_week_operator.py took 0.094 seconds
[2026-08-08T03:06:58.110+0000] {processor.py:186} INFO - Started process (PID=15039) to work on /home/airflow/.local/lib/python3.12/site-packages/airflow/example_dags/example_branch_day_of_week_operator.py
[2026-08-08T03:06:58.111+0000] {processor.py:914} INFO - Processing file /home/airflow/.local/lib/python3.12/site-packages/airflow/example_dags/example_branch_day_of_week_operator.py for tasks to queue
[2026-08-08T03:06:58.114+0000] {logging_mixin.py:190} INFO - [2026-08-08T03:06:58.114+0000] {dagbag.py:588} INFO - Filling up the DagBag from /home/airflow/.local/lib/python3.12/site-packages/airflow/example_dags/example_branch_day_of_week_operator.py
[2026-08-08T03:06:58.126+0000] {processor.py:925} INFO - DAG(s) 'example_weekday_branch_operator' retrieved from /home/airflow/.local/lib/python3.12/site-packages/airflow/example_dags/example_branch_day_of_week_operator.py
[2026-08-08T03:06:58.148+0000] {logging_mixin.py:190} INFO - [2026-08-08T03:06:58.148+0000] {dag.py:3239} INFO - Sync 1 DAGs
[2026-08-08T03:06:58.176+0000] {logging_mixin.py:190} INFO - [2026-08-08T03:06:58.176+0000] {dag.py:4180} INFO - Setting next_dagrun for example_weekday_branch_operator to 2026-08-07 00:00:00+00:00, run_after=2026-08-08 00:00:00+00:00
[2026-08-08T03:06:58.197+0000] {processor.py:208} INFO - Processing /home/airflow/.local/lib/python3.12/site-packages/airflow/example_dags/example_branch_day_of_week_operator.py took 0.095 seconds
[2026-08-08T03:07:28.476+0000] {processor.py:186} INFO - Started process (PID=15104) to work on /home/airflow/.local/lib/python3.12/site-packages/airflow/example_dags/example_branch_day_of_week_operator.py
[2026-08-08T03:07:28.477+0000] {processor.py:914} INFO - Processing file /home/airflow/.local/lib/python3.12/site-packages/airflow/example_dags/example_branch_day_of_week_operator.py for tasks to queue
[2026-08-08T03:07:28.480+0000] {logging_mixin.py:190} INFO - [2026-08-08T03:07:28.480+0000] {dagbag.py:588} INFO - Filling up the DagBag from /home/airflow/.local/lib/python3.12/site-packages/airflow/example_dags/example_branch_day_of_week_operator.py
[2026-08-08T03:07:28.491+0000] {processor.py:925} INFO - DAG(s) 'example_weekday_branch_operator' retrieved from /home/airflow/.local/lib/python3.12/site-packages/airflow/example_dags/example_branch_day_of_week_operator.py
[2026-08-08T03:07:28.512+0000] {logging_mixin.py:190} INFO - [2026-08-08T03:07:28.511+0000] {dag.py:3239} INFO - Sync 1 DAGs
[2026-08-08T03:07:28.536+0000] {logging_mixin.py:190} INFO - [2026-08-08T03:07:28.536+0000] {dag.py:4180} INFO - Setting next_dagrun for example_weekday_branch_operator to 2026-08-07 00:00:00+00:00, run_after=2026-08-08 00:00:00+00:00
[2026-08-08T03:07:28.557+0000] {processor.py:208} INFO - Processing /home/airflow/.local/lib/python3.12/site-packages/airflow/example_dags/example_branch_day_of_week_operator.py took 0.088 seconds
[2026-08-08T03:07:59.194+0000] {processor.py:186} INFO - Started process (PID=15169) to work on /home/airflow/.local/lib/python3.12/site-packages/airflow/example_dags/example_branch_day_of_week_operator.py
[2026-08-08T03:07:59.196+0000] {processor.py:914} INFO - Processing file /home/airflow/.local/lib/python3.12/site-packages/airflow/example_dags/example_branch_day_of_week_operator.py for tasks to queue
[2026-08-08T03:07:59.200+0000] {logging_mixin.py:190} INFO - [2026-08-08T03:07:59.199+0000] {dagbag.py:588} INFO - Filling up the DagBag from /home/airflow/.local/lib/python3.12/site-packages/airflow/example_dags/example_branch_day_of_week_operator.py
[2026-08-08T03:07:59.213+0000] {processor.py:925} INFO - DAG(s) 'example_weekday_branch_operator' retrieved from /home/airflow/.local/lib/python3.12/site-packages/airflow/example_dags/example_branch_day_of_week_operator.py
[2026-08-08T03:07:59.241+0000] {logging_mixin.py:190} INFO - [2026-08-08T03:07:59.241+0000] {dag.py:3239} INFO - Sync 1 DAGs
[2026-08-08T03:07:59.273+0000] {logging_mixin.py:190} INFO - [2026-08-08T03:07:59.273+0000] {dag.py:4180} INFO - Setting next_dagrun for example_weekday_branch_operator to 2026-08-07 00:00:00+00:00, run_after=2026-08-08 00:00:00+00:00
[2026-08-08T03:07:59.301+0000] {processor.py:208} INFO - Processing /home/airflow/.local/lib/python3.12/site-packages/airflow/example_dags/example_branch_day_of_week_operator.py took 0.114 seconds
[2026-08-08T03:08:30.136+0000] {processor.py:186} INFO - Started process (PID=15234) to work on /home/airflow/.local/lib/python3.12/site-packages/airflow/example_dags/example_branch_day_of_week_operator.py
[2026-08-08T03:08:30.138+0000] {processor.py:914} INFO - Processing file /home/airflow/.local/lib/python3.12/site-packages/airflow/example_dags/example_branch_day_of_week_operator.py for tasks to queue
[2026-08-08T03:08:30.141+0000] {logging_mixin.py:190} INFO - [2026-08-08T03:08:30.140+0000] {dagbag.py:588} INFO - Filling up the DagBag from /home/airflow/.local/lib/python3.12/site-packages/airflow/example_dags/example_branch_day_of_week_operator.py
[2026-08-08T03:08:30.153+0000] {processor.py:925} INFO - DAG(s) 'example_weekday_branch_operator' retrieved from /home/airflow/.local/lib/python3.12/site-packages/airflow/example_dags/example_branch_day_of_week_operator.py
[2026-08-08T03:08:30.175+0000] {logging_mixin.py:190} INFO - [2026-08-08T03:08:30.175+0000] {dag.py:3239} INFO - Sync 1 DAGs
[2026-08-08T03:08:30.203+0000] {logging_mixin.py:190} INFO - [2026-08-08T03:08:30.202+0000] {dag.py:4180} INFO - Setting next_dagrun for example_weekday_branch_operator to 2026-08-07 00:00:00+00:00, run_after=2026-08-08 00:00:00+00:00
[2026-08-08T03:08:30.224+0000] {processor.py:208} INFO - Processing /home/airflow/.local/lib/python3.12/site-packages/airflow/example_dags/example_branch_day_of_week_operator.py took 0.095 seconds
[2026-08-08T03:09:00.696+0000] {processor.py:186} INFO - Started process (PID=15299) to work on /home/airflow/.local/lib/python3.12/site-packages/airflow/example_dags/example_branch_day_of_week_operator.py
[2026-08-08T03:09:00.697+0000] {processor.py:914} INFO - Processing file /home/airflow/.local/lib/python3.12/site-packages/airflow/example_dags/example_branch_day_of_week_operator.py for tasks to queue
[2026-08-08T03:09:00.700+0000] {logging_mixin.py:190} INFO - [2026-08-08T03:09:00.700+0000] {dagbag.py:588} INFO - Filling up the DagBag from /home/airflow/.local/lib/python3.12/site-packages/airflow/example_dags/example_branch_day_of_week_operator.py
[2026-08-08T03:09:00.710+0000] {processor.py:925} INFO - DAG(s) 'example_weekday_branch_operator' retrieved from /home/airflow/.local/lib/python3.12/site-packages/airflow/example_dags/example_branch_day_of_week_operator.py
[2026-08-08T03:09:00.733+0000] {logging_mixin.py:190} INFO - [2026-08-08T03:09:00.733+0000] {dag.py:3239} INFO - Sync 1 DAGs
[2026-08-08T03:09:00.761+0000] {logging_mixin.py:190} INFO - [2026-08-08T03:09:00.760+0000] {dag.py:4180} INFO - Setting next_dagrun for example_weekday_branch_operator to 2026-08-07 00:00:00+00:00, run_after=2026-08-08 00:00:00+00:00
[2026-08-08T03:09:00.783+0000] {processor.py:208} INFO - Processing /home/airflow/.local/lib/python3.12/site-packages/airflow/example_dags/example_branch_day_of_week_operator.py took 0.093 seconds
[2026-08-08T03:09:31.347+0000] {processor.py:186} INFO - Started process (PID=15364) to work on /home/airflow/.local/lib/python3.12/site-packages/airflow/example_dags/example_branch_day_of_week_operator.py
[2026-08-08T03:09:31.349+0000] {processor.py:914} INFO - Processing file /home/airflow/.local/lib/python3.12/site-packages/airflow/example_dags/example_branch_day_of_week_operator.py for tasks to queue
[2026-08-08T03:09:31.352+0000] {logging_mixin.py:190} INFO - [2026-08-08T03:09:31.351+0000] {dagbag.py:588} INFO - Filling up the DagBag from /home/airflow/.local/lib/python3.12/site-packages/airflow/example_dags/example_branch_day_of_week_operator.py
[2026-08-08T03:09:31.362+0000] {processor.py:925} INFO - DAG(s) 'example_weekday_branch_operator' retrieved from /home/airflow/.local/lib/python3.12/site-packages/airflow/example_dags/example_branch_day_of_week_operator.py
[2026-08-08T03:09:31.381+0000] {logging_mixin.py:190} INFO - [2026-08-08T03:09:31.381+0000] {dag.py:3239} INFO - Sync 1 DAGs
[2026-08-08T03:09:31.405+0000] {logging_mixin.py:190} INFO - [2026-08-08T03:09:31.405+0000] {dag.py:4180} INFO - Setting next_dagrun for example_weekday_branch_operator to 2026-08-07 00:00:00+00:00, run_after=2026-08-08 00:00:00+00:00
[2026-08-08T03:09:31.573+0000] {processor.py:208} INFO - Processing /home/airflow/.local/lib/python3.12/site-packages/airflow/example_dags/example_branch_day_of_week_operator.py took 0.233 seconds
[2026-08-08T03:10:01.638+0000] {processor.py:186} INFO - Started process (PID=15429) to work on /home/airflow/.local/lib/python3.12/site-packages/airflow/example_dags/example_branch_day_of_week_operator.py
[2026-08-08T03:10:01.640+0000] {processor.py:914} INFO - Processing file /home/airflow/.local/lib/python3.12/site-packages/airflow/example_dags/example_branch_day_of_week_operator.py for tasks to queue
[2026-08-08T03:10:01.643+0000] {logging_mixin.py:190} INFO - [2026-08-08T03:10:01.643+0000] {dagbag.py:588} INFO - Filling up the DagBag from /home/airflow/.local/lib/python3.12/site-packages/airflow/example_dags/example_branch_day_of_week_operator.py
[2026-08-08T03:10:01.656+0000] {processor.py:925} INFO - DAG(s) 'example_weekday_branch_operator' retrieved from /home/airflow/.local/lib/python3.12/site-packages/airflow/example_dags/example_branch_day_of_week_operator.py
[2026-08-08T03:10:01.682+0000] {logging_mixin.py:190} INFO - [2026-08-08T03:10:01.682+0000] {dag.py:3239} INFO - Sync 1 DAGs
[2026-08-08T03:10:01.710+0000] {logging_mixin.py:190} INFO - [2026-08-08T03:10:01.710+0000] {dag.py:4180} INFO - Setting next_dagrun for example_weekday_branch_operator to 2026-08-07 00:00:00+00:00, run_after=2026-08-08 00:00:00+00:00
[2026-08-08T03:10:01.733+0000] {processor.py:208} INFO - Processing /home/airflow/.local/lib/python3.12/site-packages/airflow/example_dags/example_branch_day_of_week_operator.py took 0.102 seconds
[2026-08-08T03:10:31.915+0000] {processor.py:186} INFO - Started process (PID=15494) to work on /home/airflow/.local/lib/python3.12/site-packages/airflow/example_dags/example_branch_day_of_week_operator.py
[2026-08-08T03:10:31.917+0000] {processor.py:914} INFO - Processing file /home/airflow/.local/lib/python3.12/site-packages/airflow/example_dags/example_branch_day_of_week_operator.py for tasks to queue
[2026-08-08T03:10:31.920+0000] {logging_mixin.py:190} INFO - [2026-08-08T03:10:31.919+0000] {dagbag.py:588} INFO - Filling up the DagBag from /home/airflow/.local/lib/python3.12/site-packages/airflow/example_dags/example_branch_day_of_week_operator.py
[2026-08-08T03:10:31.930+0000] {processor.py:925} INFO - DAG(s) 'example_weekday_branch_operator' retrieved from /home/airflow/.local/lib/python3.12/site-packages/airflow/example_dags/example_branch_day_of_week_operator.py
[2026-08-08T03:10:31.952+0000] {logging_mixin.py:190} INFO - [2026-08-08T03:10:31.952+0000] {dag.py:3239} INFO - Sync 1 DAGs
[2026-08-08T03:10:31.978+0000] {logging_mixin.py:190} INFO - [2026-08-08T03:10:31.977+0000] {dag.py:4180} INFO - Setting next_dagrun for example_weekday_branch_operator to 2026-08-07 00:00:00+00:00, run_after=2026-08-08 00:00:00+00:00
[2026-08-08T03:10:31.998+0000] {processor.py:208} INFO - Processing /home/airflow/.local/lib/python3.12/site-packages/airflow/example_dags/example_branch_day_of_week_operator.py took 0.089 seconds
[2026-08-08T03:11:02.325+0000] {processor.py:186} INFO - Started process (PID=15559) to work on /home/airflow/.local/lib/python3.12/site-packages/airflow/example_dags/example_branch_day_of_week_operator.py
[2026-08-08T03:11:02.327+0000] {processor.py:914} INFO - Processing file /home/airflow/.local/lib/python3.12/site-packages/airflow/example_dags/example_branch_day_of_week_operator.py for tasks to queue
[2026-08-08T03:11:02.332+0000] {logging_mixin.py:190} INFO - [2026-08-08T03:11:02.331+0000] {dagbag.py:588} INFO - Filling up the DagBag from /home/airflow/.local/lib/python3.12/site-packages/airflow/example_dags/example_branch_day_of_week_operator.py
[2026-08-08T03:11:02.348+0000] {processor.py:925} INFO - DAG(s) 'example_weekday_branch_operator' retrieved from /home/airflow/.local/lib/python3.12/site-packages/airflow/example_dags/example_branch_day_of_week_operator.py
[2026-08-08T03:11:02.380+0000] {logging_mixin.py:190} INFO - [2026-08-08T03:11:02.379+0000] {dag.py:3239} INFO - Sync 1 DAGs
[2026-08-08T03:11:02.425+0000] {logging_mixin.py:190} INFO - [2026-08-08T03:11:02.425+0000] {dag.py:4180} INFO - Setting next_dagrun for example_weekday_branch_operator to 2026-08-07 00:00:00+00:00, run_after=2026-08-08 00:00:00+00:00
[2026-08-08T03:11:02.448+0000] {processor.py:208} INFO - Processing /home/airflow/.local/lib/python3.12/site-packages/airflow/example_dags/example_branch_day_of_week_operator.py took 0.133 seconds
[2026-08-08T03:11:32.570+0000] {processor.py:186} INFO - Started process (PID=15624) to work on /home/airflow/.local/lib/python3.12/site-packages/airflow/example_dags/example_branch_day_of_week_operator.py
[2026-08-08T03:11:32.572+0000] {processor.py:914} INFO - Processing file /home/airflow/.local/lib/python3.12/site-packages/airflow/example_dags/example_branch_day_of_week_operator.py for tasks to queue
[2026-08-08T03:11:32.575+0000] {logging_mixin.py:190} INFO - [2026-08-08T03:11:32.574+0000] {dagbag.py:588} INFO - Filling up the DagBag from /home/airflow/.local/lib/python3.12/site-packages/airflow/example_dags/example_branch_day_of_week_operator.py
[2026-08-08T03:11:32.586+0000] {processor.py:925} INFO - DAG(s) 'example_weekday_branch_operator' retrieved from /home/airflow/.local/lib/python3.12/site-packages/airflow/example_dags/example_branch_day_of_week_operator.py
[2026-08-08T03:11:32.607+0000] {logging_mixin.py:190} INFO - [2026-08-08T03:11:32.607+0000] {dag.py:3239} INFO - Sync 1 DAGs
[2026-08-08T03:11:32.632+0000] {logging_mixin.py:190} INFO - [2026-08-08T03:11:32.632+0000] {dag.py:4180} INFO - Setting next_dagrun for example_weekday_branch_operator to 2026-08-07 00:00:00+00:00, run_after=2026-08-08 00:00:00+00:00
[2026-08-08T03:11:32.654+0000] {processor.py:208} INFO - Processing /home/airflow/.local/lib/python3.12/site-packages/airflow/example_dags/example_branch_day_of_week_operator.py took 0.092 seconds
[2026-08-08T03:12:03.151+0000] {processor.py:186} INFO - Started process (PID=15688) to work on /home/airflow/.local/lib/python3.12/site-packages/airflow/example_dags/example_branch_day_of_week_operator.py
[2026-08-08T03:12:03.153+0000] {processor.py:914} INFO - Processing file /home/airflow/.local/lib/python3.12/site-packages/airflow/example_dags/example_branch_day_of_week_operator.py for tasks to queue
[2026-08-08T03:12:03.156+0000] {logging_mixin.py:190} INFO - [2026-08-08T03:12:03.156+0000] {dagbag.py:588} INFO - Filling up the DagBag from /home/airflow/.local/lib/python3.12/site-packages/airflow/example_dags/example_branch_day_of_week_operator.py
[2026-08-08T03:12:03.169+0000] {processor.py:925} INFO - DAG(s) 'example_weekday_branch_operator' retrieved from /home/airflow/.local/lib/python3.12/site-packages/airflow/example_dags/example_branch_day_of_week_operator.py
[2026-08-08T03:12:03.194+0000] {logging_mixin.py:190} INFO - [2026-08-08T03:12:03.194+0000] {dag.py:3239} INFO - Sync 1 DAGs
[2026-08-08T03:12:03.230+0000] {logging_mixin.py:190} INFO - [2026-08-08T03:12:03.230+0000] {dag.py:4180} INFO - Setting next_dagrun for example_weekday_branch_operator to 2026-08-07 00:00:00+00:00, run_after=2026-08-08 00:00:00+00:00
[2026-08-08T03:12:03.266+0000] {processor.py:208} INFO - Processing /home/airflow/.local/lib/python3.12/site-packages/airflow/example_dags/example_branch_day_of_week_operator.py took 0.123 seconds
[2026-08-08T03:12:34.801+0000] {processor.py:186} INFO - Started process (PID=15753) to work on /home/airflow/.local/lib/python3.12/site-packages/airflow/example_dags/example_branch_day_of_week_operator.py
[2026-08-08T03:12:34.802+0000] {processor.py:914} INFO - Processing file /home/airflow/.local/lib/python3.12/site-packages/airflow/example_dags/example_branch_day_of_week_operator.py for tasks to queue
[2026-08-08T03:12:34.806+0000] {logging_mixin.py:190} INFO - [2026-08-08T03:12:34.806+0000] {dagbag.py:588} INFO - Filling up the DagBag from /home/airflow/.local/lib/python3.12/site-packages/airflow/example_dags/example_branch_day_of_week_operator.py
[2026-08-08T03:12:34.819+0000] {processor.py:925} INFO - DAG(s) 'example_weekday_branch_operator' retrieved from /home/airflow/.local/lib/python3.12/site-packages/airflow/example_dags/example_branch_day_of_week_operator.py
[2026-08-08T03:12:34.847+0000] {logging_mixin.py:190} INFO - [2026-08-08T03:12:34.847+0000] {dag.py:3239} INFO - Sync 1 DAGs
[2026-08-08T03:12:34.886+0000] {logging_mixin.py:190} INFO - [2026-08-08T03:12:34.885+0000] {dag.py:4180} INFO - Setting next_dagrun for example_weekday_branch_operator to 2026-08-07 00:00:00+00:00, run_after=2026-08-08 00:00:00+00:00
[2026-08-08T03:12:34.911+0000] {processor.py:208} INFO - Processing /home/airflow/.local/lib/python3.12/site-packages/airflow/example_dags/example_branch_day_of_week_operator.py took 0.118 seconds
[2026-08-08T03:13:06.284+0000] {processor.py:186} INFO - Started process (PID=15818) to work on /home/airflow/.local/lib/python3.12/site-packages/airflow/example_dags/example_branch_day_of_week_operator.py
[2026-08-08T03:13:06.285+0000] {processor.py:914} INFO - Processing file /home/airflow/.local/lib/python3.12/site-packages/airflow/example_dags/example_branch_day_of_week_operator.py for tasks to queue
[2026-08-08T03:13:06.288+0000] {logging_mixin.py:190} INFO - [2026-08-08T03:13:06.288+0000] {dagbag.py:588} INFO - Filling up the DagBag from /home/airflow/.local/lib/python3.12/site-packages/airflow/example_dags/example_branch_day_of_week_operator.py
[2026-08-08T03:13:06.303+0000] {processor.py:925} INFO - DAG(s) 'example_weekday_branch_operator' retrieved from /home/airflow/.local/lib/python3.12/site-packages/airflow/example_dags/example_branch_day_of_week_operator.py
[2026-08-08T03:13:06.332+0000] {logging_mixin.py:190} INFO - [2026-08-08T03:13:06.332+0000] {dag.py:3239} INFO - Sync 1 DAGs
[2026-08-08T03:13:06.368+0000] {logging_mixin.py:190} INFO - [2026-08-08T03:13:06.368+0000] {dag.py:4180} INFO - Setting next_dagrun for example_weekday_branch_operator to 2026-08-07 00:00:00+00:00, run_after=2026-08-08 00:00:00+00:00
[2026-08-08T03:13:06.396+0000] {processor.py:208} INFO - Processing /home/airflow/.local/lib/python3.12/site-packages/airflow/example_dags/example_branch_day_of_week_operator.py took 0.120 seconds
[2026-08-08T03:13:37.525+0000] {processor.py:186} INFO - Started process (PID=15883) to work on /home/airflow/.local/lib/python3.12/site-packages/airflow/example_dags/example_branch_day_of_week_operator.py
[2026-08-08T03:13:37.526+0000] {processor.py:914} INFO - Processing file /home/airflow/.local/lib/python3.12/site-packages/airflow/example_dags/example_branch_day_of_week_operator.py for tasks to queue
[2026-08-08T03:13:37.529+0000] {logging_mixin.py:190} INFO - [2026-08-08T03:13:37.529+0000] {dagbag.py:588} INFO - Filling up the DagBag from /home/airflow/.local/lib/python3.12/site-packages/airflow/example_dags/example_branch_day_of_week_operator.py
[2026-08-08T03:13:37.545+0000] {processor.py:925} INFO - DAG(s) 'example_weekday_branch_operator' retrieved from /home/airflow/.local/lib/python3.12/site-packages/airflow/example_dags/example_branch_day_of_week_operator.py
[2026-08-08T03:13:37.646+0000] {logging_mixin.py:190} INFO - [2026-08-08T03:13:37.645+0000] {dag.py:3239} INFO - Sync 1 DAGs
[2026-08-08T03:13:37.691+0000] {logging_mixin.py:190} INFO - [2026-08-08T03:13:37.691+0000] {dag.py:4180} INFO - Setting next_dagrun for example_weekday_branch_operator to 2026-08-07 00:00:00+00:00, run_after=2026-08-08 00:00:00+00:00
[2026-08-08T03:13:37.726+0000] {processor.py:208} INFO - Processing /home/airflow/.local/lib/python3.12/site-packages/airflow/example_dags/example_branch_day_of_week_operator.py took 0.208 seconds
[2026-08-08T03:14:08.232+0000] {processor.py:186} INFO - Started process (PID=15948) to work on /home/airflow/.local/lib/python3.12/site-packages/airflow/example_dags/example_branch_day_of_week_operator.py
[2026-08-08T03:14:08.234+0000] {processor.py:914} INFO - Processing file /home/airflow/.local/lib/python3.12/site-packages/airflow/example_dags/example_branch_day_of_week_operator.py for tasks to queue
[2026-08-08T03:14:08.238+0000] {logging_mixin.py:190} INFO - [2026-08-08T03:14:08.238+0000] {dagbag.py:588} INFO - Filling up the DagBag from /home/airflow/.local/lib/python3.12/site-packages/airflow/example_dags/example_branch_day_of_week_operator.py
[2026-08-08T03:14:08.251+0000] {processor.py:925} INFO - DAG(s) 'example_weekday_branch_operator' retrieved from /home/airflow/.local/lib/python3.12/site-packages/airflow/example_dags/example_branch_day_of_week_operator.py
[2026-08-08T03:14:08.274+0000] {logging_mixin.py:190} INFO - [2026-08-08T03:14:08.273+0000] {dag.py:3239} INFO - Sync 1 DAGs
[2026-08-08T03:14:08.302+0000] {logging_mixin.py:190} INFO - [2026-08-08T03:14:08.301+0000] {dag.py:4180} INFO - Setting next_dagrun for example_weekday_branch_operator to 2026-08-07 00:00:00+00:00, run_after=2026-08-08 00:00:00+00:00
[2026-08-08T03:14:08.324+0000] {processor.py:208} INFO - Processing /home/airflow/.local/lib/python3.12/site-packages/airflow/example_dags/example_branch_day_of_week_operator.py took 0.100 seconds
[2026-08-08T03:14:39.478+0000] {processor.py:186} INFO - Started process (PID=16019) to work on /home/airflow/.local/lib/python3.12/site-packages/airflow/example_dags/example_branch_day_of_week_operator.py
[2026-08-08T03:14:39.479+0000] {processor.py:914} INFO - Processing file /home/airflow/.local/lib/python3.12/site-packages/airflow/example_dags/example_branch_day_of_week_operator.py for tasks to queue
[2026-08-08T03:14:39.482+0000] {logging_mixin.py:190} INFO - [2026-08-08T03:14:39.482+0000] {dagbag.py:588} INFO - Filling up the DagBag from /home/airflow/.local/lib/python3.12/site-packages/airflow/example_dags/example_branch_day_of_week_operator.py
[2026-08-08T03:14:39.493+0000] {processor.py:925} INFO - DAG(s) 'example_weekday_branch_operator' retrieved from /home/airflow/.local/lib/python3.12/site-packages/airflow/example_dags/example_branch_day_of_week_operator.py
[2026-08-08T03:14:39.514+0000] {logging_mixin.py:190} INFO - [2026-08-08T03:14:39.514+0000] {dag.py:3239} INFO - Sync 1 DAGs
[2026-08-08T03:14:39.540+0000] {logging_mixin.py:190} INFO - [2026-08-08T03:14:39.540+0000] {dag.py:4180} INFO - Setting next_dagrun for example_weekday_branch_operator to 2026-08-07 00:00:00+00:00, run_after=2026-08-08 00:00:00+00:00
[2026-08-08T03:14:39.563+0000] {processor.py:208} INFO - Processing /home/airflow/.local/lib/python3.12/site-packages/airflow/example_dags/example_branch_day_of_week_operator.py took 0.092 seconds
[2026-08-08T03:15:10.311+0000] {processor.py:186} INFO - Started process (PID=16084) to work on /home/airflow/.local/lib/python3.12/site-packages/airflow/example_dags/example_branch_day_of_week_operator.py
[2026-08-08T03:15:10.314+0000] {processor.py:914} INFO - Processing file /home/airflow/.local/lib/python3.12/site-packages/airflow/example_dags/example_branch_day_of_week_operator.py for tasks to queue
[2026-08-08T03:15:10.319+0000] {logging_mixin.py:190} INFO - [2026-08-08T03:15:10.318+0000] {dagbag.py:588} INFO - Filling up the DagBag from /home/airflow/.local/lib/python3.12/site-packages/airflow/example_dags/example_branch_day_of_week_operator.py
[2026-08-08T03:15:10.336+0000] {processor.py:925} INFO - DAG(s) 'example_weekday_branch_operator' retrieved from /home/airflow/.local/lib/python3.12/site-packages/airflow/example_dags/example_branch_day_of_week_operator.py
[2026-08-08T03:15:10.363+0000] {logging_mixin.py:190} INFO - [2026-08-08T03:15:10.363+0000] {dag.py:3239} INFO - Sync 1 DAGs
[2026-08-08T03:15:10.395+0000] {logging_mixin.py:190} INFO - [2026-08-08T03:15:10.394+0000] {dag.py:4180} INFO - Setting next_dagrun for example_weekday_branch_operator to 2026-08-07 00:00:00+00:00, run_after=2026-08-08 00:00:00+00:00
[2026-08-08T03:15:10.418+0000] {processor.py:208} INFO - Processing /home/airflow/.local/lib/python3.12/site-packages/airflow/example_dags/example_branch_day_of_week_operator.py took 0.118 seconds
[2026-08-08T03:15:41.034+0000] {processor.py:186} INFO - Started process (PID=16149) to work on /home/airflow/.local/lib/python3.12/site-packages/airflow/example_dags/example_branch_day_of_week_operator.py
[2026-08-08T03:15:41.036+0000] {processor.py:914} INFO - Processing file /home/airflow/.local/lib/python3.12/site-packages/airflow/example_dags/example_branch_day_of_week_operator.py for tasks to queue
[2026-08-08T03:15:41.042+0000] {logging_mixin.py:190} INFO - [2026-08-08T03:15:41.041+0000] {dagbag.py:588} INFO - Filling up the DagBag from /home/airflow/.local/lib/python3.12/site-packages/airflow/example_dags/example_branch_day_of_week_operator.py
[2026-08-08T03:15:41.062+0000] {processor.py:925} INFO - DAG(s) 'example_weekday_branch_operator' retrieved from /home/airflow/.local/lib/python3.12/site-packages/airflow/example_dags/example_branch_day_of_week_operator.py
[2026-08-08T03:15:41.105+0000] {logging_mixin.py:190} INFO - [2026-08-08T03:15:41.104+0000] {dag.py:3239} INFO - Sync 1 DAGs
[2026-08-08T03:15:41.144+0000] {logging_mixin.py:190} INFO - [2026-08-08T03:15:41.143+0000] {dag.py:4180} INFO - Setting next_dagrun for example_weekday_branch_operator to 2026-08-07 00:00:00+00:00, run_after=2026-08-08 00:00:00+00:00
[2026-08-08T03:15:41.181+0000] {processor.py:208} INFO - Processing /home/airflow/.local/lib/python3.12/site-packages/airflow/example_dags/example_branch_day_of_week_operator.py took 0.161 seconds
[2026-08-08T03:16:11.961+0000] {processor.py:186} INFO - Started process (PID=16215) to work on /home/airflow/.local/lib/python3.12/site-packages/airflow/example_dags/example_branch_day_of_week_operator.py
[2026-08-08T03:16:11.969+0000] {processor.py:914} INFO - Processing file /home/airflow/.local/lib/python3.12/site-packages/airflow/example_dags/example_branch_day_of_week_operator.py for tasks to queue
[2026-08-08T03:16:11.973+0000] {logging_mixin.py:190} INFO - [2026-08-08T03:16:11.973+0000] {dagbag.py:588} INFO - Filling up the DagBag from /home/airflow/.local/lib/python3.12/site-packages/airflow/example_dags/example_branch_day_of_week_operator.py
[2026-08-08T03:16:11.987+0000] {processor.py:925} INFO - DAG(s) 'example_weekday_branch_operator' retrieved from /home/airflow/.local/lib/python3.12/site-packages/airflow/example_dags/example_branch_day_of_week_operator.py
[2026-08-08T03:16:12.011+0000] {logging_mixin.py:190} INFO - [2026-08-08T03:16:12.011+0000] {dag.py:3239} INFO - Sync 1 DAGs
[2026-08-08T03:16:12.039+0000] {logging_mixin.py:190} INFO - [2026-08-08T03:16:12.039+0000] {dag.py:4180} INFO - Setting next_dagrun for example_weekday_branch_operator to 2026-08-07 00:00:00+00:00, run_after=2026-08-08 00:00:00+00:00
[2026-08-08T03:16:12.060+0000] {processor.py:208} INFO - Processing /home/airflow/.local/lib/python3.12/site-packages/airflow/example_dags/example_branch_day_of_week_operator.py took 0.109 seconds
[2026-08-08T03:16:43.024+0000] {processor.py:186} INFO - Started process (PID=16280) to work on /home/airflow/.local/lib/python3.12/site-packages/airflow/example_dags/example_branch_day_of_week_operator.py
[2026-08-08T03:16:43.026+0000] {processor.py:914} INFO - Processing file /home/airflow/.local/lib/python3.12/site-packages/airflow/example_dags/example_branch_day_of_week_operator.py for tasks to queue
[2026-08-08T03:16:43.033+0000] {logging_mixin.py:190} INFO - [2026-08-08T03:16:43.032+0000] {dagbag.py:588} INFO - Filling up the DagBag from /home/airflow/.local/lib/python3.12/site-packages/airflow/example_dags/example_branch_day_of_week_operator.py
[2026-08-08T03:16:43.048+0000] {processor.py:925} INFO - DAG(s) 'example_weekday_branch_operator' retrieved from /home/airflow/.local/lib/python3.12/site-packages/airflow/example_dags/example_branch_day_of_week_operator.py
[2026-08-08T03:16:43.070+0000] {logging_mixin.py:190} INFO - [2026-08-08T03:16:43.070+0000] {dag.py:3239} INFO - Sync 1 DAGs
[2026-08-08T03:16:43.101+0000] {logging_mixin.py:190} INFO - [2026-08-08T03:16:43.100+0000] {dag.py:4180} INFO - Setting next_dagrun for example_weekday_branch_operator to 2026-08-07 00:00:00+00:00, run_after=2026-08-08 00:00:00+00:00
[2026-08-08T03:16:43.123+0000] {processor.py:208} INFO - Processing /home/airflow/.local/lib/python3.12/site-packages/airflow/example_dags/example_branch_day_of_week_operator.py took 0.107 seconds
[2026-08-08T03:17:14.185+0000] {processor.py:186} INFO - Started process (PID=16345) to work on /home/airflow/.local/lib/python3.12/site-packages/airflow/example_dags/example_branch_day_of_week_operator.py
[2026-08-08T03:17:14.186+0000] {processor.py:914} INFO - Processing file /home/airflow/.local/lib/python3.12/site-packages/airflow/example_dags/example_branch_day_of_week_operator.py for tasks to queue
[2026-08-08T03:17:14.190+0000] {logging_mixin.py:190} INFO - [2026-08-08T03:17:14.190+0000] {dagbag.py:588} INFO - Filling up the DagBag from /home/airflow/.local/lib/python3.12/site-packages/airflow/example_dags/example_branch_day_of_week_operator.py
[2026-08-08T03:17:14.201+0000] {processor.py:925} INFO - DAG(s) 'example_weekday_branch_operator' retrieved from /home/airflow/.local/lib/python3.12/site-packages/airflow/example_dags/example_branch_day_of_week_operator.py
[2026-08-08T03:17:14.223+0000] {logging_mixin.py:190} INFO - [2026-08-08T03:17:14.222+0000] {dag.py:3239} INFO - Sync 1 DAGs
[2026-08-08T03:17:14.266+0000] {logging_mixin.py:190} INFO - [2026-08-08T03:17:14.265+0000] {dag.py:4180} INFO - Setting next_dagrun for example_weekday_branch_operator to 2026-08-07 00:00:00+00:00, run_after=2026-08-08 00:00:00+00:00
[2026-08-08T03:17:14.293+0000] {processor.py:208} INFO - Processing /home/airflow/.local/lib/python3.12/site-packages/airflow/example_dags/example_branch_day_of_week_operator.py took 0.115 seconds
[2026-08-08T03:17:44.877+0000] {processor.py:186} INFO - Started process (PID=16410) to work on /home/airflow/.local/lib/python3.12/site-packages/airflow/example_dags/example_branch_day_of_week_operator.py
[2026-08-08T03:17:44.878+0000] {processor.py:914} INFO - Processing file /home/airflow/.local/lib/python3.12/site-packages/airflow/example_dags/example_branch_day_of_week_operator.py for tasks to queue
[2026-08-08T03:17:44.882+0000] {logging_mixin.py:190} INFO - [2026-08-08T03:17:44.882+0000] {dagbag.py:588} INFO - Filling up the DagBag from /home/airflow/.local/lib/python3.12/site-packages/airflow/example_dags/example_branch_day_of_week_operator.py
[2026-08-08T03:17:44.894+0000] {processor.py:925} INFO - DAG(s) 'example_weekday_branch_operator' retrieved from /home/airflow/.local/lib/python3.12/site-packages/airflow/example_dags/example_branch_day_of_week_operator.py
[2026-08-08T03:17:44.921+0000] {logging_mixin.py:190} INFO - [2026-08-08T03:17:44.921+0000] {dag.py:3239} INFO - Sync 1 DAGs
[2026-08-08T03:17:44.952+0000] {logging_mixin.py:190} INFO - [2026-08-08T03:17:44.952+0000] {dag.py:4180} INFO - Setting next_dagrun for example_weekday_branch_operator to 2026-08-07 00:00:00+00:00, run_after=2026-08-08 00:00:00+00:00
[2026-08-08T03:17:44.977+0000] {processor.py:208} INFO - Processing /home/airflow/.local/lib/python3.12/site-packages/airflow/example_dags/example_branch_day_of_week_operator.py took 0.106 seconds
[2026-08-08T03:18:16.212+0000] {processor.py:186} INFO - Started process (PID=16475) to work on /home/airflow/.local/lib/python3.12/site-packages/airflow/example_dags/example_branch_day_of_week_operator.py
[2026-08-08T03:18:16.214+0000] {processor.py:914} INFO - Processing file /home/airflow/.local/lib/python3.12/site-packages/airflow/example_dags/example_branch_day_of_week_operator.py for tasks to queue
[2026-08-08T03:18:16.219+0000] {logging_mixin.py:190} INFO - [2026-08-08T03:18:16.218+0000] {dagbag.py:588} INFO - Filling up the DagBag from /home/airflow/.local/lib/python3.12/site-packages/airflow/example_dags/example_branch_day_of_week_operator.py
[2026-08-08T03:18:16.231+0000] {processor.py:925} INFO - DAG(s) 'example_weekday_branch_operator' retrieved from /home/airflow/.local/lib/python3.12/site-packages/airflow/example_dags/example_branch_day_of_week_operator.py
[2026-08-08T03:18:16.256+0000] {logging_mixin.py:190} INFO - [2026-08-08T03:18:16.256+0000] {dag.py:3239} INFO - Sync 1 DAGs
[2026-08-08T03:18:16.292+0000] {logging_mixin.py:190} INFO - [2026-08-08T03:18:16.292+0000] {dag.py:4180} INFO - Setting next_dagrun for example_weekday_branch_operator to 2026-08-07 00:00:00+00:00, run_after=2026-08-08 00:00:00+00:00
[2026-08-08T03:18:16.317+0000] {processor.py:208} INFO - Processing /home/airflow/.local/lib/python3.12/site-packages/airflow/example_dags/example_branch_day_of_week_operator.py took 0.112 seconds
[2026-08-08T03:18:47.285+0000] {processor.py:186} INFO - Started process (PID=16540) to work on /home/airflow/.local/lib/python3.12/site-packages/airflow/example_dags/example_branch_day_of_week_operator.py
[2026-08-08T03:18:47.287+0000] {processor.py:914} INFO - Processing file /home/airflow/.local/lib/python3.12/site-packages/airflow/example_dags/example_branch_day_of_week_operator.py for tasks to queue
[2026-08-08T03:18:47.291+0000] {logging_mixin.py:190} INFO - [2026-08-08T03:18:47.291+0000] {dagbag.py:588} INFO - Filling up the DagBag from /home/airflow/.local/lib/python3.12/site-packages/airflow/example_dags/example_branch_day_of_week_operator.py
[2026-08-08T03:18:47.310+0000] {processor.py:925} INFO - DAG(s) 'example_weekday_branch_operator' retrieved from /home/airflow/.local/lib/python3.12/site-packages/airflow/example_dags/example_branch_day_of_week_operator.py
[2026-08-08T03:18:47.342+0000] {logging_mixin.py:190} INFO - [2026-08-08T03:18:47.342+0000] {dag.py:3239} INFO - Sync 1 DAGs
[2026-08-08T03:18:47.384+0000] {logging_mixin.py:190} INFO - [2026-08-08T03:18:47.383+0000] {dag.py:4180} INFO - Setting next_dagrun for example_weekday_branch_operator to 2026-08-07 00:00:00+00:00, run_after=2026-08-08 00:00:00+00:00
[2026-08-08T03:18:47.413+0000] {processor.py:208} INFO - Processing /home/airflow/.local/lib/python3.12/site-packages/airflow/example_dags/example_branch_day_of_week_operator.py took 0.138 seconds
[2026-08-08T03:19:18.712+0000] {processor.py:186} INFO - Started process (PID=16605) to work on /home/airflow/.local/lib/python3.12/site-packages/airflow/example_dags/example_branch_day_of_week_operator.py
[2026-08-08T03:19:18.714+0000] {processor.py:914} INFO - Processing file /home/airflow/.local/lib/python3.12/site-packages/airflow/example_dags/example_branch_day_of_week_operator.py for tasks to queue
[2026-08-08T03:19:18.718+0000] {logging_mixin.py:190} INFO - [2026-08-08T03:19:18.717+0000] {dagbag.py:588} INFO - Filling up the DagBag from /home/airflow/.local/lib/python3.12/site-packages/airflow/example_dags/example_branch_day_of_week_operator.py
[2026-08-08T03:19:18.730+0000] {processor.py:925} INFO - DAG(s) 'example_weekday_branch_operator' retrieved from /home/airflow/.local/lib/python3.12/site-packages/airflow/example_dags/example_branch_day_of_week_operator.py
[2026-08-08T03:19:18.755+0000] {logging_mixin.py:190} INFO - [2026-08-08T03:19:18.754+0000] {dag.py:3239} INFO - Sync 1 DAGs
[2026-08-08T03:19:18.787+0000] {logging_mixin.py:190} INFO - [2026-08-08T03:19:18.787+0000] {dag.py:4180} INFO - Setting next_dagrun for example_weekday_branch_operator to 2026-08-07 00:00:00+00:00, run_after=2026-08-08 00:00:00+00:00
[2026-08-08T03:19:18.816+0000] {processor.py:208} INFO - Processing /home/airflow/.local/lib/python3.12/site-packages/airflow/example_dags/example_branch_day_of_week_operator.py took 0.110 seconds
[2026-08-08T03:19:49.807+0000] {processor.py:186} INFO - Started process (PID=16670) to work on /home/airflow/.local/lib/python3.12/site-packages/airflow/example_dags/example_branch_day_of_week_operator.py
[2026-08-08T03:19:49.809+0000] {processor.py:914} INFO - Processing file /home/airflow/.local/lib/python3.12/site-packages/airflow/example_dags/example_branch_day_of_week_operator.py for tasks to queue
[2026-08-08T03:19:49.812+0000] {logging_mixin.py:190} INFO - [2026-08-08T03:19:49.812+0000] {dagbag.py:588} INFO - Filling up the DagBag from /home/airflow/.local/lib/python3.12/site-packages/airflow/example_dags/example_branch_day_of_week_operator.py
[2026-08-08T03:19:49.825+0000] {processor.py:925} INFO - DAG(s) 'example_weekday_branch_operator' retrieved from /home/airflow/.local/lib/python3.12/site-packages/airflow/example_dags/example_branch_day_of_week_operator.py
[2026-08-08T03:19:49.851+0000] {logging_mixin.py:190} INFO - [2026-08-08T03:19:49.851+0000] {dag.py:3239} INFO - Sync 1 DAGs
[2026-08-08T03:19:49.884+0000] {logging_mixin.py:190} INFO - [2026-08-08T03:19:49.884+0000] {dag.py:4180} INFO - Setting next_dagrun for example_weekday_branch_operator to 2026-08-07 00:00:00+00:00, run_after=2026-08-08 00:00:00+00:00
[2026-08-08T03:19:49.912+0000] {processor.py:208} INFO - Processing /home/airflow/.local/lib/python3.12/site-packages/airflow/example_dags/example_branch_day_of_week_operator.py took 0.111 seconds
[2026-08-08T03:20:21.471+0000] {processor.py:186} INFO - Started process (PID=16735) to work on /home/airflow/.local/lib/python3.12/site-packages/airflow/example_dags/example_branch_day_of_week_operator.py
[2026-08-08T03:20:21.473+0000] {processor.py:914} INFO - Processing file /home/airflow/.local/lib/python3.12/site-packages/airflow/example_dags/example_branch_day_of_week_operator.py for tasks to queue
[2026-08-08T03:20:21.479+0000] {logging_mixin.py:190} INFO - [2026-08-08T03:20:21.478+0000] {dagbag.py:588} INFO - Filling up the DagBag from /home/airflow/.local/lib/python3.12/site-packages/airflow/example_dags/example_branch_day_of_week_operator.py
[2026-08-08T03:20:21.498+0000] {processor.py:925} INFO - DAG(s) 'example_weekday_branch_operator' retrieved from /home/airflow/.local/lib/python3.12/site-packages/airflow/example_dags/example_branch_day_of_week_operator.py
[2026-08-08T03:20:21.531+0000] {logging_mixin.py:190} INFO - [2026-08-08T03:20:21.530+0000] {dag.py:3239} INFO - Sync 1 DAGs
[2026-08-08T03:20:21.574+0000] {logging_mixin.py:190} INFO - [2026-08-08T03:20:21.574+0000] {dag.py:4180} INFO - Setting next_dagrun for example_weekday_branch_operator to 2026-08-07 00:00:00+00:00, run_after=2026-08-08 00:00:00+00:00
[2026-08-08T03:20:21.604+0000] {processor.py:208} INFO - Processing /home/airflow/.local/lib/python3.12/site-packages/airflow/example_dags/example_branch_day_of_week_operator.py took 0.146 seconds
[2026-08-08T03:20:52.832+0000] {processor.py:186} INFO - Started process (PID=16800) to work on /home/airflow/.local/lib/python3.12/site-packages/airflow/example_dags/example_branch_day_of_week_operator.py
[2026-08-08T03:20:52.834+0000] {processor.py:914} INFO - Processing file /home/airflow/.local/lib/python3.12/site-packages/airflow/example_dags/example_branch_day_of_week_operator.py for tasks to queue
[2026-08-08T03:20:52.839+0000] {logging_mixin.py:190} INFO - [2026-08-08T03:20:52.838+0000] {dagbag.py:588} INFO - Filling up the DagBag from /home/airflow/.local/lib/python3.12/site-packages/airflow/example_dags/example_branch_day_of_week_operator.py
[2026-08-08T03:20:52.868+0000] {processor.py:925} INFO - DAG(s) 'example_weekday_branch_operator' retrieved from /home/airflow/.local/lib/python3.12/site-packages/airflow/example_dags/example_branch_day_of_week_operator.py
[2026-08-08T03:20:52.916+0000] {logging_mixin.py:190} INFO - [2026-08-08T03:20:52.915+0000] {dag.py:3239} INFO - Sync 1 DAGs
[2026-08-08T03:20:52.970+0000] {logging_mixin.py:190} INFO - [2026-08-08T03:20:52.969+0000] {dag.py:4180} INFO - Setting next_dagrun for example_weekday_branch_operator to 2026-08-07 00:00:00+00:00, run_after=2026-08-08 00:00:00+00:00
[2026-08-08T03:20:53.008+0000] {processor.py:208} INFO - Processing /home/airflow/.local/lib/python3.12/site-packages/airflow/example_dags/example_branch_day_of_week_operator.py took 0.184 seconds
[2026-08-08T03:21:23.992+0000] {processor.py:186} INFO - Started process (PID=16865) to work on /home/airflow/.local/lib/python3.12/site-packages/airflow/example_dags/example_branch_day_of_week_operator.py
[2026-08-08T03:21:23.994+0000] {processor.py:914} INFO - Processing file /home/airflow/.local/lib/python3.12/site-packages/airflow/example_dags/example_branch_day_of_week_operator.py for tasks to queue
[2026-08-08T03:21:23.999+0000] {logging_mixin.py:190} INFO - [2026-08-08T03:21:23.998+0000] {dagbag.py:588} INFO - Filling up the DagBag from /home/airflow/.local/lib/python3.12/site-packages/airflow/example_dags/example_branch_day_of_week_operator.py
[2026-08-08T03:21:24.014+0000] {processor.py:925} INFO - DAG(s) 'example_weekday_branch_operator' retrieved from /home/airflow/.local/lib/python3.12/site-packages/airflow/example_dags/example_branch_day_of_week_operator.py
[2026-08-08T03:21:24.042+0000] {logging_mixin.py:190} INFO - [2026-08-08T03:21:24.042+0000] {dag.py:3239} INFO - Sync 1 DAGs
[2026-08-08T03:21:24.075+0000] {logging_mixin.py:190} INFO - [2026-08-08T03:21:24.075+0000] {dag.py:4180} INFO - Setting next_dagrun for example_weekday_branch_operator to 2026-08-07 00:00:00+00:00, run_after=2026-08-08 00:00:00+00:00
[2026-08-08T03:21:24.103+0000] {processor.py:208} INFO - Processing /home/airflow/.local/lib/python3.12/site-packages/airflow/example_dags/example_branch_day_of_week_operator.py took 0.121 seconds
[2026-08-08T06:29:05.568+0000] {processor.py:186} INFO - Started process (PID=111) to work on /home/airflow/.local/lib/python3.12/site-packages/airflow/example_dags/example_branch_day_of_week_operator.py
[2026-08-08T06:29:05.570+0000] {processor.py:914} INFO - Processing file /home/airflow/.local/lib/python3.12/site-packages/airflow/example_dags/example_branch_day_of_week_operator.py for tasks to queue
[2026-08-08T06:29:05.575+0000] {logging_mixin.py:190} INFO - [2026-08-08T06:29:05.574+0000] {dagbag.py:588} INFO - Filling up the DagBag from /home/airflow/.local/lib/python3.12/site-packages/airflow/example_dags/example_branch_day_of_week_operator.py
[2026-08-08T06:29:05.593+0000] {processor.py:925} INFO - DAG(s) 'example_weekday_branch_operator' retrieved from /home/airflow/.local/lib/python3.12/site-packages/airflow/example_dags/example_branch_day_of_week_operator.py
[2026-08-08T06:29:05.771+0000] {logging_mixin.py:190} INFO - [2026-08-08T06:29:05.770+0000] {override.py:1912} INFO - Created Permission View: can delete on DAG:example_weekday_branch_operator
[2026-08-08T06:29:05.797+0000] {logging_mixin.py:190} INFO - [2026-08-08T06:29:05.796+0000] {override.py:1912} INFO - Created Permission View: can read on DAG:example_weekday_branch_operator
[2026-08-08T06:29:05.809+0000] {logging_mixin.py:190} INFO - [2026-08-08T06:29:05.809+0000] {override.py:1912} INFO - Created Permission View: can edit on DAG:example_weekday_branch_operator
[2026-08-08T06:29:05.820+0000] {logging_mixin.py:190} INFO - [2026-08-08T06:29:05.820+0000] {override.py:1912} INFO - Created Permission View: can delete on DAG Run:example_weekday_branch_operator
[2026-08-08T06:29:05.829+0000] {logging_mixin.py:190} INFO - [2026-08-08T06:29:05.829+0000] {override.py:1912} INFO - Created Permission View: menu access on DAG Run:example_weekday_branch_operator
[2026-08-08T06:29:05.838+0000] {logging_mixin.py:190} INFO - [2026-08-08T06:29:05.837+0000] {override.py:1912} INFO - Created Permission View: can read on DAG Run:example_weekday_branch_operator
[2026-08-08T06:29:05.845+0000] {logging_mixin.py:190} INFO - [2026-08-08T06:29:05.845+0000] {override.py:1912} INFO - Created Permission View: can create on DAG Run:example_weekday_branch_operator
[2026-08-08T06:29:05.847+0000] {logging_mixin.py:190} INFO - [2026-08-08T06:29:05.847+0000] {dag.py:3239} INFO - Sync 1 DAGs
[2026-08-08T06:29:05.861+0000] {logging_mixin.py:190} INFO - [2026-08-08T06:29:05.861+0000] {dag.py:3262} INFO - Creating ORM DAG for example_weekday_branch_operator
[2026-08-08T06:29:05.876+0000] {logging_mixin.py:190} INFO - [2026-08-08T06:29:05.876+0000] {dag.py:4180} INFO - Setting next_dagrun for example_weekday_branch_operator to 2026-08-07 00:00:00+00:00, run_after=2026-08-08 00:00:00+00:00
[2026-08-08T06:29:05.901+0000] {processor.py:208} INFO - Processing /home/airflow/.local/lib/python3.12/site-packages/airflow/example_dags/example_branch_day_of_week_operator.py took 0.346 seconds
[2026-08-08T06:29:36.024+0000] {processor.py:186} INFO - Started process (PID=176) to work on /home/airflow/.local/lib/python3.12/site-packages/airflow/example_dags/example_branch_day_of_week_operator.py
[2026-08-08T06:29:36.025+0000] {processor.py:914} INFO - Processing file /home/airflow/.local/lib/python3.12/site-packages/airflow/example_dags/example_branch_day_of_week_operator.py for tasks to queue
[2026-08-08T06:29:36.028+0000] {logging_mixin.py:190} INFO - [2026-08-08T06:29:36.028+0000] {dagbag.py:588} INFO - Filling up the DagBag from /home/airflow/.local/lib/python3.12/site-packages/airflow/example_dags/example_branch_day_of_week_operator.py
[2026-08-08T06:29:36.038+0000] {processor.py:925} INFO - DAG(s) 'example_weekday_branch_operator' retrieved from /home/airflow/.local/lib/python3.12/site-packages/airflow/example_dags/example_branch_day_of_week_operator.py
[2026-08-08T06:29:36.062+0000] {logging_mixin.py:190} INFO - [2026-08-08T06:29:36.062+0000] {dag.py:3239} INFO - Sync 1 DAGs
[2026-08-08T06:29:36.090+0000] {logging_mixin.py:190} INFO - [2026-08-08T06:29:36.090+0000] {dag.py:4180} INFO - Setting next_dagrun for example_weekday_branch_operator to 2026-08-07 00:00:00+00:00, run_after=2026-08-08 00:00:00+00:00
[2026-08-08T06:29:36.118+0000] {processor.py:208} INFO - Processing /home/airflow/.local/lib/python3.12/site-packages/airflow/example_dags/example_branch_day_of_week_operator.py took 0.100 seconds
[2026-08-08T06:30:06.612+0000] {processor.py:186} INFO - Started process (PID=240) to work on /home/airflow/.local/lib/python3.12/site-packages/airflow/example_dags/example_branch_day_of_week_operator.py
[2026-08-08T06:30:06.613+0000] {processor.py:914} INFO - Processing file /home/airflow/.local/lib/python3.12/site-packages/airflow/example_dags/example_branch_day_of_week_operator.py for tasks to queue
[2026-08-08T06:30:06.616+0000] {logging_mixin.py:190} INFO - [2026-08-08T06:30:06.616+0000] {dagbag.py:588} INFO - Filling up the DagBag from /home/airflow/.local/lib/python3.12/site-packages/airflow/example_dags/example_branch_day_of_week_operator.py
[2026-08-08T06:30:06.627+0000] {processor.py:925} INFO - DAG(s) 'example_weekday_branch_operator' retrieved from /home/airflow/.local/lib/python3.12/site-packages/airflow/example_dags/example_branch_day_of_week_operator.py
[2026-08-08T06:30:06.647+0000] {logging_mixin.py:190} INFO - [2026-08-08T06:30:06.647+0000] {dag.py:3239} INFO - Sync 1 DAGs
[2026-08-08T06:30:06.672+0000] {logging_mixin.py:190} INFO - [2026-08-08T06:30:06.672+0000] {dag.py:4180} INFO - Setting next_dagrun for example_weekday_branch_operator to 2026-08-07 00:00:00+00:00, run_after=2026-08-08 00:00:00+00:00
[2026-08-08T06:30:06.692+0000] {processor.py:208} INFO - Processing /home/airflow/.local/lib/python3.12/site-packages/airflow/example_dags/example_branch_day_of_week_operator.py took 0.087 seconds
[2026-08-08T06:30:36.974+0000] {processor.py:186} INFO - Started process (PID=305) to work on /home/airflow/.local/lib/python3.12/site-packages/airflow/example_dags/example_branch_day_of_week_operator.py
[2026-08-08T06:30:36.975+0000] {processor.py:914} INFO - Processing file /home/airflow/.local/lib/python3.12/site-packages/airflow/example_dags/example_branch_day_of_week_operator.py for tasks to queue
[2026-08-08T06:30:36.978+0000] {logging_mixin.py:190} INFO - [2026-08-08T06:30:36.977+0000] {dagbag.py:588} INFO - Filling up the DagBag from /home/airflow/.local/lib/python3.12/site-packages/airflow/example_dags/example_branch_day_of_week_operator.py
[2026-08-08T06:30:36.988+0000] {processor.py:925} INFO - DAG(s) 'example_weekday_branch_operator' retrieved from /home/airflow/.local/lib/python3.12/site-packages/airflow/example_dags/example_branch_day_of_week_operator.py
[2026-08-08T06:30:37.009+0000] {logging_mixin.py:190} INFO - [2026-08-08T06:30:37.009+0000] {dag.py:3239} INFO - Sync 1 DAGs
[2026-08-08T06:30:37.037+0000] {logging_mixin.py:190} INFO - [2026-08-08T06:30:37.037+0000] {dag.py:4180} INFO - Setting next_dagrun for example_weekday_branch_operator to 2026-08-07 00:00:00+00:00, run_after=2026-08-08 00:00:00+00:00
[2026-08-08T06:30:37.057+0000] {processor.py:208} INFO - Processing /home/airflow/.local/lib/python3.12/site-packages/airflow/example_dags/example_branch_day_of_week_operator.py took 0.089 seconds
[2026-08-08T06:31:08.207+0000] {processor.py:186} INFO - Started process (PID=370) to work on /home/airflow/.local/lib/python3.12/site-packages/airflow/example_dags/example_branch_day_of_week_operator.py
[2026-08-08T06:31:08.209+0000] {processor.py:914} INFO - Processing file /home/airflow/.local/lib/python3.12/site-packages/airflow/example_dags/example_branch_day_of_week_operator.py for tasks to queue
[2026-08-08T06:31:08.212+0000] {logging_mixin.py:190} INFO - [2026-08-08T06:31:08.212+0000] {dagbag.py:588} INFO - Filling up the DagBag from /home/airflow/.local/lib/python3.12/site-packages/airflow/example_dags/example_branch_day_of_week_operator.py
[2026-08-08T06:31:08.228+0000] {processor.py:925} INFO - DAG(s) 'example_weekday_branch_operator' retrieved from /home/airflow/.local/lib/python3.12/site-packages/airflow/example_dags/example_branch_day_of_week_operator.py
[2026-08-08T06:31:08.250+0000] {logging_mixin.py:190} INFO - [2026-08-08T06:31:08.250+0000] {dag.py:3239} INFO - Sync 1 DAGs
[2026-08-08T06:31:08.277+0000] {logging_mixin.py:190} INFO - [2026-08-08T06:31:08.277+0000] {dag.py:4180} INFO - Setting next_dagrun for example_weekday_branch_operator to 2026-08-07 00:00:00+00:00, run_after=2026-08-08 00:00:00+00:00
[2026-08-08T06:31:08.301+0000] {processor.py:208} INFO - Processing /home/airflow/.local/lib/python3.12/site-packages/airflow/example_dags/example_branch_day_of_week_operator.py took 0.101 seconds
[2026-08-08T06:31:39.284+0000] {processor.py:186} INFO - Started process (PID=435) to work on /home/airflow/.local/lib/python3.12/site-packages/airflow/example_dags/example_branch_day_of_week_operator.py
[2026-08-08T06:31:39.285+0000] {processor.py:914} INFO - Processing file /home/airflow/.local/lib/python3.12/site-packages/airflow/example_dags/example_branch_day_of_week_operator.py for tasks to queue
[2026-08-08T06:31:39.288+0000] {logging_mixin.py:190} INFO - [2026-08-08T06:31:39.288+0000] {dagbag.py:588} INFO - Filling up the DagBag from /home/airflow/.local/lib/python3.12/site-packages/airflow/example_dags/example_branch_day_of_week_operator.py
[2026-08-08T06:31:39.299+0000] {processor.py:925} INFO - DAG(s) 'example_weekday_branch_operator' retrieved from /home/airflow/.local/lib/python3.12/site-packages/airflow/example_dags/example_branch_day_of_week_operator.py
[2026-08-08T06:31:39.320+0000] {logging_mixin.py:190} INFO - [2026-08-08T06:31:39.319+0000] {dag.py:3239} INFO - Sync 1 DAGs
[2026-08-08T06:31:39.348+0000] {logging_mixin.py:190} INFO - [2026-08-08T06:31:39.348+0000] {dag.py:4180} INFO - Setting next_dagrun for example_weekday_branch_operator to 2026-08-07 00:00:00+00:00, run_after=2026-08-08 00:00:00+00:00
[2026-08-08T06:31:39.372+0000] {processor.py:208} INFO - Processing /home/airflow/.local/lib/python3.12/site-packages/airflow/example_dags/example_branch_day_of_week_operator.py took 0.094 seconds
[2026-08-08T06:32:09.460+0000] {processor.py:186} INFO - Started process (PID=499) to work on /home/airflow/.local/lib/python3.12/site-packages/airflow/example_dags/example_branch_day_of_week_operator.py
[2026-08-08T06:32:09.461+0000] {processor.py:914} INFO - Processing file /home/airflow/.local/lib/python3.12/site-packages/airflow/example_dags/example_branch_day_of_week_operator.py for tasks to queue
[2026-08-08T06:32:09.463+0000] {logging_mixin.py:190} INFO - [2026-08-08T06:32:09.463+0000] {dagbag.py:588} INFO - Filling up the DagBag from /home/airflow/.local/lib/python3.12/site-packages/airflow/example_dags/example_branch_day_of_week_operator.py
[2026-08-08T06:32:09.473+0000] {processor.py:925} INFO - DAG(s) 'example_weekday_branch_operator' retrieved from /home/airflow/.local/lib/python3.12/site-packages/airflow/example_dags/example_branch_day_of_week_operator.py
[2026-08-08T06:32:09.492+0000] {logging_mixin.py:190} INFO - [2026-08-08T06:32:09.492+0000] {dag.py:3239} INFO - Sync 1 DAGs
[2026-08-08T06:32:09.516+0000] {logging_mixin.py:190} INFO - [2026-08-08T06:32:09.516+0000] {dag.py:4180} INFO - Setting next_dagrun for example_weekday_branch_operator to 2026-08-07 00:00:00+00:00, run_after=2026-08-08 00:00:00+00:00
[2026-08-08T06:32:09.533+0000] {processor.py:208} INFO - Processing /home/airflow/.local/lib/python3.12/site-packages/airflow/example_dags/example_branch_day_of_week_operator.py took 0.079 seconds
[2026-08-08T06:32:40.324+0000] {processor.py:186} INFO - Started process (PID=564) to work on /home/airflow/.local/lib/python3.12/site-packages/airflow/example_dags/example_branch_day_of_week_operator.py
[2026-08-08T06:32:40.326+0000] {processor.py:914} INFO - Processing file /home/airflow/.local/lib/python3.12/site-packages/airflow/example_dags/example_branch_day_of_week_operator.py for tasks to queue
[2026-08-08T06:32:40.329+0000] {logging_mixin.py:190} INFO - [2026-08-08T06:32:40.328+0000] {dagbag.py:588} INFO - Filling up the DagBag from /home/airflow/.local/lib/python3.12/site-packages/airflow/example_dags/example_branch_day_of_week_operator.py
[2026-08-08T06:32:40.340+0000] {processor.py:925} INFO - DAG(s) 'example_weekday_branch_operator' retrieved from /home/airflow/.local/lib/python3.12/site-packages/airflow/example_dags/example_branch_day_of_week_operator.py
[2026-08-08T06:32:40.367+0000] {logging_mixin.py:190} INFO - [2026-08-08T06:32:40.366+0000] {dag.py:3239} INFO - Sync 1 DAGs
[2026-08-08T06:32:40.395+0000] {logging_mixin.py:190} INFO - [2026-08-08T06:32:40.395+0000] {dag.py:4180} INFO - Setting next_dagrun for example_weekday_branch_operator to 2026-08-07 00:00:00+00:00, run_after=2026-08-08 00:00:00+00:00
[2026-08-08T06:32:40.419+0000] {processor.py:208} INFO - Processing /home/airflow/.local/lib/python3.12/site-packages/airflow/example_dags/example_branch_day_of_week_operator.py took 0.100 seconds
[2026-08-08T06:33:11.298+0000] {processor.py:186} INFO - Started process (PID=629) to work on /home/airflow/.local/lib/python3.12/site-packages/airflow/example_dags/example_branch_day_of_week_operator.py
[2026-08-08T06:33:11.299+0000] {processor.py:914} INFO - Processing file /home/airflow/.local/lib/python3.12/site-packages/airflow/example_dags/example_branch_day_of_week_operator.py for tasks to queue
[2026-08-08T06:33:11.303+0000] {logging_mixin.py:190} INFO - [2026-08-08T06:33:11.303+0000] {dagbag.py:588} INFO - Filling up the DagBag from /home/airflow/.local/lib/python3.12/site-packages/airflow/example_dags/example_branch_day_of_week_operator.py
[2026-08-08T06:33:11.320+0000] {processor.py:925} INFO - DAG(s) 'example_weekday_branch_operator' retrieved from /home/airflow/.local/lib/python3.12/site-packages/airflow/example_dags/example_branch_day_of_week_operator.py
[2026-08-08T06:33:11.352+0000] {logging_mixin.py:190} INFO - [2026-08-08T06:33:11.351+0000] {dag.py:3239} INFO - Sync 1 DAGs
[2026-08-08T06:33:11.391+0000] {logging_mixin.py:190} INFO - [2026-08-08T06:33:11.391+0000] {dag.py:4180} INFO - Setting next_dagrun for example_weekday_branch_operator to 2026-08-07 00:00:00+00:00, run_after=2026-08-08 00:00:00+00:00
[2026-08-08T06:33:11.425+0000] {processor.py:208} INFO - Processing /home/airflow/.local/lib/python3.12/site-packages/airflow/example_dags/example_branch_day_of_week_operator.py took 0.135 seconds
[2026-08-08T06:33:41.923+0000] {processor.py:186} INFO - Started process (PID=694) to work on /home/airflow/.local/lib/python3.12/site-packages/airflow/example_dags/example_branch_day_of_week_operator.py
[2026-08-08T06:33:41.929+0000] {processor.py:914} INFO - Processing file /home/airflow/.local/lib/python3.12/site-packages/airflow/example_dags/example_branch_day_of_week_operator.py for tasks to queue
[2026-08-08T06:33:41.933+0000] {logging_mixin.py:190} INFO - [2026-08-08T06:33:41.932+0000] {dagbag.py:588} INFO - Filling up the DagBag from /home/airflow/.local/lib/python3.12/site-packages/airflow/example_dags/example_branch_day_of_week_operator.py
[2026-08-08T06:33:41.948+0000] {processor.py:925} INFO - DAG(s) 'example_weekday_branch_operator' retrieved from /home/airflow/.local/lib/python3.12/site-packages/airflow/example_dags/example_branch_day_of_week_operator.py
[2026-08-08T06:33:41.970+0000] {logging_mixin.py:190} INFO - [2026-08-08T06:33:41.970+0000] {dag.py:3239} INFO - Sync 1 DAGs
[2026-08-08T06:33:41.998+0000] {logging_mixin.py:190} INFO - [2026-08-08T06:33:41.997+0000] {dag.py:4180} INFO - Setting next_dagrun for example_weekday_branch_operator to 2026-08-07 00:00:00+00:00, run_after=2026-08-08 00:00:00+00:00
[2026-08-08T06:33:42.021+0000] {processor.py:208} INFO - Processing /home/airflow/.local/lib/python3.12/site-packages/airflow/example_dags/example_branch_day_of_week_operator.py took 0.105 seconds
[2026-08-08T06:34:12.231+0000] {processor.py:186} INFO - Started process (PID=759) to work on /home/airflow/.local/lib/python3.12/site-packages/airflow/example_dags/example_branch_day_of_week_operator.py
[2026-08-08T06:34:12.232+0000] {processor.py:914} INFO - Processing file /home/airflow/.local/lib/python3.12/site-packages/airflow/example_dags/example_branch_day_of_week_operator.py for tasks to queue
[2026-08-08T06:34:12.235+0000] {logging_mixin.py:190} INFO - [2026-08-08T06:34:12.235+0000] {dagbag.py:588} INFO - Filling up the DagBag from /home/airflow/.local/lib/python3.12/site-packages/airflow/example_dags/example_branch_day_of_week_operator.py
[2026-08-08T06:34:12.246+0000] {processor.py:925} INFO - DAG(s) 'example_weekday_branch_operator' retrieved from /home/airflow/.local/lib/python3.12/site-packages/airflow/example_dags/example_branch_day_of_week_operator.py
[2026-08-08T06:34:12.272+0000] {logging_mixin.py:190} INFO - [2026-08-08T06:34:12.272+0000] {dag.py:3239} INFO - Sync 1 DAGs
[2026-08-08T06:34:12.304+0000] {logging_mixin.py:190} INFO - [2026-08-08T06:34:12.304+0000] {dag.py:4180} INFO - Setting next_dagrun for example_weekday_branch_operator to 2026-08-07 00:00:00+00:00, run_after=2026-08-08 00:00:00+00:00
[2026-08-08T06:34:12.324+0000] {processor.py:208} INFO - Processing /home/airflow/.local/lib/python3.12/site-packages/airflow/example_dags/example_branch_day_of_week_operator.py took 0.102 seconds
[2026-08-08T06:34:43.764+0000] {processor.py:186} INFO - Started process (PID=825) to work on /home/airflow/.local/lib/python3.12/site-packages/airflow/example_dags/example_branch_day_of_week_operator.py
[2026-08-08T06:34:43.765+0000] {processor.py:914} INFO - Processing file /home/airflow/.local/lib/python3.12/site-packages/airflow/example_dags/example_branch_day_of_week_operator.py for tasks to queue
[2026-08-08T06:34:43.768+0000] {logging_mixin.py:190} INFO - [2026-08-08T06:34:43.768+0000] {dagbag.py:588} INFO - Filling up the DagBag from /home/airflow/.local/lib/python3.12/site-packages/airflow/example_dags/example_branch_day_of_week_operator.py
[2026-08-08T06:34:43.778+0000] {processor.py:925} INFO - DAG(s) 'example_weekday_branch_operator' retrieved from /home/airflow/.local/lib/python3.12/site-packages/airflow/example_dags/example_branch_day_of_week_operator.py
[2026-08-08T06:34:43.800+0000] {logging_mixin.py:190} INFO - [2026-08-08T06:34:43.799+0000] {dag.py:3239} INFO - Sync 1 DAGs
[2026-08-08T06:34:43.828+0000] {logging_mixin.py:190} INFO - [2026-08-08T06:34:43.827+0000] {dag.py:4180} INFO - Setting next_dagrun for example_weekday_branch_operator to 2026-08-07 00:00:00+00:00, run_after=2026-08-08 00:00:00+00:00
[2026-08-08T06:34:43.850+0000] {processor.py:208} INFO - Processing /home/airflow/.local/lib/python3.12/site-packages/airflow/example_dags/example_branch_day_of_week_operator.py took 0.092 seconds
[2026-08-08T06:35:15.024+0000] {processor.py:186} INFO - Started process (PID=890) to work on /home/airflow/.local/lib/python3.12/site-packages/airflow/example_dags/example_branch_day_of_week_operator.py
[2026-08-08T06:35:15.025+0000] {processor.py:914} INFO - Processing file /home/airflow/.local/lib/python3.12/site-packages/airflow/example_dags/example_branch_day_of_week_operator.py for tasks to queue
[2026-08-08T06:35:15.028+0000] {logging_mixin.py:190} INFO - [2026-08-08T06:35:15.028+0000] {dagbag.py:588} INFO - Filling up the DagBag from /home/airflow/.local/lib/python3.12/site-packages/airflow/example_dags/example_branch_day_of_week_operator.py
[2026-08-08T06:35:15.039+0000] {processor.py:925} INFO - DAG(s) 'example_weekday_branch_operator' retrieved from /home/airflow/.local/lib/python3.12/site-packages/airflow/example_dags/example_branch_day_of_week_operator.py
[2026-08-08T06:35:15.060+0000] {logging_mixin.py:190} INFO - [2026-08-08T06:35:15.060+0000] {dag.py:3239} INFO - Sync 1 DAGs
[2026-08-08T06:35:15.090+0000] {logging_mixin.py:190} INFO - [2026-08-08T06:35:15.090+0000] {dag.py:4180} INFO - Setting next_dagrun for example_weekday_branch_operator to 2026-08-07 00:00:00+00:00, run_after=2026-08-08 00:00:00+00:00
[2026-08-08T06:35:15.112+0000] {processor.py:208} INFO - Processing /home/airflow/.local/lib/python3.12/site-packages/airflow/example_dags/example_branch_day_of_week_operator.py took 0.094 seconds
[2026-08-08T06:35:46.447+0000] {processor.py:186} INFO - Started process (PID=955) to work on /home/airflow/.local/lib/python3.12/site-packages/airflow/example_dags/example_branch_day_of_week_operator.py
[2026-08-08T06:35:46.449+0000] {processor.py:914} INFO - Processing file /home/airflow/.local/lib/python3.12/site-packages/airflow/example_dags/example_branch_day_of_week_operator.py for tasks to queue
[2026-08-08T06:35:46.451+0000] {logging_mixin.py:190} INFO - [2026-08-08T06:35:46.451+0000] {dagbag.py:588} INFO - Filling up the DagBag from /home/airflow/.local/lib/python3.12/site-packages/airflow/example_dags/example_branch_day_of_week_operator.py
[2026-08-08T06:35:46.462+0000] {processor.py:925} INFO - DAG(s) 'example_weekday_branch_operator' retrieved from /home/airflow/.local/lib/python3.12/site-packages/airflow/example_dags/example_branch_day_of_week_operator.py
[2026-08-08T06:35:46.483+0000] {logging_mixin.py:190} INFO - [2026-08-08T06:35:46.483+0000] {dag.py:3239} INFO - Sync 1 DAGs
[2026-08-08T06:35:46.509+0000] {logging_mixin.py:190} INFO - [2026-08-08T06:35:46.508+0000] {dag.py:4180} INFO - Setting next_dagrun for example_weekday_branch_operator to 2026-08-07 00:00:00+00:00, run_after=2026-08-08 00:00:00+00:00
[2026-08-08T06:35:46.530+0000] {processor.py:208} INFO - Processing /home/airflow/.local/lib/python3.12/site-packages/airflow/example_dags/example_branch_day_of_week_operator.py took 0.089 seconds
[2026-08-08T06:36:17.507+0000] {processor.py:186} INFO - Started process (PID=1020) to work on /home/airflow/.local/lib/python3.12/site-packages/airflow/example_dags/example_branch_day_of_week_operator.py
[2026-08-08T06:36:17.509+0000] {processor.py:914} INFO - Processing file /home/airflow/.local/lib/python3.12/site-packages/airflow/example_dags/example_branch_day_of_week_operator.py for tasks to queue
[2026-08-08T06:36:17.513+0000] {logging_mixin.py:190} INFO - [2026-08-08T06:36:17.513+0000] {dagbag.py:588} INFO - Filling up the DagBag from /home/airflow/.local/lib/python3.12/site-packages/airflow/example_dags/example_branch_day_of_week_operator.py
[2026-08-08T06:36:17.527+0000] {processor.py:925} INFO - DAG(s) 'example_weekday_branch_operator' retrieved from /home/airflow/.local/lib/python3.12/site-packages/airflow/example_dags/example_branch_day_of_week_operator.py
[2026-08-08T06:36:17.551+0000] {logging_mixin.py:190} INFO - [2026-08-08T06:36:17.551+0000] {dag.py:3239} INFO - Sync 1 DAGs
[2026-08-08T06:36:17.586+0000] {logging_mixin.py:190} INFO - [2026-08-08T06:36:17.585+0000] {dag.py:4180} INFO - Setting next_dagrun for example_weekday_branch_operator to 2026-08-07 00:00:00+00:00, run_after=2026-08-08 00:00:00+00:00
[2026-08-08T06:36:17.609+0000] {processor.py:208} INFO - Processing /home/airflow/.local/lib/python3.12/site-packages/airflow/example_dags/example_branch_day_of_week_operator.py took 0.112 seconds
[2026-08-08T06:36:48.488+0000] {processor.py:186} INFO - Started process (PID=1085) to work on /home/airflow/.local/lib/python3.12/site-packages/airflow/example_dags/example_branch_day_of_week_operator.py
[2026-08-08T06:36:48.489+0000] {processor.py:914} INFO - Processing file /home/airflow/.local/lib/python3.12/site-packages/airflow/example_dags/example_branch_day_of_week_operator.py for tasks to queue
[2026-08-08T06:36:48.492+0000] {logging_mixin.py:190} INFO - [2026-08-08T06:36:48.492+0000] {dagbag.py:588} INFO - Filling up the DagBag from /home/airflow/.local/lib/python3.12/site-packages/airflow/example_dags/example_branch_day_of_week_operator.py
[2026-08-08T06:36:48.502+0000] {processor.py:925} INFO - DAG(s) 'example_weekday_branch_operator' retrieved from /home/airflow/.local/lib/python3.12/site-packages/airflow/example_dags/example_branch_day_of_week_operator.py
[2026-08-08T06:36:48.525+0000] {logging_mixin.py:190} INFO - [2026-08-08T06:36:48.525+0000] {dag.py:3239} INFO - Sync 1 DAGs
[2026-08-08T06:36:48.554+0000] {logging_mixin.py:190} INFO - [2026-08-08T06:36:48.554+0000] {dag.py:4180} INFO - Setting next_dagrun for example_weekday_branch_operator to 2026-08-07 00:00:00+00:00, run_after=2026-08-08 00:00:00+00:00
[2026-08-08T06:36:48.575+0000] {processor.py:208} INFO - Processing /home/airflow/.local/lib/python3.12/site-packages/airflow/example_dags/example_branch_day_of_week_operator.py took 0.093 seconds
[2026-08-08T06:37:20.047+0000] {processor.py:186} INFO - Started process (PID=1150) to work on /home/airflow/.local/lib/python3.12/site-packages/airflow/example_dags/example_branch_day_of_week_operator.py
[2026-08-08T06:37:20.048+0000] {processor.py:914} INFO - Processing file /home/airflow/.local/lib/python3.12/site-packages/airflow/example_dags/example_branch_day_of_week_operator.py for tasks to queue
[2026-08-08T06:37:20.051+0000] {logging_mixin.py:190} INFO - [2026-08-08T06:37:20.051+0000] {dagbag.py:588} INFO - Filling up the DagBag from /home/airflow/.local/lib/python3.12/site-packages/airflow/example_dags/example_branch_day_of_week_operator.py
[2026-08-08T06:37:20.063+0000] {processor.py:925} INFO - DAG(s) 'example_weekday_branch_operator' retrieved from /home/airflow/.local/lib/python3.12/site-packages/airflow/example_dags/example_branch_day_of_week_operator.py
[2026-08-08T06:37:20.085+0000] {logging_mixin.py:190} INFO - [2026-08-08T06:37:20.085+0000] {dag.py:3239} INFO - Sync 1 DAGs
[2026-08-08T06:37:20.110+0000] {logging_mixin.py:190} INFO - [2026-08-08T06:37:20.110+0000] {dag.py:4180} INFO - Setting next_dagrun for example_weekday_branch_operator to 2026-08-07 00:00:00+00:00, run_after=2026-08-08 00:00:00+00:00
[2026-08-08T06:37:20.133+0000] {processor.py:208} INFO - Processing /home/airflow/.local/lib/python3.12/site-packages/airflow/example_dags/example_branch_day_of_week_operator.py took 0.093 seconds
[2026-08-08T06:37:51.267+0000] {processor.py:186} INFO - Started process (PID=1215) to work on /home/airflow/.local/lib/python3.12/site-packages/airflow/example_dags/example_branch_day_of_week_operator.py
[2026-08-08T06:37:51.268+0000] {processor.py:914} INFO - Processing file /home/airflow/.local/lib/python3.12/site-packages/airflow/example_dags/example_branch_day_of_week_operator.py for tasks to queue
[2026-08-08T06:37:51.271+0000] {logging_mixin.py:190} INFO - [2026-08-08T06:37:51.271+0000] {dagbag.py:588} INFO - Filling up the DagBag from /home/airflow/.local/lib/python3.12/site-packages/airflow/example_dags/example_branch_day_of_week_operator.py
[2026-08-08T06:37:51.282+0000] {processor.py:925} INFO - DAG(s) 'example_weekday_branch_operator' retrieved from /home/airflow/.local/lib/python3.12/site-packages/airflow/example_dags/example_branch_day_of_week_operator.py
[2026-08-08T06:37:51.303+0000] {logging_mixin.py:190} INFO - [2026-08-08T06:37:51.303+0000] {dag.py:3239} INFO - Sync 1 DAGs
[2026-08-08T06:37:51.334+0000] {logging_mixin.py:190} INFO - [2026-08-08T06:37:51.333+0000] {dag.py:4180} INFO - Setting next_dagrun for example_weekday_branch_operator to 2026-08-07 00:00:00+00:00, run_after=2026-08-08 00:00:00+00:00
[2026-08-08T06:37:51.356+0000] {processor.py:208} INFO - Processing /home/airflow/.local/lib/python3.12/site-packages/airflow/example_dags/example_branch_day_of_week_operator.py took 0.096 seconds
[2026-08-08T06:38:22.794+0000] {processor.py:186} INFO - Started process (PID=1280) to work on /home/airflow/.local/lib/python3.12/site-packages/airflow/example_dags/example_branch_day_of_week_operator.py
[2026-08-08T06:38:22.795+0000] {processor.py:914} INFO - Processing file /home/airflow/.local/lib/python3.12/site-packages/airflow/example_dags/example_branch_day_of_week_operator.py for tasks to queue
[2026-08-08T06:38:22.800+0000] {logging_mixin.py:190} INFO - [2026-08-08T06:38:22.799+0000] {dagbag.py:588} INFO - Filling up the DagBag from /home/airflow/.local/lib/python3.12/site-packages/airflow/example_dags/example_branch_day_of_week_operator.py
[2026-08-08T06:38:22.813+0000] {processor.py:925} INFO - DAG(s) 'example_weekday_branch_operator' retrieved from /home/airflow/.local/lib/python3.12/site-packages/airflow/example_dags/example_branch_day_of_week_operator.py
[2026-08-08T06:38:22.835+0000] {logging_mixin.py:190} INFO - [2026-08-08T06:38:22.835+0000] {dag.py:3239} INFO - Sync 1 DAGs
[2026-08-08T06:38:22.863+0000] {logging_mixin.py:190} INFO - [2026-08-08T06:38:22.863+0000] {dag.py:4180} INFO - Setting next_dagrun for example_weekday_branch_operator to 2026-08-07 00:00:00+00:00, run_after=2026-08-08 00:00:00+00:00
[2026-08-08T06:38:22.886+0000] {processor.py:208} INFO - Processing /home/airflow/.local/lib/python3.12/site-packages/airflow/example_dags/example_branch_day_of_week_operator.py took 0.101 seconds
[2026-08-08T06:38:54.097+0000] {processor.py:186} INFO - Started process (PID=1345) to work on /home/airflow/.local/lib/python3.12/site-packages/airflow/example_dags/example_branch_day_of_week_operator.py
[2026-08-08T06:38:54.099+0000] {processor.py:914} INFO - Processing file /home/airflow/.local/lib/python3.12/site-packages/airflow/example_dags/example_branch_day_of_week_operator.py for tasks to queue
[2026-08-08T06:38:54.101+0000] {logging_mixin.py:190} INFO - [2026-08-08T06:38:54.101+0000] {dagbag.py:588} INFO - Filling up the DagBag from /home/airflow/.local/lib/python3.12/site-packages/airflow/example_dags/example_branch_day_of_week_operator.py
[2026-08-08T06:38:54.112+0000] {processor.py:925} INFO - DAG(s) 'example_weekday_branch_operator' retrieved from /home/airflow/.local/lib/python3.12/site-packages/airflow/example_dags/example_branch_day_of_week_operator.py
[2026-08-08T06:38:54.136+0000] {logging_mixin.py:190} INFO - [2026-08-08T06:38:54.135+0000] {dag.py:3239} INFO - Sync 1 DAGs
[2026-08-08T06:38:54.161+0000] {logging_mixin.py:190} INFO - [2026-08-08T06:38:54.161+0000] {dag.py:4180} INFO - Setting next_dagrun for example_weekday_branch_operator to 2026-08-07 00:00:00+00:00, run_after=2026-08-08 00:00:00+00:00
[2026-08-08T06:38:54.182+0000] {processor.py:208} INFO - Processing /home/airflow/.local/lib/python3.12/site-packages/airflow/example_dags/example_branch_day_of_week_operator.py took 0.090 seconds
[2026-08-08T06:39:25.146+0000] {processor.py:186} INFO - Started process (PID=1410) to work on /home/airflow/.local/lib/python3.12/site-packages/airflow/example_dags/example_branch_day_of_week_operator.py
[2026-08-08T06:39:25.147+0000] {processor.py:914} INFO - Processing file /home/airflow/.local/lib/python3.12/site-packages/airflow/example_dags/example_branch_day_of_week_operator.py for tasks to queue
[2026-08-08T06:39:25.151+0000] {logging_mixin.py:190} INFO - [2026-08-08T06:39:25.150+0000] {dagbag.py:588} INFO - Filling up the DagBag from /home/airflow/.local/lib/python3.12/site-packages/airflow/example_dags/example_branch_day_of_week_operator.py
[2026-08-08T06:39:25.161+0000] {processor.py:925} INFO - DAG(s) 'example_weekday_branch_operator' retrieved from /home/airflow/.local/lib/python3.12/site-packages/airflow/example_dags/example_branch_day_of_week_operator.py
[2026-08-08T06:39:25.180+0000] {logging_mixin.py:190} INFO - [2026-08-08T06:39:25.180+0000] {dag.py:3239} INFO - Sync 1 DAGs
[2026-08-08T06:39:25.207+0000] {logging_mixin.py:190} INFO - [2026-08-08T06:39:25.207+0000] {dag.py:4180} INFO - Setting next_dagrun for example_weekday_branch_operator to 2026-08-07 00:00:00+00:00, run_after=2026-08-08 00:00:00+00:00
[2026-08-08T06:39:25.226+0000] {processor.py:208} INFO - Processing /home/airflow/.local/lib/python3.12/site-packages/airflow/example_dags/example_branch_day_of_week_operator.py took 0.086 seconds
[2026-08-08T06:39:56.255+0000] {processor.py:186} INFO - Started process (PID=1481) to work on /home/airflow/.local/lib/python3.12/site-packages/airflow/example_dags/example_branch_day_of_week_operator.py
[2026-08-08T06:39:56.256+0000] {processor.py:914} INFO - Processing file /home/airflow/.local/lib/python3.12/site-packages/airflow/example_dags/example_branch_day_of_week_operator.py for tasks to queue
[2026-08-08T06:39:56.259+0000] {logging_mixin.py:190} INFO - [2026-08-08T06:39:56.258+0000] {dagbag.py:588} INFO - Filling up the DagBag from /home/airflow/.local/lib/python3.12/site-packages/airflow/example_dags/example_branch_day_of_week_operator.py
[2026-08-08T06:39:56.270+0000] {processor.py:925} INFO - DAG(s) 'example_weekday_branch_operator' retrieved from /home/airflow/.local/lib/python3.12/site-packages/airflow/example_dags/example_branch_day_of_week_operator.py
[2026-08-08T06:39:56.292+0000] {logging_mixin.py:190} INFO - [2026-08-08T06:39:56.292+0000] {dag.py:3239} INFO - Sync 1 DAGs
[2026-08-08T06:39:56.333+0000] {logging_mixin.py:190} INFO - [2026-08-08T06:39:56.333+0000] {dag.py:4180} INFO - Setting next_dagrun for example_weekday_branch_operator to 2026-08-07 00:00:00+00:00, run_after=2026-08-08 00:00:00+00:00
[2026-08-08T06:39:56.381+0000] {processor.py:208} INFO - Processing /home/airflow/.local/lib/python3.12/site-packages/airflow/example_dags/example_branch_day_of_week_operator.py took 0.132 seconds
[2026-08-08T06:40:27.824+0000] {processor.py:186} INFO - Started process (PID=1546) to work on /home/airflow/.local/lib/python3.12/site-packages/airflow/example_dags/example_branch_day_of_week_operator.py
[2026-08-08T06:40:27.825+0000] {processor.py:914} INFO - Processing file /home/airflow/.local/lib/python3.12/site-packages/airflow/example_dags/example_branch_day_of_week_operator.py for tasks to queue
[2026-08-08T06:40:27.827+0000] {logging_mixin.py:190} INFO - [2026-08-08T06:40:27.827+0000] {dagbag.py:588} INFO - Filling up the DagBag from /home/airflow/.local/lib/python3.12/site-packages/airflow/example_dags/example_branch_day_of_week_operator.py
[2026-08-08T06:40:27.838+0000] {processor.py:925} INFO - DAG(s) 'example_weekday_branch_operator' retrieved from /home/airflow/.local/lib/python3.12/site-packages/airflow/example_dags/example_branch_day_of_week_operator.py
[2026-08-08T06:40:27.858+0000] {logging_mixin.py:190} INFO - [2026-08-08T06:40:27.858+0000] {dag.py:3239} INFO - Sync 1 DAGs
[2026-08-08T06:40:27.884+0000] {logging_mixin.py:190} INFO - [2026-08-08T06:40:27.884+0000] {dag.py:4180} INFO - Setting next_dagrun for example_weekday_branch_operator to 2026-08-07 00:00:00+00:00, run_after=2026-08-08 00:00:00+00:00
[2026-08-08T06:40:27.906+0000] {processor.py:208} INFO - Processing /home/airflow/.local/lib/python3.12/site-packages/airflow/example_dags/example_branch_day_of_week_operator.py took 0.089 seconds
[2026-08-08T06:40:59.305+0000] {processor.py:186} INFO - Started process (PID=1611) to work on /home/airflow/.local/lib/python3.12/site-packages/airflow/example_dags/example_branch_day_of_week_operator.py
[2026-08-08T06:40:59.307+0000] {processor.py:914} INFO - Processing file /home/airflow/.local/lib/python3.12/site-packages/airflow/example_dags/example_branch_day_of_week_operator.py for tasks to queue
[2026-08-08T06:40:59.310+0000] {logging_mixin.py:190} INFO - [2026-08-08T06:40:59.309+0000] {dagbag.py:588} INFO - Filling up the DagBag from /home/airflow/.local/lib/python3.12/site-packages/airflow/example_dags/example_branch_day_of_week_operator.py
[2026-08-08T06:40:59.324+0000] {processor.py:925} INFO - DAG(s) 'example_weekday_branch_operator' retrieved from /home/airflow/.local/lib/python3.12/site-packages/airflow/example_dags/example_branch_day_of_week_operator.py
[2026-08-08T06:40:59.350+0000] {logging_mixin.py:190} INFO - [2026-08-08T06:40:59.350+0000] {dag.py:3239} INFO - Sync 1 DAGs
[2026-08-08T06:40:59.378+0000] {logging_mixin.py:190} INFO - [2026-08-08T06:40:59.378+0000] {dag.py:4180} INFO - Setting next_dagrun for example_weekday_branch_operator to 2026-08-07 00:00:00+00:00, run_after=2026-08-08 00:00:00+00:00
[2026-08-08T06:40:59.399+0000] {processor.py:208} INFO - Processing /home/airflow/.local/lib/python3.12/site-packages/airflow/example_dags/example_branch_day_of_week_operator.py took 0.100 seconds
[2026-08-08T06:41:30.446+0000] {processor.py:186} INFO - Started process (PID=1676) to work on /home/airflow/.local/lib/python3.12/site-packages/airflow/example_dags/example_branch_day_of_week_operator.py
[2026-08-08T06:41:30.447+0000] {processor.py:914} INFO - Processing file /home/airflow/.local/lib/python3.12/site-packages/airflow/example_dags/example_branch_day_of_week_operator.py for tasks to queue
[2026-08-08T06:41:30.450+0000] {logging_mixin.py:190} INFO - [2026-08-08T06:41:30.450+0000] {dagbag.py:588} INFO - Filling up the DagBag from /home/airflow/.local/lib/python3.12/site-packages/airflow/example_dags/example_branch_day_of_week_operator.py
[2026-08-08T06:41:30.461+0000] {processor.py:925} INFO - DAG(s) 'example_weekday_branch_operator' retrieved from /home/airflow/.local/lib/python3.12/site-packages/airflow/example_dags/example_branch_day_of_week_operator.py
[2026-08-08T06:41:30.485+0000] {logging_mixin.py:190} INFO - [2026-08-08T06:41:30.485+0000] {dag.py:3239} INFO - Sync 1 DAGs
[2026-08-08T06:41:30.518+0000] {logging_mixin.py:190} INFO - [2026-08-08T06:41:30.517+0000] {dag.py:4180} INFO - Setting next_dagrun for example_weekday_branch_operator to 2026-08-07 00:00:00+00:00, run_after=2026-08-08 00:00:00+00:00
[2026-08-08T06:41:30.541+0000] {processor.py:208} INFO - Processing /home/airflow/.local/lib/python3.12/site-packages/airflow/example_dags/example_branch_day_of_week_operator.py took 0.101 seconds
[2026-08-08T06:42:01.764+0000] {processor.py:186} INFO - Started process (PID=1741) to work on /home/airflow/.local/lib/python3.12/site-packages/airflow/example_dags/example_branch_day_of_week_operator.py
[2026-08-08T06:42:01.765+0000] {processor.py:914} INFO - Processing file /home/airflow/.local/lib/python3.12/site-packages/airflow/example_dags/example_branch_day_of_week_operator.py for tasks to queue
[2026-08-08T06:42:01.769+0000] {logging_mixin.py:190} INFO - [2026-08-08T06:42:01.768+0000] {dagbag.py:588} INFO - Filling up the DagBag from /home/airflow/.local/lib/python3.12/site-packages/airflow/example_dags/example_branch_day_of_week_operator.py
[2026-08-08T06:42:01.782+0000] {processor.py:925} INFO - DAG(s) 'example_weekday_branch_operator' retrieved from /home/airflow/.local/lib/python3.12/site-packages/airflow/example_dags/example_branch_day_of_week_operator.py
[2026-08-08T06:42:01.811+0000] {logging_mixin.py:190} INFO - [2026-08-08T06:42:01.811+0000] {dag.py:3239} INFO - Sync 1 DAGs
[2026-08-08T06:42:01.841+0000] {logging_mixin.py:190} INFO - [2026-08-08T06:42:01.841+0000] {dag.py:4180} INFO - Setting next_dagrun for example_weekday_branch_operator to 2026-08-07 00:00:00+00:00, run_after=2026-08-08 00:00:00+00:00
[2026-08-08T06:42:01.862+0000] {processor.py:208} INFO - Processing /home/airflow/.local/lib/python3.12/site-packages/airflow/example_dags/example_branch_day_of_week_operator.py took 0.105 seconds
[2026-08-08T06:42:33.798+0000] {processor.py:186} INFO - Started process (PID=1806) to work on /home/airflow/.local/lib/python3.12/site-packages/airflow/example_dags/example_branch_day_of_week_operator.py
[2026-08-08T06:42:33.800+0000] {processor.py:914} INFO - Processing file /home/airflow/.local/lib/python3.12/site-packages/airflow/example_dags/example_branch_day_of_week_operator.py for tasks to queue
[2026-08-08T06:42:33.802+0000] {logging_mixin.py:190} INFO - [2026-08-08T06:42:33.802+0000] {dagbag.py:588} INFO - Filling up the DagBag from /home/airflow/.local/lib/python3.12/site-packages/airflow/example_dags/example_branch_day_of_week_operator.py
[2026-08-08T06:42:33.816+0000] {processor.py:925} INFO - DAG(s) 'example_weekday_branch_operator' retrieved from /home/airflow/.local/lib/python3.12/site-packages/airflow/example_dags/example_branch_day_of_week_operator.py
[2026-08-08T06:42:33.843+0000] {logging_mixin.py:190} INFO - [2026-08-08T06:42:33.843+0000] {dag.py:3239} INFO - Sync 1 DAGs
[2026-08-08T06:42:33.878+0000] {logging_mixin.py:190} INFO - [2026-08-08T06:42:33.877+0000] {dag.py:4180} INFO - Setting next_dagrun for example_weekday_branch_operator to 2026-08-07 00:00:00+00:00, run_after=2026-08-08 00:00:00+00:00
[2026-08-08T06:42:33.899+0000] {processor.py:208} INFO - Processing /home/airflow/.local/lib/python3.12/site-packages/airflow/example_dags/example_branch_day_of_week_operator.py took 0.108 seconds
[2026-08-08T06:43:04.878+0000] {processor.py:186} INFO - Started process (PID=1871) to work on /home/airflow/.local/lib/python3.12/site-packages/airflow/example_dags/example_branch_day_of_week_operator.py
[2026-08-08T06:43:04.879+0000] {processor.py:914} INFO - Processing file /home/airflow/.local/lib/python3.12/site-packages/airflow/example_dags/example_branch_day_of_week_operator.py for tasks to queue
[2026-08-08T06:43:04.883+0000] {logging_mixin.py:190} INFO - [2026-08-08T06:43:04.882+0000] {dagbag.py:588} INFO - Filling up the DagBag from /home/airflow/.local/lib/python3.12/site-packages/airflow/example_dags/example_branch_day_of_week_operator.py
[2026-08-08T06:43:04.896+0000] {processor.py:925} INFO - DAG(s) 'example_weekday_branch_operator' retrieved from /home/airflow/.local/lib/python3.12/site-packages/airflow/example_dags/example_branch_day_of_week_operator.py
[2026-08-08T06:43:04.923+0000] {logging_mixin.py:190} INFO - [2026-08-08T06:43:04.922+0000] {dag.py:3239} INFO - Sync 1 DAGs
[2026-08-08T06:43:04.967+0000] {logging_mixin.py:190} INFO - [2026-08-08T06:43:04.966+0000] {dag.py:4180} INFO - Setting next_dagrun for example_weekday_branch_operator to 2026-08-07 00:00:00+00:00, run_after=2026-08-08 00:00:00+00:00
[2026-08-08T06:43:04.989+0000] {processor.py:208} INFO - Processing /home/airflow/.local/lib/python3.12/site-packages/airflow/example_dags/example_branch_day_of_week_operator.py took 0.120 seconds
[2026-08-08T06:43:36.102+0000] {processor.py:186} INFO - Started process (PID=1936) to work on /home/airflow/.local/lib/python3.12/site-packages/airflow/example_dags/example_branch_day_of_week_operator.py
[2026-08-08T06:43:36.104+0000] {processor.py:914} INFO - Processing file /home/airflow/.local/lib/python3.12/site-packages/airflow/example_dags/example_branch_day_of_week_operator.py for tasks to queue
[2026-08-08T06:43:36.106+0000] {logging_mixin.py:190} INFO - [2026-08-08T06:43:36.106+0000] {dagbag.py:588} INFO - Filling up the DagBag from /home/airflow/.local/lib/python3.12/site-packages/airflow/example_dags/example_branch_day_of_week_operator.py
[2026-08-08T06:43:36.117+0000] {processor.py:925} INFO - DAG(s) 'example_weekday_branch_operator' retrieved from /home/airflow/.local/lib/python3.12/site-packages/airflow/example_dags/example_branch_day_of_week_operator.py
[2026-08-08T06:43:36.138+0000] {logging_mixin.py:190} INFO - [2026-08-08T06:43:36.138+0000] {dag.py:3239} INFO - Sync 1 DAGs
[2026-08-08T06:43:36.164+0000] {logging_mixin.py:190} INFO - [2026-08-08T06:43:36.163+0000] {dag.py:4180} INFO - Setting next_dagrun for example_weekday_branch_operator to 2026-08-07 00:00:00+00:00, run_after=2026-08-08 00:00:00+00:00
[2026-08-08T06:43:36.183+0000] {processor.py:208} INFO - Processing /home/airflow/.local/lib/python3.12/site-packages/airflow/example_dags/example_branch_day_of_week_operator.py took 0.087 seconds
[2026-08-08T06:44:07.165+0000] {processor.py:186} INFO - Started process (PID=2001) to work on /home/airflow/.local/lib/python3.12/site-packages/airflow/example_dags/example_branch_day_of_week_operator.py
[2026-08-08T06:44:07.166+0000] {processor.py:914} INFO - Processing file /home/airflow/.local/lib/python3.12/site-packages/airflow/example_dags/example_branch_day_of_week_operator.py for tasks to queue
[2026-08-08T06:44:07.168+0000] {logging_mixin.py:190} INFO - [2026-08-08T06:44:07.168+0000] {dagbag.py:588} INFO - Filling up the DagBag from /home/airflow/.local/lib/python3.12/site-packages/airflow/example_dags/example_branch_day_of_week_operator.py
[2026-08-08T06:44:07.179+0000] {processor.py:925} INFO - DAG(s) 'example_weekday_branch_operator' retrieved from /home/airflow/.local/lib/python3.12/site-packages/airflow/example_dags/example_branch_day_of_week_operator.py
[2026-08-08T06:44:07.202+0000] {logging_mixin.py:190} INFO - [2026-08-08T06:44:07.202+0000] {dag.py:3239} INFO - Sync 1 DAGs
[2026-08-08T06:44:07.229+0000] {logging_mixin.py:190} INFO - [2026-08-08T06:44:07.229+0000] {dag.py:4180} INFO - Setting next_dagrun for example_weekday_branch_operator to 2026-08-07 00:00:00+00:00, run_after=2026-08-08 00:00:00+00:00
[2026-08-08T06:44:07.251+0000] {processor.py:208} INFO - Processing /home/airflow/.local/lib/python3.12/site-packages/airflow/example_dags/example_branch_day_of_week_operator.py took 0.093 seconds
[2026-08-08T06:44:39.406+0000] {processor.py:186} INFO - Started process (PID=2078) to work on /home/airflow/.local/lib/python3.12/site-packages/airflow/example_dags/example_branch_day_of_week_operator.py
[2026-08-08T06:44:39.408+0000] {processor.py:914} INFO - Processing file /home/airflow/.local/lib/python3.12/site-packages/airflow/example_dags/example_branch_day_of_week_operator.py for tasks to queue
[2026-08-08T06:44:39.411+0000] {logging_mixin.py:190} INFO - [2026-08-08T06:44:39.410+0000] {dagbag.py:588} INFO - Filling up the DagBag from /home/airflow/.local/lib/python3.12/site-packages/airflow/example_dags/example_branch_day_of_week_operator.py
[2026-08-08T06:44:39.422+0000] {processor.py:925} INFO - DAG(s) 'example_weekday_branch_operator' retrieved from /home/airflow/.local/lib/python3.12/site-packages/airflow/example_dags/example_branch_day_of_week_operator.py
[2026-08-08T06:44:39.442+0000] {logging_mixin.py:190} INFO - [2026-08-08T06:44:39.442+0000] {dag.py:3239} INFO - Sync 1 DAGs
[2026-08-08T06:44:39.470+0000] {logging_mixin.py:190} INFO - [2026-08-08T06:44:39.470+0000] {dag.py:4180} INFO - Setting next_dagrun for example_weekday_branch_operator to 2026-08-07 00:00:00+00:00, run_after=2026-08-08 00:00:00+00:00
[2026-08-08T06:44:39.489+0000] {processor.py:208} INFO - Processing /home/airflow/.local/lib/python3.12/site-packages/airflow/example_dags/example_branch_day_of_week_operator.py took 0.089 seconds
[2026-08-08T06:45:10.734+0000] {processor.py:186} INFO - Started process (PID=2147) to work on /home/airflow/.local/lib/python3.12/site-packages/airflow/example_dags/example_branch_day_of_week_operator.py
[2026-08-08T06:45:10.736+0000] {processor.py:914} INFO - Processing file /home/airflow/.local/lib/python3.12/site-packages/airflow/example_dags/example_branch_day_of_week_operator.py for tasks to queue
[2026-08-08T06:45:10.739+0000] {logging_mixin.py:190} INFO - [2026-08-08T06:45:10.739+0000] {dagbag.py:588} INFO - Filling up the DagBag from /home/airflow/.local/lib/python3.12/site-packages/airflow/example_dags/example_branch_day_of_week_operator.py
[2026-08-08T06:45:10.752+0000] {processor.py:925} INFO - DAG(s) 'example_weekday_branch_operator' retrieved from /home/airflow/.local/lib/python3.12/site-packages/airflow/example_dags/example_branch_day_of_week_operator.py
[2026-08-08T06:45:10.775+0000] {logging_mixin.py:190} INFO - [2026-08-08T06:45:10.775+0000] {dag.py:3239} INFO - Sync 1 DAGs
[2026-08-08T06:45:10.804+0000] {logging_mixin.py:190} INFO - [2026-08-08T06:45:10.804+0000] {dag.py:4180} INFO - Setting next_dagrun for example_weekday_branch_operator to 2026-08-07 00:00:00+00:00, run_after=2026-08-08 00:00:00+00:00
[2026-08-08T06:45:10.826+0000] {processor.py:208} INFO - Processing /home/airflow/.local/lib/python3.12/site-packages/airflow/example_dags/example_branch_day_of_week_operator.py took 0.100 seconds
[2026-08-08T06:45:41.694+0000] {processor.py:186} INFO - Started process (PID=2212) to work on /home/airflow/.local/lib/python3.12/site-packages/airflow/example_dags/example_branch_day_of_week_operator.py
[2026-08-08T06:45:41.733+0000] {processor.py:914} INFO - Processing file /home/airflow/.local/lib/python3.12/site-packages/airflow/example_dags/example_branch_day_of_week_operator.py for tasks to queue
[2026-08-08T06:45:41.739+0000] {logging_mixin.py:190} INFO - [2026-08-08T06:45:41.738+0000] {dagbag.py:588} INFO - Filling up the DagBag from /home/airflow/.local/lib/python3.12/site-packages/airflow/example_dags/example_branch_day_of_week_operator.py
[2026-08-08T06:45:41.758+0000] {processor.py:925} INFO - DAG(s) 'example_weekday_branch_operator' retrieved from /home/airflow/.local/lib/python3.12/site-packages/airflow/example_dags/example_branch_day_of_week_operator.py
[2026-08-08T06:45:41.781+0000] {logging_mixin.py:190} INFO - [2026-08-08T06:45:41.780+0000] {dag.py:3239} INFO - Sync 1 DAGs
[2026-08-08T06:45:41.808+0000] {logging_mixin.py:190} INFO - [2026-08-08T06:45:41.808+0000] {dag.py:4180} INFO - Setting next_dagrun for example_weekday_branch_operator to 2026-08-07 00:00:00+00:00, run_after=2026-08-08 00:00:00+00:00
[2026-08-08T06:45:41.830+0000] {processor.py:208} INFO - Processing /home/airflow/.local/lib/python3.12/site-packages/airflow/example_dags/example_branch_day_of_week_operator.py took 0.147 seconds
[2026-08-08T06:46:13.205+0000] {processor.py:186} INFO - Started process (PID=2277) to work on /home/airflow/.local/lib/python3.12/site-packages/airflow/example_dags/example_branch_day_of_week_operator.py
[2026-08-08T06:46:13.206+0000] {processor.py:914} INFO - Processing file /home/airflow/.local/lib/python3.12/site-packages/airflow/example_dags/example_branch_day_of_week_operator.py for tasks to queue
[2026-08-08T06:46:13.209+0000] {logging_mixin.py:190} INFO - [2026-08-08T06:46:13.209+0000] {dagbag.py:588} INFO - Filling up the DagBag from /home/airflow/.local/lib/python3.12/site-packages/airflow/example_dags/example_branch_day_of_week_operator.py
[2026-08-08T06:46:13.221+0000] {processor.py:925} INFO - DAG(s) 'example_weekday_branch_operator' retrieved from /home/airflow/.local/lib/python3.12/site-packages/airflow/example_dags/example_branch_day_of_week_operator.py
[2026-08-08T06:46:13.242+0000] {logging_mixin.py:190} INFO - [2026-08-08T06:46:13.241+0000] {dag.py:3239} INFO - Sync 1 DAGs
[2026-08-08T06:46:13.269+0000] {logging_mixin.py:190} INFO - [2026-08-08T06:46:13.269+0000] {dag.py:4180} INFO - Setting next_dagrun for example_weekday_branch_operator to 2026-08-07 00:00:00+00:00, run_after=2026-08-08 00:00:00+00:00
[2026-08-08T06:46:13.290+0000] {processor.py:208} INFO - Processing /home/airflow/.local/lib/python3.12/site-packages/airflow/example_dags/example_branch_day_of_week_operator.py took 0.092 seconds
[2026-08-08T06:46:44.687+0000] {processor.py:186} INFO - Started process (PID=2343) to work on /home/airflow/.local/lib/python3.12/site-packages/airflow/example_dags/example_branch_day_of_week_operator.py
[2026-08-08T06:46:44.688+0000] {processor.py:914} INFO - Processing file /home/airflow/.local/lib/python3.12/site-packages/airflow/example_dags/example_branch_day_of_week_operator.py for tasks to queue
[2026-08-08T06:46:44.691+0000] {logging_mixin.py:190} INFO - [2026-08-08T06:46:44.691+0000] {dagbag.py:588} INFO - Filling up the DagBag from /home/airflow/.local/lib/python3.12/site-packages/airflow/example_dags/example_branch_day_of_week_operator.py
[2026-08-08T06:46:44.702+0000] {processor.py:925} INFO - DAG(s) 'example_weekday_branch_operator' retrieved from /home/airflow/.local/lib/python3.12/site-packages/airflow/example_dags/example_branch_day_of_week_operator.py
[2026-08-08T06:46:44.725+0000] {logging_mixin.py:190} INFO - [2026-08-08T06:46:44.725+0000] {dag.py:3239} INFO - Sync 1 DAGs
[2026-08-08T06:46:44.752+0000] {logging_mixin.py:190} INFO - [2026-08-08T06:46:44.752+0000] {dag.py:4180} INFO - Setting next_dagrun for example_weekday_branch_operator to 2026-08-07 00:00:00+00:00, run_after=2026-08-08 00:00:00+00:00
[2026-08-08T06:46:44.772+0000] {processor.py:208} INFO - Processing /home/airflow/.local/lib/python3.12/site-packages/airflow/example_dags/example_branch_day_of_week_operator.py took 0.092 seconds
[2026-08-08T06:47:16.595+0000] {processor.py:186} INFO - Started process (PID=2413) to work on /home/airflow/.local/lib/python3.12/site-packages/airflow/example_dags/example_branch_day_of_week_operator.py
[2026-08-08T06:47:16.596+0000] {processor.py:914} INFO - Processing file /home/airflow/.local/lib/python3.12/site-packages/airflow/example_dags/example_branch_day_of_week_operator.py for tasks to queue
[2026-08-08T06:47:16.599+0000] {logging_mixin.py:190} INFO - [2026-08-08T06:47:16.599+0000] {dagbag.py:588} INFO - Filling up the DagBag from /home/airflow/.local/lib/python3.12/site-packages/airflow/example_dags/example_branch_day_of_week_operator.py
[2026-08-08T06:47:16.611+0000] {processor.py:925} INFO - DAG(s) 'example_weekday_branch_operator' retrieved from /home/airflow/.local/lib/python3.12/site-packages/airflow/example_dags/example_branch_day_of_week_operator.py
[2026-08-08T06:47:16.633+0000] {logging_mixin.py:190} INFO - [2026-08-08T06:47:16.632+0000] {dag.py:3239} INFO - Sync 1 DAGs
[2026-08-08T06:47:16.662+0000] {logging_mixin.py:190} INFO - [2026-08-08T06:47:16.662+0000] {dag.py:4180} INFO - Setting next_dagrun for example_weekday_branch_operator to 2026-08-07 00:00:00+00:00, run_after=2026-08-08 00:00:00+00:00
[2026-08-08T06:47:16.686+0000] {processor.py:208} INFO - Processing /home/airflow/.local/lib/python3.12/site-packages/airflow/example_dags/example_branch_day_of_week_operator.py took 0.097 seconds
[2026-08-08T06:47:47.308+0000] {processor.py:186} INFO - Started process (PID=2478) to work on /home/airflow/.local/lib/python3.12/site-packages/airflow/example_dags/example_branch_day_of_week_operator.py
[2026-08-08T06:47:47.309+0000] {processor.py:914} INFO - Processing file /home/airflow/.local/lib/python3.12/site-packages/airflow/example_dags/example_branch_day_of_week_operator.py for tasks to queue
[2026-08-08T06:47:47.312+0000] {logging_mixin.py:190} INFO - [2026-08-08T06:47:47.312+0000] {dagbag.py:588} INFO - Filling up the DagBag from /home/airflow/.local/lib/python3.12/site-packages/airflow/example_dags/example_branch_day_of_week_operator.py
[2026-08-08T06:47:47.322+0000] {processor.py:925} INFO - DAG(s) 'example_weekday_branch_operator' retrieved from /home/airflow/.local/lib/python3.12/site-packages/airflow/example_dags/example_branch_day_of_week_operator.py
[2026-08-08T06:47:47.343+0000] {logging_mixin.py:190} INFO - [2026-08-08T06:47:47.342+0000] {dag.py:3239} INFO - Sync 1 DAGs
[2026-08-08T06:47:47.371+0000] {logging_mixin.py:190} INFO - [2026-08-08T06:47:47.371+0000] {dag.py:4180} INFO - Setting next_dagrun for example_weekday_branch_operator to 2026-08-07 00:00:00+00:00, run_after=2026-08-08 00:00:00+00:00
[2026-08-08T06:47:47.390+0000] {processor.py:208} INFO - Processing /home/airflow/.local/lib/python3.12/site-packages/airflow/example_dags/example_branch_day_of_week_operator.py took 0.088 seconds
[2026-08-08T06:48:18.845+0000] {processor.py:186} INFO - Started process (PID=2543) to work on /home/airflow/.local/lib/python3.12/site-packages/airflow/example_dags/example_branch_day_of_week_operator.py
[2026-08-08T06:48:18.846+0000] {processor.py:914} INFO - Processing file /home/airflow/.local/lib/python3.12/site-packages/airflow/example_dags/example_branch_day_of_week_operator.py for tasks to queue
[2026-08-08T06:48:18.849+0000] {logging_mixin.py:190} INFO - [2026-08-08T06:48:18.849+0000] {dagbag.py:588} INFO - Filling up the DagBag from /home/airflow/.local/lib/python3.12/site-packages/airflow/example_dags/example_branch_day_of_week_operator.py
[2026-08-08T06:48:18.860+0000] {processor.py:925} INFO - DAG(s) 'example_weekday_branch_operator' retrieved from /home/airflow/.local/lib/python3.12/site-packages/airflow/example_dags/example_branch_day_of_week_operator.py
[2026-08-08T06:48:18.882+0000] {logging_mixin.py:190} INFO - [2026-08-08T06:48:18.881+0000] {dag.py:3239} INFO - Sync 1 DAGs
[2026-08-08T06:48:18.914+0000] {logging_mixin.py:190} INFO - [2026-08-08T06:48:18.914+0000] {dag.py:4180} INFO - Setting next_dagrun for example_weekday_branch_operator to 2026-08-07 00:00:00+00:00, run_after=2026-08-08 00:00:00+00:00
[2026-08-08T06:48:18.935+0000] {processor.py:208} INFO - Processing /home/airflow/.local/lib/python3.12/site-packages/airflow/example_dags/example_branch_day_of_week_operator.py took 0.097 seconds
[2026-08-08T06:48:49.680+0000] {processor.py:186} INFO - Started process (PID=2608) to work on /home/airflow/.local/lib/python3.12/site-packages/airflow/example_dags/example_branch_day_of_week_operator.py
[2026-08-08T06:48:49.682+0000] {processor.py:914} INFO - Processing file /home/airflow/.local/lib/python3.12/site-packages/airflow/example_dags/example_branch_day_of_week_operator.py for tasks to queue
[2026-08-08T06:48:49.685+0000] {logging_mixin.py:190} INFO - [2026-08-08T06:48:49.685+0000] {dagbag.py:588} INFO - Filling up the DagBag from /home/airflow/.local/lib/python3.12/site-packages/airflow/example_dags/example_branch_day_of_week_operator.py
[2026-08-08T06:48:49.704+0000] {processor.py:925} INFO - DAG(s) 'example_weekday_branch_operator' retrieved from /home/airflow/.local/lib/python3.12/site-packages/airflow/example_dags/example_branch_day_of_week_operator.py
[2026-08-08T06:48:49.732+0000] {logging_mixin.py:190} INFO - [2026-08-08T06:48:49.732+0000] {dag.py:3239} INFO - Sync 1 DAGs
[2026-08-08T06:48:49.764+0000] {logging_mixin.py:190} INFO - [2026-08-08T06:48:49.763+0000] {dag.py:4180} INFO - Setting next_dagrun for example_weekday_branch_operator to 2026-08-07 00:00:00+00:00, run_after=2026-08-08 00:00:00+00:00
[2026-08-08T06:48:49.785+0000] {processor.py:208} INFO - Processing /home/airflow/.local/lib/python3.12/site-packages/airflow/example_dags/example_branch_day_of_week_operator.py took 0.112 seconds
[2026-08-08T06:49:20.735+0000] {processor.py:186} INFO - Started process (PID=2673) to work on /home/airflow/.local/lib/python3.12/site-packages/airflow/example_dags/example_branch_day_of_week_operator.py
[2026-08-08T06:49:20.737+0000] {processor.py:914} INFO - Processing file /home/airflow/.local/lib/python3.12/site-packages/airflow/example_dags/example_branch_day_of_week_operator.py for tasks to queue
[2026-08-08T06:49:20.739+0000] {logging_mixin.py:190} INFO - [2026-08-08T06:49:20.739+0000] {dagbag.py:588} INFO - Filling up the DagBag from /home/airflow/.local/lib/python3.12/site-packages/airflow/example_dags/example_branch_day_of_week_operator.py
[2026-08-08T06:49:20.750+0000] {processor.py:925} INFO - DAG(s) 'example_weekday_branch_operator' retrieved from /home/airflow/.local/lib/python3.12/site-packages/airflow/example_dags/example_branch_day_of_week_operator.py
[2026-08-08T06:49:20.773+0000] {logging_mixin.py:190} INFO - [2026-08-08T06:49:20.772+0000] {dag.py:3239} INFO - Sync 1 DAGs
[2026-08-08T06:49:20.804+0000] {logging_mixin.py:190} INFO - [2026-08-08T06:49:20.804+0000] {dag.py:4180} INFO - Setting next_dagrun for example_weekday_branch_operator to 2026-08-07 00:00:00+00:00, run_after=2026-08-08 00:00:00+00:00
[2026-08-08T06:49:20.827+0000] {processor.py:208} INFO - Processing /home/airflow/.local/lib/python3.12/site-packages/airflow/example_dags/example_branch_day_of_week_operator.py took 0.098 seconds
[2026-08-08T06:49:52.227+0000] {processor.py:186} INFO - Started process (PID=2748) to work on /home/airflow/.local/lib/python3.12/site-packages/airflow/example_dags/example_branch_day_of_week_operator.py
[2026-08-08T06:49:52.229+0000] {processor.py:914} INFO - Processing file /home/airflow/.local/lib/python3.12/site-packages/airflow/example_dags/example_branch_day_of_week_operator.py for tasks to queue
[2026-08-08T06:49:52.232+0000] {logging_mixin.py:190} INFO - [2026-08-08T06:49:52.231+0000] {dagbag.py:588} INFO - Filling up the DagBag from /home/airflow/.local/lib/python3.12/site-packages/airflow/example_dags/example_branch_day_of_week_operator.py
[2026-08-08T06:49:52.244+0000] {processor.py:925} INFO - DAG(s) 'example_weekday_branch_operator' retrieved from /home/airflow/.local/lib/python3.12/site-packages/airflow/example_dags/example_branch_day_of_week_operator.py
[2026-08-08T06:49:52.268+0000] {logging_mixin.py:190} INFO - [2026-08-08T06:49:52.268+0000] {dag.py:3239} INFO - Sync 1 DAGs
[2026-08-08T06:49:52.298+0000] {logging_mixin.py:190} INFO - [2026-08-08T06:49:52.298+0000] {dag.py:4180} INFO - Setting next_dagrun for example_weekday_branch_operator to 2026-08-07 00:00:00+00:00, run_after=2026-08-08 00:00:00+00:00
[2026-08-08T06:49:52.321+0000] {processor.py:208} INFO - Processing /home/airflow/.local/lib/python3.12/site-packages/airflow/example_dags/example_branch_day_of_week_operator.py took 0.100 seconds
[2026-08-08T06:50:23.349+0000] {processor.py:186} INFO - Started process (PID=2813) to work on /home/airflow/.local/lib/python3.12/site-packages/airflow/example_dags/example_branch_day_of_week_operator.py
[2026-08-08T06:50:23.351+0000] {processor.py:914} INFO - Processing file /home/airflow/.local/lib/python3.12/site-packages/airflow/example_dags/example_branch_day_of_week_operator.py for tasks to queue
[2026-08-08T06:50:23.354+0000] {logging_mixin.py:190} INFO - [2026-08-08T06:50:23.354+0000] {dagbag.py:588} INFO - Filling up the DagBag from /home/airflow/.local/lib/python3.12/site-packages/airflow/example_dags/example_branch_day_of_week_operator.py
[2026-08-08T06:50:23.366+0000] {processor.py:925} INFO - DAG(s) 'example_weekday_branch_operator' retrieved from /home/airflow/.local/lib/python3.12/site-packages/airflow/example_dags/example_branch_day_of_week_operator.py
[2026-08-08T06:50:23.392+0000] {logging_mixin.py:190} INFO - [2026-08-08T06:50:23.392+0000] {dag.py:3239} INFO - Sync 1 DAGs
[2026-08-08T06:50:23.422+0000] {logging_mixin.py:190} INFO - [2026-08-08T06:50:23.422+0000] {dag.py:4180} INFO - Setting next_dagrun for example_weekday_branch_operator to 2026-08-07 00:00:00+00:00, run_after=2026-08-08 00:00:00+00:00
[2026-08-08T06:50:23.446+0000] {processor.py:208} INFO - Processing /home/airflow/.local/lib/python3.12/site-packages/airflow/example_dags/example_branch_day_of_week_operator.py took 0.103 seconds
[2026-08-08T06:50:55.009+0000] {processor.py:186} INFO - Started process (PID=2878) to work on /home/airflow/.local/lib/python3.12/site-packages/airflow/example_dags/example_branch_day_of_week_operator.py
[2026-08-08T06:50:55.010+0000] {processor.py:914} INFO - Processing file /home/airflow/.local/lib/python3.12/site-packages/airflow/example_dags/example_branch_day_of_week_operator.py for tasks to queue
[2026-08-08T06:50:55.015+0000] {logging_mixin.py:190} INFO - [2026-08-08T06:50:55.014+0000] {dagbag.py:588} INFO - Filling up the DagBag from /home/airflow/.local/lib/python3.12/site-packages/airflow/example_dags/example_branch_day_of_week_operator.py
[2026-08-08T06:50:55.033+0000] {processor.py:925} INFO - DAG(s) 'example_weekday_branch_operator' retrieved from /home/airflow/.local/lib/python3.12/site-packages/airflow/example_dags/example_branch_day_of_week_operator.py
[2026-08-08T06:50:55.068+0000] {logging_mixin.py:190} INFO - [2026-08-08T06:50:55.067+0000] {dag.py:3239} INFO - Sync 1 DAGs
[2026-08-08T06:50:55.112+0000] {logging_mixin.py:190} INFO - [2026-08-08T06:50:55.112+0000] {dag.py:4180} INFO - Setting next_dagrun for example_weekday_branch_operator to 2026-08-07 00:00:00+00:00, run_after=2026-08-08 00:00:00+00:00
[2026-08-08T06:50:55.151+0000] {processor.py:208} INFO - Processing /home/airflow/.local/lib/python3.12/site-packages/airflow/example_dags/example_branch_day_of_week_operator.py took 0.153 seconds
[2026-08-08T06:54:11.930+0000] {processor.py:186} INFO - Started process (PID=111) to work on /home/airflow/.local/lib/python3.12/site-packages/airflow/example_dags/example_branch_day_of_week_operator.py
[2026-08-08T06:54:11.934+0000] {processor.py:914} INFO - Processing file /home/airflow/.local/lib/python3.12/site-packages/airflow/example_dags/example_branch_day_of_week_operator.py for tasks to queue
[2026-08-08T06:54:11.945+0000] {logging_mixin.py:190} INFO - [2026-08-08T06:54:11.944+0000] {dagbag.py:588} INFO - Filling up the DagBag from /home/airflow/.local/lib/python3.12/site-packages/airflow/example_dags/example_branch_day_of_week_operator.py
[2026-08-08T06:54:11.982+0000] {processor.py:925} INFO - DAG(s) 'example_weekday_branch_operator' retrieved from /home/airflow/.local/lib/python3.12/site-packages/airflow/example_dags/example_branch_day_of_week_operator.py
[2026-08-08T06:54:12.152+0000] {logging_mixin.py:190} INFO - [2026-08-08T06:54:12.150+0000] {override.py:1912} INFO - Created Permission View: can delete on DAG:example_weekday_branch_operator
[2026-08-08T06:54:12.168+0000] {logging_mixin.py:190} INFO - [2026-08-08T06:54:12.167+0000] {override.py:1912} INFO - Created Permission View: can read on DAG:example_weekday_branch_operator
[2026-08-08T06:54:12.179+0000] {logging_mixin.py:190} INFO - [2026-08-08T06:54:12.179+0000] {override.py:1912} INFO - Created Permission View: can edit on DAG:example_weekday_branch_operator
[2026-08-08T06:54:12.190+0000] {logging_mixin.py:190} INFO - [2026-08-08T06:54:12.190+0000] {override.py:1912} INFO - Created Permission View: can delete on DAG Run:example_weekday_branch_operator
[2026-08-08T06:54:12.200+0000] {logging_mixin.py:190} INFO - [2026-08-08T06:54:12.199+0000] {override.py:1912} INFO - Created Permission View: can create on DAG Run:example_weekday_branch_operator
[2026-08-08T06:54:12.209+0000] {logging_mixin.py:190} INFO - [2026-08-08T06:54:12.209+0000] {override.py:1912} INFO - Created Permission View: can read on DAG Run:example_weekday_branch_operator
[2026-08-08T06:54:12.223+0000] {logging_mixin.py:190} INFO - [2026-08-08T06:54:12.223+0000] {override.py:1912} INFO - Created Permission View: menu access on DAG Run:example_weekday_branch_operator
[2026-08-08T06:54:12.230+0000] {logging_mixin.py:190} INFO - [2026-08-08T06:54:12.230+0000] {dag.py:3239} INFO - Sync 1 DAGs
[2026-08-08T06:54:12.263+0000] {logging_mixin.py:190} INFO - [2026-08-08T06:54:12.262+0000] {dag.py:3262} INFO - Creating ORM DAG for example_weekday_branch_operator
[2026-08-08T06:54:12.278+0000] {logging_mixin.py:190} INFO - [2026-08-08T06:54:12.278+0000] {dag.py:4180} INFO - Setting next_dagrun for example_weekday_branch_operator to 2026-08-07 00:00:00+00:00, run_after=2026-08-08 00:00:00+00:00
[2026-08-08T06:54:12.303+0000] {processor.py:208} INFO - Processing /home/airflow/.local/lib/python3.12/site-packages/airflow/example_dags/example_branch_day_of_week_operator.py took 0.390 seconds
[2026-08-08T06:54:43.029+0000] {processor.py:186} INFO - Started process (PID=176) to work on /home/airflow/.local/lib/python3.12/site-packages/airflow/example_dags/example_branch_day_of_week_operator.py
[2026-08-08T06:54:43.030+0000] {processor.py:914} INFO - Processing file /home/airflow/.local/lib/python3.12/site-packages/airflow/example_dags/example_branch_day_of_week_operator.py for tasks to queue
[2026-08-08T06:54:43.033+0000] {logging_mixin.py:190} INFO - [2026-08-08T06:54:43.032+0000] {dagbag.py:588} INFO - Filling up the DagBag from /home/airflow/.local/lib/python3.12/site-packages/airflow/example_dags/example_branch_day_of_week_operator.py
[2026-08-08T06:54:43.043+0000] {processor.py:925} INFO - DAG(s) 'example_weekday_branch_operator' retrieved from /home/airflow/.local/lib/python3.12/site-packages/airflow/example_dags/example_branch_day_of_week_operator.py
[2026-08-08T06:54:43.063+0000] {logging_mixin.py:190} INFO - [2026-08-08T06:54:43.063+0000] {dag.py:3239} INFO - Sync 1 DAGs
[2026-08-08T06:54:43.089+0000] {logging_mixin.py:190} INFO - [2026-08-08T06:54:43.089+0000] {dag.py:4180} INFO - Setting next_dagrun for example_weekday_branch_operator to 2026-08-07 00:00:00+00:00, run_after=2026-08-08 00:00:00+00:00
[2026-08-08T06:54:43.109+0000] {processor.py:208} INFO - Processing /home/airflow/.local/lib/python3.12/site-packages/airflow/example_dags/example_branch_day_of_week_operator.py took 0.086 seconds
[2026-08-08T06:55:13.334+0000] {processor.py:186} INFO - Started process (PID=241) to work on /home/airflow/.local/lib/python3.12/site-packages/airflow/example_dags/example_branch_day_of_week_operator.py
[2026-08-08T06:55:13.335+0000] {processor.py:914} INFO - Processing file /home/airflow/.local/lib/python3.12/site-packages/airflow/example_dags/example_branch_day_of_week_operator.py for tasks to queue
[2026-08-08T06:55:13.338+0000] {logging_mixin.py:190} INFO - [2026-08-08T06:55:13.338+0000] {dagbag.py:588} INFO - Filling up the DagBag from /home/airflow/.local/lib/python3.12/site-packages/airflow/example_dags/example_branch_day_of_week_operator.py
[2026-08-08T06:55:13.350+0000] {processor.py:925} INFO - DAG(s) 'example_weekday_branch_operator' retrieved from /home/airflow/.local/lib/python3.12/site-packages/airflow/example_dags/example_branch_day_of_week_operator.py
[2026-08-08T06:55:13.373+0000] {logging_mixin.py:190} INFO - [2026-08-08T06:55:13.373+0000] {dag.py:3239} INFO - Sync 1 DAGs
[2026-08-08T06:55:13.402+0000] {logging_mixin.py:190} INFO - [2026-08-08T06:55:13.401+0000] {dag.py:4180} INFO - Setting next_dagrun for example_weekday_branch_operator to 2026-08-07 00:00:00+00:00, run_after=2026-08-08 00:00:00+00:00
[2026-08-08T06:55:13.424+0000] {processor.py:208} INFO - Processing /home/airflow/.local/lib/python3.12/site-packages/airflow/example_dags/example_branch_day_of_week_operator.py took 0.096 seconds
[2026-08-08T06:55:43.907+0000] {processor.py:186} INFO - Started process (PID=305) to work on /home/airflow/.local/lib/python3.12/site-packages/airflow/example_dags/example_branch_day_of_week_operator.py
[2026-08-08T06:55:43.908+0000] {processor.py:914} INFO - Processing file /home/airflow/.local/lib/python3.12/site-packages/airflow/example_dags/example_branch_day_of_week_operator.py for tasks to queue
[2026-08-08T06:55:43.911+0000] {logging_mixin.py:190} INFO - [2026-08-08T06:55:43.911+0000] {dagbag.py:588} INFO - Filling up the DagBag from /home/airflow/.local/lib/python3.12/site-packages/airflow/example_dags/example_branch_day_of_week_operator.py
[2026-08-08T06:55:43.924+0000] {processor.py:925} INFO - DAG(s) 'example_weekday_branch_operator' retrieved from /home/airflow/.local/lib/python3.12/site-packages/airflow/example_dags/example_branch_day_of_week_operator.py
[2026-08-08T06:55:43.951+0000] {logging_mixin.py:190} INFO - [2026-08-08T06:55:43.950+0000] {dag.py:3239} INFO - Sync 1 DAGs
[2026-08-08T06:55:43.983+0000] {logging_mixin.py:190} INFO - [2026-08-08T06:55:43.983+0000] {dag.py:4180} INFO - Setting next_dagrun for example_weekday_branch_operator to 2026-08-07 00:00:00+00:00, run_after=2026-08-08 00:00:00+00:00
[2026-08-08T06:55:44.009+0000] {processor.py:208} INFO - Processing /home/airflow/.local/lib/python3.12/site-packages/airflow/example_dags/example_branch_day_of_week_operator.py took 0.110 seconds
[2026-08-08T06:56:14.600+0000] {processor.py:186} INFO - Started process (PID=370) to work on /home/airflow/.local/lib/python3.12/site-packages/airflow/example_dags/example_branch_day_of_week_operator.py
[2026-08-08T06:56:14.601+0000] {processor.py:914} INFO - Processing file /home/airflow/.local/lib/python3.12/site-packages/airflow/example_dags/example_branch_day_of_week_operator.py for tasks to queue
[2026-08-08T06:56:14.604+0000] {logging_mixin.py:190} INFO - [2026-08-08T06:56:14.604+0000] {dagbag.py:588} INFO - Filling up the DagBag from /home/airflow/.local/lib/python3.12/site-packages/airflow/example_dags/example_branch_day_of_week_operator.py
[2026-08-08T06:56:14.617+0000] {processor.py:925} INFO - DAG(s) 'example_weekday_branch_operator' retrieved from /home/airflow/.local/lib/python3.12/site-packages/airflow/example_dags/example_branch_day_of_week_operator.py
[2026-08-08T06:56:14.649+0000] {logging_mixin.py:190} INFO - [2026-08-08T06:56:14.649+0000] {dag.py:3239} INFO - Sync 1 DAGs
[2026-08-08T06:56:14.681+0000] {logging_mixin.py:190} INFO - [2026-08-08T06:56:14.680+0000] {dag.py:4180} INFO - Setting next_dagrun for example_weekday_branch_operator to 2026-08-07 00:00:00+00:00, run_after=2026-08-08 00:00:00+00:00
[2026-08-08T06:56:14.709+0000] {processor.py:208} INFO - Processing /home/airflow/.local/lib/python3.12/site-packages/airflow/example_dags/example_branch_day_of_week_operator.py took 0.115 seconds
[2026-08-08T06:56:44.829+0000] {processor.py:186} INFO - Started process (PID=435) to work on /home/airflow/.local/lib/python3.12/site-packages/airflow/example_dags/example_branch_day_of_week_operator.py
[2026-08-08T06:56:44.830+0000] {processor.py:914} INFO - Processing file /home/airflow/.local/lib/python3.12/site-packages/airflow/example_dags/example_branch_day_of_week_operator.py for tasks to queue
[2026-08-08T06:56:44.833+0000] {logging_mixin.py:190} INFO - [2026-08-08T06:56:44.833+0000] {dagbag.py:588} INFO - Filling up the DagBag from /home/airflow/.local/lib/python3.12/site-packages/airflow/example_dags/example_branch_day_of_week_operator.py
[2026-08-08T06:56:44.844+0000] {processor.py:925} INFO - DAG(s) 'example_weekday_branch_operator' retrieved from /home/airflow/.local/lib/python3.12/site-packages/airflow/example_dags/example_branch_day_of_week_operator.py
[2026-08-08T06:56:44.867+0000] {logging_mixin.py:190} INFO - [2026-08-08T06:56:44.867+0000] {dag.py:3239} INFO - Sync 1 DAGs
[2026-08-08T06:56:44.895+0000] {logging_mixin.py:190} INFO - [2026-08-08T06:56:44.894+0000] {dag.py:4180} INFO - Setting next_dagrun for example_weekday_branch_operator to 2026-08-07 00:00:00+00:00, run_after=2026-08-08 00:00:00+00:00
[2026-08-08T06:56:44.916+0000] {processor.py:208} INFO - Processing /home/airflow/.local/lib/python3.12/site-packages/airflow/example_dags/example_branch_day_of_week_operator.py took 0.093 seconds
[2026-08-08T06:57:15.103+0000] {processor.py:186} INFO - Started process (PID=499) to work on /home/airflow/.local/lib/python3.12/site-packages/airflow/example_dags/example_branch_day_of_week_operator.py
[2026-08-08T06:57:15.108+0000] {processor.py:914} INFO - Processing file /home/airflow/.local/lib/python3.12/site-packages/airflow/example_dags/example_branch_day_of_week_operator.py for tasks to queue
[2026-08-08T06:57:15.112+0000] {logging_mixin.py:190} INFO - [2026-08-08T06:57:15.111+0000] {dagbag.py:588} INFO - Filling up the DagBag from /home/airflow/.local/lib/python3.12/site-packages/airflow/example_dags/example_branch_day_of_week_operator.py
[2026-08-08T06:57:15.126+0000] {processor.py:925} INFO - DAG(s) 'example_weekday_branch_operator' retrieved from /home/airflow/.local/lib/python3.12/site-packages/airflow/example_dags/example_branch_day_of_week_operator.py
[2026-08-08T06:57:15.153+0000] {logging_mixin.py:190} INFO - [2026-08-08T06:57:15.153+0000] {dag.py:3239} INFO - Sync 1 DAGs
[2026-08-08T06:57:15.187+0000] {logging_mixin.py:190} INFO - [2026-08-08T06:57:15.187+0000] {dag.py:4180} INFO - Setting next_dagrun for example_weekday_branch_operator to 2026-08-07 00:00:00+00:00, run_after=2026-08-08 00:00:00+00:00
[2026-08-08T06:57:15.213+0000] {processor.py:208} INFO - Processing /home/airflow/.local/lib/python3.12/site-packages/airflow/example_dags/example_branch_day_of_week_operator.py took 0.121 seconds
[2026-08-08T06:57:46.264+0000] {processor.py:186} INFO - Started process (PID=564) to work on /home/airflow/.local/lib/python3.12/site-packages/airflow/example_dags/example_branch_day_of_week_operator.py
[2026-08-08T06:57:46.266+0000] {processor.py:914} INFO - Processing file /home/airflow/.local/lib/python3.12/site-packages/airflow/example_dags/example_branch_day_of_week_operator.py for tasks to queue
[2026-08-08T06:57:46.270+0000] {logging_mixin.py:190} INFO - [2026-08-08T06:57:46.269+0000] {dagbag.py:588} INFO - Filling up the DagBag from /home/airflow/.local/lib/python3.12/site-packages/airflow/example_dags/example_branch_day_of_week_operator.py
[2026-08-08T06:57:46.284+0000] {processor.py:925} INFO - DAG(s) 'example_weekday_branch_operator' retrieved from /home/airflow/.local/lib/python3.12/site-packages/airflow/example_dags/example_branch_day_of_week_operator.py
[2026-08-08T06:57:46.312+0000] {logging_mixin.py:190} INFO - [2026-08-08T06:57:46.312+0000] {dag.py:3239} INFO - Sync 1 DAGs
[2026-08-08T06:57:46.348+0000] {logging_mixin.py:190} INFO - [2026-08-08T06:57:46.347+0000] {dag.py:4180} INFO - Setting next_dagrun for example_weekday_branch_operator to 2026-08-07 00:00:00+00:00, run_after=2026-08-08 00:00:00+00:00
[2026-08-08T06:57:46.372+0000] {processor.py:208} INFO - Processing /home/airflow/.local/lib/python3.12/site-packages/airflow/example_dags/example_branch_day_of_week_operator.py took 0.117 seconds
[2026-08-08T06:58:16.945+0000] {processor.py:186} INFO - Started process (PID=629) to work on /home/airflow/.local/lib/python3.12/site-packages/airflow/example_dags/example_branch_day_of_week_operator.py
[2026-08-08T06:58:16.946+0000] {processor.py:914} INFO - Processing file /home/airflow/.local/lib/python3.12/site-packages/airflow/example_dags/example_branch_day_of_week_operator.py for tasks to queue
[2026-08-08T06:58:16.949+0000] {logging_mixin.py:190} INFO - [2026-08-08T06:58:16.949+0000] {dagbag.py:588} INFO - Filling up the DagBag from /home/airflow/.local/lib/python3.12/site-packages/airflow/example_dags/example_branch_day_of_week_operator.py
[2026-08-08T06:58:16.961+0000] {processor.py:925} INFO - DAG(s) 'example_weekday_branch_operator' retrieved from /home/airflow/.local/lib/python3.12/site-packages/airflow/example_dags/example_branch_day_of_week_operator.py
[2026-08-08T06:58:16.980+0000] {logging_mixin.py:190} INFO - [2026-08-08T06:58:16.980+0000] {dag.py:3239} INFO - Sync 1 DAGs
[2026-08-08T06:58:17.012+0000] {logging_mixin.py:190} INFO - [2026-08-08T06:58:17.011+0000] {dag.py:4180} INFO - Setting next_dagrun for example_weekday_branch_operator to 2026-08-07 00:00:00+00:00, run_after=2026-08-08 00:00:00+00:00
[2026-08-08T06:58:17.031+0000] {processor.py:208} INFO - Processing /home/airflow/.local/lib/python3.12/site-packages/airflow/example_dags/example_branch_day_of_week_operator.py took 0.093 seconds
[2026-08-08T06:58:47.691+0000] {processor.py:186} INFO - Started process (PID=694) to work on /home/airflow/.local/lib/python3.12/site-packages/airflow/example_dags/example_branch_day_of_week_operator.py
[2026-08-08T06:58:47.692+0000] {processor.py:914} INFO - Processing file /home/airflow/.local/lib/python3.12/site-packages/airflow/example_dags/example_branch_day_of_week_operator.py for tasks to queue
[2026-08-08T06:58:47.695+0000] {logging_mixin.py:190} INFO - [2026-08-08T06:58:47.695+0000] {dagbag.py:588} INFO - Filling up the DagBag from /home/airflow/.local/lib/python3.12/site-packages/airflow/example_dags/example_branch_day_of_week_operator.py
[2026-08-08T06:58:47.705+0000] {processor.py:925} INFO - DAG(s) 'example_weekday_branch_operator' retrieved from /home/airflow/.local/lib/python3.12/site-packages/airflow/example_dags/example_branch_day_of_week_operator.py
[2026-08-08T06:58:47.726+0000] {logging_mixin.py:190} INFO - [2026-08-08T06:58:47.726+0000] {dag.py:3239} INFO - Sync 1 DAGs
[2026-08-08T06:58:47.758+0000] {logging_mixin.py:190} INFO - [2026-08-08T06:58:47.757+0000] {dag.py:4180} INFO - Setting next_dagrun for example_weekday_branch_operator to 2026-08-07 00:00:00+00:00, run_after=2026-08-08 00:00:00+00:00
[2026-08-08T06:58:47.796+0000] {processor.py:208} INFO - Processing /home/airflow/.local/lib/python3.12/site-packages/airflow/example_dags/example_branch_day_of_week_operator.py took 0.111 seconds
[2026-08-08T06:59:18.495+0000] {processor.py:186} INFO - Started process (PID=759) to work on /home/airflow/.local/lib/python3.12/site-packages/airflow/example_dags/example_branch_day_of_week_operator.py
[2026-08-08T06:59:18.496+0000] {processor.py:914} INFO - Processing file /home/airflow/.local/lib/python3.12/site-packages/airflow/example_dags/example_branch_day_of_week_operator.py for tasks to queue
[2026-08-08T06:59:18.499+0000] {logging_mixin.py:190} INFO - [2026-08-08T06:59:18.498+0000] {dagbag.py:588} INFO - Filling up the DagBag from /home/airflow/.local/lib/python3.12/site-packages/airflow/example_dags/example_branch_day_of_week_operator.py
[2026-08-08T06:59:18.509+0000] {processor.py:925} INFO - DAG(s) 'example_weekday_branch_operator' retrieved from /home/airflow/.local/lib/python3.12/site-packages/airflow/example_dags/example_branch_day_of_week_operator.py
[2026-08-08T06:59:18.528+0000] {logging_mixin.py:190} INFO - [2026-08-08T06:59:18.528+0000] {dag.py:3239} INFO - Sync 1 DAGs
[2026-08-08T06:59:18.556+0000] {logging_mixin.py:190} INFO - [2026-08-08T06:59:18.556+0000] {dag.py:4180} INFO - Setting next_dagrun for example_weekday_branch_operator to 2026-08-07 00:00:00+00:00, run_after=2026-08-08 00:00:00+00:00
[2026-08-08T06:59:18.577+0000] {processor.py:208} INFO - Processing /home/airflow/.local/lib/python3.12/site-packages/airflow/example_dags/example_branch_day_of_week_operator.py took 0.088 seconds
[2026-08-08T06:59:49.104+0000] {processor.py:186} INFO - Started process (PID=824) to work on /home/airflow/.local/lib/python3.12/site-packages/airflow/example_dags/example_branch_day_of_week_operator.py
[2026-08-08T06:59:49.105+0000] {processor.py:914} INFO - Processing file /home/airflow/.local/lib/python3.12/site-packages/airflow/example_dags/example_branch_day_of_week_operator.py for tasks to queue
[2026-08-08T06:59:49.108+0000] {logging_mixin.py:190} INFO - [2026-08-08T06:59:49.108+0000] {dagbag.py:588} INFO - Filling up the DagBag from /home/airflow/.local/lib/python3.12/site-packages/airflow/example_dags/example_branch_day_of_week_operator.py
[2026-08-08T06:59:49.119+0000] {processor.py:925} INFO - DAG(s) 'example_weekday_branch_operator' retrieved from /home/airflow/.local/lib/python3.12/site-packages/airflow/example_dags/example_branch_day_of_week_operator.py
[2026-08-08T06:59:49.141+0000] {logging_mixin.py:190} INFO - [2026-08-08T06:59:49.141+0000] {dag.py:3239} INFO - Sync 1 DAGs
[2026-08-08T06:59:49.169+0000] {logging_mixin.py:190} INFO - [2026-08-08T06:59:49.169+0000] {dag.py:4180} INFO - Setting next_dagrun for example_weekday_branch_operator to 2026-08-07 00:00:00+00:00, run_after=2026-08-08 00:00:00+00:00
[2026-08-08T06:59:49.192+0000] {processor.py:208} INFO - Processing /home/airflow/.local/lib/python3.12/site-packages/airflow/example_dags/example_branch_day_of_week_operator.py took 0.094 seconds
[2026-08-08T07:00:20.554+0000] {processor.py:186} INFO - Started process (PID=889) to work on /home/airflow/.local/lib/python3.12/site-packages/airflow/example_dags/example_branch_day_of_week_operator.py
[2026-08-08T07:00:20.555+0000] {processor.py:914} INFO - Processing file /home/airflow/.local/lib/python3.12/site-packages/airflow/example_dags/example_branch_day_of_week_operator.py for tasks to queue
[2026-08-08T07:00:20.558+0000] {logging_mixin.py:190} INFO - [2026-08-08T07:00:20.558+0000] {dagbag.py:588} INFO - Filling up the DagBag from /home/airflow/.local/lib/python3.12/site-packages/airflow/example_dags/example_branch_day_of_week_operator.py
[2026-08-08T07:00:20.569+0000] {processor.py:925} INFO - DAG(s) 'example_weekday_branch_operator' retrieved from /home/airflow/.local/lib/python3.12/site-packages/airflow/example_dags/example_branch_day_of_week_operator.py
[2026-08-08T07:00:20.593+0000] {logging_mixin.py:190} INFO - [2026-08-08T07:00:20.593+0000] {dag.py:3239} INFO - Sync 1 DAGs
[2026-08-08T07:00:20.624+0000] {logging_mixin.py:190} INFO - [2026-08-08T07:00:20.623+0000] {dag.py:4180} INFO - Setting next_dagrun for example_weekday_branch_operator to 2026-08-07 00:00:00+00:00, run_after=2026-08-08 00:00:00+00:00
[2026-08-08T07:00:20.646+0000] {processor.py:208} INFO - Processing /home/airflow/.local/lib/python3.12/site-packages/airflow/example_dags/example_branch_day_of_week_operator.py took 0.099 seconds
[2026-08-08T07:00:51.812+0000] {processor.py:186} INFO - Started process (PID=955) to work on /home/airflow/.local/lib/python3.12/site-packages/airflow/example_dags/example_branch_day_of_week_operator.py
[2026-08-08T07:00:51.816+0000] {processor.py:914} INFO - Processing file /home/airflow/.local/lib/python3.12/site-packages/airflow/example_dags/example_branch_day_of_week_operator.py for tasks to queue
[2026-08-08T07:00:51.819+0000] {logging_mixin.py:190} INFO - [2026-08-08T07:00:51.818+0000] {dagbag.py:588} INFO - Filling up the DagBag from /home/airflow/.local/lib/python3.12/site-packages/airflow/example_dags/example_branch_day_of_week_operator.py
[2026-08-08T07:00:51.831+0000] {processor.py:925} INFO - DAG(s) 'example_weekday_branch_operator' retrieved from /home/airflow/.local/lib/python3.12/site-packages/airflow/example_dags/example_branch_day_of_week_operator.py
[2026-08-08T07:00:51.852+0000] {logging_mixin.py:190} INFO - [2026-08-08T07:00:51.851+0000] {dag.py:3239} INFO - Sync 1 DAGs
[2026-08-08T07:00:51.878+0000] {logging_mixin.py:190} INFO - [2026-08-08T07:00:51.878+0000] {dag.py:4180} INFO - Setting next_dagrun for example_weekday_branch_operator to 2026-08-07 00:00:00+00:00, run_after=2026-08-08 00:00:00+00:00
[2026-08-08T07:00:51.899+0000] {processor.py:208} INFO - Processing /home/airflow/.local/lib/python3.12/site-packages/airflow/example_dags/example_branch_day_of_week_operator.py took 0.095 seconds
[2026-08-08T07:01:23.336+0000] {processor.py:186} INFO - Started process (PID=1020) to work on /home/airflow/.local/lib/python3.12/site-packages/airflow/example_dags/example_branch_day_of_week_operator.py
[2026-08-08T07:01:23.338+0000] {processor.py:914} INFO - Processing file /home/airflow/.local/lib/python3.12/site-packages/airflow/example_dags/example_branch_day_of_week_operator.py for tasks to queue
[2026-08-08T07:01:23.341+0000] {logging_mixin.py:190} INFO - [2026-08-08T07:01:23.341+0000] {dagbag.py:588} INFO - Filling up the DagBag from /home/airflow/.local/lib/python3.12/site-packages/airflow/example_dags/example_branch_day_of_week_operator.py
[2026-08-08T07:01:23.356+0000] {processor.py:925} INFO - DAG(s) 'example_weekday_branch_operator' retrieved from /home/airflow/.local/lib/python3.12/site-packages/airflow/example_dags/example_branch_day_of_week_operator.py
[2026-08-08T07:01:23.378+0000] {logging_mixin.py:190} INFO - [2026-08-08T07:01:23.378+0000] {dag.py:3239} INFO - Sync 1 DAGs
[2026-08-08T07:01:23.404+0000] {logging_mixin.py:190} INFO - [2026-08-08T07:01:23.404+0000] {dag.py:4180} INFO - Setting next_dagrun for example_weekday_branch_operator to 2026-08-07 00:00:00+00:00, run_after=2026-08-08 00:00:00+00:00
[2026-08-08T07:01:23.429+0000] {processor.py:208} INFO - Processing /home/airflow/.local/lib/python3.12/site-packages/airflow/example_dags/example_branch_day_of_week_operator.py took 0.100 seconds
[2026-08-08T07:01:54.415+0000] {processor.py:186} INFO - Started process (PID=1085) to work on /home/airflow/.local/lib/python3.12/site-packages/airflow/example_dags/example_branch_day_of_week_operator.py
[2026-08-08T07:01:54.416+0000] {processor.py:914} INFO - Processing file /home/airflow/.local/lib/python3.12/site-packages/airflow/example_dags/example_branch_day_of_week_operator.py for tasks to queue
[2026-08-08T07:01:54.419+0000] {logging_mixin.py:190} INFO - [2026-08-08T07:01:54.418+0000] {dagbag.py:588} INFO - Filling up the DagBag from /home/airflow/.local/lib/python3.12/site-packages/airflow/example_dags/example_branch_day_of_week_operator.py
[2026-08-08T07:01:54.430+0000] {processor.py:925} INFO - DAG(s) 'example_weekday_branch_operator' retrieved from /home/airflow/.local/lib/python3.12/site-packages/airflow/example_dags/example_branch_day_of_week_operator.py
[2026-08-08T07:01:54.452+0000] {logging_mixin.py:190} INFO - [2026-08-08T07:01:54.452+0000] {dag.py:3239} INFO - Sync 1 DAGs
[2026-08-08T07:01:54.478+0000] {logging_mixin.py:190} INFO - [2026-08-08T07:01:54.478+0000] {dag.py:4180} INFO - Setting next_dagrun for example_weekday_branch_operator to 2026-08-07 00:00:00+00:00, run_after=2026-08-08 00:00:00+00:00
[2026-08-08T07:01:54.497+0000] {processor.py:208} INFO - Processing /home/airflow/.local/lib/python3.12/site-packages/airflow/example_dags/example_branch_day_of_week_operator.py took 0.089 seconds
[2026-08-08T07:02:25.426+0000] {processor.py:186} INFO - Started process (PID=1150) to work on /home/airflow/.local/lib/python3.12/site-packages/airflow/example_dags/example_branch_day_of_week_operator.py
[2026-08-08T07:02:25.428+0000] {processor.py:914} INFO - Processing file /home/airflow/.local/lib/python3.12/site-packages/airflow/example_dags/example_branch_day_of_week_operator.py for tasks to queue
[2026-08-08T07:02:25.432+0000] {logging_mixin.py:190} INFO - [2026-08-08T07:02:25.431+0000] {dagbag.py:588} INFO - Filling up the DagBag from /home/airflow/.local/lib/python3.12/site-packages/airflow/example_dags/example_branch_day_of_week_operator.py
[2026-08-08T07:02:25.444+0000] {processor.py:925} INFO - DAG(s) 'example_weekday_branch_operator' retrieved from /home/airflow/.local/lib/python3.12/site-packages/airflow/example_dags/example_branch_day_of_week_operator.py
[2026-08-08T07:02:25.471+0000] {logging_mixin.py:190} INFO - [2026-08-08T07:02:25.470+0000] {dag.py:3239} INFO - Sync 1 DAGs
[2026-08-08T07:02:25.505+0000] {logging_mixin.py:190} INFO - [2026-08-08T07:02:25.505+0000] {dag.py:4180} INFO - Setting next_dagrun for example_weekday_branch_operator to 2026-08-07 00:00:00+00:00, run_after=2026-08-08 00:00:00+00:00
[2026-08-08T07:02:25.529+0000] {processor.py:208} INFO - Processing /home/airflow/.local/lib/python3.12/site-packages/airflow/example_dags/example_branch_day_of_week_operator.py took 0.112 seconds
[2026-08-08T07:02:56.765+0000] {processor.py:186} INFO - Started process (PID=1215) to work on /home/airflow/.local/lib/python3.12/site-packages/airflow/example_dags/example_branch_day_of_week_operator.py
[2026-08-08T07:02:56.766+0000] {processor.py:914} INFO - Processing file /home/airflow/.local/lib/python3.12/site-packages/airflow/example_dags/example_branch_day_of_week_operator.py for tasks to queue
[2026-08-08T07:02:56.769+0000] {logging_mixin.py:190} INFO - [2026-08-08T07:02:56.769+0000] {dagbag.py:588} INFO - Filling up the DagBag from /home/airflow/.local/lib/python3.12/site-packages/airflow/example_dags/example_branch_day_of_week_operator.py
[2026-08-08T07:02:56.781+0000] {processor.py:925} INFO - DAG(s) 'example_weekday_branch_operator' retrieved from /home/airflow/.local/lib/python3.12/site-packages/airflow/example_dags/example_branch_day_of_week_operator.py
[2026-08-08T07:02:56.800+0000] {logging_mixin.py:190} INFO - [2026-08-08T07:02:56.800+0000] {dag.py:3239} INFO - Sync 1 DAGs
[2026-08-08T07:02:56.825+0000] {logging_mixin.py:190} INFO - [2026-08-08T07:02:56.825+0000] {dag.py:4180} INFO - Setting next_dagrun for example_weekday_branch_operator to 2026-08-07 00:00:00+00:00, run_after=2026-08-08 00:00:00+00:00
[2026-08-08T07:02:56.844+0000] {processor.py:208} INFO - Processing /home/airflow/.local/lib/python3.12/site-packages/airflow/example_dags/example_branch_day_of_week_operator.py took 0.085 seconds
[2026-08-08T07:03:28.181+0000] {processor.py:186} INFO - Started process (PID=1280) to work on /home/airflow/.local/lib/python3.12/site-packages/airflow/example_dags/example_branch_day_of_week_operator.py
[2026-08-08T07:03:28.183+0000] {processor.py:914} INFO - Processing file /home/airflow/.local/lib/python3.12/site-packages/airflow/example_dags/example_branch_day_of_week_operator.py for tasks to queue
[2026-08-08T07:03:28.186+0000] {logging_mixin.py:190} INFO - [2026-08-08T07:03:28.185+0000] {dagbag.py:588} INFO - Filling up the DagBag from /home/airflow/.local/lib/python3.12/site-packages/airflow/example_dags/example_branch_day_of_week_operator.py
[2026-08-08T07:03:28.197+0000] {processor.py:925} INFO - DAG(s) 'example_weekday_branch_operator' retrieved from /home/airflow/.local/lib/python3.12/site-packages/airflow/example_dags/example_branch_day_of_week_operator.py
[2026-08-08T07:03:28.220+0000] {logging_mixin.py:190} INFO - [2026-08-08T07:03:28.220+0000] {dag.py:3239} INFO - Sync 1 DAGs
[2026-08-08T07:03:28.248+0000] {logging_mixin.py:190} INFO - [2026-08-08T07:03:28.248+0000] {dag.py:4180} INFO - Setting next_dagrun for example_weekday_branch_operator to 2026-08-07 00:00:00+00:00, run_after=2026-08-08 00:00:00+00:00
[2026-08-08T07:03:28.269+0000] {processor.py:208} INFO - Processing /home/airflow/.local/lib/python3.12/site-packages/airflow/example_dags/example_branch_day_of_week_operator.py took 0.093 seconds
[2026-08-08T07:03:59.891+0000] {processor.py:186} INFO - Started process (PID=1345) to work on /home/airflow/.local/lib/python3.12/site-packages/airflow/example_dags/example_branch_day_of_week_operator.py
[2026-08-08T07:03:59.894+0000] {processor.py:914} INFO - Processing file /home/airflow/.local/lib/python3.12/site-packages/airflow/example_dags/example_branch_day_of_week_operator.py for tasks to queue
[2026-08-08T07:03:59.899+0000] {logging_mixin.py:190} INFO - [2026-08-08T07:03:59.898+0000] {dagbag.py:588} INFO - Filling up the DagBag from /home/airflow/.local/lib/python3.12/site-packages/airflow/example_dags/example_branch_day_of_week_operator.py
[2026-08-08T07:03:59.918+0000] {processor.py:925} INFO - DAG(s) 'example_weekday_branch_operator' retrieved from /home/airflow/.local/lib/python3.12/site-packages/airflow/example_dags/example_branch_day_of_week_operator.py
[2026-08-08T07:03:59.960+0000] {logging_mixin.py:190} INFO - [2026-08-08T07:03:59.960+0000] {dag.py:3239} INFO - Sync 1 DAGs
[2026-08-08T07:04:00.023+0000] {logging_mixin.py:190} INFO - [2026-08-08T07:04:00.022+0000] {dag.py:4180} INFO - Setting next_dagrun for example_weekday_branch_operator to 2026-08-07 00:00:00+00:00, run_after=2026-08-08 00:00:00+00:00
[2026-08-08T07:04:00.077+0000] {processor.py:208} INFO - Processing /home/airflow/.local/lib/python3.12/site-packages/airflow/example_dags/example_branch_day_of_week_operator.py took 0.195 seconds
[2026-08-08T07:04:30.571+0000] {processor.py:186} INFO - Started process (PID=1410) to work on /home/airflow/.local/lib/python3.12/site-packages/airflow/example_dags/example_branch_day_of_week_operator.py
[2026-08-08T07:04:30.572+0000] {processor.py:914} INFO - Processing file /home/airflow/.local/lib/python3.12/site-packages/airflow/example_dags/example_branch_day_of_week_operator.py for tasks to queue
[2026-08-08T07:04:30.575+0000] {logging_mixin.py:190} INFO - [2026-08-08T07:04:30.575+0000] {dagbag.py:588} INFO - Filling up the DagBag from /home/airflow/.local/lib/python3.12/site-packages/airflow/example_dags/example_branch_day_of_week_operator.py
[2026-08-08T07:04:30.588+0000] {processor.py:925} INFO - DAG(s) 'example_weekday_branch_operator' retrieved from /home/airflow/.local/lib/python3.12/site-packages/airflow/example_dags/example_branch_day_of_week_operator.py
[2026-08-08T07:04:30.612+0000] {logging_mixin.py:190} INFO - [2026-08-08T07:04:30.612+0000] {dag.py:3239} INFO - Sync 1 DAGs
[2026-08-08T07:04:30.643+0000] {logging_mixin.py:190} INFO - [2026-08-08T07:04:30.643+0000] {dag.py:4180} INFO - Setting next_dagrun for example_weekday_branch_operator to 2026-08-07 00:00:00+00:00, run_after=2026-08-08 00:00:00+00:00
[2026-08-08T07:04:30.666+0000] {processor.py:208} INFO - Processing /home/airflow/.local/lib/python3.12/site-packages/airflow/example_dags/example_branch_day_of_week_operator.py took 0.103 seconds
[2026-08-08T07:05:01.443+0000] {processor.py:186} INFO - Started process (PID=1475) to work on /home/airflow/.local/lib/python3.12/site-packages/airflow/example_dags/example_branch_day_of_week_operator.py
[2026-08-08T07:05:01.445+0000] {processor.py:914} INFO - Processing file /home/airflow/.local/lib/python3.12/site-packages/airflow/example_dags/example_branch_day_of_week_operator.py for tasks to queue
[2026-08-08T07:05:01.451+0000] {logging_mixin.py:190} INFO - [2026-08-08T07:05:01.450+0000] {dagbag.py:588} INFO - Filling up the DagBag from /home/airflow/.local/lib/python3.12/site-packages/airflow/example_dags/example_branch_day_of_week_operator.py
[2026-08-08T07:05:01.472+0000] {processor.py:925} INFO - DAG(s) 'example_weekday_branch_operator' retrieved from /home/airflow/.local/lib/python3.12/site-packages/airflow/example_dags/example_branch_day_of_week_operator.py
[2026-08-08T07:05:01.511+0000] {logging_mixin.py:190} INFO - [2026-08-08T07:05:01.510+0000] {dag.py:3239} INFO - Sync 1 DAGs
[2026-08-08T07:05:01.560+0000] {logging_mixin.py:190} INFO - [2026-08-08T07:05:01.559+0000] {dag.py:4180} INFO - Setting next_dagrun for example_weekday_branch_operator to 2026-08-07 00:00:00+00:00, run_after=2026-08-08 00:00:00+00:00
[2026-08-08T07:05:01.586+0000] {processor.py:208} INFO - Processing /home/airflow/.local/lib/python3.12/site-packages/airflow/example_dags/example_branch_day_of_week_operator.py took 0.155 seconds
[2026-08-08T07:05:33.629+0000] {processor.py:186} INFO - Started process (PID=1540) to work on /home/airflow/.local/lib/python3.12/site-packages/airflow/example_dags/example_branch_day_of_week_operator.py
[2026-08-08T07:05:33.631+0000] {processor.py:914} INFO - Processing file /home/airflow/.local/lib/python3.12/site-packages/airflow/example_dags/example_branch_day_of_week_operator.py for tasks to queue
[2026-08-08T07:05:33.635+0000] {logging_mixin.py:190} INFO - [2026-08-08T07:05:33.635+0000] {dagbag.py:588} INFO - Filling up the DagBag from /home/airflow/.local/lib/python3.12/site-packages/airflow/example_dags/example_branch_day_of_week_operator.py
[2026-08-08T07:05:33.661+0000] {processor.py:925} INFO - DAG(s) 'example_weekday_branch_operator' retrieved from /home/airflow/.local/lib/python3.12/site-packages/airflow/example_dags/example_branch_day_of_week_operator.py
[2026-08-08T07:05:33.701+0000] {logging_mixin.py:190} INFO - [2026-08-08T07:05:33.701+0000] {dag.py:3239} INFO - Sync 1 DAGs
[2026-08-08T07:05:33.756+0000] {logging_mixin.py:190} INFO - [2026-08-08T07:05:33.755+0000] {dag.py:4180} INFO - Setting next_dagrun for example_weekday_branch_operator to 2026-08-07 00:00:00+00:00, run_after=2026-08-08 00:00:00+00:00
[2026-08-08T07:05:33.794+0000] {processor.py:208} INFO - Processing /home/airflow/.local/lib/python3.12/site-packages/airflow/example_dags/example_branch_day_of_week_operator.py took 0.176 seconds
[2026-08-08T07:06:04.732+0000] {processor.py:186} INFO - Started process (PID=1612) to work on /home/airflow/.local/lib/python3.12/site-packages/airflow/example_dags/example_branch_day_of_week_operator.py
[2026-08-08T07:06:04.733+0000] {processor.py:914} INFO - Processing file /home/airflow/.local/lib/python3.12/site-packages/airflow/example_dags/example_branch_day_of_week_operator.py for tasks to queue
[2026-08-08T07:06:04.737+0000] {logging_mixin.py:190} INFO - [2026-08-08T07:06:04.736+0000] {dagbag.py:588} INFO - Filling up the DagBag from /home/airflow/.local/lib/python3.12/site-packages/airflow/example_dags/example_branch_day_of_week_operator.py
[2026-08-08T07:06:04.756+0000] {processor.py:925} INFO - DAG(s) 'example_weekday_branch_operator' retrieved from /home/airflow/.local/lib/python3.12/site-packages/airflow/example_dags/example_branch_day_of_week_operator.py
[2026-08-08T07:06:04.787+0000] {logging_mixin.py:190} INFO - [2026-08-08T07:06:04.787+0000] {dag.py:3239} INFO - Sync 1 DAGs
[2026-08-08T07:06:04.827+0000] {logging_mixin.py:190} INFO - [2026-08-08T07:06:04.827+0000] {dag.py:4180} INFO - Setting next_dagrun for example_weekday_branch_operator to 2026-08-07 00:00:00+00:00, run_after=2026-08-08 00:00:00+00:00
[2026-08-08T07:06:04.866+0000] {processor.py:208} INFO - Processing /home/airflow/.local/lib/python3.12/site-packages/airflow/example_dags/example_branch_day_of_week_operator.py took 0.144 seconds
[2026-08-08T07:06:36.037+0000] {processor.py:186} INFO - Started process (PID=1677) to work on /home/airflow/.local/lib/python3.12/site-packages/airflow/example_dags/example_branch_day_of_week_operator.py
[2026-08-08T07:06:36.039+0000] {processor.py:914} INFO - Processing file /home/airflow/.local/lib/python3.12/site-packages/airflow/example_dags/example_branch_day_of_week_operator.py for tasks to queue
[2026-08-08T07:06:36.044+0000] {logging_mixin.py:190} INFO - [2026-08-08T07:06:36.043+0000] {dagbag.py:588} INFO - Filling up the DagBag from /home/airflow/.local/lib/python3.12/site-packages/airflow/example_dags/example_branch_day_of_week_operator.py
[2026-08-08T07:06:36.061+0000] {processor.py:925} INFO - DAG(s) 'example_weekday_branch_operator' retrieved from /home/airflow/.local/lib/python3.12/site-packages/airflow/example_dags/example_branch_day_of_week_operator.py
[2026-08-08T07:06:36.088+0000] {logging_mixin.py:190} INFO - [2026-08-08T07:06:36.088+0000] {dag.py:3239} INFO - Sync 1 DAGs
[2026-08-08T07:06:36.136+0000] {logging_mixin.py:190} INFO - [2026-08-08T07:06:36.136+0000] {dag.py:4180} INFO - Setting next_dagrun for example_weekday_branch_operator to 2026-08-07 00:00:00+00:00, run_after=2026-08-08 00:00:00+00:00
[2026-08-08T07:06:36.168+0000] {processor.py:208} INFO - Processing /home/airflow/.local/lib/python3.12/site-packages/airflow/example_dags/example_branch_day_of_week_operator.py took 0.139 seconds
[2026-08-08T07:07:07.268+0000] {processor.py:186} INFO - Started process (PID=1742) to work on /home/airflow/.local/lib/python3.12/site-packages/airflow/example_dags/example_branch_day_of_week_operator.py
[2026-08-08T07:07:07.271+0000] {processor.py:914} INFO - Processing file /home/airflow/.local/lib/python3.12/site-packages/airflow/example_dags/example_branch_day_of_week_operator.py for tasks to queue
[2026-08-08T07:07:07.274+0000] {logging_mixin.py:190} INFO - [2026-08-08T07:07:07.274+0000] {dagbag.py:588} INFO - Filling up the DagBag from /home/airflow/.local/lib/python3.12/site-packages/airflow/example_dags/example_branch_day_of_week_operator.py
[2026-08-08T07:07:07.287+0000] {processor.py:925} INFO - DAG(s) 'example_weekday_branch_operator' retrieved from /home/airflow/.local/lib/python3.12/site-packages/airflow/example_dags/example_branch_day_of_week_operator.py
[2026-08-08T07:07:07.315+0000] {logging_mixin.py:190} INFO - [2026-08-08T07:07:07.315+0000] {dag.py:3239} INFO - Sync 1 DAGs
[2026-08-08T07:07:07.352+0000] {logging_mixin.py:190} INFO - [2026-08-08T07:07:07.351+0000] {dag.py:4180} INFO - Setting next_dagrun for example_weekday_branch_operator to 2026-08-07 00:00:00+00:00, run_after=2026-08-08 00:00:00+00:00
[2026-08-08T07:07:07.381+0000] {processor.py:208} INFO - Processing /home/airflow/.local/lib/python3.12/site-packages/airflow/example_dags/example_branch_day_of_week_operator.py took 0.120 seconds
[2026-08-08T07:07:38.157+0000] {processor.py:186} INFO - Started process (PID=1808) to work on /home/airflow/.local/lib/python3.12/site-packages/airflow/example_dags/example_branch_day_of_week_operator.py
[2026-08-08T07:07:38.159+0000] {processor.py:914} INFO - Processing file /home/airflow/.local/lib/python3.12/site-packages/airflow/example_dags/example_branch_day_of_week_operator.py for tasks to queue
[2026-08-08T07:07:38.162+0000] {logging_mixin.py:190} INFO - [2026-08-08T07:07:38.162+0000] {dagbag.py:588} INFO - Filling up the DagBag from /home/airflow/.local/lib/python3.12/site-packages/airflow/example_dags/example_branch_day_of_week_operator.py
[2026-08-08T07:07:38.180+0000] {processor.py:925} INFO - DAG(s) 'example_weekday_branch_operator' retrieved from /home/airflow/.local/lib/python3.12/site-packages/airflow/example_dags/example_branch_day_of_week_operator.py
[2026-08-08T07:07:38.207+0000] {logging_mixin.py:190} INFO - [2026-08-08T07:07:38.206+0000] {dag.py:3239} INFO - Sync 1 DAGs
[2026-08-08T07:07:38.243+0000] {logging_mixin.py:190} INFO - [2026-08-08T07:07:38.242+0000] {dag.py:4180} INFO - Setting next_dagrun for example_weekday_branch_operator to 2026-08-07 00:00:00+00:00, run_after=2026-08-08 00:00:00+00:00
[2026-08-08T07:07:38.274+0000] {processor.py:208} INFO - Processing /home/airflow/.local/lib/python3.12/site-packages/airflow/example_dags/example_branch_day_of_week_operator.py took 0.126 seconds
[2026-08-08T07:08:09.639+0000] {processor.py:186} INFO - Started process (PID=1873) to work on /home/airflow/.local/lib/python3.12/site-packages/airflow/example_dags/example_branch_day_of_week_operator.py
[2026-08-08T07:08:09.641+0000] {processor.py:914} INFO - Processing file /home/airflow/.local/lib/python3.12/site-packages/airflow/example_dags/example_branch_day_of_week_operator.py for tasks to queue
[2026-08-08T07:08:09.645+0000] {logging_mixin.py:190} INFO - [2026-08-08T07:08:09.645+0000] {dagbag.py:588} INFO - Filling up the DagBag from /home/airflow/.local/lib/python3.12/site-packages/airflow/example_dags/example_branch_day_of_week_operator.py
[2026-08-08T07:08:09.665+0000] {processor.py:925} INFO - DAG(s) 'example_weekday_branch_operator' retrieved from /home/airflow/.local/lib/python3.12/site-packages/airflow/example_dags/example_branch_day_of_week_operator.py
[2026-08-08T07:08:09.692+0000] {logging_mixin.py:190} INFO - [2026-08-08T07:08:09.692+0000] {dag.py:3239} INFO - Sync 1 DAGs
[2026-08-08T07:08:09.727+0000] {logging_mixin.py:190} INFO - [2026-08-08T07:08:09.726+0000] {dag.py:4180} INFO - Setting next_dagrun for example_weekday_branch_operator to 2026-08-07 00:00:00+00:00, run_after=2026-08-08 00:00:00+00:00
[2026-08-08T07:08:09.763+0000] {processor.py:208} INFO - Processing /home/airflow/.local/lib/python3.12/site-packages/airflow/example_dags/example_branch_day_of_week_operator.py took 0.132 seconds
[2026-08-08T07:08:40.877+0000] {processor.py:186} INFO - Started process (PID=1938) to work on /home/airflow/.local/lib/python3.12/site-packages/airflow/example_dags/example_branch_day_of_week_operator.py
[2026-08-08T07:08:40.878+0000] {processor.py:914} INFO - Processing file /home/airflow/.local/lib/python3.12/site-packages/airflow/example_dags/example_branch_day_of_week_operator.py for tasks to queue
[2026-08-08T07:08:40.882+0000] {logging_mixin.py:190} INFO - [2026-08-08T07:08:40.881+0000] {dagbag.py:588} INFO - Filling up the DagBag from /home/airflow/.local/lib/python3.12/site-packages/airflow/example_dags/example_branch_day_of_week_operator.py
[2026-08-08T07:08:40.893+0000] {processor.py:925} INFO - DAG(s) 'example_weekday_branch_operator' retrieved from /home/airflow/.local/lib/python3.12/site-packages/airflow/example_dags/example_branch_day_of_week_operator.py
[2026-08-08T07:08:40.914+0000] {logging_mixin.py:190} INFO - [2026-08-08T07:08:40.914+0000] {dag.py:3239} INFO - Sync 1 DAGs
[2026-08-08T07:08:40.949+0000] {logging_mixin.py:190} INFO - [2026-08-08T07:08:40.948+0000] {dag.py:4180} INFO - Setting next_dagrun for example_weekday_branch_operator to 2026-08-07 00:00:00+00:00, run_after=2026-08-08 00:00:00+00:00
[2026-08-08T07:08:40.973+0000] {processor.py:208} INFO - Processing /home/airflow/.local/lib/python3.12/site-packages/airflow/example_dags/example_branch_day_of_week_operator.py took 0.102 seconds
[2026-08-08T07:09:12.232+0000] {processor.py:186} INFO - Started process (PID=2003) to work on /home/airflow/.local/lib/python3.12/site-packages/airflow/example_dags/example_branch_day_of_week_operator.py
[2026-08-08T07:09:12.233+0000] {processor.py:914} INFO - Processing file /home/airflow/.local/lib/python3.12/site-packages/airflow/example_dags/example_branch_day_of_week_operator.py for tasks to queue
[2026-08-08T07:09:12.237+0000] {logging_mixin.py:190} INFO - [2026-08-08T07:09:12.236+0000] {dagbag.py:588} INFO - Filling up the DagBag from /home/airflow/.local/lib/python3.12/site-packages/airflow/example_dags/example_branch_day_of_week_operator.py
[2026-08-08T07:09:12.250+0000] {processor.py:925} INFO - DAG(s) 'example_weekday_branch_operator' retrieved from /home/airflow/.local/lib/python3.12/site-packages/airflow/example_dags/example_branch_day_of_week_operator.py
[2026-08-08T07:09:12.274+0000] {logging_mixin.py:190} INFO - [2026-08-08T07:09:12.274+0000] {dag.py:3239} INFO - Sync 1 DAGs
[2026-08-08T07:09:12.305+0000] {logging_mixin.py:190} INFO - [2026-08-08T07:09:12.304+0000] {dag.py:4180} INFO - Setting next_dagrun for example_weekday_branch_operator to 2026-08-07 00:00:00+00:00, run_after=2026-08-08 00:00:00+00:00
[2026-08-08T07:09:12.329+0000] {processor.py:208} INFO - Processing /home/airflow/.local/lib/python3.12/site-packages/airflow/example_dags/example_branch_day_of_week_operator.py took 0.104 seconds
[2026-08-08T07:09:43.760+0000] {processor.py:186} INFO - Started process (PID=2068) to work on /home/airflow/.local/lib/python3.12/site-packages/airflow/example_dags/example_branch_day_of_week_operator.py
[2026-08-08T07:09:43.761+0000] {processor.py:914} INFO - Processing file /home/airflow/.local/lib/python3.12/site-packages/airflow/example_dags/example_branch_day_of_week_operator.py for tasks to queue
[2026-08-08T07:09:43.764+0000] {logging_mixin.py:190} INFO - [2026-08-08T07:09:43.764+0000] {dagbag.py:588} INFO - Filling up the DagBag from /home/airflow/.local/lib/python3.12/site-packages/airflow/example_dags/example_branch_day_of_week_operator.py
[2026-08-08T07:09:43.775+0000] {processor.py:925} INFO - DAG(s) 'example_weekday_branch_operator' retrieved from /home/airflow/.local/lib/python3.12/site-packages/airflow/example_dags/example_branch_day_of_week_operator.py
[2026-08-08T07:09:43.799+0000] {logging_mixin.py:190} INFO - [2026-08-08T07:09:43.799+0000] {dag.py:3239} INFO - Sync 1 DAGs
[2026-08-08T07:09:43.837+0000] {logging_mixin.py:190} INFO - [2026-08-08T07:09:43.836+0000] {dag.py:4180} INFO - Setting next_dagrun for example_weekday_branch_operator to 2026-08-07 00:00:00+00:00, run_after=2026-08-08 00:00:00+00:00
[2026-08-08T07:09:43.860+0000] {processor.py:208} INFO - Processing /home/airflow/.local/lib/python3.12/site-packages/airflow/example_dags/example_branch_day_of_week_operator.py took 0.106 seconds
[2026-08-08T07:10:15.134+0000] {processor.py:186} INFO - Started process (PID=2133) to work on /home/airflow/.local/lib/python3.12/site-packages/airflow/example_dags/example_branch_day_of_week_operator.py
[2026-08-08T07:10:15.135+0000] {processor.py:914} INFO - Processing file /home/airflow/.local/lib/python3.12/site-packages/airflow/example_dags/example_branch_day_of_week_operator.py for tasks to queue
[2026-08-08T07:10:15.138+0000] {logging_mixin.py:190} INFO - [2026-08-08T07:10:15.138+0000] {dagbag.py:588} INFO - Filling up the DagBag from /home/airflow/.local/lib/python3.12/site-packages/airflow/example_dags/example_branch_day_of_week_operator.py
[2026-08-08T07:10:15.150+0000] {processor.py:925} INFO - DAG(s) 'example_weekday_branch_operator' retrieved from /home/airflow/.local/lib/python3.12/site-packages/airflow/example_dags/example_branch_day_of_week_operator.py
[2026-08-08T07:10:15.173+0000] {logging_mixin.py:190} INFO - [2026-08-08T07:10:15.172+0000] {dag.py:3239} INFO - Sync 1 DAGs
[2026-08-08T07:10:15.199+0000] {logging_mixin.py:190} INFO - [2026-08-08T07:10:15.199+0000] {dag.py:4180} INFO - Setting next_dagrun for example_weekday_branch_operator to 2026-08-07 00:00:00+00:00, run_after=2026-08-08 00:00:00+00:00
[2026-08-08T07:10:15.224+0000] {processor.py:208} INFO - Processing /home/airflow/.local/lib/python3.12/site-packages/airflow/example_dags/example_branch_day_of_week_operator.py took 0.096 seconds
[2026-08-08T07:10:46.846+0000] {processor.py:186} INFO - Started process (PID=2198) to work on /home/airflow/.local/lib/python3.12/site-packages/airflow/example_dags/example_branch_day_of_week_operator.py
[2026-08-08T07:10:46.848+0000] {processor.py:914} INFO - Processing file /home/airflow/.local/lib/python3.12/site-packages/airflow/example_dags/example_branch_day_of_week_operator.py for tasks to queue
[2026-08-08T07:10:46.851+0000] {logging_mixin.py:190} INFO - [2026-08-08T07:10:46.850+0000] {dagbag.py:588} INFO - Filling up the DagBag from /home/airflow/.local/lib/python3.12/site-packages/airflow/example_dags/example_branch_day_of_week_operator.py
[2026-08-08T07:10:46.863+0000] {processor.py:925} INFO - DAG(s) 'example_weekday_branch_operator' retrieved from /home/airflow/.local/lib/python3.12/site-packages/airflow/example_dags/example_branch_day_of_week_operator.py
[2026-08-08T07:10:46.889+0000] {logging_mixin.py:190} INFO - [2026-08-08T07:10:46.888+0000] {dag.py:3239} INFO - Sync 1 DAGs
[2026-08-08T07:10:46.921+0000] {logging_mixin.py:190} INFO - [2026-08-08T07:10:46.920+0000] {dag.py:4180} INFO - Setting next_dagrun for example_weekday_branch_operator to 2026-08-07 00:00:00+00:00, run_after=2026-08-08 00:00:00+00:00
[2026-08-08T07:10:46.947+0000] {processor.py:208} INFO - Processing /home/airflow/.local/lib/python3.12/site-packages/airflow/example_dags/example_branch_day_of_week_operator.py took 0.112 seconds
[2026-08-08T07:11:17.896+0000] {processor.py:186} INFO - Started process (PID=2263) to work on /home/airflow/.local/lib/python3.12/site-packages/airflow/example_dags/example_branch_day_of_week_operator.py
[2026-08-08T07:11:17.898+0000] {processor.py:914} INFO - Processing file /home/airflow/.local/lib/python3.12/site-packages/airflow/example_dags/example_branch_day_of_week_operator.py for tasks to queue
[2026-08-08T07:11:17.900+0000] {logging_mixin.py:190} INFO - [2026-08-08T07:11:17.900+0000] {dagbag.py:588} INFO - Filling up the DagBag from /home/airflow/.local/lib/python3.12/site-packages/airflow/example_dags/example_branch_day_of_week_operator.py
[2026-08-08T07:11:17.913+0000] {processor.py:925} INFO - DAG(s) 'example_weekday_branch_operator' retrieved from /home/airflow/.local/lib/python3.12/site-packages/airflow/example_dags/example_branch_day_of_week_operator.py
[2026-08-08T07:11:17.935+0000] {logging_mixin.py:190} INFO - [2026-08-08T07:11:17.935+0000] {dag.py:3239} INFO - Sync 1 DAGs
[2026-08-08T07:11:17.966+0000] {logging_mixin.py:190} INFO - [2026-08-08T07:11:17.966+0000] {dag.py:4180} INFO - Setting next_dagrun for example_weekday_branch_operator to 2026-08-07 00:00:00+00:00, run_after=2026-08-08 00:00:00+00:00
[2026-08-08T07:11:17.993+0000] {processor.py:208} INFO - Processing /home/airflow/.local/lib/python3.12/site-packages/airflow/example_dags/example_branch_day_of_week_operator.py took 0.103 seconds
[2026-08-08T07:11:49.391+0000] {processor.py:186} INFO - Started process (PID=2328) to work on /home/airflow/.local/lib/python3.12/site-packages/airflow/example_dags/example_branch_day_of_week_operator.py
[2026-08-08T07:11:49.393+0000] {processor.py:914} INFO - Processing file /home/airflow/.local/lib/python3.12/site-packages/airflow/example_dags/example_branch_day_of_week_operator.py for tasks to queue
[2026-08-08T07:11:49.400+0000] {logging_mixin.py:190} INFO - [2026-08-08T07:11:49.399+0000] {dagbag.py:588} INFO - Filling up the DagBag from /home/airflow/.local/lib/python3.12/site-packages/airflow/example_dags/example_branch_day_of_week_operator.py
[2026-08-08T07:11:49.426+0000] {processor.py:925} INFO - DAG(s) 'example_weekday_branch_operator' retrieved from /home/airflow/.local/lib/python3.12/site-packages/airflow/example_dags/example_branch_day_of_week_operator.py
[2026-08-08T07:11:49.465+0000] {logging_mixin.py:190} INFO - [2026-08-08T07:11:49.465+0000] {dag.py:3239} INFO - Sync 1 DAGs
[2026-08-08T07:11:49.511+0000] {logging_mixin.py:190} INFO - [2026-08-08T07:11:49.510+0000] {dag.py:4180} INFO - Setting next_dagrun for example_weekday_branch_operator to 2026-08-07 00:00:00+00:00, run_after=2026-08-08 00:00:00+00:00
[2026-08-08T07:11:49.548+0000] {processor.py:208} INFO - Processing /home/airflow/.local/lib/python3.12/site-packages/airflow/example_dags/example_branch_day_of_week_operator.py took 0.171 seconds
[2026-08-08T07:12:20.224+0000] {processor.py:186} INFO - Started process (PID=2393) to work on /home/airflow/.local/lib/python3.12/site-packages/airflow/example_dags/example_branch_day_of_week_operator.py
[2026-08-08T07:12:20.225+0000] {processor.py:914} INFO - Processing file /home/airflow/.local/lib/python3.12/site-packages/airflow/example_dags/example_branch_day_of_week_operator.py for tasks to queue
[2026-08-08T07:12:20.229+0000] {logging_mixin.py:190} INFO - [2026-08-08T07:12:20.228+0000] {dagbag.py:588} INFO - Filling up the DagBag from /home/airflow/.local/lib/python3.12/site-packages/airflow/example_dags/example_branch_day_of_week_operator.py
[2026-08-08T07:12:20.244+0000] {processor.py:925} INFO - DAG(s) 'example_weekday_branch_operator' retrieved from /home/airflow/.local/lib/python3.12/site-packages/airflow/example_dags/example_branch_day_of_week_operator.py
[2026-08-08T07:12:20.268+0000] {logging_mixin.py:190} INFO - [2026-08-08T07:12:20.268+0000] {dag.py:3239} INFO - Sync 1 DAGs
[2026-08-08T07:12:20.296+0000] {logging_mixin.py:190} INFO - [2026-08-08T07:12:20.296+0000] {dag.py:4180} INFO - Setting next_dagrun for example_weekday_branch_operator to 2026-08-07 00:00:00+00:00, run_after=2026-08-08 00:00:00+00:00
[2026-08-08T07:12:20.323+0000] {processor.py:208} INFO - Processing /home/airflow/.local/lib/python3.12/site-packages/airflow/example_dags/example_branch_day_of_week_operator.py took 0.108 seconds
[2026-08-08T07:12:51.489+0000] {processor.py:186} INFO - Started process (PID=2458) to work on /home/airflow/.local/lib/python3.12/site-packages/airflow/example_dags/example_branch_day_of_week_operator.py
[2026-08-08T07:12:51.492+0000] {processor.py:914} INFO - Processing file /home/airflow/.local/lib/python3.12/site-packages/airflow/example_dags/example_branch_day_of_week_operator.py for tasks to queue
[2026-08-08T07:12:51.499+0000] {logging_mixin.py:190} INFO - [2026-08-08T07:12:51.498+0000] {dagbag.py:588} INFO - Filling up the DagBag from /home/airflow/.local/lib/python3.12/site-packages/airflow/example_dags/example_branch_day_of_week_operator.py
[2026-08-08T07:12:51.526+0000] {processor.py:925} INFO - DAG(s) 'example_weekday_branch_operator' retrieved from /home/airflow/.local/lib/python3.12/site-packages/airflow/example_dags/example_branch_day_of_week_operator.py
[2026-08-08T07:12:51.581+0000] {logging_mixin.py:190} INFO - [2026-08-08T07:12:51.580+0000] {dag.py:3239} INFO - Sync 1 DAGs
[2026-08-08T07:12:51.620+0000] {logging_mixin.py:190} INFO - [2026-08-08T07:12:51.620+0000] {dag.py:4180} INFO - Setting next_dagrun for example_weekday_branch_operator to 2026-08-07 00:00:00+00:00, run_after=2026-08-08 00:00:00+00:00
[2026-08-08T07:12:51.649+0000] {processor.py:208} INFO - Processing /home/airflow/.local/lib/python3.12/site-packages/airflow/example_dags/example_branch_day_of_week_operator.py took 0.173 seconds
[2026-08-08T07:13:22.483+0000] {processor.py:186} INFO - Started process (PID=2523) to work on /home/airflow/.local/lib/python3.12/site-packages/airflow/example_dags/example_branch_day_of_week_operator.py
[2026-08-08T07:13:22.485+0000] {processor.py:914} INFO - Processing file /home/airflow/.local/lib/python3.12/site-packages/airflow/example_dags/example_branch_day_of_week_operator.py for tasks to queue
[2026-08-08T07:13:22.489+0000] {logging_mixin.py:190} INFO - [2026-08-08T07:13:22.489+0000] {dagbag.py:588} INFO - Filling up the DagBag from /home/airflow/.local/lib/python3.12/site-packages/airflow/example_dags/example_branch_day_of_week_operator.py
[2026-08-08T07:13:22.520+0000] {processor.py:925} INFO - DAG(s) 'example_weekday_branch_operator' retrieved from /home/airflow/.local/lib/python3.12/site-packages/airflow/example_dags/example_branch_day_of_week_operator.py
[2026-08-08T07:13:22.586+0000] {logging_mixin.py:190} INFO - [2026-08-08T07:13:22.586+0000] {dag.py:3239} INFO - Sync 1 DAGs
[2026-08-08T07:13:22.662+0000] {logging_mixin.py:190} INFO - [2026-08-08T07:13:22.662+0000] {dag.py:4180} INFO - Setting next_dagrun for example_weekday_branch_operator to 2026-08-07 00:00:00+00:00, run_after=2026-08-08 00:00:00+00:00
[2026-08-08T07:13:22.703+0000] {processor.py:208} INFO - Processing /home/airflow/.local/lib/python3.12/site-packages/airflow/example_dags/example_branch_day_of_week_operator.py took 0.227 seconds
[2026-08-08T07:13:53.062+0000] {processor.py:186} INFO - Started process (PID=2587) to work on /home/airflow/.local/lib/python3.12/site-packages/airflow/example_dags/example_branch_day_of_week_operator.py
[2026-08-08T07:13:53.064+0000] {processor.py:914} INFO - Processing file /home/airflow/.local/lib/python3.12/site-packages/airflow/example_dags/example_branch_day_of_week_operator.py for tasks to queue
[2026-08-08T07:13:53.069+0000] {logging_mixin.py:190} INFO - [2026-08-08T07:13:53.068+0000] {dagbag.py:588} INFO - Filling up the DagBag from /home/airflow/.local/lib/python3.12/site-packages/airflow/example_dags/example_branch_day_of_week_operator.py
[2026-08-08T07:13:53.088+0000] {processor.py:925} INFO - DAG(s) 'example_weekday_branch_operator' retrieved from /home/airflow/.local/lib/python3.12/site-packages/airflow/example_dags/example_branch_day_of_week_operator.py
[2026-08-08T07:13:53.126+0000] {logging_mixin.py:190} INFO - [2026-08-08T07:13:53.126+0000] {dag.py:3239} INFO - Sync 1 DAGs
[2026-08-08T07:13:53.170+0000] {logging_mixin.py:190} INFO - [2026-08-08T07:13:53.170+0000] {dag.py:4180} INFO - Setting next_dagrun for example_weekday_branch_operator to 2026-08-07 00:00:00+00:00, run_after=2026-08-08 00:00:00+00:00
[2026-08-08T07:13:53.199+0000] {processor.py:208} INFO - Processing /home/airflow/.local/lib/python3.12/site-packages/airflow/example_dags/example_branch_day_of_week_operator.py took 0.148 seconds
[2026-08-08T07:14:23.324+0000] {processor.py:186} INFO - Started process (PID=2652) to work on /home/airflow/.local/lib/python3.12/site-packages/airflow/example_dags/example_branch_day_of_week_operator.py
[2026-08-08T07:14:23.326+0000] {processor.py:914} INFO - Processing file /home/airflow/.local/lib/python3.12/site-packages/airflow/example_dags/example_branch_day_of_week_operator.py for tasks to queue
[2026-08-08T07:14:23.331+0000] {logging_mixin.py:190} INFO - [2026-08-08T07:14:23.330+0000] {dagbag.py:588} INFO - Filling up the DagBag from /home/airflow/.local/lib/python3.12/site-packages/airflow/example_dags/example_branch_day_of_week_operator.py
[2026-08-08T07:14:23.347+0000] {processor.py:925} INFO - DAG(s) 'example_weekday_branch_operator' retrieved from /home/airflow/.local/lib/python3.12/site-packages/airflow/example_dags/example_branch_day_of_week_operator.py
[2026-08-08T07:14:23.375+0000] {logging_mixin.py:190} INFO - [2026-08-08T07:14:23.375+0000] {dag.py:3239} INFO - Sync 1 DAGs
[2026-08-08T07:14:23.406+0000] {logging_mixin.py:190} INFO - [2026-08-08T07:14:23.405+0000] {dag.py:4180} INFO - Setting next_dagrun for example_weekday_branch_operator to 2026-08-07 00:00:00+00:00, run_after=2026-08-08 00:00:00+00:00
[2026-08-08T07:14:23.431+0000] {processor.py:208} INFO - Processing /home/airflow/.local/lib/python3.12/site-packages/airflow/example_dags/example_branch_day_of_week_operator.py took 0.118 seconds
[2026-08-08T07:14:53.682+0000] {processor.py:186} INFO - Started process (PID=2717) to work on /home/airflow/.local/lib/python3.12/site-packages/airflow/example_dags/example_branch_day_of_week_operator.py
[2026-08-08T07:14:53.684+0000] {processor.py:914} INFO - Processing file /home/airflow/.local/lib/python3.12/site-packages/airflow/example_dags/example_branch_day_of_week_operator.py for tasks to queue
[2026-08-08T07:14:53.689+0000] {logging_mixin.py:190} INFO - [2026-08-08T07:14:53.688+0000] {dagbag.py:588} INFO - Filling up the DagBag from /home/airflow/.local/lib/python3.12/site-packages/airflow/example_dags/example_branch_day_of_week_operator.py
[2026-08-08T07:14:53.710+0000] {processor.py:925} INFO - DAG(s) 'example_weekday_branch_operator' retrieved from /home/airflow/.local/lib/python3.12/site-packages/airflow/example_dags/example_branch_day_of_week_operator.py
[2026-08-08T07:14:53.739+0000] {logging_mixin.py:190} INFO - [2026-08-08T07:14:53.739+0000] {dag.py:3239} INFO - Sync 1 DAGs
[2026-08-08T07:14:53.775+0000] {logging_mixin.py:190} INFO - [2026-08-08T07:14:53.774+0000] {dag.py:4180} INFO - Setting next_dagrun for example_weekday_branch_operator to 2026-08-07 00:00:00+00:00, run_after=2026-08-08 00:00:00+00:00
[2026-08-08T07:14:53.802+0000] {processor.py:208} INFO - Processing /home/airflow/.local/lib/python3.12/site-packages/airflow/example_dags/example_branch_day_of_week_operator.py took 0.129 seconds
[2026-08-08T07:15:24.054+0000] {processor.py:186} INFO - Started process (PID=2782) to work on /home/airflow/.local/lib/python3.12/site-packages/airflow/example_dags/example_branch_day_of_week_operator.py
[2026-08-08T07:15:24.055+0000] {processor.py:914} INFO - Processing file /home/airflow/.local/lib/python3.12/site-packages/airflow/example_dags/example_branch_day_of_week_operator.py for tasks to queue
[2026-08-08T07:15:24.059+0000] {logging_mixin.py:190} INFO - [2026-08-08T07:15:24.059+0000] {dagbag.py:588} INFO - Filling up the DagBag from /home/airflow/.local/lib/python3.12/site-packages/airflow/example_dags/example_branch_day_of_week_operator.py
[2026-08-08T07:15:24.075+0000] {processor.py:925} INFO - DAG(s) 'example_weekday_branch_operator' retrieved from /home/airflow/.local/lib/python3.12/site-packages/airflow/example_dags/example_branch_day_of_week_operator.py
[2026-08-08T07:15:24.106+0000] {logging_mixin.py:190} INFO - [2026-08-08T07:15:24.105+0000] {dag.py:3239} INFO - Sync 1 DAGs
[2026-08-08T07:15:24.137+0000] {logging_mixin.py:190} INFO - [2026-08-08T07:15:24.137+0000] {dag.py:4180} INFO - Setting next_dagrun for example_weekday_branch_operator to 2026-08-07 00:00:00+00:00, run_after=2026-08-08 00:00:00+00:00
[2026-08-08T07:15:24.164+0000] {processor.py:208} INFO - Processing /home/airflow/.local/lib/python3.12/site-packages/airflow/example_dags/example_branch_day_of_week_operator.py took 0.119 seconds
[2026-08-08T07:15:54.277+0000] {processor.py:186} INFO - Started process (PID=2847) to work on /home/airflow/.local/lib/python3.12/site-packages/airflow/example_dags/example_branch_day_of_week_operator.py
[2026-08-08T07:15:54.278+0000] {processor.py:914} INFO - Processing file /home/airflow/.local/lib/python3.12/site-packages/airflow/example_dags/example_branch_day_of_week_operator.py for tasks to queue
[2026-08-08T07:15:54.283+0000] {logging_mixin.py:190} INFO - [2026-08-08T07:15:54.282+0000] {dagbag.py:588} INFO - Filling up the DagBag from /home/airflow/.local/lib/python3.12/site-packages/airflow/example_dags/example_branch_day_of_week_operator.py
[2026-08-08T07:15:54.297+0000] {processor.py:925} INFO - DAG(s) 'example_weekday_branch_operator' retrieved from /home/airflow/.local/lib/python3.12/site-packages/airflow/example_dags/example_branch_day_of_week_operator.py
[2026-08-08T07:15:54.326+0000] {logging_mixin.py:190} INFO - [2026-08-08T07:15:54.326+0000] {dag.py:3239} INFO - Sync 1 DAGs
[2026-08-08T07:15:54.358+0000] {logging_mixin.py:190} INFO - [2026-08-08T07:15:54.357+0000] {dag.py:4180} INFO - Setting next_dagrun for example_weekday_branch_operator to 2026-08-07 00:00:00+00:00, run_after=2026-08-08 00:00:00+00:00
[2026-08-08T07:15:54.382+0000] {processor.py:208} INFO - Processing /home/airflow/.local/lib/python3.12/site-packages/airflow/example_dags/example_branch_day_of_week_operator.py took 0.117 seconds
[2026-08-08T07:16:24.558+0000] {processor.py:186} INFO - Started process (PID=2912) to work on /home/airflow/.local/lib/python3.12/site-packages/airflow/example_dags/example_branch_day_of_week_operator.py
[2026-08-08T07:16:24.560+0000] {processor.py:914} INFO - Processing file /home/airflow/.local/lib/python3.12/site-packages/airflow/example_dags/example_branch_day_of_week_operator.py for tasks to queue
[2026-08-08T07:16:24.572+0000] {logging_mixin.py:190} INFO - [2026-08-08T07:16:24.571+0000] {dagbag.py:588} INFO - Filling up the DagBag from /home/airflow/.local/lib/python3.12/site-packages/airflow/example_dags/example_branch_day_of_week_operator.py
[2026-08-08T07:16:24.594+0000] {processor.py:925} INFO - DAG(s) 'example_weekday_branch_operator' retrieved from /home/airflow/.local/lib/python3.12/site-packages/airflow/example_dags/example_branch_day_of_week_operator.py
[2026-08-08T07:16:24.625+0000] {logging_mixin.py:190} INFO - [2026-08-08T07:16:24.625+0000] {dag.py:3239} INFO - Sync 1 DAGs
[2026-08-08T07:16:24.664+0000] {logging_mixin.py:190} INFO - [2026-08-08T07:16:24.664+0000] {dag.py:4180} INFO - Setting next_dagrun for example_weekday_branch_operator to 2026-08-07 00:00:00+00:00, run_after=2026-08-08 00:00:00+00:00
[2026-08-08T07:16:24.692+0000] {processor.py:208} INFO - Processing /home/airflow/.local/lib/python3.12/site-packages/airflow/example_dags/example_branch_day_of_week_operator.py took 0.143 seconds
[2026-08-08T07:16:54.879+0000] {processor.py:186} INFO - Started process (PID=2977) to work on /home/airflow/.local/lib/python3.12/site-packages/airflow/example_dags/example_branch_day_of_week_operator.py
[2026-08-08T07:16:54.881+0000] {processor.py:914} INFO - Processing file /home/airflow/.local/lib/python3.12/site-packages/airflow/example_dags/example_branch_day_of_week_operator.py for tasks to queue
[2026-08-08T07:16:54.888+0000] {logging_mixin.py:190} INFO - [2026-08-08T07:16:54.888+0000] {dagbag.py:588} INFO - Filling up the DagBag from /home/airflow/.local/lib/python3.12/site-packages/airflow/example_dags/example_branch_day_of_week_operator.py
[2026-08-08T07:16:54.912+0000] {processor.py:925} INFO - DAG(s) 'example_weekday_branch_operator' retrieved from /home/airflow/.local/lib/python3.12/site-packages/airflow/example_dags/example_branch_day_of_week_operator.py
[2026-08-08T07:16:54.963+0000] {logging_mixin.py:190} INFO - [2026-08-08T07:16:54.962+0000] {dag.py:3239} INFO - Sync 1 DAGs
[2026-08-08T07:16:55.012+0000] {logging_mixin.py:190} INFO - [2026-08-08T07:16:55.012+0000] {dag.py:4180} INFO - Setting next_dagrun for example_weekday_branch_operator to 2026-08-07 00:00:00+00:00, run_after=2026-08-08 00:00:00+00:00
[2026-08-08T07:16:55.041+0000] {processor.py:208} INFO - Processing /home/airflow/.local/lib/python3.12/site-packages/airflow/example_dags/example_branch_day_of_week_operator.py took 0.173 seconds
[2026-08-08T07:17:25.097+0000] {processor.py:186} INFO - Started process (PID=3042) to work on /home/airflow/.local/lib/python3.12/site-packages/airflow/example_dags/example_branch_day_of_week_operator.py
[2026-08-08T07:17:25.098+0000] {processor.py:914} INFO - Processing file /home/airflow/.local/lib/python3.12/site-packages/airflow/example_dags/example_branch_day_of_week_operator.py for tasks to queue
[2026-08-08T07:17:25.102+0000] {logging_mixin.py:190} INFO - [2026-08-08T07:17:25.102+0000] {dagbag.py:588} INFO - Filling up the DagBag from /home/airflow/.local/lib/python3.12/site-packages/airflow/example_dags/example_branch_day_of_week_operator.py
[2026-08-08T07:17:25.113+0000] {processor.py:925} INFO - DAG(s) 'example_weekday_branch_operator' retrieved from /home/airflow/.local/lib/python3.12/site-packages/airflow/example_dags/example_branch_day_of_week_operator.py
[2026-08-08T07:17:25.136+0000] {logging_mixin.py:190} INFO - [2026-08-08T07:17:25.136+0000] {dag.py:3239} INFO - Sync 1 DAGs
[2026-08-08T07:17:25.164+0000] {logging_mixin.py:190} INFO - [2026-08-08T07:17:25.164+0000] {dag.py:4180} INFO - Setting next_dagrun for example_weekday_branch_operator to 2026-08-07 00:00:00+00:00, run_after=2026-08-08 00:00:00+00:00
[2026-08-08T07:17:25.186+0000] {processor.py:208} INFO - Processing /home/airflow/.local/lib/python3.12/site-packages/airflow/example_dags/example_branch_day_of_week_operator.py took 0.096 seconds
[2026-08-08T07:17:55.474+0000] {processor.py:186} INFO - Started process (PID=3107) to work on /home/airflow/.local/lib/python3.12/site-packages/airflow/example_dags/example_branch_day_of_week_operator.py
[2026-08-08T07:17:55.475+0000] {processor.py:914} INFO - Processing file /home/airflow/.local/lib/python3.12/site-packages/airflow/example_dags/example_branch_day_of_week_operator.py for tasks to queue
[2026-08-08T07:17:55.478+0000] {logging_mixin.py:190} INFO - [2026-08-08T07:17:55.478+0000] {dagbag.py:588} INFO - Filling up the DagBag from /home/airflow/.local/lib/python3.12/site-packages/airflow/example_dags/example_branch_day_of_week_operator.py
[2026-08-08T07:17:55.489+0000] {processor.py:925} INFO - DAG(s) 'example_weekday_branch_operator' retrieved from /home/airflow/.local/lib/python3.12/site-packages/airflow/example_dags/example_branch_day_of_week_operator.py
[2026-08-08T07:17:55.509+0000] {logging_mixin.py:190} INFO - [2026-08-08T07:17:55.509+0000] {dag.py:3239} INFO - Sync 1 DAGs
[2026-08-08T07:17:55.539+0000] {logging_mixin.py:190} INFO - [2026-08-08T07:17:55.539+0000] {dag.py:4180} INFO - Setting next_dagrun for example_weekday_branch_operator to 2026-08-07 00:00:00+00:00, run_after=2026-08-08 00:00:00+00:00
[2026-08-08T07:17:55.742+0000] {processor.py:208} INFO - Processing /home/airflow/.local/lib/python3.12/site-packages/airflow/example_dags/example_branch_day_of_week_operator.py took 0.273 seconds
[2026-08-08T07:18:25.815+0000] {processor.py:186} INFO - Started process (PID=3173) to work on /home/airflow/.local/lib/python3.12/site-packages/airflow/example_dags/example_branch_day_of_week_operator.py
[2026-08-08T07:18:25.816+0000] {processor.py:914} INFO - Processing file /home/airflow/.local/lib/python3.12/site-packages/airflow/example_dags/example_branch_day_of_week_operator.py for tasks to queue
[2026-08-08T07:18:25.819+0000] {logging_mixin.py:190} INFO - [2026-08-08T07:18:25.819+0000] {dagbag.py:588} INFO - Filling up the DagBag from /home/airflow/.local/lib/python3.12/site-packages/airflow/example_dags/example_branch_day_of_week_operator.py
[2026-08-08T07:18:25.830+0000] {processor.py:925} INFO - DAG(s) 'example_weekday_branch_operator' retrieved from /home/airflow/.local/lib/python3.12/site-packages/airflow/example_dags/example_branch_day_of_week_operator.py
[2026-08-08T07:18:25.853+0000] {logging_mixin.py:190} INFO - [2026-08-08T07:18:25.853+0000] {dag.py:3239} INFO - Sync 1 DAGs
[2026-08-08T07:18:25.879+0000] {logging_mixin.py:190} INFO - [2026-08-08T07:18:25.879+0000] {dag.py:4180} INFO - Setting next_dagrun for example_weekday_branch_operator to 2026-08-07 00:00:00+00:00, run_after=2026-08-08 00:00:00+00:00
[2026-08-08T07:18:25.901+0000] {processor.py:208} INFO - Processing /home/airflow/.local/lib/python3.12/site-packages/airflow/example_dags/example_branch_day_of_week_operator.py took 0.092 seconds
[2026-08-08T07:18:56.141+0000] {processor.py:186} INFO - Started process (PID=3238) to work on /home/airflow/.local/lib/python3.12/site-packages/airflow/example_dags/example_branch_day_of_week_operator.py
[2026-08-08T07:18:56.143+0000] {processor.py:914} INFO - Processing file /home/airflow/.local/lib/python3.12/site-packages/airflow/example_dags/example_branch_day_of_week_operator.py for tasks to queue
[2026-08-08T07:18:56.145+0000] {logging_mixin.py:190} INFO - [2026-08-08T07:18:56.145+0000] {dagbag.py:588} INFO - Filling up the DagBag from /home/airflow/.local/lib/python3.12/site-packages/airflow/example_dags/example_branch_day_of_week_operator.py
[2026-08-08T07:18:56.157+0000] {processor.py:925} INFO - DAG(s) 'example_weekday_branch_operator' retrieved from /home/airflow/.local/lib/python3.12/site-packages/airflow/example_dags/example_branch_day_of_week_operator.py
[2026-08-08T07:18:56.178+0000] {logging_mixin.py:190} INFO - [2026-08-08T07:18:56.178+0000] {dag.py:3239} INFO - Sync 1 DAGs
[2026-08-08T07:18:56.210+0000] {logging_mixin.py:190} INFO - [2026-08-08T07:18:56.210+0000] {dag.py:4180} INFO - Setting next_dagrun for example_weekday_branch_operator to 2026-08-07 00:00:00+00:00, run_after=2026-08-08 00:00:00+00:00
[2026-08-08T07:18:56.234+0000] {processor.py:208} INFO - Processing /home/airflow/.local/lib/python3.12/site-packages/airflow/example_dags/example_branch_day_of_week_operator.py took 0.099 seconds
[2026-08-08T07:19:26.497+0000] {processor.py:186} INFO - Started process (PID=3303) to work on /home/airflow/.local/lib/python3.12/site-packages/airflow/example_dags/example_branch_day_of_week_operator.py
[2026-08-08T07:19:26.498+0000] {processor.py:914} INFO - Processing file /home/airflow/.local/lib/python3.12/site-packages/airflow/example_dags/example_branch_day_of_week_operator.py for tasks to queue
[2026-08-08T07:19:26.502+0000] {logging_mixin.py:190} INFO - [2026-08-08T07:19:26.501+0000] {dagbag.py:588} INFO - Filling up the DagBag from /home/airflow/.local/lib/python3.12/site-packages/airflow/example_dags/example_branch_day_of_week_operator.py
[2026-08-08T07:19:26.512+0000] {processor.py:925} INFO - DAG(s) 'example_weekday_branch_operator' retrieved from /home/airflow/.local/lib/python3.12/site-packages/airflow/example_dags/example_branch_day_of_week_operator.py
[2026-08-08T07:19:26.530+0000] {logging_mixin.py:190} INFO - [2026-08-08T07:19:26.530+0000] {dag.py:3239} INFO - Sync 1 DAGs
[2026-08-08T07:19:26.724+0000] {logging_mixin.py:190} INFO - [2026-08-08T07:19:26.724+0000] {dag.py:4180} INFO - Setting next_dagrun for example_weekday_branch_operator to 2026-08-07 00:00:00+00:00, run_after=2026-08-08 00:00:00+00:00
[2026-08-08T07:19:26.741+0000] {processor.py:208} INFO - Processing /home/airflow/.local/lib/python3.12/site-packages/airflow/example_dags/example_branch_day_of_week_operator.py took 0.250 seconds
[2026-08-08T07:19:56.843+0000] {processor.py:186} INFO - Started process (PID=3368) to work on /home/airflow/.local/lib/python3.12/site-packages/airflow/example_dags/example_branch_day_of_week_operator.py
[2026-08-08T07:19:56.845+0000] {processor.py:914} INFO - Processing file /home/airflow/.local/lib/python3.12/site-packages/airflow/example_dags/example_branch_day_of_week_operator.py for tasks to queue
[2026-08-08T07:19:56.847+0000] {logging_mixin.py:190} INFO - [2026-08-08T07:19:56.847+0000] {dagbag.py:588} INFO - Filling up the DagBag from /home/airflow/.local/lib/python3.12/site-packages/airflow/example_dags/example_branch_day_of_week_operator.py
[2026-08-08T07:19:56.858+0000] {processor.py:925} INFO - DAG(s) 'example_weekday_branch_operator' retrieved from /home/airflow/.local/lib/python3.12/site-packages/airflow/example_dags/example_branch_day_of_week_operator.py
[2026-08-08T07:19:56.878+0000] {logging_mixin.py:190} INFO - [2026-08-08T07:19:56.877+0000] {dag.py:3239} INFO - Sync 1 DAGs
[2026-08-08T07:19:56.903+0000] {logging_mixin.py:190} INFO - [2026-08-08T07:19:56.903+0000] {dag.py:4180} INFO - Setting next_dagrun for example_weekday_branch_operator to 2026-08-07 00:00:00+00:00, run_after=2026-08-08 00:00:00+00:00
[2026-08-08T07:19:57.083+0000] {processor.py:208} INFO - Processing /home/airflow/.local/lib/python3.12/site-packages/airflow/example_dags/example_branch_day_of_week_operator.py took 0.246 seconds
[2026-08-08T07:20:28.004+0000] {processor.py:186} INFO - Started process (PID=3433) to work on /home/airflow/.local/lib/python3.12/site-packages/airflow/example_dags/example_branch_day_of_week_operator.py
[2026-08-08T07:20:28.005+0000] {processor.py:914} INFO - Processing file /home/airflow/.local/lib/python3.12/site-packages/airflow/example_dags/example_branch_day_of_week_operator.py for tasks to queue
[2026-08-08T07:20:28.008+0000] {logging_mixin.py:190} INFO - [2026-08-08T07:20:28.008+0000] {dagbag.py:588} INFO - Filling up the DagBag from /home/airflow/.local/lib/python3.12/site-packages/airflow/example_dags/example_branch_day_of_week_operator.py
[2026-08-08T07:20:28.020+0000] {processor.py:925} INFO - DAG(s) 'example_weekday_branch_operator' retrieved from /home/airflow/.local/lib/python3.12/site-packages/airflow/example_dags/example_branch_day_of_week_operator.py
[2026-08-08T07:20:28.040+0000] {logging_mixin.py:190} INFO - [2026-08-08T07:20:28.039+0000] {dag.py:3239} INFO - Sync 1 DAGs
[2026-08-08T07:20:28.065+0000] {logging_mixin.py:190} INFO - [2026-08-08T07:20:28.065+0000] {dag.py:4180} INFO - Setting next_dagrun for example_weekday_branch_operator to 2026-08-07 00:00:00+00:00, run_after=2026-08-08 00:00:00+00:00
[2026-08-08T07:20:28.088+0000] {processor.py:208} INFO - Processing /home/airflow/.local/lib/python3.12/site-packages/airflow/example_dags/example_branch_day_of_week_operator.py took 0.090 seconds
[2026-08-08T07:20:58.484+0000] {processor.py:186} INFO - Started process (PID=3498) to work on /home/airflow/.local/lib/python3.12/site-packages/airflow/example_dags/example_branch_day_of_week_operator.py
[2026-08-08T07:20:58.485+0000] {processor.py:914} INFO - Processing file /home/airflow/.local/lib/python3.12/site-packages/airflow/example_dags/example_branch_day_of_week_operator.py for tasks to queue
[2026-08-08T07:20:58.489+0000] {logging_mixin.py:190} INFO - [2026-08-08T07:20:58.488+0000] {dagbag.py:588} INFO - Filling up the DagBag from /home/airflow/.local/lib/python3.12/site-packages/airflow/example_dags/example_branch_day_of_week_operator.py
[2026-08-08T07:20:58.500+0000] {processor.py:925} INFO - DAG(s) 'example_weekday_branch_operator' retrieved from /home/airflow/.local/lib/python3.12/site-packages/airflow/example_dags/example_branch_day_of_week_operator.py
[2026-08-08T07:20:58.522+0000] {logging_mixin.py:190} INFO - [2026-08-08T07:20:58.522+0000] {dag.py:3239} INFO - Sync 1 DAGs
[2026-08-08T07:20:58.548+0000] {logging_mixin.py:190} INFO - [2026-08-08T07:20:58.548+0000] {dag.py:4180} INFO - Setting next_dagrun for example_weekday_branch_operator to 2026-08-07 00:00:00+00:00, run_after=2026-08-08 00:00:00+00:00
[2026-08-08T07:20:58.568+0000] {processor.py:208} INFO - Processing /home/airflow/.local/lib/python3.12/site-packages/airflow/example_dags/example_branch_day_of_week_operator.py took 0.092 seconds
[2026-08-08T07:21:28.658+0000] {processor.py:186} INFO - Started process (PID=3563) to work on /home/airflow/.local/lib/python3.12/site-packages/airflow/example_dags/example_branch_day_of_week_operator.py
[2026-08-08T07:21:28.659+0000] {processor.py:914} INFO - Processing file /home/airflow/.local/lib/python3.12/site-packages/airflow/example_dags/example_branch_day_of_week_operator.py for tasks to queue
[2026-08-08T07:21:28.663+0000] {logging_mixin.py:190} INFO - [2026-08-08T07:21:28.662+0000] {dagbag.py:588} INFO - Filling up the DagBag from /home/airflow/.local/lib/python3.12/site-packages/airflow/example_dags/example_branch_day_of_week_operator.py
[2026-08-08T07:21:28.674+0000] {processor.py:925} INFO - DAG(s) 'example_weekday_branch_operator' retrieved from /home/airflow/.local/lib/python3.12/site-packages/airflow/example_dags/example_branch_day_of_week_operator.py
[2026-08-08T07:21:28.697+0000] {logging_mixin.py:190} INFO - [2026-08-08T07:21:28.696+0000] {dag.py:3239} INFO - Sync 1 DAGs
[2026-08-08T07:21:28.724+0000] {logging_mixin.py:190} INFO - [2026-08-08T07:21:28.724+0000] {dag.py:4180} INFO - Setting next_dagrun for example_weekday_branch_operator to 2026-08-07 00:00:00+00:00, run_after=2026-08-08 00:00:00+00:00
[2026-08-08T07:21:28.745+0000] {processor.py:208} INFO - Processing /home/airflow/.local/lib/python3.12/site-packages/airflow/example_dags/example_branch_day_of_week_operator.py took 0.093 seconds
[2026-08-08T07:21:59.395+0000] {processor.py:186} INFO - Started process (PID=3628) to work on /home/airflow/.local/lib/python3.12/site-packages/airflow/example_dags/example_branch_day_of_week_operator.py
[2026-08-08T07:21:59.397+0000] {processor.py:914} INFO - Processing file /home/airflow/.local/lib/python3.12/site-packages/airflow/example_dags/example_branch_day_of_week_operator.py for tasks to queue
[2026-08-08T07:21:59.400+0000] {logging_mixin.py:190} INFO - [2026-08-08T07:21:59.399+0000] {dagbag.py:588} INFO - Filling up the DagBag from /home/airflow/.local/lib/python3.12/site-packages/airflow/example_dags/example_branch_day_of_week_operator.py
[2026-08-08T07:21:59.411+0000] {processor.py:925} INFO - DAG(s) 'example_weekday_branch_operator' retrieved from /home/airflow/.local/lib/python3.12/site-packages/airflow/example_dags/example_branch_day_of_week_operator.py
[2026-08-08T07:21:59.434+0000] {logging_mixin.py:190} INFO - [2026-08-08T07:21:59.434+0000] {dag.py:3239} INFO - Sync 1 DAGs
[2026-08-08T07:21:59.462+0000] {logging_mixin.py:190} INFO - [2026-08-08T07:21:59.462+0000] {dag.py:4180} INFO - Setting next_dagrun for example_weekday_branch_operator to 2026-08-07 00:00:00+00:00, run_after=2026-08-08 00:00:00+00:00
[2026-08-08T07:21:59.485+0000] {processor.py:208} INFO - Processing /home/airflow/.local/lib/python3.12/site-packages/airflow/example_dags/example_branch_day_of_week_operator.py took 0.095 seconds
[2026-08-08T07:22:30.043+0000] {processor.py:186} INFO - Started process (PID=3693) to work on /home/airflow/.local/lib/python3.12/site-packages/airflow/example_dags/example_branch_day_of_week_operator.py
[2026-08-08T07:22:30.044+0000] {processor.py:914} INFO - Processing file /home/airflow/.local/lib/python3.12/site-packages/airflow/example_dags/example_branch_day_of_week_operator.py for tasks to queue
[2026-08-08T07:22:30.047+0000] {logging_mixin.py:190} INFO - [2026-08-08T07:22:30.047+0000] {dagbag.py:588} INFO - Filling up the DagBag from /home/airflow/.local/lib/python3.12/site-packages/airflow/example_dags/example_branch_day_of_week_operator.py
[2026-08-08T07:22:30.058+0000] {processor.py:925} INFO - DAG(s) 'example_weekday_branch_operator' retrieved from /home/airflow/.local/lib/python3.12/site-packages/airflow/example_dags/example_branch_day_of_week_operator.py
[2026-08-08T07:22:30.087+0000] {logging_mixin.py:190} INFO - [2026-08-08T07:22:30.087+0000] {dag.py:3239} INFO - Sync 1 DAGs
[2026-08-08T07:22:30.119+0000] {logging_mixin.py:190} INFO - [2026-08-08T07:22:30.119+0000] {dag.py:4180} INFO - Setting next_dagrun for example_weekday_branch_operator to 2026-08-07 00:00:00+00:00, run_after=2026-08-08 00:00:00+00:00
[2026-08-08T07:22:30.142+0000] {processor.py:208} INFO - Processing /home/airflow/.local/lib/python3.12/site-packages/airflow/example_dags/example_branch_day_of_week_operator.py took 0.106 seconds
[2026-08-08T07:23:00.596+0000] {processor.py:186} INFO - Started process (PID=3758) to work on /home/airflow/.local/lib/python3.12/site-packages/airflow/example_dags/example_branch_day_of_week_operator.py
[2026-08-08T07:23:00.597+0000] {processor.py:914} INFO - Processing file /home/airflow/.local/lib/python3.12/site-packages/airflow/example_dags/example_branch_day_of_week_operator.py for tasks to queue
[2026-08-08T07:23:00.600+0000] {logging_mixin.py:190} INFO - [2026-08-08T07:23:00.600+0000] {dagbag.py:588} INFO - Filling up the DagBag from /home/airflow/.local/lib/python3.12/site-packages/airflow/example_dags/example_branch_day_of_week_operator.py
[2026-08-08T07:23:00.610+0000] {processor.py:925} INFO - DAG(s) 'example_weekday_branch_operator' retrieved from /home/airflow/.local/lib/python3.12/site-packages/airflow/example_dags/example_branch_day_of_week_operator.py
[2026-08-08T07:23:00.633+0000] {logging_mixin.py:190} INFO - [2026-08-08T07:23:00.633+0000] {dag.py:3239} INFO - Sync 1 DAGs
[2026-08-08T07:23:00.665+0000] {logging_mixin.py:190} INFO - [2026-08-08T07:23:00.665+0000] {dag.py:4180} INFO - Setting next_dagrun for example_weekday_branch_operator to 2026-08-07 00:00:00+00:00, run_after=2026-08-08 00:00:00+00:00
[2026-08-08T07:23:00.700+0000] {processor.py:208} INFO - Processing /home/airflow/.local/lib/python3.12/site-packages/airflow/example_dags/example_branch_day_of_week_operator.py took 0.109 seconds
[2026-08-08T07:23:30.769+0000] {processor.py:186} INFO - Started process (PID=3823) to work on /home/airflow/.local/lib/python3.12/site-packages/airflow/example_dags/example_branch_day_of_week_operator.py
[2026-08-08T07:23:30.771+0000] {processor.py:914} INFO - Processing file /home/airflow/.local/lib/python3.12/site-packages/airflow/example_dags/example_branch_day_of_week_operator.py for tasks to queue
[2026-08-08T07:23:30.774+0000] {logging_mixin.py:190} INFO - [2026-08-08T07:23:30.774+0000] {dagbag.py:588} INFO - Filling up the DagBag from /home/airflow/.local/lib/python3.12/site-packages/airflow/example_dags/example_branch_day_of_week_operator.py
[2026-08-08T07:23:30.787+0000] {processor.py:925} INFO - DAG(s) 'example_weekday_branch_operator' retrieved from /home/airflow/.local/lib/python3.12/site-packages/airflow/example_dags/example_branch_day_of_week_operator.py
[2026-08-08T07:23:30.815+0000] {logging_mixin.py:190} INFO - [2026-08-08T07:23:30.815+0000] {dag.py:3239} INFO - Sync 1 DAGs
[2026-08-08T07:23:30.843+0000] {logging_mixin.py:190} INFO - [2026-08-08T07:23:30.843+0000] {dag.py:4180} INFO - Setting next_dagrun for example_weekday_branch_operator to 2026-08-07 00:00:00+00:00, run_after=2026-08-08 00:00:00+00:00
[2026-08-08T07:23:30.866+0000] {processor.py:208} INFO - Processing /home/airflow/.local/lib/python3.12/site-packages/airflow/example_dags/example_branch_day_of_week_operator.py took 0.105 seconds
[2026-08-08T07:24:01.251+0000] {processor.py:186} INFO - Started process (PID=3888) to work on /home/airflow/.local/lib/python3.12/site-packages/airflow/example_dags/example_branch_day_of_week_operator.py
[2026-08-08T07:24:01.253+0000] {processor.py:914} INFO - Processing file /home/airflow/.local/lib/python3.12/site-packages/airflow/example_dags/example_branch_day_of_week_operator.py for tasks to queue
[2026-08-08T07:24:01.256+0000] {logging_mixin.py:190} INFO - [2026-08-08T07:24:01.256+0000] {dagbag.py:588} INFO - Filling up the DagBag from /home/airflow/.local/lib/python3.12/site-packages/airflow/example_dags/example_branch_day_of_week_operator.py
[2026-08-08T07:24:01.268+0000] {processor.py:925} INFO - DAG(s) 'example_weekday_branch_operator' retrieved from /home/airflow/.local/lib/python3.12/site-packages/airflow/example_dags/example_branch_day_of_week_operator.py
[2026-08-08T07:24:01.291+0000] {logging_mixin.py:190} INFO - [2026-08-08T07:24:01.291+0000] {dag.py:3239} INFO - Sync 1 DAGs
[2026-08-08T07:24:01.317+0000] {logging_mixin.py:190} INFO - [2026-08-08T07:24:01.317+0000] {dag.py:4180} INFO - Setting next_dagrun for example_weekday_branch_operator to 2026-08-07 00:00:00+00:00, run_after=2026-08-08 00:00:00+00:00
[2026-08-08T07:24:01.347+0000] {processor.py:208} INFO - Processing /home/airflow/.local/lib/python3.12/site-packages/airflow/example_dags/example_branch_day_of_week_operator.py took 0.102 seconds
[2026-08-08T07:24:31.416+0000] {processor.py:186} INFO - Started process (PID=3953) to work on /home/airflow/.local/lib/python3.12/site-packages/airflow/example_dags/example_branch_day_of_week_operator.py
[2026-08-08T07:24:31.417+0000] {processor.py:914} INFO - Processing file /home/airflow/.local/lib/python3.12/site-packages/airflow/example_dags/example_branch_day_of_week_operator.py for tasks to queue
[2026-08-08T07:24:31.421+0000] {logging_mixin.py:190} INFO - [2026-08-08T07:24:31.420+0000] {dagbag.py:588} INFO - Filling up the DagBag from /home/airflow/.local/lib/python3.12/site-packages/airflow/example_dags/example_branch_day_of_week_operator.py
[2026-08-08T07:24:31.432+0000] {processor.py:925} INFO - DAG(s) 'example_weekday_branch_operator' retrieved from /home/airflow/.local/lib/python3.12/site-packages/airflow/example_dags/example_branch_day_of_week_operator.py
[2026-08-08T07:24:31.464+0000] {logging_mixin.py:190} INFO - [2026-08-08T07:24:31.463+0000] {dag.py:3239} INFO - Sync 1 DAGs
[2026-08-08T07:24:31.507+0000] {logging_mixin.py:190} INFO - [2026-08-08T07:24:31.507+0000] {dag.py:4180} INFO - Setting next_dagrun for example_weekday_branch_operator to 2026-08-07 00:00:00+00:00, run_after=2026-08-08 00:00:00+00:00
[2026-08-08T07:24:31.535+0000] {processor.py:208} INFO - Processing /home/airflow/.local/lib/python3.12/site-packages/airflow/example_dags/example_branch_day_of_week_operator.py took 0.126 seconds
[2026-08-08T07:25:01.783+0000] {processor.py:186} INFO - Started process (PID=4018) to work on /home/airflow/.local/lib/python3.12/site-packages/airflow/example_dags/example_branch_day_of_week_operator.py
[2026-08-08T07:25:01.784+0000] {processor.py:914} INFO - Processing file /home/airflow/.local/lib/python3.12/site-packages/airflow/example_dags/example_branch_day_of_week_operator.py for tasks to queue
[2026-08-08T07:25:01.788+0000] {logging_mixin.py:190} INFO - [2026-08-08T07:25:01.787+0000] {dagbag.py:588} INFO - Filling up the DagBag from /home/airflow/.local/lib/python3.12/site-packages/airflow/example_dags/example_branch_day_of_week_operator.py
[2026-08-08T07:25:01.799+0000] {processor.py:925} INFO - DAG(s) 'example_weekday_branch_operator' retrieved from /home/airflow/.local/lib/python3.12/site-packages/airflow/example_dags/example_branch_day_of_week_operator.py
[2026-08-08T07:25:01.819+0000] {logging_mixin.py:190} INFO - [2026-08-08T07:25:01.819+0000] {dag.py:3239} INFO - Sync 1 DAGs
[2026-08-08T07:25:01.846+0000] {logging_mixin.py:190} INFO - [2026-08-08T07:25:01.846+0000] {dag.py:4180} INFO - Setting next_dagrun for example_weekday_branch_operator to 2026-08-07 00:00:00+00:00, run_after=2026-08-08 00:00:00+00:00
[2026-08-08T07:25:01.866+0000] {processor.py:208} INFO - Processing /home/airflow/.local/lib/python3.12/site-packages/airflow/example_dags/example_branch_day_of_week_operator.py took 0.089 seconds
[2026-08-08T07:25:31.909+0000] {processor.py:186} INFO - Started process (PID=4083) to work on /home/airflow/.local/lib/python3.12/site-packages/airflow/example_dags/example_branch_day_of_week_operator.py
[2026-08-08T07:25:31.910+0000] {processor.py:914} INFO - Processing file /home/airflow/.local/lib/python3.12/site-packages/airflow/example_dags/example_branch_day_of_week_operator.py for tasks to queue
[2026-08-08T07:25:31.914+0000] {logging_mixin.py:190} INFO - [2026-08-08T07:25:31.913+0000] {dagbag.py:588} INFO - Filling up the DagBag from /home/airflow/.local/lib/python3.12/site-packages/airflow/example_dags/example_branch_day_of_week_operator.py
[2026-08-08T07:25:31.927+0000] {processor.py:925} INFO - DAG(s) 'example_weekday_branch_operator' retrieved from /home/airflow/.local/lib/python3.12/site-packages/airflow/example_dags/example_branch_day_of_week_operator.py
[2026-08-08T07:25:31.955+0000] {logging_mixin.py:190} INFO - [2026-08-08T07:25:31.955+0000] {dag.py:3239} INFO - Sync 1 DAGs
[2026-08-08T07:25:31.992+0000] {logging_mixin.py:190} INFO - [2026-08-08T07:25:31.992+0000] {dag.py:4180} INFO - Setting next_dagrun for example_weekday_branch_operator to 2026-08-07 00:00:00+00:00, run_after=2026-08-08 00:00:00+00:00
[2026-08-08T07:25:32.018+0000] {processor.py:208} INFO - Processing /home/airflow/.local/lib/python3.12/site-packages/airflow/example_dags/example_branch_day_of_week_operator.py took 0.116 seconds
[2026-08-08T07:26:02.349+0000] {processor.py:186} INFO - Started process (PID=4148) to work on /home/airflow/.local/lib/python3.12/site-packages/airflow/example_dags/example_branch_day_of_week_operator.py
[2026-08-08T07:26:02.351+0000] {processor.py:914} INFO - Processing file /home/airflow/.local/lib/python3.12/site-packages/airflow/example_dags/example_branch_day_of_week_operator.py for tasks to queue
[2026-08-08T07:26:02.355+0000] {logging_mixin.py:190} INFO - [2026-08-08T07:26:02.354+0000] {dagbag.py:588} INFO - Filling up the DagBag from /home/airflow/.local/lib/python3.12/site-packages/airflow/example_dags/example_branch_day_of_week_operator.py
[2026-08-08T07:26:02.367+0000] {processor.py:925} INFO - DAG(s) 'example_weekday_branch_operator' retrieved from /home/airflow/.local/lib/python3.12/site-packages/airflow/example_dags/example_branch_day_of_week_operator.py
[2026-08-08T07:26:02.390+0000] {logging_mixin.py:190} INFO - [2026-08-08T07:26:02.390+0000] {dag.py:3239} INFO - Sync 1 DAGs
[2026-08-08T07:26:02.420+0000] {logging_mixin.py:190} INFO - [2026-08-08T07:26:02.420+0000] {dag.py:4180} INFO - Setting next_dagrun for example_weekday_branch_operator to 2026-08-07 00:00:00+00:00, run_after=2026-08-08 00:00:00+00:00
[2026-08-08T07:26:02.445+0000] {processor.py:208} INFO - Processing /home/airflow/.local/lib/python3.12/site-packages/airflow/example_dags/example_branch_day_of_week_operator.py took 0.102 seconds
[2026-08-08T07:26:32.826+0000] {processor.py:186} INFO - Started process (PID=4213) to work on /home/airflow/.local/lib/python3.12/site-packages/airflow/example_dags/example_branch_day_of_week_operator.py
[2026-08-08T07:26:32.829+0000] {processor.py:914} INFO - Processing file /home/airflow/.local/lib/python3.12/site-packages/airflow/example_dags/example_branch_day_of_week_operator.py for tasks to queue
[2026-08-08T07:26:32.835+0000] {logging_mixin.py:190} INFO - [2026-08-08T07:26:32.835+0000] {dagbag.py:588} INFO - Filling up the DagBag from /home/airflow/.local/lib/python3.12/site-packages/airflow/example_dags/example_branch_day_of_week_operator.py
[2026-08-08T07:26:32.857+0000] {processor.py:925} INFO - DAG(s) 'example_weekday_branch_operator' retrieved from /home/airflow/.local/lib/python3.12/site-packages/airflow/example_dags/example_branch_day_of_week_operator.py
[2026-08-08T07:26:32.891+0000] {logging_mixin.py:190} INFO - [2026-08-08T07:26:32.891+0000] {dag.py:3239} INFO - Sync 1 DAGs
[2026-08-08T07:26:32.926+0000] {logging_mixin.py:190} INFO - [2026-08-08T07:26:32.926+0000] {dag.py:4180} INFO - Setting next_dagrun for example_weekday_branch_operator to 2026-08-07 00:00:00+00:00, run_after=2026-08-08 00:00:00+00:00
[2026-08-08T07:26:32.952+0000] {processor.py:208} INFO - Processing /home/airflow/.local/lib/python3.12/site-packages/airflow/example_dags/example_branch_day_of_week_operator.py took 0.138 seconds
[2026-08-08T07:27:03.337+0000] {processor.py:186} INFO - Started process (PID=4278) to work on /home/airflow/.local/lib/python3.12/site-packages/airflow/example_dags/example_branch_day_of_week_operator.py
[2026-08-08T07:27:03.339+0000] {processor.py:914} INFO - Processing file /home/airflow/.local/lib/python3.12/site-packages/airflow/example_dags/example_branch_day_of_week_operator.py for tasks to queue
[2026-08-08T07:27:03.345+0000] {logging_mixin.py:190} INFO - [2026-08-08T07:27:03.344+0000] {dagbag.py:588} INFO - Filling up the DagBag from /home/airflow/.local/lib/python3.12/site-packages/airflow/example_dags/example_branch_day_of_week_operator.py
[2026-08-08T07:27:03.359+0000] {processor.py:925} INFO - DAG(s) 'example_weekday_branch_operator' retrieved from /home/airflow/.local/lib/python3.12/site-packages/airflow/example_dags/example_branch_day_of_week_operator.py
[2026-08-08T07:27:03.394+0000] {logging_mixin.py:190} INFO - [2026-08-08T07:27:03.394+0000] {dag.py:3239} INFO - Sync 1 DAGs
[2026-08-08T07:27:03.439+0000] {logging_mixin.py:190} INFO - [2026-08-08T07:27:03.439+0000] {dag.py:4180} INFO - Setting next_dagrun for example_weekday_branch_operator to 2026-08-07 00:00:00+00:00, run_after=2026-08-08 00:00:00+00:00
[2026-08-08T07:27:03.469+0000] {processor.py:208} INFO - Processing /home/airflow/.local/lib/python3.12/site-packages/airflow/example_dags/example_branch_day_of_week_operator.py took 0.142 seconds
[2026-08-08T07:27:34.165+0000] {processor.py:186} INFO - Started process (PID=4342) to work on /home/airflow/.local/lib/python3.12/site-packages/airflow/example_dags/example_branch_day_of_week_operator.py
[2026-08-08T07:27:34.167+0000] {processor.py:914} INFO - Processing file /home/airflow/.local/lib/python3.12/site-packages/airflow/example_dags/example_branch_day_of_week_operator.py for tasks to queue
[2026-08-08T07:27:34.171+0000] {logging_mixin.py:190} INFO - [2026-08-08T07:27:34.170+0000] {dagbag.py:588} INFO - Filling up the DagBag from /home/airflow/.local/lib/python3.12/site-packages/airflow/example_dags/example_branch_day_of_week_operator.py
[2026-08-08T07:27:34.187+0000] {processor.py:925} INFO - DAG(s) 'example_weekday_branch_operator' retrieved from /home/airflow/.local/lib/python3.12/site-packages/airflow/example_dags/example_branch_day_of_week_operator.py
[2026-08-08T07:27:34.220+0000] {logging_mixin.py:190} INFO - [2026-08-08T07:27:34.220+0000] {dag.py:3239} INFO - Sync 1 DAGs
[2026-08-08T07:27:34.258+0000] {logging_mixin.py:190} INFO - [2026-08-08T07:27:34.257+0000] {dag.py:4180} INFO - Setting next_dagrun for example_weekday_branch_operator to 2026-08-07 00:00:00+00:00, run_after=2026-08-08 00:00:00+00:00
[2026-08-08T07:27:34.282+0000] {processor.py:208} INFO - Processing /home/airflow/.local/lib/python3.12/site-packages/airflow/example_dags/example_branch_day_of_week_operator.py took 0.125 seconds
[2026-08-08T07:28:04.857+0000] {processor.py:186} INFO - Started process (PID=4407) to work on /home/airflow/.local/lib/python3.12/site-packages/airflow/example_dags/example_branch_day_of_week_operator.py
[2026-08-08T07:28:04.858+0000] {processor.py:914} INFO - Processing file /home/airflow/.local/lib/python3.12/site-packages/airflow/example_dags/example_branch_day_of_week_operator.py for tasks to queue
[2026-08-08T07:28:04.863+0000] {logging_mixin.py:190} INFO - [2026-08-08T07:28:04.862+0000] {dagbag.py:588} INFO - Filling up the DagBag from /home/airflow/.local/lib/python3.12/site-packages/airflow/example_dags/example_branch_day_of_week_operator.py
[2026-08-08T07:28:04.877+0000] {processor.py:925} INFO - DAG(s) 'example_weekday_branch_operator' retrieved from /home/airflow/.local/lib/python3.12/site-packages/airflow/example_dags/example_branch_day_of_week_operator.py
[2026-08-08T07:28:04.910+0000] {logging_mixin.py:190} INFO - [2026-08-08T07:28:04.909+0000] {dag.py:3239} INFO - Sync 1 DAGs
[2026-08-08T07:28:04.957+0000] {logging_mixin.py:190} INFO - [2026-08-08T07:28:04.956+0000] {dag.py:4180} INFO - Setting next_dagrun for example_weekday_branch_operator to 2026-08-07 00:00:00+00:00, run_after=2026-08-08 00:00:00+00:00
[2026-08-08T07:28:04.982+0000] {processor.py:208} INFO - Processing /home/airflow/.local/lib/python3.12/site-packages/airflow/example_dags/example_branch_day_of_week_operator.py took 0.133 seconds
[2026-08-08T07:28:35.101+0000] {processor.py:186} INFO - Started process (PID=4472) to work on /home/airflow/.local/lib/python3.12/site-packages/airflow/example_dags/example_branch_day_of_week_operator.py
[2026-08-08T07:28:35.103+0000] {processor.py:914} INFO - Processing file /home/airflow/.local/lib/python3.12/site-packages/airflow/example_dags/example_branch_day_of_week_operator.py for tasks to queue
[2026-08-08T07:28:35.107+0000] {logging_mixin.py:190} INFO - [2026-08-08T07:28:35.107+0000] {dagbag.py:588} INFO - Filling up the DagBag from /home/airflow/.local/lib/python3.12/site-packages/airflow/example_dags/example_branch_day_of_week_operator.py
[2026-08-08T07:28:35.122+0000] {processor.py:925} INFO - DAG(s) 'example_weekday_branch_operator' retrieved from /home/airflow/.local/lib/python3.12/site-packages/airflow/example_dags/example_branch_day_of_week_operator.py
[2026-08-08T07:28:35.149+0000] {logging_mixin.py:190} INFO - [2026-08-08T07:28:35.148+0000] {dag.py:3239} INFO - Sync 1 DAGs
[2026-08-08T07:28:35.183+0000] {logging_mixin.py:190} INFO - [2026-08-08T07:28:35.183+0000] {dag.py:4180} INFO - Setting next_dagrun for example_weekday_branch_operator to 2026-08-07 00:00:00+00:00, run_after=2026-08-08 00:00:00+00:00
[2026-08-08T07:28:35.208+0000] {processor.py:208} INFO - Processing /home/airflow/.local/lib/python3.12/site-packages/airflow/example_dags/example_branch_day_of_week_operator.py took 0.116 seconds
[2026-08-08T07:29:05.749+0000] {processor.py:186} INFO - Started process (PID=4537) to work on /home/airflow/.local/lib/python3.12/site-packages/airflow/example_dags/example_branch_day_of_week_operator.py
[2026-08-08T07:29:05.751+0000] {processor.py:914} INFO - Processing file /home/airflow/.local/lib/python3.12/site-packages/airflow/example_dags/example_branch_day_of_week_operator.py for tasks to queue
[2026-08-08T07:29:05.756+0000] {logging_mixin.py:190} INFO - [2026-08-08T07:29:05.755+0000] {dagbag.py:588} INFO - Filling up the DagBag from /home/airflow/.local/lib/python3.12/site-packages/airflow/example_dags/example_branch_day_of_week_operator.py
[2026-08-08T07:29:05.775+0000] {processor.py:925} INFO - DAG(s) 'example_weekday_branch_operator' retrieved from /home/airflow/.local/lib/python3.12/site-packages/airflow/example_dags/example_branch_day_of_week_operator.py
[2026-08-08T07:29:05.808+0000] {logging_mixin.py:190} INFO - [2026-08-08T07:29:05.808+0000] {dag.py:3239} INFO - Sync 1 DAGs
[2026-08-08T07:29:05.849+0000] {logging_mixin.py:190} INFO - [2026-08-08T07:29:05.848+0000] {dag.py:4180} INFO - Setting next_dagrun for example_weekday_branch_operator to 2026-08-07 00:00:00+00:00, run_after=2026-08-08 00:00:00+00:00
[2026-08-08T07:29:05.874+0000] {processor.py:208} INFO - Processing /home/airflow/.local/lib/python3.12/site-packages/airflow/example_dags/example_branch_day_of_week_operator.py took 0.136 seconds
[2026-08-08T07:29:36.443+0000] {processor.py:186} INFO - Started process (PID=4602) to work on /home/airflow/.local/lib/python3.12/site-packages/airflow/example_dags/example_branch_day_of_week_operator.py
[2026-08-08T07:29:36.445+0000] {processor.py:914} INFO - Processing file /home/airflow/.local/lib/python3.12/site-packages/airflow/example_dags/example_branch_day_of_week_operator.py for tasks to queue
[2026-08-08T07:29:36.449+0000] {logging_mixin.py:190} INFO - [2026-08-08T07:29:36.448+0000] {dagbag.py:588} INFO - Filling up the DagBag from /home/airflow/.local/lib/python3.12/site-packages/airflow/example_dags/example_branch_day_of_week_operator.py
[2026-08-08T07:29:36.470+0000] {processor.py:925} INFO - DAG(s) 'example_weekday_branch_operator' retrieved from /home/airflow/.local/lib/python3.12/site-packages/airflow/example_dags/example_branch_day_of_week_operator.py
[2026-08-08T07:29:36.502+0000] {logging_mixin.py:190} INFO - [2026-08-08T07:29:36.502+0000] {dag.py:3239} INFO - Sync 1 DAGs
[2026-08-08T07:29:36.536+0000] {logging_mixin.py:190} INFO - [2026-08-08T07:29:36.535+0000] {dag.py:4180} INFO - Setting next_dagrun for example_weekday_branch_operator to 2026-08-07 00:00:00+00:00, run_after=2026-08-08 00:00:00+00:00
[2026-08-08T07:29:36.565+0000] {processor.py:208} INFO - Processing /home/airflow/.local/lib/python3.12/site-packages/airflow/example_dags/example_branch_day_of_week_operator.py took 0.135 seconds
[2026-08-08T07:30:06.675+0000] {processor.py:186} INFO - Started process (PID=4667) to work on /home/airflow/.local/lib/python3.12/site-packages/airflow/example_dags/example_branch_day_of_week_operator.py
[2026-08-08T07:30:06.678+0000] {processor.py:914} INFO - Processing file /home/airflow/.local/lib/python3.12/site-packages/airflow/example_dags/example_branch_day_of_week_operator.py for tasks to queue
[2026-08-08T07:30:06.681+0000] {logging_mixin.py:190} INFO - [2026-08-08T07:30:06.681+0000] {dagbag.py:588} INFO - Filling up the DagBag from /home/airflow/.local/lib/python3.12/site-packages/airflow/example_dags/example_branch_day_of_week_operator.py
[2026-08-08T07:30:06.695+0000] {processor.py:925} INFO - DAG(s) 'example_weekday_branch_operator' retrieved from /home/airflow/.local/lib/python3.12/site-packages/airflow/example_dags/example_branch_day_of_week_operator.py
[2026-08-08T07:30:06.725+0000] {logging_mixin.py:190} INFO - [2026-08-08T07:30:06.725+0000] {dag.py:3239} INFO - Sync 1 DAGs
[2026-08-08T07:30:06.774+0000] {logging_mixin.py:190} INFO - [2026-08-08T07:30:06.774+0000] {dag.py:4180} INFO - Setting next_dagrun for example_weekday_branch_operator to 2026-08-07 00:00:00+00:00, run_after=2026-08-08 00:00:00+00:00
[2026-08-08T07:30:06.836+0000] {processor.py:208} INFO - Processing /home/airflow/.local/lib/python3.12/site-packages/airflow/example_dags/example_branch_day_of_week_operator.py took 0.171 seconds
[2026-08-08T07:30:37.313+0000] {processor.py:186} INFO - Started process (PID=4739) to work on /home/airflow/.local/lib/python3.12/site-packages/airflow/example_dags/example_branch_day_of_week_operator.py
[2026-08-08T07:30:37.315+0000] {processor.py:914} INFO - Processing file /home/airflow/.local/lib/python3.12/site-packages/airflow/example_dags/example_branch_day_of_week_operator.py for tasks to queue
[2026-08-08T07:30:37.319+0000] {logging_mixin.py:190} INFO - [2026-08-08T07:30:37.318+0000] {dagbag.py:588} INFO - Filling up the DagBag from /home/airflow/.local/lib/python3.12/site-packages/airflow/example_dags/example_branch_day_of_week_operator.py
[2026-08-08T07:30:37.336+0000] {processor.py:925} INFO - DAG(s) 'example_weekday_branch_operator' retrieved from /home/airflow/.local/lib/python3.12/site-packages/airflow/example_dags/example_branch_day_of_week_operator.py
[2026-08-08T07:30:37.363+0000] {logging_mixin.py:190} INFO - [2026-08-08T07:30:37.363+0000] {dag.py:3239} INFO - Sync 1 DAGs
[2026-08-08T07:30:37.392+0000] {logging_mixin.py:190} INFO - [2026-08-08T07:30:37.392+0000] {dag.py:4180} INFO - Setting next_dagrun for example_weekday_branch_operator to 2026-08-07 00:00:00+00:00, run_after=2026-08-08 00:00:00+00:00
[2026-08-08T07:30:37.415+0000] {processor.py:208} INFO - Processing /home/airflow/.local/lib/python3.12/site-packages/airflow/example_dags/example_branch_day_of_week_operator.py took 0.114 seconds
[2026-08-08T07:31:07.978+0000] {processor.py:186} INFO - Started process (PID=4804) to work on /home/airflow/.local/lib/python3.12/site-packages/airflow/example_dags/example_branch_day_of_week_operator.py
[2026-08-08T07:31:07.980+0000] {processor.py:914} INFO - Processing file /home/airflow/.local/lib/python3.12/site-packages/airflow/example_dags/example_branch_day_of_week_operator.py for tasks to queue
[2026-08-08T07:31:07.983+0000] {logging_mixin.py:190} INFO - [2026-08-08T07:31:07.983+0000] {dagbag.py:588} INFO - Filling up the DagBag from /home/airflow/.local/lib/python3.12/site-packages/airflow/example_dags/example_branch_day_of_week_operator.py
[2026-08-08T07:31:07.998+0000] {processor.py:925} INFO - DAG(s) 'example_weekday_branch_operator' retrieved from /home/airflow/.local/lib/python3.12/site-packages/airflow/example_dags/example_branch_day_of_week_operator.py
[2026-08-08T07:31:08.026+0000] {logging_mixin.py:190} INFO - [2026-08-08T07:31:08.025+0000] {dag.py:3239} INFO - Sync 1 DAGs
[2026-08-08T07:31:08.058+0000] {logging_mixin.py:190} INFO - [2026-08-08T07:31:08.058+0000] {dag.py:4180} INFO - Setting next_dagrun for example_weekday_branch_operator to 2026-08-07 00:00:00+00:00, run_after=2026-08-08 00:00:00+00:00
[2026-08-08T07:31:08.080+0000] {processor.py:208} INFO - Processing /home/airflow/.local/lib/python3.12/site-packages/airflow/example_dags/example_branch_day_of_week_operator.py took 0.111 seconds
[2026-08-08T07:31:38.816+0000] {processor.py:186} INFO - Started process (PID=4869) to work on /home/airflow/.local/lib/python3.12/site-packages/airflow/example_dags/example_branch_day_of_week_operator.py
[2026-08-08T07:31:38.817+0000] {processor.py:914} INFO - Processing file /home/airflow/.local/lib/python3.12/site-packages/airflow/example_dags/example_branch_day_of_week_operator.py for tasks to queue
[2026-08-08T07:31:38.821+0000] {logging_mixin.py:190} INFO - [2026-08-08T07:31:38.821+0000] {dagbag.py:588} INFO - Filling up the DagBag from /home/airflow/.local/lib/python3.12/site-packages/airflow/example_dags/example_branch_day_of_week_operator.py
[2026-08-08T07:31:38.833+0000] {processor.py:925} INFO - DAG(s) 'example_weekday_branch_operator' retrieved from /home/airflow/.local/lib/python3.12/site-packages/airflow/example_dags/example_branch_day_of_week_operator.py
[2026-08-08T07:31:38.858+0000] {logging_mixin.py:190} INFO - [2026-08-08T07:31:38.857+0000] {dag.py:3239} INFO - Sync 1 DAGs
[2026-08-08T07:31:38.884+0000] {logging_mixin.py:190} INFO - [2026-08-08T07:31:38.883+0000] {dag.py:4180} INFO - Setting next_dagrun for example_weekday_branch_operator to 2026-08-07 00:00:00+00:00, run_after=2026-08-08 00:00:00+00:00
[2026-08-08T07:31:38.906+0000] {processor.py:208} INFO - Processing /home/airflow/.local/lib/python3.12/site-packages/airflow/example_dags/example_branch_day_of_week_operator.py took 0.099 seconds
[2026-08-08T07:32:08.993+0000] {processor.py:186} INFO - Started process (PID=4934) to work on /home/airflow/.local/lib/python3.12/site-packages/airflow/example_dags/example_branch_day_of_week_operator.py
[2026-08-08T07:32:08.994+0000] {processor.py:914} INFO - Processing file /home/airflow/.local/lib/python3.12/site-packages/airflow/example_dags/example_branch_day_of_week_operator.py for tasks to queue
[2026-08-08T07:32:08.997+0000] {logging_mixin.py:190} INFO - [2026-08-08T07:32:08.997+0000] {dagbag.py:588} INFO - Filling up the DagBag from /home/airflow/.local/lib/python3.12/site-packages/airflow/example_dags/example_branch_day_of_week_operator.py
[2026-08-08T07:32:09.008+0000] {processor.py:925} INFO - DAG(s) 'example_weekday_branch_operator' retrieved from /home/airflow/.local/lib/python3.12/site-packages/airflow/example_dags/example_branch_day_of_week_operator.py
[2026-08-08T07:32:09.028+0000] {logging_mixin.py:190} INFO - [2026-08-08T07:32:09.028+0000] {dag.py:3239} INFO - Sync 1 DAGs
[2026-08-08T07:32:09.052+0000] {logging_mixin.py:190} INFO - [2026-08-08T07:32:09.052+0000] {dag.py:4180} INFO - Setting next_dagrun for example_weekday_branch_operator to 2026-08-07 00:00:00+00:00, run_after=2026-08-08 00:00:00+00:00
[2026-08-08T07:32:09.075+0000] {processor.py:208} INFO - Processing /home/airflow/.local/lib/python3.12/site-packages/airflow/example_dags/example_branch_day_of_week_operator.py took 0.088 seconds
[2026-08-08T07:32:40.025+0000] {processor.py:186} INFO - Started process (PID=4999) to work on /home/airflow/.local/lib/python3.12/site-packages/airflow/example_dags/example_branch_day_of_week_operator.py
[2026-08-08T07:32:40.026+0000] {processor.py:914} INFO - Processing file /home/airflow/.local/lib/python3.12/site-packages/airflow/example_dags/example_branch_day_of_week_operator.py for tasks to queue
[2026-08-08T07:32:40.029+0000] {logging_mixin.py:190} INFO - [2026-08-08T07:32:40.029+0000] {dagbag.py:588} INFO - Filling up the DagBag from /home/airflow/.local/lib/python3.12/site-packages/airflow/example_dags/example_branch_day_of_week_operator.py
[2026-08-08T07:32:40.044+0000] {processor.py:925} INFO - DAG(s) 'example_weekday_branch_operator' retrieved from /home/airflow/.local/lib/python3.12/site-packages/airflow/example_dags/example_branch_day_of_week_operator.py
[2026-08-08T07:32:40.067+0000] {logging_mixin.py:190} INFO - [2026-08-08T07:32:40.067+0000] {dag.py:3239} INFO - Sync 1 DAGs
[2026-08-08T07:32:40.095+0000] {logging_mixin.py:190} INFO - [2026-08-08T07:32:40.094+0000] {dag.py:4180} INFO - Setting next_dagrun for example_weekday_branch_operator to 2026-08-07 00:00:00+00:00, run_after=2026-08-08 00:00:00+00:00
[2026-08-08T07:32:40.115+0000] {processor.py:208} INFO - Processing /home/airflow/.local/lib/python3.12/site-packages/airflow/example_dags/example_branch_day_of_week_operator.py took 0.095 seconds
[2026-08-08T07:33:10.200+0000] {processor.py:186} INFO - Started process (PID=5064) to work on /home/airflow/.local/lib/python3.12/site-packages/airflow/example_dags/example_branch_day_of_week_operator.py
[2026-08-08T07:33:10.201+0000] {processor.py:914} INFO - Processing file /home/airflow/.local/lib/python3.12/site-packages/airflow/example_dags/example_branch_day_of_week_operator.py for tasks to queue
[2026-08-08T07:33:10.203+0000] {logging_mixin.py:190} INFO - [2026-08-08T07:33:10.203+0000] {dagbag.py:588} INFO - Filling up the DagBag from /home/airflow/.local/lib/python3.12/site-packages/airflow/example_dags/example_branch_day_of_week_operator.py
[2026-08-08T07:33:10.214+0000] {processor.py:925} INFO - DAG(s) 'example_weekday_branch_operator' retrieved from /home/airflow/.local/lib/python3.12/site-packages/airflow/example_dags/example_branch_day_of_week_operator.py
[2026-08-08T07:33:10.237+0000] {logging_mixin.py:190} INFO - [2026-08-08T07:33:10.237+0000] {dag.py:3239} INFO - Sync 1 DAGs
[2026-08-08T07:33:10.262+0000] {logging_mixin.py:190} INFO - [2026-08-08T07:33:10.262+0000] {dag.py:4180} INFO - Setting next_dagrun for example_weekday_branch_operator to 2026-08-07 00:00:00+00:00, run_after=2026-08-08 00:00:00+00:00
[2026-08-08T07:33:10.285+0000] {processor.py:208} INFO - Processing /home/airflow/.local/lib/python3.12/site-packages/airflow/example_dags/example_branch_day_of_week_operator.py took 0.092 seconds
[2026-08-08T07:33:40.445+0000] {processor.py:186} INFO - Started process (PID=5129) to work on /home/airflow/.local/lib/python3.12/site-packages/airflow/example_dags/example_branch_day_of_week_operator.py
[2026-08-08T07:33:40.447+0000] {processor.py:914} INFO - Processing file /home/airflow/.local/lib/python3.12/site-packages/airflow/example_dags/example_branch_day_of_week_operator.py for tasks to queue
[2026-08-08T07:33:40.450+0000] {logging_mixin.py:190} INFO - [2026-08-08T07:33:40.449+0000] {dagbag.py:588} INFO - Filling up the DagBag from /home/airflow/.local/lib/python3.12/site-packages/airflow/example_dags/example_branch_day_of_week_operator.py
[2026-08-08T07:33:40.462+0000] {processor.py:925} INFO - DAG(s) 'example_weekday_branch_operator' retrieved from /home/airflow/.local/lib/python3.12/site-packages/airflow/example_dags/example_branch_day_of_week_operator.py
[2026-08-08T07:33:40.484+0000] {logging_mixin.py:190} INFO - [2026-08-08T07:33:40.484+0000] {dag.py:3239} INFO - Sync 1 DAGs
[2026-08-08T07:33:40.511+0000] {logging_mixin.py:190} INFO - [2026-08-08T07:33:40.510+0000] {dag.py:4180} INFO - Setting next_dagrun for example_weekday_branch_operator to 2026-08-07 00:00:00+00:00, run_after=2026-08-08 00:00:00+00:00
[2026-08-08T07:33:40.531+0000] {processor.py:208} INFO - Processing /home/airflow/.local/lib/python3.12/site-packages/airflow/example_dags/example_branch_day_of_week_operator.py took 0.094 seconds
[2026-08-08T07:34:10.760+0000] {processor.py:186} INFO - Started process (PID=5194) to work on /home/airflow/.local/lib/python3.12/site-packages/airflow/example_dags/example_branch_day_of_week_operator.py
[2026-08-08T07:34:10.762+0000] {processor.py:914} INFO - Processing file /home/airflow/.local/lib/python3.12/site-packages/airflow/example_dags/example_branch_day_of_week_operator.py for tasks to queue
[2026-08-08T07:34:10.765+0000] {logging_mixin.py:190} INFO - [2026-08-08T07:34:10.764+0000] {dagbag.py:588} INFO - Filling up the DagBag from /home/airflow/.local/lib/python3.12/site-packages/airflow/example_dags/example_branch_day_of_week_operator.py
[2026-08-08T07:34:10.777+0000] {processor.py:925} INFO - DAG(s) 'example_weekday_branch_operator' retrieved from /home/airflow/.local/lib/python3.12/site-packages/airflow/example_dags/example_branch_day_of_week_operator.py
[2026-08-08T07:34:10.798+0000] {logging_mixin.py:190} INFO - [2026-08-08T07:34:10.798+0000] {dag.py:3239} INFO - Sync 1 DAGs
[2026-08-08T07:34:10.828+0000] {logging_mixin.py:190} INFO - [2026-08-08T07:34:10.828+0000] {dag.py:4180} INFO - Setting next_dagrun for example_weekday_branch_operator to 2026-08-07 00:00:00+00:00, run_after=2026-08-08 00:00:00+00:00
[2026-08-08T07:34:10.847+0000] {processor.py:208} INFO - Processing /home/airflow/.local/lib/python3.12/site-packages/airflow/example_dags/example_branch_day_of_week_operator.py took 0.093 seconds
[2026-08-08T07:34:41.556+0000] {processor.py:186} INFO - Started process (PID=5259) to work on /home/airflow/.local/lib/python3.12/site-packages/airflow/example_dags/example_branch_day_of_week_operator.py
[2026-08-08T07:34:41.558+0000] {processor.py:914} INFO - Processing file /home/airflow/.local/lib/python3.12/site-packages/airflow/example_dags/example_branch_day_of_week_operator.py for tasks to queue
[2026-08-08T07:34:41.563+0000] {logging_mixin.py:190} INFO - [2026-08-08T07:34:41.562+0000] {dagbag.py:588} INFO - Filling up the DagBag from /home/airflow/.local/lib/python3.12/site-packages/airflow/example_dags/example_branch_day_of_week_operator.py
[2026-08-08T07:34:41.577+0000] {processor.py:925} INFO - DAG(s) 'example_weekday_branch_operator' retrieved from /home/airflow/.local/lib/python3.12/site-packages/airflow/example_dags/example_branch_day_of_week_operator.py
[2026-08-08T07:34:41.602+0000] {logging_mixin.py:190} INFO - [2026-08-08T07:34:41.601+0000] {dag.py:3239} INFO - Sync 1 DAGs
[2026-08-08T07:34:41.631+0000] {logging_mixin.py:190} INFO - [2026-08-08T07:34:41.631+0000] {dag.py:4180} INFO - Setting next_dagrun for example_weekday_branch_operator to 2026-08-07 00:00:00+00:00, run_after=2026-08-08 00:00:00+00:00
[2026-08-08T07:34:41.652+0000] {processor.py:208} INFO - Processing /home/airflow/.local/lib/python3.12/site-packages/airflow/example_dags/example_branch_day_of_week_operator.py took 0.106 seconds
[2026-08-08T07:35:13.460+0000] {processor.py:186} INFO - Started process (PID=5324) to work on /home/airflow/.local/lib/python3.12/site-packages/airflow/example_dags/example_branch_day_of_week_operator.py
[2026-08-08T07:35:13.461+0000] {processor.py:914} INFO - Processing file /home/airflow/.local/lib/python3.12/site-packages/airflow/example_dags/example_branch_day_of_week_operator.py for tasks to queue
[2026-08-08T07:35:13.464+0000] {logging_mixin.py:190} INFO - [2026-08-08T07:35:13.464+0000] {dagbag.py:588} INFO - Filling up the DagBag from /home/airflow/.local/lib/python3.12/site-packages/airflow/example_dags/example_branch_day_of_week_operator.py
[2026-08-08T07:35:13.476+0000] {processor.py:925} INFO - DAG(s) 'example_weekday_branch_operator' retrieved from /home/airflow/.local/lib/python3.12/site-packages/airflow/example_dags/example_branch_day_of_week_operator.py
[2026-08-08T07:35:13.496+0000] {logging_mixin.py:190} INFO - [2026-08-08T07:35:13.495+0000] {dag.py:3239} INFO - Sync 1 DAGs
[2026-08-08T07:35:13.521+0000] {logging_mixin.py:190} INFO - [2026-08-08T07:35:13.521+0000] {dag.py:4180} INFO - Setting next_dagrun for example_weekday_branch_operator to 2026-08-07 00:00:00+00:00, run_after=2026-08-08 00:00:00+00:00
[2026-08-08T07:35:13.546+0000] {processor.py:208} INFO - Processing /home/airflow/.local/lib/python3.12/site-packages/airflow/example_dags/example_branch_day_of_week_operator.py took 0.092 seconds
[2026-08-08T07:35:44.518+0000] {processor.py:186} INFO - Started process (PID=5389) to work on /home/airflow/.local/lib/python3.12/site-packages/airflow/example_dags/example_branch_day_of_week_operator.py
[2026-08-08T07:35:44.520+0000] {processor.py:914} INFO - Processing file /home/airflow/.local/lib/python3.12/site-packages/airflow/example_dags/example_branch_day_of_week_operator.py for tasks to queue
[2026-08-08T07:35:44.523+0000] {logging_mixin.py:190} INFO - [2026-08-08T07:35:44.523+0000] {dagbag.py:588} INFO - Filling up the DagBag from /home/airflow/.local/lib/python3.12/site-packages/airflow/example_dags/example_branch_day_of_week_operator.py
[2026-08-08T07:35:44.538+0000] {processor.py:925} INFO - DAG(s) 'example_weekday_branch_operator' retrieved from /home/airflow/.local/lib/python3.12/site-packages/airflow/example_dags/example_branch_day_of_week_operator.py
[2026-08-08T07:35:44.567+0000] {logging_mixin.py:190} INFO - [2026-08-08T07:35:44.567+0000] {dag.py:3239} INFO - Sync 1 DAGs
[2026-08-08T07:35:44.610+0000] {logging_mixin.py:190} INFO - [2026-08-08T07:35:44.610+0000] {dag.py:4180} INFO - Setting next_dagrun for example_weekday_branch_operator to 2026-08-07 00:00:00+00:00, run_after=2026-08-08 00:00:00+00:00
[2026-08-08T07:35:44.636+0000] {processor.py:208} INFO - Processing /home/airflow/.local/lib/python3.12/site-packages/airflow/example_dags/example_branch_day_of_week_operator.py took 0.127 seconds
[2026-08-08T07:36:16.199+0000] {processor.py:186} INFO - Started process (PID=5454) to work on /home/airflow/.local/lib/python3.12/site-packages/airflow/example_dags/example_branch_day_of_week_operator.py
[2026-08-08T07:36:16.201+0000] {processor.py:914} INFO - Processing file /home/airflow/.local/lib/python3.12/site-packages/airflow/example_dags/example_branch_day_of_week_operator.py for tasks to queue
[2026-08-08T07:36:16.204+0000] {logging_mixin.py:190} INFO - [2026-08-08T07:36:16.203+0000] {dagbag.py:588} INFO - Filling up the DagBag from /home/airflow/.local/lib/python3.12/site-packages/airflow/example_dags/example_branch_day_of_week_operator.py
[2026-08-08T07:36:16.216+0000] {processor.py:925} INFO - DAG(s) 'example_weekday_branch_operator' retrieved from /home/airflow/.local/lib/python3.12/site-packages/airflow/example_dags/example_branch_day_of_week_operator.py
[2026-08-08T07:36:16.237+0000] {logging_mixin.py:190} INFO - [2026-08-08T07:36:16.237+0000] {dag.py:3239} INFO - Sync 1 DAGs
[2026-08-08T07:36:16.263+0000] {logging_mixin.py:190} INFO - [2026-08-08T07:36:16.263+0000] {dag.py:4180} INFO - Setting next_dagrun for example_weekday_branch_operator to 2026-08-07 00:00:00+00:00, run_after=2026-08-08 00:00:00+00:00
[2026-08-08T07:36:16.283+0000] {processor.py:208} INFO - Processing /home/airflow/.local/lib/python3.12/site-packages/airflow/example_dags/example_branch_day_of_week_operator.py took 0.090 seconds
[2026-08-08T07:36:47.765+0000] {processor.py:186} INFO - Started process (PID=5519) to work on /home/airflow/.local/lib/python3.12/site-packages/airflow/example_dags/example_branch_day_of_week_operator.py
[2026-08-08T07:36:47.766+0000] {processor.py:914} INFO - Processing file /home/airflow/.local/lib/python3.12/site-packages/airflow/example_dags/example_branch_day_of_week_operator.py for tasks to queue
[2026-08-08T07:36:47.769+0000] {logging_mixin.py:190} INFO - [2026-08-08T07:36:47.768+0000] {dagbag.py:588} INFO - Filling up the DagBag from /home/airflow/.local/lib/python3.12/site-packages/airflow/example_dags/example_branch_day_of_week_operator.py
[2026-08-08T07:36:47.779+0000] {processor.py:925} INFO - DAG(s) 'example_weekday_branch_operator' retrieved from /home/airflow/.local/lib/python3.12/site-packages/airflow/example_dags/example_branch_day_of_week_operator.py
[2026-08-08T07:36:47.799+0000] {logging_mixin.py:190} INFO - [2026-08-08T07:36:47.799+0000] {dag.py:3239} INFO - Sync 1 DAGs
[2026-08-08T07:36:47.823+0000] {logging_mixin.py:190} INFO - [2026-08-08T07:36:47.823+0000] {dag.py:4180} INFO - Setting next_dagrun for example_weekday_branch_operator to 2026-08-07 00:00:00+00:00, run_after=2026-08-08 00:00:00+00:00
[2026-08-08T07:36:47.843+0000] {processor.py:208} INFO - Processing /home/airflow/.local/lib/python3.12/site-packages/airflow/example_dags/example_branch_day_of_week_operator.py took 0.085 seconds
[2026-08-08T07:37:19.179+0000] {processor.py:186} INFO - Started process (PID=5584) to work on /home/airflow/.local/lib/python3.12/site-packages/airflow/example_dags/example_branch_day_of_week_operator.py
[2026-08-08T07:37:19.181+0000] {processor.py:914} INFO - Processing file /home/airflow/.local/lib/python3.12/site-packages/airflow/example_dags/example_branch_day_of_week_operator.py for tasks to queue
[2026-08-08T07:37:19.183+0000] {logging_mixin.py:190} INFO - [2026-08-08T07:37:19.183+0000] {dagbag.py:588} INFO - Filling up the DagBag from /home/airflow/.local/lib/python3.12/site-packages/airflow/example_dags/example_branch_day_of_week_operator.py
[2026-08-08T07:37:19.193+0000] {processor.py:925} INFO - DAG(s) 'example_weekday_branch_operator' retrieved from /home/airflow/.local/lib/python3.12/site-packages/airflow/example_dags/example_branch_day_of_week_operator.py
[2026-08-08T07:37:19.214+0000] {logging_mixin.py:190} INFO - [2026-08-08T07:37:19.214+0000] {dag.py:3239} INFO - Sync 1 DAGs
[2026-08-08T07:37:19.244+0000] {logging_mixin.py:190} INFO - [2026-08-08T07:37:19.244+0000] {dag.py:4180} INFO - Setting next_dagrun for example_weekday_branch_operator to 2026-08-07 00:00:00+00:00, run_after=2026-08-08 00:00:00+00:00
[2026-08-08T07:37:19.265+0000] {processor.py:208} INFO - Processing /home/airflow/.local/lib/python3.12/site-packages/airflow/example_dags/example_branch_day_of_week_operator.py took 0.092 seconds
[2026-08-08T07:37:50.139+0000] {processor.py:186} INFO - Started process (PID=5652) to work on /home/airflow/.local/lib/python3.12/site-packages/airflow/example_dags/example_branch_day_of_week_operator.py
[2026-08-08T07:37:50.141+0000] {processor.py:914} INFO - Processing file /home/airflow/.local/lib/python3.12/site-packages/airflow/example_dags/example_branch_day_of_week_operator.py for tasks to queue
[2026-08-08T07:37:50.144+0000] {logging_mixin.py:190} INFO - [2026-08-08T07:37:50.143+0000] {dagbag.py:588} INFO - Filling up the DagBag from /home/airflow/.local/lib/python3.12/site-packages/airflow/example_dags/example_branch_day_of_week_operator.py
[2026-08-08T07:37:50.154+0000] {processor.py:925} INFO - DAG(s) 'example_weekday_branch_operator' retrieved from /home/airflow/.local/lib/python3.12/site-packages/airflow/example_dags/example_branch_day_of_week_operator.py
[2026-08-08T07:37:50.175+0000] {logging_mixin.py:190} INFO - [2026-08-08T07:37:50.175+0000] {dag.py:3239} INFO - Sync 1 DAGs
[2026-08-08T07:37:50.201+0000] {logging_mixin.py:190} INFO - [2026-08-08T07:37:50.201+0000] {dag.py:4180} INFO - Setting next_dagrun for example_weekday_branch_operator to 2026-08-07 00:00:00+00:00, run_after=2026-08-08 00:00:00+00:00
[2026-08-08T07:37:50.219+0000] {processor.py:208} INFO - Processing /home/airflow/.local/lib/python3.12/site-packages/airflow/example_dags/example_branch_day_of_week_operator.py took 0.085 seconds
[2026-08-08T07:38:21.227+0000] {processor.py:186} INFO - Started process (PID=5717) to work on /home/airflow/.local/lib/python3.12/site-packages/airflow/example_dags/example_branch_day_of_week_operator.py
[2026-08-08T07:38:21.229+0000] {processor.py:914} INFO - Processing file /home/airflow/.local/lib/python3.12/site-packages/airflow/example_dags/example_branch_day_of_week_operator.py for tasks to queue
[2026-08-08T07:38:21.232+0000] {logging_mixin.py:190} INFO - [2026-08-08T07:38:21.231+0000] {dagbag.py:588} INFO - Filling up the DagBag from /home/airflow/.local/lib/python3.12/site-packages/airflow/example_dags/example_branch_day_of_week_operator.py
[2026-08-08T07:38:21.242+0000] {processor.py:925} INFO - DAG(s) 'example_weekday_branch_operator' retrieved from /home/airflow/.local/lib/python3.12/site-packages/airflow/example_dags/example_branch_day_of_week_operator.py
[2026-08-08T07:38:21.263+0000] {logging_mixin.py:190} INFO - [2026-08-08T07:38:21.263+0000] {dag.py:3239} INFO - Sync 1 DAGs
[2026-08-08T07:38:21.288+0000] {logging_mixin.py:190} INFO - [2026-08-08T07:38:21.287+0000] {dag.py:4180} INFO - Setting next_dagrun for example_weekday_branch_operator to 2026-08-07 00:00:00+00:00, run_after=2026-08-08 00:00:00+00:00
[2026-08-08T07:38:21.306+0000] {processor.py:208} INFO - Processing /home/airflow/.local/lib/python3.12/site-packages/airflow/example_dags/example_branch_day_of_week_operator.py took 0.085 seconds
[2026-08-08T07:38:52.193+0000] {processor.py:186} INFO - Started process (PID=5782) to work on /home/airflow/.local/lib/python3.12/site-packages/airflow/example_dags/example_branch_day_of_week_operator.py
[2026-08-08T07:38:52.195+0000] {processor.py:914} INFO - Processing file /home/airflow/.local/lib/python3.12/site-packages/airflow/example_dags/example_branch_day_of_week_operator.py for tasks to queue
[2026-08-08T07:38:52.198+0000] {logging_mixin.py:190} INFO - [2026-08-08T07:38:52.198+0000] {dagbag.py:588} INFO - Filling up the DagBag from /home/airflow/.local/lib/python3.12/site-packages/airflow/example_dags/example_branch_day_of_week_operator.py
[2026-08-08T07:38:52.209+0000] {processor.py:925} INFO - DAG(s) 'example_weekday_branch_operator' retrieved from /home/airflow/.local/lib/python3.12/site-packages/airflow/example_dags/example_branch_day_of_week_operator.py
[2026-08-08T07:38:52.229+0000] {logging_mixin.py:190} INFO - [2026-08-08T07:38:52.229+0000] {dag.py:3239} INFO - Sync 1 DAGs
[2026-08-08T07:38:52.254+0000] {logging_mixin.py:190} INFO - [2026-08-08T07:38:52.253+0000] {dag.py:4180} INFO - Setting next_dagrun for example_weekday_branch_operator to 2026-08-07 00:00:00+00:00, run_after=2026-08-08 00:00:00+00:00
[2026-08-08T07:38:52.273+0000] {processor.py:208} INFO - Processing /home/airflow/.local/lib/python3.12/site-packages/airflow/example_dags/example_branch_day_of_week_operator.py took 0.087 seconds
[2026-08-08T07:39:23.399+0000] {processor.py:186} INFO - Started process (PID=5847) to work on /home/airflow/.local/lib/python3.12/site-packages/airflow/example_dags/example_branch_day_of_week_operator.py
[2026-08-08T07:39:23.400+0000] {processor.py:914} INFO - Processing file /home/airflow/.local/lib/python3.12/site-packages/airflow/example_dags/example_branch_day_of_week_operator.py for tasks to queue
[2026-08-08T07:39:23.404+0000] {logging_mixin.py:190} INFO - [2026-08-08T07:39:23.404+0000] {dagbag.py:588} INFO - Filling up the DagBag from /home/airflow/.local/lib/python3.12/site-packages/airflow/example_dags/example_branch_day_of_week_operator.py
[2026-08-08T07:39:23.417+0000] {processor.py:925} INFO - DAG(s) 'example_weekday_branch_operator' retrieved from /home/airflow/.local/lib/python3.12/site-packages/airflow/example_dags/example_branch_day_of_week_operator.py
[2026-08-08T07:39:23.440+0000] {logging_mixin.py:190} INFO - [2026-08-08T07:39:23.440+0000] {dag.py:3239} INFO - Sync 1 DAGs
[2026-08-08T07:39:23.473+0000] {logging_mixin.py:190} INFO - [2026-08-08T07:39:23.472+0000] {dag.py:4180} INFO - Setting next_dagrun for example_weekday_branch_operator to 2026-08-07 00:00:00+00:00, run_after=2026-08-08 00:00:00+00:00
[2026-08-08T07:39:23.493+0000] {processor.py:208} INFO - Processing /home/airflow/.local/lib/python3.12/site-packages/airflow/example_dags/example_branch_day_of_week_operator.py took 0.102 seconds
[2026-08-08T07:39:54.525+0000] {processor.py:186} INFO - Started process (PID=5917) to work on /home/airflow/.local/lib/python3.12/site-packages/airflow/example_dags/example_branch_day_of_week_operator.py
[2026-08-08T07:39:54.526+0000] {processor.py:914} INFO - Processing file /home/airflow/.local/lib/python3.12/site-packages/airflow/example_dags/example_branch_day_of_week_operator.py for tasks to queue
[2026-08-08T07:39:54.529+0000] {logging_mixin.py:190} INFO - [2026-08-08T07:39:54.529+0000] {dagbag.py:588} INFO - Filling up the DagBag from /home/airflow/.local/lib/python3.12/site-packages/airflow/example_dags/example_branch_day_of_week_operator.py
[2026-08-08T07:39:54.540+0000] {processor.py:925} INFO - DAG(s) 'example_weekday_branch_operator' retrieved from /home/airflow/.local/lib/python3.12/site-packages/airflow/example_dags/example_branch_day_of_week_operator.py
[2026-08-08T07:39:54.563+0000] {logging_mixin.py:190} INFO - [2026-08-08T07:39:54.563+0000] {dag.py:3239} INFO - Sync 1 DAGs
[2026-08-08T07:39:54.605+0000] {logging_mixin.py:190} INFO - [2026-08-08T07:39:54.605+0000] {dag.py:4180} INFO - Setting next_dagrun for example_weekday_branch_operator to 2026-08-07 00:00:00+00:00, run_after=2026-08-08 00:00:00+00:00
[2026-08-08T07:39:54.630+0000] {processor.py:208} INFO - Processing /home/airflow/.local/lib/python3.12/site-packages/airflow/example_dags/example_branch_day_of_week_operator.py took 0.110 seconds
[2026-08-08T07:40:25.585+0000] {processor.py:186} INFO - Started process (PID=5982) to work on /home/airflow/.local/lib/python3.12/site-packages/airflow/example_dags/example_branch_day_of_week_operator.py
[2026-08-08T07:40:25.587+0000] {processor.py:914} INFO - Processing file /home/airflow/.local/lib/python3.12/site-packages/airflow/example_dags/example_branch_day_of_week_operator.py for tasks to queue
[2026-08-08T07:40:25.590+0000] {logging_mixin.py:190} INFO - [2026-08-08T07:40:25.590+0000] {dagbag.py:588} INFO - Filling up the DagBag from /home/airflow/.local/lib/python3.12/site-packages/airflow/example_dags/example_branch_day_of_week_operator.py
[2026-08-08T07:40:25.605+0000] {processor.py:925} INFO - DAG(s) 'example_weekday_branch_operator' retrieved from /home/airflow/.local/lib/python3.12/site-packages/airflow/example_dags/example_branch_day_of_week_operator.py
[2026-08-08T07:40:25.626+0000] {logging_mixin.py:190} INFO - [2026-08-08T07:40:25.626+0000] {dag.py:3239} INFO - Sync 1 DAGs
[2026-08-08T07:40:25.653+0000] {logging_mixin.py:190} INFO - [2026-08-08T07:40:25.652+0000] {dag.py:4180} INFO - Setting next_dagrun for example_weekday_branch_operator to 2026-08-07 00:00:00+00:00, run_after=2026-08-08 00:00:00+00:00
[2026-08-08T07:40:25.675+0000] {processor.py:208} INFO - Processing /home/airflow/.local/lib/python3.12/site-packages/airflow/example_dags/example_branch_day_of_week_operator.py took 0.096 seconds
[2026-08-08T07:40:57.237+0000] {processor.py:186} INFO - Started process (PID=6047) to work on /home/airflow/.local/lib/python3.12/site-packages/airflow/example_dags/example_branch_day_of_week_operator.py
[2026-08-08T07:40:57.238+0000] {processor.py:914} INFO - Processing file /home/airflow/.local/lib/python3.12/site-packages/airflow/example_dags/example_branch_day_of_week_operator.py for tasks to queue
[2026-08-08T07:40:57.241+0000] {logging_mixin.py:190} INFO - [2026-08-08T07:40:57.240+0000] {dagbag.py:588} INFO - Filling up the DagBag from /home/airflow/.local/lib/python3.12/site-packages/airflow/example_dags/example_branch_day_of_week_operator.py
[2026-08-08T07:40:57.251+0000] {processor.py:925} INFO - DAG(s) 'example_weekday_branch_operator' retrieved from /home/airflow/.local/lib/python3.12/site-packages/airflow/example_dags/example_branch_day_of_week_operator.py
[2026-08-08T07:40:57.274+0000] {logging_mixin.py:190} INFO - [2026-08-08T07:40:57.274+0000] {dag.py:3239} INFO - Sync 1 DAGs
[2026-08-08T07:40:57.301+0000] {logging_mixin.py:190} INFO - [2026-08-08T07:40:57.301+0000] {dag.py:4180} INFO - Setting next_dagrun for example_weekday_branch_operator to 2026-08-07 00:00:00+00:00, run_after=2026-08-08 00:00:00+00:00
[2026-08-08T07:40:57.325+0000] {processor.py:208} INFO - Processing /home/airflow/.local/lib/python3.12/site-packages/airflow/example_dags/example_branch_day_of_week_operator.py took 0.095 seconds
[2026-08-08T07:41:28.588+0000] {processor.py:186} INFO - Started process (PID=6114) to work on /home/airflow/.local/lib/python3.12/site-packages/airflow/example_dags/example_branch_day_of_week_operator.py
[2026-08-08T07:41:28.589+0000] {processor.py:914} INFO - Processing file /home/airflow/.local/lib/python3.12/site-packages/airflow/example_dags/example_branch_day_of_week_operator.py for tasks to queue
[2026-08-08T07:41:28.593+0000] {logging_mixin.py:190} INFO - [2026-08-08T07:41:28.592+0000] {dagbag.py:588} INFO - Filling up the DagBag from /home/airflow/.local/lib/python3.12/site-packages/airflow/example_dags/example_branch_day_of_week_operator.py
[2026-08-08T07:41:28.603+0000] {processor.py:925} INFO - DAG(s) 'example_weekday_branch_operator' retrieved from /home/airflow/.local/lib/python3.12/site-packages/airflow/example_dags/example_branch_day_of_week_operator.py
[2026-08-08T07:41:28.624+0000] {logging_mixin.py:190} INFO - [2026-08-08T07:41:28.624+0000] {dag.py:3239} INFO - Sync 1 DAGs
[2026-08-08T07:41:28.650+0000] {logging_mixin.py:190} INFO - [2026-08-08T07:41:28.650+0000] {dag.py:4180} INFO - Setting next_dagrun for example_weekday_branch_operator to 2026-08-07 00:00:00+00:00, run_after=2026-08-08 00:00:00+00:00
[2026-08-08T07:41:28.670+0000] {processor.py:208} INFO - Processing /home/airflow/.local/lib/python3.12/site-packages/airflow/example_dags/example_branch_day_of_week_operator.py took 0.088 seconds
[2026-08-08T07:41:59.700+0000] {processor.py:186} INFO - Started process (PID=6185) to work on /home/airflow/.local/lib/python3.12/site-packages/airflow/example_dags/example_branch_day_of_week_operator.py
[2026-08-08T07:41:59.701+0000] {processor.py:914} INFO - Processing file /home/airflow/.local/lib/python3.12/site-packages/airflow/example_dags/example_branch_day_of_week_operator.py for tasks to queue
[2026-08-08T07:41:59.704+0000] {logging_mixin.py:190} INFO - [2026-08-08T07:41:59.703+0000] {dagbag.py:588} INFO - Filling up the DagBag from /home/airflow/.local/lib/python3.12/site-packages/airflow/example_dags/example_branch_day_of_week_operator.py
[2026-08-08T07:41:59.714+0000] {processor.py:925} INFO - DAG(s) 'example_weekday_branch_operator' retrieved from /home/airflow/.local/lib/python3.12/site-packages/airflow/example_dags/example_branch_day_of_week_operator.py
[2026-08-08T07:41:59.736+0000] {logging_mixin.py:190} INFO - [2026-08-08T07:41:59.735+0000] {dag.py:3239} INFO - Sync 1 DAGs
[2026-08-08T07:41:59.763+0000] {logging_mixin.py:190} INFO - [2026-08-08T07:41:59.762+0000] {dag.py:4180} INFO - Setting next_dagrun for example_weekday_branch_operator to 2026-08-07 00:00:00+00:00, run_after=2026-08-08 00:00:00+00:00
[2026-08-08T07:41:59.783+0000] {processor.py:208} INFO - Processing /home/airflow/.local/lib/python3.12/site-packages/airflow/example_dags/example_branch_day_of_week_operator.py took 0.090 seconds
[2026-08-08T07:42:30.897+0000] {processor.py:186} INFO - Started process (PID=6250) to work on /home/airflow/.local/lib/python3.12/site-packages/airflow/example_dags/example_branch_day_of_week_operator.py
[2026-08-08T07:42:30.898+0000] {processor.py:914} INFO - Processing file /home/airflow/.local/lib/python3.12/site-packages/airflow/example_dags/example_branch_day_of_week_operator.py for tasks to queue
[2026-08-08T07:42:30.901+0000] {logging_mixin.py:190} INFO - [2026-08-08T07:42:30.901+0000] {dagbag.py:588} INFO - Filling up the DagBag from /home/airflow/.local/lib/python3.12/site-packages/airflow/example_dags/example_branch_day_of_week_operator.py
[2026-08-08T07:42:30.911+0000] {processor.py:925} INFO - DAG(s) 'example_weekday_branch_operator' retrieved from /home/airflow/.local/lib/python3.12/site-packages/airflow/example_dags/example_branch_day_of_week_operator.py
[2026-08-08T07:42:30.931+0000] {logging_mixin.py:190} INFO - [2026-08-08T07:42:30.931+0000] {dag.py:3239} INFO - Sync 1 DAGs
[2026-08-08T07:42:30.957+0000] {logging_mixin.py:190} INFO - [2026-08-08T07:42:30.956+0000] {dag.py:4180} INFO - Setting next_dagrun for example_weekday_branch_operator to 2026-08-07 00:00:00+00:00, run_after=2026-08-08 00:00:00+00:00
[2026-08-08T07:42:30.977+0000] {processor.py:208} INFO - Processing /home/airflow/.local/lib/python3.12/site-packages/airflow/example_dags/example_branch_day_of_week_operator.py took 0.086 seconds
[2026-08-08T07:43:02.991+0000] {processor.py:186} INFO - Started process (PID=6317) to work on /home/airflow/.local/lib/python3.12/site-packages/airflow/example_dags/example_branch_day_of_week_operator.py
[2026-08-08T07:43:02.992+0000] {processor.py:914} INFO - Processing file /home/airflow/.local/lib/python3.12/site-packages/airflow/example_dags/example_branch_day_of_week_operator.py for tasks to queue
[2026-08-08T07:43:02.995+0000] {logging_mixin.py:190} INFO - [2026-08-08T07:43:02.995+0000] {dagbag.py:588} INFO - Filling up the DagBag from /home/airflow/.local/lib/python3.12/site-packages/airflow/example_dags/example_branch_day_of_week_operator.py
[2026-08-08T07:43:03.006+0000] {processor.py:925} INFO - DAG(s) 'example_weekday_branch_operator' retrieved from /home/airflow/.local/lib/python3.12/site-packages/airflow/example_dags/example_branch_day_of_week_operator.py
[2026-08-08T07:43:03.028+0000] {logging_mixin.py:190} INFO - [2026-08-08T07:43:03.027+0000] {dag.py:3239} INFO - Sync 1 DAGs
[2026-08-08T07:43:03.055+0000] {logging_mixin.py:190} INFO - [2026-08-08T07:43:03.055+0000] {dag.py:4180} INFO - Setting next_dagrun for example_weekday_branch_operator to 2026-08-07 00:00:00+00:00, run_after=2026-08-08 00:00:00+00:00
[2026-08-08T07:43:03.076+0000] {processor.py:208} INFO - Processing /home/airflow/.local/lib/python3.12/site-packages/airflow/example_dags/example_branch_day_of_week_operator.py took 0.090 seconds
[2026-08-08T07:43:33.970+0000] {processor.py:186} INFO - Started process (PID=6381) to work on /home/airflow/.local/lib/python3.12/site-packages/airflow/example_dags/example_branch_day_of_week_operator.py
[2026-08-08T07:43:33.971+0000] {processor.py:914} INFO - Processing file /home/airflow/.local/lib/python3.12/site-packages/airflow/example_dags/example_branch_day_of_week_operator.py for tasks to queue
[2026-08-08T07:43:33.974+0000] {logging_mixin.py:190} INFO - [2026-08-08T07:43:33.974+0000] {dagbag.py:588} INFO - Filling up the DagBag from /home/airflow/.local/lib/python3.12/site-packages/airflow/example_dags/example_branch_day_of_week_operator.py
[2026-08-08T07:43:33.985+0000] {processor.py:925} INFO - DAG(s) 'example_weekday_branch_operator' retrieved from /home/airflow/.local/lib/python3.12/site-packages/airflow/example_dags/example_branch_day_of_week_operator.py
[2026-08-08T07:43:34.010+0000] {logging_mixin.py:190} INFO - [2026-08-08T07:43:34.009+0000] {dag.py:3239} INFO - Sync 1 DAGs
[2026-08-08T07:43:34.037+0000] {logging_mixin.py:190} INFO - [2026-08-08T07:43:34.037+0000] {dag.py:4180} INFO - Setting next_dagrun for example_weekday_branch_operator to 2026-08-07 00:00:00+00:00, run_after=2026-08-08 00:00:00+00:00
[2026-08-08T07:43:34.057+0000] {processor.py:208} INFO - Processing /home/airflow/.local/lib/python3.12/site-packages/airflow/example_dags/example_branch_day_of_week_operator.py took 0.094 seconds
[2026-08-08T07:44:04.983+0000] {processor.py:186} INFO - Started process (PID=6446) to work on /home/airflow/.local/lib/python3.12/site-packages/airflow/example_dags/example_branch_day_of_week_operator.py
[2026-08-08T07:44:04.985+0000] {processor.py:914} INFO - Processing file /home/airflow/.local/lib/python3.12/site-packages/airflow/example_dags/example_branch_day_of_week_operator.py for tasks to queue
[2026-08-08T07:44:04.987+0000] {logging_mixin.py:190} INFO - [2026-08-08T07:44:04.987+0000] {dagbag.py:588} INFO - Filling up the DagBag from /home/airflow/.local/lib/python3.12/site-packages/airflow/example_dags/example_branch_day_of_week_operator.py
[2026-08-08T07:44:04.998+0000] {processor.py:925} INFO - DAG(s) 'example_weekday_branch_operator' retrieved from /home/airflow/.local/lib/python3.12/site-packages/airflow/example_dags/example_branch_day_of_week_operator.py
[2026-08-08T07:44:05.020+0000] {logging_mixin.py:190} INFO - [2026-08-08T07:44:05.020+0000] {dag.py:3239} INFO - Sync 1 DAGs
[2026-08-08T07:44:05.049+0000] {logging_mixin.py:190} INFO - [2026-08-08T07:44:05.049+0000] {dag.py:4180} INFO - Setting next_dagrun for example_weekday_branch_operator to 2026-08-07 00:00:00+00:00, run_after=2026-08-08 00:00:00+00:00
[2026-08-08T07:44:05.070+0000] {processor.py:208} INFO - Processing /home/airflow/.local/lib/python3.12/site-packages/airflow/example_dags/example_branch_day_of_week_operator.py took 0.093 seconds
[2026-08-08T07:44:36.058+0000] {processor.py:186} INFO - Started process (PID=6516) to work on /home/airflow/.local/lib/python3.12/site-packages/airflow/example_dags/example_branch_day_of_week_operator.py
[2026-08-08T07:44:36.059+0000] {processor.py:914} INFO - Processing file /home/airflow/.local/lib/python3.12/site-packages/airflow/example_dags/example_branch_day_of_week_operator.py for tasks to queue
[2026-08-08T07:44:36.062+0000] {logging_mixin.py:190} INFO - [2026-08-08T07:44:36.061+0000] {dagbag.py:588} INFO - Filling up the DagBag from /home/airflow/.local/lib/python3.12/site-packages/airflow/example_dags/example_branch_day_of_week_operator.py
[2026-08-08T07:44:36.072+0000] {processor.py:925} INFO - DAG(s) 'example_weekday_branch_operator' retrieved from /home/airflow/.local/lib/python3.12/site-packages/airflow/example_dags/example_branch_day_of_week_operator.py
[2026-08-08T07:44:36.092+0000] {logging_mixin.py:190} INFO - [2026-08-08T07:44:36.092+0000] {dag.py:3239} INFO - Sync 1 DAGs
[2026-08-08T07:44:36.118+0000] {logging_mixin.py:190} INFO - [2026-08-08T07:44:36.118+0000] {dag.py:4180} INFO - Setting next_dagrun for example_weekday_branch_operator to 2026-08-07 00:00:00+00:00, run_after=2026-08-08 00:00:00+00:00
[2026-08-08T07:44:36.139+0000] {processor.py:208} INFO - Processing /home/airflow/.local/lib/python3.12/site-packages/airflow/example_dags/example_branch_day_of_week_operator.py took 0.087 seconds
[2026-08-08T07:45:07.318+0000] {processor.py:186} INFO - Started process (PID=6582) to work on /home/airflow/.local/lib/python3.12/site-packages/airflow/example_dags/example_branch_day_of_week_operator.py
[2026-08-08T07:45:07.320+0000] {processor.py:914} INFO - Processing file /home/airflow/.local/lib/python3.12/site-packages/airflow/example_dags/example_branch_day_of_week_operator.py for tasks to queue
[2026-08-08T07:45:07.322+0000] {logging_mixin.py:190} INFO - [2026-08-08T07:45:07.322+0000] {dagbag.py:588} INFO - Filling up the DagBag from /home/airflow/.local/lib/python3.12/site-packages/airflow/example_dags/example_branch_day_of_week_operator.py
[2026-08-08T07:45:07.333+0000] {processor.py:925} INFO - DAG(s) 'example_weekday_branch_operator' retrieved from /home/airflow/.local/lib/python3.12/site-packages/airflow/example_dags/example_branch_day_of_week_operator.py
[2026-08-08T07:45:07.352+0000] {logging_mixin.py:190} INFO - [2026-08-08T07:45:07.352+0000] {dag.py:3239} INFO - Sync 1 DAGs
[2026-08-08T07:45:07.377+0000] {logging_mixin.py:190} INFO - [2026-08-08T07:45:07.376+0000] {dag.py:4180} INFO - Setting next_dagrun for example_weekday_branch_operator to 2026-08-07 00:00:00+00:00, run_after=2026-08-08 00:00:00+00:00
[2026-08-08T07:45:07.396+0000] {processor.py:208} INFO - Processing /home/airflow/.local/lib/python3.12/site-packages/airflow/example_dags/example_branch_day_of_week_operator.py took 0.084 seconds
[2026-08-08T07:45:37.575+0000] {processor.py:186} INFO - Started process (PID=6646) to work on /home/airflow/.local/lib/python3.12/site-packages/airflow/example_dags/example_branch_day_of_week_operator.py
[2026-08-08T07:45:37.577+0000] {processor.py:914} INFO - Processing file /home/airflow/.local/lib/python3.12/site-packages/airflow/example_dags/example_branch_day_of_week_operator.py for tasks to queue
[2026-08-08T07:45:37.580+0000] {logging_mixin.py:190} INFO - [2026-08-08T07:45:37.580+0000] {dagbag.py:588} INFO - Filling up the DagBag from /home/airflow/.local/lib/python3.12/site-packages/airflow/example_dags/example_branch_day_of_week_operator.py
[2026-08-08T07:45:37.592+0000] {processor.py:925} INFO - DAG(s) 'example_weekday_branch_operator' retrieved from /home/airflow/.local/lib/python3.12/site-packages/airflow/example_dags/example_branch_day_of_week_operator.py
[2026-08-08T07:45:37.620+0000] {logging_mixin.py:190} INFO - [2026-08-08T07:45:37.620+0000] {dag.py:3239} INFO - Sync 1 DAGs
[2026-08-08T07:45:37.655+0000] {logging_mixin.py:190} INFO - [2026-08-08T07:45:37.655+0000] {dag.py:4180} INFO - Setting next_dagrun for example_weekday_branch_operator to 2026-08-07 00:00:00+00:00, run_after=2026-08-08 00:00:00+00:00
[2026-08-08T07:45:37.679+0000] {processor.py:208} INFO - Processing /home/airflow/.local/lib/python3.12/site-packages/airflow/example_dags/example_branch_day_of_week_operator.py took 0.111 seconds
[2026-08-08T07:46:08.788+0000] {processor.py:186} INFO - Started process (PID=6713) to work on /home/airflow/.local/lib/python3.12/site-packages/airflow/example_dags/example_branch_day_of_week_operator.py
[2026-08-08T07:46:08.789+0000] {processor.py:914} INFO - Processing file /home/airflow/.local/lib/python3.12/site-packages/airflow/example_dags/example_branch_day_of_week_operator.py for tasks to queue
[2026-08-08T07:46:08.792+0000] {logging_mixin.py:190} INFO - [2026-08-08T07:46:08.792+0000] {dagbag.py:588} INFO - Filling up the DagBag from /home/airflow/.local/lib/python3.12/site-packages/airflow/example_dags/example_branch_day_of_week_operator.py
[2026-08-08T07:46:08.802+0000] {processor.py:925} INFO - DAG(s) 'example_weekday_branch_operator' retrieved from /home/airflow/.local/lib/python3.12/site-packages/airflow/example_dags/example_branch_day_of_week_operator.py
[2026-08-08T07:46:08.824+0000] {logging_mixin.py:190} INFO - [2026-08-08T07:46:08.823+0000] {dag.py:3239} INFO - Sync 1 DAGs
[2026-08-08T07:46:08.850+0000] {logging_mixin.py:190} INFO - [2026-08-08T07:46:08.850+0000] {dag.py:4180} INFO - Setting next_dagrun for example_weekday_branch_operator to 2026-08-07 00:00:00+00:00, run_after=2026-08-08 00:00:00+00:00
[2026-08-08T07:46:08.874+0000] {processor.py:208} INFO - Processing /home/airflow/.local/lib/python3.12/site-packages/airflow/example_dags/example_branch_day_of_week_operator.py took 0.092 seconds
[2026-08-08T07:46:39.813+0000] {processor.py:186} INFO - Started process (PID=6785) to work on /home/airflow/.local/lib/python3.12/site-packages/airflow/example_dags/example_branch_day_of_week_operator.py
[2026-08-08T07:46:39.814+0000] {processor.py:914} INFO - Processing file /home/airflow/.local/lib/python3.12/site-packages/airflow/example_dags/example_branch_day_of_week_operator.py for tasks to queue
[2026-08-08T07:46:39.818+0000] {logging_mixin.py:190} INFO - [2026-08-08T07:46:39.817+0000] {dagbag.py:588} INFO - Filling up the DagBag from /home/airflow/.local/lib/python3.12/site-packages/airflow/example_dags/example_branch_day_of_week_operator.py
[2026-08-08T07:46:39.831+0000] {processor.py:925} INFO - DAG(s) 'example_weekday_branch_operator' retrieved from /home/airflow/.local/lib/python3.12/site-packages/airflow/example_dags/example_branch_day_of_week_operator.py
[2026-08-08T07:46:39.856+0000] {logging_mixin.py:190} INFO - [2026-08-08T07:46:39.856+0000] {dag.py:3239} INFO - Sync 1 DAGs
[2026-08-08T07:46:39.884+0000] {logging_mixin.py:190} INFO - [2026-08-08T07:46:39.883+0000] {dag.py:4180} INFO - Setting next_dagrun for example_weekday_branch_operator to 2026-08-07 00:00:00+00:00, run_after=2026-08-08 00:00:00+00:00
[2026-08-08T07:46:39.904+0000] {processor.py:208} INFO - Processing /home/airflow/.local/lib/python3.12/site-packages/airflow/example_dags/example_branch_day_of_week_operator.py took 0.099 seconds
[2026-08-08T07:47:09.969+0000] {processor.py:186} INFO - Started process (PID=6850) to work on /home/airflow/.local/lib/python3.12/site-packages/airflow/example_dags/example_branch_day_of_week_operator.py
[2026-08-08T07:47:09.970+0000] {processor.py:914} INFO - Processing file /home/airflow/.local/lib/python3.12/site-packages/airflow/example_dags/example_branch_day_of_week_operator.py for tasks to queue
[2026-08-08T07:47:09.973+0000] {logging_mixin.py:190} INFO - [2026-08-08T07:47:09.973+0000] {dagbag.py:588} INFO - Filling up the DagBag from /home/airflow/.local/lib/python3.12/site-packages/airflow/example_dags/example_branch_day_of_week_operator.py
[2026-08-08T07:47:09.984+0000] {processor.py:925} INFO - DAG(s) 'example_weekday_branch_operator' retrieved from /home/airflow/.local/lib/python3.12/site-packages/airflow/example_dags/example_branch_day_of_week_operator.py
[2026-08-08T07:47:10.004+0000] {logging_mixin.py:190} INFO - [2026-08-08T07:47:10.004+0000] {dag.py:3239} INFO - Sync 1 DAGs
[2026-08-08T07:47:10.030+0000] {logging_mixin.py:190} INFO - [2026-08-08T07:47:10.030+0000] {dag.py:4180} INFO - Setting next_dagrun for example_weekday_branch_operator to 2026-08-07 00:00:00+00:00, run_after=2026-08-08 00:00:00+00:00
[2026-08-08T07:47:10.051+0000] {processor.py:208} INFO - Processing /home/airflow/.local/lib/python3.12/site-packages/airflow/example_dags/example_branch_day_of_week_operator.py took 0.088 seconds
[2026-08-08T07:47:40.300+0000] {processor.py:186} INFO - Started process (PID=6915) to work on /home/airflow/.local/lib/python3.12/site-packages/airflow/example_dags/example_branch_day_of_week_operator.py
[2026-08-08T07:47:40.301+0000] {processor.py:914} INFO - Processing file /home/airflow/.local/lib/python3.12/site-packages/airflow/example_dags/example_branch_day_of_week_operator.py for tasks to queue
[2026-08-08T07:47:40.304+0000] {logging_mixin.py:190} INFO - [2026-08-08T07:47:40.304+0000] {dagbag.py:588} INFO - Filling up the DagBag from /home/airflow/.local/lib/python3.12/site-packages/airflow/example_dags/example_branch_day_of_week_operator.py
[2026-08-08T07:47:40.316+0000] {processor.py:925} INFO - DAG(s) 'example_weekday_branch_operator' retrieved from /home/airflow/.local/lib/python3.12/site-packages/airflow/example_dags/example_branch_day_of_week_operator.py
[2026-08-08T07:47:40.338+0000] {logging_mixin.py:190} INFO - [2026-08-08T07:47:40.338+0000] {dag.py:3239} INFO - Sync 1 DAGs
[2026-08-08T07:47:40.366+0000] {logging_mixin.py:190} INFO - [2026-08-08T07:47:40.366+0000] {dag.py:4180} INFO - Setting next_dagrun for example_weekday_branch_operator to 2026-08-07 00:00:00+00:00, run_after=2026-08-08 00:00:00+00:00
[2026-08-08T07:47:40.387+0000] {processor.py:208} INFO - Processing /home/airflow/.local/lib/python3.12/site-packages/airflow/example_dags/example_branch_day_of_week_operator.py took 0.094 seconds
[2026-08-08T07:48:10.520+0000] {processor.py:186} INFO - Started process (PID=6980) to work on /home/airflow/.local/lib/python3.12/site-packages/airflow/example_dags/example_branch_day_of_week_operator.py
[2026-08-08T07:48:10.521+0000] {processor.py:914} INFO - Processing file /home/airflow/.local/lib/python3.12/site-packages/airflow/example_dags/example_branch_day_of_week_operator.py for tasks to queue
[2026-08-08T07:48:10.524+0000] {logging_mixin.py:190} INFO - [2026-08-08T07:48:10.524+0000] {dagbag.py:588} INFO - Filling up the DagBag from /home/airflow/.local/lib/python3.12/site-packages/airflow/example_dags/example_branch_day_of_week_operator.py
[2026-08-08T07:48:10.534+0000] {processor.py:925} INFO - DAG(s) 'example_weekday_branch_operator' retrieved from /home/airflow/.local/lib/python3.12/site-packages/airflow/example_dags/example_branch_day_of_week_operator.py
[2026-08-08T07:48:10.554+0000] {logging_mixin.py:190} INFO - [2026-08-08T07:48:10.554+0000] {dag.py:3239} INFO - Sync 1 DAGs
[2026-08-08T07:48:10.580+0000] {logging_mixin.py:190} INFO - [2026-08-08T07:48:10.579+0000] {dag.py:4180} INFO - Setting next_dagrun for example_weekday_branch_operator to 2026-08-07 00:00:00+00:00, run_after=2026-08-08 00:00:00+00:00
[2026-08-08T07:48:10.599+0000] {processor.py:208} INFO - Processing /home/airflow/.local/lib/python3.12/site-packages/airflow/example_dags/example_branch_day_of_week_operator.py took 0.086 seconds
[2026-08-08T07:48:41.149+0000] {processor.py:186} INFO - Started process (PID=7044) to work on /home/airflow/.local/lib/python3.12/site-packages/airflow/example_dags/example_branch_day_of_week_operator.py
[2026-08-08T07:48:41.151+0000] {processor.py:914} INFO - Processing file /home/airflow/.local/lib/python3.12/site-packages/airflow/example_dags/example_branch_day_of_week_operator.py for tasks to queue
[2026-08-08T07:48:41.155+0000] {logging_mixin.py:190} INFO - [2026-08-08T07:48:41.155+0000] {dagbag.py:588} INFO - Filling up the DagBag from /home/airflow/.local/lib/python3.12/site-packages/airflow/example_dags/example_branch_day_of_week_operator.py
[2026-08-08T07:48:41.168+0000] {processor.py:925} INFO - DAG(s) 'example_weekday_branch_operator' retrieved from /home/airflow/.local/lib/python3.12/site-packages/airflow/example_dags/example_branch_day_of_week_operator.py
[2026-08-08T07:48:41.192+0000] {logging_mixin.py:190} INFO - [2026-08-08T07:48:41.191+0000] {dag.py:3239} INFO - Sync 1 DAGs
[2026-08-08T07:48:41.224+0000] {logging_mixin.py:190} INFO - [2026-08-08T07:48:41.223+0000] {dag.py:4180} INFO - Setting next_dagrun for example_weekday_branch_operator to 2026-08-07 00:00:00+00:00, run_after=2026-08-08 00:00:00+00:00
[2026-08-08T07:48:41.247+0000] {processor.py:208} INFO - Processing /home/airflow/.local/lib/python3.12/site-packages/airflow/example_dags/example_branch_day_of_week_operator.py took 0.105 seconds
[2026-08-08T07:49:11.329+0000] {processor.py:186} INFO - Started process (PID=7109) to work on /home/airflow/.local/lib/python3.12/site-packages/airflow/example_dags/example_branch_day_of_week_operator.py
[2026-08-08T07:49:11.331+0000] {processor.py:914} INFO - Processing file /home/airflow/.local/lib/python3.12/site-packages/airflow/example_dags/example_branch_day_of_week_operator.py for tasks to queue
[2026-08-08T07:49:11.334+0000] {logging_mixin.py:190} INFO - [2026-08-08T07:49:11.333+0000] {dagbag.py:588} INFO - Filling up the DagBag from /home/airflow/.local/lib/python3.12/site-packages/airflow/example_dags/example_branch_day_of_week_operator.py
[2026-08-08T07:49:11.346+0000] {processor.py:925} INFO - DAG(s) 'example_weekday_branch_operator' retrieved from /home/airflow/.local/lib/python3.12/site-packages/airflow/example_dags/example_branch_day_of_week_operator.py
[2026-08-08T07:49:11.369+0000] {logging_mixin.py:190} INFO - [2026-08-08T07:49:11.369+0000] {dag.py:3239} INFO - Sync 1 DAGs
[2026-08-08T07:49:11.397+0000] {logging_mixin.py:190} INFO - [2026-08-08T07:49:11.396+0000] {dag.py:4180} INFO - Setting next_dagrun for example_weekday_branch_operator to 2026-08-07 00:00:00+00:00, run_after=2026-08-08 00:00:00+00:00
[2026-08-08T07:49:11.416+0000] {processor.py:208} INFO - Processing /home/airflow/.local/lib/python3.12/site-packages/airflow/example_dags/example_branch_day_of_week_operator.py took 0.093 seconds
[2026-08-08T07:49:42.044+0000] {processor.py:186} INFO - Started process (PID=7175) to work on /home/airflow/.local/lib/python3.12/site-packages/airflow/example_dags/example_branch_day_of_week_operator.py
[2026-08-08T07:49:42.045+0000] {processor.py:914} INFO - Processing file /home/airflow/.local/lib/python3.12/site-packages/airflow/example_dags/example_branch_day_of_week_operator.py for tasks to queue
[2026-08-08T07:49:42.048+0000] {logging_mixin.py:190} INFO - [2026-08-08T07:49:42.047+0000] {dagbag.py:588} INFO - Filling up the DagBag from /home/airflow/.local/lib/python3.12/site-packages/airflow/example_dags/example_branch_day_of_week_operator.py
[2026-08-08T07:49:42.060+0000] {processor.py:925} INFO - DAG(s) 'example_weekday_branch_operator' retrieved from /home/airflow/.local/lib/python3.12/site-packages/airflow/example_dags/example_branch_day_of_week_operator.py
[2026-08-08T07:49:42.082+0000] {logging_mixin.py:190} INFO - [2026-08-08T07:49:42.081+0000] {dag.py:3239} INFO - Sync 1 DAGs
[2026-08-08T07:49:42.109+0000] {logging_mixin.py:190} INFO - [2026-08-08T07:49:42.109+0000] {dag.py:4180} INFO - Setting next_dagrun for example_weekday_branch_operator to 2026-08-07 00:00:00+00:00, run_after=2026-08-08 00:00:00+00:00
[2026-08-08T07:49:42.129+0000] {processor.py:208} INFO - Processing /home/airflow/.local/lib/python3.12/site-packages/airflow/example_dags/example_branch_day_of_week_operator.py took 0.093 seconds
[2026-08-08T07:50:12.620+0000] {processor.py:186} INFO - Started process (PID=7240) to work on /home/airflow/.local/lib/python3.12/site-packages/airflow/example_dags/example_branch_day_of_week_operator.py
[2026-08-08T07:50:12.622+0000] {processor.py:914} INFO - Processing file /home/airflow/.local/lib/python3.12/site-packages/airflow/example_dags/example_branch_day_of_week_operator.py for tasks to queue
[2026-08-08T07:50:12.625+0000] {logging_mixin.py:190} INFO - [2026-08-08T07:50:12.625+0000] {dagbag.py:588} INFO - Filling up the DagBag from /home/airflow/.local/lib/python3.12/site-packages/airflow/example_dags/example_branch_day_of_week_operator.py
[2026-08-08T07:50:12.638+0000] {processor.py:925} INFO - DAG(s) 'example_weekday_branch_operator' retrieved from /home/airflow/.local/lib/python3.12/site-packages/airflow/example_dags/example_branch_day_of_week_operator.py
[2026-08-08T07:50:12.658+0000] {logging_mixin.py:190} INFO - [2026-08-08T07:50:12.658+0000] {dag.py:3239} INFO - Sync 1 DAGs
[2026-08-08T07:50:12.684+0000] {logging_mixin.py:190} INFO - [2026-08-08T07:50:12.683+0000] {dag.py:4180} INFO - Setting next_dagrun for example_weekday_branch_operator to 2026-08-07 00:00:00+00:00, run_after=2026-08-08 00:00:00+00:00
[2026-08-08T07:50:12.704+0000] {processor.py:208} INFO - Processing /home/airflow/.local/lib/python3.12/site-packages/airflow/example_dags/example_branch_day_of_week_operator.py took 0.091 seconds
[2026-08-08T07:50:43.134+0000] {processor.py:186} INFO - Started process (PID=7305) to work on /home/airflow/.local/lib/python3.12/site-packages/airflow/example_dags/example_branch_day_of_week_operator.py
[2026-08-08T07:50:43.135+0000] {processor.py:914} INFO - Processing file /home/airflow/.local/lib/python3.12/site-packages/airflow/example_dags/example_branch_day_of_week_operator.py for tasks to queue
[2026-08-08T07:50:43.139+0000] {logging_mixin.py:190} INFO - [2026-08-08T07:50:43.138+0000] {dagbag.py:588} INFO - Filling up the DagBag from /home/airflow/.local/lib/python3.12/site-packages/airflow/example_dags/example_branch_day_of_week_operator.py
[2026-08-08T07:50:43.150+0000] {processor.py:925} INFO - DAG(s) 'example_weekday_branch_operator' retrieved from /home/airflow/.local/lib/python3.12/site-packages/airflow/example_dags/example_branch_day_of_week_operator.py
[2026-08-08T07:50:43.171+0000] {logging_mixin.py:190} INFO - [2026-08-08T07:50:43.171+0000] {dag.py:3239} INFO - Sync 1 DAGs
[2026-08-08T07:50:43.199+0000] {logging_mixin.py:190} INFO - [2026-08-08T07:50:43.198+0000] {dag.py:4180} INFO - Setting next_dagrun for example_weekday_branch_operator to 2026-08-07 00:00:00+00:00, run_after=2026-08-08 00:00:00+00:00
[2026-08-08T07:50:43.219+0000] {processor.py:208} INFO - Processing /home/airflow/.local/lib/python3.12/site-packages/airflow/example_dags/example_branch_day_of_week_operator.py took 0.091 seconds
[2026-08-08T07:51:13.628+0000] {processor.py:186} INFO - Started process (PID=7370) to work on /home/airflow/.local/lib/python3.12/site-packages/airflow/example_dags/example_branch_day_of_week_operator.py
[2026-08-08T07:51:13.630+0000] {processor.py:914} INFO - Processing file /home/airflow/.local/lib/python3.12/site-packages/airflow/example_dags/example_branch_day_of_week_operator.py for tasks to queue
[2026-08-08T07:51:13.632+0000] {logging_mixin.py:190} INFO - [2026-08-08T07:51:13.632+0000] {dagbag.py:588} INFO - Filling up the DagBag from /home/airflow/.local/lib/python3.12/site-packages/airflow/example_dags/example_branch_day_of_week_operator.py
[2026-08-08T07:51:13.642+0000] {processor.py:925} INFO - DAG(s) 'example_weekday_branch_operator' retrieved from /home/airflow/.local/lib/python3.12/site-packages/airflow/example_dags/example_branch_day_of_week_operator.py
[2026-08-08T07:51:13.662+0000] {logging_mixin.py:190} INFO - [2026-08-08T07:51:13.662+0000] {dag.py:3239} INFO - Sync 1 DAGs
[2026-08-08T07:51:13.686+0000] {logging_mixin.py:190} INFO - [2026-08-08T07:51:13.686+0000] {dag.py:4180} INFO - Setting next_dagrun for example_weekday_branch_operator to 2026-08-07 00:00:00+00:00, run_after=2026-08-08 00:00:00+00:00
[2026-08-08T07:51:13.706+0000] {processor.py:208} INFO - Processing /home/airflow/.local/lib/python3.12/site-packages/airflow/example_dags/example_branch_day_of_week_operator.py took 0.083 seconds
[2026-08-08T07:51:43.844+0000] {processor.py:186} INFO - Started process (PID=7435) to work on /home/airflow/.local/lib/python3.12/site-packages/airflow/example_dags/example_branch_day_of_week_operator.py
[2026-08-08T07:51:43.846+0000] {processor.py:914} INFO - Processing file /home/airflow/.local/lib/python3.12/site-packages/airflow/example_dags/example_branch_day_of_week_operator.py for tasks to queue
[2026-08-08T07:51:43.848+0000] {logging_mixin.py:190} INFO - [2026-08-08T07:51:43.848+0000] {dagbag.py:588} INFO - Filling up the DagBag from /home/airflow/.local/lib/python3.12/site-packages/airflow/example_dags/example_branch_day_of_week_operator.py
[2026-08-08T07:51:43.858+0000] {processor.py:925} INFO - DAG(s) 'example_weekday_branch_operator' retrieved from /home/airflow/.local/lib/python3.12/site-packages/airflow/example_dags/example_branch_day_of_week_operator.py
[2026-08-08T07:51:43.878+0000] {logging_mixin.py:190} INFO - [2026-08-08T07:51:43.877+0000] {dag.py:3239} INFO - Sync 1 DAGs
[2026-08-08T07:51:43.902+0000] {logging_mixin.py:190} INFO - [2026-08-08T07:51:43.902+0000] {dag.py:4180} INFO - Setting next_dagrun for example_weekday_branch_operator to 2026-08-07 00:00:00+00:00, run_after=2026-08-08 00:00:00+00:00
[2026-08-08T07:51:43.921+0000] {processor.py:208} INFO - Processing /home/airflow/.local/lib/python3.12/site-packages/airflow/example_dags/example_branch_day_of_week_operator.py took 0.083 seconds
[2026-08-08T07:52:14.369+0000] {processor.py:186} INFO - Started process (PID=7500) to work on /home/airflow/.local/lib/python3.12/site-packages/airflow/example_dags/example_branch_day_of_week_operator.py
[2026-08-08T07:52:14.370+0000] {processor.py:914} INFO - Processing file /home/airflow/.local/lib/python3.12/site-packages/airflow/example_dags/example_branch_day_of_week_operator.py for tasks to queue
[2026-08-08T07:52:14.373+0000] {logging_mixin.py:190} INFO - [2026-08-08T07:52:14.373+0000] {dagbag.py:588} INFO - Filling up the DagBag from /home/airflow/.local/lib/python3.12/site-packages/airflow/example_dags/example_branch_day_of_week_operator.py
[2026-08-08T07:52:14.387+0000] {processor.py:925} INFO - DAG(s) 'example_weekday_branch_operator' retrieved from /home/airflow/.local/lib/python3.12/site-packages/airflow/example_dags/example_branch_day_of_week_operator.py
[2026-08-08T07:52:14.407+0000] {logging_mixin.py:190} INFO - [2026-08-08T07:52:14.407+0000] {dag.py:3239} INFO - Sync 1 DAGs
[2026-08-08T07:52:14.433+0000] {logging_mixin.py:190} INFO - [2026-08-08T07:52:14.432+0000] {dag.py:4180} INFO - Setting next_dagrun for example_weekday_branch_operator to 2026-08-07 00:00:00+00:00, run_after=2026-08-08 00:00:00+00:00
[2026-08-08T07:52:14.453+0000] {processor.py:208} INFO - Processing /home/airflow/.local/lib/python3.12/site-packages/airflow/example_dags/example_branch_day_of_week_operator.py took 0.090 seconds
[2026-08-08T07:52:44.865+0000] {processor.py:186} INFO - Started process (PID=7565) to work on /home/airflow/.local/lib/python3.12/site-packages/airflow/example_dags/example_branch_day_of_week_operator.py
[2026-08-08T07:52:44.866+0000] {processor.py:914} INFO - Processing file /home/airflow/.local/lib/python3.12/site-packages/airflow/example_dags/example_branch_day_of_week_operator.py for tasks to queue
[2026-08-08T07:52:44.869+0000] {logging_mixin.py:190} INFO - [2026-08-08T07:52:44.869+0000] {dagbag.py:588} INFO - Filling up the DagBag from /home/airflow/.local/lib/python3.12/site-packages/airflow/example_dags/example_branch_day_of_week_operator.py
[2026-08-08T07:52:44.879+0000] {processor.py:925} INFO - DAG(s) 'example_weekday_branch_operator' retrieved from /home/airflow/.local/lib/python3.12/site-packages/airflow/example_dags/example_branch_day_of_week_operator.py
[2026-08-08T07:52:44.900+0000] {logging_mixin.py:190} INFO - [2026-08-08T07:52:44.900+0000] {dag.py:3239} INFO - Sync 1 DAGs
[2026-08-08T07:52:44.925+0000] {logging_mixin.py:190} INFO - [2026-08-08T07:52:44.925+0000] {dag.py:4180} INFO - Setting next_dagrun for example_weekday_branch_operator to 2026-08-07 00:00:00+00:00, run_after=2026-08-08 00:00:00+00:00
[2026-08-08T07:52:44.946+0000] {processor.py:208} INFO - Processing /home/airflow/.local/lib/python3.12/site-packages/airflow/example_dags/example_branch_day_of_week_operator.py took 0.087 seconds
[2026-08-08T07:53:15.018+0000] {processor.py:186} INFO - Started process (PID=7630) to work on /home/airflow/.local/lib/python3.12/site-packages/airflow/example_dags/example_branch_day_of_week_operator.py
[2026-08-08T07:53:15.019+0000] {processor.py:914} INFO - Processing file /home/airflow/.local/lib/python3.12/site-packages/airflow/example_dags/example_branch_day_of_week_operator.py for tasks to queue
[2026-08-08T07:53:15.022+0000] {logging_mixin.py:190} INFO - [2026-08-08T07:53:15.022+0000] {dagbag.py:588} INFO - Filling up the DagBag from /home/airflow/.local/lib/python3.12/site-packages/airflow/example_dags/example_branch_day_of_week_operator.py
[2026-08-08T07:53:15.033+0000] {processor.py:925} INFO - DAG(s) 'example_weekday_branch_operator' retrieved from /home/airflow/.local/lib/python3.12/site-packages/airflow/example_dags/example_branch_day_of_week_operator.py
[2026-08-08T07:53:15.052+0000] {logging_mixin.py:190} INFO - [2026-08-08T07:53:15.052+0000] {dag.py:3239} INFO - Sync 1 DAGs
[2026-08-08T07:53:15.078+0000] {logging_mixin.py:190} INFO - [2026-08-08T07:53:15.078+0000] {dag.py:4180} INFO - Setting next_dagrun for example_weekday_branch_operator to 2026-08-07 00:00:00+00:00, run_after=2026-08-08 00:00:00+00:00
[2026-08-08T07:53:15.099+0000] {processor.py:208} INFO - Processing /home/airflow/.local/lib/python3.12/site-packages/airflow/example_dags/example_branch_day_of_week_operator.py took 0.087 seconds
[2026-08-08T07:53:45.721+0000] {processor.py:186} INFO - Started process (PID=7695) to work on /home/airflow/.local/lib/python3.12/site-packages/airflow/example_dags/example_branch_day_of_week_operator.py
[2026-08-08T07:53:45.723+0000] {processor.py:914} INFO - Processing file /home/airflow/.local/lib/python3.12/site-packages/airflow/example_dags/example_branch_day_of_week_operator.py for tasks to queue
[2026-08-08T07:53:45.726+0000] {logging_mixin.py:190} INFO - [2026-08-08T07:53:45.726+0000] {dagbag.py:588} INFO - Filling up the DagBag from /home/airflow/.local/lib/python3.12/site-packages/airflow/example_dags/example_branch_day_of_week_operator.py
[2026-08-08T07:53:45.736+0000] {processor.py:925} INFO - DAG(s) 'example_weekday_branch_operator' retrieved from /home/airflow/.local/lib/python3.12/site-packages/airflow/example_dags/example_branch_day_of_week_operator.py
[2026-08-08T07:53:45.757+0000] {logging_mixin.py:190} INFO - [2026-08-08T07:53:45.757+0000] {dag.py:3239} INFO - Sync 1 DAGs
[2026-08-08T07:53:45.781+0000] {logging_mixin.py:190} INFO - [2026-08-08T07:53:45.781+0000] {dag.py:4180} INFO - Setting next_dagrun for example_weekday_branch_operator to 2026-08-07 00:00:00+00:00, run_after=2026-08-08 00:00:00+00:00
[2026-08-08T07:53:45.802+0000] {processor.py:208} INFO - Processing /home/airflow/.local/lib/python3.12/site-packages/airflow/example_dags/example_branch_day_of_week_operator.py took 0.086 seconds
[2026-08-08T07:54:16.499+0000] {processor.py:186} INFO - Started process (PID=7760) to work on /home/airflow/.local/lib/python3.12/site-packages/airflow/example_dags/example_branch_day_of_week_operator.py
[2026-08-08T07:54:16.500+0000] {processor.py:914} INFO - Processing file /home/airflow/.local/lib/python3.12/site-packages/airflow/example_dags/example_branch_day_of_week_operator.py for tasks to queue
[2026-08-08T07:54:16.504+0000] {logging_mixin.py:190} INFO - [2026-08-08T07:54:16.504+0000] {dagbag.py:588} INFO - Filling up the DagBag from /home/airflow/.local/lib/python3.12/site-packages/airflow/example_dags/example_branch_day_of_week_operator.py
[2026-08-08T07:54:16.518+0000] {processor.py:925} INFO - DAG(s) 'example_weekday_branch_operator' retrieved from /home/airflow/.local/lib/python3.12/site-packages/airflow/example_dags/example_branch_day_of_week_operator.py
[2026-08-08T07:54:16.540+0000] {logging_mixin.py:190} INFO - [2026-08-08T07:54:16.540+0000] {dag.py:3239} INFO - Sync 1 DAGs
[2026-08-08T07:54:16.567+0000] {logging_mixin.py:190} INFO - [2026-08-08T07:54:16.567+0000] {dag.py:4180} INFO - Setting next_dagrun for example_weekday_branch_operator to 2026-08-07 00:00:00+00:00, run_after=2026-08-08 00:00:00+00:00
[2026-08-08T07:54:16.589+0000] {processor.py:208} INFO - Processing /home/airflow/.local/lib/python3.12/site-packages/airflow/example_dags/example_branch_day_of_week_operator.py took 0.098 seconds
[2026-08-08T07:54:47.149+0000] {processor.py:186} INFO - Started process (PID=7825) to work on /home/airflow/.local/lib/python3.12/site-packages/airflow/example_dags/example_branch_day_of_week_operator.py
[2026-08-08T07:54:47.151+0000] {processor.py:914} INFO - Processing file /home/airflow/.local/lib/python3.12/site-packages/airflow/example_dags/example_branch_day_of_week_operator.py for tasks to queue
[2026-08-08T07:54:47.153+0000] {logging_mixin.py:190} INFO - [2026-08-08T07:54:47.153+0000] {dagbag.py:588} INFO - Filling up the DagBag from /home/airflow/.local/lib/python3.12/site-packages/airflow/example_dags/example_branch_day_of_week_operator.py
[2026-08-08T07:54:47.164+0000] {processor.py:925} INFO - DAG(s) 'example_weekday_branch_operator' retrieved from /home/airflow/.local/lib/python3.12/site-packages/airflow/example_dags/example_branch_day_of_week_operator.py
[2026-08-08T07:54:47.183+0000] {logging_mixin.py:190} INFO - [2026-08-08T07:54:47.183+0000] {dag.py:3239} INFO - Sync 1 DAGs
[2026-08-08T07:54:47.208+0000] {logging_mixin.py:190} INFO - [2026-08-08T07:54:47.207+0000] {dag.py:4180} INFO - Setting next_dagrun for example_weekday_branch_operator to 2026-08-07 00:00:00+00:00, run_after=2026-08-08 00:00:00+00:00
[2026-08-08T07:54:47.227+0000] {processor.py:208} INFO - Processing /home/airflow/.local/lib/python3.12/site-packages/airflow/example_dags/example_branch_day_of_week_operator.py took 0.084 seconds
[2026-08-08T07:55:17.478+0000] {processor.py:186} INFO - Started process (PID=7890) to work on /home/airflow/.local/lib/python3.12/site-packages/airflow/example_dags/example_branch_day_of_week_operator.py
[2026-08-08T07:55:17.479+0000] {processor.py:914} INFO - Processing file /home/airflow/.local/lib/python3.12/site-packages/airflow/example_dags/example_branch_day_of_week_operator.py for tasks to queue
[2026-08-08T07:55:17.482+0000] {logging_mixin.py:190} INFO - [2026-08-08T07:55:17.482+0000] {dagbag.py:588} INFO - Filling up the DagBag from /home/airflow/.local/lib/python3.12/site-packages/airflow/example_dags/example_branch_day_of_week_operator.py
[2026-08-08T07:55:17.493+0000] {processor.py:925} INFO - DAG(s) 'example_weekday_branch_operator' retrieved from /home/airflow/.local/lib/python3.12/site-packages/airflow/example_dags/example_branch_day_of_week_operator.py
[2026-08-08T07:55:17.518+0000] {logging_mixin.py:190} INFO - [2026-08-08T07:55:17.517+0000] {dag.py:3239} INFO - Sync 1 DAGs
[2026-08-08T07:55:17.546+0000] {logging_mixin.py:190} INFO - [2026-08-08T07:55:17.546+0000] {dag.py:4180} INFO - Setting next_dagrun for example_weekday_branch_operator to 2026-08-07 00:00:00+00:00, run_after=2026-08-08 00:00:00+00:00
[2026-08-08T07:55:17.568+0000] {processor.py:208} INFO - Processing /home/airflow/.local/lib/python3.12/site-packages/airflow/example_dags/example_branch_day_of_week_operator.py took 0.096 seconds
[2026-08-08T07:55:47.999+0000] {processor.py:186} INFO - Started process (PID=7955) to work on /home/airflow/.local/lib/python3.12/site-packages/airflow/example_dags/example_branch_day_of_week_operator.py
[2026-08-08T07:55:48.000+0000] {processor.py:914} INFO - Processing file /home/airflow/.local/lib/python3.12/site-packages/airflow/example_dags/example_branch_day_of_week_operator.py for tasks to queue
[2026-08-08T07:55:48.003+0000] {logging_mixin.py:190} INFO - [2026-08-08T07:55:48.003+0000] {dagbag.py:588} INFO - Filling up the DagBag from /home/airflow/.local/lib/python3.12/site-packages/airflow/example_dags/example_branch_day_of_week_operator.py
[2026-08-08T07:55:48.015+0000] {processor.py:925} INFO - DAG(s) 'example_weekday_branch_operator' retrieved from /home/airflow/.local/lib/python3.12/site-packages/airflow/example_dags/example_branch_day_of_week_operator.py
[2026-08-08T07:55:48.035+0000] {logging_mixin.py:190} INFO - [2026-08-08T07:55:48.035+0000] {dag.py:3239} INFO - Sync 1 DAGs
[2026-08-08T07:55:48.062+0000] {logging_mixin.py:190} INFO - [2026-08-08T07:55:48.061+0000] {dag.py:4180} INFO - Setting next_dagrun for example_weekday_branch_operator to 2026-08-07 00:00:00+00:00, run_after=2026-08-08 00:00:00+00:00
[2026-08-08T07:55:48.083+0000] {processor.py:208} INFO - Processing /home/airflow/.local/lib/python3.12/site-packages/airflow/example_dags/example_branch_day_of_week_operator.py took 0.090 seconds
[2026-08-08T07:56:18.557+0000] {processor.py:186} INFO - Started process (PID=8020) to work on /home/airflow/.local/lib/python3.12/site-packages/airflow/example_dags/example_branch_day_of_week_operator.py
[2026-08-08T07:56:18.559+0000] {processor.py:914} INFO - Processing file /home/airflow/.local/lib/python3.12/site-packages/airflow/example_dags/example_branch_day_of_week_operator.py for tasks to queue
[2026-08-08T07:56:18.563+0000] {logging_mixin.py:190} INFO - [2026-08-08T07:56:18.563+0000] {dagbag.py:588} INFO - Filling up the DagBag from /home/airflow/.local/lib/python3.12/site-packages/airflow/example_dags/example_branch_day_of_week_operator.py
[2026-08-08T07:56:18.576+0000] {processor.py:925} INFO - DAG(s) 'example_weekday_branch_operator' retrieved from /home/airflow/.local/lib/python3.12/site-packages/airflow/example_dags/example_branch_day_of_week_operator.py
[2026-08-08T07:56:18.601+0000] {logging_mixin.py:190} INFO - [2026-08-08T07:56:18.601+0000] {dag.py:3239} INFO - Sync 1 DAGs
[2026-08-08T07:56:18.635+0000] {logging_mixin.py:190} INFO - [2026-08-08T07:56:18.635+0000] {dag.py:4180} INFO - Setting next_dagrun for example_weekday_branch_operator to 2026-08-07 00:00:00+00:00, run_after=2026-08-08 00:00:00+00:00
[2026-08-08T07:56:18.655+0000] {processor.py:208} INFO - Processing /home/airflow/.local/lib/python3.12/site-packages/airflow/example_dags/example_branch_day_of_week_operator.py took 0.106 seconds
[2026-08-08T07:56:48.841+0000] {processor.py:186} INFO - Started process (PID=8085) to work on /home/airflow/.local/lib/python3.12/site-packages/airflow/example_dags/example_branch_day_of_week_operator.py
[2026-08-08T07:56:48.842+0000] {processor.py:914} INFO - Processing file /home/airflow/.local/lib/python3.12/site-packages/airflow/example_dags/example_branch_day_of_week_operator.py for tasks to queue
[2026-08-08T07:56:48.845+0000] {logging_mixin.py:190} INFO - [2026-08-08T07:56:48.845+0000] {dagbag.py:588} INFO - Filling up the DagBag from /home/airflow/.local/lib/python3.12/site-packages/airflow/example_dags/example_branch_day_of_week_operator.py
[2026-08-08T07:56:48.856+0000] {processor.py:925} INFO - DAG(s) 'example_weekday_branch_operator' retrieved from /home/airflow/.local/lib/python3.12/site-packages/airflow/example_dags/example_branch_day_of_week_operator.py
[2026-08-08T07:56:48.876+0000] {logging_mixin.py:190} INFO - [2026-08-08T07:56:48.876+0000] {dag.py:3239} INFO - Sync 1 DAGs
[2026-08-08T07:56:48.902+0000] {logging_mixin.py:190} INFO - [2026-08-08T07:56:48.901+0000] {dag.py:4180} INFO - Setting next_dagrun for example_weekday_branch_operator to 2026-08-07 00:00:00+00:00, run_after=2026-08-08 00:00:00+00:00
[2026-08-08T07:56:48.924+0000] {processor.py:208} INFO - Processing /home/airflow/.local/lib/python3.12/site-packages/airflow/example_dags/example_branch_day_of_week_operator.py took 0.090 seconds
[2026-08-08T07:57:19.148+0000] {processor.py:186} INFO - Started process (PID=8150) to work on /home/airflow/.local/lib/python3.12/site-packages/airflow/example_dags/example_branch_day_of_week_operator.py
[2026-08-08T07:57:19.149+0000] {processor.py:914} INFO - Processing file /home/airflow/.local/lib/python3.12/site-packages/airflow/example_dags/example_branch_day_of_week_operator.py for tasks to queue
[2026-08-08T07:57:19.152+0000] {logging_mixin.py:190} INFO - [2026-08-08T07:57:19.152+0000] {dagbag.py:588} INFO - Filling up the DagBag from /home/airflow/.local/lib/python3.12/site-packages/airflow/example_dags/example_branch_day_of_week_operator.py
[2026-08-08T07:57:19.163+0000] {processor.py:925} INFO - DAG(s) 'example_weekday_branch_operator' retrieved from /home/airflow/.local/lib/python3.12/site-packages/airflow/example_dags/example_branch_day_of_week_operator.py
[2026-08-08T07:57:19.184+0000] {logging_mixin.py:190} INFO - [2026-08-08T07:57:19.184+0000] {dag.py:3239} INFO - Sync 1 DAGs
[2026-08-08T07:57:19.210+0000] {logging_mixin.py:190} INFO - [2026-08-08T07:57:19.209+0000] {dag.py:4180} INFO - Setting next_dagrun for example_weekday_branch_operator to 2026-08-07 00:00:00+00:00, run_after=2026-08-08 00:00:00+00:00
[2026-08-08T07:57:19.231+0000] {processor.py:208} INFO - Processing /home/airflow/.local/lib/python3.12/site-packages/airflow/example_dags/example_branch_day_of_week_operator.py took 0.089 seconds
[2026-08-08T07:57:49.915+0000] {processor.py:186} INFO - Started process (PID=8214) to work on /home/airflow/.local/lib/python3.12/site-packages/airflow/example_dags/example_branch_day_of_week_operator.py
[2026-08-08T07:57:49.917+0000] {processor.py:914} INFO - Processing file /home/airflow/.local/lib/python3.12/site-packages/airflow/example_dags/example_branch_day_of_week_operator.py for tasks to queue
[2026-08-08T07:57:49.919+0000] {logging_mixin.py:190} INFO - [2026-08-08T07:57:49.919+0000] {dagbag.py:588} INFO - Filling up the DagBag from /home/airflow/.local/lib/python3.12/site-packages/airflow/example_dags/example_branch_day_of_week_operator.py
[2026-08-08T07:57:49.929+0000] {processor.py:925} INFO - DAG(s) 'example_weekday_branch_operator' retrieved from /home/airflow/.local/lib/python3.12/site-packages/airflow/example_dags/example_branch_day_of_week_operator.py
[2026-08-08T07:57:49.951+0000] {logging_mixin.py:190} INFO - [2026-08-08T07:57:49.951+0000] {dag.py:3239} INFO - Sync 1 DAGs
[2026-08-08T07:57:49.979+0000] {logging_mixin.py:190} INFO - [2026-08-08T07:57:49.978+0000] {dag.py:4180} INFO - Setting next_dagrun for example_weekday_branch_operator to 2026-08-07 00:00:00+00:00, run_after=2026-08-08 00:00:00+00:00
[2026-08-08T07:57:50.002+0000] {processor.py:208} INFO - Processing /home/airflow/.local/lib/python3.12/site-packages/airflow/example_dags/example_branch_day_of_week_operator.py took 0.092 seconds
[2026-08-08T07:58:20.130+0000] {processor.py:186} INFO - Started process (PID=8279) to work on /home/airflow/.local/lib/python3.12/site-packages/airflow/example_dags/example_branch_day_of_week_operator.py
[2026-08-08T07:58:20.131+0000] {processor.py:914} INFO - Processing file /home/airflow/.local/lib/python3.12/site-packages/airflow/example_dags/example_branch_day_of_week_operator.py for tasks to queue
[2026-08-08T07:58:20.134+0000] {logging_mixin.py:190} INFO - [2026-08-08T07:58:20.134+0000] {dagbag.py:588} INFO - Filling up the DagBag from /home/airflow/.local/lib/python3.12/site-packages/airflow/example_dags/example_branch_day_of_week_operator.py
[2026-08-08T07:58:20.145+0000] {processor.py:925} INFO - DAG(s) 'example_weekday_branch_operator' retrieved from /home/airflow/.local/lib/python3.12/site-packages/airflow/example_dags/example_branch_day_of_week_operator.py
[2026-08-08T07:58:20.164+0000] {logging_mixin.py:190} INFO - [2026-08-08T07:58:20.164+0000] {dag.py:3239} INFO - Sync 1 DAGs
[2026-08-08T07:58:20.189+0000] {logging_mixin.py:190} INFO - [2026-08-08T07:58:20.189+0000] {dag.py:4180} INFO - Setting next_dagrun for example_weekday_branch_operator to 2026-08-07 00:00:00+00:00, run_after=2026-08-08 00:00:00+00:00
[2026-08-08T07:58:20.211+0000] {processor.py:208} INFO - Processing /home/airflow/.local/lib/python3.12/site-packages/airflow/example_dags/example_branch_day_of_week_operator.py took 0.087 seconds
[2026-08-08T07:58:50.845+0000] {processor.py:186} INFO - Started process (PID=8344) to work on /home/airflow/.local/lib/python3.12/site-packages/airflow/example_dags/example_branch_day_of_week_operator.py
[2026-08-08T07:58:50.847+0000] {processor.py:914} INFO - Processing file /home/airflow/.local/lib/python3.12/site-packages/airflow/example_dags/example_branch_day_of_week_operator.py for tasks to queue
[2026-08-08T07:58:50.850+0000] {logging_mixin.py:190} INFO - [2026-08-08T07:58:50.850+0000] {dagbag.py:588} INFO - Filling up the DagBag from /home/airflow/.local/lib/python3.12/site-packages/airflow/example_dags/example_branch_day_of_week_operator.py
[2026-08-08T07:58:50.863+0000] {processor.py:925} INFO - DAG(s) 'example_weekday_branch_operator' retrieved from /home/airflow/.local/lib/python3.12/site-packages/airflow/example_dags/example_branch_day_of_week_operator.py
[2026-08-08T07:58:50.885+0000] {logging_mixin.py:190} INFO - [2026-08-08T07:58:50.885+0000] {dag.py:3239} INFO - Sync 1 DAGs
[2026-08-08T07:58:50.913+0000] {logging_mixin.py:190} INFO - [2026-08-08T07:58:50.913+0000] {dag.py:4180} INFO - Setting next_dagrun for example_weekday_branch_operator to 2026-08-07 00:00:00+00:00, run_after=2026-08-08 00:00:00+00:00
[2026-08-08T07:58:50.933+0000] {processor.py:208} INFO - Processing /home/airflow/.local/lib/python3.12/site-packages/airflow/example_dags/example_branch_day_of_week_operator.py took 0.095 seconds
[2026-08-08T07:59:21.408+0000] {processor.py:186} INFO - Started process (PID=8409) to work on /home/airflow/.local/lib/python3.12/site-packages/airflow/example_dags/example_branch_day_of_week_operator.py
[2026-08-08T07:59:21.409+0000] {processor.py:914} INFO - Processing file /home/airflow/.local/lib/python3.12/site-packages/airflow/example_dags/example_branch_day_of_week_operator.py for tasks to queue
[2026-08-08T07:59:21.413+0000] {logging_mixin.py:190} INFO - [2026-08-08T07:59:21.412+0000] {dagbag.py:588} INFO - Filling up the DagBag from /home/airflow/.local/lib/python3.12/site-packages/airflow/example_dags/example_branch_day_of_week_operator.py
[2026-08-08T07:59:21.425+0000] {processor.py:925} INFO - DAG(s) 'example_weekday_branch_operator' retrieved from /home/airflow/.local/lib/python3.12/site-packages/airflow/example_dags/example_branch_day_of_week_operator.py
[2026-08-08T07:59:21.454+0000] {logging_mixin.py:190} INFO - [2026-08-08T07:59:21.454+0000] {dag.py:3239} INFO - Sync 1 DAGs
[2026-08-08T07:59:21.495+0000] {logging_mixin.py:190} INFO - [2026-08-08T07:59:21.495+0000] {dag.py:4180} INFO - Setting next_dagrun for example_weekday_branch_operator to 2026-08-07 00:00:00+00:00, run_after=2026-08-08 00:00:00+00:00
[2026-08-08T07:59:21.538+0000] {processor.py:208} INFO - Processing /home/airflow/.local/lib/python3.12/site-packages/airflow/example_dags/example_branch_day_of_week_operator.py took 0.138 seconds
[2026-08-08T07:59:51.826+0000] {processor.py:186} INFO - Started process (PID=8474) to work on /home/airflow/.local/lib/python3.12/site-packages/airflow/example_dags/example_branch_day_of_week_operator.py
[2026-08-08T07:59:51.827+0000] {processor.py:914} INFO - Processing file /home/airflow/.local/lib/python3.12/site-packages/airflow/example_dags/example_branch_day_of_week_operator.py for tasks to queue
[2026-08-08T07:59:51.830+0000] {logging_mixin.py:190} INFO - [2026-08-08T07:59:51.829+0000] {dagbag.py:588} INFO - Filling up the DagBag from /home/airflow/.local/lib/python3.12/site-packages/airflow/example_dags/example_branch_day_of_week_operator.py
[2026-08-08T07:59:51.839+0000] {processor.py:925} INFO - DAG(s) 'example_weekday_branch_operator' retrieved from /home/airflow/.local/lib/python3.12/site-packages/airflow/example_dags/example_branch_day_of_week_operator.py
[2026-08-08T07:59:51.859+0000] {logging_mixin.py:190} INFO - [2026-08-08T07:59:51.859+0000] {dag.py:3239} INFO - Sync 1 DAGs
[2026-08-08T07:59:51.885+0000] {logging_mixin.py:190} INFO - [2026-08-08T07:59:51.885+0000] {dag.py:4180} INFO - Setting next_dagrun for example_weekday_branch_operator to 2026-08-07 00:00:00+00:00, run_after=2026-08-08 00:00:00+00:00
[2026-08-08T07:59:51.908+0000] {processor.py:208} INFO - Processing /home/airflow/.local/lib/python3.12/site-packages/airflow/example_dags/example_branch_day_of_week_operator.py took 0.088 seconds
[2026-08-08T08:00:22.146+0000] {processor.py:186} INFO - Started process (PID=8539) to work on /home/airflow/.local/lib/python3.12/site-packages/airflow/example_dags/example_branch_day_of_week_operator.py
[2026-08-08T08:00:22.148+0000] {processor.py:914} INFO - Processing file /home/airflow/.local/lib/python3.12/site-packages/airflow/example_dags/example_branch_day_of_week_operator.py for tasks to queue
[2026-08-08T08:00:22.151+0000] {logging_mixin.py:190} INFO - [2026-08-08T08:00:22.151+0000] {dagbag.py:588} INFO - Filling up the DagBag from /home/airflow/.local/lib/python3.12/site-packages/airflow/example_dags/example_branch_day_of_week_operator.py
[2026-08-08T08:00:22.164+0000] {processor.py:925} INFO - DAG(s) 'example_weekday_branch_operator' retrieved from /home/airflow/.local/lib/python3.12/site-packages/airflow/example_dags/example_branch_day_of_week_operator.py
[2026-08-08T08:00:22.186+0000] {logging_mixin.py:190} INFO - [2026-08-08T08:00:22.186+0000] {dag.py:3239} INFO - Sync 1 DAGs
[2026-08-08T08:00:22.213+0000] {logging_mixin.py:190} INFO - [2026-08-08T08:00:22.212+0000] {dag.py:4180} INFO - Setting next_dagrun for example_weekday_branch_operator to 2026-08-07 00:00:00+00:00, run_after=2026-08-08 00:00:00+00:00
[2026-08-08T08:00:22.234+0000] {processor.py:208} INFO - Processing /home/airflow/.local/lib/python3.12/site-packages/airflow/example_dags/example_branch_day_of_week_operator.py took 0.097 seconds
[2026-08-08T08:00:52.606+0000] {processor.py:186} INFO - Started process (PID=8604) to work on /home/airflow/.local/lib/python3.12/site-packages/airflow/example_dags/example_branch_day_of_week_operator.py
[2026-08-08T08:00:52.608+0000] {processor.py:914} INFO - Processing file /home/airflow/.local/lib/python3.12/site-packages/airflow/example_dags/example_branch_day_of_week_operator.py for tasks to queue
[2026-08-08T08:00:52.613+0000] {logging_mixin.py:190} INFO - [2026-08-08T08:00:52.612+0000] {dagbag.py:588} INFO - Filling up the DagBag from /home/airflow/.local/lib/python3.12/site-packages/airflow/example_dags/example_branch_day_of_week_operator.py
[2026-08-08T08:00:52.630+0000] {processor.py:925} INFO - DAG(s) 'example_weekday_branch_operator' retrieved from /home/airflow/.local/lib/python3.12/site-packages/airflow/example_dags/example_branch_day_of_week_operator.py
[2026-08-08T08:00:52.656+0000] {logging_mixin.py:190} INFO - [2026-08-08T08:00:52.655+0000] {dag.py:3239} INFO - Sync 1 DAGs
[2026-08-08T08:00:52.689+0000] {logging_mixin.py:190} INFO - [2026-08-08T08:00:52.688+0000] {dag.py:4180} INFO - Setting next_dagrun for example_weekday_branch_operator to 2026-08-07 00:00:00+00:00, run_after=2026-08-08 00:00:00+00:00
[2026-08-08T08:00:52.710+0000] {processor.py:208} INFO - Processing /home/airflow/.local/lib/python3.12/site-packages/airflow/example_dags/example_branch_day_of_week_operator.py took 0.119 seconds
[2026-08-08T08:01:23.614+0000] {processor.py:186} INFO - Started process (PID=8669) to work on /home/airflow/.local/lib/python3.12/site-packages/airflow/example_dags/example_branch_day_of_week_operator.py
[2026-08-08T08:01:23.616+0000] {processor.py:914} INFO - Processing file /home/airflow/.local/lib/python3.12/site-packages/airflow/example_dags/example_branch_day_of_week_operator.py for tasks to queue
[2026-08-08T08:01:23.620+0000] {logging_mixin.py:190} INFO - [2026-08-08T08:01:23.619+0000] {dagbag.py:588} INFO - Filling up the DagBag from /home/airflow/.local/lib/python3.12/site-packages/airflow/example_dags/example_branch_day_of_week_operator.py
[2026-08-08T08:01:23.634+0000] {processor.py:925} INFO - DAG(s) 'example_weekday_branch_operator' retrieved from /home/airflow/.local/lib/python3.12/site-packages/airflow/example_dags/example_branch_day_of_week_operator.py
[2026-08-08T08:01:23.658+0000] {logging_mixin.py:190} INFO - [2026-08-08T08:01:23.657+0000] {dag.py:3239} INFO - Sync 1 DAGs
[2026-08-08T08:01:23.686+0000] {logging_mixin.py:190} INFO - [2026-08-08T08:01:23.686+0000] {dag.py:4180} INFO - Setting next_dagrun for example_weekday_branch_operator to 2026-08-07 00:00:00+00:00, run_after=2026-08-08 00:00:00+00:00
[2026-08-08T08:01:23.707+0000] {processor.py:208} INFO - Processing /home/airflow/.local/lib/python3.12/site-packages/airflow/example_dags/example_branch_day_of_week_operator.py took 0.102 seconds
[2026-08-08T08:01:54.289+0000] {processor.py:186} INFO - Started process (PID=8734) to work on /home/airflow/.local/lib/python3.12/site-packages/airflow/example_dags/example_branch_day_of_week_operator.py
[2026-08-08T08:01:54.291+0000] {processor.py:914} INFO - Processing file /home/airflow/.local/lib/python3.12/site-packages/airflow/example_dags/example_branch_day_of_week_operator.py for tasks to queue
[2026-08-08T08:01:54.293+0000] {logging_mixin.py:190} INFO - [2026-08-08T08:01:54.293+0000] {dagbag.py:588} INFO - Filling up the DagBag from /home/airflow/.local/lib/python3.12/site-packages/airflow/example_dags/example_branch_day_of_week_operator.py
[2026-08-08T08:01:54.303+0000] {processor.py:925} INFO - DAG(s) 'example_weekday_branch_operator' retrieved from /home/airflow/.local/lib/python3.12/site-packages/airflow/example_dags/example_branch_day_of_week_operator.py
[2026-08-08T08:01:54.323+0000] {logging_mixin.py:190} INFO - [2026-08-08T08:01:54.323+0000] {dag.py:3239} INFO - Sync 1 DAGs
[2026-08-08T08:01:54.348+0000] {logging_mixin.py:190} INFO - [2026-08-08T08:01:54.347+0000] {dag.py:4180} INFO - Setting next_dagrun for example_weekday_branch_operator to 2026-08-07 00:00:00+00:00, run_after=2026-08-08 00:00:00+00:00
[2026-08-08T08:01:54.366+0000] {processor.py:208} INFO - Processing /home/airflow/.local/lib/python3.12/site-packages/airflow/example_dags/example_branch_day_of_week_operator.py took 0.083 seconds
[2026-08-08T08:02:25.109+0000] {processor.py:186} INFO - Started process (PID=8799) to work on /home/airflow/.local/lib/python3.12/site-packages/airflow/example_dags/example_branch_day_of_week_operator.py
[2026-08-08T08:02:25.111+0000] {processor.py:914} INFO - Processing file /home/airflow/.local/lib/python3.12/site-packages/airflow/example_dags/example_branch_day_of_week_operator.py for tasks to queue
[2026-08-08T08:02:25.114+0000] {logging_mixin.py:190} INFO - [2026-08-08T08:02:25.113+0000] {dagbag.py:588} INFO - Filling up the DagBag from /home/airflow/.local/lib/python3.12/site-packages/airflow/example_dags/example_branch_day_of_week_operator.py
[2026-08-08T08:02:25.124+0000] {processor.py:925} INFO - DAG(s) 'example_weekday_branch_operator' retrieved from /home/airflow/.local/lib/python3.12/site-packages/airflow/example_dags/example_branch_day_of_week_operator.py
[2026-08-08T08:02:25.145+0000] {logging_mixin.py:190} INFO - [2026-08-08T08:02:25.145+0000] {dag.py:3239} INFO - Sync 1 DAGs
[2026-08-08T08:02:25.172+0000] {logging_mixin.py:190} INFO - [2026-08-08T08:02:25.171+0000] {dag.py:4180} INFO - Setting next_dagrun for example_weekday_branch_operator to 2026-08-07 00:00:00+00:00, run_after=2026-08-08 00:00:00+00:00
[2026-08-08T08:02:25.194+0000] {processor.py:208} INFO - Processing /home/airflow/.local/lib/python3.12/site-packages/airflow/example_dags/example_branch_day_of_week_operator.py took 0.090 seconds
[2026-08-08T08:02:55.598+0000] {processor.py:186} INFO - Started process (PID=8863) to work on /home/airflow/.local/lib/python3.12/site-packages/airflow/example_dags/example_branch_day_of_week_operator.py
[2026-08-08T08:02:55.599+0000] {processor.py:914} INFO - Processing file /home/airflow/.local/lib/python3.12/site-packages/airflow/example_dags/example_branch_day_of_week_operator.py for tasks to queue
[2026-08-08T08:02:55.603+0000] {logging_mixin.py:190} INFO - [2026-08-08T08:02:55.603+0000] {dagbag.py:588} INFO - Filling up the DagBag from /home/airflow/.local/lib/python3.12/site-packages/airflow/example_dags/example_branch_day_of_week_operator.py
[2026-08-08T08:02:55.615+0000] {processor.py:925} INFO - DAG(s) 'example_weekday_branch_operator' retrieved from /home/airflow/.local/lib/python3.12/site-packages/airflow/example_dags/example_branch_day_of_week_operator.py
[2026-08-08T08:02:55.637+0000] {logging_mixin.py:190} INFO - [2026-08-08T08:02:55.637+0000] {dag.py:3239} INFO - Sync 1 DAGs
[2026-08-08T08:02:55.664+0000] {logging_mixin.py:190} INFO - [2026-08-08T08:02:55.663+0000] {dag.py:4180} INFO - Setting next_dagrun for example_weekday_branch_operator to 2026-08-07 00:00:00+00:00, run_after=2026-08-08 00:00:00+00:00
[2026-08-08T08:02:55.685+0000] {processor.py:208} INFO - Processing /home/airflow/.local/lib/python3.12/site-packages/airflow/example_dags/example_branch_day_of_week_operator.py took 0.093 seconds
[2026-08-08T08:03:26.288+0000] {processor.py:186} INFO - Started process (PID=8929) to work on /home/airflow/.local/lib/python3.12/site-packages/airflow/example_dags/example_branch_day_of_week_operator.py
[2026-08-08T08:03:26.290+0000] {processor.py:914} INFO - Processing file /home/airflow/.local/lib/python3.12/site-packages/airflow/example_dags/example_branch_day_of_week_operator.py for tasks to queue
[2026-08-08T08:03:26.293+0000] {logging_mixin.py:190} INFO - [2026-08-08T08:03:26.292+0000] {dagbag.py:588} INFO - Filling up the DagBag from /home/airflow/.local/lib/python3.12/site-packages/airflow/example_dags/example_branch_day_of_week_operator.py
[2026-08-08T08:03:26.303+0000] {processor.py:925} INFO - DAG(s) 'example_weekday_branch_operator' retrieved from /home/airflow/.local/lib/python3.12/site-packages/airflow/example_dags/example_branch_day_of_week_operator.py
[2026-08-08T08:03:26.323+0000] {logging_mixin.py:190} INFO - [2026-08-08T08:03:26.323+0000] {dag.py:3239} INFO - Sync 1 DAGs
[2026-08-08T08:03:26.347+0000] {logging_mixin.py:190} INFO - [2026-08-08T08:03:26.347+0000] {dag.py:4180} INFO - Setting next_dagrun for example_weekday_branch_operator to 2026-08-07 00:00:00+00:00, run_after=2026-08-08 00:00:00+00:00
[2026-08-08T08:03:26.367+0000] {processor.py:208} INFO - Processing /home/airflow/.local/lib/python3.12/site-packages/airflow/example_dags/example_branch_day_of_week_operator.py took 0.085 seconds
[2026-08-08T08:03:56.675+0000] {processor.py:186} INFO - Started process (PID=8994) to work on /home/airflow/.local/lib/python3.12/site-packages/airflow/example_dags/example_branch_day_of_week_operator.py
[2026-08-08T08:03:56.676+0000] {processor.py:914} INFO - Processing file /home/airflow/.local/lib/python3.12/site-packages/airflow/example_dags/example_branch_day_of_week_operator.py for tasks to queue
[2026-08-08T08:03:56.680+0000] {logging_mixin.py:190} INFO - [2026-08-08T08:03:56.679+0000] {dagbag.py:588} INFO - Filling up the DagBag from /home/airflow/.local/lib/python3.12/site-packages/airflow/example_dags/example_branch_day_of_week_operator.py
[2026-08-08T08:03:56.694+0000] {processor.py:925} INFO - DAG(s) 'example_weekday_branch_operator' retrieved from /home/airflow/.local/lib/python3.12/site-packages/airflow/example_dags/example_branch_day_of_week_operator.py
[2026-08-08T08:03:56.717+0000] {logging_mixin.py:190} INFO - [2026-08-08T08:03:56.716+0000] {dag.py:3239} INFO - Sync 1 DAGs
[2026-08-08T08:03:56.745+0000] {logging_mixin.py:190} INFO - [2026-08-08T08:03:56.745+0000] {dag.py:4180} INFO - Setting next_dagrun for example_weekday_branch_operator to 2026-08-07 00:00:00+00:00, run_after=2026-08-08 00:00:00+00:00
[2026-08-08T08:03:56.768+0000] {processor.py:208} INFO - Processing /home/airflow/.local/lib/python3.12/site-packages/airflow/example_dags/example_branch_day_of_week_operator.py took 0.101 seconds
[2026-08-08T08:04:27.624+0000] {processor.py:186} INFO - Started process (PID=9060) to work on /home/airflow/.local/lib/python3.12/site-packages/airflow/example_dags/example_branch_day_of_week_operator.py
[2026-08-08T08:04:27.626+0000] {processor.py:914} INFO - Processing file /home/airflow/.local/lib/python3.12/site-packages/airflow/example_dags/example_branch_day_of_week_operator.py for tasks to queue
[2026-08-08T08:04:27.629+0000] {logging_mixin.py:190} INFO - [2026-08-08T08:04:27.629+0000] {dagbag.py:588} INFO - Filling up the DagBag from /home/airflow/.local/lib/python3.12/site-packages/airflow/example_dags/example_branch_day_of_week_operator.py
[2026-08-08T08:04:27.642+0000] {processor.py:925} INFO - DAG(s) 'example_weekday_branch_operator' retrieved from /home/airflow/.local/lib/python3.12/site-packages/airflow/example_dags/example_branch_day_of_week_operator.py
[2026-08-08T08:04:27.666+0000] {logging_mixin.py:190} INFO - [2026-08-08T08:04:27.666+0000] {dag.py:3239} INFO - Sync 1 DAGs
[2026-08-08T08:04:27.887+0000] {logging_mixin.py:190} INFO - [2026-08-08T08:04:27.887+0000] {dag.py:4180} INFO - Setting next_dagrun for example_weekday_branch_operator to 2026-08-07 00:00:00+00:00, run_after=2026-08-08 00:00:00+00:00
[2026-08-08T08:04:27.904+0000] {processor.py:208} INFO - Processing /home/airflow/.local/lib/python3.12/site-packages/airflow/example_dags/example_branch_day_of_week_operator.py took 0.287 seconds
[2026-08-08T08:04:59.273+0000] {processor.py:186} INFO - Started process (PID=9128) to work on /home/airflow/.local/lib/python3.12/site-packages/airflow/example_dags/example_branch_day_of_week_operator.py
[2026-08-08T08:04:59.274+0000] {processor.py:914} INFO - Processing file /home/airflow/.local/lib/python3.12/site-packages/airflow/example_dags/example_branch_day_of_week_operator.py for tasks to queue
[2026-08-08T08:04:59.277+0000] {logging_mixin.py:190} INFO - [2026-08-08T08:04:59.277+0000] {dagbag.py:588} INFO - Filling up the DagBag from /home/airflow/.local/lib/python3.12/site-packages/airflow/example_dags/example_branch_day_of_week_operator.py
[2026-08-08T08:04:59.287+0000] {processor.py:925} INFO - DAG(s) 'example_weekday_branch_operator' retrieved from /home/airflow/.local/lib/python3.12/site-packages/airflow/example_dags/example_branch_day_of_week_operator.py
[2026-08-08T08:04:59.307+0000] {logging_mixin.py:190} INFO - [2026-08-08T08:04:59.306+0000] {dag.py:3239} INFO - Sync 1 DAGs
[2026-08-08T08:04:59.475+0000] {logging_mixin.py:190} INFO - [2026-08-08T08:04:59.474+0000] {dag.py:4180} INFO - Setting next_dagrun for example_weekday_branch_operator to 2026-08-07 00:00:00+00:00, run_after=2026-08-08 00:00:00+00:00
[2026-08-08T08:04:59.492+0000] {processor.py:208} INFO - Processing /home/airflow/.local/lib/python3.12/site-packages/airflow/example_dags/example_branch_day_of_week_operator.py took 0.225 seconds
[2026-08-08T08:05:29.643+0000] {processor.py:186} INFO - Started process (PID=9193) to work on /home/airflow/.local/lib/python3.12/site-packages/airflow/example_dags/example_branch_day_of_week_operator.py
[2026-08-08T08:05:29.644+0000] {processor.py:914} INFO - Processing file /home/airflow/.local/lib/python3.12/site-packages/airflow/example_dags/example_branch_day_of_week_operator.py for tasks to queue
[2026-08-08T08:05:29.647+0000] {logging_mixin.py:190} INFO - [2026-08-08T08:05:29.647+0000] {dagbag.py:588} INFO - Filling up the DagBag from /home/airflow/.local/lib/python3.12/site-packages/airflow/example_dags/example_branch_day_of_week_operator.py
[2026-08-08T08:05:29.657+0000] {processor.py:925} INFO - DAG(s) 'example_weekday_branch_operator' retrieved from /home/airflow/.local/lib/python3.12/site-packages/airflow/example_dags/example_branch_day_of_week_operator.py
[2026-08-08T08:05:29.679+0000] {logging_mixin.py:190} INFO - [2026-08-08T08:05:29.679+0000] {dag.py:3239} INFO - Sync 1 DAGs
[2026-08-08T08:05:29.706+0000] {logging_mixin.py:190} INFO - [2026-08-08T08:05:29.706+0000] {dag.py:4180} INFO - Setting next_dagrun for example_weekday_branch_operator to 2026-08-07 00:00:00+00:00, run_after=2026-08-08 00:00:00+00:00
[2026-08-08T08:05:29.881+0000] {processor.py:208} INFO - Processing /home/airflow/.local/lib/python3.12/site-packages/airflow/example_dags/example_branch_day_of_week_operator.py took 0.243 seconds
[2026-08-08T08:06:00.513+0000] {processor.py:186} INFO - Started process (PID=9259) to work on /home/airflow/.local/lib/python3.12/site-packages/airflow/example_dags/example_branch_day_of_week_operator.py
[2026-08-08T08:06:00.514+0000] {processor.py:914} INFO - Processing file /home/airflow/.local/lib/python3.12/site-packages/airflow/example_dags/example_branch_day_of_week_operator.py for tasks to queue
[2026-08-08T08:06:00.517+0000] {logging_mixin.py:190} INFO - [2026-08-08T08:06:00.517+0000] {dagbag.py:588} INFO - Filling up the DagBag from /home/airflow/.local/lib/python3.12/site-packages/airflow/example_dags/example_branch_day_of_week_operator.py
[2026-08-08T08:06:00.527+0000] {processor.py:925} INFO - DAG(s) 'example_weekday_branch_operator' retrieved from /home/airflow/.local/lib/python3.12/site-packages/airflow/example_dags/example_branch_day_of_week_operator.py
[2026-08-08T08:06:00.549+0000] {logging_mixin.py:190} INFO - [2026-08-08T08:06:00.549+0000] {dag.py:3239} INFO - Sync 1 DAGs
[2026-08-08T08:06:00.578+0000] {logging_mixin.py:190} INFO - [2026-08-08T08:06:00.578+0000] {dag.py:4180} INFO - Setting next_dagrun for example_weekday_branch_operator to 2026-08-07 00:00:00+00:00, run_after=2026-08-08 00:00:00+00:00
[2026-08-08T08:06:00.599+0000] {processor.py:208} INFO - Processing /home/airflow/.local/lib/python3.12/site-packages/airflow/example_dags/example_branch_day_of_week_operator.py took 0.093 seconds
[2026-08-08T08:06:31.640+0000] {processor.py:186} INFO - Started process (PID=9327) to work on /home/airflow/.local/lib/python3.12/site-packages/airflow/example_dags/example_branch_day_of_week_operator.py
[2026-08-08T08:06:31.642+0000] {processor.py:914} INFO - Processing file /home/airflow/.local/lib/python3.12/site-packages/airflow/example_dags/example_branch_day_of_week_operator.py for tasks to queue
[2026-08-08T08:06:31.645+0000] {logging_mixin.py:190} INFO - [2026-08-08T08:06:31.645+0000] {dagbag.py:588} INFO - Filling up the DagBag from /home/airflow/.local/lib/python3.12/site-packages/airflow/example_dags/example_branch_day_of_week_operator.py
[2026-08-08T08:06:31.661+0000] {processor.py:925} INFO - DAG(s) 'example_weekday_branch_operator' retrieved from /home/airflow/.local/lib/python3.12/site-packages/airflow/example_dags/example_branch_day_of_week_operator.py
[2026-08-08T08:06:31.687+0000] {logging_mixin.py:190} INFO - [2026-08-08T08:06:31.687+0000] {dag.py:3239} INFO - Sync 1 DAGs
[2026-08-08T08:06:31.715+0000] {logging_mixin.py:190} INFO - [2026-08-08T08:06:31.714+0000] {dag.py:4180} INFO - Setting next_dagrun for example_weekday_branch_operator to 2026-08-07 00:00:00+00:00, run_after=2026-08-08 00:00:00+00:00
[2026-08-08T08:06:31.734+0000] {processor.py:208} INFO - Processing /home/airflow/.local/lib/python3.12/site-packages/airflow/example_dags/example_branch_day_of_week_operator.py took 0.100 seconds
[2026-08-08T08:07:01.985+0000] {processor.py:186} INFO - Started process (PID=9392) to work on /home/airflow/.local/lib/python3.12/site-packages/airflow/example_dags/example_branch_day_of_week_operator.py
[2026-08-08T08:07:01.986+0000] {processor.py:914} INFO - Processing file /home/airflow/.local/lib/python3.12/site-packages/airflow/example_dags/example_branch_day_of_week_operator.py for tasks to queue
[2026-08-08T08:07:01.989+0000] {logging_mixin.py:190} INFO - [2026-08-08T08:07:01.989+0000] {dagbag.py:588} INFO - Filling up the DagBag from /home/airflow/.local/lib/python3.12/site-packages/airflow/example_dags/example_branch_day_of_week_operator.py
[2026-08-08T08:07:02.001+0000] {processor.py:925} INFO - DAG(s) 'example_weekday_branch_operator' retrieved from /home/airflow/.local/lib/python3.12/site-packages/airflow/example_dags/example_branch_day_of_week_operator.py
[2026-08-08T08:07:02.026+0000] {logging_mixin.py:190} INFO - [2026-08-08T08:07:02.025+0000] {dag.py:3239} INFO - Sync 1 DAGs
[2026-08-08T08:07:02.058+0000] {logging_mixin.py:190} INFO - [2026-08-08T08:07:02.057+0000] {dag.py:4180} INFO - Setting next_dagrun for example_weekday_branch_operator to 2026-08-07 00:00:00+00:00, run_after=2026-08-08 00:00:00+00:00
[2026-08-08T08:07:02.080+0000] {processor.py:208} INFO - Processing /home/airflow/.local/lib/python3.12/site-packages/airflow/example_dags/example_branch_day_of_week_operator.py took 0.101 seconds
[2026-08-08T08:07:32.232+0000] {processor.py:186} INFO - Started process (PID=9457) to work on /home/airflow/.local/lib/python3.12/site-packages/airflow/example_dags/example_branch_day_of_week_operator.py
[2026-08-08T08:07:32.233+0000] {processor.py:914} INFO - Processing file /home/airflow/.local/lib/python3.12/site-packages/airflow/example_dags/example_branch_day_of_week_operator.py for tasks to queue
[2026-08-08T08:07:32.236+0000] {logging_mixin.py:190} INFO - [2026-08-08T08:07:32.236+0000] {dagbag.py:588} INFO - Filling up the DagBag from /home/airflow/.local/lib/python3.12/site-packages/airflow/example_dags/example_branch_day_of_week_operator.py
[2026-08-08T08:07:32.247+0000] {processor.py:925} INFO - DAG(s) 'example_weekday_branch_operator' retrieved from /home/airflow/.local/lib/python3.12/site-packages/airflow/example_dags/example_branch_day_of_week_operator.py
[2026-08-08T08:07:32.269+0000] {logging_mixin.py:190} INFO - [2026-08-08T08:07:32.268+0000] {dag.py:3239} INFO - Sync 1 DAGs
[2026-08-08T08:07:32.295+0000] {logging_mixin.py:190} INFO - [2026-08-08T08:07:32.294+0000] {dag.py:4180} INFO - Setting next_dagrun for example_weekday_branch_operator to 2026-08-07 00:00:00+00:00, run_after=2026-08-08 00:00:00+00:00
[2026-08-08T08:07:32.316+0000] {processor.py:208} INFO - Processing /home/airflow/.local/lib/python3.12/site-packages/airflow/example_dags/example_branch_day_of_week_operator.py took 0.090 seconds
[2026-08-08T08:08:02.933+0000] {processor.py:186} INFO - Started process (PID=9522) to work on /home/airflow/.local/lib/python3.12/site-packages/airflow/example_dags/example_branch_day_of_week_operator.py
[2026-08-08T08:08:02.935+0000] {processor.py:914} INFO - Processing file /home/airflow/.local/lib/python3.12/site-packages/airflow/example_dags/example_branch_day_of_week_operator.py for tasks to queue
[2026-08-08T08:08:02.939+0000] {logging_mixin.py:190} INFO - [2026-08-08T08:08:02.939+0000] {dagbag.py:588} INFO - Filling up the DagBag from /home/airflow/.local/lib/python3.12/site-packages/airflow/example_dags/example_branch_day_of_week_operator.py
[2026-08-08T08:08:02.955+0000] {processor.py:925} INFO - DAG(s) 'example_weekday_branch_operator' retrieved from /home/airflow/.local/lib/python3.12/site-packages/airflow/example_dags/example_branch_day_of_week_operator.py
[2026-08-08T08:08:02.983+0000] {logging_mixin.py:190} INFO - [2026-08-08T08:08:02.982+0000] {dag.py:3239} INFO - Sync 1 DAGs
[2026-08-08T08:08:03.015+0000] {logging_mixin.py:190} INFO - [2026-08-08T08:08:03.015+0000] {dag.py:4180} INFO - Setting next_dagrun for example_weekday_branch_operator to 2026-08-07 00:00:00+00:00, run_after=2026-08-08 00:00:00+00:00
[2026-08-08T08:08:03.035+0000] {processor.py:208} INFO - Processing /home/airflow/.local/lib/python3.12/site-packages/airflow/example_dags/example_branch_day_of_week_operator.py took 0.115 seconds
[2026-08-08T08:08:33.457+0000] {processor.py:186} INFO - Started process (PID=9587) to work on /home/airflow/.local/lib/python3.12/site-packages/airflow/example_dags/example_branch_day_of_week_operator.py
[2026-08-08T08:08:33.458+0000] {processor.py:914} INFO - Processing file /home/airflow/.local/lib/python3.12/site-packages/airflow/example_dags/example_branch_day_of_week_operator.py for tasks to queue
[2026-08-08T08:08:33.461+0000] {logging_mixin.py:190} INFO - [2026-08-08T08:08:33.460+0000] {dagbag.py:588} INFO - Filling up the DagBag from /home/airflow/.local/lib/python3.12/site-packages/airflow/example_dags/example_branch_day_of_week_operator.py
[2026-08-08T08:08:33.472+0000] {processor.py:925} INFO - DAG(s) 'example_weekday_branch_operator' retrieved from /home/airflow/.local/lib/python3.12/site-packages/airflow/example_dags/example_branch_day_of_week_operator.py
[2026-08-08T08:08:33.494+0000] {logging_mixin.py:190} INFO - [2026-08-08T08:08:33.494+0000] {dag.py:3239} INFO - Sync 1 DAGs
[2026-08-08T08:08:33.522+0000] {logging_mixin.py:190} INFO - [2026-08-08T08:08:33.522+0000] {dag.py:4180} INFO - Setting next_dagrun for example_weekday_branch_operator to 2026-08-07 00:00:00+00:00, run_after=2026-08-08 00:00:00+00:00
[2026-08-08T08:08:33.543+0000] {processor.py:208} INFO - Processing /home/airflow/.local/lib/python3.12/site-packages/airflow/example_dags/example_branch_day_of_week_operator.py took 0.093 seconds
[2026-08-08T08:09:03.912+0000] {processor.py:186} INFO - Started process (PID=9652) to work on /home/airflow/.local/lib/python3.12/site-packages/airflow/example_dags/example_branch_day_of_week_operator.py
[2026-08-08T08:09:03.914+0000] {processor.py:914} INFO - Processing file /home/airflow/.local/lib/python3.12/site-packages/airflow/example_dags/example_branch_day_of_week_operator.py for tasks to queue
[2026-08-08T08:09:03.917+0000] {logging_mixin.py:190} INFO - [2026-08-08T08:09:03.916+0000] {dagbag.py:588} INFO - Filling up the DagBag from /home/airflow/.local/lib/python3.12/site-packages/airflow/example_dags/example_branch_day_of_week_operator.py
[2026-08-08T08:09:03.927+0000] {processor.py:925} INFO - DAG(s) 'example_weekday_branch_operator' retrieved from /home/airflow/.local/lib/python3.12/site-packages/airflow/example_dags/example_branch_day_of_week_operator.py
[2026-08-08T08:09:03.948+0000] {logging_mixin.py:190} INFO - [2026-08-08T08:09:03.947+0000] {dag.py:3239} INFO - Sync 1 DAGs
[2026-08-08T08:09:03.976+0000] {logging_mixin.py:190} INFO - [2026-08-08T08:09:03.976+0000] {dag.py:4180} INFO - Setting next_dagrun for example_weekday_branch_operator to 2026-08-07 00:00:00+00:00, run_after=2026-08-08 00:00:00+00:00
[2026-08-08T08:09:03.996+0000] {processor.py:208} INFO - Processing /home/airflow/.local/lib/python3.12/site-packages/airflow/example_dags/example_branch_day_of_week_operator.py took 0.090 seconds
[2026-08-08T08:09:34.126+0000] {processor.py:186} INFO - Started process (PID=9717) to work on /home/airflow/.local/lib/python3.12/site-packages/airflow/example_dags/example_branch_day_of_week_operator.py
[2026-08-08T08:09:34.127+0000] {processor.py:914} INFO - Processing file /home/airflow/.local/lib/python3.12/site-packages/airflow/example_dags/example_branch_day_of_week_operator.py for tasks to queue
[2026-08-08T08:09:34.130+0000] {logging_mixin.py:190} INFO - [2026-08-08T08:09:34.130+0000] {dagbag.py:588} INFO - Filling up the DagBag from /home/airflow/.local/lib/python3.12/site-packages/airflow/example_dags/example_branch_day_of_week_operator.py
[2026-08-08T08:09:34.143+0000] {processor.py:925} INFO - DAG(s) 'example_weekday_branch_operator' retrieved from /home/airflow/.local/lib/python3.12/site-packages/airflow/example_dags/example_branch_day_of_week_operator.py
[2026-08-08T08:09:34.166+0000] {logging_mixin.py:190} INFO - [2026-08-08T08:09:34.166+0000] {dag.py:3239} INFO - Sync 1 DAGs
[2026-08-08T08:09:34.193+0000] {logging_mixin.py:190} INFO - [2026-08-08T08:09:34.193+0000] {dag.py:4180} INFO - Setting next_dagrun for example_weekday_branch_operator to 2026-08-07 00:00:00+00:00, run_after=2026-08-08 00:00:00+00:00
[2026-08-08T08:09:34.214+0000] {processor.py:208} INFO - Processing /home/airflow/.local/lib/python3.12/site-packages/airflow/example_dags/example_branch_day_of_week_operator.py took 0.095 seconds
[2026-08-08T08:10:04.477+0000] {processor.py:186} INFO - Started process (PID=9782) to work on /home/airflow/.local/lib/python3.12/site-packages/airflow/example_dags/example_branch_day_of_week_operator.py
[2026-08-08T08:10:04.478+0000] {processor.py:914} INFO - Processing file /home/airflow/.local/lib/python3.12/site-packages/airflow/example_dags/example_branch_day_of_week_operator.py for tasks to queue
[2026-08-08T08:10:04.482+0000] {logging_mixin.py:190} INFO - [2026-08-08T08:10:04.481+0000] {dagbag.py:588} INFO - Filling up the DagBag from /home/airflow/.local/lib/python3.12/site-packages/airflow/example_dags/example_branch_day_of_week_operator.py
[2026-08-08T08:10:04.494+0000] {processor.py:925} INFO - DAG(s) 'example_weekday_branch_operator' retrieved from /home/airflow/.local/lib/python3.12/site-packages/airflow/example_dags/example_branch_day_of_week_operator.py
[2026-08-08T08:10:04.516+0000] {logging_mixin.py:190} INFO - [2026-08-08T08:10:04.516+0000] {dag.py:3239} INFO - Sync 1 DAGs
[2026-08-08T08:10:04.542+0000] {logging_mixin.py:190} INFO - [2026-08-08T08:10:04.541+0000] {dag.py:4180} INFO - Setting next_dagrun for example_weekday_branch_operator to 2026-08-07 00:00:00+00:00, run_after=2026-08-08 00:00:00+00:00
[2026-08-08T08:10:04.562+0000] {processor.py:208} INFO - Processing /home/airflow/.local/lib/python3.12/site-packages/airflow/example_dags/example_branch_day_of_week_operator.py took 0.091 seconds
[2026-08-08T08:10:35.563+0000] {processor.py:186} INFO - Started process (PID=9847) to work on /home/airflow/.local/lib/python3.12/site-packages/airflow/example_dags/example_branch_day_of_week_operator.py
[2026-08-08T08:10:35.564+0000] {processor.py:914} INFO - Processing file /home/airflow/.local/lib/python3.12/site-packages/airflow/example_dags/example_branch_day_of_week_operator.py for tasks to queue
[2026-08-08T08:10:35.568+0000] {logging_mixin.py:190} INFO - [2026-08-08T08:10:35.568+0000] {dagbag.py:588} INFO - Filling up the DagBag from /home/airflow/.local/lib/python3.12/site-packages/airflow/example_dags/example_branch_day_of_week_operator.py
[2026-08-08T08:10:35.581+0000] {processor.py:925} INFO - DAG(s) 'example_weekday_branch_operator' retrieved from /home/airflow/.local/lib/python3.12/site-packages/airflow/example_dags/example_branch_day_of_week_operator.py
[2026-08-08T08:10:35.603+0000] {logging_mixin.py:190} INFO - [2026-08-08T08:10:35.603+0000] {dag.py:3239} INFO - Sync 1 DAGs
[2026-08-08T08:10:35.632+0000] {logging_mixin.py:190} INFO - [2026-08-08T08:10:35.632+0000] {dag.py:4180} INFO - Setting next_dagrun for example_weekday_branch_operator to 2026-08-07 00:00:00+00:00, run_after=2026-08-08 00:00:00+00:00
[2026-08-08T08:10:35.653+0000] {processor.py:208} INFO - Processing /home/airflow/.local/lib/python3.12/site-packages/airflow/example_dags/example_branch_day_of_week_operator.py took 0.098 seconds
[2026-08-08T08:11:06.854+0000] {processor.py:186} INFO - Started process (PID=9912) to work on /home/airflow/.local/lib/python3.12/site-packages/airflow/example_dags/example_branch_day_of_week_operator.py
[2026-08-08T08:11:06.855+0000] {processor.py:914} INFO - Processing file /home/airflow/.local/lib/python3.12/site-packages/airflow/example_dags/example_branch_day_of_week_operator.py for tasks to queue
[2026-08-08T08:11:06.858+0000] {logging_mixin.py:190} INFO - [2026-08-08T08:11:06.858+0000] {dagbag.py:588} INFO - Filling up the DagBag from /home/airflow/.local/lib/python3.12/site-packages/airflow/example_dags/example_branch_day_of_week_operator.py
[2026-08-08T08:11:06.869+0000] {processor.py:925} INFO - DAG(s) 'example_weekday_branch_operator' retrieved from /home/airflow/.local/lib/python3.12/site-packages/airflow/example_dags/example_branch_day_of_week_operator.py
[2026-08-08T08:11:06.889+0000] {logging_mixin.py:190} INFO - [2026-08-08T08:11:06.889+0000] {dag.py:3239} INFO - Sync 1 DAGs
[2026-08-08T08:11:06.914+0000] {logging_mixin.py:190} INFO - [2026-08-08T08:11:06.913+0000] {dag.py:4180} INFO - Setting next_dagrun for example_weekday_branch_operator to 2026-08-07 00:00:00+00:00, run_after=2026-08-08 00:00:00+00:00
[2026-08-08T08:11:06.936+0000] {processor.py:208} INFO - Processing /home/airflow/.local/lib/python3.12/site-packages/airflow/example_dags/example_branch_day_of_week_operator.py took 0.087 seconds
[2026-08-08T08:11:38.019+0000] {processor.py:186} INFO - Started process (PID=9977) to work on /home/airflow/.local/lib/python3.12/site-packages/airflow/example_dags/example_branch_day_of_week_operator.py
[2026-08-08T08:11:38.020+0000] {processor.py:914} INFO - Processing file /home/airflow/.local/lib/python3.12/site-packages/airflow/example_dags/example_branch_day_of_week_operator.py for tasks to queue
[2026-08-08T08:11:38.024+0000] {logging_mixin.py:190} INFO - [2026-08-08T08:11:38.023+0000] {dagbag.py:588} INFO - Filling up the DagBag from /home/airflow/.local/lib/python3.12/site-packages/airflow/example_dags/example_branch_day_of_week_operator.py
[2026-08-08T08:11:38.036+0000] {processor.py:925} INFO - DAG(s) 'example_weekday_branch_operator' retrieved from /home/airflow/.local/lib/python3.12/site-packages/airflow/example_dags/example_branch_day_of_week_operator.py
[2026-08-08T08:11:38.058+0000] {logging_mixin.py:190} INFO - [2026-08-08T08:11:38.058+0000] {dag.py:3239} INFO - Sync 1 DAGs
[2026-08-08T08:11:38.085+0000] {logging_mixin.py:190} INFO - [2026-08-08T08:11:38.085+0000] {dag.py:4180} INFO - Setting next_dagrun for example_weekday_branch_operator to 2026-08-07 00:00:00+00:00, run_after=2026-08-08 00:00:00+00:00
[2026-08-08T08:11:38.106+0000] {processor.py:208} INFO - Processing /home/airflow/.local/lib/python3.12/site-packages/airflow/example_dags/example_branch_day_of_week_operator.py took 0.094 seconds
[2026-08-08T08:12:09.132+0000] {processor.py:186} INFO - Started process (PID=10042) to work on /home/airflow/.local/lib/python3.12/site-packages/airflow/example_dags/example_branch_day_of_week_operator.py
[2026-08-08T08:12:09.133+0000] {processor.py:914} INFO - Processing file /home/airflow/.local/lib/python3.12/site-packages/airflow/example_dags/example_branch_day_of_week_operator.py for tasks to queue
[2026-08-08T08:12:09.136+0000] {logging_mixin.py:190} INFO - [2026-08-08T08:12:09.136+0000] {dagbag.py:588} INFO - Filling up the DagBag from /home/airflow/.local/lib/python3.12/site-packages/airflow/example_dags/example_branch_day_of_week_operator.py
[2026-08-08T08:12:09.148+0000] {processor.py:925} INFO - DAG(s) 'example_weekday_branch_operator' retrieved from /home/airflow/.local/lib/python3.12/site-packages/airflow/example_dags/example_branch_day_of_week_operator.py
[2026-08-08T08:12:09.175+0000] {logging_mixin.py:190} INFO - [2026-08-08T08:12:09.175+0000] {dag.py:3239} INFO - Sync 1 DAGs
[2026-08-08T08:12:09.205+0000] {logging_mixin.py:190} INFO - [2026-08-08T08:12:09.205+0000] {dag.py:4180} INFO - Setting next_dagrun for example_weekday_branch_operator to 2026-08-07 00:00:00+00:00, run_after=2026-08-08 00:00:00+00:00
[2026-08-08T08:12:09.227+0000] {processor.py:208} INFO - Processing /home/airflow/.local/lib/python3.12/site-packages/airflow/example_dags/example_branch_day_of_week_operator.py took 0.101 seconds
[2026-08-08T08:12:40.022+0000] {processor.py:186} INFO - Started process (PID=10107) to work on /home/airflow/.local/lib/python3.12/site-packages/airflow/example_dags/example_branch_day_of_week_operator.py
[2026-08-08T08:12:40.025+0000] {processor.py:914} INFO - Processing file /home/airflow/.local/lib/python3.12/site-packages/airflow/example_dags/example_branch_day_of_week_operator.py for tasks to queue
[2026-08-08T08:12:40.029+0000] {logging_mixin.py:190} INFO - [2026-08-08T08:12:40.028+0000] {dagbag.py:588} INFO - Filling up the DagBag from /home/airflow/.local/lib/python3.12/site-packages/airflow/example_dags/example_branch_day_of_week_operator.py
[2026-08-08T08:12:40.040+0000] {processor.py:925} INFO - DAG(s) 'example_weekday_branch_operator' retrieved from /home/airflow/.local/lib/python3.12/site-packages/airflow/example_dags/example_branch_day_of_week_operator.py
[2026-08-08T08:12:40.066+0000] {logging_mixin.py:190} INFO - [2026-08-08T08:12:40.066+0000] {dag.py:3239} INFO - Sync 1 DAGs
[2026-08-08T08:12:40.093+0000] {logging_mixin.py:190} INFO - [2026-08-08T08:12:40.093+0000] {dag.py:4180} INFO - Setting next_dagrun for example_weekday_branch_operator to 2026-08-07 00:00:00+00:00, run_after=2026-08-08 00:00:00+00:00
[2026-08-08T08:12:40.113+0000] {processor.py:208} INFO - Processing /home/airflow/.local/lib/python3.12/site-packages/airflow/example_dags/example_branch_day_of_week_operator.py took 0.098 seconds
[2026-08-08T08:13:11.099+0000] {processor.py:186} INFO - Started process (PID=10172) to work on /home/airflow/.local/lib/python3.12/site-packages/airflow/example_dags/example_branch_day_of_week_operator.py
[2026-08-08T08:13:11.100+0000] {processor.py:914} INFO - Processing file /home/airflow/.local/lib/python3.12/site-packages/airflow/example_dags/example_branch_day_of_week_operator.py for tasks to queue
[2026-08-08T08:13:11.103+0000] {logging_mixin.py:190} INFO - [2026-08-08T08:13:11.103+0000] {dagbag.py:588} INFO - Filling up the DagBag from /home/airflow/.local/lib/python3.12/site-packages/airflow/example_dags/example_branch_day_of_week_operator.py
[2026-08-08T08:13:11.113+0000] {processor.py:925} INFO - DAG(s) 'example_weekday_branch_operator' retrieved from /home/airflow/.local/lib/python3.12/site-packages/airflow/example_dags/example_branch_day_of_week_operator.py
[2026-08-08T08:13:11.133+0000] {logging_mixin.py:190} INFO - [2026-08-08T08:13:11.132+0000] {dag.py:3239} INFO - Sync 1 DAGs
[2026-08-08T08:13:11.163+0000] {logging_mixin.py:190} INFO - [2026-08-08T08:13:11.162+0000] {dag.py:4180} INFO - Setting next_dagrun for example_weekday_branch_operator to 2026-08-07 00:00:00+00:00, run_after=2026-08-08 00:00:00+00:00
[2026-08-08T08:13:11.185+0000] {processor.py:208} INFO - Processing /home/airflow/.local/lib/python3.12/site-packages/airflow/example_dags/example_branch_day_of_week_operator.py took 0.092 seconds
[2026-08-08T08:13:41.795+0000] {processor.py:186} INFO - Started process (PID=10237) to work on /home/airflow/.local/lib/python3.12/site-packages/airflow/example_dags/example_branch_day_of_week_operator.py
[2026-08-08T08:13:41.796+0000] {processor.py:914} INFO - Processing file /home/airflow/.local/lib/python3.12/site-packages/airflow/example_dags/example_branch_day_of_week_operator.py for tasks to queue
[2026-08-08T08:13:41.799+0000] {logging_mixin.py:190} INFO - [2026-08-08T08:13:41.798+0000] {dagbag.py:588} INFO - Filling up the DagBag from /home/airflow/.local/lib/python3.12/site-packages/airflow/example_dags/example_branch_day_of_week_operator.py
[2026-08-08T08:13:41.809+0000] {processor.py:925} INFO - DAG(s) 'example_weekday_branch_operator' retrieved from /home/airflow/.local/lib/python3.12/site-packages/airflow/example_dags/example_branch_day_of_week_operator.py
[2026-08-08T08:13:41.831+0000] {logging_mixin.py:190} INFO - [2026-08-08T08:13:41.831+0000] {dag.py:3239} INFO - Sync 1 DAGs
[2026-08-08T08:13:41.859+0000] {logging_mixin.py:190} INFO - [2026-08-08T08:13:41.859+0000] {dag.py:4180} INFO - Setting next_dagrun for example_weekday_branch_operator to 2026-08-07 00:00:00+00:00, run_after=2026-08-08 00:00:00+00:00
[2026-08-08T08:13:41.881+0000] {processor.py:208} INFO - Processing /home/airflow/.local/lib/python3.12/site-packages/airflow/example_dags/example_branch_day_of_week_operator.py took 0.093 seconds
[2026-08-08T08:14:12.763+0000] {processor.py:186} INFO - Started process (PID=10308) to work on /home/airflow/.local/lib/python3.12/site-packages/airflow/example_dags/example_branch_day_of_week_operator.py
[2026-08-08T08:14:12.765+0000] {processor.py:914} INFO - Processing file /home/airflow/.local/lib/python3.12/site-packages/airflow/example_dags/example_branch_day_of_week_operator.py for tasks to queue
[2026-08-08T08:14:12.767+0000] {logging_mixin.py:190} INFO - [2026-08-08T08:14:12.767+0000] {dagbag.py:588} INFO - Filling up the DagBag from /home/airflow/.local/lib/python3.12/site-packages/airflow/example_dags/example_branch_day_of_week_operator.py
[2026-08-08T08:14:12.780+0000] {processor.py:925} INFO - DAG(s) 'example_weekday_branch_operator' retrieved from /home/airflow/.local/lib/python3.12/site-packages/airflow/example_dags/example_branch_day_of_week_operator.py
[2026-08-08T08:14:12.801+0000] {logging_mixin.py:190} INFO - [2026-08-08T08:14:12.801+0000] {dag.py:3239} INFO - Sync 1 DAGs
[2026-08-08T08:14:12.831+0000] {logging_mixin.py:190} INFO - [2026-08-08T08:14:12.831+0000] {dag.py:4180} INFO - Setting next_dagrun for example_weekday_branch_operator to 2026-08-07 00:00:00+00:00, run_after=2026-08-08 00:00:00+00:00
[2026-08-08T08:14:12.853+0000] {processor.py:208} INFO - Processing /home/airflow/.local/lib/python3.12/site-packages/airflow/example_dags/example_branch_day_of_week_operator.py took 0.098 seconds
[2026-08-08T08:14:44.035+0000] {processor.py:186} INFO - Started process (PID=10373) to work on /home/airflow/.local/lib/python3.12/site-packages/airflow/example_dags/example_branch_day_of_week_operator.py
[2026-08-08T08:14:44.037+0000] {processor.py:914} INFO - Processing file /home/airflow/.local/lib/python3.12/site-packages/airflow/example_dags/example_branch_day_of_week_operator.py for tasks to queue
[2026-08-08T08:14:44.040+0000] {logging_mixin.py:190} INFO - [2026-08-08T08:14:44.040+0000] {dagbag.py:588} INFO - Filling up the DagBag from /home/airflow/.local/lib/python3.12/site-packages/airflow/example_dags/example_branch_day_of_week_operator.py
[2026-08-08T08:14:44.051+0000] {processor.py:925} INFO - DAG(s) 'example_weekday_branch_operator' retrieved from /home/airflow/.local/lib/python3.12/site-packages/airflow/example_dags/example_branch_day_of_week_operator.py
[2026-08-08T08:14:44.071+0000] {logging_mixin.py:190} INFO - [2026-08-08T08:14:44.071+0000] {dag.py:3239} INFO - Sync 1 DAGs
[2026-08-08T08:14:44.097+0000] {logging_mixin.py:190} INFO - [2026-08-08T08:14:44.097+0000] {dag.py:4180} INFO - Setting next_dagrun for example_weekday_branch_operator to 2026-08-07 00:00:00+00:00, run_after=2026-08-08 00:00:00+00:00
[2026-08-08T08:14:44.119+0000] {processor.py:208} INFO - Processing /home/airflow/.local/lib/python3.12/site-packages/airflow/example_dags/example_branch_day_of_week_operator.py took 0.090 seconds
[2026-08-08T08:15:14.775+0000] {processor.py:186} INFO - Started process (PID=10437) to work on /home/airflow/.local/lib/python3.12/site-packages/airflow/example_dags/example_branch_day_of_week_operator.py
[2026-08-08T08:15:14.777+0000] {processor.py:914} INFO - Processing file /home/airflow/.local/lib/python3.12/site-packages/airflow/example_dags/example_branch_day_of_week_operator.py for tasks to queue
[2026-08-08T08:15:14.780+0000] {logging_mixin.py:190} INFO - [2026-08-08T08:15:14.780+0000] {dagbag.py:588} INFO - Filling up the DagBag from /home/airflow/.local/lib/python3.12/site-packages/airflow/example_dags/example_branch_day_of_week_operator.py
[2026-08-08T08:15:14.793+0000] {processor.py:925} INFO - DAG(s) 'example_weekday_branch_operator' retrieved from /home/airflow/.local/lib/python3.12/site-packages/airflow/example_dags/example_branch_day_of_week_operator.py
[2026-08-08T08:15:14.817+0000] {logging_mixin.py:190} INFO - [2026-08-08T08:15:14.817+0000] {dag.py:3239} INFO - Sync 1 DAGs
[2026-08-08T08:15:14.847+0000] {logging_mixin.py:190} INFO - [2026-08-08T08:15:14.846+0000] {dag.py:4180} INFO - Setting next_dagrun for example_weekday_branch_operator to 2026-08-07 00:00:00+00:00, run_after=2026-08-08 00:00:00+00:00
[2026-08-08T08:15:14.866+0000] {processor.py:208} INFO - Processing /home/airflow/.local/lib/python3.12/site-packages/airflow/example_dags/example_branch_day_of_week_operator.py took 0.097 seconds
[2026-08-08T08:15:46.082+0000] {processor.py:186} INFO - Started process (PID=10502) to work on /home/airflow/.local/lib/python3.12/site-packages/airflow/example_dags/example_branch_day_of_week_operator.py
[2026-08-08T08:15:46.083+0000] {processor.py:914} INFO - Processing file /home/airflow/.local/lib/python3.12/site-packages/airflow/example_dags/example_branch_day_of_week_operator.py for tasks to queue
[2026-08-08T08:15:46.086+0000] {logging_mixin.py:190} INFO - [2026-08-08T08:15:46.086+0000] {dagbag.py:588} INFO - Filling up the DagBag from /home/airflow/.local/lib/python3.12/site-packages/airflow/example_dags/example_branch_day_of_week_operator.py
[2026-08-08T08:15:46.096+0000] {processor.py:925} INFO - DAG(s) 'example_weekday_branch_operator' retrieved from /home/airflow/.local/lib/python3.12/site-packages/airflow/example_dags/example_branch_day_of_week_operator.py
[2026-08-08T08:15:46.117+0000] {logging_mixin.py:190} INFO - [2026-08-08T08:15:46.116+0000] {dag.py:3239} INFO - Sync 1 DAGs
[2026-08-08T08:15:46.143+0000] {logging_mixin.py:190} INFO - [2026-08-08T08:15:46.143+0000] {dag.py:4180} INFO - Setting next_dagrun for example_weekday_branch_operator to 2026-08-07 00:00:00+00:00, run_after=2026-08-08 00:00:00+00:00
[2026-08-08T08:15:46.163+0000] {processor.py:208} INFO - Processing /home/airflow/.local/lib/python3.12/site-packages/airflow/example_dags/example_branch_day_of_week_operator.py took 0.087 seconds
[2026-08-08T08:16:17.103+0000] {processor.py:186} INFO - Started process (PID=10568) to work on /home/airflow/.local/lib/python3.12/site-packages/airflow/example_dags/example_branch_day_of_week_operator.py
[2026-08-08T08:16:17.104+0000] {processor.py:914} INFO - Processing file /home/airflow/.local/lib/python3.12/site-packages/airflow/example_dags/example_branch_day_of_week_operator.py for tasks to queue
[2026-08-08T08:16:17.108+0000] {logging_mixin.py:190} INFO - [2026-08-08T08:16:17.108+0000] {dagbag.py:588} INFO - Filling up the DagBag from /home/airflow/.local/lib/python3.12/site-packages/airflow/example_dags/example_branch_day_of_week_operator.py
[2026-08-08T08:16:17.122+0000] {processor.py:925} INFO - DAG(s) 'example_weekday_branch_operator' retrieved from /home/airflow/.local/lib/python3.12/site-packages/airflow/example_dags/example_branch_day_of_week_operator.py
[2026-08-08T08:16:17.145+0000] {logging_mixin.py:190} INFO - [2026-08-08T08:16:17.145+0000] {dag.py:3239} INFO - Sync 1 DAGs
[2026-08-08T08:16:17.174+0000] {logging_mixin.py:190} INFO - [2026-08-08T08:16:17.173+0000] {dag.py:4180} INFO - Setting next_dagrun for example_weekday_branch_operator to 2026-08-07 00:00:00+00:00, run_after=2026-08-08 00:00:00+00:00
[2026-08-08T08:16:17.200+0000] {processor.py:208} INFO - Processing /home/airflow/.local/lib/python3.12/site-packages/airflow/example_dags/example_branch_day_of_week_operator.py took 0.105 seconds
[2026-08-08T08:16:49.133+0000] {processor.py:186} INFO - Started process (PID=10634) to work on /home/airflow/.local/lib/python3.12/site-packages/airflow/example_dags/example_branch_day_of_week_operator.py
[2026-08-08T08:16:49.135+0000] {processor.py:914} INFO - Processing file /home/airflow/.local/lib/python3.12/site-packages/airflow/example_dags/example_branch_day_of_week_operator.py for tasks to queue
[2026-08-08T08:16:49.137+0000] {logging_mixin.py:190} INFO - [2026-08-08T08:16:49.137+0000] {dagbag.py:588} INFO - Filling up the DagBag from /home/airflow/.local/lib/python3.12/site-packages/airflow/example_dags/example_branch_day_of_week_operator.py
[2026-08-08T08:16:49.148+0000] {processor.py:925} INFO - DAG(s) 'example_weekday_branch_operator' retrieved from /home/airflow/.local/lib/python3.12/site-packages/airflow/example_dags/example_branch_day_of_week_operator.py
[2026-08-08T08:16:49.167+0000] {logging_mixin.py:190} INFO - [2026-08-08T08:16:49.167+0000] {dag.py:3239} INFO - Sync 1 DAGs
[2026-08-08T08:16:49.193+0000] {logging_mixin.py:190} INFO - [2026-08-08T08:16:49.192+0000] {dag.py:4180} INFO - Setting next_dagrun for example_weekday_branch_operator to 2026-08-07 00:00:00+00:00, run_after=2026-08-08 00:00:00+00:00
[2026-08-08T08:16:49.212+0000] {processor.py:208} INFO - Processing /home/airflow/.local/lib/python3.12/site-packages/airflow/example_dags/example_branch_day_of_week_operator.py took 0.085 seconds
[2026-08-08T08:17:20.161+0000] {processor.py:186} INFO - Started process (PID=10699) to work on /home/airflow/.local/lib/python3.12/site-packages/airflow/example_dags/example_branch_day_of_week_operator.py
[2026-08-08T08:17:20.163+0000] {processor.py:914} INFO - Processing file /home/airflow/.local/lib/python3.12/site-packages/airflow/example_dags/example_branch_day_of_week_operator.py for tasks to queue
[2026-08-08T08:17:20.166+0000] {logging_mixin.py:190} INFO - [2026-08-08T08:17:20.165+0000] {dagbag.py:588} INFO - Filling up the DagBag from /home/airflow/.local/lib/python3.12/site-packages/airflow/example_dags/example_branch_day_of_week_operator.py
[2026-08-08T08:17:20.176+0000] {processor.py:925} INFO - DAG(s) 'example_weekday_branch_operator' retrieved from /home/airflow/.local/lib/python3.12/site-packages/airflow/example_dags/example_branch_day_of_week_operator.py
[2026-08-08T08:17:20.200+0000] {logging_mixin.py:190} INFO - [2026-08-08T08:17:20.200+0000] {dag.py:3239} INFO - Sync 1 DAGs
[2026-08-08T08:17:20.227+0000] {logging_mixin.py:190} INFO - [2026-08-08T08:17:20.226+0000] {dag.py:4180} INFO - Setting next_dagrun for example_weekday_branch_operator to 2026-08-07 00:00:00+00:00, run_after=2026-08-08 00:00:00+00:00
[2026-08-08T08:17:20.247+0000] {processor.py:208} INFO - Processing /home/airflow/.local/lib/python3.12/site-packages/airflow/example_dags/example_branch_day_of_week_operator.py took 0.092 seconds
[2026-08-08T08:17:50.773+0000] {processor.py:186} INFO - Started process (PID=10764) to work on /home/airflow/.local/lib/python3.12/site-packages/airflow/example_dags/example_branch_day_of_week_operator.py
[2026-08-08T08:17:50.775+0000] {processor.py:914} INFO - Processing file /home/airflow/.local/lib/python3.12/site-packages/airflow/example_dags/example_branch_day_of_week_operator.py for tasks to queue
[2026-08-08T08:17:50.778+0000] {logging_mixin.py:190} INFO - [2026-08-08T08:17:50.778+0000] {dagbag.py:588} INFO - Filling up the DagBag from /home/airflow/.local/lib/python3.12/site-packages/airflow/example_dags/example_branch_day_of_week_operator.py
[2026-08-08T08:17:50.791+0000] {processor.py:925} INFO - DAG(s) 'example_weekday_branch_operator' retrieved from /home/airflow/.local/lib/python3.12/site-packages/airflow/example_dags/example_branch_day_of_week_operator.py
[2026-08-08T08:17:50.817+0000] {logging_mixin.py:190} INFO - [2026-08-08T08:17:50.817+0000] {dag.py:3239} INFO - Sync 1 DAGs
[2026-08-08T08:17:50.845+0000] {logging_mixin.py:190} INFO - [2026-08-08T08:17:50.845+0000] {dag.py:4180} INFO - Setting next_dagrun for example_weekday_branch_operator to 2026-08-07 00:00:00+00:00, run_after=2026-08-08 00:00:00+00:00
[2026-08-08T08:17:50.867+0000] {processor.py:208} INFO - Processing /home/airflow/.local/lib/python3.12/site-packages/airflow/example_dags/example_branch_day_of_week_operator.py took 0.102 seconds
[2026-08-08T08:18:21.349+0000] {processor.py:186} INFO - Started process (PID=10829) to work on /home/airflow/.local/lib/python3.12/site-packages/airflow/example_dags/example_branch_day_of_week_operator.py
[2026-08-08T08:18:21.351+0000] {processor.py:914} INFO - Processing file /home/airflow/.local/lib/python3.12/site-packages/airflow/example_dags/example_branch_day_of_week_operator.py for tasks to queue
[2026-08-08T08:18:21.354+0000] {logging_mixin.py:190} INFO - [2026-08-08T08:18:21.353+0000] {dagbag.py:588} INFO - Filling up the DagBag from /home/airflow/.local/lib/python3.12/site-packages/airflow/example_dags/example_branch_day_of_week_operator.py
[2026-08-08T08:18:21.365+0000] {processor.py:925} INFO - DAG(s) 'example_weekday_branch_operator' retrieved from /home/airflow/.local/lib/python3.12/site-packages/airflow/example_dags/example_branch_day_of_week_operator.py
[2026-08-08T08:18:21.389+0000] {logging_mixin.py:190} INFO - [2026-08-08T08:18:21.389+0000] {dag.py:3239} INFO - Sync 1 DAGs
[2026-08-08T08:18:21.417+0000] {logging_mixin.py:190} INFO - [2026-08-08T08:18:21.417+0000] {dag.py:4180} INFO - Setting next_dagrun for example_weekday_branch_operator to 2026-08-07 00:00:00+00:00, run_after=2026-08-08 00:00:00+00:00
[2026-08-08T08:18:21.439+0000] {processor.py:208} INFO - Processing /home/airflow/.local/lib/python3.12/site-packages/airflow/example_dags/example_branch_day_of_week_operator.py took 0.096 seconds
[2026-08-08T08:18:52.092+0000] {processor.py:186} INFO - Started process (PID=10894) to work on /home/airflow/.local/lib/python3.12/site-packages/airflow/example_dags/example_branch_day_of_week_operator.py
[2026-08-08T08:18:52.094+0000] {processor.py:914} INFO - Processing file /home/airflow/.local/lib/python3.12/site-packages/airflow/example_dags/example_branch_day_of_week_operator.py for tasks to queue
[2026-08-08T08:18:52.098+0000] {logging_mixin.py:190} INFO - [2026-08-08T08:18:52.097+0000] {dagbag.py:588} INFO - Filling up the DagBag from /home/airflow/.local/lib/python3.12/site-packages/airflow/example_dags/example_branch_day_of_week_operator.py
[2026-08-08T08:18:52.112+0000] {processor.py:925} INFO - DAG(s) 'example_weekday_branch_operator' retrieved from /home/airflow/.local/lib/python3.12/site-packages/airflow/example_dags/example_branch_day_of_week_operator.py
[2026-08-08T08:18:52.138+0000] {logging_mixin.py:190} INFO - [2026-08-08T08:18:52.138+0000] {dag.py:3239} INFO - Sync 1 DAGs
[2026-08-08T08:18:52.164+0000] {logging_mixin.py:190} INFO - [2026-08-08T08:18:52.164+0000] {dag.py:4180} INFO - Setting next_dagrun for example_weekday_branch_operator to 2026-08-07 00:00:00+00:00, run_after=2026-08-08 00:00:00+00:00
[2026-08-08T08:18:52.187+0000] {processor.py:208} INFO - Processing /home/airflow/.local/lib/python3.12/site-packages/airflow/example_dags/example_branch_day_of_week_operator.py took 0.103 seconds
[2026-08-08T08:19:23.357+0000] {processor.py:186} INFO - Started process (PID=10959) to work on /home/airflow/.local/lib/python3.12/site-packages/airflow/example_dags/example_branch_day_of_week_operator.py
[2026-08-08T08:19:23.358+0000] {processor.py:914} INFO - Processing file /home/airflow/.local/lib/python3.12/site-packages/airflow/example_dags/example_branch_day_of_week_operator.py for tasks to queue
[2026-08-08T08:19:23.362+0000] {logging_mixin.py:190} INFO - [2026-08-08T08:19:23.361+0000] {dagbag.py:588} INFO - Filling up the DagBag from /home/airflow/.local/lib/python3.12/site-packages/airflow/example_dags/example_branch_day_of_week_operator.py
[2026-08-08T08:19:23.373+0000] {processor.py:925} INFO - DAG(s) 'example_weekday_branch_operator' retrieved from /home/airflow/.local/lib/python3.12/site-packages/airflow/example_dags/example_branch_day_of_week_operator.py
[2026-08-08T08:19:23.396+0000] {logging_mixin.py:190} INFO - [2026-08-08T08:19:23.396+0000] {dag.py:3239} INFO - Sync 1 DAGs
[2026-08-08T08:19:23.422+0000] {logging_mixin.py:190} INFO - [2026-08-08T08:19:23.422+0000] {dag.py:4180} INFO - Setting next_dagrun for example_weekday_branch_operator to 2026-08-07 00:00:00+00:00, run_after=2026-08-08 00:00:00+00:00
[2026-08-08T08:19:23.443+0000] {processor.py:208} INFO - Processing /home/airflow/.local/lib/python3.12/site-packages/airflow/example_dags/example_branch_day_of_week_operator.py took 0.092 seconds
[2026-08-08T08:19:55.079+0000] {processor.py:186} INFO - Started process (PID=11024) to work on /home/airflow/.local/lib/python3.12/site-packages/airflow/example_dags/example_branch_day_of_week_operator.py
[2026-08-08T08:19:55.080+0000] {processor.py:914} INFO - Processing file /home/airflow/.local/lib/python3.12/site-packages/airflow/example_dags/example_branch_day_of_week_operator.py for tasks to queue
[2026-08-08T08:19:55.083+0000] {logging_mixin.py:190} INFO - [2026-08-08T08:19:55.082+0000] {dagbag.py:588} INFO - Filling up the DagBag from /home/airflow/.local/lib/python3.12/site-packages/airflow/example_dags/example_branch_day_of_week_operator.py
[2026-08-08T08:19:55.094+0000] {processor.py:925} INFO - DAG(s) 'example_weekday_branch_operator' retrieved from /home/airflow/.local/lib/python3.12/site-packages/airflow/example_dags/example_branch_day_of_week_operator.py
[2026-08-08T08:19:55.116+0000] {logging_mixin.py:190} INFO - [2026-08-08T08:19:55.115+0000] {dag.py:3239} INFO - Sync 1 DAGs
[2026-08-08T08:19:55.146+0000] {logging_mixin.py:190} INFO - [2026-08-08T08:19:55.146+0000] {dag.py:4180} INFO - Setting next_dagrun for example_weekday_branch_operator to 2026-08-07 00:00:00+00:00, run_after=2026-08-08 00:00:00+00:00
[2026-08-08T08:19:55.167+0000] {processor.py:208} INFO - Processing /home/airflow/.local/lib/python3.12/site-packages/airflow/example_dags/example_branch_day_of_week_operator.py took 0.094 seconds
[2026-08-08T08:20:26.383+0000] {processor.py:186} INFO - Started process (PID=11089) to work on /home/airflow/.local/lib/python3.12/site-packages/airflow/example_dags/example_branch_day_of_week_operator.py
[2026-08-08T08:20:26.384+0000] {processor.py:914} INFO - Processing file /home/airflow/.local/lib/python3.12/site-packages/airflow/example_dags/example_branch_day_of_week_operator.py for tasks to queue
[2026-08-08T08:20:26.387+0000] {logging_mixin.py:190} INFO - [2026-08-08T08:20:26.386+0000] {dagbag.py:588} INFO - Filling up the DagBag from /home/airflow/.local/lib/python3.12/site-packages/airflow/example_dags/example_branch_day_of_week_operator.py
[2026-08-08T08:20:26.397+0000] {processor.py:925} INFO - DAG(s) 'example_weekday_branch_operator' retrieved from /home/airflow/.local/lib/python3.12/site-packages/airflow/example_dags/example_branch_day_of_week_operator.py
[2026-08-08T08:20:26.417+0000] {logging_mixin.py:190} INFO - [2026-08-08T08:20:26.417+0000] {dag.py:3239} INFO - Sync 1 DAGs
[2026-08-08T08:20:26.443+0000] {logging_mixin.py:190} INFO - [2026-08-08T08:20:26.443+0000] {dag.py:4180} INFO - Setting next_dagrun for example_weekday_branch_operator to 2026-08-07 00:00:00+00:00, run_after=2026-08-08 00:00:00+00:00
[2026-08-08T08:20:26.463+0000] {processor.py:208} INFO - Processing /home/airflow/.local/lib/python3.12/site-packages/airflow/example_dags/example_branch_day_of_week_operator.py took 0.087 seconds
[2026-08-08T08:20:57.898+0000] {processor.py:186} INFO - Started process (PID=11154) to work on /home/airflow/.local/lib/python3.12/site-packages/airflow/example_dags/example_branch_day_of_week_operator.py
[2026-08-08T08:20:57.900+0000] {processor.py:914} INFO - Processing file /home/airflow/.local/lib/python3.12/site-packages/airflow/example_dags/example_branch_day_of_week_operator.py for tasks to queue
[2026-08-08T08:20:57.902+0000] {logging_mixin.py:190} INFO - [2026-08-08T08:20:57.902+0000] {dagbag.py:588} INFO - Filling up the DagBag from /home/airflow/.local/lib/python3.12/site-packages/airflow/example_dags/example_branch_day_of_week_operator.py
[2026-08-08T08:20:57.913+0000] {processor.py:925} INFO - DAG(s) 'example_weekday_branch_operator' retrieved from /home/airflow/.local/lib/python3.12/site-packages/airflow/example_dags/example_branch_day_of_week_operator.py
[2026-08-08T08:20:57.938+0000] {logging_mixin.py:190} INFO - [2026-08-08T08:20:57.938+0000] {dag.py:3239} INFO - Sync 1 DAGs
[2026-08-08T08:20:57.971+0000] {logging_mixin.py:190} INFO - [2026-08-08T08:20:57.971+0000] {dag.py:4180} INFO - Setting next_dagrun for example_weekday_branch_operator to 2026-08-07 00:00:00+00:00, run_after=2026-08-08 00:00:00+00:00
[2026-08-08T08:20:57.997+0000] {processor.py:208} INFO - Processing /home/airflow/.local/lib/python3.12/site-packages/airflow/example_dags/example_branch_day_of_week_operator.py took 0.105 seconds
[2026-08-08T08:21:28.645+0000] {processor.py:186} INFO - Started process (PID=11219) to work on /home/airflow/.local/lib/python3.12/site-packages/airflow/example_dags/example_branch_day_of_week_operator.py
[2026-08-08T08:21:28.646+0000] {processor.py:914} INFO - Processing file /home/airflow/.local/lib/python3.12/site-packages/airflow/example_dags/example_branch_day_of_week_operator.py for tasks to queue
[2026-08-08T08:21:28.649+0000] {logging_mixin.py:190} INFO - [2026-08-08T08:21:28.649+0000] {dagbag.py:588} INFO - Filling up the DagBag from /home/airflow/.local/lib/python3.12/site-packages/airflow/example_dags/example_branch_day_of_week_operator.py
[2026-08-08T08:21:28.662+0000] {processor.py:925} INFO - DAG(s) 'example_weekday_branch_operator' retrieved from /home/airflow/.local/lib/python3.12/site-packages/airflow/example_dags/example_branch_day_of_week_operator.py
[2026-08-08T08:21:28.684+0000] {logging_mixin.py:190} INFO - [2026-08-08T08:21:28.683+0000] {dag.py:3239} INFO - Sync 1 DAGs
[2026-08-08T08:21:28.716+0000] {logging_mixin.py:190} INFO - [2026-08-08T08:21:28.715+0000] {dag.py:4180} INFO - Setting next_dagrun for example_weekday_branch_operator to 2026-08-07 00:00:00+00:00, run_after=2026-08-08 00:00:00+00:00
[2026-08-08T08:21:28.737+0000] {processor.py:208} INFO - Processing /home/airflow/.local/lib/python3.12/site-packages/airflow/example_dags/example_branch_day_of_week_operator.py took 0.099 seconds
[2026-08-08T08:22:00.114+0000] {processor.py:186} INFO - Started process (PID=11284) to work on /home/airflow/.local/lib/python3.12/site-packages/airflow/example_dags/example_branch_day_of_week_operator.py
[2026-08-08T08:22:00.115+0000] {processor.py:914} INFO - Processing file /home/airflow/.local/lib/python3.12/site-packages/airflow/example_dags/example_branch_day_of_week_operator.py for tasks to queue
[2026-08-08T08:22:00.118+0000] {logging_mixin.py:190} INFO - [2026-08-08T08:22:00.118+0000] {dagbag.py:588} INFO - Filling up the DagBag from /home/airflow/.local/lib/python3.12/site-packages/airflow/example_dags/example_branch_day_of_week_operator.py
[2026-08-08T08:22:00.132+0000] {processor.py:925} INFO - DAG(s) 'example_weekday_branch_operator' retrieved from /home/airflow/.local/lib/python3.12/site-packages/airflow/example_dags/example_branch_day_of_week_operator.py
[2026-08-08T08:22:00.154+0000] {logging_mixin.py:190} INFO - [2026-08-08T08:22:00.153+0000] {dag.py:3239} INFO - Sync 1 DAGs
[2026-08-08T08:22:00.181+0000] {logging_mixin.py:190} INFO - [2026-08-08T08:22:00.180+0000] {dag.py:4180} INFO - Setting next_dagrun for example_weekday_branch_operator to 2026-08-07 00:00:00+00:00, run_after=2026-08-08 00:00:00+00:00
[2026-08-08T08:22:00.199+0000] {processor.py:208} INFO - Processing /home/airflow/.local/lib/python3.12/site-packages/airflow/example_dags/example_branch_day_of_week_operator.py took 0.092 seconds
[2026-08-08T08:22:31.328+0000] {processor.py:186} INFO - Started process (PID=11349) to work on /home/airflow/.local/lib/python3.12/site-packages/airflow/example_dags/example_branch_day_of_week_operator.py
[2026-08-08T08:22:31.329+0000] {processor.py:914} INFO - Processing file /home/airflow/.local/lib/python3.12/site-packages/airflow/example_dags/example_branch_day_of_week_operator.py for tasks to queue
[2026-08-08T08:22:31.333+0000] {logging_mixin.py:190} INFO - [2026-08-08T08:22:31.333+0000] {dagbag.py:588} INFO - Filling up the DagBag from /home/airflow/.local/lib/python3.12/site-packages/airflow/example_dags/example_branch_day_of_week_operator.py
[2026-08-08T08:22:31.347+0000] {processor.py:925} INFO - DAG(s) 'example_weekday_branch_operator' retrieved from /home/airflow/.local/lib/python3.12/site-packages/airflow/example_dags/example_branch_day_of_week_operator.py
[2026-08-08T08:22:31.377+0000] {logging_mixin.py:190} INFO - [2026-08-08T08:22:31.377+0000] {dag.py:3239} INFO - Sync 1 DAGs
[2026-08-08T08:22:31.410+0000] {logging_mixin.py:190} INFO - [2026-08-08T08:22:31.410+0000] {dag.py:4180} INFO - Setting next_dagrun for example_weekday_branch_operator to 2026-08-07 00:00:00+00:00, run_after=2026-08-08 00:00:00+00:00
[2026-08-08T08:22:31.431+0000] {processor.py:208} INFO - Processing /home/airflow/.local/lib/python3.12/site-packages/airflow/example_dags/example_branch_day_of_week_operator.py took 0.111 seconds
[2026-08-08T08:23:02.800+0000] {processor.py:186} INFO - Started process (PID=11414) to work on /home/airflow/.local/lib/python3.12/site-packages/airflow/example_dags/example_branch_day_of_week_operator.py
[2026-08-08T08:23:02.802+0000] {processor.py:914} INFO - Processing file /home/airflow/.local/lib/python3.12/site-packages/airflow/example_dags/example_branch_day_of_week_operator.py for tasks to queue
[2026-08-08T08:23:02.805+0000] {logging_mixin.py:190} INFO - [2026-08-08T08:23:02.805+0000] {dagbag.py:588} INFO - Filling up the DagBag from /home/airflow/.local/lib/python3.12/site-packages/airflow/example_dags/example_branch_day_of_week_operator.py
[2026-08-08T08:23:02.817+0000] {processor.py:925} INFO - DAG(s) 'example_weekday_branch_operator' retrieved from /home/airflow/.local/lib/python3.12/site-packages/airflow/example_dags/example_branch_day_of_week_operator.py
[2026-08-08T08:23:02.844+0000] {logging_mixin.py:190} INFO - [2026-08-08T08:23:02.844+0000] {dag.py:3239} INFO - Sync 1 DAGs
[2026-08-08T08:23:02.876+0000] {logging_mixin.py:190} INFO - [2026-08-08T08:23:02.875+0000] {dag.py:4180} INFO - Setting next_dagrun for example_weekday_branch_operator to 2026-08-07 00:00:00+00:00, run_after=2026-08-08 00:00:00+00:00
[2026-08-08T08:23:02.906+0000] {processor.py:208} INFO - Processing /home/airflow/.local/lib/python3.12/site-packages/airflow/example_dags/example_branch_day_of_week_operator.py took 0.112 seconds
[2026-08-08T08:23:33.869+0000] {processor.py:186} INFO - Started process (PID=11479) to work on /home/airflow/.local/lib/python3.12/site-packages/airflow/example_dags/example_branch_day_of_week_operator.py
[2026-08-08T08:23:33.871+0000] {processor.py:914} INFO - Processing file /home/airflow/.local/lib/python3.12/site-packages/airflow/example_dags/example_branch_day_of_week_operator.py for tasks to queue
[2026-08-08T08:23:33.874+0000] {logging_mixin.py:190} INFO - [2026-08-08T08:23:33.874+0000] {dagbag.py:588} INFO - Filling up the DagBag from /home/airflow/.local/lib/python3.12/site-packages/airflow/example_dags/example_branch_day_of_week_operator.py
[2026-08-08T08:23:33.888+0000] {processor.py:925} INFO - DAG(s) 'example_weekday_branch_operator' retrieved from /home/airflow/.local/lib/python3.12/site-packages/airflow/example_dags/example_branch_day_of_week_operator.py
[2026-08-08T08:23:33.911+0000] {logging_mixin.py:190} INFO - [2026-08-08T08:23:33.911+0000] {dag.py:3239} INFO - Sync 1 DAGs
[2026-08-08T08:23:33.938+0000] {logging_mixin.py:190} INFO - [2026-08-08T08:23:33.938+0000] {dag.py:4180} INFO - Setting next_dagrun for example_weekday_branch_operator to 2026-08-07 00:00:00+00:00, run_after=2026-08-08 00:00:00+00:00
[2026-08-08T08:23:33.960+0000] {processor.py:208} INFO - Processing /home/airflow/.local/lib/python3.12/site-packages/airflow/example_dags/example_branch_day_of_week_operator.py took 0.098 seconds
[2026-08-08T08:24:05.169+0000] {processor.py:186} INFO - Started process (PID=11544) to work on /home/airflow/.local/lib/python3.12/site-packages/airflow/example_dags/example_branch_day_of_week_operator.py
[2026-08-08T08:24:05.170+0000] {processor.py:914} INFO - Processing file /home/airflow/.local/lib/python3.12/site-packages/airflow/example_dags/example_branch_day_of_week_operator.py for tasks to queue
[2026-08-08T08:24:05.173+0000] {logging_mixin.py:190} INFO - [2026-08-08T08:24:05.173+0000] {dagbag.py:588} INFO - Filling up the DagBag from /home/airflow/.local/lib/python3.12/site-packages/airflow/example_dags/example_branch_day_of_week_operator.py
[2026-08-08T08:24:05.183+0000] {processor.py:925} INFO - DAG(s) 'example_weekday_branch_operator' retrieved from /home/airflow/.local/lib/python3.12/site-packages/airflow/example_dags/example_branch_day_of_week_operator.py
[2026-08-08T08:24:05.204+0000] {logging_mixin.py:190} INFO - [2026-08-08T08:24:05.204+0000] {dag.py:3239} INFO - Sync 1 DAGs
[2026-08-08T08:24:05.231+0000] {logging_mixin.py:190} INFO - [2026-08-08T08:24:05.231+0000] {dag.py:4180} INFO - Setting next_dagrun for example_weekday_branch_operator to 2026-08-07 00:00:00+00:00, run_after=2026-08-08 00:00:00+00:00
[2026-08-08T08:24:05.253+0000] {processor.py:208} INFO - Processing /home/airflow/.local/lib/python3.12/site-packages/airflow/example_dags/example_branch_day_of_week_operator.py took 0.089 seconds
[2026-08-08T08:24:36.253+0000] {processor.py:186} INFO - Started process (PID=11609) to work on /home/airflow/.local/lib/python3.12/site-packages/airflow/example_dags/example_branch_day_of_week_operator.py
[2026-08-08T08:24:36.255+0000] {processor.py:914} INFO - Processing file /home/airflow/.local/lib/python3.12/site-packages/airflow/example_dags/example_branch_day_of_week_operator.py for tasks to queue
[2026-08-08T08:24:36.259+0000] {logging_mixin.py:190} INFO - [2026-08-08T08:24:36.258+0000] {dagbag.py:588} INFO - Filling up the DagBag from /home/airflow/.local/lib/python3.12/site-packages/airflow/example_dags/example_branch_day_of_week_operator.py
[2026-08-08T08:24:36.275+0000] {processor.py:925} INFO - DAG(s) 'example_weekday_branch_operator' retrieved from /home/airflow/.local/lib/python3.12/site-packages/airflow/example_dags/example_branch_day_of_week_operator.py
[2026-08-08T08:24:36.303+0000] {logging_mixin.py:190} INFO - [2026-08-08T08:24:36.303+0000] {dag.py:3239} INFO - Sync 1 DAGs
[2026-08-08T08:24:36.331+0000] {logging_mixin.py:190} INFO - [2026-08-08T08:24:36.331+0000] {dag.py:4180} INFO - Setting next_dagrun for example_weekday_branch_operator to 2026-08-07 00:00:00+00:00, run_after=2026-08-08 00:00:00+00:00
[2026-08-08T08:24:36.353+0000] {processor.py:208} INFO - Processing /home/airflow/.local/lib/python3.12/site-packages/airflow/example_dags/example_branch_day_of_week_operator.py took 0.109 seconds
[2026-08-08T08:25:07.554+0000] {processor.py:186} INFO - Started process (PID=11674) to work on /home/airflow/.local/lib/python3.12/site-packages/airflow/example_dags/example_branch_day_of_week_operator.py
[2026-08-08T08:25:07.556+0000] {processor.py:914} INFO - Processing file /home/airflow/.local/lib/python3.12/site-packages/airflow/example_dags/example_branch_day_of_week_operator.py for tasks to queue
[2026-08-08T08:25:07.559+0000] {logging_mixin.py:190} INFO - [2026-08-08T08:25:07.558+0000] {dagbag.py:588} INFO - Filling up the DagBag from /home/airflow/.local/lib/python3.12/site-packages/airflow/example_dags/example_branch_day_of_week_operator.py
[2026-08-08T08:25:07.570+0000] {processor.py:925} INFO - DAG(s) 'example_weekday_branch_operator' retrieved from /home/airflow/.local/lib/python3.12/site-packages/airflow/example_dags/example_branch_day_of_week_operator.py
[2026-08-08T08:25:07.593+0000] {logging_mixin.py:190} INFO - [2026-08-08T08:25:07.593+0000] {dag.py:3239} INFO - Sync 1 DAGs
[2026-08-08T08:25:07.622+0000] {logging_mixin.py:190} INFO - [2026-08-08T08:25:07.622+0000] {dag.py:4180} INFO - Setting next_dagrun for example_weekday_branch_operator to 2026-08-07 00:00:00+00:00, run_after=2026-08-08 00:00:00+00:00
[2026-08-08T08:25:07.643+0000] {processor.py:208} INFO - Processing /home/airflow/.local/lib/python3.12/site-packages/airflow/example_dags/example_branch_day_of_week_operator.py took 0.095 seconds
[2026-08-08T08:25:38.828+0000] {processor.py:186} INFO - Started process (PID=11739) to work on /home/airflow/.local/lib/python3.12/site-packages/airflow/example_dags/example_branch_day_of_week_operator.py
[2026-08-08T08:25:38.829+0000] {processor.py:914} INFO - Processing file /home/airflow/.local/lib/python3.12/site-packages/airflow/example_dags/example_branch_day_of_week_operator.py for tasks to queue
[2026-08-08T08:25:38.832+0000] {logging_mixin.py:190} INFO - [2026-08-08T08:25:38.832+0000] {dagbag.py:588} INFO - Filling up the DagBag from /home/airflow/.local/lib/python3.12/site-packages/airflow/example_dags/example_branch_day_of_week_operator.py
[2026-08-08T08:25:38.843+0000] {processor.py:925} INFO - DAG(s) 'example_weekday_branch_operator' retrieved from /home/airflow/.local/lib/python3.12/site-packages/airflow/example_dags/example_branch_day_of_week_operator.py
[2026-08-08T08:25:38.864+0000] {logging_mixin.py:190} INFO - [2026-08-08T08:25:38.864+0000] {dag.py:3239} INFO - Sync 1 DAGs
[2026-08-08T08:25:38.889+0000] {logging_mixin.py:190} INFO - [2026-08-08T08:25:38.889+0000] {dag.py:4180} INFO - Setting next_dagrun for example_weekday_branch_operator to 2026-08-07 00:00:00+00:00, run_after=2026-08-08 00:00:00+00:00
[2026-08-08T08:25:38.911+0000] {processor.py:208} INFO - Processing /home/airflow/.local/lib/python3.12/site-packages/airflow/example_dags/example_branch_day_of_week_operator.py took 0.089 seconds
[2026-08-08T08:26:09.816+0000] {processor.py:186} INFO - Started process (PID=11804) to work on /home/airflow/.local/lib/python3.12/site-packages/airflow/example_dags/example_branch_day_of_week_operator.py
[2026-08-08T08:26:09.817+0000] {processor.py:914} INFO - Processing file /home/airflow/.local/lib/python3.12/site-packages/airflow/example_dags/example_branch_day_of_week_operator.py for tasks to queue
[2026-08-08T08:26:09.820+0000] {logging_mixin.py:190} INFO - [2026-08-08T08:26:09.820+0000] {dagbag.py:588} INFO - Filling up the DagBag from /home/airflow/.local/lib/python3.12/site-packages/airflow/example_dags/example_branch_day_of_week_operator.py
[2026-08-08T08:26:09.833+0000] {processor.py:925} INFO - DAG(s) 'example_weekday_branch_operator' retrieved from /home/airflow/.local/lib/python3.12/site-packages/airflow/example_dags/example_branch_day_of_week_operator.py
[2026-08-08T08:26:09.855+0000] {logging_mixin.py:190} INFO - [2026-08-08T08:26:09.855+0000] {dag.py:3239} INFO - Sync 1 DAGs
[2026-08-08T08:26:09.880+0000] {logging_mixin.py:190} INFO - [2026-08-08T08:26:09.880+0000] {dag.py:4180} INFO - Setting next_dagrun for example_weekday_branch_operator to 2026-08-07 00:00:00+00:00, run_after=2026-08-08 00:00:00+00:00
[2026-08-08T08:26:09.900+0000] {processor.py:208} INFO - Processing /home/airflow/.local/lib/python3.12/site-packages/airflow/example_dags/example_branch_day_of_week_operator.py took 0.090 seconds
[2026-08-08T08:26:40.971+0000] {processor.py:186} INFO - Started process (PID=11877) to work on /home/airflow/.local/lib/python3.12/site-packages/airflow/example_dags/example_branch_day_of_week_operator.py
[2026-08-08T08:26:40.972+0000] {processor.py:914} INFO - Processing file /home/airflow/.local/lib/python3.12/site-packages/airflow/example_dags/example_branch_day_of_week_operator.py for tasks to queue
[2026-08-08T08:26:40.976+0000] {logging_mixin.py:190} INFO - [2026-08-08T08:26:40.975+0000] {dagbag.py:588} INFO - Filling up the DagBag from /home/airflow/.local/lib/python3.12/site-packages/airflow/example_dags/example_branch_day_of_week_operator.py
[2026-08-08T08:26:40.988+0000] {processor.py:925} INFO - DAG(s) 'example_weekday_branch_operator' retrieved from /home/airflow/.local/lib/python3.12/site-packages/airflow/example_dags/example_branch_day_of_week_operator.py
[2026-08-08T08:26:41.014+0000] {logging_mixin.py:190} INFO - [2026-08-08T08:26:41.013+0000] {dag.py:3239} INFO - Sync 1 DAGs
[2026-08-08T08:26:41.041+0000] {logging_mixin.py:190} INFO - [2026-08-08T08:26:41.041+0000] {dag.py:4180} INFO - Setting next_dagrun for example_weekday_branch_operator to 2026-08-07 00:00:00+00:00, run_after=2026-08-08 00:00:00+00:00
[2026-08-08T08:26:41.062+0000] {processor.py:208} INFO - Processing /home/airflow/.local/lib/python3.12/site-packages/airflow/example_dags/example_branch_day_of_week_operator.py took 0.100 seconds
[2026-08-08T08:27:12.381+0000] {processor.py:186} INFO - Started process (PID=11947) to work on /home/airflow/.local/lib/python3.12/site-packages/airflow/example_dags/example_branch_day_of_week_operator.py
[2026-08-08T08:27:12.382+0000] {processor.py:914} INFO - Processing file /home/airflow/.local/lib/python3.12/site-packages/airflow/example_dags/example_branch_day_of_week_operator.py for tasks to queue
[2026-08-08T08:27:12.385+0000] {logging_mixin.py:190} INFO - [2026-08-08T08:27:12.385+0000] {dagbag.py:588} INFO - Filling up the DagBag from /home/airflow/.local/lib/python3.12/site-packages/airflow/example_dags/example_branch_day_of_week_operator.py
[2026-08-08T08:27:12.396+0000] {processor.py:925} INFO - DAG(s) 'example_weekday_branch_operator' retrieved from /home/airflow/.local/lib/python3.12/site-packages/airflow/example_dags/example_branch_day_of_week_operator.py
[2026-08-08T08:27:12.417+0000] {logging_mixin.py:190} INFO - [2026-08-08T08:27:12.417+0000] {dag.py:3239} INFO - Sync 1 DAGs
[2026-08-08T08:27:12.446+0000] {logging_mixin.py:190} INFO - [2026-08-08T08:27:12.446+0000] {dag.py:4180} INFO - Setting next_dagrun for example_weekday_branch_operator to 2026-08-07 00:00:00+00:00, run_after=2026-08-08 00:00:00+00:00
[2026-08-08T08:27:12.466+0000] {processor.py:208} INFO - Processing /home/airflow/.local/lib/python3.12/site-packages/airflow/example_dags/example_branch_day_of_week_operator.py took 0.093 seconds
[2026-08-08T08:27:43.402+0000] {processor.py:186} INFO - Started process (PID=12012) to work on /home/airflow/.local/lib/python3.12/site-packages/airflow/example_dags/example_branch_day_of_week_operator.py
[2026-08-08T08:27:43.403+0000] {processor.py:914} INFO - Processing file /home/airflow/.local/lib/python3.12/site-packages/airflow/example_dags/example_branch_day_of_week_operator.py for tasks to queue
[2026-08-08T08:27:43.406+0000] {logging_mixin.py:190} INFO - [2026-08-08T08:27:43.406+0000] {dagbag.py:588} INFO - Filling up the DagBag from /home/airflow/.local/lib/python3.12/site-packages/airflow/example_dags/example_branch_day_of_week_operator.py
[2026-08-08T08:27:43.416+0000] {processor.py:925} INFO - DAG(s) 'example_weekday_branch_operator' retrieved from /home/airflow/.local/lib/python3.12/site-packages/airflow/example_dags/example_branch_day_of_week_operator.py
[2026-08-08T08:27:43.436+0000] {logging_mixin.py:190} INFO - [2026-08-08T08:27:43.436+0000] {dag.py:3239} INFO - Sync 1 DAGs
[2026-08-08T08:27:43.461+0000] {logging_mixin.py:190} INFO - [2026-08-08T08:27:43.461+0000] {dag.py:4180} INFO - Setting next_dagrun for example_weekday_branch_operator to 2026-08-07 00:00:00+00:00, run_after=2026-08-08 00:00:00+00:00
[2026-08-08T08:27:43.481+0000] {processor.py:208} INFO - Processing /home/airflow/.local/lib/python3.12/site-packages/airflow/example_dags/example_branch_day_of_week_operator.py took 0.085 seconds
[2026-08-08T08:28:14.923+0000] {processor.py:186} INFO - Started process (PID=12088) to work on /home/airflow/.local/lib/python3.12/site-packages/airflow/example_dags/example_branch_day_of_week_operator.py
[2026-08-08T08:28:14.924+0000] {processor.py:914} INFO - Processing file /home/airflow/.local/lib/python3.12/site-packages/airflow/example_dags/example_branch_day_of_week_operator.py for tasks to queue
[2026-08-08T08:28:14.927+0000] {logging_mixin.py:190} INFO - [2026-08-08T08:28:14.927+0000] {dagbag.py:588} INFO - Filling up the DagBag from /home/airflow/.local/lib/python3.12/site-packages/airflow/example_dags/example_branch_day_of_week_operator.py
[2026-08-08T08:28:14.941+0000] {processor.py:925} INFO - DAG(s) 'example_weekday_branch_operator' retrieved from /home/airflow/.local/lib/python3.12/site-packages/airflow/example_dags/example_branch_day_of_week_operator.py
[2026-08-08T08:28:14.961+0000] {logging_mixin.py:190} INFO - [2026-08-08T08:28:14.961+0000] {dag.py:3239} INFO - Sync 1 DAGs
[2026-08-08T08:28:14.988+0000] {logging_mixin.py:190} INFO - [2026-08-08T08:28:14.988+0000] {dag.py:4180} INFO - Setting next_dagrun for example_weekday_branch_operator to 2026-08-07 00:00:00+00:00, run_after=2026-08-08 00:00:00+00:00
[2026-08-08T08:28:15.007+0000] {processor.py:208} INFO - Processing /home/airflow/.local/lib/python3.12/site-packages/airflow/example_dags/example_branch_day_of_week_operator.py took 0.090 seconds
[2026-08-08T08:28:45.876+0000] {processor.py:186} INFO - Started process (PID=12153) to work on /home/airflow/.local/lib/python3.12/site-packages/airflow/example_dags/example_branch_day_of_week_operator.py
[2026-08-08T08:28:45.877+0000] {processor.py:914} INFO - Processing file /home/airflow/.local/lib/python3.12/site-packages/airflow/example_dags/example_branch_day_of_week_operator.py for tasks to queue
[2026-08-08T08:28:45.880+0000] {logging_mixin.py:190} INFO - [2026-08-08T08:28:45.879+0000] {dagbag.py:588} INFO - Filling up the DagBag from /home/airflow/.local/lib/python3.12/site-packages/airflow/example_dags/example_branch_day_of_week_operator.py
[2026-08-08T08:28:45.890+0000] {processor.py:925} INFO - DAG(s) 'example_weekday_branch_operator' retrieved from /home/airflow/.local/lib/python3.12/site-packages/airflow/example_dags/example_branch_day_of_week_operator.py
[2026-08-08T08:28:45.910+0000] {logging_mixin.py:190} INFO - [2026-08-08T08:28:45.910+0000] {dag.py:3239} INFO - Sync 1 DAGs
[2026-08-08T08:28:45.938+0000] {logging_mixin.py:190} INFO - [2026-08-08T08:28:45.938+0000] {dag.py:4180} INFO - Setting next_dagrun for example_weekday_branch_operator to 2026-08-07 00:00:00+00:00, run_after=2026-08-08 00:00:00+00:00
[2026-08-08T08:28:45.959+0000] {processor.py:208} INFO - Processing /home/airflow/.local/lib/python3.12/site-packages/airflow/example_dags/example_branch_day_of_week_operator.py took 0.090 seconds
[2026-08-08T08:29:16.700+0000] {processor.py:186} INFO - Started process (PID=12218) to work on /home/airflow/.local/lib/python3.12/site-packages/airflow/example_dags/example_branch_day_of_week_operator.py
[2026-08-08T08:29:16.701+0000] {processor.py:914} INFO - Processing file /home/airflow/.local/lib/python3.12/site-packages/airflow/example_dags/example_branch_day_of_week_operator.py for tasks to queue
[2026-08-08T08:29:16.705+0000] {logging_mixin.py:190} INFO - [2026-08-08T08:29:16.705+0000] {dagbag.py:588} INFO - Filling up the DagBag from /home/airflow/.local/lib/python3.12/site-packages/airflow/example_dags/example_branch_day_of_week_operator.py
[2026-08-08T08:29:16.716+0000] {processor.py:925} INFO - DAG(s) 'example_weekday_branch_operator' retrieved from /home/airflow/.local/lib/python3.12/site-packages/airflow/example_dags/example_branch_day_of_week_operator.py
[2026-08-08T08:29:16.740+0000] {logging_mixin.py:190} INFO - [2026-08-08T08:29:16.739+0000] {dag.py:3239} INFO - Sync 1 DAGs
[2026-08-08T08:29:16.770+0000] {logging_mixin.py:190} INFO - [2026-08-08T08:29:16.770+0000] {dag.py:4180} INFO - Setting next_dagrun for example_weekday_branch_operator to 2026-08-07 00:00:00+00:00, run_after=2026-08-08 00:00:00+00:00
[2026-08-08T08:29:16.791+0000] {processor.py:208} INFO - Processing /home/airflow/.local/lib/python3.12/site-packages/airflow/example_dags/example_branch_day_of_week_operator.py took 0.097 seconds
[2026-08-08T08:29:48.060+0000] {processor.py:186} INFO - Started process (PID=12284) to work on /home/airflow/.local/lib/python3.12/site-packages/airflow/example_dags/example_branch_day_of_week_operator.py
[2026-08-08T08:29:48.062+0000] {processor.py:914} INFO - Processing file /home/airflow/.local/lib/python3.12/site-packages/airflow/example_dags/example_branch_day_of_week_operator.py for tasks to queue
[2026-08-08T08:29:48.065+0000] {logging_mixin.py:190} INFO - [2026-08-08T08:29:48.064+0000] {dagbag.py:588} INFO - Filling up the DagBag from /home/airflow/.local/lib/python3.12/site-packages/airflow/example_dags/example_branch_day_of_week_operator.py
[2026-08-08T08:29:48.076+0000] {processor.py:925} INFO - DAG(s) 'example_weekday_branch_operator' retrieved from /home/airflow/.local/lib/python3.12/site-packages/airflow/example_dags/example_branch_day_of_week_operator.py
[2026-08-08T08:29:48.097+0000] {logging_mixin.py:190} INFO - [2026-08-08T08:29:48.097+0000] {dag.py:3239} INFO - Sync 1 DAGs
[2026-08-08T08:29:48.122+0000] {logging_mixin.py:190} INFO - [2026-08-08T08:29:48.121+0000] {dag.py:4180} INFO - Setting next_dagrun for example_weekday_branch_operator to 2026-08-07 00:00:00+00:00, run_after=2026-08-08 00:00:00+00:00
[2026-08-08T08:29:48.143+0000] {processor.py:208} INFO - Processing /home/airflow/.local/lib/python3.12/site-packages/airflow/example_dags/example_branch_day_of_week_operator.py took 0.089 seconds
